2026-05-23T07:29:22.698444Z	debug	debounce	resetting maxSilentCurrent. updated: 1s	id=0ae90c02
2026-05-23T07:29:22.698426Z	debug	debounce	notify cbk invoked	id=c8a91734
2026-05-23T07:29:22.698473Z	debug	debounce	notify cbk invoked	id=350e9435
2026-05-23T07:29:22.698512Z	debug	debounce	notify cbk returned	id=c8a91734
2026-05-23T07:29:22.698516Z	debug	debounce	Applying exponential step-up. maxSilentCurrent updated to: 4s	id=c8a91734
2026-05-23T07:29:22.698534Z	info	cluster-state	processClusterStateChangeEvents: cluster-eventid: 2026-05-23 07:29:19.936699677 +0000 UTC m=+95187.683088548 and 0 more, queue length: 0, reasons: config,, forceConfigRegenReasons: map[], resources: []
2026-05-23T07:29:22.698537Z	debug	cluster-state	handleClusterStateChangedEvent: Trigger reasons: config,, Forced translation: map[], Resources: []
2026-05-23T07:29:22.698546Z	debug	config-status	Explanation of the decision flow for the Config Status of "networking.istio.io/EnvoyFilter" "global-forward-xfcc-15443" version ""
Q: Is the config type "networking.istio.io/v1alpha3/EnvoyFilter" supported by XCP?
A: Yes
Q: Is it an internal config of XCP?
A: Yes
Verdict: Config Status is NOT reported since it's an internal config of XCP
Config Status:
```yaml
---
null
```

2026-05-23T07:29:22.698554Z	debug	cluster-gen	istioServices: 9
2026-05-23T07:29:22.698555Z	debug	config-status	Explanation of the decision flow for the Config Status of "networking.istio.io/EnvoyFilter" "global-gw-best-practice" version ""
Q: Is the config type "networking.istio.io/v1alpha3/EnvoyFilter" supported by XCP?
A: Yes
Q: Is it an internal config of XCP?
A: Yes
Verdict: Config Status is NOT reported since it's an internal config of XCP
Config Status:
```yaml
---
null
```

2026-05-23T07:29:22.698561Z	debug	config-status	Explanation of the decision flow for the Config Status of "networking.istio.io/EnvoyFilter" "global-mx-downstream-egress-gateway-filter" version ""
Q: Is the config type "networking.istio.io/v1alpha3/EnvoyFilter" supported by XCP?
A: Yes
Q: Is it an internal config of XCP?
A: Yes
Verdict: Config Status is NOT reported since it's an internal config of XCP
Config Status:
```yaml
---
null
```

2026-05-23T07:29:22.698564Z	debug	config-status	Explanation of the decision flow for the Config Status of "networking.istio.io/EnvoyFilter" "global-mx-downstream-gateway-filter" version ""
Q: Is the config type "networking.istio.io/v1alpha3/EnvoyFilter" supported by XCP?
A: Yes
Q: Is it an internal config of XCP?
A: Yes
Verdict: Config Status is NOT reported since it's an internal config of XCP
Config Status:
```yaml
---
null
```

2026-05-23T07:29:22.698569Z	debug	config-status	Explanation of the decision flow for the Config Status of "networking.istio.io/EnvoyFilter" "global-periodical-access-log" version ""
Q: Is the config type "networking.istio.io/v1alpha3/EnvoyFilter" supported by XCP?
A: Yes
Q: Is it an internal config of XCP?
A: Yes
Verdict: Config Status is NOT reported since it's an internal config of XCP
Config Status:
```yaml
---
null
```

2026-05-23T07:29:22.698573Z	debug	config-status	Explanation of the decision flow for the Config Status of "networking.istio.io/EnvoyFilter" "global-request-id-propagation" version ""
Q: Is the config type "networking.istio.io/v1alpha3/EnvoyFilter" supported by XCP?
A: Yes
Q: Is it an internal config of XCP?
A: Yes
Verdict: Config Status is NOT reported since it's an internal config of XCP
Config Status:
```yaml
---
null
```

2026-05-23T07:29:22.698577Z	debug	config-status	Explanation of the decision flow for the Config Status of "networking.istio.io/EnvoyFilter" "global-tcp-keepalive-envoy-filter" version ""
Q: Is the config type "networking.istio.io/v1alpha3/EnvoyFilter" supported by XCP?
A: Yes
Q: Is it an internal config of XCP?
A: Yes
Verdict: Config Status is NOT reported since it's an internal config of XCP
Config Status:
```yaml
---
null
```

2026-05-23T07:29:22.698581Z	debug	config-status	Explanation of the decision flow for the Config Status of "networking.istio.io/EnvoyFilter" "global-xfcc-extractor-sidecar" version ""
Q: Is the config type "networking.istio.io/v1alpha3/EnvoyFilter" supported by XCP?
A: Yes
Q: Is it an internal config of XCP?
A: Yes
Verdict: Config Status is NOT reported since it's an internal config of XCP
Config Status:
```yaml
---
null
```

2026-05-23T07:29:22.698584Z	debug	config-status	Explanation of the decision flow for the Config Status of "networking.istio.io/EnvoyFilter" "global-xfcc-guard-15443" version ""
Q: Is the config type "networking.istio.io/v1alpha3/EnvoyFilter" supported by XCP?
A: Yes
Q: Is it an internal config of XCP?
A: Yes
Verdict: Config Status is NOT reported since it's an internal config of XCP
Config Status:
```yaml
---
null
```

2026-05-23T07:29:22.698661Z	debug	cluster-gen	Ignoring service kube-system/kube-dns
2026-05-23T07:29:22.698671Z	debug	config-status	Explanation of the decision flow for the Config Status of "xcp.tetrate.io/Cluster" "cluster-0" version ""
Q: Is the config type "xcp.tetrate.io/v2/Cluster" supported by XCP?
A: Yes
Q: Is it an internal config of XCP?
A: No
Q: Is this config object managed by XCP?
A: Yes
Q: Did the Push Context report an ERROR for this config?
A: No
Q: Did the Push Context IGNORE this config?
A: No
Verdict: Config Status is UNKNOWN since status for that config type has NOT been implemented yet
Config Status:
```yaml
---
configId:
  group: xcp.tetrate.io
  kind: Cluster
  name: cluster-0
  namespace: istio-system
  version: v2
details: Config Status for that config type has NOT been implemented yet
metadata: {}
```

2026-05-23T07:29:22.698691Z	info	no portname specified for service metallb-webhook-service.metallb-system.svc.cluster.local port 443. no endpoints will be detected
2026-05-23T07:29:22.698706Z	info	no portname specified for service metallb-webhook-service.metallb-system.svc.cluster.local port 443. no endpoints will be detected
2026-05-23T07:29:22.698715Z	debug	cluster-gen	Ignoring service kube-system/metrics-server
2026-05-23T07:29:22.698730Z	debug	config-status	Explanation of the decision flow for the Config Status of "xcp.tetrate.io/Cluster" "cluster-1" version ""
Q: Is the config type "xcp.tetrate.io/v2/Cluster" supported by XCP?
A: Yes
Q: Is it an internal config of XCP?
A: No
Q: Is this config object managed by XCP?
A: Yes
Q: Did the Push Context report an ERROR for this config?
A: No
Q: Did the Push Context IGNORE this config?
A: No
Verdict: Config Status is UNKNOWN since status for that config type has NOT been implemented yet
Config Status:
```yaml
---
configId:
  group: xcp.tetrate.io
  kind: Cluster
  name: cluster-1
  namespace: istio-system
  version: v2
details: Config Status for that config type has NOT been implemented yet
metadata:
  annotations:
    kubectl.kubernetes.io/last-applied-configuration: |
      {"apiVersion":"xcp.tetrate.io/v2","kind":"Cluster","metadata":{"annotations":{},"name":"cluster-1","namespace":"xcp-system"},"spec":{"istioTrustDomain":"cluster.local"}}
```

2026-05-23T07:29:22.698739Z	debug	discovery-cache	added istio service instances in namespace: istio-system objects 0, changed false
2026-05-23T07:29:22.698745Z	debug	discovery-cache	added istio service instances in namespace: cert-manager objects 0, changed false
2026-05-23T07:29:22.698746Z	debug	discovery-cache	added istio service instances in namespace: default objects 0, changed false
2026-05-23T07:29:22.698747Z	debug	discovery-cache	added istio service instances in namespace: metallb-system objects 0, changed false
2026-05-23T07:29:22.698753Z	debug	cluster-state	triggerConfigTranslation false ,triggerConfigTranslationReason false 
2026-05-23T07:29:22.698755Z	debug	cluster-state	All gateway hostname mappings are same.
2026-05-23T07:29:22.698757Z	debug	cluster-state	All gatewayHost bounded k8s svcs have same addresses.
2026-05-23T07:29:22.698754Z	debug	config-status	Explanation of the decision flow for the Config Status of "xcp.tetrate.io/GlobalSetting" "global" version ""
Q: Is the config type "xcp.tetrate.io/v2/GlobalSetting" supported by XCP?
A: Yes
Q: Is it an internal config of XCP?
A: No
Q: Is this config object managed by XCP?
A: Yes
Q: Did the Push Context report an ERROR for this config?
A: No
Q: Did the Push Context IGNORE this config?
A: No
Q: Does the namespace selector resolve into at least ONE namespace in this cluster?
A: Yes
I: Checking the config status in each of the 8 target namespace(s): [cert-manager default echo kube-node-lease kube-public local-path-storage metallb-system tier1]
I: [1/8] verdict in "cert-manager" namespace: Config Status is UNKNOWN since translation is SKIPPED on that namespace
I: [2/8] verdict in "default" namespace: Config Status is UNKNOWN since translation is SKIPPED on that namespace
I: [3/8] verdict in "echo" namespace: Config Status is UNKNOWN since there were NO translation errors but the config was NOT mapped onto any output config(s)
I: [4/8] verdict in "kube-node-lease" namespace: Config Status is UNKNOWN since translation is SKIPPED on that namespace
I: [5/8] verdict in "kube-public" namespace: Config Status is UNKNOWN since translation is SKIPPED on that namespace
I: [6/8] verdict in "local-path-storage" namespace: Config Status is UNKNOWN since translation is SKIPPED on that namespace
I: [7/8] verdict in "metallb-system" namespace: Config Status is UNKNOWN since translation is SKIPPED on that namespace
I: [8/8] verdict in "tier1" namespace: Config Status is UNKNOWN since there were NO translation errors but the config was NOT mapped onto any output config(s)
I: Status summary across 8 target namespace(s): TRANSLATION SKIPPED in 6 namespace(s), TRANSLATED BUT NOT MAPPED in 2 namespace(s)
I: Using "lenient" strategy to decide on the aggregated status across 8 target namespace(s)
Q: Have there been any errors while translating this config in ANY of the 8 target namespaces?
A: No
Q: Has the config been APPLIED in at least ONE of the target namespaces?
A: No
Verdict: Config Status is NOT reported since the config has NOT yet been APPLIED in ANY of 8 target namespace(s)
Config Status:
```yaml
---
null
```

2026-05-23T07:29:22.698923Z	debug	status	generated status report in 407.917µs
2026-05-23T07:29:22.698930Z	debug	debounce	notify cbk returned	id=350e9435
2026-05-23T07:29:22.698932Z	debug	debounce	Applying exponential step-up. maxSilentCurrent updated to: 4s	id=350e9435
2026-05-23T07:29:22.698936Z	debug	status	triggering status report sender with 2 messages
2026-05-23T07:29:22.698962Z	debug	status	successfully sent config-status report(epoch:58, messages:2) in 20.625µs
2026-05-23T07:29:22.698758Z	debug	cluster-state	No significant changes detected; skipping report to other clusters.
2026-05-23T07:29:22.698972Z	debug	cluster-state	No significant changes detected for east-west services; skipping report to other clusters.
2026-05-23T07:29:22.698974Z	debug	cluster-state	All gateway hostname mappings are same.
2026-05-23T07:29:22.698977Z	debug	cluster-state	handleClusterStateChangedEvent, actions: map[sendHeaderToCentral:{}]
2026-05-23T07:29:22.698996Z	debug	discovery-server	wrote channel for sending header only
2026-05-23T07:29:22.699000Z	debug	cluster-state	Sent header to central
2026-05-23T07:29:22.699003Z	debug	discovery-server	Sending cluster-state update to central xcp
2026-05-23T07:29:22.699015Z	debug	discovery-server	Done sending cluster-state to central xcp
2026-05-23T07:29:22.700196Z	debug	discovery-server	Received cluster state update for cluster cluster-0 from central xcp
2026-05-23T07:29:22.700219Z	debug	discovery-cache	required to trigger istio translation as edge received change in failover setting for one or more hosts for cluster cluster-0
2026-05-23T07:29:22.700220Z	debug	discovery-cache	required to trigger istio translation as edge received change in locality context for one or more hosts for cluster cluster-0
2026-05-23T07:29:22.700230Z	debug	discovery-cache	required to trigger istio translation as edge received change in gateway group to traffic and security group for cluster cluster-0
2026-05-23T07:29:22.700233Z	debug	mc-configapply	Cluster cluster-0 exposed services changed: false
2026-05-23T07:29:22.700239Z	debug	discovery-server	Sending istio translation from cluster state stream notification
2026-05-23T07:29:22.700240Z	debug	mc-configapply	Downloaded cluster status updates for cluster cluster-0 and regenerated service entries
2026-05-23T07:29:22.700243Z	debug	discovery-server	Waiting on recv for cluster updates
2026-05-23T07:29:22.700268Z	debug	discovery-server	Applying cluster config: cluster-0
2026-05-23T07:29:22.700541Z	info	discovery-server	compressed cluster state cluster-0 size (bytes): 2010
2026-05-23T07:29:22.700596Z	debug	failed to extract annotations map from k8s object, create an empty annotations map
2026-05-23T07:29:22.700611Z	debug	configapply	computed hash for Cluster:istio-system/cluster-0 - 32da4e45c14e1552aa0c466175f0766b
2026-05-23T07:29:22.700618Z	debug	discovery-server	Updating spec istio-system/cluster-0:
2026-05-23T07:29:22.702308Z	debug	handling validation webhook for xcp.tetrate.io/v2, Kind=Cluster
2026-05-23T07:29:22.702510Z	info	Authorized Admission request for UPDATE operation on xcp.tetrate.io/v2, Kind=Cluster/cluster-0 for username system:serviceaccount:istio-system:xcp-edge
2026-05-23T07:29:23.700291Z	debug	debounce	notify cbk invoked	id=0ae90c02
2026-05-23T07:29:23.700383Z	debug	debounce	notify cbk returned	id=0ae90c02
2026-05-23T07:29:23.700391Z	debug	debounce	Applying exponential step-up. maxSilentCurrent updated to: 2s	id=0ae90c02
2026-05-23T07:29:23.700408Z	info	cluster-state	processConfigTranslationNotification: cluster-eventid: 2026-05-23 07:29:22.700239636 +0000 UTC m=+95190.446628508 and 0 more, queue length: 0, reasons: cluster_state_add_or_update,, forceConfigRegenReasons: map[], resources: []
2026-05-23T07:29:23.700411Z	debug	configapply	Sending XCP api CRDs to istio config translator
2026-05-23T07:29:23.700561Z	debug	model	gateway-group mapping: map[]
2026-05-23T07:29:23.700566Z	debug	model	security-group mapping: map[]
2026-05-23T07:29:23.700566Z	debug	model	traffic-group mapping: map[]
2026-05-23T07:29:23.700567Z	debug	model	istio-internal-group mapping: map[]
2026-05-23T07:29:23.700568Z	debug	model	gateway-deployment mapping: map[]
2026-05-23T07:29:23.700580Z	debug	model	processing 12 objects for cluster cluster-1
2026-05-23T07:29:23.701195Z	debug	eastwest-configgen	namespace "local-path-storage" does not have Istio revision "" in boundary "global". Ambient mode: false
2026-05-23T07:29:23.701209Z	debug	eastwest-configgen	namespace "cert-manager" does not have Istio revision "" in boundary "global". Ambient mode: false
2026-05-23T07:29:23.701212Z	debug	eastwest-configgen	namespace "default" does not have Istio revision "" in boundary "global". Ambient mode: false
2026-05-23T07:29:23.701213Z	debug	eastwest-configgen	namespace "kube-public" does not have Istio revision "" in boundary "global". Ambient mode: false
2026-05-23T07:29:23.701216Z	debug	eastwest-configgen	namespace "kube-node-lease" does not have Istio revision "" in boundary "global". Ambient mode: false
2026-05-23T07:29:23.701217Z	debug	eastwest-configgen	namespace "metallb-system" does not have Istio revision "" in boundary "global". Ambient mode: false
2026-05-23T07:29:23.701305Z	info	no portname specified for service metallb-webhook-service.metallb-system.svc.cluster.local port 443. no endpoints will be detected
2026-05-23T07:29:23.701329Z	info	eastwest-configgen	no endpoints found for service "metallb-webhook-service.metallb-system.svc.cluster.local" port 443
2026-05-23T07:29:23.701346Z	debug	eastwest-configgen	computed east-west gateway associations: {}
2026-05-23T07:29:23.701358Z	debug	configapply	Translation triggered for all [kube-node-lease metallb-system local-path-storage cert-manager default kube-public echo tier1] namespaces
2026-05-23T07:29:23.701409Z	debug	translator	error while looking up workspace for namespace "tier1": the namespace "tier1" is not mapped to any workspace	ns=tier1 id=b1ce4f77
2026-05-23T07:29:23.701413Z	debug	translator	failed to lookup workspace for namespace "tier1": the namespace "tier1" is not mapped to any workspace	ns=tier1 id=b1ce4f77
2026-05-23T07:29:23.701416Z	debug	translator	workspace for namespace "tier1" not found	ns=tier1 id=b1ce4f77
2026-05-23T07:29:23.701417Z	debug	translator	[ambient] buildEastWestGatewayConfigs: entry point called	ns=tier1 id=b1ce4f77
2026-05-23T07:29:23.701419Z	debug	translator	[ambient] doBuildEastWestGatewayConfigsforAllWorkspaces: processing 0 workspaces	ns=tier1 id=b1ce4f77
2026-05-23T07:29:23.701421Z	debug	translator	[ambient] doBuildEastWestGatewayConfigsforAllWorkspaces: total generated 0 configs	ns=tier1 id=b1ce4f77
2026-05-23T07:29:23.701423Z	debug	translator	error while looking up workspace for namespace "tier1": the namespace "tier1" is not mapped to any workspace	ns=tier1 id=b1ce4f77
2026-05-23T07:29:23.701425Z	debug	translator	error while looking up workspace for namespace "tier1": the namespace "tier1" is not mapped to any workspace	ns=tier1 id=b1ce4f77
2026-05-23T07:29:23.701427Z	debug	translator	generated configurations: 0 traffic, 0 security, 0 gateway, 0 istio internal	ns=tier1 id=b1ce4f77
2026-05-23T07:29:23.701429Z	debug	translator	ew-gen: generating east-west workload entry configs for local services that are exposed for east-west routing	ns=tier1 id=b1ce4f77
2026-05-23T07:29:23.701436Z	debug	resource-cache	Batch-based resource tracking disabled, falling back to namespace-based
2026-05-23T07:29:23.701438Z	debug	resource-cache	[tier1] ===BEGIN: Apply request for 0 objects
2026-05-23T07:29:23.701440Z	debug	resource-cache	Delete all objects from the namespace tier1
2026-05-23T07:29:23.701442Z	debug	resource-cache	[tier1] objects previously in k8s api server cache: 0
2026-05-23T07:29:23.701444Z	debug	resource-cache	[tier1] No previous objects at k8s apiserver cache for namespace
2026-05-23T07:29:23.701447Z	debug	resource-cache	[tier1] ===END: Apply request for 0 objects in 0.000007 s
2026-05-23T07:29:23.701445Z	debug	translator	skipping translation for namespace "local-path-storage"	ns=local-path-storage id=214aa4cb
2026-05-23T07:29:23.701462Z	debug	resource-cache	[tier1] ===BEGIN: Apply request for 0 objects
2026-05-23T07:29:23.701466Z	debug	resource-cache	Delete all objects from the namespace tier1
2026-05-23T07:29:23.701467Z	debug	resource-cache	[tier1] objects previously in k8s api server cache: 0
2026-05-23T07:29:23.701469Z	debug	resource-cache	[tier1] No previous objects at k8s apiserver cache for namespace
2026-05-23T07:29:23.701470Z	debug	resource-cache	[tier1] ===END: Apply request for 0 objects in 0.000008 s
2026-05-23T07:29:23.701463Z	debug	resource-cache	Batch-based resource tracking disabled, falling back to namespace-based
2026-05-23T07:29:23.701479Z	debug	resource-cache	[local-path-storage] ===BEGIN: Apply request for 0 objects
2026-05-23T07:29:23.701480Z	debug	resource-cache	Delete all objects from the namespace local-path-storage
2026-05-23T07:29:23.701482Z	debug	resource-cache	[local-path-storage] objects previously in k8s api server cache: 0
2026-05-23T07:29:23.701483Z	debug	resource-cache	[local-path-storage] No previous objects at k8s apiserver cache for namespace
2026-05-23T07:29:23.701485Z	debug	resource-cache	[local-path-storage] ===END: Apply request for 0 objects in 0.000006 s
2026-05-23T07:29:23.701491Z	debug	resource-cache	[local-path-storage] ===BEGIN: Apply request for 0 objects
2026-05-23T07:29:23.701493Z	debug	resource-cache	Delete all objects from the namespace local-path-storage
2026-05-23T07:29:23.701494Z	debug	resource-cache	[local-path-storage] objects previously in k8s api server cache: 0
2026-05-23T07:29:23.701495Z	debug	resource-cache	[local-path-storage] No previous objects at k8s apiserver cache for namespace
2026-05-23T07:29:23.701496Z	debug	resource-cache	[local-path-storage] ===END: Apply request for 0 objects in 0.000005 s
2026-05-23T07:29:23.701506Z	debug	translator	skipping translation for namespace "kube-public"	ns=kube-public id=1b9d2abd
2026-05-23T07:29:23.701512Z	debug	resource-cache	Batch-based resource tracking disabled, falling back to namespace-based
2026-05-23T07:29:23.701514Z	debug	resource-cache	[kube-public] ===BEGIN: Apply request for 0 objects
2026-05-23T07:29:23.701516Z	debug	resource-cache	Delete all objects from the namespace kube-public
2026-05-23T07:29:23.701517Z	debug	resource-cache	[kube-public] objects previously in k8s api server cache: 0
2026-05-23T07:29:23.701519Z	debug	resource-cache	[kube-public] No previous objects at k8s apiserver cache for namespace
2026-05-23T07:29:23.701520Z	debug	resource-cache	[kube-public] ===END: Apply request for 0 objects in 0.000006 s
2026-05-23T07:29:23.701527Z	debug	resource-cache	[kube-public] ===BEGIN: Apply request for 0 objects
2026-05-23T07:29:23.701539Z	debug	resource-cache	Delete all objects from the namespace kube-public
2026-05-23T07:29:23.701541Z	debug	resource-cache	[kube-public] objects previously in k8s api server cache: 0
2026-05-23T07:29:23.701542Z	debug	resource-cache	[kube-public] No previous objects at k8s apiserver cache for namespace
2026-05-23T07:29:23.701543Z	debug	resource-cache	[kube-public] ===END: Apply request for 0 objects in 0.000016 s
2026-05-23T07:29:23.701554Z	debug	translator	error while looking up workspace for namespace "echo": the namespace "echo" is not mapped to any workspace	ns=echo id=ff5a0941
2026-05-23T07:29:23.701557Z	debug	translator	failed to lookup workspace for namespace "echo": the namespace "echo" is not mapped to any workspace	ns=echo id=ff5a0941
2026-05-23T07:29:23.701559Z	debug	translator	workspace for namespace "echo" not found	ns=echo id=ff5a0941
2026-05-23T07:29:23.701559Z	debug	resource-cache	Unmanaged Istio resources by kind: map[AuthorizationPolicy:0 DestinationRule:0 EnvoyFilter:0 Gateway:0 PeerAuthentication:0 RequestAuthentication:0 ServiceEntry:0 Sidecar:0 Telemetry:0 VirtualService:0 WasmPlugin:0 WorkloadEntry:0]
2026-05-23T07:29:23.701560Z	debug	translator	[ambient] buildEastWestGatewayConfigs: entry point called	ns=echo id=ff5a0941
2026-05-23T07:29:23.701548Z	debug	translator	skipping translation for namespace "default"	ns=default id=990a6004
2026-05-23T07:29:23.701591Z	debug	resource-cache	Batch-based resource tracking disabled, falling back to namespace-based
2026-05-23T07:29:23.701615Z	debug	translator	skipping translation for namespace "kube-node-lease"	ns=kube-node-lease id=d9b982ef
2026-05-23T07:29:23.701623Z	debug	resource-cache	[default] ===BEGIN: Apply request for 0 objects
2026-05-23T07:29:23.701627Z	debug	resource-cache	Batch-based resource tracking disabled, falling back to namespace-based
2026-05-23T07:29:23.701628Z	debug	resource-cache	Delete all objects from the namespace default
2026-05-23T07:29:23.701629Z	debug	resource-cache	[kube-node-lease] ===BEGIN: Apply request for 0 objects
2026-05-23T07:29:23.701631Z	debug	resource-cache	[default] objects previously in k8s api server cache: 0
2026-05-23T07:29:23.701632Z	debug	resource-cache	Delete all objects from the namespace kube-node-lease
2026-05-23T07:29:23.701633Z	debug	resource-cache	[default] No previous objects at k8s apiserver cache for namespace
2026-05-23T07:29:23.701634Z	debug	resource-cache	[kube-node-lease] objects previously in k8s api server cache: 0
2026-05-23T07:29:23.701636Z	debug	resource-cache	[kube-node-lease] No previous objects at k8s apiserver cache for namespace
2026-05-23T07:29:23.701636Z	debug	resource-cache	[default] ===END: Apply request for 0 objects in 0.000014 s
2026-05-23T07:29:23.701567Z	debug	translator	[ambient] doBuildEastWestGatewayConfigsforAllWorkspaces: processing 0 workspaces	ns=echo id=ff5a0941
2026-05-23T07:29:23.701647Z	debug	translator	[ambient] doBuildEastWestGatewayConfigsforAllWorkspaces: total generated 0 configs	ns=echo id=ff5a0941
2026-05-23T07:29:23.701655Z	debug	resource-cache	[default] ===BEGIN: Apply request for 0 objects
2026-05-23T07:29:23.701657Z	debug	resource-cache	Delete all objects from the namespace default
2026-05-23T07:29:23.701659Z	debug	resource-cache	[default] objects previously in k8s api server cache: 0
2026-05-23T07:29:23.701661Z	debug	resource-cache	[default] No previous objects at k8s apiserver cache for namespace
2026-05-23T07:29:23.701575Z	debug	translator	skipping translation for namespace "metallb-system"	ns=metallb-system id=c6f17fa1
2026-05-23T07:29:23.701660Z	debug	translator	error while looking up workspace for namespace "echo": the namespace "echo" is not mapped to any workspace	ns=echo id=ff5a0941
2026-05-23T07:29:23.701667Z	debug	resource-cache	Batch-based resource tracking disabled, falling back to namespace-based
2026-05-23T07:29:23.701671Z	debug	resource-cache	[metallb-system] ===BEGIN: Apply request for 0 objects
2026-05-23T07:29:23.701693Z	debug	resource-cache	Delete all objects from the namespace metallb-system
2026-05-23T07:29:23.701696Z	debug	resource-cache	[metallb-system] objects previously in k8s api server cache: 0
2026-05-23T07:29:23.701698Z	debug	resource-cache	[metallb-system] No previous objects at k8s apiserver cache for namespace
2026-05-23T07:29:23.701701Z	debug	resource-cache	[metallb-system] ===END: Apply request for 0 objects in 0.000029 s
2026-05-23T07:29:23.701731Z	debug	resource-cache	[metallb-system] ===BEGIN: Apply request for 0 objects
2026-05-23T07:29:23.701748Z	debug	resource-cache	Delete all objects from the namespace metallb-system
2026-05-23T07:29:23.701751Z	debug	resource-cache	[metallb-system] objects previously in k8s api server cache: 0
2026-05-23T07:29:23.701753Z	debug	resource-cache	[metallb-system] No previous objects at k8s apiserver cache for namespace
2026-05-23T07:29:23.701755Z	debug	resource-cache	[metallb-system] ===END: Apply request for 0 objects in 0.000024 s
2026-05-23T07:29:23.701671Z	debug	translator	error while looking up workspace for namespace "echo": the namespace "echo" is not mapped to any workspace	ns=echo id=ff5a0941
2026-05-23T07:29:23.701773Z	debug	translator	generated configurations: 0 traffic, 0 security, 0 gateway, 0 istio internal	ns=echo id=ff5a0941
2026-05-23T07:29:23.701775Z	debug	translator	ew-gen: generating east-west workload entry configs for local services that are exposed for east-west routing	ns=echo id=ff5a0941
2026-05-23T07:29:23.701784Z	debug	resource-cache	Batch-based resource tracking disabled, falling back to namespace-based
2026-05-23T07:29:23.701786Z	debug	resource-cache	[echo] ===BEGIN: Apply request for 0 objects
2026-05-23T07:29:23.701787Z	debug	resource-cache	Delete all objects from the namespace echo
2026-05-23T07:29:23.701789Z	debug	resource-cache	[echo] objects previously in k8s api server cache: 0
2026-05-23T07:29:23.701791Z	debug	resource-cache	[echo] No previous objects at k8s apiserver cache for namespace
2026-05-23T07:29:23.701793Z	debug	resource-cache	[echo] ===END: Apply request for 0 objects in 0.000008 s
2026-05-23T07:29:23.701800Z	debug	resource-cache	[echo] ===BEGIN: Apply request for 0 objects
2026-05-23T07:29:23.701808Z	debug	resource-cache	Delete all objects from the namespace echo
2026-05-23T07:29:23.701809Z	debug	resource-cache	[echo] objects previously in k8s api server cache: 0
2026-05-23T07:29:23.701811Z	debug	resource-cache	[echo] No previous objects at k8s apiserver cache for namespace
2026-05-23T07:29:23.701812Z	debug	resource-cache	[echo] ===END: Apply request for 0 objects in 0.000012 s
2026-05-23T07:29:23.701664Z	debug	resource-cache	[default] ===END: Apply request for 0 objects in 0.000008 s
2026-05-23T07:29:23.701568Z	debug	translator	skipping translation for namespace "cert-manager"	ns=cert-manager id=e5ab199e
2026-05-23T07:29:23.701819Z	debug	resource-cache	Batch-based resource tracking disabled, falling back to namespace-based
2026-05-23T07:29:23.701821Z	debug	resource-cache	[cert-manager] ===BEGIN: Apply request for 0 objects
2026-05-23T07:29:23.701822Z	debug	resource-cache	Delete all objects from the namespace cert-manager
2026-05-23T07:29:23.701824Z	debug	resource-cache	[cert-manager] objects previously in k8s api server cache: 0
2026-05-23T07:29:23.701826Z	debug	resource-cache	[cert-manager] No previous objects at k8s apiserver cache for namespace
2026-05-23T07:29:23.701828Z	debug	resource-cache	[cert-manager] ===END: Apply request for 0 objects in 0.000006 s
2026-05-23T07:29:23.701833Z	debug	resource-cache	[cert-manager] ===BEGIN: Apply request for 0 objects
2026-05-23T07:29:23.701840Z	debug	resource-cache	Delete all objects from the namespace cert-manager
2026-05-23T07:29:23.701841Z	debug	resource-cache	[cert-manager] objects previously in k8s api server cache: 0
2026-05-23T07:29:23.701843Z	debug	resource-cache	[cert-manager] No previous objects at k8s apiserver cache for namespace
2026-05-23T07:29:23.701844Z	debug	resource-cache	[cert-manager] ===END: Apply request for 0 objects in 0.000010 s
2026-05-23T07:29:23.701638Z	debug	resource-cache	[kube-node-lease] ===END: Apply request for 0 objects in 0.000009 s
2026-05-23T07:29:23.701852Z	debug	resource-cache	[kube-node-lease] ===BEGIN: Apply request for 0 objects
2026-05-23T07:29:23.701853Z	debug	resource-cache	Delete all objects from the namespace kube-node-lease
2026-05-23T07:29:23.701855Z	debug	resource-cache	[kube-node-lease] objects previously in k8s api server cache: 0
2026-05-23T07:29:23.701856Z	debug	resource-cache	[kube-node-lease] No previous objects at k8s apiserver cache for namespace
2026-05-23T07:29:23.701858Z	debug	resource-cache	[kube-node-lease] ===END: Apply request for 0 objects in 0.000006 s
2026-05-23T07:29:23.701866Z	debug	cluster-state	Triggering cluster state change event due to config, at 2026-05-23 07:29:22.700239636 +0000 UTC m=+95190.446628508 (force regenerate config = map[]). Resources: []
2026-05-23T07:29:23.736665Z	debug	mutatingServer	Detected Pod delete mutation request for echo/
2026-05-23T07:29:23.737564Z	debug	mutatingServer	Already processing state propagation for Pod echo/
2026-05-23T07:29:24.669428Z	debug	discovery-server	Triggering periodic translation due to pending istio status changes
2026-05-23T07:29:26.671467Z	debug	debounce	notify cbk invoked	id=0ae90c02
2026-05-23T07:29:26.671534Z	debug	debounce	notify cbk returned	id=0ae90c02
2026-05-23T07:29:26.671540Z	debug	debounce	Applying exponential step-up. maxSilentCurrent updated to: 4s	id=0ae90c02
2026-05-23T07:29:26.671563Z	info	cluster-state	processConfigTranslationNotification: cluster-eventid: 2026-05-23 07:29:24.669450179 +0000 UTC m=+95192.415839009 and 0 more, queue length: 0, reasons: config,, forceConfigRegenReasons: map[], resources: []
2026-05-23T07:29:26.671570Z	debug	configapply	Sending XCP api CRDs to istio config translator
2026-05-23T07:29:26.671724Z	debug	model	gateway-group mapping: map[]
2026-05-23T07:29:26.671728Z	debug	model	security-group mapping: map[]
2026-05-23T07:29:26.671729Z	debug	model	traffic-group mapping: map[]
2026-05-23T07:29:26.671730Z	debug	model	istio-internal-group mapping: map[]
2026-05-23T07:29:26.671731Z	debug	model	gateway-deployment mapping: map[]
2026-05-23T07:29:26.671741Z	debug	model	processing 12 objects for cluster cluster-1
2026-05-23T07:29:26.672069Z	debug	eastwest-configgen	namespace "cert-manager" does not have Istio revision "" in boundary "global". Ambient mode: false
2026-05-23T07:29:26.672074Z	debug	eastwest-configgen	namespace "default" does not have Istio revision "" in boundary "global". Ambient mode: false
2026-05-23T07:29:26.672075Z	debug	eastwest-configgen	namespace "kube-public" does not have Istio revision "" in boundary "global". Ambient mode: false
2026-05-23T07:29:26.672077Z	debug	eastwest-configgen	namespace "kube-node-lease" does not have Istio revision "" in boundary "global". Ambient mode: false
2026-05-23T07:29:26.672078Z	debug	eastwest-configgen	namespace "metallb-system" does not have Istio revision "" in boundary "global". Ambient mode: false
2026-05-23T07:29:26.672079Z	debug	eastwest-configgen	namespace "local-path-storage" does not have Istio revision "" in boundary "global". Ambient mode: false
2026-05-23T07:29:26.672113Z	info	no portname specified for service metallb-webhook-service.metallb-system.svc.cluster.local port 443. no endpoints will be detected
2026-05-23T07:29:26.672126Z	info	eastwest-configgen	no endpoints found for service "metallb-webhook-service.metallb-system.svc.cluster.local" port 443
2026-05-23T07:29:26.672135Z	debug	eastwest-configgen	computed east-west gateway associations: {}
2026-05-23T07:29:26.672143Z	debug	configapply	Translation triggered for all [kube-node-lease metallb-system local-path-storage cert-manager default kube-public echo tier1] namespaces
2026-05-23T07:29:26.672169Z	debug	translator	error while looking up workspace for namespace "tier1": the namespace "tier1" is not mapped to any workspace	ns=tier1 id=a9e755ed
2026-05-23T07:29:26.672174Z	debug	translator	failed to lookup workspace for namespace "tier1": the namespace "tier1" is not mapped to any workspace	ns=tier1 id=a9e755ed
2026-05-23T07:29:26.672176Z	debug	translator	workspace for namespace "tier1" not found	ns=tier1 id=a9e755ed
2026-05-23T07:29:26.672177Z	debug	translator	[ambient] buildEastWestGatewayConfigs: entry point called	ns=tier1 id=a9e755ed
2026-05-23T07:29:26.672178Z	debug	translator	[ambient] doBuildEastWestGatewayConfigsforAllWorkspaces: processing 0 workspaces	ns=tier1 id=a9e755ed
2026-05-23T07:29:26.672183Z	debug	translator	[ambient] doBuildEastWestGatewayConfigsforAllWorkspaces: total generated 0 configs	ns=tier1 id=a9e755ed
2026-05-23T07:29:26.672185Z	debug	translator	error while looking up workspace for namespace "tier1": the namespace "tier1" is not mapped to any workspace	ns=tier1 id=a9e755ed
2026-05-23T07:29:26.672187Z	debug	translator	error while looking up workspace for namespace "tier1": the namespace "tier1" is not mapped to any workspace	ns=tier1 id=a9e755ed
2026-05-23T07:29:26.672188Z	debug	translator	generated configurations: 0 traffic, 0 security, 0 gateway, 0 istio internal	ns=tier1 id=a9e755ed
2026-05-23T07:29:26.672189Z	debug	translator	ew-gen: generating east-west workload entry configs for local services that are exposed for east-west routing	ns=tier1 id=a9e755ed
2026-05-23T07:29:26.672193Z	debug	resource-cache	Batch-based resource tracking disabled, falling back to namespace-based
2026-05-23T07:29:26.672197Z	debug	resource-cache	[tier1] ===BEGIN: Apply request for 0 objects
2026-05-23T07:29:26.672199Z	debug	resource-cache	Delete all objects from the namespace tier1
2026-05-23T07:29:26.672200Z	debug	resource-cache	[tier1] objects previously in k8s api server cache: 0
2026-05-23T07:29:26.672201Z	debug	resource-cache	[tier1] No previous objects at k8s apiserver cache for namespace
2026-05-23T07:29:26.672204Z	debug	resource-cache	[tier1] ===END: Apply request for 0 objects in 0.000004 s
2026-05-23T07:29:26.672216Z	debug	resource-cache	[tier1] ===BEGIN: Apply request for 0 objects
2026-05-23T07:29:26.672220Z	debug	resource-cache	Delete all objects from the namespace tier1
2026-05-23T07:29:26.672221Z	debug	resource-cache	[tier1] objects previously in k8s api server cache: 0
2026-05-23T07:29:26.672222Z	debug	resource-cache	[tier1] No previous objects at k8s apiserver cache for namespace
2026-05-23T07:29:26.672223Z	debug	resource-cache	[tier1] ===END: Apply request for 0 objects in 0.000007 s
2026-05-23T07:29:26.672283Z	debug	resource-cache	Unmanaged Istio resources by kind: map[AuthorizationPolicy:0 DestinationRule:0 EnvoyFilter:0 Gateway:0 PeerAuthentication:0 RequestAuthentication:0 ServiceEntry:0 Sidecar:0 Telemetry:0 VirtualService:0 WasmPlugin:0 WorkloadEntry:0]
2026-05-23T07:29:26.672293Z	debug	translator	skipping translation for namespace "kube-node-lease"	ns=kube-node-lease id=d2299f77
2026-05-23T07:29:26.672298Z	debug	resource-cache	Batch-based resource tracking disabled, falling back to namespace-based
2026-05-23T07:29:26.672299Z	debug	resource-cache	[kube-node-lease] ===BEGIN: Apply request for 0 objects
2026-05-23T07:29:26.672300Z	debug	resource-cache	Delete all objects from the namespace kube-node-lease
2026-05-23T07:29:26.672300Z	debug	resource-cache	[kube-node-lease] objects previously in k8s api server cache: 0
2026-05-23T07:29:26.672301Z	debug	resource-cache	[kube-node-lease] No previous objects at k8s apiserver cache for namespace
2026-05-23T07:29:26.672302Z	debug	resource-cache	[kube-node-lease] ===END: Apply request for 0 objects in 0.000003 s
2026-05-23T07:29:26.672306Z	debug	resource-cache	[kube-node-lease] ===BEGIN: Apply request for 0 objects
2026-05-23T07:29:26.672306Z	debug	resource-cache	Delete all objects from the namespace kube-node-lease
2026-05-23T07:29:26.672307Z	debug	resource-cache	[kube-node-lease] objects previously in k8s api server cache: 0
2026-05-23T07:29:26.672307Z	debug	resource-cache	[kube-node-lease] No previous objects at k8s apiserver cache for namespace
2026-05-23T07:29:26.672308Z	debug	resource-cache	[kube-node-lease] ===END: Apply request for 0 objects in 0.000003 s
2026-05-23T07:29:26.672312Z	debug	translator	skipping translation for namespace "metallb-system"	ns=metallb-system id=4f66895c
2026-05-23T07:29:26.672314Z	debug	resource-cache	Batch-based resource tracking disabled, falling back to namespace-based
2026-05-23T07:29:26.672315Z	debug	resource-cache	[metallb-system] ===BEGIN: Apply request for 0 objects
2026-05-23T07:29:26.672316Z	debug	resource-cache	Delete all objects from the namespace metallb-system
2026-05-23T07:29:26.672317Z	debug	resource-cache	[metallb-system] objects previously in k8s api server cache: 0
2026-05-23T07:29:26.672318Z	debug	resource-cache	[metallb-system] No previous objects at k8s apiserver cache for namespace
2026-05-23T07:29:26.672319Z	debug	resource-cache	[metallb-system] ===END: Apply request for 0 objects in 0.000003 s
2026-05-23T07:29:26.672321Z	debug	resource-cache	[metallb-system] ===BEGIN: Apply request for 0 objects
2026-05-23T07:29:26.672325Z	debug	resource-cache	Delete all objects from the namespace metallb-system
2026-05-23T07:29:26.672326Z	debug	resource-cache	[metallb-system] objects previously in k8s api server cache: 0
2026-05-23T07:29:26.672326Z	debug	resource-cache	[metallb-system] No previous objects at k8s apiserver cache for namespace
2026-05-23T07:29:26.672327Z	debug	resource-cache	[metallb-system] ===END: Apply request for 0 objects in 0.000006 s
2026-05-23T07:29:26.672331Z	debug	translator	skipping translation for namespace "local-path-storage"	ns=local-path-storage id=49ba8169
2026-05-23T07:29:26.672333Z	debug	resource-cache	Batch-based resource tracking disabled, falling back to namespace-based
2026-05-23T07:29:26.672334Z	debug	resource-cache	[local-path-storage] ===BEGIN: Apply request for 0 objects
2026-05-23T07:29:26.672334Z	debug	resource-cache	Delete all objects from the namespace local-path-storage
2026-05-23T07:29:26.672336Z	debug	resource-cache	[local-path-storage] objects previously in k8s api server cache: 0
2026-05-23T07:29:26.672338Z	debug	resource-cache	[local-path-storage] No previous objects at k8s apiserver cache for namespace
2026-05-23T07:29:26.672339Z	debug	resource-cache	[local-path-storage] ===END: Apply request for 0 objects in 0.000005 s
2026-05-23T07:29:26.672344Z	debug	resource-cache	[local-path-storage] ===BEGIN: Apply request for 0 objects
2026-05-23T07:29:26.672347Z	debug	resource-cache	Delete all objects from the namespace local-path-storage
2026-05-23T07:29:26.672348Z	debug	resource-cache	[local-path-storage] objects previously in k8s api server cache: 0
2026-05-23T07:29:26.672348Z	debug	resource-cache	[local-path-storage] No previous objects at k8s apiserver cache for namespace
2026-05-23T07:29:26.672349Z	debug	resource-cache	[local-path-storage] ===END: Apply request for 0 objects in 0.000005 s
2026-05-23T07:29:26.672356Z	debug	translator	skipping translation for namespace "cert-manager"	ns=cert-manager id=2dde6539
2026-05-23T07:29:26.672362Z	debug	resource-cache	Batch-based resource tracking disabled, falling back to namespace-based
2026-05-23T07:29:26.672363Z	debug	resource-cache	[cert-manager] ===BEGIN: Apply request for 0 objects
2026-05-23T07:29:26.672363Z	debug	resource-cache	Delete all objects from the namespace cert-manager
2026-05-23T07:29:26.672364Z	debug	resource-cache	[cert-manager] objects previously in k8s api server cache: 0
2026-05-23T07:29:26.672365Z	debug	resource-cache	[cert-manager] No previous objects at k8s apiserver cache for namespace
2026-05-23T07:29:26.672365Z	debug	resource-cache	[cert-manager] ===END: Apply request for 0 objects in 0.000003 s
2026-05-23T07:29:26.672368Z	debug	resource-cache	[cert-manager] ===BEGIN: Apply request for 0 objects
2026-05-23T07:29:26.672369Z	debug	resource-cache	Delete all objects from the namespace cert-manager
2026-05-23T07:29:26.672370Z	debug	resource-cache	[cert-manager] objects previously in k8s api server cache: 0
2026-05-23T07:29:26.672370Z	debug	resource-cache	[cert-manager] No previous objects at k8s apiserver cache for namespace
2026-05-23T07:29:26.672371Z	debug	resource-cache	[cert-manager] ===END: Apply request for 0 objects in 0.000003 s
2026-05-23T07:29:26.672375Z	debug	translator	skipping translation for namespace "default"	ns=default id=fe16bfe2
2026-05-23T07:29:26.672377Z	debug	resource-cache	Batch-based resource tracking disabled, falling back to namespace-based
2026-05-23T07:29:26.672378Z	debug	resource-cache	[default] ===BEGIN: Apply request for 0 objects
2026-05-23T07:29:26.672379Z	debug	resource-cache	Delete all objects from the namespace default
2026-05-23T07:29:26.672380Z	debug	resource-cache	[default] objects previously in k8s api server cache: 0
2026-05-23T07:29:26.672381Z	debug	resource-cache	[default] No previous objects at k8s apiserver cache for namespace
2026-05-23T07:29:26.672382Z	debug	resource-cache	[default] ===END: Apply request for 0 objects in 0.000003 s
2026-05-23T07:29:26.672384Z	debug	resource-cache	[default] ===BEGIN: Apply request for 0 objects
2026-05-23T07:29:26.672388Z	debug	resource-cache	Delete all objects from the namespace default
2026-05-23T07:29:26.672389Z	debug	resource-cache	[default] objects previously in k8s api server cache: 0
2026-05-23T07:29:26.672390Z	debug	resource-cache	[default] No previous objects at k8s apiserver cache for namespace
2026-05-23T07:29:26.672391Z	debug	resource-cache	[default] ===END: Apply request for 0 objects in 0.000006 s
2026-05-23T07:29:26.672394Z	debug	translator	skipping translation for namespace "kube-public"	ns=kube-public id=d2f71999
2026-05-23T07:29:26.672396Z	debug	resource-cache	Batch-based resource tracking disabled, falling back to namespace-based
2026-05-23T07:29:26.672397Z	debug	resource-cache	[kube-public] ===BEGIN: Apply request for 0 objects
2026-05-23T07:29:26.672398Z	debug	resource-cache	Delete all objects from the namespace kube-public
2026-05-23T07:29:26.672398Z	debug	resource-cache	[kube-public] objects previously in k8s api server cache: 0
2026-05-23T07:29:26.672399Z	debug	resource-cache	[kube-public] No previous objects at k8s apiserver cache for namespace
2026-05-23T07:29:26.672400Z	debug	resource-cache	[kube-public] ===END: Apply request for 0 objects in 0.000003 s
2026-05-23T07:29:26.672403Z	debug	resource-cache	[kube-public] ===BEGIN: Apply request for 0 objects
2026-05-23T07:29:26.672407Z	debug	resource-cache	Delete all objects from the namespace kube-public
2026-05-23T07:29:26.672408Z	debug	resource-cache	[kube-public] objects previously in k8s api server cache: 0
2026-05-23T07:29:26.672408Z	debug	resource-cache	[kube-public] No previous objects at k8s apiserver cache for namespace
2026-05-23T07:29:26.672409Z	debug	resource-cache	[kube-public] ===END: Apply request for 0 objects in 0.000006 s
2026-05-23T07:29:26.672415Z	debug	translator	error while looking up workspace for namespace "echo": the namespace "echo" is not mapped to any workspace	ns=echo id=813ee8ac
2026-05-23T07:29:26.672416Z	debug	translator	failed to lookup workspace for namespace "echo": the namespace "echo" is not mapped to any workspace	ns=echo id=813ee8ac
2026-05-23T07:29:26.672417Z	debug	translator	workspace for namespace "echo" not found	ns=echo id=813ee8ac
2026-05-23T07:29:26.672418Z	debug	translator	[ambient] buildEastWestGatewayConfigs: entry point called	ns=echo id=813ee8ac
2026-05-23T07:29:26.672419Z	debug	translator	[ambient] doBuildEastWestGatewayConfigsforAllWorkspaces: processing 0 workspaces	ns=echo id=813ee8ac
2026-05-23T07:29:26.672422Z	debug	translator	[ambient] doBuildEastWestGatewayConfigsforAllWorkspaces: total generated 0 configs	ns=echo id=813ee8ac
2026-05-23T07:29:26.672424Z	debug	translator	error while looking up workspace for namespace "echo": the namespace "echo" is not mapped to any workspace	ns=echo id=813ee8ac
2026-05-23T07:29:26.672425Z	debug	translator	error while looking up workspace for namespace "echo": the namespace "echo" is not mapped to any workspace	ns=echo id=813ee8ac
2026-05-23T07:29:26.672426Z	debug	translator	generated configurations: 0 traffic, 0 security, 0 gateway, 0 istio internal	ns=echo id=813ee8ac
2026-05-23T07:29:26.672427Z	debug	translator	ew-gen: generating east-west workload entry configs for local services that are exposed for east-west routing	ns=echo id=813ee8ac
2026-05-23T07:29:26.672428Z	debug	resource-cache	Batch-based resource tracking disabled, falling back to namespace-based
2026-05-23T07:29:26.672429Z	debug	resource-cache	[echo] ===BEGIN: Apply request for 0 objects
2026-05-23T07:29:26.672430Z	debug	resource-cache	Delete all objects from the namespace echo
2026-05-23T07:29:26.672431Z	debug	resource-cache	[echo] objects previously in k8s api server cache: 0
2026-05-23T07:29:26.672432Z	debug	resource-cache	[echo] No previous objects at k8s apiserver cache for namespace
2026-05-23T07:29:26.672432Z	debug	resource-cache	[echo] ===END: Apply request for 0 objects in 0.000003 s
2026-05-23T07:29:26.672436Z	debug	resource-cache	[echo] ===BEGIN: Apply request for 0 objects
2026-05-23T07:29:26.672437Z	debug	resource-cache	Delete all objects from the namespace echo
2026-05-23T07:29:26.672438Z	debug	resource-cache	[echo] objects previously in k8s api server cache: 0
2026-05-23T07:29:26.672438Z	debug	resource-cache	[echo] No previous objects at k8s apiserver cache for namespace
2026-05-23T07:29:26.672439Z	debug	resource-cache	[echo] ===END: Apply request for 0 objects in 0.000003 s
2026-05-23T07:29:26.672444Z	debug	cluster-state	Triggering cluster state change event due to config, at 2026-05-23 07:29:24.669450179 +0000 UTC m=+95192.415839009 (force regenerate config = map[]). Resources: []
2026-05-23T07:29:28.919909Z	debug	mutatingServer	Detected Pod delete mutation request for echo/echo-gateway-5f4f69f4cf-55m67
2026-05-23T07:29:29.998054Z	debug	mutatingServer	Detected Pod delete mutation request for echo/echo-gateway-5f4f69f4cf-55m67
2026-05-23T07:29:30.001300Z	debug	mutatingServer	Detected Pod delete mutation request for echo/echo-gateway-5f4f69f4cf-55m67
2026-05-23T07:29:30.003502Z	debug	mutatingServer	Detected Pod delete mutation request for echo/echo-gateway-5f4f69f4cf-55m67
2026-05-23T07:29:30.283443Z	debug	configapply	translator regenerate event received for namespace echo delete
2026-05-23T07:29:30.283556Z	debug	cluster-state	Triggering cluster state change event due to namespace_update, at 2026-05-23 07:29:30.283545626 +0000 UTC m=+95198.029706845 (force regenerate config = map[]). Resources: []
2026-05-23T07:29:30.283568Z	debug	configapply	deleted namespace: echo
2026-05-23T07:29:30.673571Z	debug	debounce	notify cbk invoked	id=350e9435
2026-05-23T07:29:30.673606Z	debug	debounce	resetting maxSilentCurrent. updated: 1s	id=0ae90c02
2026-05-23T07:29:30.673625Z	debug	config-status	Explanation of the decision flow for the Config Status of "networking.istio.io/EnvoyFilter" "global-forward-xfcc-15443" version ""
Q: Is the config type "networking.istio.io/v1alpha3/EnvoyFilter" supported by XCP?
A: Yes
Q: Is it an internal config of XCP?
A: Yes
Verdict: Config Status is NOT reported since it's an internal config of XCP
Config Status:
```yaml
---
null
```

2026-05-23T07:29:30.673629Z	debug	config-status	Explanation of the decision flow for the Config Status of "networking.istio.io/EnvoyFilter" "global-gw-best-practice" version ""
Q: Is the config type "networking.istio.io/v1alpha3/EnvoyFilter" supported by XCP?
A: Yes
Q: Is it an internal config of XCP?
A: Yes
Verdict: Config Status is NOT reported since it's an internal config of XCP
Config Status:
```yaml
---
null
```

2026-05-23T07:29:30.673634Z	debug	config-status	Explanation of the decision flow for the Config Status of "networking.istio.io/EnvoyFilter" "global-mx-downstream-egress-gateway-filter" version ""
Q: Is the config type "networking.istio.io/v1alpha3/EnvoyFilter" supported by XCP?
A: Yes
Q: Is it an internal config of XCP?
A: Yes
Verdict: Config Status is NOT reported since it's an internal config of XCP
Config Status:
```yaml
---
null
```

2026-05-23T07:29:30.673638Z	debug	config-status	Explanation of the decision flow for the Config Status of "networking.istio.io/EnvoyFilter" "global-mx-downstream-gateway-filter" version ""
Q: Is the config type "networking.istio.io/v1alpha3/EnvoyFilter" supported by XCP?
A: Yes
Q: Is it an internal config of XCP?
A: Yes
Verdict: Config Status is NOT reported since it's an internal config of XCP
Config Status:
```yaml
---
null
```

2026-05-23T07:29:30.673644Z	debug	config-status	Explanation of the decision flow for the Config Status of "networking.istio.io/EnvoyFilter" "global-periodical-access-log" version ""
Q: Is the config type "networking.istio.io/v1alpha3/EnvoyFilter" supported by XCP?
A: Yes
Q: Is it an internal config of XCP?
A: Yes
Verdict: Config Status is NOT reported since it's an internal config of XCP
Config Status:
```yaml
---
null
```

2026-05-23T07:29:30.673647Z	debug	config-status	Explanation of the decision flow for the Config Status of "networking.istio.io/EnvoyFilter" "global-request-id-propagation" version ""
Q: Is the config type "networking.istio.io/v1alpha3/EnvoyFilter" supported by XCP?
A: Yes
Q: Is it an internal config of XCP?
A: Yes
Verdict: Config Status is NOT reported since it's an internal config of XCP
Config Status:
```yaml
---
null
```

2026-05-23T07:29:30.673649Z	debug	config-status	Explanation of the decision flow for the Config Status of "networking.istio.io/EnvoyFilter" "global-tcp-keepalive-envoy-filter" version ""
Q: Is the config type "networking.istio.io/v1alpha3/EnvoyFilter" supported by XCP?
A: Yes
Q: Is it an internal config of XCP?
A: Yes
Verdict: Config Status is NOT reported since it's an internal config of XCP
Config Status:
```yaml
---
null
```

2026-05-23T07:29:30.673652Z	debug	config-status	Explanation of the decision flow for the Config Status of "networking.istio.io/EnvoyFilter" "global-xfcc-extractor-sidecar" version ""
Q: Is the config type "networking.istio.io/v1alpha3/EnvoyFilter" supported by XCP?
A: Yes
Q: Is it an internal config of XCP?
A: Yes
Verdict: Config Status is NOT reported since it's an internal config of XCP
Config Status:
```yaml
---
null
```

2026-05-23T07:29:30.673658Z	debug	config-status	Explanation of the decision flow for the Config Status of "networking.istio.io/EnvoyFilter" "global-xfcc-guard-15443" version ""
Q: Is the config type "networking.istio.io/v1alpha3/EnvoyFilter" supported by XCP?
A: Yes
Q: Is it an internal config of XCP?
A: Yes
Verdict: Config Status is NOT reported since it's an internal config of XCP
Config Status:
```yaml
---
null
```

2026-05-23T07:29:30.673728Z	debug	config-status	Explanation of the decision flow for the Config Status of "xcp.tetrate.io/Cluster" "cluster-0" version ""
Q: Is the config type "xcp.tetrate.io/v2/Cluster" supported by XCP?
A: Yes
Q: Is it an internal config of XCP?
A: No
Q: Is this config object managed by XCP?
A: Yes
Q: Did the Push Context report an ERROR for this config?
A: No
Q: Did the Push Context IGNORE this config?
A: No
Verdict: Config Status is UNKNOWN since status for that config type has NOT been implemented yet
Config Status:
```yaml
---
configId:
  group: xcp.tetrate.io
  kind: Cluster
  name: cluster-0
  namespace: istio-system
  version: v2
details: Config Status for that config type has NOT been implemented yet
metadata: {}
```

2026-05-23T07:29:30.673780Z	debug	config-status	Explanation of the decision flow for the Config Status of "xcp.tetrate.io/Cluster" "cluster-1" version ""
Q: Is the config type "xcp.tetrate.io/v2/Cluster" supported by XCP?
A: Yes
Q: Is it an internal config of XCP?
A: No
Q: Is this config object managed by XCP?
A: Yes
Q: Did the Push Context report an ERROR for this config?
A: No
Q: Did the Push Context IGNORE this config?
A: No
Verdict: Config Status is UNKNOWN since status for that config type has NOT been implemented yet
Config Status:
```yaml
---
configId:
  group: xcp.tetrate.io
  kind: Cluster
  name: cluster-1
  namespace: istio-system
  version: v2
details: Config Status for that config type has NOT been implemented yet
metadata:
  annotations:
    kubectl.kubernetes.io/last-applied-configuration: |
      {"apiVersion":"xcp.tetrate.io/v2","kind":"Cluster","metadata":{"annotations":{},"name":"cluster-1","namespace":"xcp-system"},"spec":{"istioTrustDomain":"cluster.local"}}
```

2026-05-23T07:29:30.673813Z	debug	config-status	Explanation of the decision flow for the Config Status of "xcp.tetrate.io/GlobalSetting" "global" version ""
Q: Is the config type "xcp.tetrate.io/v2/GlobalSetting" supported by XCP?
A: Yes
Q: Is it an internal config of XCP?
A: No
Q: Is this config object managed by XCP?
A: Yes
Q: Did the Push Context report an ERROR for this config?
A: No
Q: Did the Push Context IGNORE this config?
A: No
Q: Does the namespace selector resolve into at least ONE namespace in this cluster?
A: Yes
I: Checking the config status in each of the 8 target namespace(s): [cert-manager default echo kube-node-lease kube-public local-path-storage metallb-system tier1]
I: [1/8] verdict in "cert-manager" namespace: Config Status is UNKNOWN since translation is SKIPPED on that namespace
I: [2/8] verdict in "default" namespace: Config Status is UNKNOWN since translation is SKIPPED on that namespace
I: [3/8] verdict in "echo" namespace: Config Status is UNKNOWN since translation of that namespace has not yet been triggered or completed
I: [4/8] verdict in "kube-node-lease" namespace: Config Status is UNKNOWN since translation is SKIPPED on that namespace
I: [5/8] verdict in "kube-public" namespace: Config Status is UNKNOWN since translation is SKIPPED on that namespace
I: [6/8] verdict in "local-path-storage" namespace: Config Status is UNKNOWN since translation is SKIPPED on that namespace
I: [7/8] verdict in "metallb-system" namespace: Config Status is UNKNOWN since translation is SKIPPED on that namespace
I: [8/8] verdict in "tier1" namespace: Config Status is UNKNOWN since there were NO translation errors but the config was NOT mapped onto any output config(s)
I: Status summary across 8 target namespace(s): TRANSLATION SKIPPED in 6 namespace(s), TRANSLATION PENDING in 1 namespace(s), TRANSLATED BUT NOT MAPPED in 1 namespace(s)
I: Using "lenient" strategy to decide on the aggregated status across 8 target namespace(s)
Q: Have there been any errors while translating this config in ANY of the 8 target namespaces?
A: No
Q: Has the config been APPLIED in at least ONE of the target namespaces?
A: No
Verdict: Config Status is NOT reported since the config has NOT yet been APPLIED in ANY of 8 target namespace(s)
Config Status:
```yaml
---
null
```

2026-05-23T07:29:30.673982Z	debug	status	generated status report in 383.416µs
2026-05-23T07:29:30.674006Z	debug	debounce	notify cbk returned	id=350e9435
2026-05-23T07:29:30.674009Z	debug	debounce	Applying exponential step-up. maxSilentCurrent updated to: 8s	id=350e9435
2026-05-23T07:29:30.674012Z	debug	status	triggering status report sender with 2 messages
2026-05-23T07:29:30.674054Z	debug	status	successfully sent config-status report(epoch:59, messages:2) in 23.875µs
2026-05-23T07:29:34.284722Z	debug	debounce	notify cbk invoked	id=c8a91734
2026-05-23T07:29:34.284776Z	debug	debounce	notify cbk returned	id=c8a91734
2026-05-23T07:29:34.284781Z	debug	debounce	Applying exponential step-up. maxSilentCurrent updated to: 8s	id=c8a91734
2026-05-23T07:29:34.284811Z	info	cluster-state	processClusterStateChangeEvents: cluster-eventid: 2026-05-23 07:29:22.700239636 +0000 UTC m=+95190.446628508 and 0 more, queue length: 0, reasons: namespace_update,config,, forceConfigRegenReasons: map[], resources: []
2026-05-23T07:29:34.284818Z	debug	cluster-state	handleClusterStateChangedEvent: Trigger reasons: namespace_update,config,, Forced translation: map[], Resources: []
2026-05-23T07:29:34.284838Z	debug	cluster-gen	istioServices: 9
2026-05-23T07:29:34.284936Z	debug	cluster-gen	Ignoring service kube-system/kube-dns
2026-05-23T07:29:34.284968Z	info	no portname specified for service metallb-webhook-service.metallb-system.svc.cluster.local port 443. no endpoints will be detected
2026-05-23T07:29:34.284970Z	info	no portname specified for service metallb-webhook-service.metallb-system.svc.cluster.local port 443. no endpoints will be detected
2026-05-23T07:29:34.284972Z	debug	cluster-gen	Ignoring service kube-system/metrics-server
2026-05-23T07:29:34.284996Z	debug	discovery-cache	added istio service instances in namespace: istio-system objects 0, changed false
2026-05-23T07:29:34.285002Z	debug	discovery-cache	added istio service instances in namespace: cert-manager objects 0, changed false
2026-05-23T07:29:34.285003Z	debug	discovery-cache	added istio service instances in namespace: default objects 0, changed false
2026-05-23T07:29:34.285004Z	debug	discovery-cache	added istio service instances in namespace: metallb-system objects 0, changed false
2026-05-23T07:29:34.285009Z	debug	cluster-state	triggerConfigTranslation false ,triggerConfigTranslationReason false 
2026-05-23T07:29:34.285011Z	debug	cluster-state	All gateway hostname mappings are same.
2026-05-23T07:29:34.285012Z	debug	cluster-state	All gatewayHost bounded k8s svcs have same addresses.
2026-05-23T07:29:34.285013Z	debug	cluster-state	No significant changes detected; skipping report to other clusters.
2026-05-23T07:29:34.285014Z	debug	cluster-state	No significant changes detected for east-west services; skipping report to other clusters.
2026-05-23T07:29:34.285018Z	debug	cluster-state	handleClusterStateChangedEvent, actions: map[sendClusterToCentral:{}]
2026-05-23T07:29:34.285084Z	debug	discovery-server	wrote channel for sending cluster updates
2026-05-23T07:29:34.285091Z	debug	cluster-state	Sent 4 namespaces to central. len(HostToK8sSvc) 0
2026-05-23T07:29:34.285094Z	debug	discovery-server	Sending cluster-state update to central xcp
2026-05-23T07:29:34.285152Z	debug	discovery-server	Done sending cluster-state to central xcp
2026-05-23T07:29:38.674841Z	debug	debounce	resetting maxSilentCurrent. updated: 1s	id=350e9435
2026-05-23T07:29:39.144078Z	debug	discovery-server	Received cluster state update for cluster cluster-0 from central xcp
2026-05-23T07:29:39.144112Z	debug	mc-configapply	Cluster cluster-0 exposed services changed: false
2026-05-23T07:29:39.144117Z	debug	mc-configapply	Downloaded cluster status updates for cluster cluster-0 and regenerated service entries
2026-05-23T07:29:39.144124Z	debug	discovery-server	Waiting on recv for cluster updates
2026-05-23T07:29:39.144137Z	debug	discovery-server	Applying cluster config: cluster-0
2026-05-23T07:29:39.145889Z	info	discovery-server	compressed cluster state cluster-0 size (bytes): 2014
2026-05-23T07:29:39.145992Z	debug	failed to extract annotations map from k8s object, create an empty annotations map
2026-05-23T07:29:39.146009Z	debug	configapply	computed hash for Cluster:istio-system/cluster-0 - 96b48155a34bbe8d04b4bc65c04054a2
2026-05-23T07:29:39.146021Z	debug	discovery-server	Updating spec istio-system/cluster-0:
2026-05-23T07:29:39.147805Z	debug	handling validation webhook for xcp.tetrate.io/v2, Kind=Cluster
2026-05-23T07:29:39.148007Z	info	Authorized Admission request for UPDATE operation on xcp.tetrate.io/v2, Kind=Cluster/cluster-0 for username system:serviceaccount:istio-system:xcp-edge
2026-05-23T07:29:42.285732Z	debug	debounce	resetting maxSilentCurrent. updated: 1s	id=c8a91734
2026-05-23T07:30:11.198525Z	debug	configapply	translator regenerate event received for namespace echo-term add
2026-05-23T07:30:11.198724Z	debug	cluster-state	Triggering cluster state change event due to namespace_update, at 2026-05-23 07:30:11.198619131 +0000 UTC m=+95238.944678822 (force regenerate config = map[]). Resources: []
2026-05-23T07:30:11.198745Z	debug	configapply	added/updated namespace: echo-term
2026-05-23T07:30:11.201880Z	info	mutatingServer	system:serviceaccount:istio-system:istiod-stable is not XCP edge user, not adding content hash annotation
2026-05-23T07:30:11.202209Z	debug	model	gateway-group mapping: map[]
2026-05-23T07:30:11.202217Z	debug	model	security-group mapping: map[]
2026-05-23T07:30:11.202218Z	debug	model	traffic-group mapping: map[]
2026-05-23T07:30:11.202219Z	debug	model	istio-internal-group mapping: map[]
2026-05-23T07:30:11.202220Z	debug	model	gateway-deployment mapping: map[]
2026-05-23T07:30:11.202233Z	debug	model	processing 12 objects for cluster cluster-1
2026-05-23T07:30:11.202776Z	info	mutatingServer	system:serviceaccount:kube-system:root-ca-cert-publisher is not XCP edge user, not adding content hash annotation
2026-05-23T07:30:11.207119Z	info	mutatingServer	system:serviceaccount:istio-system:istiod-stable is not XCP edge user, not adding content hash annotation
2026-05-23T07:30:11.222918Z	debug	kube	Handle event add for service echo-term in namespace echo-term
2026-05-23T07:30:11.224538Z	debug	kube	endpoint slices of (echo-term, echo-term) not found
2026-05-23T07:30:11.224648Z	debug	cluster-state	Triggering resource state change event due to service, at 2026-05-23 07:30:11.224555756 +0000 UTC m=+95238.970615488 (force regenerate config = map[]). Resources: [api_version:"xcp.tetrate.io/v2" kind:"Namespace" metadata:{name:"echo-term" namespace:"echo-term"}]
2026-05-23T07:30:11.224683Z	debug	kube	Service echo-term.echo-term.svc.cluster.local in namespace echo-term updated and needs push
2026-05-23T07:30:11.231469Z	debug	kube	Handle EDS endpoint echo-term add in namespace echo-term
2026-05-23T07:30:11.231499Z	debug	kube	triggering EDS push for [echo-term.echo-term.svc.cluster.local] in namespace echo-term
2026-05-23T07:30:11.231904Z	debug	discovery-server	Sending xcp config update notification to Istio config translator channel
2026-05-23T07:30:11.231933Z	debug	discovery-server	Channel written successfully
2026-05-23T07:30:11.235299Z	debug	debounce	notify cbk invoked	id=b6981aea
2026-05-23T07:30:11.235415Z	debug	debounce	notify cbk returned	id=b6981aea
2026-05-23T07:30:11.235422Z	debug	debounce	Applying steady step-up. maxSilentCurrent updated to: 10ms	id=b6981aea
2026-05-23T07:30:11.235465Z	info	cluster-state	processClusterStateChangeEvents: cluster-eventid: 2026-05-23 07:30:11.224555756 +0000 UTC m=+95238.970615488 and 0 more, queue length: 0, reasons: service,, forceConfigRegenReasons: map[], resources: [api_version:"xcp.tetrate.io/v2" kind:"Namespace" metadata:{name:"echo-term" namespace:"echo-term"}]
2026-05-23T07:30:11.235475Z	debug	cluster-state	handleClusterStateChangedEvent: Trigger reasons: service,, Forced translation: map[], Resources: [api_version:"xcp.tetrate.io/v2" kind:"Namespace" metadata:{name:"echo-term" namespace:"echo-term"}]
2026-05-23T07:30:11.235482Z	debug	configapply	Cluster-state generation triggered for set of map[echo-term:{}] namespaces
2026-05-23T07:30:11.235496Z	debug	cluster-gen	istioServices: 10
2026-05-23T07:30:11.235602Z	debug	discovery-cache	added istio service instances in namespace: istio-system objects 0, changed false
2026-05-23T07:30:11.235604Z	debug	discovery-cache	added istio service instances in namespace: cert-manager objects 0, changed false
2026-05-23T07:30:11.235607Z	debug	discovery-cache	added istio service instances in namespace: default objects 0, changed false
2026-05-23T07:30:11.235608Z	debug	discovery-cache	added istio service instances in namespace: metallb-system objects 0, changed false
2026-05-23T07:30:11.235609Z	debug	discovery-cache	added istio service instances in namespace: echo-term objects 0, changed false
2026-05-23T07:30:11.235616Z	debug	cluster-state	triggerConfigTranslation false ,triggerConfigTranslationReason true 
2026-05-23T07:30:11.235619Z	debug	cluster-state	All gateway hostname mappings are same.
2026-05-23T07:30:11.235621Z	debug	cluster-state	All gatewayHost bounded k8s svcs have same addresses.
2026-05-23T07:30:11.235622Z	debug	cluster-state	No significant changes detected; skipping report to other clusters.
2026-05-23T07:30:11.235623Z	debug	cluster-state	No significant changes detected for east-west services; skipping report to other clusters.
2026-05-23T07:30:11.235628Z	debug	cluster-state	handleClusterStateChangedEvent, actions: map[sendClusterToCentral:{}]
2026-05-23T07:30:11.235640Z	debug	discovery-cache	required to trigger istio translation as edge received change in failover setting for one or more hosts for cluster cluster-1
2026-05-23T07:30:11.235641Z	debug	discovery-cache	required to trigger istio translation as edge received change in locality context for one or more hosts for cluster cluster-1
2026-05-23T07:30:11.235681Z	debug	discovery-server	wrote channel for sending cluster updates
2026-05-23T07:30:11.235683Z	debug	cluster-state	Sent 5 namespaces to central. len(HostToK8sSvc) 0
2026-05-23T07:30:11.235685Z	debug	discovery-server	Sending cluster-state update to central xcp
2026-05-23T07:30:11.235740Z	debug	discovery-server	Done sending cluster-state to central xcp
2026-05-23T07:30:11.235834Z	info	cluster-state	processConfigTranslationNotification: cluster-eventid: 2026-05-23 07:30:11.235617339 +0000 UTC m=+95238.981677072 and 0 more, queue length: 0, reasons: service,, forceConfigRegenReasons: map[], resources: [api_version:"xcp.tetrate.io/v2" kind:"Namespace" metadata:{name:"echo-term" namespace:"echo-term"}]
2026-05-23T07:30:11.235842Z	debug	configapply	Sending XCP api CRDs to istio config translator
2026-05-23T07:30:11.236030Z	debug	model	gateway-group mapping: map[]
2026-05-23T07:30:11.236037Z	debug	model	security-group mapping: map[]
2026-05-23T07:30:11.236038Z	debug	model	traffic-group mapping: map[]
2026-05-23T07:30:11.236039Z	debug	model	istio-internal-group mapping: map[]
2026-05-23T07:30:11.236040Z	debug	model	gateway-deployment mapping: map[echo-term-gateway:echo-term-gateway]
2026-05-23T07:30:11.236052Z	debug	model	processing 13 objects for cluster cluster-1
2026-05-23T07:30:11.236199Z	error	model	workspace name is unspecified or empty for install.xcp.tetrate.io/v1alpha1/GatewayDeployment::istio-system/echo-term-gateway. Skipping...
2026-05-23T07:30:11.236268Z	error	model	workspace name is unspecified or empty for install.xcp.tetrate.io/v1alpha1/GatewayDeployment::istio-system/echo-term-gateway. Skipping...
2026-05-23T07:30:11.236407Z	debug	eastwest-configgen	namespace "cert-manager" does not have Istio revision "" in boundary "global". Ambient mode: false
2026-05-23T07:30:11.236413Z	debug	eastwest-configgen	namespace "default" does not have Istio revision "" in boundary "global". Ambient mode: false
2026-05-23T07:30:11.236415Z	debug	eastwest-configgen	namespace "kube-public" does not have Istio revision "" in boundary "global". Ambient mode: false
2026-05-23T07:30:11.236416Z	debug	eastwest-configgen	namespace "kube-node-lease" does not have Istio revision "" in boundary "global". Ambient mode: false
2026-05-23T07:30:11.236417Z	debug	eastwest-configgen	namespace "metallb-system" does not have Istio revision "" in boundary "global". Ambient mode: false
2026-05-23T07:30:11.236418Z	debug	eastwest-configgen	namespace "local-path-storage" does not have Istio revision "" in boundary "global". Ambient mode: false
2026-05-23T07:30:11.236447Z	info	eastwest-configgen	no endpoints found for service "echo-term.echo-term.svc.cluster.local" port 80
2026-05-23T07:30:11.236449Z	debug	eastwest-configgen	found Istio IsolationBoundary "global" for Namespace "echo-term"
2026-05-23T07:30:11.236456Z	info	no portname specified for service metallb-webhook-service.metallb-system.svc.cluster.local port 443. no endpoints will be detected
2026-05-23T07:30:11.236468Z	info	eastwest-configgen	no endpoints found for service "metallb-webhook-service.metallb-system.svc.cluster.local" port 443
2026-05-23T07:30:11.236477Z	debug	eastwest-configgen	computed east-west gateway associations: {}
2026-05-23T07:30:11.236483Z	debug	configapply	Translation triggered for set of map[echo-term:{}] namespaces
2026-05-23T07:30:11.236505Z	debug	translator	error while looking up workspace for namespace "echo-term": the namespace "echo-term" is not mapped to any workspace	ns=echo-term id=44b51b18
2026-05-23T07:30:11.236508Z	debug	translator	failed to lookup workspace for namespace "echo-term": the namespace "echo-term" is not mapped to any workspace	ns=echo-term id=44b51b18
2026-05-23T07:30:11.236510Z	debug	translator	workspace for namespace "echo-term" not found	ns=echo-term id=44b51b18
2026-05-23T07:30:11.236511Z	debug	translator	[ambient] buildEastWestGatewayConfigs: entry point called	ns=echo-term id=44b51b18
2026-05-23T07:30:11.236513Z	debug	translator	[ambient] doBuildEastWestGatewayConfigsforAllWorkspaces: processing 0 workspaces	ns=echo-term id=44b51b18
2026-05-23T07:30:11.236514Z	debug	translator	[ambient] doBuildEastWestGatewayConfigsforAllWorkspaces: total generated 0 configs	ns=echo-term id=44b51b18
2026-05-23T07:30:11.236515Z	debug	translator	error while looking up workspace for namespace "echo-term": the namespace "echo-term" is not mapped to any workspace	ns=echo-term id=44b51b18
2026-05-23T07:30:11.236517Z	debug	translator	error while looking up workspace for namespace "echo-term": the namespace "echo-term" is not mapped to any workspace	ns=echo-term id=44b51b18
2026-05-23T07:30:11.236518Z	debug	translator	generated configurations: 0 traffic, 0 security, 0 gateway, 0 istio internal	ns=echo-term id=44b51b18
2026-05-23T07:30:11.236520Z	debug	translator	ew-gen: generating east-west workload entry configs for local services that are exposed for east-west routing	ns=echo-term id=44b51b18
2026-05-23T07:30:11.236524Z	debug	resource-cache	Batch-based resource tracking disabled, falling back to namespace-based
2026-05-23T07:30:11.236531Z	debug	resource-cache	[echo-term] ===BEGIN: Apply request for 0 objects
2026-05-23T07:30:11.236533Z	debug	resource-cache	Delete all objects from the namespace echo-term
2026-05-23T07:30:11.236534Z	debug	resource-cache	[echo-term] objects previously in k8s api server cache: 0
2026-05-23T07:30:11.236535Z	debug	resource-cache	[echo-term] No previous objects at k8s apiserver cache for namespace
2026-05-23T07:30:11.236538Z	debug	resource-cache	[echo-term] ===END: Apply request for 0 objects in 0.000005 s
2026-05-23T07:30:11.236549Z	debug	resource-cache	[echo-term] ===BEGIN: Apply request for 0 objects
2026-05-23T07:30:11.236554Z	debug	resource-cache	Delete all objects from the namespace echo-term
2026-05-23T07:30:11.236555Z	debug	resource-cache	[echo-term] objects previously in k8s api server cache: 0
2026-05-23T07:30:11.236556Z	debug	resource-cache	[echo-term] No previous objects at k8s apiserver cache for namespace
2026-05-23T07:30:11.236557Z	debug	resource-cache	[echo-term] ===END: Apply request for 0 objects in 0.000008 s
2026-05-23T07:30:11.236561Z	debug	cluster-state	Triggering cluster state change event due to config, at 2026-05-23 07:30:11.235617339 +0000 UTC m=+95238.981677072 (force regenerate config = map[]). Resources: []
2026-05-23T07:30:11.236685Z	debug	resource-cache	Unmanaged Istio resources by kind: map[AuthorizationPolicy:0 DestinationRule:0 EnvoyFilter:0 Gateway:0 PeerAuthentication:0 RequestAuthentication:0 ServiceEntry:0 Sidecar:0 Telemetry:0 VirtualService:0 WasmPlugin:0 WorkloadEntry:0]
2026-05-23T07:30:11.240384Z	debug	kube	Pod echo-term/echo-term-58c79569c6-7l66l has no IP
2026-05-23T07:30:11.245987Z	debug	debounce	resetting maxSilentCurrent. updated: 10ms	id=b6981aea
2026-05-23T07:30:11.246107Z	debug	kube	Pod echo-term/echo-term-58c79569c6-7l66l has no IP
2026-05-23T07:30:11.261625Z	debug	kube	Pod echo-term/echo-term-58c79569c6-7l66l has no IP
2026-05-23T07:30:11.417762Z	debug	discovery-server	Sending xcp config update notification to Istio config translator channel
2026-05-23T07:30:11.417776Z	debug	discovery-server	Channel written successfully
2026-05-23T07:30:11.475734Z	debug	kube	Handle event add for service echo-term-gateway in namespace echo-term
2026-05-23T07:30:11.475766Z	debug	kube	endpoint slices of (echo-term-gateway, echo-term) not found
2026-05-23T07:30:11.475795Z	debug	cluster-state	Triggering resource state change event due to service, at 2026-05-23 07:30:11.475768631 +0000 UTC m=+95239.221828364 (force regenerate config = map[]). Resources: [api_version:"xcp.tetrate.io/v2" kind:"Namespace" metadata:{name:"echo-term" namespace:"echo-term"}]
2026-05-23T07:30:11.475804Z	debug	kube	Service echo-term-gateway.echo-term.svc.cluster.local in namespace echo-term updated and needs push
2026-05-23T07:30:11.481876Z	debug	kube	Handle event update for service echo-term-gateway in namespace echo-term
2026-05-23T07:30:11.481975Z	debug	kube	endpoint slices of (echo-term-gateway, echo-term) not found
2026-05-23T07:30:11.482009Z	debug	cluster-state	Triggering resource state change event due to service, at 2026-05-23 07:30:11.481980589 +0000 UTC m=+95239.228040280 (force regenerate config = map[]). Resources: [api_version:"xcp.tetrate.io/v2" kind:"Namespace" metadata:{name:"echo-term" namespace:"echo-term"}]
2026-05-23T07:30:11.482026Z	debug	kube	Service echo-term-gateway.echo-term.svc.cluster.local in namespace echo-term updated and needs push
2026-05-23T07:30:11.482573Z	debug	kube	Handle EDS endpoint echo-term-gateway add in namespace echo-term
2026-05-23T07:30:11.482595Z	debug	kube	triggering EDS push for [echo-term-gateway.echo-term.svc.cluster.local] in namespace echo-term
2026-05-23T07:30:11.485678Z	debug	kube	Pod echo-term/echo-term-gateway-6bc8b5ffdd-lq86b has no IP
2026-05-23T07:30:11.487947Z	debug	discovery-server	Sending xcp config update notification to Istio config translator channel
2026-05-23T07:30:11.487961Z	debug	discovery-server	Channel written successfully
2026-05-23T07:30:11.488885Z	debug	kube	Pod echo-term/echo-term-gateway-6bc8b5ffdd-lq86b has no IP
2026-05-23T07:30:11.492738Z	debug	debounce	notify cbk invoked	id=b6981aea
2026-05-23T07:30:11.492821Z	debug	debounce	notify cbk returned	id=b6981aea
2026-05-23T07:30:11.492829Z	debug	debounce	Applying steady step-up. maxSilentCurrent updated to: 10ms	id=b6981aea
2026-05-23T07:30:11.492954Z	info	cluster-state	processClusterStateChangeEvents: cluster-eventid: 2026-05-23 07:30:11.475768631 +0000 UTC m=+95239.221828364 and 0 more, queue length: 0, reasons: service,, forceConfigRegenReasons: map[], resources: [api_version:"xcp.tetrate.io/v2" kind:"Namespace" metadata:{name:"echo-term" namespace:"echo-term"} api_version:"xcp.tetrate.io/v2" kind:"Namespace" metadata:{name:"echo-term" namespace:"echo-term"}]
2026-05-23T07:30:11.492973Z	debug	cluster-state	handleClusterStateChangedEvent: Trigger reasons: service,, Forced translation: map[], Resources: [api_version:"xcp.tetrate.io/v2" kind:"Namespace" metadata:{name:"echo-term" namespace:"echo-term"} api_version:"xcp.tetrate.io/v2" kind:"Namespace" metadata:{name:"echo-term" namespace:"echo-term"}]
2026-05-23T07:30:11.492981Z	debug	configapply	Cluster-state generation triggered for set of map[echo-term:{}] namespaces
2026-05-23T07:30:11.492996Z	debug	cluster-gen	istioServices: 11
2026-05-23T07:30:11.493023Z	debug	cluster-state	found Istio IsolationBoundary for Namespace "echo-term" with Revision "stable"
2026-05-23T07:30:11.493094Z	debug	cluster-gen	Not a gateway service echo-term/echo-term
2026-05-23T07:30:11.493104Z	debug	cluster-state	found Istio IsolationBoundary for Namespace "echo-term" with Revision "stable"
2026-05-23T07:30:11.493115Z	info	cluster-gen	Gateway service instances for echo-term/echo-term-gateway: 0
2026-05-23T07:30:11.493122Z	debug	cluster-gen	Getting XCP services for possible gateway service echo-term-gateway.echo-term.svc.cluster.local, labels map[app:echo-term-gateway istio:ingressgateway]
2026-05-23T07:30:11.493125Z	debug	cluster-gen	error while looking up workspace for namespace echo-term: the namespace "echo-term" is not mapped to any workspace
2026-05-23T07:30:11.493154Z	debug	discovery-cache	added istio service instances in namespace: istio-system objects 0, changed false
2026-05-23T07:30:11.493161Z	debug	discovery-cache	added istio service instances in namespace: cert-manager objects 0, changed false
2026-05-23T07:30:11.493162Z	debug	discovery-cache	added istio service instances in namespace: default objects 0, changed false
2026-05-23T07:30:11.493163Z	debug	discovery-cache	added istio service instances in namespace: metallb-system objects 0, changed false
2026-05-23T07:30:11.493164Z	debug	discovery-cache	added istio service instances in namespace: echo-term objects 0, changed false
2026-05-23T07:30:11.493171Z	debug	cluster-state	triggerConfigTranslation false ,triggerConfigTranslationReason true 
2026-05-23T07:30:11.493175Z	debug	cluster-state	All gateway hostname mappings are same.
2026-05-23T07:30:11.493176Z	debug	cluster-state	All gatewayHost bounded k8s svcs have same addresses.
2026-05-23T07:30:11.493177Z	debug	cluster-state	No significant changes detected; skipping report to other clusters.
2026-05-23T07:30:11.493178Z	debug	cluster-state	No significant changes detected for east-west services; skipping report to other clusters.
2026-05-23T07:30:11.493181Z	debug	cluster-state	handleClusterStateChangedEvent, actions: map[sendClusterToCentral:{}]
2026-05-23T07:30:11.493193Z	debug	discovery-cache	required to trigger istio translation as edge received change in failover setting for one or more hosts for cluster cluster-1
2026-05-23T07:30:11.493198Z	debug	discovery-cache	required to trigger istio translation as edge received change in locality context for one or more hosts for cluster cluster-1
2026-05-23T07:30:11.493240Z	debug	discovery-server	wrote channel for sending cluster updates
2026-05-23T07:30:11.493245Z	debug	cluster-state	Sent 5 namespaces to central. len(HostToK8sSvc) 0
2026-05-23T07:30:11.493248Z	debug	discovery-server	Sending cluster-state update to central xcp
2026-05-23T07:30:11.493305Z	debug	discovery-server	Done sending cluster-state to central xcp
2026-05-23T07:30:11.493405Z	info	cluster-state	processConfigTranslationNotification: cluster-eventid: 2026-05-23 07:30:11.493172256 +0000 UTC m=+95239.239231947 and 0 more, queue length: 0, reasons: service,, forceConfigRegenReasons: map[], resources: [api_version:"xcp.tetrate.io/v2" kind:"Namespace" metadata:{name:"echo-term" namespace:"echo-term"} api_version:"xcp.tetrate.io/v2" kind:"Namespace" metadata:{name:"echo-term" namespace:"echo-term"}]
2026-05-23T07:30:11.493411Z	debug	configapply	Sending XCP api CRDs to istio config translator
2026-05-23T07:30:11.493566Z	debug	model	gateway-group mapping: map[]
2026-05-23T07:30:11.493573Z	debug	model	security-group mapping: map[]
2026-05-23T07:30:11.493574Z	debug	model	traffic-group mapping: map[]
2026-05-23T07:30:11.493986Z	debug	model	istio-internal-group mapping: map[]
2026-05-23T07:30:11.493989Z	debug	model	gateway-deployment mapping: map[echo-term-gateway:echo-term-gateway]
2026-05-23T07:30:11.494003Z	debug	model	processing 13 objects for cluster cluster-1
2026-05-23T07:30:11.494154Z	error	model	workspace name is unspecified or empty for install.xcp.tetrate.io/v1alpha1/GatewayDeployment::istio-system/echo-term-gateway. Skipping...
2026-05-23T07:30:11.494214Z	error	model	workspace name is unspecified or empty for install.xcp.tetrate.io/v1alpha1/GatewayDeployment::istio-system/echo-term-gateway. Skipping...
2026-05-23T07:30:11.494347Z	debug	eastwest-configgen	namespace "kube-node-lease" does not have Istio revision "" in boundary "global". Ambient mode: false
2026-05-23T07:30:11.494349Z	debug	eastwest-configgen	namespace "metallb-system" does not have Istio revision "" in boundary "global". Ambient mode: false
2026-05-23T07:30:11.494350Z	debug	eastwest-configgen	namespace "local-path-storage" does not have Istio revision "" in boundary "global". Ambient mode: false
2026-05-23T07:30:11.494351Z	debug	eastwest-configgen	namespace "cert-manager" does not have Istio revision "" in boundary "global". Ambient mode: false
2026-05-23T07:30:11.494351Z	debug	eastwest-configgen	namespace "default" does not have Istio revision "" in boundary "global". Ambient mode: false
2026-05-23T07:30:11.494352Z	debug	eastwest-configgen	namespace "kube-public" does not have Istio revision "" in boundary "global". Ambient mode: false
2026-05-23T07:30:11.494382Z	info	eastwest-configgen	no endpoints found for service "echo-term-gateway.echo-term.svc.cluster.local" port 15443
2026-05-23T07:30:11.494384Z	info	eastwest-configgen	no endpoints found for service "echo-term-gateway.echo-term.svc.cluster.local" port 15021
2026-05-23T07:30:11.494385Z	debug	eastwest-configgen	found Istio IsolationBoundary "global" for Namespace "echo-term"
2026-05-23T07:30:11.494387Z	info	eastwest-configgen	no endpoints found for service "echo-term.echo-term.svc.cluster.local" port 80
2026-05-23T07:30:11.494388Z	debug	eastwest-configgen	found Istio IsolationBoundary "global" for Namespace "echo-term"
2026-05-23T07:30:11.494395Z	info	no portname specified for service metallb-webhook-service.metallb-system.svc.cluster.local port 443. no endpoints will be detected
2026-05-23T07:30:11.494407Z	info	eastwest-configgen	no endpoints found for service "metallb-webhook-service.metallb-system.svc.cluster.local" port 443
2026-05-23T07:30:11.494435Z	debug	eastwest-configgen	computed east-west gateway associations: {}
2026-05-23T07:30:11.494479Z	debug	configapply	Translation triggered for set of map[echo-term:{}] namespaces
2026-05-23T07:30:11.494526Z	debug	translator	error while looking up workspace for namespace "echo-term": the namespace "echo-term" is not mapped to any workspace	ns=echo-term id=747115e3
2026-05-23T07:30:11.494537Z	debug	translator	failed to lookup workspace for namespace "echo-term": the namespace "echo-term" is not mapped to any workspace	ns=echo-term id=747115e3
2026-05-23T07:30:11.494541Z	debug	translator	workspace for namespace "echo-term" not found	ns=echo-term id=747115e3
2026-05-23T07:30:11.494543Z	debug	translator	[ambient] buildEastWestGatewayConfigs: entry point called	ns=echo-term id=747115e3
2026-05-23T07:30:11.494546Z	debug	translator	[ambient] doBuildEastWestGatewayConfigsforAllWorkspaces: processing 0 workspaces	ns=echo-term id=747115e3
2026-05-23T07:30:11.494548Z	debug	translator	[ambient] doBuildEastWestGatewayConfigsforAllWorkspaces: total generated 0 configs	ns=echo-term id=747115e3
2026-05-23T07:30:11.494551Z	debug	translator	error while looking up workspace for namespace "echo-term": the namespace "echo-term" is not mapped to any workspace	ns=echo-term id=747115e3
2026-05-23T07:30:11.494554Z	debug	translator	error while looking up workspace for namespace "echo-term": the namespace "echo-term" is not mapped to any workspace	ns=echo-term id=747115e3
2026-05-23T07:30:11.494556Z	debug	translator	generated configurations: 0 traffic, 0 security, 0 gateway, 0 istio internal	ns=echo-term id=747115e3
2026-05-23T07:30:11.494558Z	debug	translator	ew-gen: generating east-west workload entry configs for local services that are exposed for east-west routing	ns=echo-term id=747115e3
2026-05-23T07:30:11.494566Z	debug	resource-cache	Batch-based resource tracking disabled, falling back to namespace-based
2026-05-23T07:30:11.494568Z	debug	resource-cache	[echo-term] ===BEGIN: Apply request for 0 objects
2026-05-23T07:30:11.494570Z	debug	resource-cache	Delete all objects from the namespace echo-term
2026-05-23T07:30:11.494573Z	debug	resource-cache	[echo-term] objects previously in k8s api server cache: 0
2026-05-23T07:30:11.494613Z	debug	resource-cache	[echo-term] No previous objects at k8s apiserver cache for namespace
2026-05-23T07:30:11.494618Z	debug	resource-cache	[echo-term] ===END: Apply request for 0 objects in 0.000048 s
2026-05-23T07:30:11.494635Z	debug	resource-cache	[echo-term] ===BEGIN: Apply request for 0 objects
2026-05-23T07:30:11.494653Z	debug	resource-cache	Delete all objects from the namespace echo-term
2026-05-23T07:30:11.494662Z	debug	resource-cache	[echo-term] objects previously in k8s api server cache: 0
2026-05-23T07:30:11.494670Z	debug	resource-cache	[echo-term] No previous objects at k8s apiserver cache for namespace
2026-05-23T07:30:11.494678Z	debug	resource-cache	[echo-term] ===END: Apply request for 0 objects in 0.000043 s
2026-05-23T07:30:11.494705Z	debug	cluster-state	Triggering cluster state change event due to config, at 2026-05-23 07:30:11.493172256 +0000 UTC m=+95239.239231947 (force regenerate config = map[]). Resources: []
2026-05-23T07:30:11.494574Z	debug	resource-cache	Unmanaged Istio resources by kind: map[AuthorizationPolicy:0 DestinationRule:0 EnvoyFilter:0 Gateway:0 PeerAuthentication:0 RequestAuthentication:0 ServiceEntry:0 Sidecar:0 Telemetry:0 VirtualService:0 WasmPlugin:0 WorkloadEntry:0]
2026-05-23T07:30:11.500946Z	debug	kube	Pod echo-term/echo-term-gateway-6bc8b5ffdd-lq86b has no IP
2026-05-23T07:30:11.504853Z	debug	debounce	resetting maxSilentCurrent. updated: 10ms	id=b6981aea
2026-05-23T07:30:12.057023Z	debug	kube	Handle EDS endpoint echo-term-gateway update in namespace echo-term
2026-05-23T07:30:12.057150Z	debug	kube	triggering EDS push for [echo-term-gateway.echo-term.svc.cluster.local] in namespace echo-term
2026-05-23T07:30:12.057177Z	debug	Updating service accounts now, svc echo-term-gateway.echo-term.svc.cluster.local, before service account [], after [spiffe://cluster.local/ns/echo-term/sa/echo-term-gateway-service-account]
2026-05-23T07:30:12.062437Z	debug	kube	Handle EDS endpoint echo-term update in namespace echo-term
2026-05-23T07:30:12.062474Z	debug	kube	triggering EDS push for [echo-term.echo-term.svc.cluster.local] in namespace echo-term
2026-05-23T07:30:12.062488Z	debug	Updating service accounts now, svc echo-term.echo-term.svc.cluster.local, before service account [], after [spiffe://cluster.local/ns/echo-term/sa/echo-term]
2026-05-23T07:30:12.340247Z	debug	discovery-server	Received crd stream with 5 CR objects and 22 configuration version from central xcp
2026-05-23T07:30:12.340266Z	debug	transform	Received xcp root api crd of kind: GlobalSetting
2026-05-23T07:30:12.340275Z	debug	transform	Received xcp root api crd of kind: Workspace
2026-05-23T07:30:12.340282Z	debug	transform	Received xcp gateway api crd of kind: GatewayGroup
2026-05-23T07:30:12.340286Z	debug	transform	Received xcp gateway api crd of kind: IngressGateway
2026-05-23T07:30:12.340304Z	debug	transform	Received xcp root api crd of kind: Cluster
2026-05-23T07:30:12.340316Z	debug	resource-cache	[istio-system] ===BEGIN: Apply request for 5 objects
2026-05-23T07:30:12.340387Z	debug	resource-cache	[istio-system] Create for {"type":{"group":"xcp.tetrate.io","version":"v2","kind":"Workspace"},"name":"term-ws","namespace":"istio-system","annotations":{"kubectl.kubernetes.io/last-applied-configuration":"{\"apiVersion\":\"xcp.tetrate.io/v2\",\"kind\":\"Workspace\",\"metadata\":{\"annotations\":{},\"name\":\"term-ws\",\"namespace\":\"xcp-system\"},\"spec\":{\"namespaceSelector\":{\"names\":[\"cluster-0/tier1-term\",\"cluster-1/echo-term\"]}}}\n"},"creationTimestamp":"0001-01-01T00:00:00Z","Spec":{"namespaceSelector":{"names":["cluster-0/tier1-term","cluster-1/echo-term"]}},"Status":null,"Extra":null}
2026-05-23T07:30:12.340396Z	debug	resource-cache	[istio-system] objects previously in k8s api server cache: 2
2026-05-23T07:30:12.340411Z	debug	configapply	computed hash for Workspace:istio-system/term-ws - 220b19430e1ce65d95602a2ae611e44f
2026-05-23T07:30:12.340420Z	warn	kube	kube-client could not fetch on get term-ws/istio-system
2026-05-23T07:30:12.340419Z	debug	resource-cache	[istio-system] Create for {"type":{"group":"xcp.tetrate.io","version":"v2","kind":"Cluster"},"name":"cluster-1","namespace":"istio-system","annotations":{"kubectl.kubernetes.io/last-applied-configuration":"{\"apiVersion\":\"xcp.tetrate.io/v2\",\"kind\":\"Cluster\",\"metadata\":{\"annotations\":{},\"name\":\"cluster-1\",\"namespace\":\"xcp-system\"},\"spec\":{\"istioTrustDomain\":\"cluster.local\"}}\n"},"creationTimestamp":"0001-01-01T00:00:00Z","Spec":{"istioTrustDomain":"cluster.local","state":{"xcpVersion":"v0.0.0-unofficial","istioVersions":["1.28.3-9aa2ee3271-distroless"],"provider":"kind","lastSyncTime":"2026-05-23T07:30:11.493895423Z","metadata":"null","discoveredLocality":{"region":"us-east1"},"monotonicVersion":{"epoch":[414,1184632947],"counter":[248]},"mode":"CONTROL","clusterUid":"83aa762a-6fa5-4901-87de-eafab6ab72b4"},"network":"nw-cluster-1","gwHostNamespacesChanged":false,"eastWestServiceNamespacesChanged":false},"Status":null,"Extra":null}
2026-05-23T07:30:12.340439Z	debug	resource-cache	[istio-system] stale resources to be deleted []
2026-05-23T07:30:12.340454Z	debug	configapply	computed hash for Cluster:istio-system/cluster-1 - 701ca29614c42248ccd01222d31c56f5
2026-05-23T07:30:12.340462Z	debug	discovery-server	Updating spec istio-system/cluster-1:
2026-05-23T07:30:12.340539Z	debug	resource-cache	[istio-system] Create for {"type":{"group":"gateway.xcp.tetrate.io","version":"v2","kind":"GatewayGroup"},"name":"tier2-term-gg","namespace":"istio-system","labels":{"xcp.tetrate.io/workspace":"term-ws"},"annotations":{"kubectl.kubernetes.io/last-applied-configuration":"{\"apiVersion\":\"gateway.xcp.tetrate.io/v2\",\"kind\":\"GatewayGroup\",\"metadata\":{\"annotations\":{},\"labels\":{\"xcp.tetrate.io/workspace\":\"term-ws\"},\"name\":\"tier2-term-gg\",\"namespace\":\"xcp-system\"},\"spec\":{\"configMode\":\"BRIDGED\",\"namespaceSelector\":{\"names\":[\"cluster-1/echo-term\"]}}}\n"},"creationTimestamp":"0001-01-01T00:00:00Z","Spec":{"namespaceSelector":{"names":["cluster-1/echo-term"]}},"Status":null,"Extra":null}
2026-05-23T07:30:12.340560Z	debug	resource-cache	[istio-system] Create for {"type":{"group":"xcp.tetrate.io","version":"v2","kind":"GlobalSetting"},"name":"global","namespace":"istio-system","annotations":{"kubectl.kubernetes.io/last-applied-configuration":"{\"apiVersion\":\"xcp.tetrate.io/v2\",\"kind\":\"GlobalSetting\",\"metadata\":{\"annotations\":{},\"name\":\"global\",\"namespace\":\"xcp-system\"},\"spec\":{\"networkSettings\":{\"networkReachability\":{\"nw-cluster-0\":\"nw-cluster-1\",\"nw-cluster-1\":\"nw-cluster-0\"}}}}\n"},"creationTimestamp":"0001-01-01T00:00:00Z","Spec":{"networkSettings":{"networkReachability":{"nw-cluster-0":"nw-cluster-1","nw-cluster-1":"nw-cluster-0"}}},"Status":null,"Extra":null}
2026-05-23T07:30:12.340603Z	debug	configapply	computed hash for GatewayGroup:istio-system/tier2-term-gg - 74c8dcf6aa782005d720db9fd5228d2a
2026-05-23T07:30:12.340611Z	warn	kube	kube-client could not fetch on get tier2-term-gg/istio-system
2026-05-23T07:30:12.340763Z	debug	resource-cache	[istio-system] Create for {"type":{"group":"gateway.xcp.tetrate.io","version":"v2","kind":"IngressGateway"},"name":"echo-t2-term-gw","namespace":"istio-system","labels":{"xcp.tetrate.io/gatewayGroup":"tier2-term-gg","xcp.tetrate.io/workspace":"term-ws"},"annotations":{"kubectl.kubernetes.io/last-applied-configuration":"{\"apiVersion\":\"gateway.xcp.tetrate.io/v2\",\"kind\":\"IngressGateway\",\"metadata\":{\"annotations\":{},\"labels\":{\"xcp.tetrate.io/gatewayGroup\":\"tier2-term-gg\",\"xcp.tetrate.io/workspace\":\"term-ws\"},\"name\":\"echo-t2-term-gw\",\"namespace\":\"xcp-system\"},\"spec\":{\"http\":[{\"hostname\":\"echo-term.tetrate.io\",\"name\":\"echo\",\"port\":8080,\"routing\":{\"rules\":[{\"route\":{\"host\":\"echo-term/echo-term.echo-term.svc.cluster.local\",\"port\":80}}]}}],\"workloadSelector\":{\"labels\":{\"app\":\"echo-term-gateway\"},\"namespace\":\"echo-term\"}}}\n"},"creationTimestamp":"0001-01-01T00:00:00Z","Spec":{"workloadSelector":{"namespace":"echo-term","labels":{"app":"echo-term-gateway"}},"http":[{"name":"echo","port":8080,"hostname":"echo-term.tetrate.io","routing":{"rules":[{"route":{"host":"echo-term/echo-term.echo-term.svc.cluster.local","port":80}}]}}]},"Status":null,"Extra":null}
2026-05-23T07:30:12.340811Z	debug	configapply	computed hash for IngressGateway:istio-system/echo-t2-term-gw - 7a30800c1ec6ccbe0c5b353857e90293
2026-05-23T07:30:12.340815Z	warn	kube	kube-client could not fetch on get echo-t2-term-gw/istio-system
2026-05-23T07:30:12.341440Z	debug	configapply	computed hash for GlobalSetting:istio-system/global - a4ea6fdb96a560bad02f02d83ce678a8
2026-05-23T07:30:12.341466Z	debug	discovery-server	same hash so neither creating nor updating
2026-05-23T07:30:12.343370Z	debug	handling validation webhook for xcp.tetrate.io/v2, Kind=Workspace
2026-05-23T07:30:12.343497Z	info	Authorized Admission request for CREATE operation on xcp.tetrate.io/v2, Kind=Workspace/term-ws for username system:serviceaccount:istio-system:xcp-edge
2026-05-23T07:30:12.344396Z	debug	handling validation webhook for gateway.xcp.tetrate.io/v2, Kind=GatewayGroup
2026-05-23T07:30:12.344644Z	info	Authorized Admission request for CREATE operation on gateway.xcp.tetrate.io/v2, Kind=GatewayGroup/tier2-term-gg for username system:serviceaccount:istio-system:xcp-edge
2026-05-23T07:30:12.344780Z	debug	handling validation webhook for xcp.tetrate.io/v2, Kind=Cluster
2026-05-23T07:30:12.345101Z	debug	handling validation webhook for gateway.xcp.tetrate.io/v2, Kind=IngressGateway
2026-05-23T07:30:12.345270Z	info	Authorized Admission request for CREATE operation on gateway.xcp.tetrate.io/v2, Kind=IngressGateway/echo-t2-term-gw for username system:serviceaccount:istio-system:xcp-edge
2026-05-23T07:30:12.345323Z	info	Authorized Admission request for UPDATE operation on xcp.tetrate.io/v2, Kind=Cluster/cluster-1 for username system:serviceaccount:istio-system:xcp-edge
2026-05-23T07:30:12.349545Z	debug	discovery-server	Sending xcp config update notification to Istio config translator channel
2026-05-23T07:30:12.349573Z	debug	discovery-server	Channel written successfully
2026-05-23T07:30:12.352847Z	debug	discovery-server	Sending xcp config update notification to Istio config translator channel
2026-05-23T07:30:12.352869Z	debug	discovery-server	Channel written successfully
2026-05-23T07:30:12.352968Z	debug	discovery-server	Sending xcp config update notification to Istio config translator channel
2026-05-23T07:30:12.352975Z	debug	discovery-server	Channel written successfully
2026-05-23T07:30:12.353066Z	debug	discovery-server	Sending xcp config update notification to Istio config translator channel
2026-05-23T07:30:12.353074Z	debug	discovery-server	Channel written successfully
2026-05-23T07:30:12.353395Z	debug	resource-cache	[istio-system] ResourceCache length 11
2026-05-23T07:30:12.353407Z	debug	resource-cache	[istio-system] ===END: Apply request for 5 objects in 0.013090 s
2026-05-23T07:30:12.353411Z	debug	discovery-server	Pushed cr objects from central xcp to local k8s apiserver
2026-05-23T07:30:12.353414Z	debug	discovery-server	Waiting on recv for crds
2026-05-23T07:30:12.495267Z	debug	debounce	notify cbk invoked	id=c8a91734
2026-05-23T07:30:12.495309Z	debug	debounce	notify cbk returned	id=c8a91734
2026-05-23T07:30:12.495314Z	debug	debounce	Applying exponential step-up. maxSilentCurrent updated to: 2s	id=c8a91734
2026-05-23T07:30:12.495287Z	debug	debounce	notify cbk invoked	id=350e9435
2026-05-23T07:30:12.495336Z	info	cluster-state	processClusterStateChangeEvents: cluster-eventid: 2026-05-23 07:30:11.198619131 +0000 UTC m=+95238.944678822 and 0 more, queue length: 0, reasons: config,namespace_update,, forceConfigRegenReasons: map[], resources: []
2026-05-23T07:30:12.495339Z	debug	cluster-state	handleClusterStateChangedEvent: Trigger reasons: config,namespace_update,, Forced translation: map[], Resources: []
2026-05-23T07:30:12.495357Z	debug	cluster-gen	istioServices: 11
2026-05-23T07:30:12.495357Z	debug	config-status	Explanation of the decision flow for the Config Status of "install.xcp.tetrate.io/GatewayDeployment" "echo-term-gateway" version ""
Q: Is the config type "install.xcp.tetrate.io/v1alpha1/GatewayDeployment" supported by XCP?
A: Yes
Q: Is it an internal config of XCP?
A: No
Q: Is this config object managed by XCP?
A: No
Verdict: Config Status is NOT reported since the config is not managed by XCP
Config Status:
```yaml
---
null
```

2026-05-23T07:30:12.495447Z	debug	config-status	Explanation of the decision flow for the Config Status of "networking.istio.io/EnvoyFilter" "global-forward-xfcc-15443" version ""
Q: Is the config type "networking.istio.io/v1alpha3/EnvoyFilter" supported by XCP?
A: Yes
Q: Is it an internal config of XCP?
A: Yes
Verdict: Config Status is NOT reported since it's an internal config of XCP
Config Status:
```yaml
---
null
```

2026-05-23T07:30:12.495451Z	debug	config-status	Explanation of the decision flow for the Config Status of "networking.istio.io/EnvoyFilter" "global-gw-best-practice" version ""
Q: Is the config type "networking.istio.io/v1alpha3/EnvoyFilter" supported by XCP?
A: Yes
Q: Is it an internal config of XCP?
A: Yes
Verdict: Config Status is NOT reported since it's an internal config of XCP
Config Status:
```yaml
---
null
```

2026-05-23T07:30:12.495456Z	debug	config-status	Explanation of the decision flow for the Config Status of "networking.istio.io/EnvoyFilter" "global-mx-downstream-egress-gateway-filter" version ""
Q: Is the config type "networking.istio.io/v1alpha3/EnvoyFilter" supported by XCP?
A: Yes
Q: Is it an internal config of XCP?
A: Yes
Verdict: Config Status is NOT reported since it's an internal config of XCP
Config Status:
```yaml
---
null
```

2026-05-23T07:30:12.495459Z	debug	config-status	Explanation of the decision flow for the Config Status of "networking.istio.io/EnvoyFilter" "global-mx-downstream-gateway-filter" version ""
Q: Is the config type "networking.istio.io/v1alpha3/EnvoyFilter" supported by XCP?
A: Yes
Q: Is it an internal config of XCP?
A: Yes
Verdict: Config Status is NOT reported since it's an internal config of XCP
Config Status:
```yaml
---
null
```

2026-05-23T07:30:12.495466Z	debug	config-status	Explanation of the decision flow for the Config Status of "networking.istio.io/EnvoyFilter" "global-periodical-access-log" version ""
Q: Is the config type "networking.istio.io/v1alpha3/EnvoyFilter" supported by XCP?
A: Yes
Q: Is it an internal config of XCP?
A: Yes
Verdict: Config Status is NOT reported since it's an internal config of XCP
Config Status:
```yaml
---
null
```

2026-05-23T07:30:12.495469Z	debug	config-status	Explanation of the decision flow for the Config Status of "networking.istio.io/EnvoyFilter" "global-request-id-propagation" version ""
Q: Is the config type "networking.istio.io/v1alpha3/EnvoyFilter" supported by XCP?
A: Yes
Q: Is it an internal config of XCP?
A: Yes
Verdict: Config Status is NOT reported since it's an internal config of XCP
Config Status:
```yaml
---
null
```

2026-05-23T07:30:12.495471Z	debug	config-status	Explanation of the decision flow for the Config Status of "networking.istio.io/EnvoyFilter" "global-tcp-keepalive-envoy-filter" version ""
Q: Is the config type "networking.istio.io/v1alpha3/EnvoyFilter" supported by XCP?
A: Yes
Q: Is it an internal config of XCP?
A: Yes
Verdict: Config Status is NOT reported since it's an internal config of XCP
Config Status:
```yaml
---
null
```

2026-05-23T07:30:12.495478Z	debug	config-status	Explanation of the decision flow for the Config Status of "networking.istio.io/EnvoyFilter" "global-xfcc-extractor-sidecar" version ""
Q: Is the config type "networking.istio.io/v1alpha3/EnvoyFilter" supported by XCP?
A: Yes
Q: Is it an internal config of XCP?
A: Yes
Verdict: Config Status is NOT reported since it's an internal config of XCP
Config Status:
```yaml
---
null
```

2026-05-23T07:30:12.495481Z	debug	config-status	Explanation of the decision flow for the Config Status of "networking.istio.io/EnvoyFilter" "global-xfcc-guard-15443" version ""
Q: Is the config type "networking.istio.io/v1alpha3/EnvoyFilter" supported by XCP?
A: Yes
Q: Is it an internal config of XCP?
A: Yes
Verdict: Config Status is NOT reported since it's an internal config of XCP
Config Status:
```yaml
---
null
```

2026-05-23T07:30:12.495568Z	debug	config-status	Explanation of the decision flow for the Config Status of "xcp.tetrate.io/Cluster" "cluster-0" version ""
Q: Is the config type "xcp.tetrate.io/v2/Cluster" supported by XCP?
A: Yes
Q: Is it an internal config of XCP?
A: No
Q: Is this config object managed by XCP?
A: Yes
Q: Did the Push Context report an ERROR for this config?
A: No
Q: Did the Push Context IGNORE this config?
A: No
Verdict: Config Status is UNKNOWN since status for that config type has NOT been implemented yet
Config Status:
```yaml
---
configId:
  group: xcp.tetrate.io
  kind: Cluster
  name: cluster-0
  namespace: istio-system
  version: v2
details: Config Status for that config type has NOT been implemented yet
metadata: {}
```

2026-05-23T07:30:12.495663Z	debug	cluster-state	found Istio IsolationBoundary for Namespace "echo-term" with Revision "stable"
2026-05-23T07:30:12.495674Z	debug	cluster-state	found Istio IsolationBoundary for Namespace "echo-term" with Revision "stable"
2026-05-23T07:30:12.495679Z	info	cluster-gen	Gateway service instances for echo-term/echo-term-gateway: 0
2026-05-23T07:30:12.495687Z	debug	cluster-gen	Getting XCP services for possible gateway service echo-term-gateway.echo-term.svc.cluster.local, labels map[app:echo-term-gateway istio:ingressgateway]
2026-05-23T07:30:12.495690Z	debug	cluster-gen	error while looking up workspace for namespace echo-term: the namespace "echo-term" is not mapped to any workspace
2026-05-23T07:30:12.495694Z	debug	cluster-gen	Not a gateway service echo-term/echo-term
2026-05-23T07:30:12.495697Z	debug	cluster-gen	Ignoring service kube-system/kube-dns
2026-05-23T07:30:12.495698Z	debug	cluster-gen	Ignoring service kube-system/metrics-server
2026-05-23T07:30:12.495704Z	info	no portname specified for service metallb-webhook-service.metallb-system.svc.cluster.local port 443. no endpoints will be detected
2026-05-23T07:30:12.495705Z	info	no portname specified for service metallb-webhook-service.metallb-system.svc.cluster.local port 443. no endpoints will be detected
2026-05-23T07:30:12.495723Z	debug	discovery-cache	added istio service instances in namespace: default objects 0, changed false
2026-05-23T07:30:12.495724Z	debug	discovery-cache	added istio service instances in namespace: istio-system objects 0, changed false
2026-05-23T07:30:12.495725Z	debug	discovery-cache	added istio service instances in namespace: cert-manager objects 0, changed false
2026-05-23T07:30:12.495726Z	debug	discovery-cache	added istio service instances in namespace: echo-term objects 0, changed false
2026-05-23T07:30:12.495726Z	debug	discovery-cache	added istio service instances in namespace: metallb-system objects 0, changed false
2026-05-23T07:30:12.495733Z	debug	cluster-state	triggerConfigTranslation false ,triggerConfigTranslationReason false 
2026-05-23T07:30:12.495738Z	debug	cluster-state	All gateway hostname mappings are same.
2026-05-23T07:30:12.495739Z	debug	cluster-state	All gatewayHost bounded k8s svcs have same addresses.
2026-05-23T07:30:12.495740Z	debug	cluster-state	No significant changes detected; skipping report to other clusters.
2026-05-23T07:30:12.495740Z	debug	cluster-state	No significant changes detected for east-west services; skipping report to other clusters.
2026-05-23T07:30:12.495744Z	debug	cluster-state	handleClusterStateChangedEvent, actions: map[sendClusterToCentral:{}]
2026-05-23T07:30:12.495795Z	debug	config-status	Explanation of the decision flow for the Config Status of "xcp.tetrate.io/Cluster" "cluster-1" version ""
Q: Is the config type "xcp.tetrate.io/v2/Cluster" supported by XCP?
A: Yes
Q: Is it an internal config of XCP?
A: No
Q: Is this config object managed by XCP?
A: Yes
Q: Did the Push Context report an ERROR for this config?
A: No
Q: Did the Push Context IGNORE this config?
A: No
Verdict: Config Status is UNKNOWN since status for that config type has NOT been implemented yet
Config Status:
```yaml
---
configId:
  group: xcp.tetrate.io
  kind: Cluster
  name: cluster-1
  namespace: istio-system
  version: v2
details: Config Status for that config type has NOT been implemented yet
metadata:
  annotations:
    kubectl.kubernetes.io/last-applied-configuration: |
      {"apiVersion":"xcp.tetrate.io/v2","kind":"Cluster","metadata":{"annotations":{},"name":"cluster-1","namespace":"xcp-system"},"spec":{"istioTrustDomain":"cluster.local"}}
```

2026-05-23T07:30:12.495817Z	debug	discovery-server	wrote channel for sending cluster updates
2026-05-23T07:30:12.495819Z	debug	cluster-state	Sent 5 namespaces to central. len(HostToK8sSvc) 0
2026-05-23T07:30:12.495822Z	debug	discovery-server	Sending cluster-state update to central xcp
2026-05-23T07:30:12.495831Z	debug	config-status	Explanation of the decision flow for the Config Status of "xcp.tetrate.io/GlobalSetting" "global" version ""
Q: Is the config type "xcp.tetrate.io/v2/GlobalSetting" supported by XCP?
A: Yes
Q: Is it an internal config of XCP?
A: No
Q: Is this config object managed by XCP?
A: Yes
Q: Did the Push Context report an ERROR for this config?
A: No
Q: Did the Push Context IGNORE this config?
A: No
Q: Does the namespace selector resolve into at least ONE namespace in this cluster?
A: Yes
I: Checking the config status in each of the 8 target namespace(s): [cert-manager default echo-term kube-node-lease kube-public local-path-storage metallb-system tier1]
I: [1/8] verdict in "cert-manager" namespace: Config Status is UNKNOWN since translation is SKIPPED on that namespace
I: [2/8] verdict in "default" namespace: Config Status is UNKNOWN since translation is SKIPPED on that namespace
I: [3/8] verdict in "echo-term" namespace: Config Status is UNKNOWN since there were NO translation errors but the config was NOT mapped onto any output config(s)
I: [4/8] verdict in "kube-node-lease" namespace: Config Status is UNKNOWN since translation is SKIPPED on that namespace
I: [5/8] verdict in "kube-public" namespace: Config Status is UNKNOWN since translation is SKIPPED on that namespace
I: [6/8] verdict in "local-path-storage" namespace: Config Status is UNKNOWN since translation is SKIPPED on that namespace
I: [7/8] verdict in "metallb-system" namespace: Config Status is UNKNOWN since translation is SKIPPED on that namespace
I: [8/8] verdict in "tier1" namespace: Config Status is UNKNOWN since there were NO translation errors but the config was NOT mapped onto any output config(s)
I: Status summary across 8 target namespace(s): TRANSLATION SKIPPED in 6 namespace(s), TRANSLATED BUT NOT MAPPED in 2 namespace(s)
I: Using "lenient" strategy to decide on the aggregated status across 8 target namespace(s)
Q: Have there been any errors while translating this config in ANY of the 8 target namespaces?
A: No
Q: Has the config been APPLIED in at least ONE of the target namespaces?
A: No
Verdict: Config Status is NOT reported since the config has NOT yet been APPLIED in ANY of 8 target namespace(s)
Config Status:
```yaml
---
null
```

2026-05-23T07:30:12.495903Z	debug	discovery-server	Done sending cluster-state to central xcp
2026-05-23T07:30:12.495980Z	debug	status	generated status report in 657.042µs
2026-05-23T07:30:12.495996Z	debug	debounce	notify cbk returned	id=350e9435
2026-05-23T07:30:12.495999Z	debug	debounce	Applying exponential step-up. maxSilentCurrent updated to: 2s	id=350e9435
2026-05-23T07:30:12.496003Z	debug	status	triggering status report sender with 2 messages
2026-05-23T07:30:12.496028Z	debug	status	successfully sent config-status report(epoch:60, messages:2) in 22.417µs
2026-05-23T07:30:13.066236Z	debug	kube	Handle EDS endpoint echo-term-gateway update in namespace echo-term
2026-05-23T07:30:13.066272Z	debug	kube	triggering EDS push for [echo-term-gateway.echo-term.svc.cluster.local] in namespace echo-term
2026-05-23T07:30:13.066291Z	info	discovery-server	UpdateServiceEndpoints: Detected changes in ns/svc: echo-term/echo-term-gateway.echo-term.svc.cluster.local.
2026-05-23T07:30:13.066347Z	debug	cluster-state	Triggering resource state change event due to service_subset_update, at 2026-05-23 07:30:13.066281632 +0000 UTC m=+95240.812341364 (force regenerate config = map[]). Resources: [api_version:"xcp.tetrate.io/v2" kind:"Namespace" metadata:{name:"echo-term" namespace:"echo-term"}]
2026-05-23T07:30:13.077681Z	debug	debounce	notify cbk invoked	id=b6981aea
2026-05-23T07:30:13.077719Z	debug	debounce	notify cbk returned	id=b6981aea
2026-05-23T07:30:13.077724Z	debug	debounce	Applying steady step-up. maxSilentCurrent updated to: 10ms	id=b6981aea
2026-05-23T07:30:13.077777Z	info	cluster-state	processClusterStateChangeEvents: cluster-eventid: 2026-05-23 07:30:13.066281632 +0000 UTC m=+95240.812341364 and 0 more, queue length: 0, reasons: service_subset_update,, forceConfigRegenReasons: map[], resources: [api_version:"xcp.tetrate.io/v2" kind:"Namespace" metadata:{name:"echo-term" namespace:"echo-term"}]
2026-05-23T07:30:13.077796Z	debug	cluster-state	handleClusterStateChangedEvent: Trigger reasons: service_subset_update,, Forced translation: map[], Resources: [api_version:"xcp.tetrate.io/v2" kind:"Namespace" metadata:{name:"echo-term" namespace:"echo-term"}]
2026-05-23T07:30:13.077811Z	debug	eastwest-configgen	namespace "kube-node-lease" does not have Istio revision "" in boundary "global". Ambient mode: false
2026-05-23T07:30:13.077812Z	debug	eastwest-configgen	namespace "metallb-system" does not have Istio revision "" in boundary "global". Ambient mode: false
2026-05-23T07:30:13.077813Z	debug	eastwest-configgen	namespace "local-path-storage" does not have Istio revision "" in boundary "global". Ambient mode: false
2026-05-23T07:30:13.077814Z	debug	eastwest-configgen	namespace "cert-manager" does not have Istio revision "" in boundary "global". Ambient mode: false
2026-05-23T07:30:13.077815Z	debug	eastwest-configgen	namespace "default" does not have Istio revision "" in boundary "global". Ambient mode: false
2026-05-23T07:30:13.077816Z	debug	eastwest-configgen	namespace "kube-public" does not have Istio revision "" in boundary "global". Ambient mode: false
2026-05-23T07:30:13.077854Z	debug	eastwest-configgen	found Istio IsolationBoundary "global" for Namespace "echo-term"
2026-05-23T07:30:13.077883Z	info	eastwest-configgen	no endpoints found for service "echo-term.echo-term.svc.cluster.local" port 80
2026-05-23T07:30:13.077886Z	debug	eastwest-configgen	found Istio IsolationBoundary "global" for Namespace "echo-term"
2026-05-23T07:30:13.077888Z	info	no portname specified for service metallb-webhook-service.metallb-system.svc.cluster.local port 443. no endpoints will be detected
2026-05-23T07:30:13.077901Z	info	eastwest-configgen	no endpoints found for service "metallb-webhook-service.metallb-system.svc.cluster.local" port 443
2026-05-23T07:30:13.077971Z	debug	eastwest-configgen	computed east-west gateway associations: {}
2026-05-23T07:30:13.077992Z	debug	configapply	Cluster-state generation triggered for set of map[echo-term:{}] namespaces
2026-05-23T07:30:13.078002Z	debug	cluster-gen	istioServices: 11
2026-05-23T07:30:13.078023Z	debug	cluster-state	found Istio IsolationBoundary for Namespace "echo-term" with Revision "stable"
2026-05-23T07:30:13.078053Z	debug	cluster-gen	Not a gateway service echo-term/echo-term
2026-05-23T07:30:13.078063Z	debug	cluster-state	found Istio IsolationBoundary for Namespace "echo-term" with Revision "stable"
2026-05-23T07:30:13.078116Z	info	cluster-gen	Gateway service instances for echo-term/echo-term-gateway: 1
2026-05-23T07:30:13.078127Z	debug	cluster-gen	Getting XCP services for possible gateway service echo-term-gateway.echo-term.svc.cluster.local, labels map[app:echo-term-gateway istio:ingressgateway]
2026-05-23T07:30:13.078130Z	debug	cluster-gen	error while looking up workspace for namespace echo-term: the namespace "echo-term" is not mapped to any workspace
2026-05-23T07:30:13.078168Z	debug	discovery-cache	added istio service instances in namespace: istio-system objects 0, changed false
2026-05-23T07:30:13.078175Z	debug	discovery-cache	added istio service instances in namespace: cert-manager objects 0, changed false
2026-05-23T07:30:13.078181Z	debug	discovery-cache	gateway serviceInstance hostname echo-term-gateway.echo-term.svc.cluster.local
2026-05-23T07:30:13.078183Z	debug	discovery-cache	added istio service instances in namespace: echo-term objects 1, changed true
2026-05-23T07:30:13.078183Z	debug	discovery-cache	added istio service instances in namespace: metallb-system objects 0, changed false
2026-05-23T07:30:13.078184Z	debug	discovery-cache	added istio service instances in namespace: default objects 0, changed false
2026-05-23T07:30:13.078190Z	debug	cluster-state	triggerConfigTranslation true ,triggerConfigTranslationReason true 
2026-05-23T07:30:13.078198Z	debug	cluster-state	All gateway hostname mappings are same.
2026-05-23T07:30:13.078202Z	debug	cluster-state	All gatewayHost bounded k8s svcs have same addresses.
2026-05-23T07:30:13.078203Z	debug	cluster-state	No significant changes detected; skipping report to other clusters.
2026-05-23T07:30:13.078204Z	debug	cluster-state	No significant changes detected for east-west services; skipping report to other clusters.
2026-05-23T07:30:13.078208Z	debug	cluster-state	handleClusterStateChangedEvent, actions: map[sendClusterToCentral:{}]
2026-05-23T07:30:13.078222Z	debug	discovery-cache	required to trigger istio translation as edge received change in locality context for one or more hosts for cluster cluster-1
2026-05-23T07:30:13.078264Z	debug	discovery-server	wrote channel for sending cluster updates
2026-05-23T07:30:13.078270Z	debug	cluster-state	Sent 5 namespaces to central. len(HostToK8sSvc) 0
2026-05-23T07:30:13.078272Z	debug	discovery-server	Sending cluster-state update to central xcp
2026-05-23T07:30:13.078323Z	debug	discovery-server	Done sending cluster-state to central xcp
2026-05-23T07:30:13.078465Z	info	cluster-state	processConfigTranslationNotification: cluster-eventid: 2026-05-23 07:30:13.078191465 +0000 UTC m=+95240.824251156 and 0 more, queue length: 0, reasons: service_subset_update,, forceConfigRegenReasons: map[], resources: [api_version:"xcp.tetrate.io/v2" kind:"Namespace" metadata:{name:"echo-term" namespace:"echo-term"}]
2026-05-23T07:30:13.078491Z	debug	configapply	Sending XCP api CRDs to istio config translator
2026-05-23T07:30:13.078985Z	debug	model	gateway-group mapping: map[tier2-term-gg:tier2-term-gg]
2026-05-23T07:30:13.078993Z	debug	model	security-group mapping: map[]
2026-05-23T07:30:13.078993Z	debug	model	traffic-group mapping: map[]
2026-05-23T07:30:13.078994Z	debug	model	istio-internal-group mapping: map[]
2026-05-23T07:30:13.078996Z	debug	model	gateway-deployment mapping: map[echo-term-gateway:echo-term-gateway]
2026-05-23T07:30:13.079027Z	debug	model	processing 16 objects for cluster cluster-1
2026-05-23T07:30:13.079137Z	debug	model	Processing workspace: istio-system/term-ws, o.gvk xcp.tetrate.io/v2/Workspace
2026-05-23T07:30:13.079146Z	debug	model	resolved workspace namespaces [echo-term]
2026-05-23T07:30:13.079158Z	info	model	echo-term: adding workspace term-ws
2026-05-23T07:30:13.079256Z	debug	model	populateGroups workspace = term-ws, &{Meta:{GroupVersionKind:xcp.tetrate.io/v2/Workspace UID: Name:term-ws Namespace:istio-system Domain: Labels:map[] Annotations:map[kubectl.kubernetes.io/last-applied-configuration:{"apiVersion":"xcp.tetrate.io/v2","kind":"Workspace","metadata":{"annotations":{},"name":"term-ws","namespace":"xcp-system"},"spec":{"namespaceSelector":{"names":["cluster-0/tier1-term","cluster-1/echo-term"]}}}
 xcp.tetrate.io/contentHash:220b19430e1ce65d95602a2ae611e44f] ResourceVersion:269003 CreationTimestamp:2026-05-23 07:30:12 +0000 UTC OwnerReferences:[] Generation:0} Spec:namespace_selector:{names:"cluster-0/tier1-term" names:"cluster-1/echo-term"} Status:<nil> Extra:map[]}
2026-05-23T07:30:13.079263Z	debug	model	gg namespace_selector:{names:"cluster-1/echo-term"}
2026-05-23T07:30:13.079264Z	debug	model	resolved gateway group namespaces [echo-term]
2026-05-23T07:30:13.079271Z	debug	model	echo-term: registered gateway group tier2-term-gg in workspace term-ws
2026-05-23T07:30:13.079273Z	error	model	workspace name is unspecified or empty for install.xcp.tetrate.io/v1alpha1/GatewayDeployment::istio-system/echo-term-gateway. Skipping...
2026-05-23T07:30:13.079341Z	debug	model	populateObjectsInGroups: workspace = term-ws, &{Meta:{GroupVersionKind:xcp.tetrate.io/v2/Workspace UID: Name:term-ws Namespace:istio-system Domain: Labels:map[] Annotations:map[kubectl.kubernetes.io/last-applied-configuration:{"apiVersion":"xcp.tetrate.io/v2","kind":"Workspace","metadata":{"annotations":{},"name":"term-ws","namespace":"xcp-system"},"spec":{"namespaceSelector":{"names":["cluster-0/tier1-term","cluster-1/echo-term"]}}}
 xcp.tetrate.io/contentHash:220b19430e1ce65d95602a2ae611e44f] ResourceVersion:269003 CreationTimestamp:2026-05-23 07:30:12 +0000 UTC OwnerReferences:[] Generation:0} Spec:namespace_selector:{names:"cluster-0/tier1-term" names:"cluster-1/echo-term"} Status:<nil> Extra:map[]}
2026-05-23T07:30:13.079352Z	error	model	workspace name is unspecified or empty for install.xcp.tetrate.io/v1alpha1/GatewayDeployment::istio-system/echo-term-gateway. Skipping...
2026-05-23T07:30:13.079514Z	debug	eastwest-configgen	namespace "kube-node-lease" does not have Istio revision "" in boundary "global". Ambient mode: false
2026-05-23T07:30:13.079518Z	debug	eastwest-configgen	namespace "metallb-system" does not have Istio revision "" in boundary "global". Ambient mode: false
2026-05-23T07:30:13.079519Z	debug	eastwest-configgen	namespace "default" does not have Istio revision "" in boundary "global". Ambient mode: false
2026-05-23T07:30:13.079520Z	debug	eastwest-configgen	namespace "kube-public" does not have Istio revision "" in boundary "global". Ambient mode: false
2026-05-23T07:30:13.079521Z	debug	eastwest-configgen	namespace "local-path-storage" does not have Istio revision "" in boundary "global". Ambient mode: false
2026-05-23T07:30:13.079522Z	debug	eastwest-configgen	namespace "cert-manager" does not have Istio revision "" in boundary "global". Ambient mode: false
2026-05-23T07:30:13.079541Z	info	no portname specified for service metallb-webhook-service.metallb-system.svc.cluster.local port 443. no endpoints will be detected
2026-05-23T07:30:13.079551Z	info	eastwest-configgen	no endpoints found for service "metallb-webhook-service.metallb-system.svc.cluster.local" port 443
2026-05-23T07:30:13.079554Z	debug	eastwest-configgen	found Istio IsolationBoundary "global" for Namespace "echo-term"
2026-05-23T07:30:13.079561Z	info	eastwest-configgen	no endpoints found for service "echo-term.echo-term.svc.cluster.local" port 80
2026-05-23T07:30:13.079569Z	debug	eastwest-configgen	found Istio IsolationBoundary "global" for Namespace "echo-term"
2026-05-23T07:30:13.079588Z	debug	eastwest-configgen	computed east-west gateway associations: {}
2026-05-23T07:30:13.079611Z	debug	discovery-server	found service instance with matching namespace and labels. svc port 15443, workload port 15443
2026-05-23T07:30:13.079616Z	debug	configapply	Translation triggered for set of map[echo-term:{}] namespaces
2026-05-23T07:30:13.079639Z	warn	translator	error while looking up traffic group for namespace "echo-term": traffic group not found for namespace echo-term in workspace term-ws	ns=echo-term id=cce55f31
2026-05-23T07:30:13.079646Z	debug	translator	traffic group for namespace "echo-term" not found. applying defaults	ns=echo-term id=cce55f31
2026-05-23T07:30:13.079648Z	debug	translator	traffic group for namespace "echo-term" not found	ns=echo-term id=cce55f31
2026-05-23T07:30:13.079658Z	debug	translator	upstream traffic setting for namespace "echo-term" not found, default settings will be created	ns=echo-term id=cce55f31
2026-05-23T07:30:13.079708Z	debug	resource-cache	Unmanaged Istio resources by kind: map[AuthorizationPolicy:0 DestinationRule:0 EnvoyFilter:0 Gateway:0 PeerAuthentication:0 RequestAuthentication:0 ServiceEntry:0 Sidecar:0 Telemetry:0 VirtualService:0 WasmPlugin:0 WorkloadEntry:0]
2026-05-23T07:30:13.079781Z	warn	translator	failed to lookup security group for "echo-term": security group not found for namespace echo-term in workspace term-ws	ns=echo-term id=cce55f31
2026-05-23T07:30:13.079786Z	debug	translator	security group for namespace "echo-term" not found. applying defaults	ns=echo-term id=cce55f31
2026-05-23T07:30:13.079799Z	debug	translator	selector is nil means no per-svc security settings, setting it to match_labels:{key:"istio" value:"ingressgateway"}	ns=echo-term id=cce55f31
2026-05-23T07:30:13.079804Z	debug	translator	found gateway group (BRIDGED) "tier2-term-gg" for namespace "echo-term"	ns=echo-term id=cce55f31
2026-05-23T07:30:13.079809Z	warn	translator	error while getting traffic group for namespace "echo-term": traffic group not found for namespace echo-term in workspace term-ws	ns=echo-term id=cce55f31
2026-05-23T07:30:13.079811Z	debug	translator	upstream traffic setting for namespace "echo-term" not found, default settings will be created	ns=echo-term id=cce55f31
2026-05-23T07:30:13.079812Z	debug	translator	found gateway group for namespace "echo-term": tier2-term-gg	ns=echo-term id=cce55f31
2026-05-23T07:30:13.079859Z	debug	translator	translating ingress gateway echo-t2-term-gw with 1 servers	ns=echo-term id=cce55f31
2026-05-23T07:30:13.079864Z	debug	translator	translating ingress gateway echo-t2-term-gw, http server echo	ns=echo-term id=cce55f31
2026-05-23T07:30:13.079871Z	debug	translator	picked HTTP server echo (port 8080) for multicluster routing for hostname echo-term.tetrate.io because it contains at least one route rule	ns=echo-term id=cce55f31
2026-05-23T07:30:13.079881Z	debug	translator	translating gateway echo-t2-term-gw http server echo (echo-term.tetrate.io) to virtual service, type external	ns=echo-term id=cce55f31
2026-05-23T07:30:13.079890Z	debug	model	cannot find traffic group for the namespace echo-term in workspace term-ws
2026-05-23T07:30:13.080032Z	debug	translator	Authz: No authz on external traffic for "echo-term.tetrate.io"	ns=echo-term id=cce55f31
2026-05-23T07:30:13.080050Z	debug	translator	[ambient] buildEastWestGatewayConfigs: entry point called	ns=echo-term id=cce55f31
2026-05-23T07:30:13.080052Z	debug	translator	[ambient] doBuildEastWestGatewayConfigsforAllWorkspaces: processing 1 workspaces	ns=echo-term id=cce55f31
2026-05-23T07:30:13.080053Z	debug	translator	[ambient] processing workspace 0: term-ws	ns=echo-term id=cce55f31
2026-05-23T07:30:13.080054Z	debug	translator	workspace settings for workspace "term-ws" does not have east-west gateway configs defined	ns=echo-term id=cce55f31
2026-05-23T07:30:13.080056Z	debug	translator	[ambient] workspace term-ws generated 0 regular east-west configs	ns=echo-term id=cce55f31
2026-05-23T07:30:13.080057Z	debug	translator	[ambient] EnableAmbient=false, skipping ambient hybrid configs for workspace term-ws	ns=echo-term id=cce55f31
2026-05-23T07:30:13.080058Z	debug	translator	[ambient] doBuildEastWestGatewayConfigsforAllWorkspaces: total generated 0 configs	ns=echo-term id=cce55f31
2026-05-23T07:30:13.080060Z	debug	translator	error while looking up istio internal group for namespace "echo-term": istio internal group not found for namespace echo-term in workspace term-ws	ns=echo-term id=cce55f31
2026-05-23T07:30:13.080066Z	debug	translator	generated configurations: 2 traffic, 1 security, 4 gateway, 0 istio internal	ns=echo-term id=cce55f31
2026-05-23T07:30:13.080067Z	debug	translator	ew-gen: generating east-west workload entry configs for local services that are exposed for east-west routing	ns=echo-term id=cce55f31
2026-05-23T07:30:13.080778Z	debug	configapply	Applying 7 istio objects in namespace echo-term
2026-05-23T07:30:13.080784Z	debug	configapply	   networking.istio.io/v1/Sidecar [echo-term/default]
2026-05-23T07:30:13.080785Z	debug	configapply	   networking.istio.io/v1alpha3/EnvoyFilter [echo-term/default-upstream-traffic-setting]
2026-05-23T07:30:13.080786Z	debug	configapply	   security.istio.io/v1/AuthorizationPolicy [echo-term/allow]
2026-05-23T07:30:13.080787Z	debug	configapply	   networking.istio.io/v1alpha3/EnvoyFilter [echo-term/tier2-term-gg-default-upstream-traffic-setting]
2026-05-23T07:30:13.080787Z	debug	configapply	   networking.istio.io/v1/Gateway [echo-term/echo-t2-term-gw]
2026-05-23T07:30:13.080788Z	debug	configapply	   networking.istio.io/v1/VirtualService [echo-term/vs-echo-term-tetrate-io]
2026-05-23T07:30:13.080789Z	debug	configapply	   networking.istio.io/v1alpha3/EnvoyFilter [echo-term/default-allow-echo-t2-term-gw-external-batch0]
2026-05-23T07:30:13.080790Z	debug	resource-cache	[echo-term] ===BEGIN: Apply request for 7 objects
2026-05-23T07:30:13.080854Z	debug	resource-cache	[echo-term] Create for {"type":{"group":"networking.istio.io","version":"v1","kind":"Sidecar"},"name":"default","namespace":"echo-term","labels":{"istio.io/rev":"global"},"annotations":{"kubectl.kubernetes.io/last-applied-configuration":"{\"apiVersion\":\"xcp.tetrate.io/v2\",\"kind\":\"Workspace\",\"metadata\":{\"annotations\":{},\"name\":\"term-ws\",\"namespace\":\"xcp-system\"},\"spec\":{\"namespaceSelector\":{\"names\":[\"cluster-0/tier1-term\",\"cluster-1/echo-term\"]}}}\n","xcp.tetrate.io/contentHash":"220b19430e1ce65d95602a2ae611e44f"},"creationTimestamp":"0001-01-01T00:00:00Z","Spec":{"egress":[{"hosts":["*/*"]}]},"Status":null,"Extra":null}
2026-05-23T07:30:13.080860Z	debug	resource-cache	[echo-term] Create for {"type":{"group":"security.istio.io","version":"v1","kind":"AuthorizationPolicy"},"name":"allow","namespace":"echo-term","labels":{"istio.io/rev":"global"},"annotations":{"kubectl.kubernetes.io/last-applied-configuration":"{\"apiVersion\":\"xcp.tetrate.io/v2\",\"kind\":\"Workspace\",\"metadata\":{\"annotations\":{},\"name\":\"term-ws\",\"namespace\":\"xcp-system\"},\"spec\":{\"namespaceSelector\":{\"names\":[\"cluster-0/tier1-term\",\"cluster-1/echo-term\"]}}}\n","xcp.tetrate.io/contentHash":"220b19430e1ce65d95602a2ae611e44f"},"creationTimestamp":"0001-01-01T00:00:00Z","Spec":{"selector":{"matchLabels":{"istio":"ingressgateway"}},"rules":[{"from":[{"source":{"principals":["*"]}}],"to":[{"operation":{"ports":["15443"]}}]}]},"Status":null,"Extra":null}
2026-05-23T07:30:13.080876Z	debug	configapply	computed hash for Sidecar:echo-term/default - 70cf1206d3284c26c17024a87c57be8e
2026-05-23T07:30:13.080881Z	warn	kube	kube-client could not fetch on get default/echo-term
2026-05-23T07:30:13.080885Z	debug	configapply	computed hash for AuthorizationPolicy:echo-term/allow - 8c65f8421c3431e4ef3784484e3ef261
2026-05-23T07:30:13.080891Z	warn	kube	kube-client could not fetch on get allow/echo-term
2026-05-23T07:30:13.080903Z	debug	resource-cache	[echo-term] Create for {"type":{"group":"networking.istio.io","version":"v1alpha3","kind":"EnvoyFilter"},"name":"default-allow-echo-t2-term-gw-external-batch0","namespace":"echo-term","labels":{"istio.io/rev":"global","xcp.tetrate.io/gatewayGroup":"tier2-term-gg","xcp.tetrate.io/workspace":"term-ws"},"annotations":{"kubectl.kubernetes.io/last-applied-configuration":"{\"apiVersion\":\"gateway.xcp.tetrate.io/v2\",\"kind\":\"IngressGateway\",\"metadata\":{\"annotations\":{},\"labels\":{\"xcp.tetrate.io/gatewayGroup\":\"tier2-term-gg\",\"xcp.tetrate.io/workspace\":\"term-ws\"},\"name\":\"echo-t2-term-gw\",\"namespace\":\"xcp-system\"},\"spec\":{\"http\":[{\"hostname\":\"echo-term.tetrate.io\",\"name\":\"echo\",\"port\":8080,\"routing\":{\"rules\":[{\"route\":{\"host\":\"echo-term/echo-term.echo-term.svc.cluster.local\",\"port\":80}}]}}],\"workloadSelector\":{\"labels\":{\"app\":\"echo-term-gateway\"},\"namespace\":\"echo-term\"}}}\n","xcp.tetrate.io/contentHash":"7a30800c1ec6ccbe0c5b353857e90293"},"creationTimestamp":"0001-01-01T00:00:00Z","Spec":{"workloadSelector":{"labels":{"app":"echo-term-gateway"}},"configPatches":[{"applyTo":"HTTP_FILTER","match":{"context":"GATEWAY","proxy":{"proxyVersion":"^1\\.(22|24|28)(\\.\\d+)?(-.*)?$"},"listener":{"portNumber":8080,"filterChain":{"filter":{"name":"envoy.filters.network.http_connection_manager","subFilter":{"name":"envoy.filters.http.rbac"}}}}},"patch":{"operation":"MERGE","value":{"name":"envoy.filters.http.rbac","typed_config":{"@type":"type.googleapis.com/envoy.extensions.filters.http.rbac.v3.RBAC","rules":{"policies":{"echo-term-echo-t2-term-gw-echo":{"permissions":[{"and_rules":{"rules":[{"or_rules":{"rules":[{"header":{"name":":authority","string_match":{"exact":"echo-term.tetrate.io","ignore_case":true}}},{"header":{"name":":authority","string_match":{"exact":"echo-term.tetrate.io:8080","ignore_case":true}}}]}},{"or_rules":{"rules":[{"destination_port":8080}]}}]}}],"principals":[{"and_ids":{"ids":[{"any":true}]}}]}}}}}}}],"priority":-2000},"Status":null,"Extra":null}
2026-05-23T07:30:13.080909Z	debug	resource-cache	[echo-term] objects previously in k8s api server cache: 0
2026-05-23T07:30:13.080922Z	debug	resource-cache	[echo-term] No previous objects at k8s apiserver cache for namespace
2026-05-23T07:30:13.080970Z	debug	resource-cache	[echo-term] Create for {"type":{"group":"networking.istio.io","version":"v1","kind":"Gateway"},"name":"echo-t2-term-gw","namespace":"echo-term","labels":{"istio.io/rev":"global","xcp.tetrate.io/gatewayGroup":"tier2-term-gg","xcp.tetrate.io/workspace":"term-ws"},"annotations":{"kubectl.kubernetes.io/last-applied-configuration":"{\"apiVersion\":\"gateway.xcp.tetrate.io/v2\",\"kind\":\"IngressGateway\",\"metadata\":{\"annotations\":{},\"labels\":{\"xcp.tetrate.io/gatewayGroup\":\"tier2-term-gg\",\"xcp.tetrate.io/workspace\":\"term-ws\"},\"name\":\"echo-t2-term-gw\",\"namespace\":\"xcp-system\"},\"spec\":{\"http\":[{\"hostname\":\"echo-term.tetrate.io\",\"name\":\"echo\",\"port\":8080,\"routing\":{\"rules\":[{\"route\":{\"host\":\"echo-term/echo-term.echo-term.svc.cluster.local\",\"port\":80}}]}}],\"workloadSelector\":{\"labels\":{\"app\":\"echo-term-gateway\"},\"namespace\":\"echo-term\"}}}\n","xcp.tetrate.io/contentHash":"7a30800c1ec6ccbe0c5b353857e90293"},"creationTimestamp":"0001-01-01T00:00:00Z","Spec":{"servers":[{"port":{"number":8080,"protocol":"HTTP","name":"http-echo"},"hosts":["echo-term/echo-term.tetrate.io"],"name":"echo"},{"port":{"number":15443,"protocol":"HTTPS","name":"mtls-echo"},"hosts":["echo-term/echo-term.tetrate.io"],"tls":{"mode":"ISTIO_MUTUAL"},"name":"echo-mtls"}],"selector":{"app":"echo-term-gateway"}},"Status":null,"Extra":null}
2026-05-23T07:30:13.081004Z	debug	resource-cache	[echo-term] Create for {"type":{"group":"networking.istio.io","version":"v1","kind":"VirtualService"},"name":"vs-echo-term-tetrate-io","namespace":"echo-term","labels":{"istio.io/rev":"global","xcp.tetrate.io/gatewayGroup":"tier2-term-gg","xcp.tetrate.io/workspace":"term-ws"},"annotations":{"kubectl.kubernetes.io/last-applied-configuration":"{\"apiVersion\":\"gateway.xcp.tetrate.io/v2\",\"kind\":\"IngressGateway\",\"metadata\":{\"annotations\":{},\"labels\":{\"xcp.tetrate.io/gatewayGroup\":\"tier2-term-gg\",\"xcp.tetrate.io/workspace\":\"term-ws\"},\"name\":\"echo-t2-term-gw\",\"namespace\":\"xcp-system\"},\"spec\":{\"http\":[{\"hostname\":\"echo-term.tetrate.io\",\"name\":\"echo\",\"port\":8080,\"routing\":{\"rules\":[{\"route\":{\"host\":\"echo-term/echo-term.echo-term.svc.cluster.local\",\"port\":80}}]}}],\"workloadSelector\":{\"labels\":{\"app\":\"echo-term-gateway\"},\"namespace\":\"echo-term\"}}}\n","xcp.tetrate.io/contentHash":"7a30800c1ec6ccbe0c5b353857e90293"},"creationTimestamp":"0001-01-01T00:00:00Z","Spec":{"hosts":["echo-term.tetrate.io"],"gateways":["echo-term/echo-t2-term-gw"],"http":[{"name":"echo-t2-term-gw-echo-0","match":[{"port":8080},{"port":15443}],"route":[{"destination":{"host":"echo-term.echo-term.svc.cluster.local","port":{"number":80}},"weight":100}]}],"exportTo":["."]},"Status":null,"Extra":null}
2026-05-23T07:30:13.081004Z	debug	configapply	computed hash for Gateway:echo-term/echo-t2-term-gw - e1ab8ad4f6be128c4904e6f0a06a7dd9
2026-05-23T07:30:13.081007Z	warn	kube	kube-client could not fetch on get echo-t2-term-gw/echo-term
2026-05-23T07:30:13.081014Z	debug	resource-cache	[echo-term] Create for {"type":{"group":"networking.istio.io","version":"v1alpha3","kind":"EnvoyFilter"},"name":"tier2-term-gg-default-upstream-traffic-setting","namespace":"echo-term","labels":{"istio.io/rev":"global"},"annotations":{"kubectl.kubernetes.io/last-applied-configuration":"{\"apiVersion\":\"xcp.tetrate.io/v2\",\"kind\":\"Workspace\",\"metadata\":{\"annotations\":{},\"name\":\"term-ws\",\"namespace\":\"xcp-system\"},\"spec\":{\"namespaceSelector\":{\"names\":[\"cluster-0/tier1-term\",\"cluster-1/echo-term\"]}}}\n","xcp.tetrate.io/contentHash":"220b19430e1ce65d95602a2ae611e44f"},"creationTimestamp":"0001-01-01T00:00:00Z","Spec":{"configPatches":[{"applyTo":"CLUSTER","match":{"context":"GATEWAY","proxy":{"proxyVersion":"^1\\.(22|24|28)(\\.\\d+)?(-.*)?$"}},"patch":{"operation":"MERGE","value":{"@type":"type.googleapis.com/envoy.config.cluster.v3.Cluster","common_lb_config":{"healthy_panic_threshold":{}},"outlier_detection":{"consecutive_gateway_failure":10,"enforcing_consecutive_5xx":0,"enforcing_consecutive_gateway_failure":100,"max_ejection_percent":100}}}},{"applyTo":"HTTP_ROUTE","match":{"context":"GATEWAY","proxy":{"proxyVersion":"^1\\.(22|24|28)(\\.\\d+)?(-.*)?$"},"routeConfiguration":{"vhost":{"route":{"action":"ROUTE"}}}},"patch":{"operation":"MERGE","value":{"@type":"type.googleapis.com/envoy.config.route.v3.Route","route":{"retry_policy":{"host_selection_retry_max_attempts":"5","num_retries":2,"retriable_status_codes":[503],"retry_host_predicate":[{"name":"envoy.retry_host_predicates.previous_hosts","typed_config":{"@type":"type.googleapis.com/envoy.extensions.retry.host.previous_hosts.v3.PreviousHostsPredicate"}}],"retry_on":"reset,connect-failure,refused-stream,unavailable,cancelled,retriable-status-codes"}}}}}],"priority":100},"Status":null,"Extra":null}
2026-05-23T07:30:13.081026Z	debug	configapply	computed hash for VirtualService:echo-term/vs-echo-term-tetrate-io - 96c5e597e3b0e45741fe5d22a27e958a
2026-05-23T07:30:13.081028Z	warn	kube	kube-client could not fetch on get vs-echo-term-tetrate-io/echo-term
2026-05-23T07:30:13.080972Z	debug	configapply	computed hash for EnvoyFilter:echo-term/default-allow-echo-t2-term-gw-external-batch0 - 927e14370db8eee6b10f33b22f2a997e
2026-05-23T07:30:13.081052Z	warn	kube	kube-client could not fetch on get default-allow-echo-t2-term-gw-external-batch0/echo-term
2026-05-23T07:30:13.081071Z	debug	configapply	computed hash for EnvoyFilter:echo-term/tier2-term-gg-default-upstream-traffic-setting - 4f9a6697acdcca0723b42f9f050bddf9
2026-05-23T07:30:13.081072Z	warn	kube	kube-client could not fetch on get tier2-term-gg-default-upstream-traffic-setting/echo-term
2026-05-23T07:30:13.081125Z	debug	resource-cache	[echo-term] Create for {"type":{"group":"networking.istio.io","version":"v1alpha3","kind":"EnvoyFilter"},"name":"default-upstream-traffic-setting","namespace":"echo-term","labels":{"istio.io/rev":"global"},"annotations":{"kubectl.kubernetes.io/last-applied-configuration":"{\"apiVersion\":\"xcp.tetrate.io/v2\",\"kind\":\"Workspace\",\"metadata\":{\"annotations\":{},\"name\":\"term-ws\",\"namespace\":\"xcp-system\"},\"spec\":{\"namespaceSelector\":{\"names\":[\"cluster-0/tier1-term\",\"cluster-1/echo-term\"]}}}\n","xcp.tetrate.io/contentHash":"220b19430e1ce65d95602a2ae611e44f"},"creationTimestamp":"0001-01-01T00:00:00Z","Spec":{"configPatches":[{"applyTo":"CLUSTER","match":{"context":"SIDECAR_OUTBOUND","proxy":{"proxyVersion":"^1\\.(22|24|28)(\\.\\d+)?(-.*)?$"}},"patch":{"operation":"MERGE","value":{"@type":"type.googleapis.com/envoy.config.cluster.v3.Cluster","common_lb_config":{"healthy_panic_threshold":{}},"outlier_detection":{"consecutive_gateway_failure":10,"enforcing_consecutive_5xx":0,"enforcing_consecutive_gateway_failure":100,"max_ejection_percent":100}}}},{"applyTo":"HTTP_ROUTE","match":{"context":"SIDECAR_OUTBOUND","proxy":{"proxyVersion":"^1\\.(22|24|28)(\\.\\d+)?(-.*)?$"},"routeConfiguration":{"vhost":{"route":{"action":"ROUTE"}}}},"patch":{"operation":"MERGE","value":{"@type":"type.googleapis.com/envoy.config.route.v3.Route","route":{"retry_policy":{"host_selection_retry_max_attempts":"5","num_retries":2,"retriable_status_codes":[503],"retry_host_predicate":[{"name":"envoy.retry_host_predicates.previous_hosts","typed_config":{"@type":"type.googleapis.com/envoy.extensions.retry.host.previous_hosts.v3.PreviousHostsPredicate"}}],"retry_on":"reset,connect-failure,refused-stream,unavailable,cancelled,retriable-status-codes"}}}}}],"priority":100},"Status":null,"Extra":null}
2026-05-23T07:30:13.081201Z	debug	configapply	computed hash for EnvoyFilter:echo-term/default-upstream-traffic-setting - 14645e3efdd68386f959e9db371e7301
2026-05-23T07:30:13.081210Z	warn	kube	kube-client could not fetch on get default-upstream-traffic-setting/echo-term
2026-05-23T07:30:13.085591Z	debug	resource-cache	[echo-term] ResourceCache length 11
2026-05-23T07:30:13.085602Z	debug	resource-cache	[echo-term] ===END: Apply request for 7 objects in 0.004811 s
2026-05-23T07:30:13.085616Z	debug	cluster-state	Triggering cluster state change event due to config, at 2026-05-23 07:30:13.078191465 +0000 UTC m=+95240.824251156 (force regenerate config = map[]). Resources: []
2026-05-23T07:30:13.087817Z	debug	debounce	resetting maxSilentCurrent. updated: 10ms	id=b6981aea
2026-05-23T07:30:13.353795Z	debug	debounce	notify cbk invoked	id=0ae90c02
2026-05-23T07:30:13.353852Z	debug	debounce	notify cbk returned	id=0ae90c02
2026-05-23T07:30:13.353858Z	debug	debounce	Applying exponential step-up. maxSilentCurrent updated to: 2s	id=0ae90c02
2026-05-23T07:30:13.353877Z	info	cluster-state	processConfigTranslationNotification: cluster-eventid: 2026-05-23 07:30:12.353073298 +0000 UTC m=+95240.099132989 and 0 more, queue length: 0, reasons: config,, forceConfigRegenReasons: map[], resources: []
2026-05-23T07:30:13.353883Z	debug	configapply	Sending XCP api CRDs to istio config translator
2026-05-23T07:30:13.354048Z	debug	model	gateway-group mapping: map[tier2-term-gg:tier2-term-gg]
2026-05-23T07:30:13.354056Z	debug	model	security-group mapping: map[]
2026-05-23T07:30:13.354057Z	debug	model	traffic-group mapping: map[]
2026-05-23T07:30:13.354058Z	debug	model	istio-internal-group mapping: map[]
2026-05-23T07:30:13.354060Z	debug	model	gateway-deployment mapping: map[echo-term-gateway:echo-term-gateway]
2026-05-23T07:30:13.354073Z	debug	model	processing 16 objects for cluster cluster-1
2026-05-23T07:30:13.354164Z	debug	model	Processing workspace: istio-system/term-ws, o.gvk xcp.tetrate.io/v2/Workspace
2026-05-23T07:30:13.354173Z	debug	model	resolved workspace namespaces [echo-term]
2026-05-23T07:30:13.354185Z	info	model	echo-term: adding workspace term-ws
2026-05-23T07:30:13.354260Z	debug	model	populateGroups workspace = term-ws, &{Meta:{GroupVersionKind:xcp.tetrate.io/v2/Workspace UID: Name:term-ws Namespace:istio-system Domain: Labels:map[] Annotations:map[kubectl.kubernetes.io/last-applied-configuration:{"apiVersion":"xcp.tetrate.io/v2","kind":"Workspace","metadata":{"annotations":{},"name":"term-ws","namespace":"xcp-system"},"spec":{"namespaceSelector":{"names":["cluster-0/tier1-term","cluster-1/echo-term"]}}}
 xcp.tetrate.io/contentHash:220b19430e1ce65d95602a2ae611e44f] ResourceVersion:269003 CreationTimestamp:2026-05-23 07:30:12 +0000 UTC OwnerReferences:[] Generation:0} Spec:namespace_selector:{names:"cluster-0/tier1-term" names:"cluster-1/echo-term"} Status:<nil> Extra:map[]}
2026-05-23T07:30:13.354267Z	debug	model	gg namespace_selector:{names:"cluster-1/echo-term"}
2026-05-23T07:30:13.354269Z	debug	model	resolved gateway group namespaces [echo-term]
2026-05-23T07:30:13.354277Z	debug	model	echo-term: registered gateway group tier2-term-gg in workspace term-ws
2026-05-23T07:30:13.354280Z	error	model	workspace name is unspecified or empty for install.xcp.tetrate.io/v1alpha1/GatewayDeployment::istio-system/echo-term-gateway. Skipping...
2026-05-23T07:30:13.354347Z	debug	model	populateObjectsInGroups: workspace = term-ws, &{Meta:{GroupVersionKind:xcp.tetrate.io/v2/Workspace UID: Name:term-ws Namespace:istio-system Domain: Labels:map[] Annotations:map[kubectl.kubernetes.io/last-applied-configuration:{"apiVersion":"xcp.tetrate.io/v2","kind":"Workspace","metadata":{"annotations":{},"name":"term-ws","namespace":"xcp-system"},"spec":{"namespaceSelector":{"names":["cluster-0/tier1-term","cluster-1/echo-term"]}}}
 xcp.tetrate.io/contentHash:220b19430e1ce65d95602a2ae611e44f] ResourceVersion:269003 CreationTimestamp:2026-05-23 07:30:12 +0000 UTC OwnerReferences:[] Generation:0} Spec:namespace_selector:{names:"cluster-0/tier1-term" names:"cluster-1/echo-term"} Status:<nil> Extra:map[]}
2026-05-23T07:30:13.354358Z	error	model	workspace name is unspecified or empty for install.xcp.tetrate.io/v1alpha1/GatewayDeployment::istio-system/echo-term-gateway. Skipping...
2026-05-23T07:30:13.354518Z	debug	eastwest-configgen	namespace "cert-manager" does not have Istio revision "" in boundary "global". Ambient mode: false
2026-05-23T07:30:13.354522Z	debug	eastwest-configgen	namespace "kube-public" does not have Istio revision "" in boundary "global". Ambient mode: false
2026-05-23T07:30:13.354524Z	debug	eastwest-configgen	namespace "default" does not have Istio revision "" in boundary "global". Ambient mode: false
2026-05-23T07:30:13.354525Z	debug	eastwest-configgen	namespace "kube-node-lease" does not have Istio revision "" in boundary "global". Ambient mode: false
2026-05-23T07:30:13.354526Z	debug	eastwest-configgen	namespace "metallb-system" does not have Istio revision "" in boundary "global". Ambient mode: false
2026-05-23T07:30:13.354527Z	debug	eastwest-configgen	namespace "local-path-storage" does not have Istio revision "" in boundary "global". Ambient mode: false
2026-05-23T07:30:13.354556Z	info	no portname specified for service metallb-webhook-service.metallb-system.svc.cluster.local port 443. no endpoints will be detected
2026-05-23T07:30:13.354570Z	info	eastwest-configgen	no endpoints found for service "metallb-webhook-service.metallb-system.svc.cluster.local" port 443
2026-05-23T07:30:13.354568Z	debug	eastwest-configgen	found Istio IsolationBoundary "global" for Namespace "echo-term"
2026-05-23T07:30:13.354574Z	info	eastwest-configgen	no endpoints found for service "echo-term.echo-term.svc.cluster.local" port 80
2026-05-23T07:30:13.354584Z	debug	eastwest-configgen	found Istio IsolationBoundary "global" for Namespace "echo-term"
2026-05-23T07:30:13.354591Z	debug	eastwest-configgen	computed east-west gateway associations: {}
2026-05-23T07:30:13.354606Z	debug	discovery-server	found service instance with matching namespace and labels. svc port 15443, workload port 15443
2026-05-23T07:30:13.354609Z	debug	configapply	Translation triggered for all [local-path-storage cert-manager kube-public echo-term tier1 default kube-node-lease metallb-system] namespaces
2026-05-23T07:30:13.354628Z	debug	translator	skipping translation for namespace "metallb-system"	ns=metallb-system id=65fbab67
2026-05-23T07:30:13.354638Z	debug	resource-cache	Batch-based resource tracking disabled, falling back to namespace-based
2026-05-23T07:30:13.354639Z	debug	resource-cache	[metallb-system] ===BEGIN: Apply request for 0 objects
2026-05-23T07:30:13.354641Z	debug	resource-cache	Delete all objects from the namespace metallb-system
2026-05-23T07:30:13.354642Z	debug	resource-cache	[metallb-system] objects previously in k8s api server cache: 0
2026-05-23T07:30:13.354643Z	debug	resource-cache	[metallb-system] No previous objects at k8s apiserver cache for namespace
2026-05-23T07:30:13.354645Z	debug	resource-cache	[metallb-system] ===END: Apply request for 0 objects in 0.000005 s
2026-05-23T07:30:13.354654Z	debug	resource-cache	[metallb-system] ===BEGIN: Apply request for 0 objects
2026-05-23T07:30:13.354655Z	debug	resource-cache	Delete all objects from the namespace metallb-system
2026-05-23T07:30:13.354656Z	debug	resource-cache	[metallb-system] objects previously in k8s api server cache: 0
2026-05-23T07:30:13.354657Z	debug	resource-cache	[metallb-system] No previous objects at k8s apiserver cache for namespace
2026-05-23T07:30:13.354658Z	debug	resource-cache	[metallb-system] ===END: Apply request for 0 objects in 0.000004 s
2026-05-23T07:30:13.354715Z	debug	resource-cache	Unmanaged Istio resources by kind: map[AuthorizationPolicy:0 DestinationRule:0 EnvoyFilter:0 Gateway:0 PeerAuthentication:0 RequestAuthentication:0 ServiceEntry:0 Sidecar:0 Telemetry:0 VirtualService:0 WasmPlugin:0 WorkloadEntry:0]
2026-05-23T07:30:13.354722Z	debug	translator	skipping translation for namespace "local-path-storage"	ns=local-path-storage id=639319d9
2026-05-23T07:30:13.354726Z	debug	resource-cache	Batch-based resource tracking disabled, falling back to namespace-based
2026-05-23T07:30:13.354727Z	debug	resource-cache	[local-path-storage] ===BEGIN: Apply request for 0 objects
2026-05-23T07:30:13.354727Z	debug	resource-cache	Delete all objects from the namespace local-path-storage
2026-05-23T07:30:13.354728Z	debug	resource-cache	[local-path-storage] objects previously in k8s api server cache: 0
2026-05-23T07:30:13.354729Z	debug	resource-cache	[local-path-storage] No previous objects at k8s apiserver cache for namespace
2026-05-23T07:30:13.354730Z	debug	resource-cache	[local-path-storage] ===END: Apply request for 0 objects in 0.000003 s
2026-05-23T07:30:13.354735Z	debug	resource-cache	[local-path-storage] ===BEGIN: Apply request for 0 objects
2026-05-23T07:30:13.354736Z	debug	resource-cache	Delete all objects from the namespace local-path-storage
2026-05-23T07:30:13.354737Z	debug	resource-cache	[local-path-storage] objects previously in k8s api server cache: 0
2026-05-23T07:30:13.354738Z	debug	resource-cache	[local-path-storage] No previous objects at k8s apiserver cache for namespace
2026-05-23T07:30:13.354739Z	debug	resource-cache	[local-path-storage] ===END: Apply request for 0 objects in 0.000004 s
2026-05-23T07:30:13.354745Z	debug	translator	skipping translation for namespace "cert-manager"	ns=cert-manager id=8354b00c
2026-05-23T07:30:13.354753Z	debug	resource-cache	Batch-based resource tracking disabled, falling back to namespace-based
2026-05-23T07:30:13.354753Z	debug	resource-cache	[cert-manager] ===BEGIN: Apply request for 0 objects
2026-05-23T07:30:13.354754Z	debug	resource-cache	Delete all objects from the namespace cert-manager
2026-05-23T07:30:13.354755Z	debug	resource-cache	[cert-manager] objects previously in k8s api server cache: 0
2026-05-23T07:30:13.354756Z	debug	resource-cache	[cert-manager] No previous objects at k8s apiserver cache for namespace
2026-05-23T07:30:13.354757Z	debug	resource-cache	[cert-manager] ===END: Apply request for 0 objects in 0.000003 s
2026-05-23T07:30:13.354761Z	debug	resource-cache	[cert-manager] ===BEGIN: Apply request for 0 objects
2026-05-23T07:30:13.354762Z	debug	resource-cache	Delete all objects from the namespace cert-manager
2026-05-23T07:30:13.354763Z	debug	resource-cache	[cert-manager] objects previously in k8s api server cache: 0
2026-05-23T07:30:13.354764Z	debug	resource-cache	[cert-manager] No previous objects at k8s apiserver cache for namespace
2026-05-23T07:30:13.354765Z	debug	resource-cache	[cert-manager] ===END: Apply request for 0 objects in 0.000004 s
2026-05-23T07:30:13.354769Z	debug	translator	skipping translation for namespace "kube-public"	ns=kube-public id=a8586729
2026-05-23T07:30:13.354774Z	debug	resource-cache	Batch-based resource tracking disabled, falling back to namespace-based
2026-05-23T07:30:13.354774Z	debug	resource-cache	[kube-public] ===BEGIN: Apply request for 0 objects
2026-05-23T07:30:13.354776Z	debug	resource-cache	Delete all objects from the namespace kube-public
2026-05-23T07:30:13.354777Z	debug	resource-cache	[kube-public] objects previously in k8s api server cache: 0
2026-05-23T07:30:13.354777Z	debug	resource-cache	[kube-public] No previous objects at k8s apiserver cache for namespace
2026-05-23T07:30:13.354778Z	debug	resource-cache	[kube-public] ===END: Apply request for 0 objects in 0.000003 s
2026-05-23T07:30:13.354781Z	debug	resource-cache	[kube-public] ===BEGIN: Apply request for 0 objects
2026-05-23T07:30:13.354782Z	debug	resource-cache	Delete all objects from the namespace kube-public
2026-05-23T07:30:13.354782Z	debug	resource-cache	[kube-public] objects previously in k8s api server cache: 0
2026-05-23T07:30:13.354783Z	debug	resource-cache	[kube-public] No previous objects at k8s apiserver cache for namespace
2026-05-23T07:30:13.354784Z	debug	resource-cache	[kube-public] ===END: Apply request for 0 objects in 0.000003 s
2026-05-23T07:30:13.354794Z	warn	translator	error while looking up traffic group for namespace "echo-term": traffic group not found for namespace echo-term in workspace term-ws	ns=echo-term id=fac40a2e
2026-05-23T07:30:13.354797Z	debug	translator	traffic group for namespace "echo-term" not found. applying defaults	ns=echo-term id=fac40a2e
2026-05-23T07:30:13.354799Z	debug	translator	traffic group for namespace "echo-term" not found	ns=echo-term id=fac40a2e
2026-05-23T07:30:13.354806Z	debug	translator	upstream traffic setting for namespace "echo-term" not found, default settings will be created	ns=echo-term id=fac40a2e
2026-05-23T07:30:13.354929Z	warn	translator	failed to lookup security group for "echo-term": security group not found for namespace echo-term in workspace term-ws	ns=echo-term id=fac40a2e
2026-05-23T07:30:13.354934Z	debug	translator	security group for namespace "echo-term" not found. applying defaults	ns=echo-term id=fac40a2e
2026-05-23T07:30:13.354947Z	debug	translator	selector is nil means no per-svc security settings, setting it to match_labels:{key:"istio" value:"ingressgateway"}	ns=echo-term id=fac40a2e
2026-05-23T07:30:13.354953Z	debug	translator	found gateway group (BRIDGED) "tier2-term-gg" for namespace "echo-term"	ns=echo-term id=fac40a2e
2026-05-23T07:30:13.354955Z	warn	translator	error while getting traffic group for namespace "echo-term": traffic group not found for namespace echo-term in workspace term-ws	ns=echo-term id=fac40a2e
2026-05-23T07:30:13.354956Z	debug	translator	upstream traffic setting for namespace "echo-term" not found, default settings will be created	ns=echo-term id=fac40a2e
2026-05-23T07:30:13.354957Z	debug	translator	found gateway group for namespace "echo-term": tier2-term-gg	ns=echo-term id=fac40a2e
2026-05-23T07:30:13.355002Z	debug	translator	translating ingress gateway echo-t2-term-gw with 1 servers	ns=echo-term id=fac40a2e
2026-05-23T07:30:13.355007Z	debug	translator	translating ingress gateway echo-t2-term-gw, http server echo	ns=echo-term id=fac40a2e
2026-05-23T07:30:13.355015Z	debug	translator	picked HTTP server echo (port 8080) for multicluster routing for hostname echo-term.tetrate.io because it contains at least one route rule	ns=echo-term id=fac40a2e
2026-05-23T07:30:13.355017Z	debug	translator	translating gateway echo-t2-term-gw http server echo (echo-term.tetrate.io) to virtual service, type external	ns=echo-term id=fac40a2e
2026-05-23T07:30:13.355023Z	debug	model	cannot find traffic group for the namespace echo-term in workspace term-ws
2026-05-23T07:30:13.355107Z	debug	translator	Authz: No authz on external traffic for "echo-term.tetrate.io"	ns=echo-term id=fac40a2e
2026-05-23T07:30:13.355123Z	debug	translator	[ambient] buildEastWestGatewayConfigs: entry point called	ns=echo-term id=fac40a2e
2026-05-23T07:30:13.355125Z	debug	translator	[ambient] doBuildEastWestGatewayConfigsforAllWorkspaces: processing 1 workspaces	ns=echo-term id=fac40a2e
2026-05-23T07:30:13.355127Z	debug	translator	[ambient] processing workspace 0: term-ws	ns=echo-term id=fac40a2e
2026-05-23T07:30:13.355128Z	debug	translator	workspace settings for workspace "term-ws" does not have east-west gateway configs defined	ns=echo-term id=fac40a2e
2026-05-23T07:30:13.355129Z	debug	translator	[ambient] workspace term-ws generated 0 regular east-west configs	ns=echo-term id=fac40a2e
2026-05-23T07:30:13.355130Z	debug	translator	[ambient] EnableAmbient=false, skipping ambient hybrid configs for workspace term-ws	ns=echo-term id=fac40a2e
2026-05-23T07:30:13.355131Z	debug	translator	[ambient] doBuildEastWestGatewayConfigsforAllWorkspaces: total generated 0 configs	ns=echo-term id=fac40a2e
2026-05-23T07:30:13.355134Z	debug	translator	error while looking up istio internal group for namespace "echo-term": istio internal group not found for namespace echo-term in workspace term-ws	ns=echo-term id=fac40a2e
2026-05-23T07:30:13.355138Z	debug	translator	generated configurations: 2 traffic, 1 security, 4 gateway, 0 istio internal	ns=echo-term id=fac40a2e
2026-05-23T07:30:13.355139Z	debug	translator	ew-gen: generating east-west workload entry configs for local services that are exposed for east-west routing	ns=echo-term id=fac40a2e
2026-05-23T07:30:13.355818Z	debug	configapply	Applying 7 istio objects in namespace echo-term
2026-05-23T07:30:13.355824Z	debug	configapply	   networking.istio.io/v1/Sidecar [echo-term/default]
2026-05-23T07:30:13.355825Z	debug	configapply	   networking.istio.io/v1alpha3/EnvoyFilter [echo-term/default-upstream-traffic-setting]
2026-05-23T07:30:13.355826Z	debug	configapply	   security.istio.io/v1/AuthorizationPolicy [echo-term/allow]
2026-05-23T07:30:13.355827Z	debug	configapply	   networking.istio.io/v1alpha3/EnvoyFilter [echo-term/tier2-term-gg-default-upstream-traffic-setting]
2026-05-23T07:30:13.355828Z	debug	configapply	   networking.istio.io/v1/Gateway [echo-term/echo-t2-term-gw]
2026-05-23T07:30:13.355829Z	debug	configapply	   networking.istio.io/v1/VirtualService [echo-term/vs-echo-term-tetrate-io]
2026-05-23T07:30:13.355829Z	debug	configapply	   networking.istio.io/v1alpha3/EnvoyFilter [echo-term/default-allow-echo-t2-term-gw-external-batch0]
2026-05-23T07:30:13.355830Z	debug	resource-cache	[echo-term] ===BEGIN: Apply request for 7 objects
2026-05-23T07:30:13.355823Z	debug	translator	skipping translation for namespace "default"	ns=default id=63a26d81
2026-05-23T07:30:13.355834Z	debug	resource-cache	Batch-based resource tracking disabled, falling back to namespace-based
2026-05-23T07:30:13.355835Z	debug	resource-cache	[default] ===BEGIN: Apply request for 0 objects
2026-05-23T07:30:13.355836Z	debug	resource-cache	Delete all objects from the namespace default
2026-05-23T07:30:13.355837Z	debug	resource-cache	[default] objects previously in k8s api server cache: 0
2026-05-23T07:30:13.355838Z	debug	resource-cache	[default] No previous objects at k8s apiserver cache for namespace
2026-05-23T07:30:13.355839Z	debug	resource-cache	[default] ===END: Apply request for 0 objects in 0.000004 s
2026-05-23T07:30:13.355848Z	debug	resource-cache	[default] ===BEGIN: Apply request for 0 objects
2026-05-23T07:30:13.355849Z	debug	resource-cache	Delete all objects from the namespace default
2026-05-23T07:30:13.355850Z	debug	resource-cache	[default] objects previously in k8s api server cache: 0
2026-05-23T07:30:13.355850Z	debug	resource-cache	[default] No previous objects at k8s apiserver cache for namespace
2026-05-23T07:30:13.355851Z	debug	resource-cache	[default] ===END: Apply request for 0 objects in 0.000003 s
2026-05-23T07:30:13.355847Z	debug	translator	skipping translation for namespace "kube-node-lease"	ns=kube-node-lease id=d75ef57b
2026-05-23T07:30:13.355858Z	debug	resource-cache	Batch-based resource tracking disabled, falling back to namespace-based
2026-05-23T07:30:13.355859Z	debug	resource-cache	[kube-node-lease] ===BEGIN: Apply request for 0 objects
2026-05-23T07:30:13.355860Z	debug	resource-cache	Delete all objects from the namespace kube-node-lease
2026-05-23T07:30:13.355860Z	debug	translator	error while looking up workspace for namespace "tier1": the namespace "tier1" is not mapped to any workspace	ns=tier1 id=884a2107
2026-05-23T07:30:13.355861Z	debug	resource-cache	[kube-node-lease] objects previously in k8s api server cache: 0
2026-05-23T07:30:13.355863Z	debug	resource-cache	[kube-node-lease] No previous objects at k8s apiserver cache for namespace
2026-05-23T07:30:13.355863Z	debug	translator	failed to lookup workspace for namespace "tier1": the namespace "tier1" is not mapped to any workspace	ns=tier1 id=884a2107
2026-05-23T07:30:13.355864Z	debug	resource-cache	[kube-node-lease] ===END: Apply request for 0 objects in 0.000004 s
2026-05-23T07:30:13.355864Z	debug	translator	workspace for namespace "tier1" not found	ns=tier1 id=884a2107
2026-05-23T07:30:13.355865Z	debug	translator	[ambient] buildEastWestGatewayConfigs: entry point called	ns=tier1 id=884a2107
2026-05-23T07:30:13.355867Z	debug	translator	[ambient] doBuildEastWestGatewayConfigsforAllWorkspaces: processing 1 workspaces	ns=tier1 id=884a2107
2026-05-23T07:30:13.355868Z	debug	translator	[ambient] processing workspace 0: term-ws	ns=tier1 id=884a2107
2026-05-23T07:30:13.355869Z	debug	translator	workspace settings for workspace "term-ws" does not have east-west gateway configs defined	ns=tier1 id=884a2107
2026-05-23T07:30:13.355875Z	debug	translator	[ambient] workspace term-ws generated 0 regular east-west configs	ns=tier1 id=884a2107
2026-05-23T07:30:13.355876Z	debug	translator	[ambient] EnableAmbient=false, skipping ambient hybrid configs for workspace term-ws	ns=tier1 id=884a2107
2026-05-23T07:30:13.355877Z	debug	translator	[ambient] doBuildEastWestGatewayConfigsforAllWorkspaces: total generated 0 configs	ns=tier1 id=884a2107
2026-05-23T07:30:13.355879Z	debug	translator	error while looking up workspace for namespace "tier1": the namespace "tier1" is not mapped to any workspace	ns=tier1 id=884a2107
2026-05-23T07:30:13.355880Z	debug	translator	error while looking up workspace for namespace "tier1": the namespace "tier1" is not mapped to any workspace	ns=tier1 id=884a2107
2026-05-23T07:30:13.355881Z	debug	translator	generated configurations: 0 traffic, 0 security, 0 gateway, 0 istio internal	ns=tier1 id=884a2107
2026-05-23T07:30:13.355882Z	debug	translator	ew-gen: generating east-west workload entry configs for local services that are exposed for east-west routing	ns=tier1 id=884a2107
2026-05-23T07:30:13.355885Z	debug	resource-cache	Batch-based resource tracking disabled, falling back to namespace-based
2026-05-23T07:30:13.355885Z	debug	resource-cache	[tier1] ===BEGIN: Apply request for 0 objects
2026-05-23T07:30:13.355886Z	debug	resource-cache	Delete all objects from the namespace tier1
2026-05-23T07:30:13.355887Z	debug	resource-cache	[tier1] objects previously in k8s api server cache: 0
2026-05-23T07:30:13.355888Z	debug	resource-cache	[tier1] No previous objects at k8s apiserver cache for namespace
2026-05-23T07:30:13.355889Z	debug	resource-cache	[tier1] ===END: Apply request for 0 objects in 0.000003 s
2026-05-23T07:30:13.355893Z	debug	resource-cache	[tier1] ===BEGIN: Apply request for 0 objects
2026-05-23T07:30:13.355893Z	debug	resource-cache	Delete all objects from the namespace tier1
2026-05-23T07:30:13.355894Z	debug	resource-cache	[tier1] objects previously in k8s api server cache: 0
2026-05-23T07:30:13.355895Z	debug	resource-cache	[tier1] No previous objects at k8s apiserver cache for namespace
2026-05-23T07:30:13.355895Z	debug	resource-cache	[tier1] ===END: Apply request for 0 objects in 0.000003 s
2026-05-23T07:30:13.355873Z	debug	resource-cache	[kube-node-lease] ===BEGIN: Apply request for 0 objects
2026-05-23T07:30:13.355898Z	debug	resource-cache	Delete all objects from the namespace kube-node-lease
2026-05-23T07:30:13.355899Z	debug	resource-cache	[kube-node-lease] objects previously in k8s api server cache: 0
2026-05-23T07:30:13.355900Z	debug	resource-cache	[kube-node-lease] No previous objects at k8s apiserver cache for namespace
2026-05-23T07:30:13.355900Z	debug	resource-cache	[kube-node-lease] ===END: Apply request for 0 objects in 0.000027 s
2026-05-23T07:30:13.355916Z	debug	resource-cache	[echo-term] Create for {"type":{"group":"security.istio.io","version":"v1","kind":"AuthorizationPolicy"},"name":"allow","namespace":"echo-term","labels":{"istio.io/rev":"global"},"annotations":{"kubectl.kubernetes.io/last-applied-configuration":"{\"apiVersion\":\"xcp.tetrate.io/v2\",\"kind\":\"Workspace\",\"metadata\":{\"annotations\":{},\"name\":\"term-ws\",\"namespace\":\"xcp-system\"},\"spec\":{\"namespaceSelector\":{\"names\":[\"cluster-0/tier1-term\",\"cluster-1/echo-term\"]}}}\n","xcp.tetrate.io/contentHash":"220b19430e1ce65d95602a2ae611e44f"},"creationTimestamp":"0001-01-01T00:00:00Z","Spec":{"selector":{"matchLabels":{"istio":"ingressgateway"}},"rules":[{"from":[{"source":{"principals":["*"]}}],"to":[{"operation":{"ports":["15443"]}}]}]},"Status":null,"Extra":null}
2026-05-23T07:30:13.355924Z	debug	resource-cache	[echo-term] Create for {"type":{"group":"networking.istio.io","version":"v1","kind":"Sidecar"},"name":"default","namespace":"echo-term","labels":{"istio.io/rev":"global"},"annotations":{"kubectl.kubernetes.io/last-applied-configuration":"{\"apiVersion\":\"xcp.tetrate.io/v2\",\"kind\":\"Workspace\",\"metadata\":{\"annotations\":{},\"name\":\"term-ws\",\"namespace\":\"xcp-system\"},\"spec\":{\"namespaceSelector\":{\"names\":[\"cluster-0/tier1-term\",\"cluster-1/echo-term\"]}}}\n","xcp.tetrate.io/contentHash":"220b19430e1ce65d95602a2ae611e44f"},"creationTimestamp":"0001-01-01T00:00:00Z","Spec":{"egress":[{"hosts":["*/*"]}]},"Status":null,"Extra":null}
2026-05-23T07:30:13.355932Z	debug	resource-cache	[echo-term] Create for {"type":{"group":"networking.istio.io","version":"v1alpha3","kind":"EnvoyFilter"},"name":"default-allow-echo-t2-term-gw-external-batch0","namespace":"echo-term","labels":{"istio.io/rev":"global","xcp.tetrate.io/gatewayGroup":"tier2-term-gg","xcp.tetrate.io/workspace":"term-ws"},"annotations":{"kubectl.kubernetes.io/last-applied-configuration":"{\"apiVersion\":\"gateway.xcp.tetrate.io/v2\",\"kind\":\"IngressGateway\",\"metadata\":{\"annotations\":{},\"labels\":{\"xcp.tetrate.io/gatewayGroup\":\"tier2-term-gg\",\"xcp.tetrate.io/workspace\":\"term-ws\"},\"name\":\"echo-t2-term-gw\",\"namespace\":\"xcp-system\"},\"spec\":{\"http\":[{\"hostname\":\"echo-term.tetrate.io\",\"name\":\"echo\",\"port\":8080,\"routing\":{\"rules\":[{\"route\":{\"host\":\"echo-term/echo-term.echo-term.svc.cluster.local\",\"port\":80}}]}}],\"workloadSelector\":{\"labels\":{\"app\":\"echo-term-gateway\"},\"namespace\":\"echo-term\"}}}\n","xcp.tetrate.io/contentHash":"7a30800c1ec6ccbe0c5b353857e90293"},"creationTimestamp":"0001-01-01T00:00:00Z","Spec":{"workloadSelector":{"labels":{"app":"echo-term-gateway"}},"configPatches":[{"applyTo":"HTTP_FILTER","match":{"context":"GATEWAY","proxy":{"proxyVersion":"^1\\.(22|24|28)(\\.\\d+)?(-.*)?$"},"listener":{"portNumber":8080,"filterChain":{"filter":{"name":"envoy.filters.network.http_connection_manager","subFilter":{"name":"envoy.filters.http.rbac"}}}}},"patch":{"operation":"MERGE","value":{"name":"envoy.filters.http.rbac","typed_config":{"@type":"type.googleapis.com/envoy.extensions.filters.http.rbac.v3.RBAC","rules":{"policies":{"echo-term-echo-t2-term-gw-echo":{"permissions":[{"and_rules":{"rules":[{"or_rules":{"rules":[{"header":{"name":":authority","string_match":{"exact":"echo-term.tetrate.io","ignore_case":true}}},{"header":{"name":":authority","string_match":{"exact":"echo-term.tetrate.io:8080","ignore_case":true}}}]}},{"or_rules":{"rules":[{"destination_port":8080}]}}]}}],"principals":[{"and_ids":{"ids":[{"any":true}]}}]}}}}}}}],"priority":-2000},"Status":null,"Extra":null}
2026-05-23T07:30:13.355939Z	debug	configapply	computed hash for Sidecar:echo-term/default - 70cf1206d3284c26c17024a87c57be8e
2026-05-23T07:30:13.355940Z	debug	configapply	computed hash for AuthorizationPolicy:echo-term/allow - 8c65f8421c3431e4ef3784484e3ef261
2026-05-23T07:30:13.355943Z	debug	discovery-server	same hash so neither creating nor updating
2026-05-23T07:30:13.355944Z	debug	discovery-server	same hash so neither creating nor updating
2026-05-23T07:30:13.355947Z	debug	resource-cache	[echo-term] objects previously in k8s api server cache: 7
2026-05-23T07:30:13.355955Z	debug	resource-cache	[echo-term] Create for {"type":{"group":"networking.istio.io","version":"v1","kind":"Gateway"},"name":"echo-t2-term-gw","namespace":"echo-term","labels":{"istio.io/rev":"global","xcp.tetrate.io/gatewayGroup":"tier2-term-gg","xcp.tetrate.io/workspace":"term-ws"},"annotations":{"kubectl.kubernetes.io/last-applied-configuration":"{\"apiVersion\":\"gateway.xcp.tetrate.io/v2\",\"kind\":\"IngressGateway\",\"metadata\":{\"annotations\":{},\"labels\":{\"xcp.tetrate.io/gatewayGroup\":\"tier2-term-gg\",\"xcp.tetrate.io/workspace\":\"term-ws\"},\"name\":\"echo-t2-term-gw\",\"namespace\":\"xcp-system\"},\"spec\":{\"http\":[{\"hostname\":\"echo-term.tetrate.io\",\"name\":\"echo\",\"port\":8080,\"routing\":{\"rules\":[{\"route\":{\"host\":\"echo-term/echo-term.echo-term.svc.cluster.local\",\"port\":80}}]}}],\"workloadSelector\":{\"labels\":{\"app\":\"echo-term-gateway\"},\"namespace\":\"echo-term\"}}}\n","xcp.tetrate.io/contentHash":"7a30800c1ec6ccbe0c5b353857e90293"},"creationTimestamp":"0001-01-01T00:00:00Z","Spec":{"servers":[{"port":{"number":8080,"protocol":"HTTP","name":"http-echo"},"hosts":["echo-term/echo-term.tetrate.io"],"name":"echo"},{"port":{"number":15443,"protocol":"HTTPS","name":"mtls-echo"},"hosts":["echo-term/echo-term.tetrate.io"],"tls":{"mode":"ISTIO_MUTUAL"},"name":"echo-mtls"}],"selector":{"app":"echo-term-gateway"}},"Status":null,"Extra":null}
2026-05-23T07:30:13.355979Z	debug	resource-cache	[echo-term] Create for {"type":{"group":"networking.istio.io","version":"v1","kind":"VirtualService"},"name":"vs-echo-term-tetrate-io","namespace":"echo-term","labels":{"istio.io/rev":"global","xcp.tetrate.io/gatewayGroup":"tier2-term-gg","xcp.tetrate.io/workspace":"term-ws"},"annotations":{"kubectl.kubernetes.io/last-applied-configuration":"{\"apiVersion\":\"gateway.xcp.tetrate.io/v2\",\"kind\":\"IngressGateway\",\"metadata\":{\"annotations\":{},\"labels\":{\"xcp.tetrate.io/gatewayGroup\":\"tier2-term-gg\",\"xcp.tetrate.io/workspace\":\"term-ws\"},\"name\":\"echo-t2-term-gw\",\"namespace\":\"xcp-system\"},\"spec\":{\"http\":[{\"hostname\":\"echo-term.tetrate.io\",\"name\":\"echo\",\"port\":8080,\"routing\":{\"rules\":[{\"route\":{\"host\":\"echo-term/echo-term.echo-term.svc.cluster.local\",\"port\":80}}]}}],\"workloadSelector\":{\"labels\":{\"app\":\"echo-term-gateway\"},\"namespace\":\"echo-term\"}}}\n","xcp.tetrate.io/contentHash":"7a30800c1ec6ccbe0c5b353857e90293"},"creationTimestamp":"0001-01-01T00:00:00Z","Spec":{"hosts":["echo-term.tetrate.io"],"gateways":["echo-term/echo-t2-term-gw"],"http":[{"name":"echo-t2-term-gw-echo-0","match":[{"port":8080},{"port":15443}],"route":[{"destination":{"host":"echo-term.echo-term.svc.cluster.local","port":{"number":80}},"weight":100}]}],"exportTo":["."]},"Status":null,"Extra":null}
2026-05-23T07:30:13.355995Z	debug	configapply	computed hash for EnvoyFilter:echo-term/default-allow-echo-t2-term-gw-external-batch0 - 927e14370db8eee6b10f33b22f2a997e
2026-05-23T07:30:13.355998Z	debug	discovery-server	same hash so neither creating nor updating
2026-05-23T07:30:13.356003Z	debug	configapply	computed hash for VirtualService:echo-term/vs-echo-term-tetrate-io - 96c5e597e3b0e45741fe5d22a27e958a
2026-05-23T07:30:13.356006Z	debug	discovery-server	same hash so neither creating nor updating
2026-05-23T07:30:13.356006Z	debug	resource-cache	[echo-term] Create for {"type":{"group":"networking.istio.io","version":"v1alpha3","kind":"EnvoyFilter"},"name":"default-upstream-traffic-setting","namespace":"echo-term","labels":{"istio.io/rev":"global"},"annotations":{"kubectl.kubernetes.io/last-applied-configuration":"{\"apiVersion\":\"xcp.tetrate.io/v2\",\"kind\":\"Workspace\",\"metadata\":{\"annotations\":{},\"name\":\"term-ws\",\"namespace\":\"xcp-system\"},\"spec\":{\"namespaceSelector\":{\"names\":[\"cluster-0/tier1-term\",\"cluster-1/echo-term\"]}}}\n","xcp.tetrate.io/contentHash":"220b19430e1ce65d95602a2ae611e44f"},"creationTimestamp":"0001-01-01T00:00:00Z","Spec":{"configPatches":[{"applyTo":"CLUSTER","match":{"context":"SIDECAR_OUTBOUND","proxy":{"proxyVersion":"^1\\.(22|24|28)(\\.\\d+)?(-.*)?$"}},"patch":{"operation":"MERGE","value":{"@type":"type.googleapis.com/envoy.config.cluster.v3.Cluster","common_lb_config":{"healthy_panic_threshold":{}},"outlier_detection":{"consecutive_gateway_failure":10,"enforcing_consecutive_5xx":0,"enforcing_consecutive_gateway_failure":100,"max_ejection_percent":100}}}},{"applyTo":"HTTP_ROUTE","match":{"context":"SIDECAR_OUTBOUND","proxy":{"proxyVersion":"^1\\.(22|24|28)(\\.\\d+)?(-.*)?$"},"routeConfiguration":{"vhost":{"route":{"action":"ROUTE"}}}},"patch":{"operation":"MERGE","value":{"@type":"type.googleapis.com/envoy.config.route.v3.Route","route":{"retry_policy":{"host_selection_retry_max_attempts":"5","num_retries":2,"retriable_status_codes":[503],"retry_host_predicate":[{"name":"envoy.retry_host_predicates.previous_hosts","typed_config":{"@type":"type.googleapis.com/envoy.extensions.retry.host.previous_hosts.v3.PreviousHostsPredicate"}}],"retry_on":"reset,connect-failure,refused-stream,unavailable,cancelled,retriable-status-codes"}}}}}],"priority":100},"Status":null,"Extra":null}
2026-05-23T07:30:13.356019Z	debug	resource-cache	[echo-term] Create for {"type":{"group":"networking.istio.io","version":"v1alpha3","kind":"EnvoyFilter"},"name":"tier2-term-gg-default-upstream-traffic-setting","namespace":"echo-term","labels":{"istio.io/rev":"global"},"annotations":{"kubectl.kubernetes.io/last-applied-configuration":"{\"apiVersion\":\"xcp.tetrate.io/v2\",\"kind\":\"Workspace\",\"metadata\":{\"annotations\":{},\"name\":\"term-ws\",\"namespace\":\"xcp-system\"},\"spec\":{\"namespaceSelector\":{\"names\":[\"cluster-0/tier1-term\",\"cluster-1/echo-term\"]}}}\n","xcp.tetrate.io/contentHash":"220b19430e1ce65d95602a2ae611e44f"},"creationTimestamp":"0001-01-01T00:00:00Z","Spec":{"configPatches":[{"applyTo":"CLUSTER","match":{"context":"GATEWAY","proxy":{"proxyVersion":"^1\\.(22|24|28)(\\.\\d+)?(-.*)?$"}},"patch":{"operation":"MERGE","value":{"@type":"type.googleapis.com/envoy.config.cluster.v3.Cluster","common_lb_config":{"healthy_panic_threshold":{}},"outlier_detection":{"consecutive_gateway_failure":10,"enforcing_consecutive_5xx":0,"enforcing_consecutive_gateway_failure":100,"max_ejection_percent":100}}}},{"applyTo":"HTTP_ROUTE","match":{"context":"GATEWAY","proxy":{"proxyVersion":"^1\\.(22|24|28)(\\.\\d+)?(-.*)?$"},"routeConfiguration":{"vhost":{"route":{"action":"ROUTE"}}}},"patch":{"operation":"MERGE","value":{"@type":"type.googleapis.com/envoy.config.route.v3.Route","route":{"retry_policy":{"host_selection_retry_max_attempts":"5","num_retries":2,"retriable_status_codes":[503],"retry_host_predicate":[{"name":"envoy.retry_host_predicates.previous_hosts","typed_config":{"@type":"type.googleapis.com/envoy.extensions.retry.host.previous_hosts.v3.PreviousHostsPredicate"}}],"retry_on":"reset,connect-failure,refused-stream,unavailable,cancelled,retriable-status-codes"}}}}}],"priority":100},"Status":null,"Extra":null}
2026-05-23T07:30:13.356027Z	debug	configapply	computed hash for Gateway:echo-term/echo-t2-term-gw - e1ab8ad4f6be128c4904e6f0a06a7dd9
2026-05-23T07:30:13.356031Z	debug	discovery-server	same hash so neither creating nor updating
2026-05-23T07:30:13.355958Z	debug	resource-cache	[echo-term] stale resources to be deleted []
2026-05-23T07:30:13.356065Z	debug	configapply	computed hash for EnvoyFilter:echo-term/default-upstream-traffic-setting - 14645e3efdd68386f959e9db371e7301
2026-05-23T07:30:13.356069Z	debug	discovery-server	same hash so neither creating nor updating
2026-05-23T07:30:13.356075Z	debug	configapply	computed hash for EnvoyFilter:echo-term/tier2-term-gg-default-upstream-traffic-setting - 4f9a6697acdcca0723b42f9f050bddf9
2026-05-23T07:30:13.356078Z	debug	discovery-server	same hash so neither creating nor updating
2026-05-23T07:30:13.356081Z	debug	resource-cache	[echo-term] ResourceCache length 11
2026-05-23T07:30:13.356082Z	debug	resource-cache	[echo-term] ===END: Apply request for 7 objects in 0.000252 s
2026-05-23T07:30:13.356088Z	debug	cluster-state	Triggering cluster state change event due to config, at 2026-05-23 07:30:12.353073298 +0000 UTC m=+95240.099132989 (force regenerate config = map[]). Resources: []
2026-05-23T07:30:13.742382Z	debug	discovery-server	Received cluster state update for cluster cluster-0 from central xcp
2026-05-23T07:30:13.742444Z	debug	discovery-cache	required to trigger istio translation as edge received change in failover setting for one or more hosts for cluster cluster-0
2026-05-23T07:30:13.742454Z	debug	discovery-cache	required to trigger istio translation as edge received change in locality context for one or more hosts for cluster cluster-0
2026-05-23T07:30:13.742456Z	debug	discovery-cache	required to trigger istio translation as edge received change in gateway group to traffic and security group for cluster cluster-0
2026-05-23T07:30:13.742465Z	debug	mc-configapply	Cluster cluster-0 exposed services changed: false
2026-05-23T07:30:13.742473Z	debug	discovery-server	Sending istio translation from cluster state stream notification
2026-05-23T07:30:13.742477Z	debug	discovery-server	found changes related to gateway hosts attached to lb/nodeport services. (re)generating local SEs
2026-05-23T07:30:13.742481Z	debug	mc-configapply	Downloaded cluster status updates for cluster cluster-0 and regenerated service entries
2026-05-23T07:30:13.742466Z	debug	discovery-server	Applying cluster config: cluster-0
2026-05-23T07:30:13.742906Z	info	discovery-server	compressed cluster state cluster-0 size (bytes): 2570
2026-05-23T07:30:13.742980Z	debug	failed to extract annotations map from k8s object, create an empty annotations map
2026-05-23T07:30:13.742993Z	debug	configapply	computed hash for Cluster:istio-system/cluster-0 - b8e2842cfe84a2fe7773d5956d0b5ca4
2026-05-23T07:30:13.743001Z	debug	discovery-server	Updating spec istio-system/cluster-0:
2026-05-23T07:30:13.742511Z	debug	discovery-server	Waiting on recv for cluster updates
2026-05-23T07:30:13.744872Z	debug	handling validation webhook for xcp.tetrate.io/v2, Kind=Cluster
2026-05-23T07:30:13.745077Z	info	Authorized Admission request for UPDATE operation on xcp.tetrate.io/v2, Kind=Cluster/cluster-0 for username system:serviceaccount:istio-system:xcp-edge
2026-05-23T07:30:13.752816Z	debug	debounce	notify cbk invoked	id=9ad7a678
2026-05-23T07:30:13.752849Z	debug	mc-configapply	-->cluster cluster-0
2026-05-23T07:30:13.752851Z	debug	mc-configapply	-->cluster cluster-1
2026-05-23T07:30:13.752867Z	debug	mc-configgen	cluster cluster-0, namespaces 1
2026-05-23T07:30:13.752871Z	debug	mc-configgen	Namespace tier1-term has 1 services
2026-05-23T07:30:13.752873Z	debug	mc-configgen	Skipping echo-term.tetrate.io ..... gatewayHost false,  len(k8s external address) 1
2026-05-23T07:30:13.752874Z	debug	mc-configgen	cluster cluster-1, namespaces 0
2026-05-23T07:30:13.752876Z	debug	mc-configapply	applying 0 istio objects for multicluster
2026-05-23T07:30:13.752878Z	debug	resource-cache	[xcp-multicluster] ===BEGIN: Apply request for 0 objects
2026-05-23T07:30:13.752885Z	debug	resource-cache	Delete all objects from the namespace xcp-multicluster
2026-05-23T07:30:13.752886Z	debug	resource-cache	[xcp-multicluster] objects previously in k8s api server cache: 0
2026-05-23T07:30:13.752887Z	debug	resource-cache	[xcp-multicluster] No previous objects at k8s apiserver cache for namespace
2026-05-23T07:30:13.752890Z	debug	resource-cache	[xcp-multicluster] ===END: Apply request for 0 objects in 0.000011 s
2026-05-23T07:30:13.752896Z	debug	debounce	notify cbk returned	id=9ad7a678
2026-05-23T07:30:13.752903Z	debug	debounce	Applying steady step-up. maxSilentCurrent updated to: 10ms	id=9ad7a678
2026-05-23T07:30:13.765081Z	debug	debounce	resetting maxSilentCurrent. updated: 10ms	id=9ad7a678
2026-05-23T07:30:15.063045Z	debug	kube	Handle EDS endpoint echo-term update in namespace echo-term
2026-05-23T07:30:15.063084Z	debug	kube	triggering EDS push for [echo-term.echo-term.svc.cluster.local] in namespace echo-term
2026-05-23T07:30:15.063101Z	info	discovery-server	UpdateServiceEndpoints: Detected changes in ns/svc: echo-term/echo-term.echo-term.svc.cluster.local.
2026-05-23T07:30:15.063150Z	debug	cluster-state	Triggering cluster state change event due to service_subset_update, at 2026-05-23 07:30:15.063094716 +0000 UTC m=+95242.809154407 (force regenerate config = map[]). Resources: [api_version:"xcp.tetrate.io/v2" kind:"Namespace" metadata:{name:"echo-term" namespace:"echo-term"}]
2026-05-23T07:30:15.357144Z	debug	debounce	notify cbk invoked	id=350e9435
2026-05-23T07:30:15.357363Z	debug	config-status	Explanation of the decision flow for the Config Status of "gateway.xcp.tetrate.io/GatewayGroup" "tier2-term-gg" version ""
Q: Is the config type "gateway.xcp.tetrate.io/v2/GatewayGroup" supported by XCP?
A: Yes
Q: Is it an internal config of XCP?
A: No
Q: Is this config object managed by XCP?
A: Yes
Q: Did the Push Context report an ERROR for this config?
A: No
Q: Did the Push Context IGNORE this config?
A: No
Q: Does the namespace selector resolve into at least ONE namespace in this cluster?
A: Yes
I: Checking the config status in each of the 1 target namespace(s): [echo-term]
I: [1/1] verdict in "echo-term" namespace: Config Status is APPLIED since there were NO translation errors and the config IS mapped onto output config(s)
I: Status summary across 1 target namespace(s): APPLIED in 1 namespace(s)
I: Using "lenient" strategy to decide on the aggregated status across 1 target namespace(s)
Q: Have there been any errors while translating this config in ANY of the 1 target namespaces?
A: No
Q: Has the config been APPLIED in at least ONE of the target namespaces?
A: Yes
Verdict: Config Status is "lenient" APPLIED since the config has been APPLIED in at least ONE of the target namespaces
Config Status:
```yaml
---
configId:
  group: gateway.xcp.tetrate.io
  kind: GatewayGroup
  name: tier2-term-gg
  namespace: istio-system
  version: v2
details: 'Status summary across 1 target namespace(s): APPLIED in 1 namespace(s)'
metadata:
  annotations:
    kubectl.kubernetes.io/last-applied-configuration: |
      {"apiVersion":"gateway.xcp.tetrate.io/v2","kind":"GatewayGroup","metadata":{"annotations":{},"labels":{"xcp.tetrate.io/workspace":"term-ws"},"name":"tier2-term-gg","namespace":"xcp-system"},"spec":{"configMode":"BRIDGED","namespaceSelector":{"names":["cluster-1/echo-term"]}}}
  labels:
    xcp.tetrate.io/workspace: term-ws
result: APPLIED
```

2026-05-23T07:30:15.357434Z	debug	config-status	Explanation of the decision flow for the Config Status of "gateway.xcp.tetrate.io/IngressGateway" "echo-t2-term-gw" version ""
Q: Is the config type "gateway.xcp.tetrate.io/v2/IngressGateway" supported by XCP?
A: Yes
Q: Is it an internal config of XCP?
A: No
Q: Is this config object managed by XCP?
A: Yes
Q: Did the Push Context report an ERROR for this config?
A: No
Q: Did the Push Context IGNORE this config?
A: No
Q: Does the namespace selector resolve into at least ONE namespace in this cluster?
A: Yes
I: Checking the config status in each of the 1 target namespace(s): [echo-term]
I: [1/1] verdict in "echo-term" namespace: Config Status is APPLIED since there were NO translation errors and the config IS mapped onto output config(s)
I: Status summary across 1 target namespace(s): APPLIED in 1 namespace(s)
I: Using "lenient" strategy to decide on the aggregated status across 1 target namespace(s)
Q: Have there been any errors while translating this config in ANY of the 1 target namespaces?
A: No
Q: Has the config been APPLIED in at least ONE of the target namespaces?
A: Yes
Verdict: Config Status is "lenient" APPLIED since the config has been APPLIED in at least ONE of the target namespaces
Config Status:
```yaml
---
configId:
  group: gateway.xcp.tetrate.io
  kind: IngressGateway
  name: echo-t2-term-gw
  namespace: istio-system
  version: v2
details: 'Status summary across 1 target namespace(s): APPLIED in 1 namespace(s)'
metadata:
  annotations:
    kubectl.kubernetes.io/last-applied-configuration: |
      {"apiVersion":"gateway.xcp.tetrate.io/v2","kind":"IngressGateway","metadata":{"annotations":{},"labels":{"xcp.tetrate.io/gatewayGroup":"tier2-term-gg","xcp.tetrate.io/workspace":"term-ws"},"name":"echo-t2-term-gw","namespace":"xcp-system"},"spec":{"http":[{"hostname":"echo-term.tetrate.io","name":"echo","port":8080,"routing":{"rules":[{"route":{"host":"echo-term/echo-term.echo-term.svc.cluster.local","port":80}}]}}],"workloadSelector":{"labels":{"app":"echo-term-gateway"},"namespace":"echo-term"}}}
  labels:
    xcp.tetrate.io/gatewayGroup: tier2-term-gg
    xcp.tetrate.io/workspace: term-ws
result: APPLIED
```

2026-05-23T07:30:15.357446Z	debug	config-status	Explanation of the decision flow for the Config Status of "install.xcp.tetrate.io/GatewayDeployment" "echo-term-gateway" version ""
Q: Is the config type "install.xcp.tetrate.io/v1alpha1/GatewayDeployment" supported by XCP?
A: Yes
Q: Is it an internal config of XCP?
A: No
Q: Is this config object managed by XCP?
A: No
Verdict: Config Status is NOT reported since the config is not managed by XCP
Config Status:
```yaml
---
null
```

2026-05-23T07:30:15.357451Z	debug	config-status	Explanation of the decision flow for the Config Status of "networking.istio.io/EnvoyFilter" "global-forward-xfcc-15443" version ""
Q: Is the config type "networking.istio.io/v1alpha3/EnvoyFilter" supported by XCP?
A: Yes
Q: Is it an internal config of XCP?
A: Yes
Verdict: Config Status is NOT reported since it's an internal config of XCP
Config Status:
```yaml
---
null
```

2026-05-23T07:30:15.357454Z	debug	config-status	Explanation of the decision flow for the Config Status of "networking.istio.io/EnvoyFilter" "global-gw-best-practice" version ""
Q: Is the config type "networking.istio.io/v1alpha3/EnvoyFilter" supported by XCP?
A: Yes
Q: Is it an internal config of XCP?
A: Yes
Verdict: Config Status is NOT reported since it's an internal config of XCP
Config Status:
```yaml
---
null
```

2026-05-23T07:30:15.357457Z	debug	config-status	Explanation of the decision flow for the Config Status of "networking.istio.io/EnvoyFilter" "global-mx-downstream-egress-gateway-filter" version ""
Q: Is the config type "networking.istio.io/v1alpha3/EnvoyFilter" supported by XCP?
A: Yes
Q: Is it an internal config of XCP?
A: Yes
Verdict: Config Status is NOT reported since it's an internal config of XCP
Config Status:
```yaml
---
null
```

2026-05-23T07:30:15.357460Z	debug	config-status	Explanation of the decision flow for the Config Status of "networking.istio.io/EnvoyFilter" "global-mx-downstream-gateway-filter" version ""
Q: Is the config type "networking.istio.io/v1alpha3/EnvoyFilter" supported by XCP?
A: Yes
Q: Is it an internal config of XCP?
A: Yes
Verdict: Config Status is NOT reported since it's an internal config of XCP
Config Status:
```yaml
---
null
```

2026-05-23T07:30:15.357467Z	debug	config-status	Explanation of the decision flow for the Config Status of "networking.istio.io/EnvoyFilter" "global-periodical-access-log" version ""
Q: Is the config type "networking.istio.io/v1alpha3/EnvoyFilter" supported by XCP?
A: Yes
Q: Is it an internal config of XCP?
A: Yes
Verdict: Config Status is NOT reported since it's an internal config of XCP
Config Status:
```yaml
---
null
```

2026-05-23T07:30:15.357470Z	debug	config-status	Explanation of the decision flow for the Config Status of "networking.istio.io/EnvoyFilter" "global-request-id-propagation" version ""
Q: Is the config type "networking.istio.io/v1alpha3/EnvoyFilter" supported by XCP?
A: Yes
Q: Is it an internal config of XCP?
A: Yes
Verdict: Config Status is NOT reported since it's an internal config of XCP
Config Status:
```yaml
---
null
```

2026-05-23T07:30:15.357473Z	debug	config-status	Explanation of the decision flow for the Config Status of "networking.istio.io/EnvoyFilter" "global-tcp-keepalive-envoy-filter" version ""
Q: Is the config type "networking.istio.io/v1alpha3/EnvoyFilter" supported by XCP?
A: Yes
Q: Is it an internal config of XCP?
A: Yes
Verdict: Config Status is NOT reported since it's an internal config of XCP
Config Status:
```yaml
---
null
```

2026-05-23T07:30:15.357478Z	debug	config-status	Explanation of the decision flow for the Config Status of "networking.istio.io/EnvoyFilter" "global-xfcc-extractor-sidecar" version ""
Q: Is the config type "networking.istio.io/v1alpha3/EnvoyFilter" supported by XCP?
A: Yes
Q: Is it an internal config of XCP?
A: Yes
Verdict: Config Status is NOT reported since it's an internal config of XCP
Config Status:
```yaml
---
null
```

2026-05-23T07:30:15.357480Z	debug	config-status	Explanation of the decision flow for the Config Status of "networking.istio.io/EnvoyFilter" "global-xfcc-guard-15443" version ""
Q: Is the config type "networking.istio.io/v1alpha3/EnvoyFilter" supported by XCP?
A: Yes
Q: Is it an internal config of XCP?
A: Yes
Verdict: Config Status is NOT reported since it's an internal config of XCP
Config Status:
```yaml
---
null
```

2026-05-23T07:30:15.357508Z	debug	config-status	Explanation of the decision flow for the Config Status of "xcp.tetrate.io/Cluster" "cluster-0" version ""
Q: Is the config type "xcp.tetrate.io/v2/Cluster" supported by XCP?
A: Yes
Q: Is it an internal config of XCP?
A: No
Q: Is this config object managed by XCP?
A: Yes
Q: Did the Push Context report an ERROR for this config?
A: No
Q: Did the Push Context IGNORE this config?
A: No
Verdict: Config Status is UNKNOWN since status for that config type has NOT been implemented yet
Config Status:
```yaml
---
configId:
  group: xcp.tetrate.io
  kind: Cluster
  name: cluster-0
  namespace: istio-system
  version: v2
details: Config Status for that config type has NOT been implemented yet
metadata: {}
```

2026-05-23T07:30:15.357565Z	debug	config-status	Explanation of the decision flow for the Config Status of "xcp.tetrate.io/Cluster" "cluster-1" version ""
Q: Is the config type "xcp.tetrate.io/v2/Cluster" supported by XCP?
A: Yes
Q: Is it an internal config of XCP?
A: No
Q: Is this config object managed by XCP?
A: Yes
Q: Did the Push Context report an ERROR for this config?
A: No
Q: Did the Push Context IGNORE this config?
A: No
Verdict: Config Status is UNKNOWN since status for that config type has NOT been implemented yet
Config Status:
```yaml
---
configId:
  group: xcp.tetrate.io
  kind: Cluster
  name: cluster-1
  namespace: istio-system
  version: v2
details: Config Status for that config type has NOT been implemented yet
metadata:
  annotations:
    kubectl.kubernetes.io/last-applied-configuration: |
      {"apiVersion":"xcp.tetrate.io/v2","kind":"Cluster","metadata":{"annotations":{},"name":"cluster-1","namespace":"xcp-system"},"spec":{"istioTrustDomain":"cluster.local"}}
```

2026-05-23T07:30:15.357598Z	debug	config-status	Explanation of the decision flow for the Config Status of "xcp.tetrate.io/GlobalSetting" "global" version ""
Q: Is the config type "xcp.tetrate.io/v2/GlobalSetting" supported by XCP?
A: Yes
Q: Is it an internal config of XCP?
A: No
Q: Is this config object managed by XCP?
A: Yes
Q: Did the Push Context report an ERROR for this config?
A: No
Q: Did the Push Context IGNORE this config?
A: No
Q: Does the namespace selector resolve into at least ONE namespace in this cluster?
A: Yes
I: Checking the config status in each of the 8 target namespace(s): [cert-manager default echo-term kube-node-lease kube-public local-path-storage metallb-system tier1]
I: [1/8] verdict in "cert-manager" namespace: Config Status is UNKNOWN since translation is SKIPPED on that namespace
I: [2/8] verdict in "default" namespace: Config Status is UNKNOWN since translation is SKIPPED on that namespace
I: [3/8] verdict in "echo-term" namespace: Config Status is UNKNOWN since there were NO translation errors but the config was NOT mapped onto any output config(s)
I: [4/8] verdict in "kube-node-lease" namespace: Config Status is UNKNOWN since translation is SKIPPED on that namespace
I: [5/8] verdict in "kube-public" namespace: Config Status is UNKNOWN since translation is SKIPPED on that namespace
I: [6/8] verdict in "local-path-storage" namespace: Config Status is UNKNOWN since translation is SKIPPED on that namespace
I: [7/8] verdict in "metallb-system" namespace: Config Status is UNKNOWN since translation is SKIPPED on that namespace
I: [8/8] verdict in "tier1" namespace: Config Status is UNKNOWN since there were NO translation errors but the config was NOT mapped onto any output config(s)
I: Status summary across 8 target namespace(s): TRANSLATION SKIPPED in 6 namespace(s), TRANSLATED BUT NOT MAPPED in 2 namespace(s)
I: Using "lenient" strategy to decide on the aggregated status across 8 target namespace(s)
Q: Have there been any errors while translating this config in ANY of the 8 target namespaces?
A: No
Q: Has the config been APPLIED in at least ONE of the target namespaces?
A: No
Verdict: Config Status is NOT reported since the config has NOT yet been APPLIED in ANY of 8 target namespace(s)
Config Status:
```yaml
---
null
```

2026-05-23T07:30:15.357645Z	debug	config-status	Explanation of the decision flow for the Config Status of "xcp.tetrate.io/Workspace" "term-ws" version ""
Q: Is the config type "xcp.tetrate.io/v2/Workspace" supported by XCP?
A: Yes
Q: Is it an internal config of XCP?
A: No
Q: Is this config object managed by XCP?
A: Yes
Q: Did the Push Context report an ERROR for this config?
A: No
Q: Did the Push Context IGNORE this config?
A: No
Q: Does the namespace selector resolve into at least ONE namespace in this cluster?
A: Yes
I: Checking the config status in each of the 1 target namespace(s): [echo-term]
I: [1/1] verdict in "echo-term" namespace: Config Status is APPLIED since there were NO translation errors and the config IS mapped onto output config(s)
I: Status summary across 1 target namespace(s): APPLIED in 1 namespace(s)
I: Using "lenient" strategy to decide on the aggregated status across 1 target namespace(s)
Q: Have there been any errors while translating this config in ANY of the 1 target namespaces?
A: No
Q: Has the config been APPLIED in at least ONE of the target namespaces?
A: Yes
Verdict: Config Status is "lenient" APPLIED since the config has been APPLIED in at least ONE of the target namespaces
Config Status:
```yaml
---
configId:
  group: xcp.tetrate.io
  kind: Workspace
  name: term-ws
  namespace: istio-system
  version: v2
details: 'Status summary across 1 target namespace(s): APPLIED in 1 namespace(s)'
metadata:
  annotations:
    kubectl.kubernetes.io/last-applied-configuration: |
      {"apiVersion":"xcp.tetrate.io/v2","kind":"Workspace","metadata":{"annotations":{},"name":"term-ws","namespace":"xcp-system"},"spec":{"namespaceSelector":{"names":["cluster-0/tier1-term","cluster-1/echo-term"]}}}
result: APPLIED
```

2026-05-23T07:30:15.357784Z	debug	status	generated status report in 607.125µs
2026-05-23T07:30:15.357792Z	debug	debounce	notify cbk returned	id=350e9435
2026-05-23T07:30:15.357794Z	debug	debounce	Applying exponential step-up. maxSilentCurrent updated to: 4s	id=350e9435
2026-05-23T07:30:15.357799Z	debug	status	triggering status report sender with 5 messages
2026-05-23T07:30:15.357876Z	debug	status	successfully sent config-status report(epoch:61, messages:5) in 73.083µs
2026-05-23T07:30:15.743307Z	debug	debounce	notify cbk invoked	id=0ae90c02
2026-05-23T07:30:15.743358Z	debug	debounce	notify cbk returned	id=0ae90c02
2026-05-23T07:30:15.743363Z	debug	debounce	Applying exponential step-up. maxSilentCurrent updated to: 4s	id=0ae90c02
2026-05-23T07:30:15.743382Z	info	cluster-state	processConfigTranslationNotification: cluster-eventid: 2026-05-23 07:30:13.742474882 +0000 UTC m=+95241.488534573 and 0 more, queue length: 0, reasons: cluster_state_add_or_update,, forceConfigRegenReasons: map[], resources: []
2026-05-23T07:30:15.743386Z	debug	configapply	Sending XCP api CRDs to istio config translator
2026-05-23T07:30:15.743573Z	debug	model	gateway-group mapping: map[tier2-term-gg:tier2-term-gg]
2026-05-23T07:30:15.743587Z	debug	model	security-group mapping: map[]
2026-05-23T07:30:15.743588Z	debug	model	traffic-group mapping: map[]
2026-05-23T07:30:15.743589Z	debug	model	istio-internal-group mapping: map[]
2026-05-23T07:30:15.743590Z	debug	model	gateway-deployment mapping: map[echo-term-gateway:echo-term-gateway]
2026-05-23T07:30:15.743621Z	debug	model	processing 16 objects for cluster cluster-1
2026-05-23T07:30:15.743712Z	debug	model	Processing workspace: istio-system/term-ws, o.gvk xcp.tetrate.io/v2/Workspace
2026-05-23T07:30:15.743721Z	debug	model	resolved workspace namespaces [echo-term]
2026-05-23T07:30:15.743732Z	info	model	echo-term: adding workspace term-ws
2026-05-23T07:30:15.743814Z	debug	model	populateGroups workspace = term-ws, &{Meta:{GroupVersionKind:xcp.tetrate.io/v2/Workspace UID: Name:term-ws Namespace:istio-system Domain: Labels:map[] Annotations:map[kubectl.kubernetes.io/last-applied-configuration:{"apiVersion":"xcp.tetrate.io/v2","kind":"Workspace","metadata":{"annotations":{},"name":"term-ws","namespace":"xcp-system"},"spec":{"namespaceSelector":{"names":["cluster-0/tier1-term","cluster-1/echo-term"]}}}
 xcp.tetrate.io/contentHash:220b19430e1ce65d95602a2ae611e44f] ResourceVersion:269003 CreationTimestamp:2026-05-23 07:30:12 +0000 UTC OwnerReferences:[] Generation:0} Spec:namespace_selector:{names:"cluster-0/tier1-term" names:"cluster-1/echo-term"} Status:<nil> Extra:map[]}
2026-05-23T07:30:15.743820Z	debug	model	gg namespace_selector:{names:"cluster-1/echo-term"}
2026-05-23T07:30:15.743822Z	debug	model	resolved gateway group namespaces [echo-term]
2026-05-23T07:30:15.743830Z	debug	model	echo-term: registered gateway group tier2-term-gg in workspace term-ws
2026-05-23T07:30:15.743833Z	error	model	workspace name is unspecified or empty for install.xcp.tetrate.io/v1alpha1/GatewayDeployment::istio-system/echo-term-gateway. Skipping...
2026-05-23T07:30:15.743897Z	debug	model	populateObjectsInGroups: workspace = term-ws, &{Meta:{GroupVersionKind:xcp.tetrate.io/v2/Workspace UID: Name:term-ws Namespace:istio-system Domain: Labels:map[] Annotations:map[kubectl.kubernetes.io/last-applied-configuration:{"apiVersion":"xcp.tetrate.io/v2","kind":"Workspace","metadata":{"annotations":{},"name":"term-ws","namespace":"xcp-system"},"spec":{"namespaceSelector":{"names":["cluster-0/tier1-term","cluster-1/echo-term"]}}}
 xcp.tetrate.io/contentHash:220b19430e1ce65d95602a2ae611e44f] ResourceVersion:269003 CreationTimestamp:2026-05-23 07:30:12 +0000 UTC OwnerReferences:[] Generation:0} Spec:namespace_selector:{names:"cluster-0/tier1-term" names:"cluster-1/echo-term"} Status:<nil> Extra:map[]}
2026-05-23T07:30:15.743908Z	error	model	workspace name is unspecified or empty for install.xcp.tetrate.io/v1alpha1/GatewayDeployment::istio-system/echo-term-gateway. Skipping...
2026-05-23T07:30:15.744102Z	debug	eastwest-configgen	namespace "local-path-storage" does not have Istio revision "" in boundary "global". Ambient mode: false
2026-05-23T07:30:15.744107Z	debug	eastwest-configgen	namespace "kube-public" does not have Istio revision "" in boundary "global". Ambient mode: false
2026-05-23T07:30:15.744108Z	debug	eastwest-configgen	namespace "metallb-system" does not have Istio revision "" in boundary "global". Ambient mode: false
2026-05-23T07:30:15.744109Z	debug	eastwest-configgen	namespace "cert-manager" does not have Istio revision "" in boundary "global". Ambient mode: false
2026-05-23T07:30:15.744110Z	debug	eastwest-configgen	namespace "default" does not have Istio revision "" in boundary "global". Ambient mode: false
2026-05-23T07:30:15.744111Z	debug	eastwest-configgen	namespace "kube-node-lease" does not have Istio revision "" in boundary "global". Ambient mode: false
2026-05-23T07:30:15.744138Z	info	no portname specified for service metallb-webhook-service.metallb-system.svc.cluster.local port 443. no endpoints will be detected
2026-05-23T07:30:15.744156Z	info	eastwest-configgen	no endpoints found for service "metallb-webhook-service.metallb-system.svc.cluster.local" port 443
2026-05-23T07:30:15.744157Z	debug	eastwest-configgen	found Istio IsolationBoundary "global" for Namespace "echo-term"
2026-05-23T07:30:15.744162Z	debug	eastwest-configgen	found Istio IsolationBoundary "global" for Namespace "echo-term"
2026-05-23T07:30:15.744178Z	debug	eastwest-configgen	computed east-west gateway associations: {}
2026-05-23T07:30:15.744197Z	debug	discovery-server	found service instance with matching namespace and labels. svc port 15443, workload port 15443
2026-05-23T07:30:15.744206Z	debug	configapply	Translation triggered for all [kube-public echo-term metallb-system cert-manager default tier1 kube-node-lease local-path-storage] namespaces
2026-05-23T07:30:15.744225Z	debug	translator	skipping translation for namespace "local-path-storage"	ns=local-path-storage id=52b929ba
2026-05-23T07:30:15.744238Z	debug	resource-cache	Batch-based resource tracking disabled, falling back to namespace-based
2026-05-23T07:30:15.744240Z	debug	resource-cache	[local-path-storage] ===BEGIN: Apply request for 0 objects
2026-05-23T07:30:15.744241Z	debug	resource-cache	Delete all objects from the namespace local-path-storage
2026-05-23T07:30:15.744243Z	debug	resource-cache	[local-path-storage] objects previously in k8s api server cache: 0
2026-05-23T07:30:15.744244Z	debug	resource-cache	[local-path-storage] No previous objects at k8s apiserver cache for namespace
2026-05-23T07:30:15.744246Z	debug	resource-cache	[local-path-storage] ===END: Apply request for 0 objects in 0.000005 s
2026-05-23T07:30:15.744259Z	debug	resource-cache	[local-path-storage] ===BEGIN: Apply request for 0 objects
2026-05-23T07:30:15.744265Z	debug	resource-cache	Delete all objects from the namespace local-path-storage
2026-05-23T07:30:15.744266Z	debug	resource-cache	[local-path-storage] objects previously in k8s api server cache: 0
2026-05-23T07:30:15.744267Z	debug	resource-cache	[local-path-storage] No previous objects at k8s apiserver cache for namespace
2026-05-23T07:30:15.744269Z	debug	resource-cache	[local-path-storage] ===END: Apply request for 0 objects in 0.000009 s
2026-05-23T07:30:15.744336Z	debug	resource-cache	Unmanaged Istio resources by kind: map[AuthorizationPolicy:0 DestinationRule:0 EnvoyFilter:0 Gateway:0 PeerAuthentication:0 RequestAuthentication:0 ServiceEntry:0 Sidecar:0 Telemetry:0 VirtualService:0 WasmPlugin:0 WorkloadEntry:0]
2026-05-23T07:30:15.744346Z	debug	translator	skipping translation for namespace "kube-public"	ns=kube-public id=2f59d129
2026-05-23T07:30:15.744350Z	debug	resource-cache	Batch-based resource tracking disabled, falling back to namespace-based
2026-05-23T07:30:15.744351Z	debug	resource-cache	[kube-public] ===BEGIN: Apply request for 0 objects
2026-05-23T07:30:15.744352Z	debug	resource-cache	Delete all objects from the namespace kube-public
2026-05-23T07:30:15.744353Z	debug	resource-cache	[kube-public] objects previously in k8s api server cache: 0
2026-05-23T07:30:15.744354Z	debug	resource-cache	[kube-public] No previous objects at k8s apiserver cache for namespace
2026-05-23T07:30:15.744355Z	debug	resource-cache	[kube-public] ===END: Apply request for 0 objects in 0.000004 s
2026-05-23T07:30:15.744360Z	debug	resource-cache	[kube-public] ===BEGIN: Apply request for 0 objects
2026-05-23T07:30:15.744361Z	debug	resource-cache	Delete all objects from the namespace kube-public
2026-05-23T07:30:15.744362Z	debug	resource-cache	[kube-public] objects previously in k8s api server cache: 0
2026-05-23T07:30:15.744363Z	debug	resource-cache	[kube-public] No previous objects at k8s apiserver cache for namespace
2026-05-23T07:30:15.744364Z	debug	resource-cache	[kube-public] ===END: Apply request for 0 objects in 0.000004 s
2026-05-23T07:30:15.744376Z	warn	translator	error while looking up traffic group for namespace "echo-term": traffic group not found for namespace echo-term in workspace term-ws	ns=echo-term id=4fd74f8e
2026-05-23T07:30:15.744384Z	debug	translator	traffic group for namespace "echo-term" not found. applying defaults	ns=echo-term id=4fd74f8e
2026-05-23T07:30:15.744387Z	debug	translator	traffic group for namespace "echo-term" not found	ns=echo-term id=4fd74f8e
2026-05-23T07:30:15.744401Z	debug	translator	upstream traffic setting for namespace "echo-term" not found, default settings will be created	ns=echo-term id=4fd74f8e
2026-05-23T07:30:15.744555Z	warn	translator	failed to lookup security group for "echo-term": security group not found for namespace echo-term in workspace term-ws	ns=echo-term id=4fd74f8e
2026-05-23T07:30:15.744563Z	debug	translator	security group for namespace "echo-term" not found. applying defaults	ns=echo-term id=4fd74f8e
2026-05-23T07:30:15.744594Z	debug	translator	selector is nil means no per-svc security settings, setting it to match_labels:{key:"istio" value:"ingressgateway"}	ns=echo-term id=4fd74f8e
2026-05-23T07:30:15.744601Z	debug	translator	found gateway group (BRIDGED) "tier2-term-gg" for namespace "echo-term"	ns=echo-term id=4fd74f8e
2026-05-23T07:30:15.744607Z	warn	translator	error while getting traffic group for namespace "echo-term": traffic group not found for namespace echo-term in workspace term-ws	ns=echo-term id=4fd74f8e
2026-05-23T07:30:15.744609Z	debug	translator	upstream traffic setting for namespace "echo-term" not found, default settings will be created	ns=echo-term id=4fd74f8e
2026-05-23T07:30:15.744611Z	debug	translator	found gateway group for namespace "echo-term": tier2-term-gg	ns=echo-term id=4fd74f8e
2026-05-23T07:30:15.744606Z	debug	translator	skipping translation for namespace "default"	ns=default id=53acb906
2026-05-23T07:30:15.744613Z	debug	resource-cache	Batch-based resource tracking disabled, falling back to namespace-based
2026-05-23T07:30:15.744614Z	debug	resource-cache	[default] ===BEGIN: Apply request for 0 objects
2026-05-23T07:30:15.744615Z	debug	resource-cache	Delete all objects from the namespace default
2026-05-23T07:30:15.744616Z	debug	resource-cache	[default] objects previously in k8s api server cache: 0
2026-05-23T07:30:15.744617Z	debug	resource-cache	[default] No previous objects at k8s apiserver cache for namespace
2026-05-23T07:30:15.744618Z	debug	resource-cache	[default] ===END: Apply request for 0 objects in 0.000003 s
2026-05-23T07:30:15.744625Z	debug	resource-cache	[default] ===BEGIN: Apply request for 0 objects
2026-05-23T07:30:15.744626Z	debug	resource-cache	Delete all objects from the namespace default
2026-05-23T07:30:15.744626Z	debug	resource-cache	[default] objects previously in k8s api server cache: 0
2026-05-23T07:30:15.744627Z	debug	resource-cache	[default] No previous objects at k8s apiserver cache for namespace
2026-05-23T07:30:15.744628Z	debug	resource-cache	[default] ===END: Apply request for 0 objects in 0.000003 s
2026-05-23T07:30:15.744632Z	debug	translator	skipping translation for namespace "metallb-system"	ns=metallb-system id=3d420e67
2026-05-23T07:30:15.744636Z	debug	resource-cache	Batch-based resource tracking disabled, falling back to namespace-based
2026-05-23T07:30:15.744632Z	debug	translator	error while looking up workspace for namespace "tier1": the namespace "tier1" is not mapped to any workspace	ns=tier1 id=3aed4613
2026-05-23T07:30:15.744640Z	debug	translator	failed to lookup workspace for namespace "tier1": the namespace "tier1" is not mapped to any workspace	ns=tier1 id=3aed4613
2026-05-23T07:30:15.744639Z	debug	translator	skipping translation for namespace "cert-manager"	ns=cert-manager id=a05416ad
2026-05-23T07:30:15.744642Z	debug	resource-cache	Batch-based resource tracking disabled, falling back to namespace-based
2026-05-23T07:30:15.744642Z	debug	translator	workspace for namespace "tier1" not found	ns=tier1 id=3aed4613
2026-05-23T07:30:15.744643Z	debug	resource-cache	[cert-manager] ===BEGIN: Apply request for 0 objects
2026-05-23T07:30:15.744643Z	debug	translator	[ambient] buildEastWestGatewayConfigs: entry point called	ns=tier1 id=3aed4613
2026-05-23T07:30:15.744644Z	debug	resource-cache	Delete all objects from the namespace cert-manager
2026-05-23T07:30:15.744645Z	debug	resource-cache	[cert-manager] objects previously in k8s api server cache: 0
2026-05-23T07:30:15.744646Z	debug	translator	[ambient] doBuildEastWestGatewayConfigsforAllWorkspaces: processing 1 workspaces	ns=tier1 id=3aed4613
2026-05-23T07:30:15.744649Z	debug	translator	[ambient] processing workspace 0: term-ws	ns=tier1 id=3aed4613
2026-05-23T07:30:15.744650Z	debug	translator	workspace settings for workspace "term-ws" does not have east-west gateway configs defined	ns=tier1 id=3aed4613
2026-05-23T07:30:15.744649Z	debug	translator	skipping translation for namespace "kube-node-lease"	ns=kube-node-lease id=5c35b3a2
2026-05-23T07:30:15.744651Z	debug	translator	[ambient] workspace term-ws generated 0 regular east-west configs	ns=tier1 id=3aed4613
2026-05-23T07:30:15.744652Z	debug	resource-cache	Batch-based resource tracking disabled, falling back to namespace-based
2026-05-23T07:30:15.744653Z	debug	translator	[ambient] EnableAmbient=false, skipping ambient hybrid configs for workspace term-ws	ns=tier1 id=3aed4613
2026-05-23T07:30:15.744653Z	debug	resource-cache	[kube-node-lease] ===BEGIN: Apply request for 0 objects
2026-05-23T07:30:15.744654Z	debug	translator	[ambient] doBuildEastWestGatewayConfigsforAllWorkspaces: total generated 0 configs	ns=tier1 id=3aed4613
2026-05-23T07:30:15.744654Z	debug	resource-cache	Delete all objects from the namespace kube-node-lease
2026-05-23T07:30:15.744655Z	debug	resource-cache	[kube-node-lease] objects previously in k8s api server cache: 0
2026-05-23T07:30:15.744655Z	debug	translator	error while looking up workspace for namespace "tier1": the namespace "tier1" is not mapped to any workspace	ns=tier1 id=3aed4613
2026-05-23T07:30:15.744656Z	debug	resource-cache	[kube-node-lease] No previous objects at k8s apiserver cache for namespace
2026-05-23T07:30:15.744657Z	debug	resource-cache	[kube-node-lease] ===END: Apply request for 0 objects in 0.000004 s
2026-05-23T07:30:15.744646Z	debug	resource-cache	[cert-manager] No previous objects at k8s apiserver cache for namespace
2026-05-23T07:30:15.744636Z	debug	resource-cache	[metallb-system] ===BEGIN: Apply request for 0 objects
2026-05-23T07:30:15.744661Z	debug	resource-cache	[kube-node-lease] ===BEGIN: Apply request for 0 objects
2026-05-23T07:30:15.744663Z	debug	resource-cache	Delete all objects from the namespace kube-node-lease
2026-05-23T07:30:15.744664Z	debug	resource-cache	Delete all objects from the namespace metallb-system
2026-05-23T07:30:15.744661Z	debug	translator	translating ingress gateway echo-t2-term-gw with 1 servers	ns=echo-term id=4fd74f8e
2026-05-23T07:30:15.744667Z	debug	resource-cache	[metallb-system] objects previously in k8s api server cache: 0
2026-05-23T07:30:15.744668Z	debug	resource-cache	[metallb-system] No previous objects at k8s apiserver cache for namespace
2026-05-23T07:30:15.744670Z	debug	resource-cache	[metallb-system] ===END: Apply request for 0 objects in 0.000033 s
2026-05-23T07:30:15.744660Z	debug	resource-cache	[cert-manager] ===END: Apply request for 0 objects in 0.000017 s
2026-05-23T07:30:15.744698Z	debug	resource-cache	[cert-manager] ===BEGIN: Apply request for 0 objects
2026-05-23T07:30:15.744700Z	debug	resource-cache	Delete all objects from the namespace cert-manager
2026-05-23T07:30:15.744701Z	debug	resource-cache	[cert-manager] objects previously in k8s api server cache: 0
2026-05-23T07:30:15.744702Z	debug	resource-cache	[cert-manager] No previous objects at k8s apiserver cache for namespace
2026-05-23T07:30:15.744703Z	debug	resource-cache	[cert-manager] ===END: Apply request for 0 objects in 0.000005 s
2026-05-23T07:30:15.744657Z	debug	translator	error while looking up workspace for namespace "tier1": the namespace "tier1" is not mapped to any workspace	ns=tier1 id=3aed4613
2026-05-23T07:30:15.744706Z	debug	translator	generated configurations: 0 traffic, 0 security, 0 gateway, 0 istio internal	ns=tier1 id=3aed4613
2026-05-23T07:30:15.744707Z	debug	translator	ew-gen: generating east-west workload entry configs for local services that are exposed for east-west routing	ns=tier1 id=3aed4613
2026-05-23T07:30:15.744711Z	debug	resource-cache	Batch-based resource tracking disabled, falling back to namespace-based
2026-05-23T07:30:15.744712Z	debug	resource-cache	[tier1] ===BEGIN: Apply request for 0 objects
2026-05-23T07:30:15.744713Z	debug	resource-cache	Delete all objects from the namespace tier1
2026-05-23T07:30:15.744714Z	debug	resource-cache	[tier1] objects previously in k8s api server cache: 0
2026-05-23T07:30:15.744715Z	debug	resource-cache	[tier1] No previous objects at k8s apiserver cache for namespace
2026-05-23T07:30:15.744716Z	debug	resource-cache	[tier1] ===END: Apply request for 0 objects in 0.000004 s
2026-05-23T07:30:15.744721Z	debug	resource-cache	[tier1] ===BEGIN: Apply request for 0 objects
2026-05-23T07:30:15.744722Z	debug	resource-cache	Delete all objects from the namespace tier1
2026-05-23T07:30:15.744723Z	debug	resource-cache	[tier1] objects previously in k8s api server cache: 0
2026-05-23T07:30:15.744723Z	debug	resource-cache	[tier1] No previous objects at k8s apiserver cache for namespace
2026-05-23T07:30:15.744724Z	debug	resource-cache	[tier1] ===END: Apply request for 0 objects in 0.000003 s
2026-05-23T07:30:15.744665Z	debug	resource-cache	[kube-node-lease] objects previously in k8s api server cache: 0
2026-05-23T07:30:15.744727Z	debug	resource-cache	[kube-node-lease] No previous objects at k8s apiserver cache for namespace
2026-05-23T07:30:15.744728Z	debug	resource-cache	[kube-node-lease] ===END: Apply request for 0 objects in 0.000066 s
2026-05-23T07:30:15.744668Z	debug	translator	translating ingress gateway echo-t2-term-gw, http server echo	ns=echo-term id=4fd74f8e
2026-05-23T07:30:15.744739Z	debug	translator	picked HTTP server echo (port 8080) for multicluster routing for hostname echo-term.tetrate.io because it contains at least one route rule	ns=echo-term id=4fd74f8e
2026-05-23T07:30:15.744772Z	debug	translator	translating gateway echo-t2-term-gw http server echo (echo-term.tetrate.io) to virtual service, type external	ns=echo-term id=4fd74f8e
2026-05-23T07:30:15.744785Z	debug	model	cannot find traffic group for the namespace echo-term in workspace term-ws
2026-05-23T07:30:15.744897Z	debug	translator	Authz: No authz on external traffic for "echo-term.tetrate.io"	ns=echo-term id=4fd74f8e
2026-05-23T07:30:15.744924Z	debug	translator	[ambient] buildEastWestGatewayConfigs: entry point called	ns=echo-term id=4fd74f8e
2026-05-23T07:30:15.744926Z	debug	translator	[ambient] doBuildEastWestGatewayConfigsforAllWorkspaces: processing 1 workspaces	ns=echo-term id=4fd74f8e
2026-05-23T07:30:15.744927Z	debug	translator	[ambient] processing workspace 0: term-ws	ns=echo-term id=4fd74f8e
2026-05-23T07:30:15.744928Z	debug	translator	workspace settings for workspace "term-ws" does not have east-west gateway configs defined	ns=echo-term id=4fd74f8e
2026-05-23T07:30:15.744929Z	debug	translator	[ambient] workspace term-ws generated 0 regular east-west configs	ns=echo-term id=4fd74f8e
2026-05-23T07:30:15.744931Z	debug	translator	[ambient] EnableAmbient=false, skipping ambient hybrid configs for workspace term-ws	ns=echo-term id=4fd74f8e
2026-05-23T07:30:15.744932Z	debug	translator	[ambient] doBuildEastWestGatewayConfigsforAllWorkspaces: total generated 0 configs	ns=echo-term id=4fd74f8e
2026-05-23T07:30:15.744936Z	debug	translator	error while looking up istio internal group for namespace "echo-term": istio internal group not found for namespace echo-term in workspace term-ws	ns=echo-term id=4fd74f8e
2026-05-23T07:30:15.744938Z	debug	translator	generated configurations: 2 traffic, 1 security, 4 gateway, 0 istio internal	ns=echo-term id=4fd74f8e
2026-05-23T07:30:15.744939Z	debug	translator	ew-gen: generating east-west workload entry configs for local services that are exposed for east-west routing	ns=echo-term id=4fd74f8e
2026-05-23T07:30:15.745668Z	debug	configapply	Applying 7 istio objects in namespace echo-term
2026-05-23T07:30:15.745680Z	debug	configapply	   networking.istio.io/v1/Sidecar [echo-term/default]
2026-05-23T07:30:15.745683Z	debug	configapply	   networking.istio.io/v1alpha3/EnvoyFilter [echo-term/default-upstream-traffic-setting]
2026-05-23T07:30:15.745684Z	debug	configapply	   security.istio.io/v1/AuthorizationPolicy [echo-term/allow]
2026-05-23T07:30:15.745685Z	debug	configapply	   networking.istio.io/v1alpha3/EnvoyFilter [echo-term/tier2-term-gg-default-upstream-traffic-setting]
2026-05-23T07:30:15.745687Z	debug	configapply	   networking.istio.io/v1/Gateway [echo-term/echo-t2-term-gw]
2026-05-23T07:30:15.745688Z	debug	configapply	   networking.istio.io/v1/VirtualService [echo-term/vs-echo-term-tetrate-io]
2026-05-23T07:30:15.745689Z	debug	configapply	   networking.istio.io/v1alpha3/EnvoyFilter [echo-term/default-allow-echo-t2-term-gw-external-batch0]
2026-05-23T07:30:15.745691Z	debug	resource-cache	[echo-term] ===BEGIN: Apply request for 7 objects
2026-05-23T07:30:15.745866Z	debug	resource-cache	[echo-term] Create for {"type":{"group":"networking.istio.io","version":"v1alpha3","kind":"EnvoyFilter"},"name":"default-allow-echo-t2-term-gw-external-batch0","namespace":"echo-term","labels":{"istio.io/rev":"global","xcp.tetrate.io/gatewayGroup":"tier2-term-gg","xcp.tetrate.io/workspace":"term-ws"},"annotations":{"kubectl.kubernetes.io/last-applied-configuration":"{\"apiVersion\":\"gateway.xcp.tetrate.io/v2\",\"kind\":\"IngressGateway\",\"metadata\":{\"annotations\":{},\"labels\":{\"xcp.tetrate.io/gatewayGroup\":\"tier2-term-gg\",\"xcp.tetrate.io/workspace\":\"term-ws\"},\"name\":\"echo-t2-term-gw\",\"namespace\":\"xcp-system\"},\"spec\":{\"http\":[{\"hostname\":\"echo-term.tetrate.io\",\"name\":\"echo\",\"port\":8080,\"routing\":{\"rules\":[{\"route\":{\"host\":\"echo-term/echo-term.echo-term.svc.cluster.local\",\"port\":80}}]}}],\"workloadSelector\":{\"labels\":{\"app\":\"echo-term-gateway\"},\"namespace\":\"echo-term\"}}}\n","xcp.tetrate.io/contentHash":"7a30800c1ec6ccbe0c5b353857e90293"},"creationTimestamp":"0001-01-01T00:00:00Z","Spec":{"workloadSelector":{"labels":{"app":"echo-term-gateway"}},"configPatches":[{"applyTo":"HTTP_FILTER","match":{"context":"GATEWAY","proxy":{"proxyVersion":"^1\\.(22|24|28)(\\.\\d+)?(-.*)?$"},"listener":{"portNumber":8080,"filterChain":{"filter":{"name":"envoy.filters.network.http_connection_manager","subFilter":{"name":"envoy.filters.http.rbac"}}}}},"patch":{"operation":"MERGE","value":{"name":"envoy.filters.http.rbac","typed_config":{"@type":"type.googleapis.com/envoy.extensions.filters.http.rbac.v3.RBAC","rules":{"policies":{"echo-term-echo-t2-term-gw-echo":{"permissions":[{"and_rules":{"rules":[{"or_rules":{"rules":[{"header":{"name":":authority","string_match":{"exact":"echo-term.tetrate.io","ignore_case":true}}},{"header":{"name":":authority","string_match":{"exact":"echo-term.tetrate.io:8080","ignore_case":true}}}]}},{"or_rules":{"rules":[{"destination_port":8080}]}}]}}],"principals":[{"and_ids":{"ids":[{"any":true}]}}]}}}}}}}],"priority":-2000},"Status":null,"Extra":null}
2026-05-23T07:30:15.745991Z	debug	configapply	computed hash for EnvoyFilter:echo-term/default-allow-echo-t2-term-gw-external-batch0 - 927e14370db8eee6b10f33b22f2a997e
2026-05-23T07:30:15.746002Z	debug	discovery-server	same hash so neither creating nor updating
2026-05-23T07:30:15.744681Z	debug	resource-cache	[metallb-system] ===BEGIN: Apply request for 0 objects
2026-05-23T07:30:15.746007Z	debug	resource-cache	Delete all objects from the namespace metallb-system
2026-05-23T07:30:15.746008Z	debug	resource-cache	[metallb-system] objects previously in k8s api server cache: 0
2026-05-23T07:30:15.746009Z	debug	resource-cache	[metallb-system] No previous objects at k8s apiserver cache for namespace
2026-05-23T07:30:15.746011Z	debug	resource-cache	[metallb-system] ===END: Apply request for 0 objects in 0.001330 s
2026-05-23T07:30:15.746020Z	debug	resource-cache	[echo-term] objects previously in k8s api server cache: 7
2026-05-23T07:30:15.746036Z	debug	resource-cache	[echo-term] stale resources to be deleted []
2026-05-23T07:30:15.746066Z	debug	resource-cache	[echo-term] Create for {"type":{"group":"networking.istio.io","version":"v1","kind":"Sidecar"},"name":"default","namespace":"echo-term","labels":{"istio.io/rev":"global"},"annotations":{"kubectl.kubernetes.io/last-applied-configuration":"{\"apiVersion\":\"xcp.tetrate.io/v2\",\"kind\":\"Workspace\",\"metadata\":{\"annotations\":{},\"name\":\"term-ws\",\"namespace\":\"xcp-system\"},\"spec\":{\"namespaceSelector\":{\"names\":[\"cluster-0/tier1-term\",\"cluster-1/echo-term\"]}}}\n","xcp.tetrate.io/contentHash":"220b19430e1ce65d95602a2ae611e44f"},"creationTimestamp":"0001-01-01T00:00:00Z","Spec":{"egress":[{"hosts":["*/*"]}]},"Status":null,"Extra":null}
2026-05-23T07:30:15.746087Z	debug	configapply	computed hash for Sidecar:echo-term/default - 70cf1206d3284c26c17024a87c57be8e
2026-05-23T07:30:15.746096Z	debug	discovery-server	same hash so neither creating nor updating
2026-05-23T07:30:15.746179Z	debug	resource-cache	[echo-term] Create for {"type":{"group":"networking.istio.io","version":"v1alpha3","kind":"EnvoyFilter"},"name":"default-upstream-traffic-setting","namespace":"echo-term","labels":{"istio.io/rev":"global"},"annotations":{"kubectl.kubernetes.io/last-applied-configuration":"{\"apiVersion\":\"xcp.tetrate.io/v2\",\"kind\":\"Workspace\",\"metadata\":{\"annotations\":{},\"name\":\"term-ws\",\"namespace\":\"xcp-system\"},\"spec\":{\"namespaceSelector\":{\"names\":[\"cluster-0/tier1-term\",\"cluster-1/echo-term\"]}}}\n","xcp.tetrate.io/contentHash":"220b19430e1ce65d95602a2ae611e44f"},"creationTimestamp":"0001-01-01T00:00:00Z","Spec":{"configPatches":[{"applyTo":"CLUSTER","match":{"context":"SIDECAR_OUTBOUND","proxy":{"proxyVersion":"^1\\.(22|24|28)(\\.\\d+)?(-.*)?$"}},"patch":{"operation":"MERGE","value":{"@type":"type.googleapis.com/envoy.config.cluster.v3.Cluster","common_lb_config":{"healthy_panic_threshold":{}},"outlier_detection":{"consecutive_gateway_failure":10,"enforcing_consecutive_5xx":0,"enforcing_consecutive_gateway_failure":100,"max_ejection_percent":100}}}},{"applyTo":"HTTP_ROUTE","match":{"context":"SIDECAR_OUTBOUND","proxy":{"proxyVersion":"^1\\.(22|24|28)(\\.\\d+)?(-.*)?$"},"routeConfiguration":{"vhost":{"route":{"action":"ROUTE"}}}},"patch":{"operation":"MERGE","value":{"@type":"type.googleapis.com/envoy.config.route.v3.Route","route":{"retry_policy":{"host_selection_retry_max_attempts":"5","num_retries":2,"retriable_status_codes":[503],"retry_host_predicate":[{"name":"envoy.retry_host_predicates.previous_hosts","typed_config":{"@type":"type.googleapis.com/envoy.extensions.retry.host.previous_hosts.v3.PreviousHostsPredicate"}}],"retry_on":"reset,connect-failure,refused-stream,unavailable,cancelled,retriable-status-codes"}}}}}],"priority":100},"Status":null,"Extra":null}
2026-05-23T07:30:15.746264Z	debug	configapply	computed hash for EnvoyFilter:echo-term/default-upstream-traffic-setting - 14645e3efdd68386f959e9db371e7301
2026-05-23T07:30:15.746271Z	debug	discovery-server	same hash so neither creating nor updating
2026-05-23T07:30:15.746307Z	debug	resource-cache	[echo-term] Create for {"type":{"group":"security.istio.io","version":"v1","kind":"AuthorizationPolicy"},"name":"allow","namespace":"echo-term","labels":{"istio.io/rev":"global"},"annotations":{"kubectl.kubernetes.io/last-applied-configuration":"{\"apiVersion\":\"xcp.tetrate.io/v2\",\"kind\":\"Workspace\",\"metadata\":{\"annotations\":{},\"name\":\"term-ws\",\"namespace\":\"xcp-system\"},\"spec\":{\"namespaceSelector\":{\"names\":[\"cluster-0/tier1-term\",\"cluster-1/echo-term\"]}}}\n","xcp.tetrate.io/contentHash":"220b19430e1ce65d95602a2ae611e44f"},"creationTimestamp":"0001-01-01T00:00:00Z","Spec":{"selector":{"matchLabels":{"istio":"ingressgateway"}},"rules":[{"from":[{"source":{"principals":["*"]}}],"to":[{"operation":{"ports":["15443"]}}]}]},"Status":null,"Extra":null}
2026-05-23T07:30:15.746338Z	debug	configapply	computed hash for AuthorizationPolicy:echo-term/allow - 8c65f8421c3431e4ef3784484e3ef261
2026-05-23T07:30:15.746342Z	debug	discovery-server	same hash so neither creating nor updating
2026-05-23T07:30:15.746415Z	debug	resource-cache	[echo-term] Create for {"type":{"group":"networking.istio.io","version":"v1alpha3","kind":"EnvoyFilter"},"name":"tier2-term-gg-default-upstream-traffic-setting","namespace":"echo-term","labels":{"istio.io/rev":"global"},"annotations":{"kubectl.kubernetes.io/last-applied-configuration":"{\"apiVersion\":\"xcp.tetrate.io/v2\",\"kind\":\"Workspace\",\"metadata\":{\"annotations\":{},\"name\":\"term-ws\",\"namespace\":\"xcp-system\"},\"spec\":{\"namespaceSelector\":{\"names\":[\"cluster-0/tier1-term\",\"cluster-1/echo-term\"]}}}\n","xcp.tetrate.io/contentHash":"220b19430e1ce65d95602a2ae611e44f"},"creationTimestamp":"0001-01-01T00:00:00Z","Spec":{"configPatches":[{"applyTo":"CLUSTER","match":{"context":"GATEWAY","proxy":{"proxyVersion":"^1\\.(22|24|28)(\\.\\d+)?(-.*)?$"}},"patch":{"operation":"MERGE","value":{"@type":"type.googleapis.com/envoy.config.cluster.v3.Cluster","common_lb_config":{"healthy_panic_threshold":{}},"outlier_detection":{"consecutive_gateway_failure":10,"enforcing_consecutive_5xx":0,"enforcing_consecutive_gateway_failure":100,"max_ejection_percent":100}}}},{"applyTo":"HTTP_ROUTE","match":{"context":"GATEWAY","proxy":{"proxyVersion":"^1\\.(22|24|28)(\\.\\d+)?(-.*)?$"},"routeConfiguration":{"vhost":{"route":{"action":"ROUTE"}}}},"patch":{"operation":"MERGE","value":{"@type":"type.googleapis.com/envoy.config.route.v3.Route","route":{"retry_policy":{"host_selection_retry_max_attempts":"5","num_retries":2,"retriable_status_codes":[503],"retry_host_predicate":[{"name":"envoy.retry_host_predicates.previous_hosts","typed_config":{"@type":"type.googleapis.com/envoy.extensions.retry.host.previous_hosts.v3.PreviousHostsPredicate"}}],"retry_on":"reset,connect-failure,refused-stream,unavailable,cancelled,retriable-status-codes"}}}}}],"priority":100},"Status":null,"Extra":null}
2026-05-23T07:30:15.746496Z	debug	configapply	computed hash for EnvoyFilter:echo-term/tier2-term-gg-default-upstream-traffic-setting - 4f9a6697acdcca0723b42f9f050bddf9
2026-05-23T07:30:15.746502Z	debug	discovery-server	same hash so neither creating nor updating
2026-05-23T07:30:15.746539Z	debug	resource-cache	[echo-term] Create for {"type":{"group":"networking.istio.io","version":"v1","kind":"Gateway"},"name":"echo-t2-term-gw","namespace":"echo-term","labels":{"istio.io/rev":"global","xcp.tetrate.io/gatewayGroup":"tier2-term-gg","xcp.tetrate.io/workspace":"term-ws"},"annotations":{"kubectl.kubernetes.io/last-applied-configuration":"{\"apiVersion\":\"gateway.xcp.tetrate.io/v2\",\"kind\":\"IngressGateway\",\"metadata\":{\"annotations\":{},\"labels\":{\"xcp.tetrate.io/gatewayGroup\":\"tier2-term-gg\",\"xcp.tetrate.io/workspace\":\"term-ws\"},\"name\":\"echo-t2-term-gw\",\"namespace\":\"xcp-system\"},\"spec\":{\"http\":[{\"hostname\":\"echo-term.tetrate.io\",\"name\":\"echo\",\"port\":8080,\"routing\":{\"rules\":[{\"route\":{\"host\":\"echo-term/echo-term.echo-term.svc.cluster.local\",\"port\":80}}]}}],\"workloadSelector\":{\"labels\":{\"app\":\"echo-term-gateway\"},\"namespace\":\"echo-term\"}}}\n","xcp.tetrate.io/contentHash":"7a30800c1ec6ccbe0c5b353857e90293"},"creationTimestamp":"0001-01-01T00:00:00Z","Spec":{"servers":[{"port":{"number":8080,"protocol":"HTTP","name":"http-echo"},"hosts":["echo-term/echo-term.tetrate.io"],"name":"echo"},{"port":{"number":15443,"protocol":"HTTPS","name":"mtls-echo"},"hosts":["echo-term/echo-term.tetrate.io"],"tls":{"mode":"ISTIO_MUTUAL"},"name":"echo-mtls"}],"selector":{"app":"echo-term-gateway"}},"Status":null,"Extra":null}
2026-05-23T07:30:15.746603Z	debug	configapply	computed hash for Gateway:echo-term/echo-t2-term-gw - e1ab8ad4f6be128c4904e6f0a06a7dd9
2026-05-23T07:30:15.746606Z	debug	discovery-server	same hash so neither creating nor updating
2026-05-23T07:30:15.746648Z	debug	resource-cache	[echo-term] Create for {"type":{"group":"networking.istio.io","version":"v1","kind":"VirtualService"},"name":"vs-echo-term-tetrate-io","namespace":"echo-term","labels":{"istio.io/rev":"global","xcp.tetrate.io/gatewayGroup":"tier2-term-gg","xcp.tetrate.io/workspace":"term-ws"},"annotations":{"kubectl.kubernetes.io/last-applied-configuration":"{\"apiVersion\":\"gateway.xcp.tetrate.io/v2\",\"kind\":\"IngressGateway\",\"metadata\":{\"annotations\":{},\"labels\":{\"xcp.tetrate.io/gatewayGroup\":\"tier2-term-gg\",\"xcp.tetrate.io/workspace\":\"term-ws\"},\"name\":\"echo-t2-term-gw\",\"namespace\":\"xcp-system\"},\"spec\":{\"http\":[{\"hostname\":\"echo-term.tetrate.io\",\"name\":\"echo\",\"port\":8080,\"routing\":{\"rules\":[{\"route\":{\"host\":\"echo-term/echo-term.echo-term.svc.cluster.local\",\"port\":80}}]}}],\"workloadSelector\":{\"labels\":{\"app\":\"echo-term-gateway\"},\"namespace\":\"echo-term\"}}}\n","xcp.tetrate.io/contentHash":"7a30800c1ec6ccbe0c5b353857e90293"},"creationTimestamp":"0001-01-01T00:00:00Z","Spec":{"hosts":["echo-term.tetrate.io"],"gateways":["echo-term/echo-t2-term-gw"],"http":[{"name":"echo-t2-term-gw-echo-0","match":[{"port":8080},{"port":15443}],"route":[{"destination":{"host":"echo-term.echo-term.svc.cluster.local","port":{"number":80}},"weight":100}]}],"exportTo":["."]},"Status":null,"Extra":null}
2026-05-23T07:30:15.746681Z	debug	configapply	computed hash for VirtualService:echo-term/vs-echo-term-tetrate-io - 96c5e597e3b0e45741fe5d22a27e958a
2026-05-23T07:30:15.746692Z	debug	discovery-server	same hash so neither creating nor updating
2026-05-23T07:30:15.746706Z	debug	resource-cache	[echo-term] ResourceCache length 11
2026-05-23T07:30:15.746712Z	debug	resource-cache	[echo-term] ===END: Apply request for 7 objects in 0.001021 s
2026-05-23T07:30:15.746721Z	debug	cluster-state	Triggering cluster state change event due to config, at 2026-05-23 07:30:13.742474882 +0000 UTC m=+95241.488534573 (force regenerate config = map[]). Resources: []
2026-05-23T07:30:16.076693Z	debug	discovery-server	Updated status cache for EnvoyFilter echo-term/default-upstream-traffic-setting value: true
2026-05-23T07:30:16.076713Z	debug	discovery-server	Marked pending status translation due to status change for echo-term/default-upstream-traffic-setting
2026-05-23T07:30:16.076719Z	debug	discovery-server	Updated status cache for Gateway echo-term/echo-t2-term-gw value: true
2026-05-23T07:30:16.076736Z	debug	discovery-server	Marked pending status translation due to status change for echo-term/echo-t2-term-gw
2026-05-23T07:30:16.077115Z	debug	discovery-server	Updated status cache for EnvoyFilter echo-term/tier2-term-gg-default-upstream-traffic-setting value: true
2026-05-23T07:30:16.077125Z	debug	discovery-server	Marked pending status translation due to status change for echo-term/tier2-term-gg-default-upstream-traffic-setting
2026-05-23T07:30:16.077146Z	debug	discovery-server	Updated status cache for EnvoyFilter echo-term/default-allow-echo-t2-term-gw-external-batch0 value: true
2026-05-23T07:30:16.077147Z	debug	discovery-server	Marked pending status translation due to status change for echo-term/default-allow-echo-t2-term-gw-external-batch0
2026-05-23T07:30:17.746820Z	debug	debounce	notify cbk invoked	id=c8a91734
2026-05-23T07:30:17.746889Z	info	cluster-state	processClusterStateChangeEvents: cluster-eventid: 2026-05-23 07:30:13.078191465 +0000 UTC m=+95240.824251156 and 0 more, queue length: 0, reasons: config,service_subset_update,, forceConfigRegenReasons: map[], resources: []
2026-05-23T07:30:17.746892Z	debug	cluster-state	handleClusterStateChangedEvent: Trigger reasons: config,service_subset_update,, Forced translation: map[], Resources: []
2026-05-23T07:30:17.746909Z	debug	eastwest-configgen	namespace "kube-public" does not have Istio revision "" in boundary "global". Ambient mode: false
2026-05-23T07:30:17.746911Z	debug	eastwest-configgen	namespace "metallb-system" does not have Istio revision "" in boundary "global". Ambient mode: false
2026-05-23T07:30:17.746912Z	debug	eastwest-configgen	namespace "cert-manager" does not have Istio revision "" in boundary "global". Ambient mode: false
2026-05-23T07:30:17.746913Z	debug	eastwest-configgen	namespace "default" does not have Istio revision "" in boundary "global". Ambient mode: false
2026-05-23T07:30:17.746914Z	debug	eastwest-configgen	namespace "kube-node-lease" does not have Istio revision "" in boundary "global". Ambient mode: false
2026-05-23T07:30:17.746915Z	debug	eastwest-configgen	namespace "local-path-storage" does not have Istio revision "" in boundary "global". Ambient mode: false
2026-05-23T07:30:17.746945Z	debug	eastwest-configgen	found Istio IsolationBoundary "global" for Namespace "echo-term"
2026-05-23T07:30:17.746949Z	debug	eastwest-configgen	found Istio IsolationBoundary "global" for Namespace "echo-term"
2026-05-23T07:30:17.746954Z	debug	debounce	notify cbk returned	id=c8a91734
2026-05-23T07:30:17.746956Z	debug	debounce	Applying exponential step-up. maxSilentCurrent updated to: 4s	id=c8a91734
2026-05-23T07:30:17.746966Z	info	no portname specified for service metallb-webhook-service.metallb-system.svc.cluster.local port 443. no endpoints will be detected
2026-05-23T07:30:17.746987Z	info	eastwest-configgen	no endpoints found for service "metallb-webhook-service.metallb-system.svc.cluster.local" port 443
2026-05-23T07:30:17.747001Z	debug	eastwest-configgen	computed east-west gateway associations: {}
2026-05-23T07:30:17.747015Z	debug	cluster-gen	istioServices: 11
2026-05-23T07:30:17.747072Z	debug	cluster-state	found Istio IsolationBoundary for Namespace "echo-term" with Revision "stable"
2026-05-23T07:30:17.747087Z	info	cluster-gen	Gateway service instances for echo-term/echo-term-gateway: 1
2026-05-23T07:30:17.747094Z	debug	cluster-gen	Getting XCP services for possible gateway service echo-term-gateway.echo-term.svc.cluster.local, labels map[app:echo-term-gateway istio:ingressgateway]
2026-05-23T07:30:17.747101Z	debug	cluster-gen	found k8s svc matching ingress gateway - echo-t2-term-gw
2026-05-23T07:30:17.747102Z	debug	cluster-gen	found ingress gateway http host echo-term.tetrate.io for service echo-term-gateway.echo-term.svc.cluster.local
2026-05-23T07:30:17.747118Z	debug	cluster-state	found Istio IsolationBoundary for Namespace "echo-term" with Revision "stable"
2026-05-23T07:30:17.747125Z	debug	cluster-gen	Not a gateway service echo-term/echo-term
2026-05-23T07:30:17.747142Z	debug	cluster-gen	Ignoring service kube-system/kube-dns
2026-05-23T07:30:17.747159Z	info	no portname specified for service metallb-webhook-service.metallb-system.svc.cluster.local port 443. no endpoints will be detected
2026-05-23T07:30:17.747160Z	info	no portname specified for service metallb-webhook-service.metallb-system.svc.cluster.local port 443. no endpoints will be detected
2026-05-23T07:30:17.747163Z	debug	cluster-gen	Ignoring service kube-system/metrics-server
2026-05-23T07:30:17.747183Z	debug	discovery-cache	added istio service instances in namespace: istio-system objects 0, changed false
2026-05-23T07:30:17.747184Z	debug	discovery-cache	added istio service instances in namespace: cert-manager objects 0, changed false
2026-05-23T07:30:17.747188Z	debug	discovery-cache	gateway serviceInstance hostname echo-term-gateway.echo-term.svc.cluster.local
2026-05-23T07:30:17.747193Z	debug	discovery-cache	added istio service instances in namespace: echo-term objects 1, changed false
2026-05-23T07:30:17.747194Z	debug	discovery-cache	added istio service instances in namespace: default objects 0, changed false
2026-05-23T07:30:17.747194Z	debug	discovery-cache	added istio service instances in namespace: metallb-system objects 0, changed false
2026-05-23T07:30:17.747201Z	debug	cluster-state	triggerConfigTranslation false ,triggerConfigTranslationReason true 
2026-05-23T07:30:17.747204Z	debug	cluster-state	change noticed in the exposed gw hostnames. len(new) 1 , len(cached) 0
2026-05-23T07:30:17.747205Z	debug	cluster-state	Gateway Host to k8s service mapping has changed; will be reported to other clusters.
2026-05-23T07:30:17.747205Z	debug	cluster-state	No significant changes detected for east-west services; skipping report to other clusters.
2026-05-23T07:30:17.747210Z	debug	cluster-state	handleClusterStateChangedEvent, actions: map[sendClusterToCentral:{} triggerServiceEntryRegeneration:{}]
2026-05-23T07:30:17.747213Z	debug	discovery-cache	required to trigger istio translation as edge received change in failover setting for one or more hosts for cluster cluster-1
2026-05-23T07:30:17.747214Z	debug	discovery-cache	required to trigger istio translation as edge received change in locality context for one or more hosts for cluster cluster-1
2026-05-23T07:30:17.747262Z	debug	discovery-server	wrote channel for sending cluster updates
2026-05-23T07:30:17.747280Z	debug	cluster-state	Sent 5 namespaces to central. len(HostToK8sSvc) 1
2026-05-23T07:30:17.747284Z	debug	discovery-server	found changes related to gateway hosts attached to lb/nodeport services. (re)generating local SEs
2026-05-23T07:30:17.747301Z	info	cluster-state	processConfigTranslationNotification: cluster-eventid: 2026-05-23 07:30:17.747202384 +0000 UTC m=+95245.493262075 and 0 more, queue length: 0, reasons: config,service_subset_update,, forceConfigRegenReasons: map[], resources: []
2026-05-23T07:30:17.747308Z	debug	configapply	Sending XCP api CRDs to istio config translator
2026-05-23T07:30:17.747454Z	debug	model	gateway-group mapping: map[tier2-term-gg:tier2-term-gg]
2026-05-23T07:30:17.747460Z	debug	model	security-group mapping: map[]
2026-05-23T07:30:17.747461Z	debug	model	traffic-group mapping: map[]
2026-05-23T07:30:17.747462Z	debug	model	istio-internal-group mapping: map[]
2026-05-23T07:30:17.747463Z	debug	model	gateway-deployment mapping: map[echo-term-gateway:echo-term-gateway]
2026-05-23T07:30:17.747474Z	debug	model	processing 16 objects for cluster cluster-1
2026-05-23T07:30:17.747567Z	debug	model	Processing workspace: istio-system/term-ws, o.gvk xcp.tetrate.io/v2/Workspace
2026-05-23T07:30:17.747596Z	debug	model	resolved workspace namespaces [echo-term]
2026-05-23T07:30:17.747614Z	info	model	echo-term: adding workspace term-ws
2026-05-23T07:30:17.747708Z	debug	model	populateGroups workspace = term-ws, &{Meta:{GroupVersionKind:xcp.tetrate.io/v2/Workspace UID: Name:term-ws Namespace:istio-system Domain: Labels:map[] Annotations:map[kubectl.kubernetes.io/last-applied-configuration:{"apiVersion":"xcp.tetrate.io/v2","kind":"Workspace","metadata":{"annotations":{},"name":"term-ws","namespace":"xcp-system"},"spec":{"namespaceSelector":{"names":["cluster-0/tier1-term","cluster-1/echo-term"]}}}
 xcp.tetrate.io/contentHash:220b19430e1ce65d95602a2ae611e44f] ResourceVersion:269003 CreationTimestamp:2026-05-23 07:30:12 +0000 UTC OwnerReferences:[] Generation:0} Spec:namespace_selector:{names:"cluster-0/tier1-term" names:"cluster-1/echo-term"} Status:<nil> Extra:map[]}
2026-05-23T07:30:17.747713Z	debug	model	gg namespace_selector:{names:"cluster-1/echo-term"}
2026-05-23T07:30:17.747714Z	debug	model	resolved gateway group namespaces [echo-term]
2026-05-23T07:30:17.747722Z	debug	model	echo-term: registered gateway group tier2-term-gg in workspace term-ws
2026-05-23T07:30:17.747728Z	error	model	workspace name is unspecified or empty for install.xcp.tetrate.io/v1alpha1/GatewayDeployment::istio-system/echo-term-gateway. Skipping...
2026-05-23T07:30:17.747783Z	debug	discovery-server	Sending cluster-state update to central xcp
2026-05-23T07:30:17.747815Z	debug	model	populateObjectsInGroups: workspace = term-ws, &{Meta:{GroupVersionKind:xcp.tetrate.io/v2/Workspace UID: Name:term-ws Namespace:istio-system Domain: Labels:map[] Annotations:map[kubectl.kubernetes.io/last-applied-configuration:{"apiVersion":"xcp.tetrate.io/v2","kind":"Workspace","metadata":{"annotations":{},"name":"term-ws","namespace":"xcp-system"},"spec":{"namespaceSelector":{"names":["cluster-0/tier1-term","cluster-1/echo-term"]}}}
 xcp.tetrate.io/contentHash:220b19430e1ce65d95602a2ae611e44f] ResourceVersion:269003 CreationTimestamp:2026-05-23 07:30:12 +0000 UTC OwnerReferences:[] Generation:0} Spec:namespace_selector:{names:"cluster-0/tier1-term" names:"cluster-1/echo-term"} Status:<nil> Extra:map[]}
2026-05-23T07:30:17.747835Z	error	model	workspace name is unspecified or empty for install.xcp.tetrate.io/v1alpha1/GatewayDeployment::istio-system/echo-term-gateway. Skipping...
2026-05-23T07:30:17.747870Z	debug	discovery-server	Done sending cluster-state to central xcp
2026-05-23T07:30:17.748011Z	debug	eastwest-configgen	namespace "kube-node-lease" does not have Istio revision "" in boundary "global". Ambient mode: false
2026-05-23T07:30:17.748017Z	debug	eastwest-configgen	namespace "metallb-system" does not have Istio revision "" in boundary "global". Ambient mode: false
2026-05-23T07:30:17.748018Z	debug	eastwest-configgen	namespace "local-path-storage" does not have Istio revision "" in boundary "global". Ambient mode: false
2026-05-23T07:30:17.748019Z	debug	eastwest-configgen	namespace "cert-manager" does not have Istio revision "" in boundary "global". Ambient mode: false
2026-05-23T07:30:17.748020Z	debug	eastwest-configgen	namespace "default" does not have Istio revision "" in boundary "global". Ambient mode: false
2026-05-23T07:30:17.748022Z	debug	eastwest-configgen	namespace "kube-public" does not have Istio revision "" in boundary "global". Ambient mode: false
2026-05-23T07:30:17.748047Z	debug	eastwest-configgen	found Istio IsolationBoundary "global" for Namespace "echo-term"
2026-05-23T07:30:17.748051Z	debug	eastwest-configgen	found Istio IsolationBoundary "global" for Namespace "echo-term"
2026-05-23T07:30:17.748056Z	info	no portname specified for service metallb-webhook-service.metallb-system.svc.cluster.local port 443. no endpoints will be detected
2026-05-23T07:30:17.748076Z	info	eastwest-configgen	no endpoints found for service "metallb-webhook-service.metallb-system.svc.cluster.local" port 443
2026-05-23T07:30:17.748083Z	debug	eastwest-configgen	computed east-west gateway associations: {}
2026-05-23T07:30:17.748093Z	debug	discovery-server	found service instance with matching namespace and labels. svc port 15443, workload port 15443
2026-05-23T07:30:17.748109Z	debug	configapply	Translation triggered for all [local-path-storage cert-manager default kube-public echo-term tier1 kube-node-lease metallb-system] namespaces
2026-05-23T07:30:17.748127Z	debug	translator	skipping translation for namespace "metallb-system"	ns=metallb-system id=d28b8727
2026-05-23T07:30:17.748138Z	debug	resource-cache	Batch-based resource tracking disabled, falling back to namespace-based
2026-05-23T07:30:17.748139Z	debug	resource-cache	[metallb-system] ===BEGIN: Apply request for 0 objects
2026-05-23T07:30:17.748141Z	debug	resource-cache	Delete all objects from the namespace metallb-system
2026-05-23T07:30:17.748142Z	debug	resource-cache	[metallb-system] objects previously in k8s api server cache: 0
2026-05-23T07:30:17.748143Z	debug	resource-cache	[metallb-system] No previous objects at k8s apiserver cache for namespace
2026-05-23T07:30:17.748145Z	debug	resource-cache	[metallb-system] ===END: Apply request for 0 objects in 0.000005 s
2026-05-23T07:30:17.748155Z	debug	resource-cache	[metallb-system] ===BEGIN: Apply request for 0 objects
2026-05-23T07:30:17.748155Z	debug	resource-cache	Delete all objects from the namespace metallb-system
2026-05-23T07:30:17.748156Z	debug	resource-cache	[metallb-system] objects previously in k8s api server cache: 0
2026-05-23T07:30:17.748157Z	debug	resource-cache	[metallb-system] No previous objects at k8s apiserver cache for namespace
2026-05-23T07:30:17.748158Z	debug	resource-cache	[metallb-system] ===END: Apply request for 0 objects in 0.000003 s
2026-05-23T07:30:17.748162Z	debug	translator	skipping translation for namespace "local-path-storage"	ns=local-path-storage id=700da9eb
2026-05-23T07:30:17.748165Z	debug	resource-cache	Batch-based resource tracking disabled, falling back to namespace-based
2026-05-23T07:30:17.748166Z	debug	resource-cache	[local-path-storage] ===BEGIN: Apply request for 0 objects
2026-05-23T07:30:17.748167Z	debug	resource-cache	Delete all objects from the namespace local-path-storage
2026-05-23T07:30:17.748167Z	debug	resource-cache	[local-path-storage] objects previously in k8s api server cache: 0
2026-05-23T07:30:17.748168Z	debug	resource-cache	[local-path-storage] No previous objects at k8s apiserver cache for namespace
2026-05-23T07:30:17.748169Z	debug	resource-cache	[local-path-storage] ===END: Apply request for 0 objects in 0.000003 s
2026-05-23T07:30:17.748172Z	debug	resource-cache	[local-path-storage] ===BEGIN: Apply request for 0 objects
2026-05-23T07:30:17.748173Z	debug	resource-cache	Delete all objects from the namespace local-path-storage
2026-05-23T07:30:17.748174Z	debug	resource-cache	[local-path-storage] objects previously in k8s api server cache: 0
2026-05-23T07:30:17.748175Z	debug	resource-cache	[local-path-storage] No previous objects at k8s apiserver cache for namespace
2026-05-23T07:30:17.748176Z	debug	resource-cache	[local-path-storage] ===END: Apply request for 0 objects in 0.000003 s
2026-05-23T07:30:17.748179Z	debug	translator	skipping translation for namespace "cert-manager"	ns=cert-manager id=db28f4cf
2026-05-23T07:30:17.748181Z	debug	resource-cache	Batch-based resource tracking disabled, falling back to namespace-based
2026-05-23T07:30:17.748182Z	debug	resource-cache	[cert-manager] ===BEGIN: Apply request for 0 objects
2026-05-23T07:30:17.748183Z	debug	resource-cache	Delete all objects from the namespace cert-manager
2026-05-23T07:30:17.748181Z	debug	resource-cache	Unmanaged Istio resources by kind: map[AuthorizationPolicy:0 DestinationRule:0 EnvoyFilter:0 Gateway:0 PeerAuthentication:0 RequestAuthentication:0 ServiceEntry:0 Sidecar:0 Telemetry:0 VirtualService:0 WasmPlugin:0 WorkloadEntry:0]
2026-05-23T07:30:17.748184Z	debug	resource-cache	[cert-manager] objects previously in k8s api server cache: 0
2026-05-23T07:30:17.748187Z	debug	resource-cache	[cert-manager] No previous objects at k8s apiserver cache for namespace
2026-05-23T07:30:17.748187Z	debug	translator	skipping translation for namespace "default"	ns=default id=177eea15
2026-05-23T07:30:17.748189Z	debug	resource-cache	[cert-manager] ===END: Apply request for 0 objects in 0.000006 s
2026-05-23T07:30:17.748190Z	debug	resource-cache	Batch-based resource tracking disabled, falling back to namespace-based
2026-05-23T07:30:17.748192Z	debug	resource-cache	[default] ===BEGIN: Apply request for 0 objects
2026-05-23T07:30:17.748193Z	debug	resource-cache	Delete all objects from the namespace default
2026-05-23T07:30:17.748194Z	debug	resource-cache	[default] objects previously in k8s api server cache: 0
2026-05-23T07:30:17.748195Z	debug	resource-cache	[default] No previous objects at k8s apiserver cache for namespace
2026-05-23T07:30:17.748196Z	debug	resource-cache	[default] ===END: Apply request for 0 objects in 0.000004 s
2026-05-23T07:30:17.748197Z	debug	resource-cache	[cert-manager] ===BEGIN: Apply request for 0 objects
2026-05-23T07:30:17.748199Z	debug	resource-cache	Delete all objects from the namespace cert-manager
2026-05-23T07:30:17.748200Z	debug	resource-cache	[cert-manager] objects previously in k8s api server cache: 0
2026-05-23T07:30:17.748201Z	debug	resource-cache	[cert-manager] No previous objects at k8s apiserver cache for namespace
2026-05-23T07:30:17.748202Z	debug	resource-cache	[cert-manager] ===END: Apply request for 0 objects in 0.000005 s
2026-05-23T07:30:17.748201Z	debug	translator	skipping translation for namespace "kube-public"	ns=kube-public id=4f75c1d5
2026-05-23T07:30:17.748203Z	debug	resource-cache	Batch-based resource tracking disabled, falling back to namespace-based
2026-05-23T07:30:17.748199Z	debug	resource-cache	[default] ===BEGIN: Apply request for 0 objects
2026-05-23T07:30:17.748206Z	debug	resource-cache	Delete all objects from the namespace default
2026-05-23T07:30:17.748206Z	debug	resource-cache	[default] objects previously in k8s api server cache: 0
2026-05-23T07:30:17.748209Z	debug	resource-cache	[default] No previous objects at k8s apiserver cache for namespace
2026-05-23T07:30:17.748210Z	debug	resource-cache	[default] ===END: Apply request for 0 objects in 0.000011 s
2026-05-23T07:30:17.748204Z	debug	resource-cache	[kube-public] ===BEGIN: Apply request for 0 objects
2026-05-23T07:30:17.748219Z	debug	resource-cache	Delete all objects from the namespace kube-public
2026-05-23T07:30:17.748220Z	debug	resource-cache	[kube-public] objects previously in k8s api server cache: 0
2026-05-23T07:30:17.748222Z	debug	resource-cache	[kube-public] No previous objects at k8s apiserver cache for namespace
2026-05-23T07:30:17.748223Z	debug	resource-cache	[kube-public] ===END: Apply request for 0 objects in 0.000018 s
2026-05-23T07:30:17.748224Z	warn	translator	error while looking up traffic group for namespace "echo-term": traffic group not found for namespace echo-term in workspace term-ws	ns=echo-term id=e708140e
2026-05-23T07:30:17.748228Z	debug	resource-cache	[kube-public] ===BEGIN: Apply request for 0 objects
2026-05-23T07:30:17.748229Z	debug	resource-cache	Delete all objects from the namespace kube-public
2026-05-23T07:30:17.748230Z	debug	resource-cache	[kube-public] objects previously in k8s api server cache: 0
2026-05-23T07:30:17.748232Z	debug	resource-cache	[kube-public] No previous objects at k8s apiserver cache for namespace
2026-05-23T07:30:17.748234Z	debug	resource-cache	[kube-public] ===END: Apply request for 0 objects in 0.000006 s
2026-05-23T07:30:17.748235Z	debug	translator	error while looking up workspace for namespace "tier1": the namespace "tier1" is not mapped to any workspace	ns=tier1 id=5f72d481
2026-05-23T07:30:17.748239Z	debug	translator	failed to lookup workspace for namespace "tier1": the namespace "tier1" is not mapped to any workspace	ns=tier1 id=5f72d481
2026-05-23T07:30:17.748240Z	debug	translator	workspace for namespace "tier1" not found	ns=tier1 id=5f72d481
2026-05-23T07:30:17.748242Z	debug	translator	[ambient] buildEastWestGatewayConfigs: entry point called	ns=tier1 id=5f72d481
2026-05-23T07:30:17.748244Z	debug	translator	[ambient] doBuildEastWestGatewayConfigsforAllWorkspaces: processing 1 workspaces	ns=tier1 id=5f72d481
2026-05-23T07:30:17.748245Z	debug	translator	[ambient] processing workspace 0: term-ws	ns=tier1 id=5f72d481
2026-05-23T07:30:17.748243Z	debug	translator	skipping translation for namespace "kube-node-lease"	ns=kube-node-lease id=2237f4bb
2026-05-23T07:30:17.748247Z	debug	translator	workspace settings for workspace "term-ws" does not have east-west gateway configs defined	ns=tier1 id=5f72d481
2026-05-23T07:30:17.748249Z	debug	resource-cache	Batch-based resource tracking disabled, falling back to namespace-based
2026-05-23T07:30:17.748250Z	debug	translator	[ambient] workspace term-ws generated 0 regular east-west configs	ns=tier1 id=5f72d481
2026-05-23T07:30:17.748250Z	debug	resource-cache	[kube-node-lease] ===BEGIN: Apply request for 0 objects
2026-05-23T07:30:17.748251Z	debug	translator	[ambient] EnableAmbient=false, skipping ambient hybrid configs for workspace term-ws	ns=tier1 id=5f72d481
2026-05-23T07:30:17.748229Z	debug	translator	traffic group for namespace "echo-term" not found. applying defaults	ns=echo-term id=e708140e
2026-05-23T07:30:17.748257Z	debug	translator	traffic group for namespace "echo-term" not found	ns=echo-term id=e708140e
2026-05-23T07:30:17.748269Z	debug	translator	upstream traffic setting for namespace "echo-term" not found, default settings will be created	ns=echo-term id=e708140e
2026-05-23T07:30:17.748401Z	warn	translator	failed to lookup security group for "echo-term": security group not found for namespace echo-term in workspace term-ws	ns=echo-term id=e708140e
2026-05-23T07:30:17.748408Z	debug	translator	security group for namespace "echo-term" not found. applying defaults	ns=echo-term id=e708140e
2026-05-23T07:30:17.748421Z	debug	translator	selector is nil means no per-svc security settings, setting it to match_labels:{key:"istio" value:"ingressgateway"}	ns=echo-term id=e708140e
2026-05-23T07:30:17.748427Z	debug	translator	found gateway group (BRIDGED) "tier2-term-gg" for namespace "echo-term"	ns=echo-term id=e708140e
2026-05-23T07:30:17.748429Z	warn	translator	error while getting traffic group for namespace "echo-term": traffic group not found for namespace echo-term in workspace term-ws	ns=echo-term id=e708140e
2026-05-23T07:30:17.748431Z	debug	translator	upstream traffic setting for namespace "echo-term" not found, default settings will be created	ns=echo-term id=e708140e
2026-05-23T07:30:17.748433Z	debug	translator	found gateway group for namespace "echo-term": tier2-term-gg	ns=echo-term id=e708140e
2026-05-23T07:30:17.748478Z	debug	translator	translating ingress gateway echo-t2-term-gw with 1 servers	ns=echo-term id=e708140e
2026-05-23T07:30:17.748483Z	debug	translator	translating ingress gateway echo-t2-term-gw, http server echo	ns=echo-term id=e708140e
2026-05-23T07:30:17.748491Z	debug	translator	picked HTTP server echo (port 8080) for multicluster routing for hostname echo-term.tetrate.io because it contains at least one route rule	ns=echo-term id=e708140e
2026-05-23T07:30:17.748495Z	debug	translator	translating gateway echo-t2-term-gw http server echo (echo-term.tetrate.io) to virtual service, type external	ns=echo-term id=e708140e
2026-05-23T07:30:17.748503Z	debug	model	cannot find traffic group for the namespace echo-term in workspace term-ws
2026-05-23T07:30:17.748253Z	debug	translator	[ambient] doBuildEastWestGatewayConfigsforAllWorkspaces: total generated 0 configs	ns=tier1 id=5f72d481
2026-05-23T07:30:17.748717Z	debug	translator	error while looking up workspace for namespace "tier1": the namespace "tier1" is not mapped to any workspace	ns=tier1 id=5f72d481
2026-05-23T07:30:17.748721Z	debug	translator	error while looking up workspace for namespace "tier1": the namespace "tier1" is not mapped to any workspace	ns=tier1 id=5f72d481
2026-05-23T07:30:17.748723Z	debug	translator	generated configurations: 0 traffic, 0 security, 0 gateway, 0 istio internal	ns=tier1 id=5f72d481
2026-05-23T07:30:17.748724Z	debug	translator	ew-gen: generating east-west workload entry configs for local services that are exposed for east-west routing	ns=tier1 id=5f72d481
2026-05-23T07:30:17.748730Z	debug	resource-cache	Batch-based resource tracking disabled, falling back to namespace-based
2026-05-23T07:30:17.748731Z	debug	resource-cache	[tier1] ===BEGIN: Apply request for 0 objects
2026-05-23T07:30:17.748732Z	debug	resource-cache	Delete all objects from the namespace tier1
2026-05-23T07:30:17.748733Z	debug	resource-cache	[tier1] objects previously in k8s api server cache: 0
2026-05-23T07:30:17.748733Z	debug	resource-cache	[tier1] No previous objects at k8s apiserver cache for namespace
2026-05-23T07:30:17.748735Z	debug	resource-cache	[tier1] ===END: Apply request for 0 objects in 0.000004 s
2026-05-23T07:30:17.748743Z	debug	resource-cache	[tier1] ===BEGIN: Apply request for 0 objects
2026-05-23T07:30:17.748744Z	debug	resource-cache	Delete all objects from the namespace tier1
2026-05-23T07:30:17.748745Z	debug	resource-cache	[tier1] objects previously in k8s api server cache: 0
2026-05-23T07:30:17.748745Z	debug	resource-cache	[tier1] No previous objects at k8s apiserver cache for namespace
2026-05-23T07:30:17.748746Z	debug	resource-cache	[tier1] ===END: Apply request for 0 objects in 0.000003 s
2026-05-23T07:30:17.748252Z	debug	resource-cache	Delete all objects from the namespace kube-node-lease
2026-05-23T07:30:17.748750Z	debug	resource-cache	[kube-node-lease] objects previously in k8s api server cache: 0
2026-05-23T07:30:17.748750Z	debug	resource-cache	[kube-node-lease] No previous objects at k8s apiserver cache for namespace
2026-05-23T07:30:17.748751Z	debug	resource-cache	[kube-node-lease] ===END: Apply request for 0 objects in 0.000501 s
2026-05-23T07:30:17.748755Z	debug	resource-cache	[kube-node-lease] ===BEGIN: Apply request for 0 objects
2026-05-23T07:30:17.748756Z	debug	resource-cache	Delete all objects from the namespace kube-node-lease
2026-05-23T07:30:17.748757Z	debug	resource-cache	[kube-node-lease] objects previously in k8s api server cache: 0
2026-05-23T07:30:17.748757Z	debug	resource-cache	[kube-node-lease] No previous objects at k8s apiserver cache for namespace
2026-05-23T07:30:17.748758Z	debug	resource-cache	[kube-node-lease] ===END: Apply request for 0 objects in 0.000003 s
2026-05-23T07:30:17.748821Z	debug	translator	Authz: No authz on external traffic for "echo-term.tetrate.io"	ns=echo-term id=e708140e
2026-05-23T07:30:17.748840Z	debug	translator	[ambient] buildEastWestGatewayConfigs: entry point called	ns=echo-term id=e708140e
2026-05-23T07:30:17.748842Z	debug	translator	[ambient] doBuildEastWestGatewayConfigsforAllWorkspaces: processing 1 workspaces	ns=echo-term id=e708140e
2026-05-23T07:30:17.748843Z	debug	translator	[ambient] processing workspace 0: term-ws	ns=echo-term id=e708140e
2026-05-23T07:30:17.748844Z	debug	translator	workspace settings for workspace "term-ws" does not have east-west gateway configs defined	ns=echo-term id=e708140e
2026-05-23T07:30:17.748845Z	debug	translator	[ambient] workspace term-ws generated 0 regular east-west configs	ns=echo-term id=e708140e
2026-05-23T07:30:17.748847Z	debug	translator	[ambient] EnableAmbient=false, skipping ambient hybrid configs for workspace term-ws	ns=echo-term id=e708140e
2026-05-23T07:30:17.748848Z	debug	translator	[ambient] doBuildEastWestGatewayConfigsforAllWorkspaces: total generated 0 configs	ns=echo-term id=e708140e
2026-05-23T07:30:17.748850Z	debug	translator	error while looking up istio internal group for namespace "echo-term": istio internal group not found for namespace echo-term in workspace term-ws	ns=echo-term id=e708140e
2026-05-23T07:30:17.748861Z	debug	translator	generated configurations: 2 traffic, 1 security, 4 gateway, 0 istio internal	ns=echo-term id=e708140e
2026-05-23T07:30:17.748862Z	debug	translator	ew-gen: generating east-west workload entry configs for local services that are exposed for east-west routing	ns=echo-term id=e708140e
2026-05-23T07:30:17.749675Z	debug	configapply	Applying 7 istio objects in namespace echo-term
2026-05-23T07:30:17.749699Z	debug	configapply	   networking.istio.io/v1/Sidecar [echo-term/default]
2026-05-23T07:30:17.749702Z	debug	configapply	   networking.istio.io/v1alpha3/EnvoyFilter [echo-term/default-upstream-traffic-setting]
2026-05-23T07:30:17.749702Z	debug	configapply	   security.istio.io/v1/AuthorizationPolicy [echo-term/allow]
2026-05-23T07:30:17.749703Z	debug	configapply	   networking.istio.io/v1alpha3/EnvoyFilter [echo-term/tier2-term-gg-default-upstream-traffic-setting]
2026-05-23T07:30:17.749705Z	debug	configapply	   networking.istio.io/v1/Gateway [echo-term/echo-t2-term-gw]
2026-05-23T07:30:17.749706Z	debug	configapply	   networking.istio.io/v1/VirtualService [echo-term/vs-echo-term-tetrate-io]
2026-05-23T07:30:17.749706Z	debug	configapply	   networking.istio.io/v1alpha3/EnvoyFilter [echo-term/default-allow-echo-t2-term-gw-external-batch0]
2026-05-23T07:30:17.749708Z	debug	resource-cache	[echo-term] ===BEGIN: Apply request for 7 objects
2026-05-23T07:30:17.749793Z	debug	resource-cache	[echo-term] Create for {"type":{"group":"security.istio.io","version":"v1","kind":"AuthorizationPolicy"},"name":"allow","namespace":"echo-term","labels":{"istio.io/rev":"global"},"annotations":{"kubectl.kubernetes.io/last-applied-configuration":"{\"apiVersion\":\"xcp.tetrate.io/v2\",\"kind\":\"Workspace\",\"metadata\":{\"annotations\":{},\"name\":\"term-ws\",\"namespace\":\"xcp-system\"},\"spec\":{\"namespaceSelector\":{\"names\":[\"cluster-0/tier1-term\",\"cluster-1/echo-term\"]}}}\n","xcp.tetrate.io/contentHash":"220b19430e1ce65d95602a2ae611e44f"},"creationTimestamp":"0001-01-01T00:00:00Z","Spec":{"selector":{"matchLabels":{"istio":"ingressgateway"}},"rules":[{"from":[{"source":{"principals":["*"]}}],"to":[{"operation":{"ports":["15443"]}}]}]},"Status":null,"Extra":null}
2026-05-23T07:30:17.749814Z	debug	resource-cache	[echo-term] objects previously in k8s api server cache: 7
2026-05-23T07:30:17.749827Z	debug	resource-cache	[echo-term] stale resources to be deleted []
2026-05-23T07:30:17.749828Z	debug	configapply	computed hash for AuthorizationPolicy:echo-term/allow - 8c65f8421c3431e4ef3784484e3ef261
2026-05-23T07:30:17.749836Z	debug	discovery-server	same hash so neither creating nor updating
2026-05-23T07:30:17.749851Z	debug	resource-cache	[echo-term] Create for {"type":{"group":"networking.istio.io","version":"v1alpha3","kind":"EnvoyFilter"},"name":"default-allow-echo-t2-term-gw-external-batch0","namespace":"echo-term","labels":{"istio.io/rev":"global","xcp.tetrate.io/gatewayGroup":"tier2-term-gg","xcp.tetrate.io/workspace":"term-ws"},"annotations":{"kubectl.kubernetes.io/last-applied-configuration":"{\"apiVersion\":\"gateway.xcp.tetrate.io/v2\",\"kind\":\"IngressGateway\",\"metadata\":{\"annotations\":{},\"labels\":{\"xcp.tetrate.io/gatewayGroup\":\"tier2-term-gg\",\"xcp.tetrate.io/workspace\":\"term-ws\"},\"name\":\"echo-t2-term-gw\",\"namespace\":\"xcp-system\"},\"spec\":{\"http\":[{\"hostname\":\"echo-term.tetrate.io\",\"name\":\"echo\",\"port\":8080,\"routing\":{\"rules\":[{\"route\":{\"host\":\"echo-term/echo-term.echo-term.svc.cluster.local\",\"port\":80}}]}}],\"workloadSelector\":{\"labels\":{\"app\":\"echo-term-gateway\"},\"namespace\":\"echo-term\"}}}\n","xcp.tetrate.io/contentHash":"7a30800c1ec6ccbe0c5b353857e90293"},"creationTimestamp":"0001-01-01T00:00:00Z","Spec":{"workloadSelector":{"labels":{"app":"echo-term-gateway"}},"configPatches":[{"applyTo":"HTTP_FILTER","match":{"context":"GATEWAY","proxy":{"proxyVersion":"^1\\.(22|24|28)(\\.\\d+)?(-.*)?$"},"listener":{"portNumber":8080,"filterChain":{"filter":{"name":"envoy.filters.network.http_connection_manager","subFilter":{"name":"envoy.filters.http.rbac"}}}}},"patch":{"operation":"MERGE","value":{"name":"envoy.filters.http.rbac","typed_config":{"@type":"type.googleapis.com/envoy.extensions.filters.http.rbac.v3.RBAC","rules":{"policies":{"echo-term-echo-t2-term-gw-echo":{"permissions":[{"and_rules":{"rules":[{"or_rules":{"rules":[{"header":{"name":":authority","string_match":{"exact":"echo-term.tetrate.io","ignore_case":true}}},{"header":{"name":":authority","string_match":{"exact":"echo-term.tetrate.io:8080","ignore_case":true}}}]}},{"or_rules":{"rules":[{"destination_port":8080}]}}]}}],"principals":[{"and_ids":{"ids":[{"any":true}]}}]}}}}}}}],"priority":-2000},"Status":null,"Extra":null}
2026-05-23T07:30:17.749861Z	debug	resource-cache	[echo-term] Create for {"type":{"group":"networking.istio.io","version":"v1","kind":"Sidecar"},"name":"default","namespace":"echo-term","labels":{"istio.io/rev":"global"},"annotations":{"kubectl.kubernetes.io/last-applied-configuration":"{\"apiVersion\":\"xcp.tetrate.io/v2\",\"kind\":\"Workspace\",\"metadata\":{\"annotations\":{},\"name\":\"term-ws\",\"namespace\":\"xcp-system\"},\"spec\":{\"namespaceSelector\":{\"names\":[\"cluster-0/tier1-term\",\"cluster-1/echo-term\"]}}}\n","xcp.tetrate.io/contentHash":"220b19430e1ce65d95602a2ae611e44f"},"creationTimestamp":"0001-01-01T00:00:00Z","Spec":{"egress":[{"hosts":["*/*"]}]},"Status":null,"Extra":null}
2026-05-23T07:30:17.749876Z	debug	resource-cache	[echo-term] Create for {"type":{"group":"networking.istio.io","version":"v1","kind":"Gateway"},"name":"echo-t2-term-gw","namespace":"echo-term","labels":{"istio.io/rev":"global","xcp.tetrate.io/gatewayGroup":"tier2-term-gg","xcp.tetrate.io/workspace":"term-ws"},"annotations":{"kubectl.kubernetes.io/last-applied-configuration":"{\"apiVersion\":\"gateway.xcp.tetrate.io/v2\",\"kind\":\"IngressGateway\",\"metadata\":{\"annotations\":{},\"labels\":{\"xcp.tetrate.io/gatewayGroup\":\"tier2-term-gg\",\"xcp.tetrate.io/workspace\":\"term-ws\"},\"name\":\"echo-t2-term-gw\",\"namespace\":\"xcp-system\"},\"spec\":{\"http\":[{\"hostname\":\"echo-term.tetrate.io\",\"name\":\"echo\",\"port\":8080,\"routing\":{\"rules\":[{\"route\":{\"host\":\"echo-term/echo-term.echo-term.svc.cluster.local\",\"port\":80}}]}}],\"workloadSelector\":{\"labels\":{\"app\":\"echo-term-gateway\"},\"namespace\":\"echo-term\"}}}\n","xcp.tetrate.io/contentHash":"7a30800c1ec6ccbe0c5b353857e90293"},"creationTimestamp":"0001-01-01T00:00:00Z","Spec":{"servers":[{"port":{"number":8080,"protocol":"HTTP","name":"http-echo"},"hosts":["echo-term/echo-term.tetrate.io"],"name":"echo"},{"port":{"number":15443,"protocol":"HTTPS","name":"mtls-echo"},"hosts":["echo-term/echo-term.tetrate.io"],"tls":{"mode":"ISTIO_MUTUAL"},"name":"echo-mtls"}],"selector":{"app":"echo-term-gateway"}},"Status":null,"Extra":null}
2026-05-23T07:30:17.749891Z	debug	resource-cache	[echo-term] Create for {"type":{"group":"networking.istio.io","version":"v1alpha3","kind":"EnvoyFilter"},"name":"default-upstream-traffic-setting","namespace":"echo-term","labels":{"istio.io/rev":"global"},"annotations":{"kubectl.kubernetes.io/last-applied-configuration":"{\"apiVersion\":\"xcp.tetrate.io/v2\",\"kind\":\"Workspace\",\"metadata\":{\"annotations\":{},\"name\":\"term-ws\",\"namespace\":\"xcp-system\"},\"spec\":{\"namespaceSelector\":{\"names\":[\"cluster-0/tier1-term\",\"cluster-1/echo-term\"]}}}\n","xcp.tetrate.io/contentHash":"220b19430e1ce65d95602a2ae611e44f"},"creationTimestamp":"0001-01-01T00:00:00Z","Spec":{"configPatches":[{"applyTo":"CLUSTER","match":{"context":"SIDECAR_OUTBOUND","proxy":{"proxyVersion":"^1\\.(22|24|28)(\\.\\d+)?(-.*)?$"}},"patch":{"operation":"MERGE","value":{"@type":"type.googleapis.com/envoy.config.cluster.v3.Cluster","common_lb_config":{"healthy_panic_threshold":{}},"outlier_detection":{"consecutive_gateway_failure":10,"enforcing_consecutive_5xx":0,"enforcing_consecutive_gateway_failure":100,"max_ejection_percent":100}}}},{"applyTo":"HTTP_ROUTE","match":{"context":"SIDECAR_OUTBOUND","proxy":{"proxyVersion":"^1\\.(22|24|28)(\\.\\d+)?(-.*)?$"},"routeConfiguration":{"vhost":{"route":{"action":"ROUTE"}}}},"patch":{"operation":"MERGE","value":{"@type":"type.googleapis.com/envoy.config.route.v3.Route","route":{"retry_policy":{"host_selection_retry_max_attempts":"5","num_retries":2,"retriable_status_codes":[503],"retry_host_predicate":[{"name":"envoy.retry_host_predicates.previous_hosts","typed_config":{"@type":"type.googleapis.com/envoy.extensions.retry.host.previous_hosts.v3.PreviousHostsPredicate"}}],"retry_on":"reset,connect-failure,refused-stream,unavailable,cancelled,retriable-status-codes"}}}}}],"priority":100},"Status":null,"Extra":null}
2026-05-23T07:30:17.749908Z	debug	configapply	computed hash for Gateway:echo-term/echo-t2-term-gw - e1ab8ad4f6be128c4904e6f0a06a7dd9
2026-05-23T07:30:17.749908Z	debug	configapply	computed hash for Sidecar:echo-term/default - 70cf1206d3284c26c17024a87c57be8e
2026-05-23T07:30:17.749923Z	debug	discovery-server	same hash so neither creating nor updating
2026-05-23T07:30:17.749933Z	debug	configapply	computed hash for EnvoyFilter:echo-term/default-allow-echo-t2-term-gw-external-batch0 - 927e14370db8eee6b10f33b22f2a997e
2026-05-23T07:30:17.749912Z	debug	discovery-server	same hash so neither creating nor updating
2026-05-23T07:30:17.749938Z	debug	discovery-server	same hash so neither creating nor updating
2026-05-23T07:30:17.749954Z	debug	configapply	computed hash for EnvoyFilter:echo-term/default-upstream-traffic-setting - 14645e3efdd68386f959e9db371e7301
2026-05-23T07:30:17.749958Z	debug	discovery-server	same hash so neither creating nor updating
2026-05-23T07:30:17.750017Z	debug	resource-cache	[echo-term] Create for {"type":{"group":"networking.istio.io","version":"v1","kind":"VirtualService"},"name":"vs-echo-term-tetrate-io","namespace":"echo-term","labels":{"istio.io/rev":"global","xcp.tetrate.io/gatewayGroup":"tier2-term-gg","xcp.tetrate.io/workspace":"term-ws"},"annotations":{"kubectl.kubernetes.io/last-applied-configuration":"{\"apiVersion\":\"gateway.xcp.tetrate.io/v2\",\"kind\":\"IngressGateway\",\"metadata\":{\"annotations\":{},\"labels\":{\"xcp.tetrate.io/gatewayGroup\":\"tier2-term-gg\",\"xcp.tetrate.io/workspace\":\"term-ws\"},\"name\":\"echo-t2-term-gw\",\"namespace\":\"xcp-system\"},\"spec\":{\"http\":[{\"hostname\":\"echo-term.tetrate.io\",\"name\":\"echo\",\"port\":8080,\"routing\":{\"rules\":[{\"route\":{\"host\":\"echo-term/echo-term.echo-term.svc.cluster.local\",\"port\":80}}]}}],\"workloadSelector\":{\"labels\":{\"app\":\"echo-term-gateway\"},\"namespace\":\"echo-term\"}}}\n","xcp.tetrate.io/contentHash":"7a30800c1ec6ccbe0c5b353857e90293"},"creationTimestamp":"0001-01-01T00:00:00Z","Spec":{"hosts":["echo-term.tetrate.io"],"gateways":["echo-term/echo-t2-term-gw"],"http":[{"name":"echo-t2-term-gw-echo-0","match":[{"port":8080},{"port":15443}],"route":[{"destination":{"host":"echo-term.echo-term.svc.cluster.local","port":{"number":80}},"weight":100}]}],"exportTo":["."]},"Status":null,"Extra":null}
2026-05-23T07:30:17.750054Z	debug	configapply	computed hash for VirtualService:echo-term/vs-echo-term-tetrate-io - 96c5e597e3b0e45741fe5d22a27e958a
2026-05-23T07:30:17.750057Z	debug	resource-cache	[echo-term] Create for {"type":{"group":"networking.istio.io","version":"v1alpha3","kind":"EnvoyFilter"},"name":"tier2-term-gg-default-upstream-traffic-setting","namespace":"echo-term","labels":{"istio.io/rev":"global"},"annotations":{"kubectl.kubernetes.io/last-applied-configuration":"{\"apiVersion\":\"xcp.tetrate.io/v2\",\"kind\":\"Workspace\",\"metadata\":{\"annotations\":{},\"name\":\"term-ws\",\"namespace\":\"xcp-system\"},\"spec\":{\"namespaceSelector\":{\"names\":[\"cluster-0/tier1-term\",\"cluster-1/echo-term\"]}}}\n","xcp.tetrate.io/contentHash":"220b19430e1ce65d95602a2ae611e44f"},"creationTimestamp":"0001-01-01T00:00:00Z","Spec":{"configPatches":[{"applyTo":"CLUSTER","match":{"context":"GATEWAY","proxy":{"proxyVersion":"^1\\.(22|24|28)(\\.\\d+)?(-.*)?$"}},"patch":{"operation":"MERGE","value":{"@type":"type.googleapis.com/envoy.config.cluster.v3.Cluster","common_lb_config":{"healthy_panic_threshold":{}},"outlier_detection":{"consecutive_gateway_failure":10,"enforcing_consecutive_5xx":0,"enforcing_consecutive_gateway_failure":100,"max_ejection_percent":100}}}},{"applyTo":"HTTP_ROUTE","match":{"context":"GATEWAY","proxy":{"proxyVersion":"^1\\.(22|24|28)(\\.\\d+)?(-.*)?$"},"routeConfiguration":{"vhost":{"route":{"action":"ROUTE"}}}},"patch":{"operation":"MERGE","value":{"@type":"type.googleapis.com/envoy.config.route.v3.Route","route":{"retry_policy":{"host_selection_retry_max_attempts":"5","num_retries":2,"retriable_status_codes":[503],"retry_host_predicate":[{"name":"envoy.retry_host_predicates.previous_hosts","typed_config":{"@type":"type.googleapis.com/envoy.extensions.retry.host.previous_hosts.v3.PreviousHostsPredicate"}}],"retry_on":"reset,connect-failure,refused-stream,unavailable,cancelled,retriable-status-codes"}}}}}],"priority":100},"Status":null,"Extra":null}
2026-05-23T07:30:17.750127Z	debug	configapply	computed hash for EnvoyFilter:echo-term/tier2-term-gg-default-upstream-traffic-setting - 4f9a6697acdcca0723b42f9f050bddf9
2026-05-23T07:30:17.750133Z	debug	discovery-server	same hash so neither creating nor updating
2026-05-23T07:30:17.750059Z	debug	discovery-server	same hash so neither creating nor updating
2026-05-23T07:30:17.750140Z	debug	resource-cache	[echo-term] ResourceCache length 11
2026-05-23T07:30:17.750141Z	debug	resource-cache	[echo-term] ===END: Apply request for 7 objects in 0.000433 s
2026-05-23T07:30:17.750149Z	debug	cluster-state	Triggering cluster state change event due to config, at 2026-05-23 07:30:17.747202384 +0000 UTC m=+95245.493262075 (force regenerate config = map[]). Resources: []
2026-05-23T07:30:17.757791Z	debug	debounce	notify cbk invoked	id=9ad7a678
2026-05-23T07:30:17.757821Z	debug	mc-configapply	-->cluster cluster-0
2026-05-23T07:30:17.757822Z	debug	mc-configapply	-->cluster cluster-1
2026-05-23T07:30:17.757836Z	debug	mc-configgen	cluster cluster-0, namespaces 1
2026-05-23T07:30:17.757837Z	debug	mc-configgen	Namespace tier1-term has 1 services
2026-05-23T07:30:17.757839Z	debug	mc-configgen	Skipping echo-term.tetrate.io ..... gatewayHost false,  len(k8s external address) 1
2026-05-23T07:30:17.757840Z	debug	mc-configgen	cluster cluster-1, namespaces 1
2026-05-23T07:30:17.757841Z	debug	mc-configgen	Namespace echo-term has 1 services
2026-05-23T07:30:17.757853Z	debug	mc-configgen	HTTP: adding service entry for echo-term.tetrate.io (ns echo-term svc echo-term-gateway port number:8080 name:"http" kubernetes_node_port:15443 protocol:"HTTP")
2026-05-23T07:30:17.757862Z	debug	mc-configgen	generating tier1 cluster selection labels
2026-05-23T07:30:17.757865Z	debug	mc-configgen	Derived service port name for number:8080 name:"http" kubernetes_node_port:15443 protocol:"HTTP" is http
2026-05-23T07:30:17.757876Z	warn	mc-configgen	cannot lookup traffic group for "echo-term": traffic group not found for namespace echo-term in workspace term-ws
2026-05-23T07:30:17.757956Z	debug	mc-configapply	applying 2 istio objects for multicluster
2026-05-23T07:30:17.757962Z	debug	mc-configapply	   networking.istio.io/v1/ServiceEntry [xcp-multicluster/global-gateway-echo-term-tetrate-io]
2026-05-23T07:30:17.757970Z	debug	mc-configapply	   networking.istio.io/v1/DestinationRule [xcp-multicluster/global-gateway-echo-term-tetrate-io]
2026-05-23T07:30:17.757972Z	debug	resource-cache	[xcp-multicluster] ===BEGIN: Apply request for 2 objects
2026-05-23T07:30:17.757996Z	debug	resource-cache	[xcp-multicluster] objects previously in k8s api server cache: 0
2026-05-23T07:30:17.758003Z	debug	resource-cache	[xcp-multicluster] No previous objects at k8s apiserver cache for namespace
2026-05-23T07:30:17.758047Z	debug	resource-cache	[xcp-multicluster] Create for {"type":{"group":"networking.istio.io","version":"v1","kind":"ServiceEntry"},"name":"global-gateway-echo-term-tetrate-io","namespace":"xcp-multicluster","labels":{"istio.io/rev":"global"},"creationTimestamp":"0001-01-01T00:00:00Z","Spec":{"hosts":["echo-term.tetrate.io"],"ports":[{"number":80,"protocol":"HTTP","name":"http"}],"location":"MESH_INTERNAL","resolution":"STATIC","endpoints":[{"address":"10.255.20.59","ports":{"http":15443},"labels":{"xcp.tetrate.io/cluster":"cluster-1","xcp.tetrate.io/hops":"0","xcp.tetrate.io/service":"echo-term-gateway.echo-term.svc.cluster.local","xcp.tetrate.io/serviceType":"localGateway","xcp.tetrate.io/svc-port-80":"true"},"network":"nw-cluster-1","locality":"us-east1/us-east1-B/subzone-x"}],"exportTo":["*"],"subjectAltNames":["spiffe://cluster.local/ns/echo-term/sa/echo-term-gateway-service-account"]},"Status":null,"Extra":null}
2026-05-23T07:30:17.758086Z	debug	failed to extract annotations map from k8s object, create an empty annotations map
2026-05-23T07:30:17.758095Z	debug	configapply	computed hash for ServiceEntry:xcp-multicluster/global-gateway-echo-term-tetrate-io - 3090fffbddf28bf6a0caf3a59cc62f5c
2026-05-23T07:30:17.758099Z	warn	kube	kube-client could not fetch on get global-gateway-echo-term-tetrate-io/xcp-multicluster
2026-05-23T07:30:17.758051Z	debug	resource-cache	[xcp-multicluster] Create for {"type":{"group":"networking.istio.io","version":"v1","kind":"DestinationRule"},"name":"global-gateway-echo-term-tetrate-io","namespace":"xcp-multicluster","labels":{"istio.io/rev":"global"},"creationTimestamp":"0001-01-01T00:00:00Z","Spec":{"host":"echo-term.tetrate.io","trafficPolicy":{"portLevelSettings":[{"port":{"number":80},"loadBalancer":{"localityLbSetting":{"failoverPriority":["topology.kubernetes.io/region","topology.istio.io/network","topology.kubernetes.io/zone","topology.istio.io/subzone"],"enabled":true}},"connectionPool":{"http":{"useClientProtocol":true}},"outlierDetection":{"consecutiveGatewayErrors":10,"maxEjectionPercent":100},"tls":{"mode":"ISTIO_MUTUAL","sni":"echo-term.tetrate.io"}}]},"exportTo":["*"]},"Status":null,"Extra":null}
2026-05-23T07:30:17.758277Z	debug	failed to extract annotations map from k8s object, create an empty annotations map
2026-05-23T07:30:17.758284Z	debug	configapply	computed hash for DestinationRule:xcp-multicluster/global-gateway-echo-term-tetrate-io - e92850b1e6b8980840d6c596ad130d3c
2026-05-23T07:30:17.758286Z	warn	kube	kube-client could not fetch on get global-gateway-echo-term-tetrate-io/xcp-multicluster
2026-05-23T07:30:17.762099Z	debug	serviceentries	adding ServiceEntry "global-gateway-echo-term-tetrate-io" with hosts: [echo-term.tetrate.io]
2026-05-23T07:30:17.762116Z	debug	serviceentry	Handle event add for service entry xcp-multicluster/global-gateway-echo-term-tetrate-io
2026-05-23T07:30:17.762403Z	debug	resource-cache	[xcp-multicluster] ResourceCache length 11
2026-05-23T07:30:17.762413Z	debug	resource-cache	[xcp-multicluster] ===END: Apply request for 2 objects in 0.004439 s
2026-05-23T07:30:17.762417Z	debug	debounce	notify cbk returned	id=9ad7a678
2026-05-23T07:30:17.762420Z	debug	debounce	Applying steady step-up. maxSilentCurrent updated to: 10ms	id=9ad7a678
2026-05-23T07:30:17.766858Z	debug	serviceentries	updating ServiceEntry "global-gateway-echo-term-tetrate-io" with new hosts: [echo-term.tetrate.io]
2026-05-23T07:30:17.766914Z	debug	serviceentry	Handle event update for service entry xcp-multicluster/global-gateway-echo-term-tetrate-io
2026-05-23T07:30:17.772771Z	debug	debounce	resetting maxSilentCurrent. updated: 10ms	id=9ad7a678
2026-05-23T07:30:19.743694Z	debug	debounce	resetting maxSilentCurrent. updated: 1s	id=0ae90c02
2026-05-23T07:30:21.750795Z	debug	debounce	notify cbk invoked	id=350e9435
2026-05-23T07:30:21.750827Z	debug	debounce	notify cbk invoked	id=c8a91734
2026-05-23T07:30:21.750847Z	debug	debounce	notify cbk returned	id=c8a91734
2026-05-23T07:30:21.750854Z	debug	debounce	Applying exponential step-up. maxSilentCurrent updated to: 8s	id=c8a91734
2026-05-23T07:30:21.750870Z	info	cluster-state	processClusterStateChangeEvents: cluster-eventid: 2026-05-23 07:30:17.747202384 +0000 UTC m=+95245.493262075 and 0 more, queue length: 0, reasons: config,, forceConfigRegenReasons: map[], resources: []
2026-05-23T07:30:21.750875Z	debug	cluster-state	handleClusterStateChangedEvent: Trigger reasons: config,, Forced translation: map[], Resources: []
2026-05-23T07:30:21.750909Z	debug	cluster-gen	istioServices: 12
2026-05-23T07:30:21.750966Z	debug	cluster-state	found Istio IsolationBoundary for Namespace "echo-term" with Revision "stable"
2026-05-23T07:30:21.750979Z	info	cluster-gen	Gateway service instances for echo-term/echo-term-gateway: 1
2026-05-23T07:30:21.750987Z	debug	cluster-gen	Getting XCP services for possible gateway service echo-term-gateway.echo-term.svc.cluster.local, labels map[app:echo-term-gateway istio:ingressgateway]
2026-05-23T07:30:21.750994Z	debug	cluster-gen	found k8s svc matching ingress gateway - echo-t2-term-gw
2026-05-23T07:30:21.750996Z	debug	cluster-gen	found ingress gateway http host echo-term.tetrate.io for service echo-term-gateway.echo-term.svc.cluster.local
2026-05-23T07:30:21.751019Z	info	no portname specified for service metallb-webhook-service.metallb-system.svc.cluster.local port 443. no endpoints will be detected
2026-05-23T07:30:21.751021Z	info	no portname specified for service metallb-webhook-service.metallb-system.svc.cluster.local port 443. no endpoints will be detected
2026-05-23T07:30:21.751040Z	debug	cluster-state	found Istio IsolationBoundary for Namespace "echo-term" with Revision "stable"
2026-05-23T07:30:21.751045Z	debug	cluster-gen	Ignoring service kube-system/kube-dns
2026-05-23T07:30:21.751053Z	debug	cluster-gen	Not a gateway service echo-term/echo-term
2026-05-23T07:30:21.751042Z	debug	cluster-gen	Ignoring service kube-system/metrics-server
2026-05-23T07:30:21.751144Z	debug	discovery-cache	gateway serviceInstance hostname echo-term-gateway.echo-term.svc.cluster.local
2026-05-23T07:30:21.751156Z	debug	discovery-cache	added istio service instances in namespace: echo-term objects 1, changed false
2026-05-23T07:30:21.751157Z	debug	discovery-cache	added istio service instances in namespace: metallb-system objects 0, changed false
2026-05-23T07:30:21.751158Z	debug	discovery-cache	added istio service instances in namespace: istio-system objects 0, changed false
2026-05-23T07:30:21.751159Z	debug	discovery-cache	added istio service instances in namespace: default objects 0, changed false
2026-05-23T07:30:21.751159Z	debug	discovery-cache	added istio service instances in namespace: cert-manager objects 0, changed false
2026-05-23T07:30:21.751165Z	debug	cluster-state	triggerConfigTranslation false ,triggerConfigTranslationReason false 
2026-05-23T07:30:21.751167Z	debug	cluster-state	All gateway hostname mappings are same.
2026-05-23T07:30:21.751173Z	debug	cluster-state	All gatewayHost bounded k8s svcs have same addresses.
2026-05-23T07:30:21.751174Z	debug	cluster-state	No significant changes detected; skipping report to other clusters.
2026-05-23T07:30:21.751175Z	debug	cluster-state	No significant changes detected for east-west services; skipping report to other clusters.
2026-05-23T07:30:21.751176Z	debug	cluster-state	All gateway hostname mappings are same.
2026-05-23T07:30:21.751179Z	debug	cluster-state	handleClusterStateChangedEvent, actions: map[sendHeaderToCentral:{}]
2026-05-23T07:30:21.751179Z	debug	config-status	Explanation of the decision flow for the Config Status of "gateway.xcp.tetrate.io/GatewayGroup" "tier2-term-gg" version ""
Q: Is the config type "gateway.xcp.tetrate.io/v2/GatewayGroup" supported by XCP?
A: Yes
Q: Is it an internal config of XCP?
A: No
Q: Is this config object managed by XCP?
A: Yes
Q: Did the Push Context report an ERROR for this config?
A: No
Q: Did the Push Context IGNORE this config?
A: No
Q: Does the namespace selector resolve into at least ONE namespace in this cluster?
A: Yes
I: Checking the config status in each of the 1 target namespace(s): [echo-term]
I: [1/1] verdict in "echo-term" namespace: Config Status is APPLIED since there were NO translation errors and the config IS mapped onto output config(s)
I: Status summary across 1 target namespace(s): APPLIED in 1 namespace(s)
I: Using "lenient" strategy to decide on the aggregated status across 1 target namespace(s)
Q: Have there been any errors while translating this config in ANY of the 1 target namespaces?
A: No
Q: Has the config been APPLIED in at least ONE of the target namespaces?
A: Yes
Verdict: Config Status is "lenient" APPLIED since the config has been APPLIED in at least ONE of the target namespaces
Config Status:
```yaml
---
configId:
  group: gateway.xcp.tetrate.io
  kind: GatewayGroup
  name: tier2-term-gg
  namespace: istio-system
  version: v2
details: 'Status summary across 1 target namespace(s): APPLIED in 1 namespace(s)'
metadata:
  annotations:
    kubectl.kubernetes.io/last-applied-configuration: |
      {"apiVersion":"gateway.xcp.tetrate.io/v2","kind":"GatewayGroup","metadata":{"annotations":{},"labels":{"xcp.tetrate.io/workspace":"term-ws"},"name":"tier2-term-gg","namespace":"xcp-system"},"spec":{"configMode":"BRIDGED","namespaceSelector":{"names":["cluster-1/echo-term"]}}}
  labels:
    xcp.tetrate.io/workspace: term-ws
result: APPLIED
```

2026-05-23T07:30:21.751189Z	debug	discovery-server	wrote channel for sending header only
2026-05-23T07:30:21.751189Z	debug	cluster-state	Sent header to central
2026-05-23T07:30:21.751193Z	debug	discovery-server	Sending cluster-state update to central xcp
2026-05-23T07:30:21.751209Z	debug	discovery-server	Done sending cluster-state to central xcp
2026-05-23T07:30:21.751261Z	debug	config-status	Explanation of the decision flow for the Config Status of "gateway.xcp.tetrate.io/IngressGateway" "echo-t2-term-gw" version ""
Q: Is the config type "gateway.xcp.tetrate.io/v2/IngressGateway" supported by XCP?
A: Yes
Q: Is it an internal config of XCP?
A: No
Q: Is this config object managed by XCP?
A: Yes
Q: Did the Push Context report an ERROR for this config?
A: No
Q: Did the Push Context IGNORE this config?
A: No
Q: Does the namespace selector resolve into at least ONE namespace in this cluster?
A: Yes
I: Checking the config status in each of the 1 target namespace(s): [echo-term]
I: [1/1] verdict in "echo-term" namespace: Config Status is APPLIED since there were NO translation errors and the config IS mapped onto output config(s)
I: Status summary across 1 target namespace(s): APPLIED in 1 namespace(s)
I: Using "lenient" strategy to decide on the aggregated status across 1 target namespace(s)
Q: Have there been any errors while translating this config in ANY of the 1 target namespaces?
A: No
Q: Has the config been APPLIED in at least ONE of the target namespaces?
A: Yes
Verdict: Config Status is "lenient" APPLIED since the config has been APPLIED in at least ONE of the target namespaces
Config Status:
```yaml
---
configId:
  group: gateway.xcp.tetrate.io
  kind: IngressGateway
  name: echo-t2-term-gw
  namespace: istio-system
  version: v2
details: 'Status summary across 1 target namespace(s): APPLIED in 1 namespace(s)'
metadata:
  annotations:
    kubectl.kubernetes.io/last-applied-configuration: |
      {"apiVersion":"gateway.xcp.tetrate.io/v2","kind":"IngressGateway","metadata":{"annotations":{},"labels":{"xcp.tetrate.io/gatewayGroup":"tier2-term-gg","xcp.tetrate.io/workspace":"term-ws"},"name":"echo-t2-term-gw","namespace":"xcp-system"},"spec":{"http":[{"hostname":"echo-term.tetrate.io","name":"echo","port":8080,"routing":{"rules":[{"route":{"host":"echo-term/echo-term.echo-term.svc.cluster.local","port":80}}]}}],"workloadSelector":{"labels":{"app":"echo-term-gateway"},"namespace":"echo-term"}}}
  labels:
    xcp.tetrate.io/gatewayGroup: tier2-term-gg
    xcp.tetrate.io/workspace: term-ws
result: APPLIED
```

2026-05-23T07:30:21.751268Z	debug	config-status	Explanation of the decision flow for the Config Status of "install.xcp.tetrate.io/GatewayDeployment" "echo-term-gateway" version ""
Q: Is the config type "install.xcp.tetrate.io/v1alpha1/GatewayDeployment" supported by XCP?
A: Yes
Q: Is it an internal config of XCP?
A: No
Q: Is this config object managed by XCP?
A: No
Verdict: Config Status is NOT reported since the config is not managed by XCP
Config Status:
```yaml
---
null
```

2026-05-23T07:30:21.751271Z	debug	config-status	Explanation of the decision flow for the Config Status of "networking.istio.io/EnvoyFilter" "global-forward-xfcc-15443" version ""
Q: Is the config type "networking.istio.io/v1alpha3/EnvoyFilter" supported by XCP?
A: Yes
Q: Is it an internal config of XCP?
A: Yes
Verdict: Config Status is NOT reported since it's an internal config of XCP
Config Status:
```yaml
---
null
```

2026-05-23T07:30:21.751278Z	debug	config-status	Explanation of the decision flow for the Config Status of "networking.istio.io/EnvoyFilter" "global-gw-best-practice" version ""
Q: Is the config type "networking.istio.io/v1alpha3/EnvoyFilter" supported by XCP?
A: Yes
Q: Is it an internal config of XCP?
A: Yes
Verdict: Config Status is NOT reported since it's an internal config of XCP
Config Status:
```yaml
---
null
```

2026-05-23T07:30:21.751281Z	debug	config-status	Explanation of the decision flow for the Config Status of "networking.istio.io/EnvoyFilter" "global-mx-downstream-egress-gateway-filter" version ""
Q: Is the config type "networking.istio.io/v1alpha3/EnvoyFilter" supported by XCP?
A: Yes
Q: Is it an internal config of XCP?
A: Yes
Verdict: Config Status is NOT reported since it's an internal config of XCP
Config Status:
```yaml
---
null
```

2026-05-23T07:30:21.751283Z	debug	config-status	Explanation of the decision flow for the Config Status of "networking.istio.io/EnvoyFilter" "global-mx-downstream-gateway-filter" version ""
Q: Is the config type "networking.istio.io/v1alpha3/EnvoyFilter" supported by XCP?
A: Yes
Q: Is it an internal config of XCP?
A: Yes
Verdict: Config Status is NOT reported since it's an internal config of XCP
Config Status:
```yaml
---
null
```

2026-05-23T07:30:21.751291Z	debug	config-status	Explanation of the decision flow for the Config Status of "networking.istio.io/EnvoyFilter" "global-periodical-access-log" version ""
Q: Is the config type "networking.istio.io/v1alpha3/EnvoyFilter" supported by XCP?
A: Yes
Q: Is it an internal config of XCP?
A: Yes
Verdict: Config Status is NOT reported since it's an internal config of XCP
Config Status:
```yaml
---
null
```

2026-05-23T07:30:21.751294Z	debug	config-status	Explanation of the decision flow for the Config Status of "networking.istio.io/EnvoyFilter" "global-request-id-propagation" version ""
Q: Is the config type "networking.istio.io/v1alpha3/EnvoyFilter" supported by XCP?
A: Yes
Q: Is it an internal config of XCP?
A: Yes
Verdict: Config Status is NOT reported since it's an internal config of XCP
Config Status:
```yaml
---
null
```

2026-05-23T07:30:21.751296Z	debug	config-status	Explanation of the decision flow for the Config Status of "networking.istio.io/EnvoyFilter" "global-tcp-keepalive-envoy-filter" version ""
Q: Is the config type "networking.istio.io/v1alpha3/EnvoyFilter" supported by XCP?
A: Yes
Q: Is it an internal config of XCP?
A: Yes
Verdict: Config Status is NOT reported since it's an internal config of XCP
Config Status:
```yaml
---
null
```

2026-05-23T07:30:21.751299Z	debug	config-status	Explanation of the decision flow for the Config Status of "networking.istio.io/EnvoyFilter" "global-xfcc-extractor-sidecar" version ""
Q: Is the config type "networking.istio.io/v1alpha3/EnvoyFilter" supported by XCP?
A: Yes
Q: Is it an internal config of XCP?
A: Yes
Verdict: Config Status is NOT reported since it's an internal config of XCP
Config Status:
```yaml
---
null
```

2026-05-23T07:30:21.751301Z	debug	config-status	Explanation of the decision flow for the Config Status of "networking.istio.io/EnvoyFilter" "global-xfcc-guard-15443" version ""
Q: Is the config type "networking.istio.io/v1alpha3/EnvoyFilter" supported by XCP?
A: Yes
Q: Is it an internal config of XCP?
A: Yes
Verdict: Config Status is NOT reported since it's an internal config of XCP
Config Status:
```yaml
---
null
```

2026-05-23T07:30:21.751329Z	debug	config-status	Explanation of the decision flow for the Config Status of "xcp.tetrate.io/Cluster" "cluster-0" version ""
Q: Is the config type "xcp.tetrate.io/v2/Cluster" supported by XCP?
A: Yes
Q: Is it an internal config of XCP?
A: No
Q: Is this config object managed by XCP?
A: Yes
Q: Did the Push Context report an ERROR for this config?
A: No
Q: Did the Push Context IGNORE this config?
A: No
Verdict: Config Status is UNKNOWN since status for that config type has NOT been implemented yet
Config Status:
```yaml
---
configId:
  group: xcp.tetrate.io
  kind: Cluster
  name: cluster-0
  namespace: istio-system
  version: v2
details: Config Status for that config type has NOT been implemented yet
metadata: {}
```

2026-05-23T07:30:21.751363Z	debug	config-status	Explanation of the decision flow for the Config Status of "xcp.tetrate.io/Cluster" "cluster-1" version ""
Q: Is the config type "xcp.tetrate.io/v2/Cluster" supported by XCP?
A: Yes
Q: Is it an internal config of XCP?
A: No
Q: Is this config object managed by XCP?
A: Yes
Q: Did the Push Context report an ERROR for this config?
A: No
Q: Did the Push Context IGNORE this config?
A: No
Verdict: Config Status is UNKNOWN since status for that config type has NOT been implemented yet
Config Status:
```yaml
---
configId:
  group: xcp.tetrate.io
  kind: Cluster
  name: cluster-1
  namespace: istio-system
  version: v2
details: Config Status for that config type has NOT been implemented yet
metadata:
  annotations:
    kubectl.kubernetes.io/last-applied-configuration: |
      {"apiVersion":"xcp.tetrate.io/v2","kind":"Cluster","metadata":{"annotations":{},"name":"cluster-1","namespace":"xcp-system"},"spec":{"istioTrustDomain":"cluster.local"}}
```

2026-05-23T07:30:21.751384Z	debug	config-status	Explanation of the decision flow for the Config Status of "xcp.tetrate.io/GlobalSetting" "global" version ""
Q: Is the config type "xcp.tetrate.io/v2/GlobalSetting" supported by XCP?
A: Yes
Q: Is it an internal config of XCP?
A: No
Q: Is this config object managed by XCP?
A: Yes
Q: Did the Push Context report an ERROR for this config?
A: No
Q: Did the Push Context IGNORE this config?
A: No
Q: Does the namespace selector resolve into at least ONE namespace in this cluster?
A: Yes
I: Checking the config status in each of the 8 target namespace(s): [cert-manager default echo-term kube-node-lease kube-public local-path-storage metallb-system tier1]
I: [1/8] verdict in "cert-manager" namespace: Config Status is UNKNOWN since translation is SKIPPED on that namespace
I: [2/8] verdict in "default" namespace: Config Status is UNKNOWN since translation is SKIPPED on that namespace
I: [3/8] verdict in "echo-term" namespace: Config Status is UNKNOWN since there were NO translation errors but the config was NOT mapped onto any output config(s)
I: [4/8] verdict in "kube-node-lease" namespace: Config Status is UNKNOWN since translation is SKIPPED on that namespace
I: [5/8] verdict in "kube-public" namespace: Config Status is UNKNOWN since translation is SKIPPED on that namespace
I: [6/8] verdict in "local-path-storage" namespace: Config Status is UNKNOWN since translation is SKIPPED on that namespace
I: [7/8] verdict in "metallb-system" namespace: Config Status is UNKNOWN since translation is SKIPPED on that namespace
I: [8/8] verdict in "tier1" namespace: Config Status is UNKNOWN since there were NO translation errors but the config was NOT mapped onto any output config(s)
I: Status summary across 8 target namespace(s): TRANSLATION SKIPPED in 6 namespace(s), TRANSLATED BUT NOT MAPPED in 2 namespace(s)
I: Using "lenient" strategy to decide on the aggregated status across 8 target namespace(s)
Q: Have there been any errors while translating this config in ANY of the 8 target namespaces?
A: No
Q: Has the config been APPLIED in at least ONE of the target namespaces?
A: No
Verdict: Config Status is NOT reported since the config has NOT yet been APPLIED in ANY of 8 target namespace(s)
Config Status:
```yaml
---
null
```

2026-05-23T07:30:21.752038Z	debug	config-status	Explanation of the decision flow for the Config Status of "xcp.tetrate.io/Workspace" "term-ws" version ""
Q: Is the config type "xcp.tetrate.io/v2/Workspace" supported by XCP?
A: Yes
Q: Is it an internal config of XCP?
A: No
Q: Is this config object managed by XCP?
A: Yes
Q: Did the Push Context report an ERROR for this config?
A: No
Q: Did the Push Context IGNORE this config?
A: No
Q: Does the namespace selector resolve into at least ONE namespace in this cluster?
A: Yes
I: Checking the config status in each of the 1 target namespace(s): [echo-term]
I: [1/1] verdict in "echo-term" namespace: Config Status is APPLIED since there were NO translation errors and the config IS mapped onto output config(s)
I: Status summary across 1 target namespace(s): APPLIED in 1 namespace(s)
I: Using "lenient" strategy to decide on the aggregated status across 1 target namespace(s)
Q: Have there been any errors while translating this config in ANY of the 1 target namespaces?
A: No
Q: Has the config been APPLIED in at least ONE of the target namespaces?
A: Yes
Verdict: Config Status is "lenient" APPLIED since the config has been APPLIED in at least ONE of the target namespaces
Config Status:
```yaml
---
configId:
  group: xcp.tetrate.io
  kind: Workspace
  name: term-ws
  namespace: istio-system
  version: v2
details: 'Status summary across 1 target namespace(s): APPLIED in 1 namespace(s)'
metadata:
  annotations:
    kubectl.kubernetes.io/last-applied-configuration: |
      {"apiVersion":"xcp.tetrate.io/v2","kind":"Workspace","metadata":{"annotations":{},"name":"term-ws","namespace":"xcp-system"},"spec":{"namespaceSelector":{"names":["cluster-0/tier1-term","cluster-1/echo-term"]}}}
result: APPLIED
```

2026-05-23T07:30:21.753053Z	debug	status	generated status report in 2.229792ms
2026-05-23T07:30:21.753155Z	debug	debounce	notify cbk returned	id=350e9435
2026-05-23T07:30:21.753187Z	debug	debounce	Applying exponential step-up. maxSilentCurrent updated to: 8s	id=350e9435
2026-05-23T07:30:21.753233Z	debug	status	triggering status report sender with 5 messages
2026-05-23T07:30:21.753338Z	debug	status	successfully sent config-status report(epoch:62, messages:5) in 82.416µs
2026-05-23T07:30:24.669801Z	debug	discovery-server	Triggering periodic translation due to pending istio status changes
2026-05-23T07:30:25.671797Z	debug	debounce	notify cbk invoked	id=0ae90c02
2026-05-23T07:30:25.671857Z	debug	debounce	notify cbk returned	id=0ae90c02
2026-05-23T07:30:25.671863Z	debug	debounce	Applying exponential step-up. maxSilentCurrent updated to: 2s	id=0ae90c02
2026-05-23T07:30:25.671882Z	info	cluster-state	processConfigTranslationNotification: cluster-eventid: 2026-05-23 07:30:24.669837637 +0000 UTC m=+95252.415897370 and 0 more, queue length: 0, reasons: config,, forceConfigRegenReasons: map[], resources: []
2026-05-23T07:30:25.671889Z	debug	configapply	Sending XCP api CRDs to istio config translator
2026-05-23T07:30:25.672083Z	debug	model	gateway-group mapping: map[tier2-term-gg:tier2-term-gg]
2026-05-23T07:30:25.672087Z	debug	model	security-group mapping: map[]
2026-05-23T07:30:25.672088Z	debug	model	traffic-group mapping: map[]
2026-05-23T07:30:25.672089Z	debug	model	istio-internal-group mapping: map[]
2026-05-23T07:30:25.672091Z	debug	model	gateway-deployment mapping: map[echo-term-gateway:echo-term-gateway]
2026-05-23T07:30:25.672107Z	debug	model	processing 16 objects for cluster cluster-1
2026-05-23T07:30:25.672214Z	debug	model	Processing workspace: istio-system/term-ws, o.gvk xcp.tetrate.io/v2/Workspace
2026-05-23T07:30:25.672226Z	debug	model	resolved workspace namespaces [echo-term]
2026-05-23T07:30:25.672240Z	info	model	echo-term: adding workspace term-ws
2026-05-23T07:30:25.672328Z	debug	model	populateGroups workspace = term-ws, &{Meta:{GroupVersionKind:xcp.tetrate.io/v2/Workspace UID: Name:term-ws Namespace:istio-system Domain: Labels:map[] Annotations:map[kubectl.kubernetes.io/last-applied-configuration:{"apiVersion":"xcp.tetrate.io/v2","kind":"Workspace","metadata":{"annotations":{},"name":"term-ws","namespace":"xcp-system"},"spec":{"namespaceSelector":{"names":["cluster-0/tier1-term","cluster-1/echo-term"]}}}
 xcp.tetrate.io/contentHash:220b19430e1ce65d95602a2ae611e44f] ResourceVersion:269003 CreationTimestamp:2026-05-23 07:30:12 +0000 UTC OwnerReferences:[] Generation:0} Spec:namespace_selector:{names:"cluster-0/tier1-term" names:"cluster-1/echo-term"} Status:<nil> Extra:map[]}
2026-05-23T07:30:25.672334Z	debug	model	gg namespace_selector:{names:"cluster-1/echo-term"}
2026-05-23T07:30:25.672336Z	debug	model	resolved gateway group namespaces [echo-term]
2026-05-23T07:30:25.672343Z	debug	model	echo-term: registered gateway group tier2-term-gg in workspace term-ws
2026-05-23T07:30:25.672346Z	error	model	workspace name is unspecified or empty for install.xcp.tetrate.io/v1alpha1/GatewayDeployment::istio-system/echo-term-gateway. Skipping...
2026-05-23T07:30:25.672423Z	debug	model	populateObjectsInGroups: workspace = term-ws, &{Meta:{GroupVersionKind:xcp.tetrate.io/v2/Workspace UID: Name:term-ws Namespace:istio-system Domain: Labels:map[] Annotations:map[kubectl.kubernetes.io/last-applied-configuration:{"apiVersion":"xcp.tetrate.io/v2","kind":"Workspace","metadata":{"annotations":{},"name":"term-ws","namespace":"xcp-system"},"spec":{"namespaceSelector":{"names":["cluster-0/tier1-term","cluster-1/echo-term"]}}}
 xcp.tetrate.io/contentHash:220b19430e1ce65d95602a2ae611e44f] ResourceVersion:269003 CreationTimestamp:2026-05-23 07:30:12 +0000 UTC OwnerReferences:[] Generation:0} Spec:namespace_selector:{names:"cluster-0/tier1-term" names:"cluster-1/echo-term"} Status:<nil> Extra:map[]}
2026-05-23T07:30:25.672435Z	error	model	workspace name is unspecified or empty for install.xcp.tetrate.io/v1alpha1/GatewayDeployment::istio-system/echo-term-gateway. Skipping...
2026-05-23T07:30:25.672627Z	debug	eastwest-configgen	namespace "default" does not have Istio revision "" in boundary "global". Ambient mode: false
2026-05-23T07:30:25.672633Z	debug	eastwest-configgen	namespace "kube-public" does not have Istio revision "" in boundary "global". Ambient mode: false
2026-05-23T07:30:25.672634Z	debug	eastwest-configgen	namespace "metallb-system" does not have Istio revision "" in boundary "global". Ambient mode: false
2026-05-23T07:30:25.672635Z	debug	eastwest-configgen	namespace "kube-node-lease" does not have Istio revision "" in boundary "global". Ambient mode: false
2026-05-23T07:30:25.672636Z	debug	eastwest-configgen	namespace "local-path-storage" does not have Istio revision "" in boundary "global". Ambient mode: false
2026-05-23T07:30:25.672637Z	debug	eastwest-configgen	namespace "cert-manager" does not have Istio revision "" in boundary "global". Ambient mode: false
2026-05-23T07:30:25.672653Z	info	eastwest-configgen	no endpoints found for service "echo-term.tetrate.io" port 80
2026-05-23T07:30:25.672720Z	info	no portname specified for service metallb-webhook-service.metallb-system.svc.cluster.local port 443. no endpoints will be detected
2026-05-23T07:30:25.672741Z	info	eastwest-configgen	no endpoints found for service "metallb-webhook-service.metallb-system.svc.cluster.local" port 443
2026-05-23T07:30:25.672730Z	debug	eastwest-configgen	found Istio IsolationBoundary "global" for Namespace "echo-term"
2026-05-23T07:30:25.672735Z	debug	eastwest-configgen	found Istio IsolationBoundary "global" for Namespace "echo-term"
2026-05-23T07:30:25.672754Z	debug	eastwest-configgen	computed east-west gateway associations: {}
2026-05-23T07:30:25.672766Z	debug	discovery-server	found service instance with matching namespace and labels. svc port 15443, workload port 15443
2026-05-23T07:30:25.672775Z	debug	configapply	Translation triggered for all [echo-term kube-node-lease local-path-storage cert-manager default kube-public tier1 metallb-system] namespaces
2026-05-23T07:30:25.672793Z	debug	translator	skipping translation for namespace "metallb-system"	ns=metallb-system id=6084b595
2026-05-23T07:30:25.672803Z	debug	resource-cache	Batch-based resource tracking disabled, falling back to namespace-based
2026-05-23T07:30:25.672805Z	debug	resource-cache	[metallb-system] ===BEGIN: Apply request for 0 objects
2026-05-23T07:30:25.672806Z	debug	resource-cache	Delete all objects from the namespace metallb-system
2026-05-23T07:30:25.672807Z	debug	resource-cache	[metallb-system] objects previously in k8s api server cache: 0
2026-05-23T07:30:25.672808Z	debug	resource-cache	[metallb-system] No previous objects at k8s apiserver cache for namespace
2026-05-23T07:30:25.672810Z	debug	resource-cache	[metallb-system] ===END: Apply request for 0 objects in 0.000004 s
2026-05-23T07:30:25.672818Z	debug	resource-cache	[metallb-system] ===BEGIN: Apply request for 0 objects
2026-05-23T07:30:25.672823Z	debug	resource-cache	Delete all objects from the namespace metallb-system
2026-05-23T07:30:25.672824Z	debug	resource-cache	[metallb-system] objects previously in k8s api server cache: 0
2026-05-23T07:30:25.672825Z	debug	resource-cache	[metallb-system] No previous objects at k8s apiserver cache for namespace
2026-05-23T07:30:25.672826Z	debug	resource-cache	[metallb-system] ===END: Apply request for 0 objects in 0.000007 s
2026-05-23T07:30:25.672892Z	debug	resource-cache	Unmanaged Istio resources by kind: map[AuthorizationPolicy:0 DestinationRule:0 EnvoyFilter:0 Gateway:0 PeerAuthentication:0 RequestAuthentication:0 ServiceEntry:0 Sidecar:0 Telemetry:0 VirtualService:0 WasmPlugin:0 WorkloadEntry:0]
2026-05-23T07:30:25.672908Z	warn	translator	error while looking up traffic group for namespace "echo-term": traffic group not found for namespace echo-term in workspace term-ws	ns=echo-term id=d4e34962
2026-05-23T07:30:25.672912Z	debug	translator	traffic group for namespace "echo-term" not found. applying defaults	ns=echo-term id=d4e34962
2026-05-23T07:30:25.672914Z	debug	translator	traffic group for namespace "echo-term" not found	ns=echo-term id=d4e34962
2026-05-23T07:30:25.672924Z	debug	translator	upstream traffic setting for namespace "echo-term" not found, default settings will be created	ns=echo-term id=d4e34962
2026-05-23T07:30:25.673047Z	warn	translator	failed to lookup security group for "echo-term": security group not found for namespace echo-term in workspace term-ws	ns=echo-term id=d4e34962
2026-05-23T07:30:25.673051Z	debug	translator	security group for namespace "echo-term" not found. applying defaults	ns=echo-term id=d4e34962
2026-05-23T07:30:25.673065Z	debug	translator	selector is nil means no per-svc security settings, setting it to match_labels:{key:"istio" value:"ingressgateway"}	ns=echo-term id=d4e34962
2026-05-23T07:30:25.673070Z	debug	translator	found gateway group (BRIDGED) "tier2-term-gg" for namespace "echo-term"	ns=echo-term id=d4e34962
2026-05-23T07:30:25.673072Z	warn	translator	error while getting traffic group for namespace "echo-term": traffic group not found for namespace echo-term in workspace term-ws	ns=echo-term id=d4e34962
2026-05-23T07:30:25.673077Z	debug	translator	upstream traffic setting for namespace "echo-term" not found, default settings will be created	ns=echo-term id=d4e34962
2026-05-23T07:30:25.673078Z	debug	translator	found gateway group for namespace "echo-term": tier2-term-gg	ns=echo-term id=d4e34962
2026-05-23T07:30:25.673124Z	debug	translator	translating ingress gateway echo-t2-term-gw with 1 servers	ns=echo-term id=d4e34962
2026-05-23T07:30:25.673129Z	debug	translator	translating ingress gateway echo-t2-term-gw, http server echo	ns=echo-term id=d4e34962
2026-05-23T07:30:25.673137Z	debug	translator	picked HTTP server echo (port 8080) for multicluster routing for hostname echo-term.tetrate.io because it contains at least one route rule	ns=echo-term id=d4e34962
2026-05-23T07:30:25.673140Z	debug	translator	translating gateway echo-t2-term-gw http server echo (echo-term.tetrate.io) to virtual service, type external	ns=echo-term id=d4e34962
2026-05-23T07:30:25.673146Z	debug	model	cannot find traffic group for the namespace echo-term in workspace term-ws
2026-05-23T07:30:25.673239Z	debug	translator	Authz: No authz on external traffic for "echo-term.tetrate.io"	ns=echo-term id=d4e34962
2026-05-23T07:30:25.673255Z	debug	translator	[ambient] buildEastWestGatewayConfigs: entry point called	ns=echo-term id=d4e34962
2026-05-23T07:30:25.673257Z	debug	translator	[ambient] doBuildEastWestGatewayConfigsforAllWorkspaces: processing 1 workspaces	ns=echo-term id=d4e34962
2026-05-23T07:30:25.673259Z	debug	translator	[ambient] processing workspace 0: term-ws	ns=echo-term id=d4e34962
2026-05-23T07:30:25.673260Z	debug	translator	workspace settings for workspace "term-ws" does not have east-west gateway configs defined	ns=echo-term id=d4e34962
2026-05-23T07:30:25.673261Z	debug	translator	[ambient] workspace term-ws generated 0 regular east-west configs	ns=echo-term id=d4e34962
2026-05-23T07:30:25.673262Z	debug	translator	[ambient] EnableAmbient=false, skipping ambient hybrid configs for workspace term-ws	ns=echo-term id=d4e34962
2026-05-23T07:30:25.673263Z	debug	translator	[ambient] doBuildEastWestGatewayConfigsforAllWorkspaces: total generated 0 configs	ns=echo-term id=d4e34962
2026-05-23T07:30:25.673266Z	debug	translator	error while looking up istio internal group for namespace "echo-term": istio internal group not found for namespace echo-term in workspace term-ws	ns=echo-term id=d4e34962
2026-05-23T07:30:25.673270Z	debug	translator	generated configurations: 2 traffic, 1 security, 4 gateway, 0 istio internal	ns=echo-term id=d4e34962
2026-05-23T07:30:25.673271Z	debug	translator	ew-gen: generating east-west workload entry configs for local services that are exposed for east-west routing	ns=echo-term id=d4e34962
2026-05-23T07:30:25.673799Z	debug	translator	skipping translation for namespace "cert-manager"	ns=cert-manager id=a9847ef6
2026-05-23T07:30:25.673814Z	debug	resource-cache	Batch-based resource tracking disabled, falling back to namespace-based
2026-05-23T07:30:25.673816Z	debug	resource-cache	[cert-manager] ===BEGIN: Apply request for 0 objects
2026-05-23T07:30:25.673814Z	debug	translator	skipping translation for namespace "default"	ns=default id=9b240d84
2026-05-23T07:30:25.673817Z	debug	resource-cache	Delete all objects from the namespace cert-manager
2026-05-23T07:30:25.673819Z	debug	resource-cache	Batch-based resource tracking disabled, falling back to namespace-based
2026-05-23T07:30:25.673820Z	debug	resource-cache	[cert-manager] objects previously in k8s api server cache: 0
2026-05-23T07:30:25.673821Z	debug	resource-cache	[default] ===BEGIN: Apply request for 0 objects
2026-05-23T07:30:25.673804Z	debug	translator	skipping translation for namespace "kube-public"	ns=kube-public id=20639c3e
2026-05-23T07:30:25.673822Z	debug	resource-cache	Delete all objects from the namespace default
2026-05-23T07:30:25.673823Z	debug	resource-cache	Batch-based resource tracking disabled, falling back to namespace-based
2026-05-23T07:30:25.673824Z	debug	resource-cache	[kube-public] ===BEGIN: Apply request for 0 objects
2026-05-23T07:30:25.673824Z	debug	resource-cache	[default] objects previously in k8s api server cache: 0
2026-05-23T07:30:25.673825Z	debug	resource-cache	Delete all objects from the namespace kube-public
2026-05-23T07:30:25.673825Z	debug	resource-cache	[default] No previous objects at k8s apiserver cache for namespace
2026-05-23T07:30:25.673826Z	debug	resource-cache	[kube-public] objects previously in k8s api server cache: 0
2026-05-23T07:30:25.673827Z	debug	resource-cache	[kube-public] No previous objects at k8s apiserver cache for namespace
2026-05-23T07:30:25.673827Z	debug	resource-cache	[default] ===END: Apply request for 0 objects in 0.000006 s
2026-05-23T07:30:25.673828Z	debug	resource-cache	[kube-public] ===END: Apply request for 0 objects in 0.000004 s
2026-05-23T07:30:25.673835Z	debug	resource-cache	[default] ===BEGIN: Apply request for 0 objects
2026-05-23T07:30:25.673836Z	debug	resource-cache	Delete all objects from the namespace default
2026-05-23T07:30:25.673837Z	debug	resource-cache	[default] objects previously in k8s api server cache: 0
2026-05-23T07:30:25.673837Z	debug	resource-cache	[default] No previous objects at k8s apiserver cache for namespace
2026-05-23T07:30:25.673838Z	debug	resource-cache	[kube-public] ===BEGIN: Apply request for 0 objects
2026-05-23T07:30:25.673838Z	debug	resource-cache	[default] ===END: Apply request for 0 objects in 0.000003 s
2026-05-23T07:30:25.673839Z	debug	resource-cache	Delete all objects from the namespace kube-public
2026-05-23T07:30:25.673840Z	debug	resource-cache	[kube-public] objects previously in k8s api server cache: 0
2026-05-23T07:30:25.673841Z	debug	resource-cache	[kube-public] No previous objects at k8s apiserver cache for namespace
2026-05-23T07:30:25.673821Z	debug	resource-cache	[cert-manager] No previous objects at k8s apiserver cache for namespace
2026-05-23T07:30:25.673842Z	debug	resource-cache	[kube-public] ===END: Apply request for 0 objects in 0.000003 s
2026-05-23T07:30:25.673842Z	debug	resource-cache	[cert-manager] ===END: Apply request for 0 objects in 0.000026 s
2026-05-23T07:30:25.673846Z	debug	resource-cache	[cert-manager] ===BEGIN: Apply request for 0 objects
2026-05-23T07:30:25.673847Z	debug	resource-cache	Delete all objects from the namespace cert-manager
2026-05-23T07:30:25.673848Z	debug	resource-cache	[cert-manager] objects previously in k8s api server cache: 0
2026-05-23T07:30:25.673848Z	debug	resource-cache	[cert-manager] No previous objects at k8s apiserver cache for namespace
2026-05-23T07:30:25.673849Z	debug	resource-cache	[cert-manager] ===END: Apply request for 0 objects in 0.000003 s
2026-05-23T07:30:25.673847Z	debug	translator	skipping translation for namespace "kube-node-lease"	ns=kube-node-lease id=b39a8fe0
2026-05-23T07:30:25.673851Z	debug	resource-cache	Batch-based resource tracking disabled, falling back to namespace-based
2026-05-23T07:30:25.673854Z	debug	resource-cache	[kube-node-lease] ===BEGIN: Apply request for 0 objects
2026-05-23T07:30:25.673855Z	debug	resource-cache	Delete all objects from the namespace kube-node-lease
2026-05-23T07:30:25.673856Z	debug	resource-cache	[kube-node-lease] objects previously in k8s api server cache: 0
2026-05-23T07:30:25.673857Z	debug	resource-cache	[kube-node-lease] No previous objects at k8s apiserver cache for namespace
2026-05-23T07:30:25.673858Z	debug	resource-cache	[kube-node-lease] ===END: Apply request for 0 objects in 0.000004 s
2026-05-23T07:30:25.673858Z	debug	translator	error while looking up workspace for namespace "tier1": the namespace "tier1" is not mapped to any workspace	ns=tier1 id=3a383ec4
2026-05-23T07:30:25.673860Z	debug	translator	failed to lookup workspace for namespace "tier1": the namespace "tier1" is not mapped to any workspace	ns=tier1 id=3a383ec4
2026-05-23T07:30:25.673862Z	debug	resource-cache	[kube-node-lease] ===BEGIN: Apply request for 0 objects
2026-05-23T07:30:25.673862Z	debug	translator	workspace for namespace "tier1" not found	ns=tier1 id=3a383ec4
2026-05-23T07:30:25.673862Z	debug	resource-cache	Delete all objects from the namespace kube-node-lease
2026-05-23T07:30:25.673863Z	debug	resource-cache	[kube-node-lease] objects previously in k8s api server cache: 0
2026-05-23T07:30:25.673863Z	debug	translator	[ambient] buildEastWestGatewayConfigs: entry point called	ns=tier1 id=3a383ec4
2026-05-23T07:30:25.673864Z	debug	resource-cache	[kube-node-lease] No previous objects at k8s apiserver cache for namespace
2026-05-23T07:30:25.673865Z	debug	resource-cache	[kube-node-lease] ===END: Apply request for 0 objects in 0.000003 s
2026-05-23T07:30:25.673865Z	debug	translator	[ambient] doBuildEastWestGatewayConfigsforAllWorkspaces: processing 1 workspaces	ns=tier1 id=3a383ec4
2026-05-23T07:30:25.673866Z	debug	translator	[ambient] processing workspace 0: term-ws	ns=tier1 id=3a383ec4
2026-05-23T07:30:25.673868Z	debug	translator	workspace settings for workspace "term-ws" does not have east-west gateway configs defined	ns=tier1 id=3a383ec4
2026-05-23T07:30:25.673869Z	debug	translator	[ambient] workspace term-ws generated 0 regular east-west configs	ns=tier1 id=3a383ec4
2026-05-23T07:30:25.673870Z	debug	translator	[ambient] EnableAmbient=false, skipping ambient hybrid configs for workspace term-ws	ns=tier1 id=3a383ec4
2026-05-23T07:30:25.673869Z	debug	translator	skipping translation for namespace "local-path-storage"	ns=local-path-storage id=8a399992
2026-05-23T07:30:25.673871Z	debug	translator	[ambient] doBuildEastWestGatewayConfigsforAllWorkspaces: total generated 0 configs	ns=tier1 id=3a383ec4
2026-05-23T07:30:25.673872Z	debug	resource-cache	Batch-based resource tracking disabled, falling back to namespace-based
2026-05-23T07:30:25.673873Z	debug	translator	error while looking up workspace for namespace "tier1": the namespace "tier1" is not mapped to any workspace	ns=tier1 id=3a383ec4
2026-05-23T07:30:25.673874Z	debug	translator	error while looking up workspace for namespace "tier1": the namespace "tier1" is not mapped to any workspace	ns=tier1 id=3a383ec4
2026-05-23T07:30:25.673875Z	debug	translator	generated configurations: 0 traffic, 0 security, 0 gateway, 0 istio internal	ns=tier1 id=3a383ec4
2026-05-23T07:30:25.673876Z	debug	translator	ew-gen: generating east-west workload entry configs for local services that are exposed for east-west routing	ns=tier1 id=3a383ec4
2026-05-23T07:30:25.673879Z	debug	resource-cache	Batch-based resource tracking disabled, falling back to namespace-based
2026-05-23T07:30:25.673880Z	debug	resource-cache	[tier1] ===BEGIN: Apply request for 0 objects
2026-05-23T07:30:25.673880Z	debug	resource-cache	Delete all objects from the namespace tier1
2026-05-23T07:30:25.673881Z	debug	resource-cache	[tier1] objects previously in k8s api server cache: 0
2026-05-23T07:30:25.673882Z	debug	resource-cache	[tier1] No previous objects at k8s apiserver cache for namespace
2026-05-23T07:30:25.673885Z	debug	resource-cache	[tier1] ===END: Apply request for 0 objects in 0.000006 s
2026-05-23T07:30:25.673889Z	debug	resource-cache	[tier1] ===BEGIN: Apply request for 0 objects
2026-05-23T07:30:25.673890Z	debug	resource-cache	Delete all objects from the namespace tier1
2026-05-23T07:30:25.673891Z	debug	resource-cache	[tier1] objects previously in k8s api server cache: 0
2026-05-23T07:30:25.673891Z	debug	resource-cache	[tier1] No previous objects at k8s apiserver cache for namespace
2026-05-23T07:30:25.673892Z	debug	resource-cache	[tier1] ===END: Apply request for 0 objects in 0.000003 s
2026-05-23T07:30:25.673873Z	debug	resource-cache	[local-path-storage] ===BEGIN: Apply request for 0 objects
2026-05-23T07:30:25.673894Z	debug	resource-cache	Delete all objects from the namespace local-path-storage
2026-05-23T07:30:25.673895Z	debug	resource-cache	[local-path-storage] objects previously in k8s api server cache: 0
2026-05-23T07:30:25.673896Z	debug	resource-cache	[local-path-storage] No previous objects at k8s apiserver cache for namespace
2026-05-23T07:30:25.673896Z	debug	resource-cache	[local-path-storage] ===END: Apply request for 0 objects in 0.000024 s
2026-05-23T07:30:25.673900Z	debug	resource-cache	[local-path-storage] ===BEGIN: Apply request for 0 objects
2026-05-23T07:30:25.673900Z	debug	resource-cache	Delete all objects from the namespace local-path-storage
2026-05-23T07:30:25.673901Z	debug	resource-cache	[local-path-storage] objects previously in k8s api server cache: 0
2026-05-23T07:30:25.673902Z	debug	resource-cache	[local-path-storage] No previous objects at k8s apiserver cache for namespace
2026-05-23T07:30:25.673902Z	debug	resource-cache	[local-path-storage] ===END: Apply request for 0 objects in 0.000003 s
2026-05-23T07:30:25.673953Z	debug	configapply	Applying 7 istio objects in namespace echo-term
2026-05-23T07:30:25.673959Z	debug	configapply	   networking.istio.io/v1/Sidecar [echo-term/default]
2026-05-23T07:30:25.673960Z	debug	configapply	   networking.istio.io/v1alpha3/EnvoyFilter [echo-term/default-upstream-traffic-setting]
2026-05-23T07:30:25.673961Z	debug	configapply	   security.istio.io/v1/AuthorizationPolicy [echo-term/allow]
2026-05-23T07:30:25.673962Z	debug	configapply	   networking.istio.io/v1alpha3/EnvoyFilter [echo-term/tier2-term-gg-default-upstream-traffic-setting]
2026-05-23T07:30:25.673962Z	debug	configapply	   networking.istio.io/v1/Gateway [echo-term/echo-t2-term-gw]
2026-05-23T07:30:25.673963Z	debug	configapply	   networking.istio.io/v1/VirtualService [echo-term/vs-echo-term-tetrate-io]
2026-05-23T07:30:25.673964Z	debug	configapply	   networking.istio.io/v1alpha3/EnvoyFilter [echo-term/default-allow-echo-t2-term-gw-external-batch0]
2026-05-23T07:30:25.673965Z	debug	resource-cache	[echo-term] ===BEGIN: Apply request for 7 objects
2026-05-23T07:30:25.674070Z	debug	resource-cache	[echo-term] Create for {"type":{"group":"networking.istio.io","version":"v1alpha3","kind":"EnvoyFilter"},"name":"default-allow-echo-t2-term-gw-external-batch0","namespace":"echo-term","labels":{"istio.io/rev":"global","xcp.tetrate.io/gatewayGroup":"tier2-term-gg","xcp.tetrate.io/workspace":"term-ws"},"annotations":{"kubectl.kubernetes.io/last-applied-configuration":"{\"apiVersion\":\"gateway.xcp.tetrate.io/v2\",\"kind\":\"IngressGateway\",\"metadata\":{\"annotations\":{},\"labels\":{\"xcp.tetrate.io/gatewayGroup\":\"tier2-term-gg\",\"xcp.tetrate.io/workspace\":\"term-ws\"},\"name\":\"echo-t2-term-gw\",\"namespace\":\"xcp-system\"},\"spec\":{\"http\":[{\"hostname\":\"echo-term.tetrate.io\",\"name\":\"echo\",\"port\":8080,\"routing\":{\"rules\":[{\"route\":{\"host\":\"echo-term/echo-term.echo-term.svc.cluster.local\",\"port\":80}}]}}],\"workloadSelector\":{\"labels\":{\"app\":\"echo-term-gateway\"},\"namespace\":\"echo-term\"}}}\n","xcp.tetrate.io/contentHash":"7a30800c1ec6ccbe0c5b353857e90293"},"creationTimestamp":"0001-01-01T00:00:00Z","Spec":{"workloadSelector":{"labels":{"app":"echo-term-gateway"}},"configPatches":[{"applyTo":"HTTP_FILTER","match":{"context":"GATEWAY","proxy":{"proxyVersion":"^1\\.(22|24|28)(\\.\\d+)?(-.*)?$"},"listener":{"portNumber":8080,"filterChain":{"filter":{"name":"envoy.filters.network.http_connection_manager","subFilter":{"name":"envoy.filters.http.rbac"}}}}},"patch":{"operation":"MERGE","value":{"name":"envoy.filters.http.rbac","typed_config":{"@type":"type.googleapis.com/envoy.extensions.filters.http.rbac.v3.RBAC","rules":{"policies":{"echo-term-echo-t2-term-gw-echo":{"permissions":[{"and_rules":{"rules":[{"or_rules":{"rules":[{"header":{"name":":authority","string_match":{"exact":"echo-term.tetrate.io","ignore_case":true}}},{"header":{"name":":authority","string_match":{"exact":"echo-term.tetrate.io:8080","ignore_case":true}}}]}},{"or_rules":{"rules":[{"destination_port":8080}]}}]}}],"principals":[{"and_ids":{"ids":[{"any":true}]}}]}}}}}}}],"priority":-2000},"Status":null,"Extra":null}
2026-05-23T07:30:25.674143Z	debug	configapply	computed hash for EnvoyFilter:echo-term/default-allow-echo-t2-term-gw-external-batch0 - 927e14370db8eee6b10f33b22f2a997e
2026-05-23T07:30:25.674150Z	debug	discovery-server	same hash so neither creating nor updating
2026-05-23T07:30:25.674153Z	debug	resource-cache	[echo-term] objects previously in k8s api server cache: 7
2026-05-23T07:30:25.674165Z	debug	resource-cache	[echo-term] stale resources to be deleted []
2026-05-23T07:30:25.674182Z	debug	resource-cache	[echo-term] Create for {"type":{"group":"networking.istio.io","version":"v1","kind":"Sidecar"},"name":"default","namespace":"echo-term","labels":{"istio.io/rev":"global"},"annotations":{"kubectl.kubernetes.io/last-applied-configuration":"{\"apiVersion\":\"xcp.tetrate.io/v2\",\"kind\":\"Workspace\",\"metadata\":{\"annotations\":{},\"name\":\"term-ws\",\"namespace\":\"xcp-system\"},\"spec\":{\"namespaceSelector\":{\"names\":[\"cluster-0/tier1-term\",\"cluster-1/echo-term\"]}}}\n","xcp.tetrate.io/contentHash":"220b19430e1ce65d95602a2ae611e44f"},"creationTimestamp":"0001-01-01T00:00:00Z","Spec":{"egress":[{"hosts":["*/*"]}]},"Status":null,"Extra":null}
2026-05-23T07:30:25.674195Z	debug	configapply	computed hash for Sidecar:echo-term/default - 70cf1206d3284c26c17024a87c57be8e
2026-05-23T07:30:25.674198Z	debug	discovery-server	same hash so neither creating nor updating
2026-05-23T07:30:25.674246Z	debug	resource-cache	[echo-term] Create for {"type":{"group":"networking.istio.io","version":"v1alpha3","kind":"EnvoyFilter"},"name":"default-upstream-traffic-setting","namespace":"echo-term","labels":{"istio.io/rev":"global"},"annotations":{"kubectl.kubernetes.io/last-applied-configuration":"{\"apiVersion\":\"xcp.tetrate.io/v2\",\"kind\":\"Workspace\",\"metadata\":{\"annotations\":{},\"name\":\"term-ws\",\"namespace\":\"xcp-system\"},\"spec\":{\"namespaceSelector\":{\"names\":[\"cluster-0/tier1-term\",\"cluster-1/echo-term\"]}}}\n","xcp.tetrate.io/contentHash":"220b19430e1ce65d95602a2ae611e44f"},"creationTimestamp":"0001-01-01T00:00:00Z","Spec":{"configPatches":[{"applyTo":"CLUSTER","match":{"context":"SIDECAR_OUTBOUND","proxy":{"proxyVersion":"^1\\.(22|24|28)(\\.\\d+)?(-.*)?$"}},"patch":{"operation":"MERGE","value":{"@type":"type.googleapis.com/envoy.config.cluster.v3.Cluster","common_lb_config":{"healthy_panic_threshold":{}},"outlier_detection":{"consecutive_gateway_failure":10,"enforcing_consecutive_5xx":0,"enforcing_consecutive_gateway_failure":100,"max_ejection_percent":100}}}},{"applyTo":"HTTP_ROUTE","match":{"context":"SIDECAR_OUTBOUND","proxy":{"proxyVersion":"^1\\.(22|24|28)(\\.\\d+)?(-.*)?$"},"routeConfiguration":{"vhost":{"route":{"action":"ROUTE"}}}},"patch":{"operation":"MERGE","value":{"@type":"type.googleapis.com/envoy.config.route.v3.Route","route":{"retry_policy":{"host_selection_retry_max_attempts":"5","num_retries":2,"retriable_status_codes":[503],"retry_host_predicate":[{"name":"envoy.retry_host_predicates.previous_hosts","typed_config":{"@type":"type.googleapis.com/envoy.extensions.retry.host.previous_hosts.v3.PreviousHostsPredicate"}}],"retry_on":"reset,connect-failure,refused-stream,unavailable,cancelled,retriable-status-codes"}}}}}],"priority":100},"Status":null,"Extra":null}
2026-05-23T07:30:25.674302Z	debug	configapply	computed hash for EnvoyFilter:echo-term/default-upstream-traffic-setting - 14645e3efdd68386f959e9db371e7301
2026-05-23T07:30:25.674306Z	debug	discovery-server	same hash so neither creating nor updating
2026-05-23T07:30:25.674333Z	debug	resource-cache	[echo-term] Create for {"type":{"group":"security.istio.io","version":"v1","kind":"AuthorizationPolicy"},"name":"allow","namespace":"echo-term","labels":{"istio.io/rev":"global"},"annotations":{"kubectl.kubernetes.io/last-applied-configuration":"{\"apiVersion\":\"xcp.tetrate.io/v2\",\"kind\":\"Workspace\",\"metadata\":{\"annotations\":{},\"name\":\"term-ws\",\"namespace\":\"xcp-system\"},\"spec\":{\"namespaceSelector\":{\"names\":[\"cluster-0/tier1-term\",\"cluster-1/echo-term\"]}}}\n","xcp.tetrate.io/contentHash":"220b19430e1ce65d95602a2ae611e44f"},"creationTimestamp":"0001-01-01T00:00:00Z","Spec":{"selector":{"matchLabels":{"istio":"ingressgateway"}},"rules":[{"from":[{"source":{"principals":["*"]}}],"to":[{"operation":{"ports":["15443"]}}]}]},"Status":null,"Extra":null}
2026-05-23T07:30:25.674351Z	debug	configapply	computed hash for AuthorizationPolicy:echo-term/allow - 8c65f8421c3431e4ef3784484e3ef261
2026-05-23T07:30:25.674353Z	debug	discovery-server	same hash so neither creating nor updating
2026-05-23T07:30:25.674394Z	debug	resource-cache	[echo-term] Create for {"type":{"group":"networking.istio.io","version":"v1alpha3","kind":"EnvoyFilter"},"name":"tier2-term-gg-default-upstream-traffic-setting","namespace":"echo-term","labels":{"istio.io/rev":"global"},"annotations":{"kubectl.kubernetes.io/last-applied-configuration":"{\"apiVersion\":\"xcp.tetrate.io/v2\",\"kind\":\"Workspace\",\"metadata\":{\"annotations\":{},\"name\":\"term-ws\",\"namespace\":\"xcp-system\"},\"spec\":{\"namespaceSelector\":{\"names\":[\"cluster-0/tier1-term\",\"cluster-1/echo-term\"]}}}\n","xcp.tetrate.io/contentHash":"220b19430e1ce65d95602a2ae611e44f"},"creationTimestamp":"0001-01-01T00:00:00Z","Spec":{"configPatches":[{"applyTo":"CLUSTER","match":{"context":"GATEWAY","proxy":{"proxyVersion":"^1\\.(22|24|28)(\\.\\d+)?(-.*)?$"}},"patch":{"operation":"MERGE","value":{"@type":"type.googleapis.com/envoy.config.cluster.v3.Cluster","common_lb_config":{"healthy_panic_threshold":{}},"outlier_detection":{"consecutive_gateway_failure":10,"enforcing_consecutive_5xx":0,"enforcing_consecutive_gateway_failure":100,"max_ejection_percent":100}}}},{"applyTo":"HTTP_ROUTE","match":{"context":"GATEWAY","proxy":{"proxyVersion":"^1\\.(22|24|28)(\\.\\d+)?(-.*)?$"},"routeConfiguration":{"vhost":{"route":{"action":"ROUTE"}}}},"patch":{"operation":"MERGE","value":{"@type":"type.googleapis.com/envoy.config.route.v3.Route","route":{"retry_policy":{"host_selection_retry_max_attempts":"5","num_retries":2,"retriable_status_codes":[503],"retry_host_predicate":[{"name":"envoy.retry_host_predicates.previous_hosts","typed_config":{"@type":"type.googleapis.com/envoy.extensions.retry.host.previous_hosts.v3.PreviousHostsPredicate"}}],"retry_on":"reset,connect-failure,refused-stream,unavailable,cancelled,retriable-status-codes"}}}}}],"priority":100},"Status":null,"Extra":null}
2026-05-23T07:30:25.674447Z	debug	configapply	computed hash for EnvoyFilter:echo-term/tier2-term-gg-default-upstream-traffic-setting - 4f9a6697acdcca0723b42f9f050bddf9
2026-05-23T07:30:25.674452Z	debug	discovery-server	same hash so neither creating nor updating
2026-05-23T07:30:25.674478Z	debug	resource-cache	[echo-term] Create for {"type":{"group":"networking.istio.io","version":"v1","kind":"Gateway"},"name":"echo-t2-term-gw","namespace":"echo-term","labels":{"istio.io/rev":"global","xcp.tetrate.io/gatewayGroup":"tier2-term-gg","xcp.tetrate.io/workspace":"term-ws"},"annotations":{"kubectl.kubernetes.io/last-applied-configuration":"{\"apiVersion\":\"gateway.xcp.tetrate.io/v2\",\"kind\":\"IngressGateway\",\"metadata\":{\"annotations\":{},\"labels\":{\"xcp.tetrate.io/gatewayGroup\":\"tier2-term-gg\",\"xcp.tetrate.io/workspace\":\"term-ws\"},\"name\":\"echo-t2-term-gw\",\"namespace\":\"xcp-system\"},\"spec\":{\"http\":[{\"hostname\":\"echo-term.tetrate.io\",\"name\":\"echo\",\"port\":8080,\"routing\":{\"rules\":[{\"route\":{\"host\":\"echo-term/echo-term.echo-term.svc.cluster.local\",\"port\":80}}]}}],\"workloadSelector\":{\"labels\":{\"app\":\"echo-term-gateway\"},\"namespace\":\"echo-term\"}}}\n","xcp.tetrate.io/contentHash":"7a30800c1ec6ccbe0c5b353857e90293"},"creationTimestamp":"0001-01-01T00:00:00Z","Spec":{"servers":[{"port":{"number":8080,"protocol":"HTTP","name":"http-echo"},"hosts":["echo-term/echo-term.tetrate.io"],"name":"echo"},{"port":{"number":15443,"protocol":"HTTPS","name":"mtls-echo"},"hosts":["echo-term/echo-term.tetrate.io"],"tls":{"mode":"ISTIO_MUTUAL"},"name":"echo-mtls"}],"selector":{"app":"echo-term-gateway"}},"Status":null,"Extra":null}
2026-05-23T07:30:25.674500Z	debug	configapply	computed hash for Gateway:echo-term/echo-t2-term-gw - e1ab8ad4f6be128c4904e6f0a06a7dd9
2026-05-23T07:30:25.674504Z	debug	discovery-server	same hash so neither creating nor updating
2026-05-23T07:30:25.674532Z	debug	resource-cache	[echo-term] Create for {"type":{"group":"networking.istio.io","version":"v1","kind":"VirtualService"},"name":"vs-echo-term-tetrate-io","namespace":"echo-term","labels":{"istio.io/rev":"global","xcp.tetrate.io/gatewayGroup":"tier2-term-gg","xcp.tetrate.io/workspace":"term-ws"},"annotations":{"kubectl.kubernetes.io/last-applied-configuration":"{\"apiVersion\":\"gateway.xcp.tetrate.io/v2\",\"kind\":\"IngressGateway\",\"metadata\":{\"annotations\":{},\"labels\":{\"xcp.tetrate.io/gatewayGroup\":\"tier2-term-gg\",\"xcp.tetrate.io/workspace\":\"term-ws\"},\"name\":\"echo-t2-term-gw\",\"namespace\":\"xcp-system\"},\"spec\":{\"http\":[{\"hostname\":\"echo-term.tetrate.io\",\"name\":\"echo\",\"port\":8080,\"routing\":{\"rules\":[{\"route\":{\"host\":\"echo-term/echo-term.echo-term.svc.cluster.local\",\"port\":80}}]}}],\"workloadSelector\":{\"labels\":{\"app\":\"echo-term-gateway\"},\"namespace\":\"echo-term\"}}}\n","xcp.tetrate.io/contentHash":"7a30800c1ec6ccbe0c5b353857e90293"},"creationTimestamp":"0001-01-01T00:00:00Z","Spec":{"hosts":["echo-term.tetrate.io"],"gateways":["echo-term/echo-t2-term-gw"],"http":[{"name":"echo-t2-term-gw-echo-0","match":[{"port":8080},{"port":15443}],"route":[{"destination":{"host":"echo-term.echo-term.svc.cluster.local","port":{"number":80}},"weight":100}]}],"exportTo":["."]},"Status":null,"Extra":null}
2026-05-23T07:30:25.674560Z	debug	configapply	computed hash for VirtualService:echo-term/vs-echo-term-tetrate-io - 96c5e597e3b0e45741fe5d22a27e958a
2026-05-23T07:30:25.674565Z	debug	discovery-server	same hash so neither creating nor updating
2026-05-23T07:30:25.674568Z	debug	resource-cache	[echo-term] ResourceCache length 11
2026-05-23T07:30:25.674570Z	debug	resource-cache	[echo-term] ===END: Apply request for 7 objects in 0.000605 s
2026-05-23T07:30:25.674588Z	debug	cluster-state	Triggering cluster state change event due to config, at 2026-05-23 07:30:24.669837637 +0000 UTC m=+95252.415897370 (force regenerate config = map[]). Resources: []
2026-05-23T07:30:27.673667Z	debug	debounce	resetting maxSilentCurrent. updated: 1s	id=0ae90c02
2026-05-23T07:30:33.674903Z	debug	debounce	notify cbk invoked	id=c8a91734
2026-05-23T07:30:33.674934Z	debug	debounce	notify cbk invoked	id=350e9435
2026-05-23T07:30:33.674963Z	debug	debounce	notify cbk returned	id=c8a91734
2026-05-23T07:30:33.674970Z	debug	debounce	Applying exponential step-up. maxSilentCurrent updated to: 10s	id=c8a91734
2026-05-23T07:30:33.674991Z	info	cluster-state	processClusterStateChangeEvents: cluster-eventid: 2026-05-23 07:30:24.669837637 +0000 UTC m=+95252.415897370 and 0 more, queue length: 0, reasons: config,, forceConfigRegenReasons: map[], resources: []
2026-05-23T07:30:33.674997Z	debug	cluster-state	handleClusterStateChangedEvent: Trigger reasons: config,, Forced translation: map[], Resources: []
2026-05-23T07:30:33.675025Z	debug	cluster-gen	istioServices: 12
2026-05-23T07:30:33.675137Z	debug	cluster-state	found Istio IsolationBoundary for Namespace "echo-term" with Revision "stable"
2026-05-23T07:30:33.675161Z	info	cluster-gen	Gateway service instances for echo-term/echo-term-gateway: 1
2026-05-23T07:30:33.675171Z	debug	cluster-gen	Getting XCP services for possible gateway service echo-term-gateway.echo-term.svc.cluster.local, labels map[app:echo-term-gateway istio:ingressgateway]
2026-05-23T07:30:33.675191Z	debug	cluster-gen	found k8s svc matching ingress gateway - echo-t2-term-gw
2026-05-23T07:30:33.675195Z	debug	cluster-gen	found ingress gateway http host echo-term.tetrate.io for service echo-term-gateway.echo-term.svc.cluster.local
2026-05-23T07:30:33.675208Z	debug	cluster-state	found Istio IsolationBoundary for Namespace "echo-term" with Revision "stable"
2026-05-23T07:30:33.675226Z	info	no portname specified for service metallb-webhook-service.metallb-system.svc.cluster.local port 443. no endpoints will be detected
2026-05-23T07:30:33.675230Z	info	no portname specified for service metallb-webhook-service.metallb-system.svc.cluster.local port 443. no endpoints will be detected
2026-05-23T07:30:33.675234Z	debug	cluster-gen	Ignoring service kube-system/metrics-server
2026-05-23T07:30:33.675241Z	debug	cluster-gen	Not a gateway service echo-term/echo-term
2026-05-23T07:30:33.675176Z	debug	config-status	Explanation of the decision flow for the Config Status of "gateway.xcp.tetrate.io/GatewayGroup" "tier2-term-gg" version ""
Q: Is the config type "gateway.xcp.tetrate.io/v2/GatewayGroup" supported by XCP?
A: Yes
Q: Is it an internal config of XCP?
A: No
Q: Is this config object managed by XCP?
A: Yes
Q: Did the Push Context report an ERROR for this config?
A: No
Q: Did the Push Context IGNORE this config?
A: No
Q: Does the namespace selector resolve into at least ONE namespace in this cluster?
A: Yes
I: Checking the config status in each of the 1 target namespace(s): [echo-term]
I: [1/1] verdict in "echo-term" namespace: Config Status is APPLIED since there were NO translation errors and the config IS mapped onto output config(s)
I: Status summary across 1 target namespace(s): APPLIED in 1 namespace(s)
I: Using "lenient" strategy to decide on the aggregated status across 1 target namespace(s)
Q: Have there been any errors while translating this config in ANY of the 1 target namespaces?
A: No
Q: Has the config been APPLIED in at least ONE of the target namespaces?
A: Yes
Verdict: Config Status is "lenient" APPLIED since the config has been APPLIED in at least ONE of the target namespaces
Config Status:
```yaml
---
configId:
  group: gateway.xcp.tetrate.io
  kind: GatewayGroup
  name: tier2-term-gg
  namespace: istio-system
  version: v2
details: 'Status summary across 1 target namespace(s): APPLIED in 1 namespace(s)'
metadata:
  annotations:
    kubectl.kubernetes.io/last-applied-configuration: |
      {"apiVersion":"gateway.xcp.tetrate.io/v2","kind":"GatewayGroup","metadata":{"annotations":{},"labels":{"xcp.tetrate.io/workspace":"term-ws"},"name":"tier2-term-gg","namespace":"xcp-system"},"spec":{"configMode":"BRIDGED","namespaceSelector":{"names":["cluster-1/echo-term"]}}}
  labels:
    xcp.tetrate.io/workspace: term-ws
result: APPLIED
```

2026-05-23T07:30:33.675279Z	debug	cluster-gen	Ignoring service kube-system/kube-dns
2026-05-23T07:30:33.675297Z	debug	discovery-cache	added istio service instances in namespace: cert-manager objects 0, changed false
2026-05-23T07:30:33.675309Z	debug	discovery-cache	gateway serviceInstance hostname echo-term-gateway.echo-term.svc.cluster.local
2026-05-23T07:30:33.675311Z	debug	discovery-cache	added istio service instances in namespace: echo-term objects 1, changed false
2026-05-23T07:30:33.675312Z	debug	discovery-cache	added istio service instances in namespace: default objects 0, changed false
2026-05-23T07:30:33.675314Z	debug	discovery-cache	added istio service instances in namespace: metallb-system objects 0, changed false
2026-05-23T07:30:33.675315Z	debug	discovery-cache	added istio service instances in namespace: istio-system objects 0, changed false
2026-05-23T07:30:33.675322Z	debug	cluster-state	triggerConfigTranslation false ,triggerConfigTranslationReason false 
2026-05-23T07:30:33.675333Z	debug	cluster-state	All gateway hostname mappings are same.
2026-05-23T07:30:33.675335Z	debug	cluster-state	All gatewayHost bounded k8s svcs have same addresses.
2026-05-23T07:30:33.675336Z	debug	cluster-state	No significant changes detected; skipping report to other clusters.
2026-05-23T07:30:33.675338Z	debug	cluster-state	No significant changes detected for east-west services; skipping report to other clusters.
2026-05-23T07:30:33.675340Z	debug	cluster-state	All gateway hostname mappings are same.
2026-05-23T07:30:33.675344Z	debug	cluster-state	handleClusterStateChangedEvent, actions: map[sendHeaderToCentral:{}]
2026-05-23T07:30:33.675356Z	debug	discovery-server	wrote channel for sending header only
2026-05-23T07:30:33.675357Z	debug	config-status	Explanation of the decision flow for the Config Status of "gateway.xcp.tetrate.io/IngressGateway" "echo-t2-term-gw" version ""
Q: Is the config type "gateway.xcp.tetrate.io/v2/IngressGateway" supported by XCP?
A: Yes
Q: Is it an internal config of XCP?
A: No
Q: Is this config object managed by XCP?
A: Yes
Q: Did the Push Context report an ERROR for this config?
A: No
Q: Did the Push Context IGNORE this config?
A: No
Q: Does the namespace selector resolve into at least ONE namespace in this cluster?
A: Yes
I: Checking the config status in each of the 1 target namespace(s): [echo-term]
I: [1/1] verdict in "echo-term" namespace: Config Status is APPLIED since there were NO translation errors and the config IS mapped onto output config(s)
I: Status summary across 1 target namespace(s): APPLIED in 1 namespace(s)
I: Using "lenient" strategy to decide on the aggregated status across 1 target namespace(s)
Q: Have there been any errors while translating this config in ANY of the 1 target namespaces?
A: No
Q: Has the config been APPLIED in at least ONE of the target namespaces?
A: Yes
Verdict: Config Status is "lenient" APPLIED since the config has been APPLIED in at least ONE of the target namespaces
Config Status:
```yaml
---
configId:
  group: gateway.xcp.tetrate.io
  kind: IngressGateway
  name: echo-t2-term-gw
  namespace: istio-system
  version: v2
details: 'Status summary across 1 target namespace(s): APPLIED in 1 namespace(s)'
metadata:
  annotations:
    kubectl.kubernetes.io/last-applied-configuration: |
      {"apiVersion":"gateway.xcp.tetrate.io/v2","kind":"IngressGateway","metadata":{"annotations":{},"labels":{"xcp.tetrate.io/gatewayGroup":"tier2-term-gg","xcp.tetrate.io/workspace":"term-ws"},"name":"echo-t2-term-gw","namespace":"xcp-system"},"spec":{"http":[{"hostname":"echo-term.tetrate.io","name":"echo","port":8080,"routing":{"rules":[{"route":{"host":"echo-term/echo-term.echo-term.svc.cluster.local","port":80}}]}}],"workloadSelector":{"labels":{"app":"echo-term-gateway"},"namespace":"echo-term"}}}
  labels:
    xcp.tetrate.io/gatewayGroup: tier2-term-gg
    xcp.tetrate.io/workspace: term-ws
result: APPLIED
```

2026-05-23T07:30:33.675362Z	debug	discovery-server	Sending cluster-state update to central xcp
2026-05-23T07:30:33.675370Z	debug	config-status	Explanation of the decision flow for the Config Status of "install.xcp.tetrate.io/GatewayDeployment" "echo-term-gateway" version ""
Q: Is the config type "install.xcp.tetrate.io/v1alpha1/GatewayDeployment" supported by XCP?
A: Yes
Q: Is it an internal config of XCP?
A: No
Q: Is this config object managed by XCP?
A: No
Verdict: Config Status is NOT reported since the config is not managed by XCP
Config Status:
```yaml
---
null
```

2026-05-23T07:30:33.675376Z	debug	config-status	Explanation of the decision flow for the Config Status of "networking.istio.io/EnvoyFilter" "global-forward-xfcc-15443" version ""
Q: Is the config type "networking.istio.io/v1alpha3/EnvoyFilter" supported by XCP?
A: Yes
Q: Is it an internal config of XCP?
A: Yes
Verdict: Config Status is NOT reported since it's an internal config of XCP
Config Status:
```yaml
---
null
```

2026-05-23T07:30:33.675383Z	debug	discovery-server	Done sending cluster-state to central xcp
2026-05-23T07:30:33.675384Z	debug	config-status	Explanation of the decision flow for the Config Status of "networking.istio.io/EnvoyFilter" "global-gw-best-practice" version ""
Q: Is the config type "networking.istio.io/v1alpha3/EnvoyFilter" supported by XCP?
A: Yes
Q: Is it an internal config of XCP?
A: Yes
Verdict: Config Status is NOT reported since it's an internal config of XCP
Config Status:
```yaml
---
null
```

2026-05-23T07:30:33.675412Z	debug	config-status	Explanation of the decision flow for the Config Status of "networking.istio.io/EnvoyFilter" "global-mx-downstream-egress-gateway-filter" version ""
Q: Is the config type "networking.istio.io/v1alpha3/EnvoyFilter" supported by XCP?
A: Yes
Q: Is it an internal config of XCP?
A: Yes
Verdict: Config Status is NOT reported since it's an internal config of XCP
Config Status:
```yaml
---
null
```

2026-05-23T07:30:33.675426Z	debug	config-status	Explanation of the decision flow for the Config Status of "networking.istio.io/EnvoyFilter" "global-mx-downstream-gateway-filter" version ""
Q: Is the config type "networking.istio.io/v1alpha3/EnvoyFilter" supported by XCP?
A: Yes
Q: Is it an internal config of XCP?
A: Yes
Verdict: Config Status is NOT reported since it's an internal config of XCP
Config Status:
```yaml
---
null
```

2026-05-23T07:30:33.675430Z	debug	config-status	Explanation of the decision flow for the Config Status of "networking.istio.io/EnvoyFilter" "global-periodical-access-log" version ""
Q: Is the config type "networking.istio.io/v1alpha3/EnvoyFilter" supported by XCP?
A: Yes
Q: Is it an internal config of XCP?
A: Yes
Verdict: Config Status is NOT reported since it's an internal config of XCP
Config Status:
```yaml
---
null
```

2026-05-23T07:30:33.675434Z	debug	config-status	Explanation of the decision flow for the Config Status of "networking.istio.io/EnvoyFilter" "global-request-id-propagation" version ""
Q: Is the config type "networking.istio.io/v1alpha3/EnvoyFilter" supported by XCP?
A: Yes
Q: Is it an internal config of XCP?
A: Yes
Verdict: Config Status is NOT reported since it's an internal config of XCP
Config Status:
```yaml
---
null
```

2026-05-23T07:30:33.675438Z	debug	config-status	Explanation of the decision flow for the Config Status of "networking.istio.io/EnvoyFilter" "global-tcp-keepalive-envoy-filter" version ""
Q: Is the config type "networking.istio.io/v1alpha3/EnvoyFilter" supported by XCP?
A: Yes
Q: Is it an internal config of XCP?
A: Yes
Verdict: Config Status is NOT reported since it's an internal config of XCP
Config Status:
```yaml
---
null
```

2026-05-23T07:30:33.675441Z	debug	config-status	Explanation of the decision flow for the Config Status of "networking.istio.io/EnvoyFilter" "global-xfcc-extractor-sidecar" version ""
Q: Is the config type "networking.istio.io/v1alpha3/EnvoyFilter" supported by XCP?
A: Yes
Q: Is it an internal config of XCP?
A: Yes
Verdict: Config Status is NOT reported since it's an internal config of XCP
Config Status:
```yaml
---
null
```

2026-05-23T07:30:33.675445Z	debug	config-status	Explanation of the decision flow for the Config Status of "networking.istio.io/EnvoyFilter" "global-xfcc-guard-15443" version ""
Q: Is the config type "networking.istio.io/v1alpha3/EnvoyFilter" supported by XCP?
A: Yes
Q: Is it an internal config of XCP?
A: Yes
Verdict: Config Status is NOT reported since it's an internal config of XCP
Config Status:
```yaml
---
null
```

2026-05-23T07:30:33.675504Z	debug	config-status	Explanation of the decision flow for the Config Status of "xcp.tetrate.io/Cluster" "cluster-0" version ""
Q: Is the config type "xcp.tetrate.io/v2/Cluster" supported by XCP?
A: Yes
Q: Is it an internal config of XCP?
A: No
Q: Is this config object managed by XCP?
A: Yes
Q: Did the Push Context report an ERROR for this config?
A: No
Q: Did the Push Context IGNORE this config?
A: No
Verdict: Config Status is UNKNOWN since status for that config type has NOT been implemented yet
Config Status:
```yaml
---
configId:
  group: xcp.tetrate.io
  kind: Cluster
  name: cluster-0
  namespace: istio-system
  version: v2
details: Config Status for that config type has NOT been implemented yet
metadata: {}
```

2026-05-23T07:30:33.675587Z	debug	config-status	Explanation of the decision flow for the Config Status of "xcp.tetrate.io/Cluster" "cluster-1" version ""
Q: Is the config type "xcp.tetrate.io/v2/Cluster" supported by XCP?
A: Yes
Q: Is it an internal config of XCP?
A: No
Q: Is this config object managed by XCP?
A: Yes
Q: Did the Push Context report an ERROR for this config?
A: No
Q: Did the Push Context IGNORE this config?
A: No
Verdict: Config Status is UNKNOWN since status for that config type has NOT been implemented yet
Config Status:
```yaml
---
configId:
  group: xcp.tetrate.io
  kind: Cluster
  name: cluster-1
  namespace: istio-system
  version: v2
details: Config Status for that config type has NOT been implemented yet
metadata:
  annotations:
    kubectl.kubernetes.io/last-applied-configuration: |
      {"apiVersion":"xcp.tetrate.io/v2","kind":"Cluster","metadata":{"annotations":{},"name":"cluster-1","namespace":"xcp-system"},"spec":{"istioTrustDomain":"cluster.local"}}
```

2026-05-23T07:30:33.675627Z	debug	config-status	Explanation of the decision flow for the Config Status of "xcp.tetrate.io/GlobalSetting" "global" version ""
Q: Is the config type "xcp.tetrate.io/v2/GlobalSetting" supported by XCP?
A: Yes
Q: Is it an internal config of XCP?
A: No
Q: Is this config object managed by XCP?
A: Yes
Q: Did the Push Context report an ERROR for this config?
A: No
Q: Did the Push Context IGNORE this config?
A: No
Q: Does the namespace selector resolve into at least ONE namespace in this cluster?
A: Yes
I: Checking the config status in each of the 8 target namespace(s): [cert-manager default echo-term kube-node-lease kube-public local-path-storage metallb-system tier1]
I: [1/8] verdict in "cert-manager" namespace: Config Status is UNKNOWN since translation is SKIPPED on that namespace
I: [2/8] verdict in "default" namespace: Config Status is UNKNOWN since translation is SKIPPED on that namespace
I: [3/8] verdict in "echo-term" namespace: Config Status is UNKNOWN since there were NO translation errors but the config was NOT mapped onto any output config(s)
I: [4/8] verdict in "kube-node-lease" namespace: Config Status is UNKNOWN since translation is SKIPPED on that namespace
I: [5/8] verdict in "kube-public" namespace: Config Status is UNKNOWN since translation is SKIPPED on that namespace
I: [6/8] verdict in "local-path-storage" namespace: Config Status is UNKNOWN since translation is SKIPPED on that namespace
I: [7/8] verdict in "metallb-system" namespace: Config Status is UNKNOWN since translation is SKIPPED on that namespace
I: [8/8] verdict in "tier1" namespace: Config Status is UNKNOWN since there were NO translation errors but the config was NOT mapped onto any output config(s)
I: Status summary across 8 target namespace(s): TRANSLATION SKIPPED in 6 namespace(s), TRANSLATED BUT NOT MAPPED in 2 namespace(s)
I: Using "lenient" strategy to decide on the aggregated status across 8 target namespace(s)
Q: Have there been any errors while translating this config in ANY of the 8 target namespaces?
A: No
Q: Has the config been APPLIED in at least ONE of the target namespaces?
A: No
Verdict: Config Status is NOT reported since the config has NOT yet been APPLIED in ANY of 8 target namespace(s)
Config Status:
```yaml
---
null
```

2026-05-23T07:30:33.675713Z	debug	config-status	Explanation of the decision flow for the Config Status of "xcp.tetrate.io/Workspace" "term-ws" version ""
Q: Is the config type "xcp.tetrate.io/v2/Workspace" supported by XCP?
A: Yes
Q: Is it an internal config of XCP?
A: No
Q: Is this config object managed by XCP?
A: Yes
Q: Did the Push Context report an ERROR for this config?
A: No
Q: Did the Push Context IGNORE this config?
A: No
Q: Does the namespace selector resolve into at least ONE namespace in this cluster?
A: Yes
I: Checking the config status in each of the 1 target namespace(s): [echo-term]
I: [1/1] verdict in "echo-term" namespace: Config Status is APPLIED since there were NO translation errors and the config IS mapped onto output config(s)
I: Status summary across 1 target namespace(s): APPLIED in 1 namespace(s)
I: Using "lenient" strategy to decide on the aggregated status across 1 target namespace(s)
Q: Have there been any errors while translating this config in ANY of the 1 target namespaces?
A: No
Q: Has the config been APPLIED in at least ONE of the target namespaces?
A: Yes
Verdict: Config Status is "lenient" APPLIED since the config has been APPLIED in at least ONE of the target namespaces
Config Status:
```yaml
---
configId:
  group: xcp.tetrate.io
  kind: Workspace
  name: term-ws
  namespace: istio-system
  version: v2
details: 'Status summary across 1 target namespace(s): APPLIED in 1 namespace(s)'
metadata:
  annotations:
    kubectl.kubernetes.io/last-applied-configuration: |
      {"apiVersion":"xcp.tetrate.io/v2","kind":"Workspace","metadata":{"annotations":{},"name":"term-ws","namespace":"xcp-system"},"spec":{"namespaceSelector":{"names":["cluster-0/tier1-term","cluster-1/echo-term"]}}}
result: APPLIED
```

2026-05-23T07:30:33.675360Z	debug	cluster-state	Sent header to central
2026-05-23T07:30:33.675902Z	debug	status	generated status report in 947.041µs
2026-05-23T07:30:33.675925Z	debug	debounce	notify cbk returned	id=350e9435
2026-05-23T07:30:33.675927Z	debug	debounce	Applying exponential step-up. maxSilentCurrent updated to: 10s	id=350e9435
2026-05-23T07:30:33.675930Z	debug	status	triggering status report sender with 5 messages
2026-05-23T07:30:33.675985Z	debug	status	successfully sent config-status report(epoch:63, messages:5) in 51.666µs
2026-05-23T07:30:39.570359Z	debug	discovery-server	Sending xcp config update notification to Istio config translator channel
2026-05-23T07:30:39.570374Z	debug	discovery-server	Channel written successfully
2026-05-23T07:30:40.570807Z	debug	debounce	notify cbk invoked	id=0ae90c02
2026-05-23T07:30:40.570857Z	debug	debounce	notify cbk returned	id=0ae90c02
2026-05-23T07:30:40.570863Z	debug	debounce	Applying exponential step-up. maxSilentCurrent updated to: 2s	id=0ae90c02
2026-05-23T07:30:40.570884Z	info	cluster-state	processConfigTranslationNotification: cluster-eventid: 2026-05-23 07:30:39.57037288 +0000 UTC m=+95267.316332793 and 0 more, queue length: 0, reasons: config,, forceConfigRegenReasons: map[], resources: []
2026-05-23T07:30:40.570891Z	debug	configapply	Sending XCP api CRDs to istio config translator
2026-05-23T07:30:40.571077Z	debug	model	gateway-group mapping: map[tier2-term-gg:tier2-term-gg]
2026-05-23T07:30:40.571087Z	debug	model	security-group mapping: map[]
2026-05-23T07:30:40.571088Z	debug	model	traffic-group mapping: map[]
2026-05-23T07:30:40.571089Z	debug	model	istio-internal-group mapping: map[]
2026-05-23T07:30:40.571090Z	debug	model	gateway-deployment mapping: map[echo-term-gateway:echo-term-gateway]
2026-05-23T07:30:40.571107Z	debug	model	processing 16 objects for cluster cluster-1
2026-05-23T07:30:40.571235Z	debug	model	Processing workspace: istio-system/term-ws, o.gvk xcp.tetrate.io/v2/Workspace
2026-05-23T07:30:40.571244Z	debug	model	resolved workspace namespaces [echo-term]
2026-05-23T07:30:40.571258Z	info	model	echo-term: adding workspace term-ws
2026-05-23T07:30:40.571346Z	debug	model	populateGroups workspace = term-ws, &{Meta:{GroupVersionKind:xcp.tetrate.io/v2/Workspace UID: Name:term-ws Namespace:istio-system Domain: Labels:map[] Annotations:map[kubectl.kubernetes.io/last-applied-configuration:{"apiVersion":"xcp.tetrate.io/v2","kind":"Workspace","metadata":{"annotations":{},"name":"term-ws","namespace":"xcp-system"},"spec":{"namespaceSelector":{"names":["cluster-0/tier1-term","cluster-1/echo-term"]}}}
 xcp.tetrate.io/contentHash:220b19430e1ce65d95602a2ae611e44f] ResourceVersion:269003 CreationTimestamp:2026-05-23 07:30:12 +0000 UTC OwnerReferences:[] Generation:0} Spec:namespace_selector:{names:"cluster-0/tier1-term" names:"cluster-1/echo-term"} Status:<nil> Extra:map[]}
2026-05-23T07:30:40.571352Z	debug	model	gg namespace_selector:{names:"cluster-1/echo-term"}
2026-05-23T07:30:40.571354Z	debug	model	resolved gateway group namespaces [echo-term]
2026-05-23T07:30:40.571362Z	debug	model	echo-term: registered gateway group tier2-term-gg in workspace term-ws
2026-05-23T07:30:40.571366Z	error	model	workspace name is unspecified or empty for install.xcp.tetrate.io/v1alpha1/GatewayDeployment::istio-system/echo-term-gateway. Skipping...
2026-05-23T07:30:40.571454Z	debug	model	populateObjectsInGroups: workspace = term-ws, &{Meta:{GroupVersionKind:xcp.tetrate.io/v2/Workspace UID: Name:term-ws Namespace:istio-system Domain: Labels:map[] Annotations:map[kubectl.kubernetes.io/last-applied-configuration:{"apiVersion":"xcp.tetrate.io/v2","kind":"Workspace","metadata":{"annotations":{},"name":"term-ws","namespace":"xcp-system"},"spec":{"namespaceSelector":{"names":["cluster-0/tier1-term","cluster-1/echo-term"]}}}
 xcp.tetrate.io/contentHash:220b19430e1ce65d95602a2ae611e44f] ResourceVersion:269003 CreationTimestamp:2026-05-23 07:30:12 +0000 UTC OwnerReferences:[] Generation:0} Spec:namespace_selector:{names:"cluster-0/tier1-term" names:"cluster-1/echo-term"} Status:<nil> Extra:map[]}
2026-05-23T07:30:40.571467Z	error	model	workspace name is unspecified or empty for install.xcp.tetrate.io/v1alpha1/GatewayDeployment::istio-system/echo-term-gateway. Skipping...
2026-05-23T07:30:40.571642Z	debug	eastwest-configgen	namespace "metallb-system" does not have Istio revision "" in boundary "global". Ambient mode: false
2026-05-23T07:30:40.571646Z	debug	eastwest-configgen	namespace "local-path-storage" does not have Istio revision "" in boundary "global". Ambient mode: false
2026-05-23T07:30:40.571648Z	debug	eastwest-configgen	namespace "default" does not have Istio revision "" in boundary "global". Ambient mode: false
2026-05-23T07:30:40.571649Z	debug	eastwest-configgen	namespace "kube-public" does not have Istio revision "" in boundary "global". Ambient mode: false
2026-05-23T07:30:40.571650Z	debug	eastwest-configgen	namespace "kube-node-lease" does not have Istio revision "" in boundary "global". Ambient mode: false
2026-05-23T07:30:40.571651Z	debug	eastwest-configgen	namespace "cert-manager" does not have Istio revision "" in boundary "global". Ambient mode: false
2026-05-23T07:30:40.571665Z	info	eastwest-configgen	no endpoints found for service "echo-term.tetrate.io" port 80
2026-05-23T07:30:40.571709Z	info	no portname specified for service metallb-webhook-service.metallb-system.svc.cluster.local port 443. no endpoints will be detected
2026-05-23T07:30:40.571726Z	info	eastwest-configgen	no endpoints found for service "metallb-webhook-service.metallb-system.svc.cluster.local" port 443
2026-05-23T07:30:40.571727Z	debug	eastwest-configgen	found Istio IsolationBoundary "global" for Namespace "echo-term"
2026-05-23T07:30:40.571733Z	debug	eastwest-configgen	found Istio IsolationBoundary "global" for Namespace "echo-term"
2026-05-23T07:30:40.571740Z	debug	eastwest-configgen	computed east-west gateway associations: {}
2026-05-23T07:30:40.571758Z	debug	discovery-server	found service instance with matching namespace and labels. svc port 15443, workload port 15443
2026-05-23T07:30:40.571767Z	debug	configapply	Translation triggered for all [metallb-system local-path-storage default kube-public tier1 kube-node-lease cert-manager echo-term] namespaces
2026-05-23T07:30:40.571792Z	warn	translator	error while looking up traffic group for namespace "echo-term": traffic group not found for namespace echo-term in workspace term-ws	ns=echo-term id=0875570a
2026-05-23T07:30:40.571795Z	debug	translator	traffic group for namespace "echo-term" not found. applying defaults	ns=echo-term id=0875570a
2026-05-23T07:30:40.571797Z	debug	translator	traffic group for namespace "echo-term" not found	ns=echo-term id=0875570a
2026-05-23T07:30:40.571807Z	debug	translator	upstream traffic setting for namespace "echo-term" not found, default settings will be created	ns=echo-term id=0875570a
2026-05-23T07:30:40.571814Z	debug	translator	skipping translation for namespace "kube-public"	ns=kube-public id=5eaa81a0
2026-05-23T07:30:40.571826Z	debug	resource-cache	Batch-based resource tracking disabled, falling back to namespace-based
2026-05-23T07:30:40.571828Z	debug	resource-cache	[kube-public] ===BEGIN: Apply request for 0 objects
2026-05-23T07:30:40.571829Z	debug	resource-cache	Delete all objects from the namespace kube-public
2026-05-23T07:30:40.571831Z	debug	resource-cache	[kube-public] objects previously in k8s api server cache: 0
2026-05-23T07:30:40.571832Z	debug	resource-cache	[kube-public] No previous objects at k8s apiserver cache for namespace
2026-05-23T07:30:40.571834Z	debug	resource-cache	[kube-public] ===END: Apply request for 0 objects in 0.000006 s
2026-05-23T07:30:40.571835Z	debug	resource-cache	Unmanaged Istio resources by kind: map[AuthorizationPolicy:0 DestinationRule:0 EnvoyFilter:0 Gateway:0 PeerAuthentication:0 RequestAuthentication:0 ServiceEntry:0 Sidecar:0 Telemetry:0 VirtualService:0 WasmPlugin:0 WorkloadEntry:0]
2026-05-23T07:30:40.571846Z	debug	resource-cache	[kube-public] ===BEGIN: Apply request for 0 objects
2026-05-23T07:30:40.571847Z	debug	resource-cache	Delete all objects from the namespace kube-public
2026-05-23T07:30:40.571847Z	debug	resource-cache	[kube-public] objects previously in k8s api server cache: 0
2026-05-23T07:30:40.571848Z	debug	resource-cache	[kube-public] No previous objects at k8s apiserver cache for namespace
2026-05-23T07:30:40.571849Z	debug	resource-cache	[kube-public] ===END: Apply request for 0 objects in 0.000003 s
2026-05-23T07:30:40.571846Z	debug	translator	skipping translation for namespace "local-path-storage"	ns=local-path-storage id=ddf8db7c
2026-05-23T07:30:40.571852Z	debug	resource-cache	Batch-based resource tracking disabled, falling back to namespace-based
2026-05-23T07:30:40.571853Z	debug	resource-cache	[local-path-storage] ===BEGIN: Apply request for 0 objects
2026-05-23T07:30:40.571854Z	debug	resource-cache	Delete all objects from the namespace local-path-storage
2026-05-23T07:30:40.571855Z	debug	resource-cache	[local-path-storage] objects previously in k8s api server cache: 0
2026-05-23T07:30:40.571856Z	debug	resource-cache	[local-path-storage] No previous objects at k8s apiserver cache for namespace
2026-05-23T07:30:40.571857Z	debug	resource-cache	[local-path-storage] ===END: Apply request for 0 objects in 0.000004 s
2026-05-23T07:30:40.571854Z	debug	translator	skipping translation for namespace "default"	ns=default id=e03f0a79
2026-05-23T07:30:40.571859Z	debug	resource-cache	Batch-based resource tracking disabled, falling back to namespace-based
2026-05-23T07:30:40.571860Z	debug	resource-cache	[default] ===BEGIN: Apply request for 0 objects
2026-05-23T07:30:40.571861Z	debug	resource-cache	Delete all objects from the namespace default
2026-05-23T07:30:40.571862Z	debug	resource-cache	[default] objects previously in k8s api server cache: 0
2026-05-23T07:30:40.571863Z	debug	resource-cache	[default] No previous objects at k8s apiserver cache for namespace
2026-05-23T07:30:40.571863Z	debug	resource-cache	[default] ===END: Apply request for 0 objects in 0.000003 s
2026-05-23T07:30:40.571864Z	debug	resource-cache	[local-path-storage] ===BEGIN: Apply request for 0 objects
2026-05-23T07:30:40.571865Z	debug	resource-cache	Delete all objects from the namespace local-path-storage
2026-05-23T07:30:40.571866Z	debug	resource-cache	[local-path-storage] objects previously in k8s api server cache: 0
2026-05-23T07:30:40.571867Z	debug	resource-cache	[local-path-storage] No previous objects at k8s apiserver cache for namespace
2026-05-23T07:30:40.571868Z	debug	resource-cache	[local-path-storage] ===END: Apply request for 0 objects in 0.000004 s
2026-05-23T07:30:40.571868Z	debug	resource-cache	[default] ===BEGIN: Apply request for 0 objects
2026-05-23T07:30:40.571869Z	debug	resource-cache	Delete all objects from the namespace default
2026-05-23T07:30:40.571870Z	debug	resource-cache	[default] objects previously in k8s api server cache: 0
2026-05-23T07:30:40.571871Z	debug	resource-cache	[default] No previous objects at k8s apiserver cache for namespace
2026-05-23T07:30:40.571872Z	debug	resource-cache	[default] ===END: Apply request for 0 objects in 0.000004 s
2026-05-23T07:30:40.571872Z	debug	translator	skipping translation for namespace "metallb-system"	ns=metallb-system id=4bd514e6
2026-05-23T07:30:40.571875Z	debug	resource-cache	Batch-based resource tracking disabled, falling back to namespace-based
2026-05-23T07:30:40.571876Z	debug	resource-cache	[metallb-system] ===BEGIN: Apply request for 0 objects
2026-05-23T07:30:40.571877Z	debug	resource-cache	Delete all objects from the namespace metallb-system
2026-05-23T07:30:40.571878Z	debug	resource-cache	[metallb-system] objects previously in k8s api server cache: 0
2026-05-23T07:30:40.571879Z	debug	resource-cache	[metallb-system] No previous objects at k8s apiserver cache for namespace
2026-05-23T07:30:40.571880Z	debug	resource-cache	[metallb-system] ===END: Apply request for 0 objects in 0.000004 s
2026-05-23T07:30:40.571878Z	debug	translator	skipping translation for namespace "cert-manager"	ns=cert-manager id=485208e3
2026-05-23T07:30:40.571881Z	debug	resource-cache	Batch-based resource tracking disabled, falling back to namespace-based
2026-05-23T07:30:40.571889Z	debug	resource-cache	[cert-manager] ===BEGIN: Apply request for 0 objects
2026-05-23T07:30:40.571890Z	debug	resource-cache	Delete all objects from the namespace cert-manager
2026-05-23T07:30:40.571890Z	debug	translator	error while looking up workspace for namespace "tier1": the namespace "tier1" is not mapped to any workspace	ns=tier1 id=ac6dd168
2026-05-23T07:30:40.571891Z	debug	resource-cache	[cert-manager] objects previously in k8s api server cache: 0
2026-05-23T07:30:40.571892Z	debug	resource-cache	[cert-manager] No previous objects at k8s apiserver cache for namespace
2026-05-23T07:30:40.571893Z	debug	translator	failed to lookup workspace for namespace "tier1": the namespace "tier1" is not mapped to any workspace	ns=tier1 id=ac6dd168
2026-05-23T07:30:40.571883Z	debug	resource-cache	[metallb-system] ===BEGIN: Apply request for 0 objects
2026-05-23T07:30:40.571895Z	debug	translator	workspace for namespace "tier1" not found	ns=tier1 id=ac6dd168
2026-05-23T07:30:40.571895Z	debug	resource-cache	Delete all objects from the namespace metallb-system
2026-05-23T07:30:40.571896Z	debug	translator	[ambient] buildEastWestGatewayConfigs: entry point called	ns=tier1 id=ac6dd168
2026-05-23T07:30:40.571897Z	debug	resource-cache	[metallb-system] objects previously in k8s api server cache: 0
2026-05-23T07:30:40.571898Z	debug	resource-cache	[metallb-system] No previous objects at k8s apiserver cache for namespace
2026-05-23T07:30:40.571893Z	debug	resource-cache	[cert-manager] ===END: Apply request for 0 objects in 0.000004 s
2026-05-23T07:30:40.571899Z	debug	resource-cache	[metallb-system] ===END: Apply request for 0 objects in 0.000016 s
2026-05-23T07:30:40.571898Z	debug	translator	[ambient] doBuildEastWestGatewayConfigsforAllWorkspaces: processing 1 workspaces	ns=tier1 id=ac6dd168
2026-05-23T07:30:40.571905Z	debug	translator	[ambient] processing workspace 0: term-ws	ns=tier1 id=ac6dd168
2026-05-23T07:30:40.571907Z	debug	translator	workspace settings for workspace "term-ws" does not have east-west gateway configs defined	ns=tier1 id=ac6dd168
2026-05-23T07:30:40.571909Z	debug	translator	[ambient] workspace term-ws generated 0 regular east-west configs	ns=tier1 id=ac6dd168
2026-05-23T07:30:40.571910Z	debug	translator	[ambient] EnableAmbient=false, skipping ambient hybrid configs for workspace term-ws	ns=tier1 id=ac6dd168
2026-05-23T07:30:40.571911Z	debug	translator	[ambient] doBuildEastWestGatewayConfigsforAllWorkspaces: total generated 0 configs	ns=tier1 id=ac6dd168
2026-05-23T07:30:40.571914Z	debug	translator	error while looking up workspace for namespace "tier1": the namespace "tier1" is not mapped to any workspace	ns=tier1 id=ac6dd168
2026-05-23T07:30:40.571920Z	debug	translator	error while looking up workspace for namespace "tier1": the namespace "tier1" is not mapped to any workspace	ns=tier1 id=ac6dd168
2026-05-23T07:30:40.571922Z	debug	translator	generated configurations: 0 traffic, 0 security, 0 gateway, 0 istio internal	ns=tier1 id=ac6dd168
2026-05-23T07:30:40.571923Z	debug	translator	ew-gen: generating east-west workload entry configs for local services that are exposed for east-west routing	ns=tier1 id=ac6dd168
2026-05-23T07:30:40.571927Z	debug	resource-cache	Batch-based resource tracking disabled, falling back to namespace-based
2026-05-23T07:30:40.571928Z	debug	resource-cache	[tier1] ===BEGIN: Apply request for 0 objects
2026-05-23T07:30:40.571929Z	debug	resource-cache	Delete all objects from the namespace tier1
2026-05-23T07:30:40.571930Z	debug	resource-cache	[tier1] objects previously in k8s api server cache: 0
2026-05-23T07:30:40.571931Z	debug	resource-cache	[tier1] No previous objects at k8s apiserver cache for namespace
2026-05-23T07:30:40.571931Z	debug	resource-cache	[tier1] ===END: Apply request for 0 objects in 0.000003 s
2026-05-23T07:30:40.571932Z	warn	translator	failed to lookup security group for "echo-term": security group not found for namespace echo-term in workspace term-ws	ns=echo-term id=0875570a
2026-05-23T07:30:40.571934Z	debug	translator	security group for namespace "echo-term" not found. applying defaults	ns=echo-term id=0875570a
2026-05-23T07:30:40.571935Z	debug	resource-cache	[tier1] ===BEGIN: Apply request for 0 objects
2026-05-23T07:30:40.571936Z	debug	resource-cache	Delete all objects from the namespace tier1
2026-05-23T07:30:40.571937Z	debug	resource-cache	[tier1] objects previously in k8s api server cache: 0
2026-05-23T07:30:40.571938Z	debug	resource-cache	[tier1] No previous objects at k8s apiserver cache for namespace
2026-05-23T07:30:40.571939Z	debug	resource-cache	[tier1] ===END: Apply request for 0 objects in 0.000003 s
2026-05-23T07:30:40.571903Z	debug	resource-cache	[cert-manager] ===BEGIN: Apply request for 0 objects
2026-05-23T07:30:40.571941Z	debug	resource-cache	Delete all objects from the namespace cert-manager
2026-05-23T07:30:40.571942Z	debug	resource-cache	[cert-manager] objects previously in k8s api server cache: 0
2026-05-23T07:30:40.571943Z	debug	resource-cache	[cert-manager] No previous objects at k8s apiserver cache for namespace
2026-05-23T07:30:40.571944Z	debug	resource-cache	[cert-manager] ===END: Apply request for 0 objects in 0.000041 s
2026-05-23T07:30:40.571944Z	debug	translator	selector is nil means no per-svc security settings, setting it to match_labels:{key:"istio" value:"ingressgateway"}	ns=echo-term id=0875570a
2026-05-23T07:30:40.571954Z	debug	translator	found gateway group (BRIDGED) "tier2-term-gg" for namespace "echo-term"	ns=echo-term id=0875570a
2026-05-23T07:30:40.571961Z	warn	translator	error while getting traffic group for namespace "echo-term": traffic group not found for namespace echo-term in workspace term-ws	ns=echo-term id=0875570a
2026-05-23T07:30:40.571963Z	debug	translator	upstream traffic setting for namespace "echo-term" not found, default settings will be created	ns=echo-term id=0875570a
2026-05-23T07:30:40.571965Z	debug	translator	found gateway group for namespace "echo-term": tier2-term-gg	ns=echo-term id=0875570a
2026-05-23T07:30:40.571908Z	debug	translator	skipping translation for namespace "kube-node-lease"	ns=kube-node-lease id=41e00ff3
2026-05-23T07:30:40.571968Z	debug	resource-cache	Batch-based resource tracking disabled, falling back to namespace-based
2026-05-23T07:30:40.571969Z	debug	resource-cache	[kube-node-lease] ===BEGIN: Apply request for 0 objects
2026-05-23T07:30:40.571970Z	debug	resource-cache	Delete all objects from the namespace kube-node-lease
2026-05-23T07:30:40.571971Z	debug	resource-cache	[kube-node-lease] objects previously in k8s api server cache: 0
2026-05-23T07:30:40.571972Z	debug	resource-cache	[kube-node-lease] No previous objects at k8s apiserver cache for namespace
2026-05-23T07:30:40.571973Z	debug	resource-cache	[kube-node-lease] ===END: Apply request for 0 objects in 0.000004 s
2026-05-23T07:30:40.571978Z	debug	resource-cache	[kube-node-lease] ===BEGIN: Apply request for 0 objects
2026-05-23T07:30:40.571982Z	debug	resource-cache	Delete all objects from the namespace kube-node-lease
2026-05-23T07:30:40.571983Z	debug	resource-cache	[kube-node-lease] objects previously in k8s api server cache: 0
2026-05-23T07:30:40.571984Z	debug	resource-cache	[kube-node-lease] No previous objects at k8s apiserver cache for namespace
2026-05-23T07:30:40.571984Z	debug	resource-cache	[kube-node-lease] ===END: Apply request for 0 objects in 0.000006 s
2026-05-23T07:30:40.572015Z	debug	translator	translating ingress gateway echo-t2-term-gw with 1 servers	ns=echo-term id=0875570a
2026-05-23T07:30:40.572020Z	debug	translator	translating ingress gateway echo-t2-term-gw, http server echo	ns=echo-term id=0875570a
2026-05-23T07:30:40.572026Z	debug	translator	picked HTTP server echo (port 8080) for multicluster routing for hostname echo-term.tetrate.io because it contains at least one route rule	ns=echo-term id=0875570a
2026-05-23T07:30:40.572030Z	debug	translator	translating gateway echo-t2-term-gw http server echo (echo-term.tetrate.io) to virtual service, type external	ns=echo-term id=0875570a
2026-05-23T07:30:40.572035Z	debug	model	cannot find traffic group for the namespace echo-term in workspace term-ws
2026-05-23T07:30:40.572133Z	debug	translator	Authz: No authz on external traffic for "echo-term.tetrate.io"	ns=echo-term id=0875570a
2026-05-23T07:30:40.572148Z	debug	translator	[ambient] buildEastWestGatewayConfigs: entry point called	ns=echo-term id=0875570a
2026-05-23T07:30:40.572150Z	debug	translator	[ambient] doBuildEastWestGatewayConfigsforAllWorkspaces: processing 1 workspaces	ns=echo-term id=0875570a
2026-05-23T07:30:40.572151Z	debug	translator	[ambient] processing workspace 0: term-ws	ns=echo-term id=0875570a
2026-05-23T07:30:40.572152Z	debug	translator	workspace settings for workspace "term-ws" does not have east-west gateway configs defined	ns=echo-term id=0875570a
2026-05-23T07:30:40.572153Z	debug	translator	[ambient] workspace term-ws generated 0 regular east-west configs	ns=echo-term id=0875570a
2026-05-23T07:30:40.572154Z	debug	translator	[ambient] EnableAmbient=false, skipping ambient hybrid configs for workspace term-ws	ns=echo-term id=0875570a
2026-05-23T07:30:40.572155Z	debug	translator	[ambient] doBuildEastWestGatewayConfigsforAllWorkspaces: total generated 0 configs	ns=echo-term id=0875570a
2026-05-23T07:30:40.572157Z	debug	translator	error while looking up istio internal group for namespace "echo-term": istio internal group not found for namespace echo-term in workspace term-ws	ns=echo-term id=0875570a
2026-05-23T07:30:40.572162Z	debug	translator	generated configurations: 2 traffic, 1 security, 4 gateway, 0 istio internal	ns=echo-term id=0875570a
2026-05-23T07:30:40.572163Z	debug	translator	ew-gen: generating east-west workload entry configs for local services that are exposed for east-west routing	ns=echo-term id=0875570a
2026-05-23T07:30:40.572898Z	debug	configapply	Applying 7 istio objects in namespace echo-term
2026-05-23T07:30:40.572906Z	debug	configapply	   networking.istio.io/v1/Sidecar [echo-term/default]
2026-05-23T07:30:40.572907Z	debug	configapply	   networking.istio.io/v1alpha3/EnvoyFilter [echo-term/default-upstream-traffic-setting]
2026-05-23T07:30:40.572908Z	debug	configapply	   security.istio.io/v1/AuthorizationPolicy [echo-term/allow]
2026-05-23T07:30:40.572909Z	debug	configapply	   networking.istio.io/v1alpha3/EnvoyFilter [echo-term/tier2-term-gg-default-upstream-traffic-setting]
2026-05-23T07:30:40.572910Z	debug	configapply	   networking.istio.io/v1/Gateway [echo-term/echo-t2-term-gw]
2026-05-23T07:30:40.572910Z	debug	configapply	   networking.istio.io/v1/VirtualService [echo-term/vs-echo-term-tetrate-io]
2026-05-23T07:30:40.572911Z	debug	configapply	   networking.istio.io/v1alpha3/EnvoyFilter [echo-term/default-allow-echo-t2-term-gw-external-batch0]
2026-05-23T07:30:40.572912Z	debug	resource-cache	[echo-term] ===BEGIN: Apply request for 7 objects
2026-05-23T07:30:40.573008Z	debug	resource-cache	[echo-term] Create for {"type":{"group":"security.istio.io","version":"v1","kind":"AuthorizationPolicy"},"name":"allow","namespace":"echo-term","labels":{"istio.io/rev":"global"},"annotations":{"kubectl.kubernetes.io/last-applied-configuration":"{\"apiVersion\":\"xcp.tetrate.io/v2\",\"kind\":\"Workspace\",\"metadata\":{\"annotations\":{},\"name\":\"term-ws\",\"namespace\":\"xcp-system\"},\"spec\":{\"namespaceSelector\":{\"names\":[\"cluster-0/tier1-term\",\"cluster-1/echo-term\"]}}}\n","xcp.tetrate.io/contentHash":"220b19430e1ce65d95602a2ae611e44f"},"creationTimestamp":"0001-01-01T00:00:00Z","Spec":{"selector":{"matchLabels":{"istio":"ingressgateway"}},"rules":[{"from":[{"source":{"principals":["*"]}}],"to":[{"operation":{"ports":["15443"]}}]}]},"Status":null,"Extra":null}
2026-05-23T07:30:40.573018Z	debug	resource-cache	[echo-term] Create for {"type":{"group":"networking.istio.io","version":"v1","kind":"Sidecar"},"name":"default","namespace":"echo-term","labels":{"istio.io/rev":"global"},"annotations":{"kubectl.kubernetes.io/last-applied-configuration":"{\"apiVersion\":\"xcp.tetrate.io/v2\",\"kind\":\"Workspace\",\"metadata\":{\"annotations\":{},\"name\":\"term-ws\",\"namespace\":\"xcp-system\"},\"spec\":{\"namespaceSelector\":{\"names\":[\"cluster-0/tier1-term\",\"cluster-1/echo-term\"]}}}\n","xcp.tetrate.io/contentHash":"220b19430e1ce65d95602a2ae611e44f"},"creationTimestamp":"0001-01-01T00:00:00Z","Spec":{"egress":[{"hosts":["*/*"]}]},"Status":null,"Extra":null}
2026-05-23T07:30:40.573030Z	debug	resource-cache	[echo-term] Create for {"type":{"group":"networking.istio.io","version":"v1alpha3","kind":"EnvoyFilter"},"name":"default-allow-echo-t2-term-gw-external-batch0","namespace":"echo-term","labels":{"istio.io/rev":"global","xcp.tetrate.io/gatewayGroup":"tier2-term-gg","xcp.tetrate.io/workspace":"term-ws"},"annotations":{"kubectl.kubernetes.io/last-applied-configuration":"{\"apiVersion\":\"gateway.xcp.tetrate.io/v2\",\"kind\":\"IngressGateway\",\"metadata\":{\"annotations\":{},\"labels\":{\"xcp.tetrate.io/gatewayGroup\":\"tier2-term-gg\",\"xcp.tetrate.io/workspace\":\"term-ws\"},\"name\":\"echo-t2-term-gw\",\"namespace\":\"xcp-system\"},\"spec\":{\"http\":[{\"hostname\":\"echo-term.tetrate.io\",\"name\":\"echo\",\"port\":8080,\"routing\":{\"rules\":[{\"route\":{\"host\":\"echo-term/echo-term.echo-term.svc.cluster.local\",\"port\":80}}]}}],\"workloadSelector\":{\"labels\":{\"app\":\"echo-term-gateway\"},\"namespace\":\"echo-term\"}}}\n","xcp.tetrate.io/contentHash":"7a30800c1ec6ccbe0c5b353857e90293"},"creationTimestamp":"0001-01-01T00:00:00Z","Spec":{"workloadSelector":{"labels":{"app":"echo-term-gateway"}},"configPatches":[{"applyTo":"HTTP_FILTER","match":{"context":"GATEWAY","proxy":{"proxyVersion":"^1\\.(22|24|28)(\\.\\d+)?(-.*)?$"},"listener":{"portNumber":8080,"filterChain":{"filter":{"name":"envoy.filters.network.http_connection_manager","subFilter":{"name":"envoy.filters.http.rbac"}}}}},"patch":{"operation":"MERGE","value":{"name":"envoy.filters.http.rbac","typed_config":{"@type":"type.googleapis.com/envoy.extensions.filters.http.rbac.v3.RBAC","rules":{"policies":{"echo-term-echo-t2-term-gw-echo":{"permissions":[{"and_rules":{"rules":[{"or_rules":{"rules":[{"header":{"name":":authority","string_match":{"exact":"echo-term.tetrate.io","ignore_case":true}}},{"header":{"name":":authority","string_match":{"exact":"echo-term.tetrate.io:8080","ignore_case":true}}}]}},{"or_rules":{"rules":[{"destination_port":8080}]}}]}}],"principals":[{"and_ids":{"ids":[{"any":true}]}}]}}}}}}}],"priority":-2000},"Status":null,"Extra":null}
2026-05-23T07:30:40.573037Z	debug	configapply	computed hash for Sidecar:echo-term/default - 70cf1206d3284c26c17024a87c57be8e
2026-05-23T07:30:40.573041Z	debug	configapply	computed hash for AuthorizationPolicy:echo-term/allow - 8c65f8421c3431e4ef3784484e3ef261
2026-05-23T07:30:40.573042Z	debug	discovery-server	same hash so neither creating nor updating
2026-05-23T07:30:40.573046Z	debug	discovery-server	same hash so neither creating nor updating
2026-05-23T07:30:40.573048Z	debug	resource-cache	[echo-term] objects previously in k8s api server cache: 7
2026-05-23T07:30:40.573063Z	debug	resource-cache	[echo-term] stale resources to be deleted []
2026-05-23T07:30:40.573047Z	debug	resource-cache	[echo-term] Create for {"type":{"group":"networking.istio.io","version":"v1","kind":"Gateway"},"name":"echo-t2-term-gw","namespace":"echo-term","labels":{"istio.io/rev":"global","xcp.tetrate.io/gatewayGroup":"tier2-term-gg","xcp.tetrate.io/workspace":"term-ws"},"annotations":{"kubectl.kubernetes.io/last-applied-configuration":"{\"apiVersion\":\"gateway.xcp.tetrate.io/v2\",\"kind\":\"IngressGateway\",\"metadata\":{\"annotations\":{},\"labels\":{\"xcp.tetrate.io/gatewayGroup\":\"tier2-term-gg\",\"xcp.tetrate.io/workspace\":\"term-ws\"},\"name\":\"echo-t2-term-gw\",\"namespace\":\"xcp-system\"},\"spec\":{\"http\":[{\"hostname\":\"echo-term.tetrate.io\",\"name\":\"echo\",\"port\":8080,\"routing\":{\"rules\":[{\"route\":{\"host\":\"echo-term/echo-term.echo-term.svc.cluster.local\",\"port\":80}}]}}],\"workloadSelector\":{\"labels\":{\"app\":\"echo-term-gateway\"},\"namespace\":\"echo-term\"}}}\n","xcp.tetrate.io/contentHash":"7a30800c1ec6ccbe0c5b353857e90293"},"creationTimestamp":"0001-01-01T00:00:00Z","Spec":{"servers":[{"port":{"number":8080,"protocol":"HTTP","name":"http-echo"},"hosts":["echo-term/echo-term.tetrate.io"],"name":"echo"},{"port":{"number":15443,"protocol":"HTTPS","name":"mtls-echo"},"hosts":["echo-term/echo-term.tetrate.io"],"tls":{"mode":"ISTIO_MUTUAL"},"name":"echo-mtls"}],"selector":{"app":"echo-term-gateway"}},"Status":null,"Extra":null}
2026-05-23T07:30:40.573104Z	debug	configapply	computed hash for EnvoyFilter:echo-term/default-allow-echo-t2-term-gw-external-batch0 - 927e14370db8eee6b10f33b22f2a997e
2026-05-23T07:30:40.573118Z	debug	discovery-server	same hash so neither creating nor updating
2026-05-23T07:30:40.573108Z	debug	configapply	computed hash for Gateway:echo-term/echo-t2-term-gw - e1ab8ad4f6be128c4904e6f0a06a7dd9
2026-05-23T07:30:40.573122Z	debug	discovery-server	same hash so neither creating nor updating
2026-05-23T07:30:40.573123Z	debug	resource-cache	[echo-term] Create for {"type":{"group":"networking.istio.io","version":"v1alpha3","kind":"EnvoyFilter"},"name":"default-upstream-traffic-setting","namespace":"echo-term","labels":{"istio.io/rev":"global"},"annotations":{"kubectl.kubernetes.io/last-applied-configuration":"{\"apiVersion\":\"xcp.tetrate.io/v2\",\"kind\":\"Workspace\",\"metadata\":{\"annotations\":{},\"name\":\"term-ws\",\"namespace\":\"xcp-system\"},\"spec\":{\"namespaceSelector\":{\"names\":[\"cluster-0/tier1-term\",\"cluster-1/echo-term\"]}}}\n","xcp.tetrate.io/contentHash":"220b19430e1ce65d95602a2ae611e44f"},"creationTimestamp":"0001-01-01T00:00:00Z","Spec":{"configPatches":[{"applyTo":"CLUSTER","match":{"context":"SIDECAR_OUTBOUND","proxy":{"proxyVersion":"^1\\.(22|24|28)(\\.\\d+)?(-.*)?$"}},"patch":{"operation":"MERGE","value":{"@type":"type.googleapis.com/envoy.config.cluster.v3.Cluster","common_lb_config":{"healthy_panic_threshold":{}},"outlier_detection":{"consecutive_gateway_failure":10,"enforcing_consecutive_5xx":0,"enforcing_consecutive_gateway_failure":100,"max_ejection_percent":100}}}},{"applyTo":"HTTP_ROUTE","match":{"context":"SIDECAR_OUTBOUND","proxy":{"proxyVersion":"^1\\.(22|24|28)(\\.\\d+)?(-.*)?$"},"routeConfiguration":{"vhost":{"route":{"action":"ROUTE"}}}},"patch":{"operation":"MERGE","value":{"@type":"type.googleapis.com/envoy.config.route.v3.Route","route":{"retry_policy":{"host_selection_retry_max_attempts":"5","num_retries":2,"retriable_status_codes":[503],"retry_host_predicate":[{"name":"envoy.retry_host_predicates.previous_hosts","typed_config":{"@type":"type.googleapis.com/envoy.extensions.retry.host.previous_hosts.v3.PreviousHostsPredicate"}}],"retry_on":"reset,connect-failure,refused-stream,unavailable,cancelled,retriable-status-codes"}}}}}],"priority":100},"Status":null,"Extra":null}
2026-05-23T07:30:40.573177Z	debug	resource-cache	[echo-term] Create for {"type":{"group":"networking.istio.io","version":"v1","kind":"VirtualService"},"name":"vs-echo-term-tetrate-io","namespace":"echo-term","labels":{"istio.io/rev":"global","xcp.tetrate.io/gatewayGroup":"tier2-term-gg","xcp.tetrate.io/workspace":"term-ws"},"annotations":{"kubectl.kubernetes.io/last-applied-configuration":"{\"apiVersion\":\"gateway.xcp.tetrate.io/v2\",\"kind\":\"IngressGateway\",\"metadata\":{\"annotations\":{},\"labels\":{\"xcp.tetrate.io/gatewayGroup\":\"tier2-term-gg\",\"xcp.tetrate.io/workspace\":\"term-ws\"},\"name\":\"echo-t2-term-gw\",\"namespace\":\"xcp-system\"},\"spec\":{\"http\":[{\"hostname\":\"echo-term.tetrate.io\",\"name\":\"echo\",\"port\":8080,\"routing\":{\"rules\":[{\"route\":{\"host\":\"echo-term/echo-term.echo-term.svc.cluster.local\",\"port\":80}}]}}],\"workloadSelector\":{\"labels\":{\"app\":\"echo-term-gateway\"},\"namespace\":\"echo-term\"}}}\n","xcp.tetrate.io/contentHash":"7a30800c1ec6ccbe0c5b353857e90293"},"creationTimestamp":"0001-01-01T00:00:00Z","Spec":{"hosts":["echo-term.tetrate.io"],"gateways":["echo-term/echo-t2-term-gw"],"http":[{"name":"echo-t2-term-gw-echo-0","match":[{"port":8080},{"port":15443}],"route":[{"destination":{"host":"echo-term.echo-term.svc.cluster.local","port":{"number":80}},"weight":100}]}],"exportTo":["."]},"Status":null,"Extra":null}
2026-05-23T07:30:40.573190Z	debug	configapply	computed hash for EnvoyFilter:echo-term/default-upstream-traffic-setting - 14645e3efdd68386f959e9db371e7301
2026-05-23T07:30:40.573193Z	debug	discovery-server	same hash so neither creating nor updating
2026-05-23T07:30:40.573123Z	debug	resource-cache	[echo-term] Create for {"type":{"group":"networking.istio.io","version":"v1alpha3","kind":"EnvoyFilter"},"name":"tier2-term-gg-default-upstream-traffic-setting","namespace":"echo-term","labels":{"istio.io/rev":"global"},"annotations":{"kubectl.kubernetes.io/last-applied-configuration":"{\"apiVersion\":\"xcp.tetrate.io/v2\",\"kind\":\"Workspace\",\"metadata\":{\"annotations\":{},\"name\":\"term-ws\",\"namespace\":\"xcp-system\"},\"spec\":{\"namespaceSelector\":{\"names\":[\"cluster-0/tier1-term\",\"cluster-1/echo-term\"]}}}\n","xcp.tetrate.io/contentHash":"220b19430e1ce65d95602a2ae611e44f"},"creationTimestamp":"0001-01-01T00:00:00Z","Spec":{"configPatches":[{"applyTo":"CLUSTER","match":{"context":"GATEWAY","proxy":{"proxyVersion":"^1\\.(22|24|28)(\\.\\d+)?(-.*)?$"}},"patch":{"operation":"MERGE","value":{"@type":"type.googleapis.com/envoy.config.cluster.v3.Cluster","common_lb_config":{"healthy_panic_threshold":{}},"outlier_detection":{"consecutive_gateway_failure":10,"enforcing_consecutive_5xx":0,"enforcing_consecutive_gateway_failure":100,"max_ejection_percent":100}}}},{"applyTo":"HTTP_ROUTE","match":{"context":"GATEWAY","proxy":{"proxyVersion":"^1\\.(22|24|28)(\\.\\d+)?(-.*)?$"},"routeConfiguration":{"vhost":{"route":{"action":"ROUTE"}}}},"patch":{"operation":"MERGE","value":{"@type":"type.googleapis.com/envoy.config.route.v3.Route","route":{"retry_policy":{"host_selection_retry_max_attempts":"5","num_retries":2,"retriable_status_codes":[503],"retry_host_predicate":[{"name":"envoy.retry_host_predicates.previous_hosts","typed_config":{"@type":"type.googleapis.com/envoy.extensions.retry.host.previous_hosts.v3.PreviousHostsPredicate"}}],"retry_on":"reset,connect-failure,refused-stream,unavailable,cancelled,retriable-status-codes"}}}}}],"priority":100},"Status":null,"Extra":null}
2026-05-23T07:30:40.573215Z	debug	configapply	computed hash for VirtualService:echo-term/vs-echo-term-tetrate-io - 96c5e597e3b0e45741fe5d22a27e958a
2026-05-23T07:30:40.573222Z	debug	discovery-server	same hash so neither creating nor updating
2026-05-23T07:30:40.573247Z	debug	configapply	computed hash for EnvoyFilter:echo-term/tier2-term-gg-default-upstream-traffic-setting - 4f9a6697acdcca0723b42f9f050bddf9
2026-05-23T07:30:40.573253Z	debug	discovery-server	same hash so neither creating nor updating
2026-05-23T07:30:40.573258Z	debug	resource-cache	[echo-term] ResourceCache length 11
2026-05-23T07:30:40.573260Z	debug	resource-cache	[echo-term] ===END: Apply request for 7 objects in 0.000347 s
2026-05-23T07:30:40.573267Z	debug	cluster-state	Triggering cluster state change event due to config, at 2026-05-23 07:30:39.57037288 +0000 UTC m=+95267.316332793 (force regenerate config = map[]). Resources: []
2026-05-23T07:30:42.571965Z	debug	debounce	resetting maxSilentCurrent. updated: 1s	id=0ae90c02
2026-05-23T07:30:45.359628Z	debug	security	Read provided XCP Central certificate chain:
-----BEGIN CERTIFICATE-----
MIIFbTCCA1WgAwIBAgIUBD0/+0EfuEYZvVjrKE5cvNEja8swDQYJKoZIhvcNAQEL
BQAwRjELMAkGA1UEBhMCVVMxCzAJBgNVBAgMAkNBMRAwDgYDVQQKDAdUZXRyYXRl
MRgwFgYDVQQDDA9YQ1AtZTJlLXRlc3QtY2EwHhcNMjQwNjE3MTMxMjAzWhcNMzQw
NjE1MTMxMjAzWjBGMQswCQYDVQQGEwJVUzELMAkGA1UECAwCQ0ExEDAOBgNVBAoM
B1RldHJhdGUxGDAWBgNVBAMMD1hDUC1lMmUtdGVzdC1jYTCCAiIwDQYJKoZIhvcN
AQEBBQADggIPADCCAgoCggIBAIkO9mBBITqNjJed3zjKhu15p4EkX7qkDaKQjQdu
9zEvocDbtZU81ibmjuQFlL0vAiqHfKA8nUXKdidI9xHNdS7xUp3IlZoEFWX1jBUD
SLgQooe8BIIcEXfkVO019jLfMbDB5tQ6jzsjZ4F3ER5wh5rkLhEfbvq4ZiF3zQD/
82LDU5vwJ91qDWCHl8og9rla5MaAX2fTZhkQUQJiDip9uZ0Ft5lai1fKq8gICrod
4iPfiZH6sJB5cTC/aHd8CHY3FrJp8ZuGhZQzaV6PvfdFsCr+EISDlCkNdlNov7hA
Z8F8bRGrEqPAcYsS/Kk94oLAQBW7YvTPBrFnDWmyMnaKjCLGqTHmAY3tTrSI31lb
rnNakF2EGziOwNjxsI84d61U6KFtXMtsgKCNJr/MORVS/0f9yA7Q0WE5bEdx24m9
+qaWnMd5FtjC38GEALfSmo9YN3+Q+M+hdfipPKpv0khjHX7yPTrFvAOHi1wsy3Hj
1OdDFr/H9pG12DnlToVruVDfr5xypoWNK8pf2utZcMOcBzdfMNAVCqeE84BrPu2c
8mHinMfWX10X14nd2gdMUYyBgGqJGqiLuFMdthyCWpmg9BbYK013Esn36v8ap7gE
/VIiY/YTYNtmKE12IhBDa+y6izBXo69OAMB7iZHPDW5lnAXKfpGtaZO+9pqrTCI0
vdNTAgMBAAGjUzBRMB0GA1UdDgQWBBSlvheSoWwG4xtqKfuEWkYlmN0YbTAfBgNV
HSMEGDAWgBSlvheSoWwG4xtqKfuEWkYlmN0YbTAPBgNVHRMBAf8EBTADAQH/MA0G
CSqGSIb3DQEBCwUAA4ICAQACp7Yw/dQGSinvV0Z5kYjugapyBE7iIpyqRh2UgYzz
HT3bcXfSz95YO/TB+utF1C8g4yqxW8b5G0EIRgg9uqtxvrGmK18o6x2N1GEeCcfU
ke2xqrOP7dpWk3uwT2aeJN/LjfqR2KADscKtD7V5EN8v3JgH3Ul0M5g9RalaEppv
yQr0H9B8sdxRawIxD+HO1S/lsQhlGGCmgTQQF23gRmL1oxwR3Mujx9Se2NHZi0ha
fcyll1OLtUxsD6cNjwiqoiv5J1TV9Ukux2tyO/gQmdheuyZoKt6+lObL8DIStQuK
IGcaX7mMKGMD7URAR4crUSP6AFHZ4tRJ7Ryu0vv2+JBjH24LVM8PIHQYqgnAohar
7n/laa7bXlKueuTo7EAVGTYPnV/CGYm/MKJ1cYll/aRBFYcU4m+fOF4AAOo/8umu
kFFHbv+Abnei/pEYb77vsBaHE68gT5YLM/pY/6XXa2+UVROCBQXbLps/0GZk2FTS
tHKBteLYBVia9F7HSAP1wAl4qt+r7D7wm9gtchwp2vqNI6vMJYHSDbjk9q255DVs
Tew5/zH2PlvDaNMyLCnueC9VzFqBou/ZDmqUyOAlxDr4VC5NwnbgT8eyqcwlip3Y
9IWjGcTB5TSlndw5NVe48g1UTtR5Ji7mRyZxtLjLu0JPby9UJeM7ouJ+/y6ybh3U
oQ==
-----END CERTIFICATE-----

2026-05-23T07:30:45.359762Z	info	grpc-client	Fetched CA certificates required to verify connection to central
2026-05-23T07:30:46.360230Z	error	stream	[config-status] Error receiving on stream: gRPC status code Unavailable: closing transport due to: connection error: desc = "error reading from server: EOF", received prior goaway: code: ENHANCE_YOUR_CALM, debug data: "too_many_pings"	name=config-status-5ee97d88
2026-05-23T07:30:46.360260Z	debug	stream	[config-status] canceling context	name=config-status-5ee97d88
2026-05-23T07:30:46.360264Z	debug	stream	[config-status] wg wait	name=config-status-5ee97d88
2026-05-23T07:30:46.360273Z	error	stream	[config-status] Error sending on stream: sendFunc returning on exit	name=config-status-5ee97d88
2026-05-23T07:30:46.360277Z	warn	stream	[config-status] Error sending on stream: sendFunc returning on exit	name=config-status-5ee97d88
2026-05-23T07:30:46.360279Z	debug	stream	[config-status] closing stream	name=config-status-5ee97d88
2026-05-23T07:30:46.360280Z	debug	stream	[config-status] sending CloseSend	name=config-status-5ee97d88
2026-05-23T07:30:46.360284Z	info	stream	[config-status] closed stream, err=<nil>	name=config-status-5ee97d88
2026-05-23T07:30:46.360285Z	info	stream	[config-status] establishing new stream	name=config-status-5ee97d88
2026-05-23T07:30:46.360289Z	info	stream	[config-status] connecting new permanent stream with max age 8760h0m0s	name=config-status-5ee97d88
2026-05-23T07:30:46.360395Z	info	discovery-server	Connecting to XCP central using JWT auth
2026-05-23T07:30:46.360439Z	debug	security	Read provided XCP Central certificate chain:
-----BEGIN CERTIFICATE-----
MIIFbTCCA1WgAwIBAgIUBD0/+0EfuEYZvVjrKE5cvNEja8swDQYJKoZIhvcNAQEL
BQAwRjELMAkGA1UEBhMCVVMxCzAJBgNVBAgMAkNBMRAwDgYDVQQKDAdUZXRyYXRl
MRgwFgYDVQQDDA9YQ1AtZTJlLXRlc3QtY2EwHhcNMjQwNjE3MTMxMjAzWhcNMzQw
NjE1MTMxMjAzWjBGMQswCQYDVQQGEwJVUzELMAkGA1UECAwCQ0ExEDAOBgNVBAoM
B1RldHJhdGUxGDAWBgNVBAMMD1hDUC1lMmUtdGVzdC1jYTCCAiIwDQYJKoZIhvcN
AQEBBQADggIPADCCAgoCggIBAIkO9mBBITqNjJed3zjKhu15p4EkX7qkDaKQjQdu
9zEvocDbtZU81ibmjuQFlL0vAiqHfKA8nUXKdidI9xHNdS7xUp3IlZoEFWX1jBUD
SLgQooe8BIIcEXfkVO019jLfMbDB5tQ6jzsjZ4F3ER5wh5rkLhEfbvq4ZiF3zQD/
82LDU5vwJ91qDWCHl8og9rla5MaAX2fTZhkQUQJiDip9uZ0Ft5lai1fKq8gICrod
4iPfiZH6sJB5cTC/aHd8CHY3FrJp8ZuGhZQzaV6PvfdFsCr+EISDlCkNdlNov7hA
Z8F8bRGrEqPAcYsS/Kk94oLAQBW7YvTPBrFnDWmyMnaKjCLGqTHmAY3tTrSI31lb
rnNakF2EGziOwNjxsI84d61U6KFtXMtsgKCNJr/MORVS/0f9yA7Q0WE5bEdx24m9
+qaWnMd5FtjC38GEALfSmo9YN3+Q+M+hdfipPKpv0khjHX7yPTrFvAOHi1wsy3Hj
1OdDFr/H9pG12DnlToVruVDfr5xypoWNK8pf2utZcMOcBzdfMNAVCqeE84BrPu2c
8mHinMfWX10X14nd2gdMUYyBgGqJGqiLuFMdthyCWpmg9BbYK013Esn36v8ap7gE
/VIiY/YTYNtmKE12IhBDa+y6izBXo69OAMB7iZHPDW5lnAXKfpGtaZO+9pqrTCI0
vdNTAgMBAAGjUzBRMB0GA1UdDgQWBBSlvheSoWwG4xtqKfuEWkYlmN0YbTAfBgNV
HSMEGDAWgBSlvheSoWwG4xtqKfuEWkYlmN0YbTAPBgNVHRMBAf8EBTADAQH/MA0G
CSqGSIb3DQEBCwUAA4ICAQACp7Yw/dQGSinvV0Z5kYjugapyBE7iIpyqRh2UgYzz
HT3bcXfSz95YO/TB+utF1C8g4yqxW8b5G0EIRgg9uqtxvrGmK18o6x2N1GEeCcfU
ke2xqrOP7dpWk3uwT2aeJN/LjfqR2KADscKtD7V5EN8v3JgH3Ul0M5g9RalaEppv
yQr0H9B8sdxRawIxD+HO1S/lsQhlGGCmgTQQF23gRmL1oxwR3Mujx9Se2NHZi0ha
fcyll1OLtUxsD6cNjwiqoiv5J1TV9Ukux2tyO/gQmdheuyZoKt6+lObL8DIStQuK
IGcaX7mMKGMD7URAR4crUSP6AFHZ4tRJ7Ryu0vv2+JBjH24LVM8PIHQYqgnAohar
7n/laa7bXlKueuTo7EAVGTYPnV/CGYm/MKJ1cYll/aRBFYcU4m+fOF4AAOo/8umu
kFFHbv+Abnei/pEYb77vsBaHE68gT5YLM/pY/6XXa2+UVROCBQXbLps/0GZk2FTS
tHKBteLYBVia9F7HSAP1wAl4qt+r7D7wm9gtchwp2vqNI6vMJYHSDbjk9q255DVs
Tew5/zH2PlvDaNMyLCnueC9VzFqBou/ZDmqUyOAlxDr4VC5NwnbgT8eyqcwlip3Y
9IWjGcTB5TSlndw5NVe48g1UTtR5Ji7mRyZxtLjLu0JPby9UJeM7ouJ+/y6ybh3U
oQ==
-----END CERTIFICATE-----

2026-05-23T07:30:46.360477Z	info	grpc-client	Fetched CA certificates required to verify connection to central
2026-05-23T07:30:46.360488Z	debug	security	Read provided XCP Central certificate chain:
-----BEGIN CERTIFICATE-----
MIIFbTCCA1WgAwIBAgIUBD0/+0EfuEYZvVjrKE5cvNEja8swDQYJKoZIhvcNAQEL
BQAwRjELMAkGA1UEBhMCVVMxCzAJBgNVBAgMAkNBMRAwDgYDVQQKDAdUZXRyYXRl
MRgwFgYDVQQDDA9YQ1AtZTJlLXRlc3QtY2EwHhcNMjQwNjE3MTMxMjAzWhcNMzQw
NjE1MTMxMjAzWjBGMQswCQYDVQQGEwJVUzELMAkGA1UECAwCQ0ExEDAOBgNVBAoM
B1RldHJhdGUxGDAWBgNVBAMMD1hDUC1lMmUtdGVzdC1jYTCCAiIwDQYJKoZIhvcN
AQEBBQADggIPADCCAgoCggIBAIkO9mBBITqNjJed3zjKhu15p4EkX7qkDaKQjQdu
9zEvocDbtZU81ibmjuQFlL0vAiqHfKA8nUXKdidI9xHNdS7xUp3IlZoEFWX1jBUD
SLgQooe8BIIcEXfkVO019jLfMbDB5tQ6jzsjZ4F3ER5wh5rkLhEfbvq4ZiF3zQD/
82LDU5vwJ91qDWCHl8og9rla5MaAX2fTZhkQUQJiDip9uZ0Ft5lai1fKq8gICrod
4iPfiZH6sJB5cTC/aHd8CHY3FrJp8ZuGhZQzaV6PvfdFsCr+EISDlCkNdlNov7hA
Z8F8bRGrEqPAcYsS/Kk94oLAQBW7YvTPBrFnDWmyMnaKjCLGqTHmAY3tTrSI31lb
rnNakF2EGziOwNjxsI84d61U6KFtXMtsgKCNJr/MORVS/0f9yA7Q0WE5bEdx24m9
+qaWnMd5FtjC38GEALfSmo9YN3+Q+M+hdfipPKpv0khjHX7yPTrFvAOHi1wsy3Hj
1OdDFr/H9pG12DnlToVruVDfr5xypoWNK8pf2utZcMOcBzdfMNAVCqeE84BrPu2c
8mHinMfWX10X14nd2gdMUYyBgGqJGqiLuFMdthyCWpmg9BbYK013Esn36v8ap7gE
/VIiY/YTYNtmKE12IhBDa+y6izBXo69OAMB7iZHPDW5lnAXKfpGtaZO+9pqrTCI0
vdNTAgMBAAGjUzBRMB0GA1UdDgQWBBSlvheSoWwG4xtqKfuEWkYlmN0YbTAfBgNV
HSMEGDAWgBSlvheSoWwG4xtqKfuEWkYlmN0YbTAPBgNVHRMBAf8EBTADAQH/MA0G
CSqGSIb3DQEBCwUAA4ICAQACp7Yw/dQGSinvV0Z5kYjugapyBE7iIpyqRh2UgYzz
HT3bcXfSz95YO/TB+utF1C8g4yqxW8b5G0EIRgg9uqtxvrGmK18o6x2N1GEeCcfU
ke2xqrOP7dpWk3uwT2aeJN/LjfqR2KADscKtD7V5EN8v3JgH3Ul0M5g9RalaEppv
yQr0H9B8sdxRawIxD+HO1S/lsQhlGGCmgTQQF23gRmL1oxwR3Mujx9Se2NHZi0ha
fcyll1OLtUxsD6cNjwiqoiv5J1TV9Ukux2tyO/gQmdheuyZoKt6+lObL8DIStQuK
IGcaX7mMKGMD7URAR4crUSP6AFHZ4tRJ7Ryu0vv2+JBjH24LVM8PIHQYqgnAohar
7n/laa7bXlKueuTo7EAVGTYPnV/CGYm/MKJ1cYll/aRBFYcU4m+fOF4AAOo/8umu
kFFHbv+Abnei/pEYb77vsBaHE68gT5YLM/pY/6XXa2+UVROCBQXbLps/0GZk2FTS
tHKBteLYBVia9F7HSAP1wAl4qt+r7D7wm9gtchwp2vqNI6vMJYHSDbjk9q255DVs
Tew5/zH2PlvDaNMyLCnueC9VzFqBou/ZDmqUyOAlxDr4VC5NwnbgT8eyqcwlip3Y
9IWjGcTB5TSlndw5NVe48g1UTtR5Ji7mRyZxtLjLu0JPby9UJeM7ouJ+/y6ybh3U
oQ==
-----END CERTIFICATE-----

2026-05-23T07:30:46.360499Z	info	grpc-client	Fetched CA certificates required to verify connection to central
2026-05-23T07:30:46.361048Z	debug	security	Read provided XCP Central certificate chain:
-----BEGIN CERTIFICATE-----
MIIFbTCCA1WgAwIBAgIUBD0/+0EfuEYZvVjrKE5cvNEja8swDQYJKoZIhvcNAQEL
BQAwRjELMAkGA1UEBhMCVVMxCzAJBgNVBAgMAkNBMRAwDgYDVQQKDAdUZXRyYXRl
MRgwFgYDVQQDDA9YQ1AtZTJlLXRlc3QtY2EwHhcNMjQwNjE3MTMxMjAzWhcNMzQw
NjE1MTMxMjAzWjBGMQswCQYDVQQGEwJVUzELMAkGA1UECAwCQ0ExEDAOBgNVBAoM
B1RldHJhdGUxGDAWBgNVBAMMD1hDUC1lMmUtdGVzdC1jYTCCAiIwDQYJKoZIhvcN
AQEBBQADggIPADCCAgoCggIBAIkO9mBBITqNjJed3zjKhu15p4EkX7qkDaKQjQdu
9zEvocDbtZU81ibmjuQFlL0vAiqHfKA8nUXKdidI9xHNdS7xUp3IlZoEFWX1jBUD
SLgQooe8BIIcEXfkVO019jLfMbDB5tQ6jzsjZ4F3ER5wh5rkLhEfbvq4ZiF3zQD/
82LDU5vwJ91qDWCHl8og9rla5MaAX2fTZhkQUQJiDip9uZ0Ft5lai1fKq8gICrod
4iPfiZH6sJB5cTC/aHd8CHY3FrJp8ZuGhZQzaV6PvfdFsCr+EISDlCkNdlNov7hA
Z8F8bRGrEqPAcYsS/Kk94oLAQBW7YvTPBrFnDWmyMnaKjCLGqTHmAY3tTrSI31lb
rnNakF2EGziOwNjxsI84d61U6KFtXMtsgKCNJr/MORVS/0f9yA7Q0WE5bEdx24m9
+qaWnMd5FtjC38GEALfSmo9YN3+Q+M+hdfipPKpv0khjHX7yPTrFvAOHi1wsy3Hj
1OdDFr/H9pG12DnlToVruVDfr5xypoWNK8pf2utZcMOcBzdfMNAVCqeE84BrPu2c
8mHinMfWX10X14nd2gdMUYyBgGqJGqiLuFMdthyCWpmg9BbYK013Esn36v8ap7gE
/VIiY/YTYNtmKE12IhBDa+y6izBXo69OAMB7iZHPDW5lnAXKfpGtaZO+9pqrTCI0
vdNTAgMBAAGjUzBRMB0GA1UdDgQWBBSlvheSoWwG4xtqKfuEWkYlmN0YbTAfBgNV
HSMEGDAWgBSlvheSoWwG4xtqKfuEWkYlmN0YbTAPBgNVHRMBAf8EBTADAQH/MA0G
CSqGSIb3DQEBCwUAA4ICAQACp7Yw/dQGSinvV0Z5kYjugapyBE7iIpyqRh2UgYzz
HT3bcXfSz95YO/TB+utF1C8g4yqxW8b5G0EIRgg9uqtxvrGmK18o6x2N1GEeCcfU
ke2xqrOP7dpWk3uwT2aeJN/LjfqR2KADscKtD7V5EN8v3JgH3Ul0M5g9RalaEppv
yQr0H9B8sdxRawIxD+HO1S/lsQhlGGCmgTQQF23gRmL1oxwR3Mujx9Se2NHZi0ha
fcyll1OLtUxsD6cNjwiqoiv5J1TV9Ukux2tyO/gQmdheuyZoKt6+lObL8DIStQuK
IGcaX7mMKGMD7URAR4crUSP6AFHZ4tRJ7Ryu0vv2+JBjH24LVM8PIHQYqgnAohar
7n/laa7bXlKueuTo7EAVGTYPnV/CGYm/MKJ1cYll/aRBFYcU4m+fOF4AAOo/8umu
kFFHbv+Abnei/pEYb77vsBaHE68gT5YLM/pY/6XXa2+UVROCBQXbLps/0GZk2FTS
tHKBteLYBVia9F7HSAP1wAl4qt+r7D7wm9gtchwp2vqNI6vMJYHSDbjk9q255DVs
Tew5/zH2PlvDaNMyLCnueC9VzFqBou/ZDmqUyOAlxDr4VC5NwnbgT8eyqcwlip3Y
9IWjGcTB5TSlndw5NVe48g1UTtR5Ji7mRyZxtLjLu0JPby9UJeM7ouJ+/y6ybh3U
oQ==
-----END CERTIFICATE-----

2026-05-23T07:30:46.361096Z	info	grpc-client	Fetched CA certificates required to verify connection to central
2026-05-23T07:30:46.363641Z	info	stream	[config-status] connected	name=config-status-5ee97d88
2026-05-23T07:30:46.363654Z	debug	stream	[config-status] Spawning cluster statusLabel send goroutine	name=config-status-5ee97d88
2026-05-23T07:30:46.363669Z	debug	status	re-triggering status report on connect
2026-05-23T07:30:46.363673Z	debug	status	sent-epoch(63) matches generated-epoch(63) and hence skipping
2026-05-23T07:30:50.573921Z	debug	debounce	notify cbk invoked	id=c8a91734
2026-05-23T07:30:50.573969Z	debug	debounce	notify cbk returned	id=c8a91734
2026-05-23T07:30:50.573977Z	debug	debounce	Applying exponential step-up. maxSilentCurrent updated to: 10s	id=c8a91734
2026-05-23T07:30:50.573990Z	debug	debounce	notify cbk invoked	id=350e9435
2026-05-23T07:30:50.573999Z	info	cluster-state	processClusterStateChangeEvents: cluster-eventid: 2026-05-23 07:30:39.57037288 +0000 UTC m=+95267.316332793 and 0 more, queue length: 0, reasons: config,, forceConfigRegenReasons: map[], resources: []
2026-05-23T07:30:50.574001Z	debug	cluster-state	handleClusterStateChangedEvent: Trigger reasons: config,, Forced translation: map[], Resources: []
2026-05-23T07:30:50.574020Z	debug	cluster-gen	istioServices: 12
2026-05-23T07:30:50.574044Z	debug	cluster-gen	Ignoring service kube-system/kube-dns
2026-05-23T07:30:50.574084Z	debug	cluster-state	found Istio IsolationBoundary for Namespace "echo-term" with Revision "stable"
2026-05-23T07:30:50.574095Z	debug	cluster-gen	Ignoring service kube-system/metrics-server
2026-05-23T07:30:50.574096Z	debug	cluster-state	found Istio IsolationBoundary for Namespace "echo-term" with Revision "stable"
2026-05-23T07:30:50.574108Z	debug	cluster-gen	Not a gateway service echo-term/echo-term
2026-05-23T07:30:50.574113Z	info	cluster-gen	Gateway service instances for echo-term/echo-term-gateway: 1
2026-05-23T07:30:50.574122Z	debug	cluster-gen	Getting XCP services for possible gateway service echo-term-gateway.echo-term.svc.cluster.local, labels map[app:echo-term-gateway istio:ingressgateway]
2026-05-23T07:30:50.574129Z	debug	cluster-gen	found k8s svc matching ingress gateway - echo-t2-term-gw
2026-05-23T07:30:50.574093Z	info	no portname specified for service metallb-webhook-service.metallb-system.svc.cluster.local port 443. no endpoints will be detected
2026-05-23T07:30:50.574139Z	info	no portname specified for service metallb-webhook-service.metallb-system.svc.cluster.local port 443. no endpoints will be detected
2026-05-23T07:30:50.574131Z	debug	cluster-gen	found ingress gateway http host echo-term.tetrate.io for service echo-term-gateway.echo-term.svc.cluster.local
2026-05-23T07:30:50.574147Z	debug	config-status	Explanation of the decision flow for the Config Status of "gateway.xcp.tetrate.io/GatewayGroup" "tier2-term-gg" version ""
Q: Is the config type "gateway.xcp.tetrate.io/v2/GatewayGroup" supported by XCP?
A: Yes
Q: Is it an internal config of XCP?
A: No
Q: Is this config object managed by XCP?
A: Yes
Q: Did the Push Context report an ERROR for this config?
A: No
Q: Did the Push Context IGNORE this config?
A: No
Q: Does the namespace selector resolve into at least ONE namespace in this cluster?
A: Yes
I: Checking the config status in each of the 1 target namespace(s): [echo-term]
I: [1/1] verdict in "echo-term" namespace: Config Status is APPLIED since there were NO translation errors and the config IS mapped onto output config(s)
I: Status summary across 1 target namespace(s): APPLIED in 1 namespace(s)
I: Using "lenient" strategy to decide on the aggregated status across 1 target namespace(s)
Q: Have there been any errors while translating this config in ANY of the 1 target namespaces?
A: No
Q: Has the config been APPLIED in at least ONE of the target namespaces?
A: Yes
Verdict: Config Status is "lenient" APPLIED since the config has been APPLIED in at least ONE of the target namespaces
Config Status:
```yaml
---
configId:
  group: gateway.xcp.tetrate.io
  kind: GatewayGroup
  name: tier2-term-gg
  namespace: istio-system
  version: v2
details: 'Status summary across 1 target namespace(s): APPLIED in 1 namespace(s)'
metadata:
  annotations:
    kubectl.kubernetes.io/last-applied-configuration: |
      {"apiVersion":"gateway.xcp.tetrate.io/v2","kind":"GatewayGroup","metadata":{"annotations":{},"labels":{"xcp.tetrate.io/workspace":"term-ws"},"name":"tier2-term-gg","namespace":"xcp-system"},"spec":{"configMode":"BRIDGED","namespaceSelector":{"names":["cluster-1/echo-term"]}}}
  labels:
    xcp.tetrate.io/workspace: term-ws
result: APPLIED
```

2026-05-23T07:30:50.574211Z	debug	config-status	Explanation of the decision flow for the Config Status of "gateway.xcp.tetrate.io/IngressGateway" "echo-t2-term-gw" version ""
Q: Is the config type "gateway.xcp.tetrate.io/v2/IngressGateway" supported by XCP?
A: Yes
Q: Is it an internal config of XCP?
A: No
Q: Is this config object managed by XCP?
A: Yes
Q: Did the Push Context report an ERROR for this config?
A: No
Q: Did the Push Context IGNORE this config?
A: No
Q: Does the namespace selector resolve into at least ONE namespace in this cluster?
A: Yes
I: Checking the config status in each of the 1 target namespace(s): [echo-term]
I: [1/1] verdict in "echo-term" namespace: Config Status is APPLIED since there were NO translation errors and the config IS mapped onto output config(s)
I: Status summary across 1 target namespace(s): APPLIED in 1 namespace(s)
I: Using "lenient" strategy to decide on the aggregated status across 1 target namespace(s)
Q: Have there been any errors while translating this config in ANY of the 1 target namespaces?
A: No
Q: Has the config been APPLIED in at least ONE of the target namespaces?
A: Yes
Verdict: Config Status is "lenient" APPLIED since the config has been APPLIED in at least ONE of the target namespaces
Config Status:
```yaml
---
configId:
  group: gateway.xcp.tetrate.io
  kind: IngressGateway
  name: echo-t2-term-gw
  namespace: istio-system
  version: v2
details: 'Status summary across 1 target namespace(s): APPLIED in 1 namespace(s)'
metadata:
  annotations:
    kubectl.kubernetes.io/last-applied-configuration: |
      {"apiVersion":"gateway.xcp.tetrate.io/v2","kind":"IngressGateway","metadata":{"annotations":{},"labels":{"xcp.tetrate.io/gatewayGroup":"tier2-term-gg","xcp.tetrate.io/workspace":"term-ws"},"name":"echo-t2-term-gw","namespace":"xcp-system"},"spec":{"http":[{"hostname":"echo-term.tetrate.io","name":"echo","port":8080,"routing":{"rules":[{"route":{"host":"echo-term/echo-term.echo-term.svc.cluster.local","port":80}}]}}],"workloadSelector":{"labels":{"app":"echo-term-gateway"},"namespace":"echo-term"}}}
  labels:
    xcp.tetrate.io/gatewayGroup: tier2-term-gg
    xcp.tetrate.io/workspace: term-ws
result: APPLIED
```

2026-05-23T07:30:50.574220Z	debug	config-status	Explanation of the decision flow for the Config Status of "install.xcp.tetrate.io/GatewayDeployment" "echo-term-gateway" version ""
Q: Is the config type "install.xcp.tetrate.io/v1alpha1/GatewayDeployment" supported by XCP?
A: Yes
Q: Is it an internal config of XCP?
A: No
Q: Is this config object managed by XCP?
A: No
Verdict: Config Status is NOT reported since the config is not managed by XCP
Config Status:
```yaml
---
null
```

2026-05-23T07:30:50.574224Z	debug	config-status	Explanation of the decision flow for the Config Status of "networking.istio.io/EnvoyFilter" "global-forward-xfcc-15443" version ""
Q: Is the config type "networking.istio.io/v1alpha3/EnvoyFilter" supported by XCP?
A: Yes
Q: Is it an internal config of XCP?
A: Yes
Verdict: Config Status is NOT reported since it's an internal config of XCP
Config Status:
```yaml
---
null
```

2026-05-23T07:30:50.574227Z	debug	config-status	Explanation of the decision flow for the Config Status of "networking.istio.io/EnvoyFilter" "global-gw-best-practice" version ""
Q: Is the config type "networking.istio.io/v1alpha3/EnvoyFilter" supported by XCP?
A: Yes
Q: Is it an internal config of XCP?
A: Yes
Verdict: Config Status is NOT reported since it's an internal config of XCP
Config Status:
```yaml
---
null
```

2026-05-23T07:30:50.574230Z	debug	config-status	Explanation of the decision flow for the Config Status of "networking.istio.io/EnvoyFilter" "global-mx-downstream-egress-gateway-filter" version ""
Q: Is the config type "networking.istio.io/v1alpha3/EnvoyFilter" supported by XCP?
A: Yes
Q: Is it an internal config of XCP?
A: Yes
Verdict: Config Status is NOT reported since it's an internal config of XCP
Config Status:
```yaml
---
null
```

2026-05-23T07:30:50.574233Z	debug	config-status	Explanation of the decision flow for the Config Status of "networking.istio.io/EnvoyFilter" "global-mx-downstream-gateway-filter" version ""
Q: Is the config type "networking.istio.io/v1alpha3/EnvoyFilter" supported by XCP?
A: Yes
Q: Is it an internal config of XCP?
A: Yes
Verdict: Config Status is NOT reported since it's an internal config of XCP
Config Status:
```yaml
---
null
```

2026-05-23T07:30:50.574241Z	debug	config-status	Explanation of the decision flow for the Config Status of "networking.istio.io/EnvoyFilter" "global-periodical-access-log" version ""
Q: Is the config type "networking.istio.io/v1alpha3/EnvoyFilter" supported by XCP?
A: Yes
Q: Is it an internal config of XCP?
A: Yes
Verdict: Config Status is NOT reported since it's an internal config of XCP
Config Status:
```yaml
---
null
```

2026-05-23T07:30:50.574244Z	debug	config-status	Explanation of the decision flow for the Config Status of "networking.istio.io/EnvoyFilter" "global-request-id-propagation" version ""
Q: Is the config type "networking.istio.io/v1alpha3/EnvoyFilter" supported by XCP?
A: Yes
Q: Is it an internal config of XCP?
A: Yes
Verdict: Config Status is NOT reported since it's an internal config of XCP
Config Status:
```yaml
---
null
```

2026-05-23T07:30:50.574247Z	debug	config-status	Explanation of the decision flow for the Config Status of "networking.istio.io/EnvoyFilter" "global-tcp-keepalive-envoy-filter" version ""
Q: Is the config type "networking.istio.io/v1alpha3/EnvoyFilter" supported by XCP?
A: Yes
Q: Is it an internal config of XCP?
A: Yes
Verdict: Config Status is NOT reported since it's an internal config of XCP
Config Status:
```yaml
---
null
```

2026-05-23T07:30:50.574250Z	debug	config-status	Explanation of the decision flow for the Config Status of "networking.istio.io/EnvoyFilter" "global-xfcc-extractor-sidecar" version ""
Q: Is the config type "networking.istio.io/v1alpha3/EnvoyFilter" supported by XCP?
A: Yes
Q: Is it an internal config of XCP?
A: Yes
Verdict: Config Status is NOT reported since it's an internal config of XCP
Config Status:
```yaml
---
null
```

2026-05-23T07:30:50.574253Z	debug	config-status	Explanation of the decision flow for the Config Status of "networking.istio.io/EnvoyFilter" "global-xfcc-guard-15443" version ""
Q: Is the config type "networking.istio.io/v1alpha3/EnvoyFilter" supported by XCP?
A: Yes
Q: Is it an internal config of XCP?
A: Yes
Verdict: Config Status is NOT reported since it's an internal config of XCP
Config Status:
```yaml
---
null
```

2026-05-23T07:30:50.574283Z	debug	config-status	Explanation of the decision flow for the Config Status of "xcp.tetrate.io/Cluster" "cluster-0" version ""
Q: Is the config type "xcp.tetrate.io/v2/Cluster" supported by XCP?
A: Yes
Q: Is it an internal config of XCP?
A: No
Q: Is this config object managed by XCP?
A: Yes
Q: Did the Push Context report an ERROR for this config?
A: No
Q: Did the Push Context IGNORE this config?
A: No
Verdict: Config Status is UNKNOWN since status for that config type has NOT been implemented yet
Config Status:
```yaml
---
configId:
  group: xcp.tetrate.io
  kind: Cluster
  name: cluster-0
  namespace: istio-system
  version: v2
details: Config Status for that config type has NOT been implemented yet
metadata: {}
```

2026-05-23T07:30:50.574282Z	debug	discovery-cache	added istio service instances in namespace: istio-system objects 0, changed false
2026-05-23T07:30:50.574287Z	debug	discovery-cache	added istio service instances in namespace: default objects 0, changed false
2026-05-23T07:30:50.574289Z	debug	discovery-cache	added istio service instances in namespace: cert-manager objects 0, changed false
2026-05-23T07:30:50.574294Z	debug	discovery-cache	gateway serviceInstance hostname echo-term-gateway.echo-term.svc.cluster.local
2026-05-23T07:30:50.574296Z	debug	discovery-cache	added istio service instances in namespace: echo-term objects 1, changed false
2026-05-23T07:30:50.574297Z	debug	discovery-cache	added istio service instances in namespace: metallb-system objects 0, changed false
2026-05-23T07:30:50.574306Z	debug	cluster-state	triggerConfigTranslation false ,triggerConfigTranslationReason false 
2026-05-23T07:30:50.574308Z	debug	cluster-state	All gateway hostname mappings are same.
2026-05-23T07:30:50.574310Z	debug	cluster-state	All gatewayHost bounded k8s svcs have same addresses.
2026-05-23T07:30:50.574311Z	debug	cluster-state	No significant changes detected; skipping report to other clusters.
2026-05-23T07:30:50.574312Z	debug	cluster-state	No significant changes detected for east-west services; skipping report to other clusters.
2026-05-23T07:30:50.574314Z	debug	cluster-state	All gateway hostname mappings are same.
2026-05-23T07:30:50.574318Z	debug	cluster-state	handleClusterStateChangedEvent, actions: map[sendHeaderToCentral:{}]
2026-05-23T07:30:50.574335Z	debug	discovery-server	wrote channel for sending header only
2026-05-23T07:30:50.574336Z	debug	cluster-state	Sent header to central
2026-05-23T07:30:50.574339Z	debug	discovery-server	Sending cluster-state update to central xcp
2026-05-23T07:30:50.574355Z	debug	discovery-server	Done sending cluster-state to central xcp
2026-05-23T07:30:50.574318Z	debug	config-status	Explanation of the decision flow for the Config Status of "xcp.tetrate.io/Cluster" "cluster-1" version ""
Q: Is the config type "xcp.tetrate.io/v2/Cluster" supported by XCP?
A: Yes
Q: Is it an internal config of XCP?
A: No
Q: Is this config object managed by XCP?
A: Yes
Q: Did the Push Context report an ERROR for this config?
A: No
Q: Did the Push Context IGNORE this config?
A: No
Verdict: Config Status is UNKNOWN since status for that config type has NOT been implemented yet
Config Status:
```yaml
---
configId:
  group: xcp.tetrate.io
  kind: Cluster
  name: cluster-1
  namespace: istio-system
  version: v2
details: Config Status for that config type has NOT been implemented yet
metadata:
  annotations:
    kubectl.kubernetes.io/last-applied-configuration: |
      {"apiVersion":"xcp.tetrate.io/v2","kind":"Cluster","metadata":{"annotations":{},"name":"cluster-1","namespace":"xcp-system"},"spec":{"istioTrustDomain":"cluster.local"}}
```

2026-05-23T07:30:50.574408Z	debug	config-status	Explanation of the decision flow for the Config Status of "xcp.tetrate.io/GlobalSetting" "global" version ""
Q: Is the config type "xcp.tetrate.io/v2/GlobalSetting" supported by XCP?
A: Yes
Q: Is it an internal config of XCP?
A: No
Q: Is this config object managed by XCP?
A: Yes
Q: Did the Push Context report an ERROR for this config?
A: No
Q: Did the Push Context IGNORE this config?
A: No
Q: Does the namespace selector resolve into at least ONE namespace in this cluster?
A: Yes
I: Checking the config status in each of the 8 target namespace(s): [cert-manager default echo-term kube-node-lease kube-public local-path-storage metallb-system tier1]
I: [1/8] verdict in "cert-manager" namespace: Config Status is UNKNOWN since translation is SKIPPED on that namespace
I: [2/8] verdict in "default" namespace: Config Status is UNKNOWN since translation is SKIPPED on that namespace
I: [3/8] verdict in "echo-term" namespace: Config Status is UNKNOWN since there were NO translation errors but the config was NOT mapped onto any output config(s)
I: [4/8] verdict in "kube-node-lease" namespace: Config Status is UNKNOWN since translation is SKIPPED on that namespace
I: [5/8] verdict in "kube-public" namespace: Config Status is UNKNOWN since translation is SKIPPED on that namespace
I: [6/8] verdict in "local-path-storage" namespace: Config Status is UNKNOWN since translation is SKIPPED on that namespace
I: [7/8] verdict in "metallb-system" namespace: Config Status is UNKNOWN since translation is SKIPPED on that namespace
I: [8/8] verdict in "tier1" namespace: Config Status is UNKNOWN since there were NO translation errors but the config was NOT mapped onto any output config(s)
I: Status summary across 8 target namespace(s): TRANSLATION SKIPPED in 6 namespace(s), TRANSLATED BUT NOT MAPPED in 2 namespace(s)
I: Using "lenient" strategy to decide on the aggregated status across 8 target namespace(s)
Q: Have there been any errors while translating this config in ANY of the 8 target namespaces?
A: No
Q: Has the config been APPLIED in at least ONE of the target namespaces?
A: No
Verdict: Config Status is NOT reported since the config has NOT yet been APPLIED in ANY of 8 target namespace(s)
Config Status:
```yaml
---
null
```

2026-05-23T07:30:50.574481Z	debug	config-status	Explanation of the decision flow for the Config Status of "xcp.tetrate.io/Workspace" "term-ws" version ""
Q: Is the config type "xcp.tetrate.io/v2/Workspace" supported by XCP?
A: Yes
Q: Is it an internal config of XCP?
A: No
Q: Is this config object managed by XCP?
A: Yes
Q: Did the Push Context report an ERROR for this config?
A: No
Q: Did the Push Context IGNORE this config?
A: No
Q: Does the namespace selector resolve into at least ONE namespace in this cluster?
A: Yes
I: Checking the config status in each of the 1 target namespace(s): [echo-term]
I: [1/1] verdict in "echo-term" namespace: Config Status is APPLIED since there were NO translation errors and the config IS mapped onto output config(s)
I: Status summary across 1 target namespace(s): APPLIED in 1 namespace(s)
I: Using "lenient" strategy to decide on the aggregated status across 1 target namespace(s)
Q: Have there been any errors while translating this config in ANY of the 1 target namespaces?
A: No
Q: Has the config been APPLIED in at least ONE of the target namespaces?
A: Yes
Verdict: Config Status is "lenient" APPLIED since the config has been APPLIED in at least ONE of the target namespaces
Config Status:
```yaml
---
configId:
  group: xcp.tetrate.io
  kind: Workspace
  name: term-ws
  namespace: istio-system
  version: v2
details: 'Status summary across 1 target namespace(s): APPLIED in 1 namespace(s)'
metadata:
  annotations:
    kubectl.kubernetes.io/last-applied-configuration: |
      {"apiVersion":"xcp.tetrate.io/v2","kind":"Workspace","metadata":{"annotations":{},"name":"term-ws","namespace":"xcp-system"},"spec":{"namespaceSelector":{"names":["cluster-0/tier1-term","cluster-1/echo-term"]}}}
result: APPLIED
```

2026-05-23T07:30:50.574616Z	debug	status	generated status report in 617.25µs
2026-05-23T07:30:50.574625Z	debug	debounce	notify cbk returned	id=350e9435
2026-05-23T07:30:50.574627Z	debug	debounce	Applying exponential step-up. maxSilentCurrent updated to: 10s	id=350e9435
2026-05-23T07:30:50.574632Z	debug	status	triggering status report sender with 5 messages
2026-05-23T07:30:50.574718Z	debug	status	successfully sent config-status report(epoch:64, messages:5) in 83.667µs
2026-05-23T07:31:00.573126Z	debug	debounce	resetting maxSilentCurrent. updated: 1s	id=350e9435
2026-05-23T07:31:00.573312Z	debug	debounce	resetting maxSilentCurrent. updated: 1s	id=c8a91734
2026-05-23T07:31:12.339043Z	debug	discovery-server	Sending config resync request update to central xcp
2026-05-23T07:31:12.339097Z	debug	discovery-server	Done sending config resync request to central xcp
2026-05-23T07:31:12.339617Z	debug	discovery-server	Received resync keepalive response from central xcp.
2026-05-23T07:31:12.339646Z	debug	discovery-server	Waiting on recv for crds
2026-05-23T07:32:12.342718Z	debug	discovery-server	Sending config resync request update to central xcp
2026-05-23T07:32:12.342758Z	debug	discovery-server	Done sending config resync request to central xcp
2026-05-23T07:32:12.343048Z	debug	discovery-server	Received resync keepalive response from central xcp.
2026-05-23T07:32:12.343062Z	debug	discovery-server	Waiting on recv for crds
2026-05-23T07:32:50.577930Z	debug	security	Read provided XCP Central certificate chain:
-----BEGIN CERTIFICATE-----
MIIFbTCCA1WgAwIBAgIUBD0/+0EfuEYZvVjrKE5cvNEja8swDQYJKoZIhvcNAQEL
BQAwRjELMAkGA1UEBhMCVVMxCzAJBgNVBAgMAkNBMRAwDgYDVQQKDAdUZXRyYXRl
MRgwFgYDVQQDDA9YQ1AtZTJlLXRlc3QtY2EwHhcNMjQwNjE3MTMxMjAzWhcNMzQw
NjE1MTMxMjAzWjBGMQswCQYDVQQGEwJVUzELMAkGA1UECAwCQ0ExEDAOBgNVBAoM
B1RldHJhdGUxGDAWBgNVBAMMD1hDUC1lMmUtdGVzdC1jYTCCAiIwDQYJKoZIhvcN
AQEBBQADggIPADCCAgoCggIBAIkO9mBBITqNjJed3zjKhu15p4EkX7qkDaKQjQdu
9zEvocDbtZU81ibmjuQFlL0vAiqHfKA8nUXKdidI9xHNdS7xUp3IlZoEFWX1jBUD
SLgQooe8BIIcEXfkVO019jLfMbDB5tQ6jzsjZ4F3ER5wh5rkLhEfbvq4ZiF3zQD/
82LDU5vwJ91qDWCHl8og9rla5MaAX2fTZhkQUQJiDip9uZ0Ft5lai1fKq8gICrod
4iPfiZH6sJB5cTC/aHd8CHY3FrJp8ZuGhZQzaV6PvfdFsCr+EISDlCkNdlNov7hA
Z8F8bRGrEqPAcYsS/Kk94oLAQBW7YvTPBrFnDWmyMnaKjCLGqTHmAY3tTrSI31lb
rnNakF2EGziOwNjxsI84d61U6KFtXMtsgKCNJr/MORVS/0f9yA7Q0WE5bEdx24m9
+qaWnMd5FtjC38GEALfSmo9YN3+Q+M+hdfipPKpv0khjHX7yPTrFvAOHi1wsy3Hj
1OdDFr/H9pG12DnlToVruVDfr5xypoWNK8pf2utZcMOcBzdfMNAVCqeE84BrPu2c
8mHinMfWX10X14nd2gdMUYyBgGqJGqiLuFMdthyCWpmg9BbYK013Esn36v8ap7gE
/VIiY/YTYNtmKE12IhBDa+y6izBXo69OAMB7iZHPDW5lnAXKfpGtaZO+9pqrTCI0
vdNTAgMBAAGjUzBRMB0GA1UdDgQWBBSlvheSoWwG4xtqKfuEWkYlmN0YbTAfBgNV
HSMEGDAWgBSlvheSoWwG4xtqKfuEWkYlmN0YbTAPBgNVHRMBAf8EBTADAQH/MA0G
CSqGSIb3DQEBCwUAA4ICAQACp7Yw/dQGSinvV0Z5kYjugapyBE7iIpyqRh2UgYzz
HT3bcXfSz95YO/TB+utF1C8g4yqxW8b5G0EIRgg9uqtxvrGmK18o6x2N1GEeCcfU
ke2xqrOP7dpWk3uwT2aeJN/LjfqR2KADscKtD7V5EN8v3JgH3Ul0M5g9RalaEppv
yQr0H9B8sdxRawIxD+HO1S/lsQhlGGCmgTQQF23gRmL1oxwR3Mujx9Se2NHZi0ha
fcyll1OLtUxsD6cNjwiqoiv5J1TV9Ukux2tyO/gQmdheuyZoKt6+lObL8DIStQuK
IGcaX7mMKGMD7URAR4crUSP6AFHZ4tRJ7Ryu0vv2+JBjH24LVM8PIHQYqgnAohar
7n/laa7bXlKueuTo7EAVGTYPnV/CGYm/MKJ1cYll/aRBFYcU4m+fOF4AAOo/8umu
kFFHbv+Abnei/pEYb77vsBaHE68gT5YLM/pY/6XXa2+UVROCBQXbLps/0GZk2FTS
tHKBteLYBVia9F7HSAP1wAl4qt+r7D7wm9gtchwp2vqNI6vMJYHSDbjk9q255DVs
Tew5/zH2PlvDaNMyLCnueC9VzFqBou/ZDmqUyOAlxDr4VC5NwnbgT8eyqcwlip3Y
9IWjGcTB5TSlndw5NVe48g1UTtR5Ji7mRyZxtLjLu0JPby9UJeM7ouJ+/y6ybh3U
oQ==
-----END CERTIFICATE-----

2026-05-23T07:32:50.578005Z	info	grpc-client	Fetched CA certificates required to verify connection to central
2026-05-23T07:32:51.578091Z	error	stream	[config-status] Error receiving on stream: gRPC status code Unavailable: closing transport due to: connection error: desc = "error reading from server: EOF", received prior goaway: code: ENHANCE_YOUR_CALM, debug data: "too_many_pings"	name=config-status-5ee97d88
2026-05-23T07:32:51.578121Z	debug	stream	[config-status] canceling context	name=config-status-5ee97d88
2026-05-23T07:32:51.578124Z	debug	stream	[config-status] wg wait	name=config-status-5ee97d88
2026-05-23T07:32:51.578133Z	error	stream	[config-status] Error sending on stream: sendFunc returning on exit	name=config-status-5ee97d88
2026-05-23T07:32:51.578136Z	warn	stream	[config-status] Error sending on stream: sendFunc returning on exit	name=config-status-5ee97d88
2026-05-23T07:32:51.578138Z	debug	stream	[config-status] closing stream	name=config-status-5ee97d88
2026-05-23T07:32:51.578140Z	debug	stream	[config-status] sending CloseSend	name=config-status-5ee97d88
2026-05-23T07:32:51.578143Z	info	stream	[config-status] closed stream, err=<nil>	name=config-status-5ee97d88
2026-05-23T07:32:51.578145Z	info	stream	[config-status] establishing new stream	name=config-status-5ee97d88
2026-05-23T07:32:51.578148Z	info	stream	[config-status] connecting new permanent stream with max age 8760h0m0s	name=config-status-5ee97d88
2026-05-23T07:32:51.578253Z	info	discovery-server	Connecting to XCP central using JWT auth
2026-05-23T07:32:51.578296Z	debug	security	Read provided XCP Central certificate chain:
-----BEGIN CERTIFICATE-----
MIIFbTCCA1WgAwIBAgIUBD0/+0EfuEYZvVjrKE5cvNEja8swDQYJKoZIhvcNAQEL
BQAwRjELMAkGA1UEBhMCVVMxCzAJBgNVBAgMAkNBMRAwDgYDVQQKDAdUZXRyYXRl
MRgwFgYDVQQDDA9YQ1AtZTJlLXRlc3QtY2EwHhcNMjQwNjE3MTMxMjAzWhcNMzQw
NjE1MTMxMjAzWjBGMQswCQYDVQQGEwJVUzELMAkGA1UECAwCQ0ExEDAOBgNVBAoM
B1RldHJhdGUxGDAWBgNVBAMMD1hDUC1lMmUtdGVzdC1jYTCCAiIwDQYJKoZIhvcN
AQEBBQADggIPADCCAgoCggIBAIkO9mBBITqNjJed3zjKhu15p4EkX7qkDaKQjQdu
9zEvocDbtZU81ibmjuQFlL0vAiqHfKA8nUXKdidI9xHNdS7xUp3IlZoEFWX1jBUD
SLgQooe8BIIcEXfkVO019jLfMbDB5tQ6jzsjZ4F3ER5wh5rkLhEfbvq4ZiF3zQD/
82LDU5vwJ91qDWCHl8og9rla5MaAX2fTZhkQUQJiDip9uZ0Ft5lai1fKq8gICrod
4iPfiZH6sJB5cTC/aHd8CHY3FrJp8ZuGhZQzaV6PvfdFsCr+EISDlCkNdlNov7hA
Z8F8bRGrEqPAcYsS/Kk94oLAQBW7YvTPBrFnDWmyMnaKjCLGqTHmAY3tTrSI31lb
rnNakF2EGziOwNjxsI84d61U6KFtXMtsgKCNJr/MORVS/0f9yA7Q0WE5bEdx24m9
+qaWnMd5FtjC38GEALfSmo9YN3+Q+M+hdfipPKpv0khjHX7yPTrFvAOHi1wsy3Hj
1OdDFr/H9pG12DnlToVruVDfr5xypoWNK8pf2utZcMOcBzdfMNAVCqeE84BrPu2c
8mHinMfWX10X14nd2gdMUYyBgGqJGqiLuFMdthyCWpmg9BbYK013Esn36v8ap7gE
/VIiY/YTYNtmKE12IhBDa+y6izBXo69OAMB7iZHPDW5lnAXKfpGtaZO+9pqrTCI0
vdNTAgMBAAGjUzBRMB0GA1UdDgQWBBSlvheSoWwG4xtqKfuEWkYlmN0YbTAfBgNV
HSMEGDAWgBSlvheSoWwG4xtqKfuEWkYlmN0YbTAPBgNVHRMBAf8EBTADAQH/MA0G
CSqGSIb3DQEBCwUAA4ICAQACp7Yw/dQGSinvV0Z5kYjugapyBE7iIpyqRh2UgYzz
HT3bcXfSz95YO/TB+utF1C8g4yqxW8b5G0EIRgg9uqtxvrGmK18o6x2N1GEeCcfU
ke2xqrOP7dpWk3uwT2aeJN/LjfqR2KADscKtD7V5EN8v3JgH3Ul0M5g9RalaEppv
yQr0H9B8sdxRawIxD+HO1S/lsQhlGGCmgTQQF23gRmL1oxwR3Mujx9Se2NHZi0ha
fcyll1OLtUxsD6cNjwiqoiv5J1TV9Ukux2tyO/gQmdheuyZoKt6+lObL8DIStQuK
IGcaX7mMKGMD7URAR4crUSP6AFHZ4tRJ7Ryu0vv2+JBjH24LVM8PIHQYqgnAohar
7n/laa7bXlKueuTo7EAVGTYPnV/CGYm/MKJ1cYll/aRBFYcU4m+fOF4AAOo/8umu
kFFHbv+Abnei/pEYb77vsBaHE68gT5YLM/pY/6XXa2+UVROCBQXbLps/0GZk2FTS
tHKBteLYBVia9F7HSAP1wAl4qt+r7D7wm9gtchwp2vqNI6vMJYHSDbjk9q255DVs
Tew5/zH2PlvDaNMyLCnueC9VzFqBou/ZDmqUyOAlxDr4VC5NwnbgT8eyqcwlip3Y
9IWjGcTB5TSlndw5NVe48g1UTtR5Ji7mRyZxtLjLu0JPby9UJeM7ouJ+/y6ybh3U
oQ==
-----END CERTIFICATE-----

2026-05-23T07:32:51.578339Z	info	grpc-client	Fetched CA certificates required to verify connection to central
2026-05-23T07:32:51.578350Z	debug	security	Read provided XCP Central certificate chain:
-----BEGIN CERTIFICATE-----
MIIFbTCCA1WgAwIBAgIUBD0/+0EfuEYZvVjrKE5cvNEja8swDQYJKoZIhvcNAQEL
BQAwRjELMAkGA1UEBhMCVVMxCzAJBgNVBAgMAkNBMRAwDgYDVQQKDAdUZXRyYXRl
MRgwFgYDVQQDDA9YQ1AtZTJlLXRlc3QtY2EwHhcNMjQwNjE3MTMxMjAzWhcNMzQw
NjE1MTMxMjAzWjBGMQswCQYDVQQGEwJVUzELMAkGA1UECAwCQ0ExEDAOBgNVBAoM
B1RldHJhdGUxGDAWBgNVBAMMD1hDUC1lMmUtdGVzdC1jYTCCAiIwDQYJKoZIhvcN
AQEBBQADggIPADCCAgoCggIBAIkO9mBBITqNjJed3zjKhu15p4EkX7qkDaKQjQdu
9zEvocDbtZU81ibmjuQFlL0vAiqHfKA8nUXKdidI9xHNdS7xUp3IlZoEFWX1jBUD
SLgQooe8BIIcEXfkVO019jLfMbDB5tQ6jzsjZ4F3ER5wh5rkLhEfbvq4ZiF3zQD/
82LDU5vwJ91qDWCHl8og9rla5MaAX2fTZhkQUQJiDip9uZ0Ft5lai1fKq8gICrod
4iPfiZH6sJB5cTC/aHd8CHY3FrJp8ZuGhZQzaV6PvfdFsCr+EISDlCkNdlNov7hA
Z8F8bRGrEqPAcYsS/Kk94oLAQBW7YvTPBrFnDWmyMnaKjCLGqTHmAY3tTrSI31lb
rnNakF2EGziOwNjxsI84d61U6KFtXMtsgKCNJr/MORVS/0f9yA7Q0WE5bEdx24m9
+qaWnMd5FtjC38GEALfSmo9YN3+Q+M+hdfipPKpv0khjHX7yPTrFvAOHi1wsy3Hj
1OdDFr/H9pG12DnlToVruVDfr5xypoWNK8pf2utZcMOcBzdfMNAVCqeE84BrPu2c
8mHinMfWX10X14nd2gdMUYyBgGqJGqiLuFMdthyCWpmg9BbYK013Esn36v8ap7gE
/VIiY/YTYNtmKE12IhBDa+y6izBXo69OAMB7iZHPDW5lnAXKfpGtaZO+9pqrTCI0
vdNTAgMBAAGjUzBRMB0GA1UdDgQWBBSlvheSoWwG4xtqKfuEWkYlmN0YbTAfBgNV
HSMEGDAWgBSlvheSoWwG4xtqKfuEWkYlmN0YbTAPBgNVHRMBAf8EBTADAQH/MA0G
CSqGSIb3DQEBCwUAA4ICAQACp7Yw/dQGSinvV0Z5kYjugapyBE7iIpyqRh2UgYzz
HT3bcXfSz95YO/TB+utF1C8g4yqxW8b5G0EIRgg9uqtxvrGmK18o6x2N1GEeCcfU
ke2xqrOP7dpWk3uwT2aeJN/LjfqR2KADscKtD7V5EN8v3JgH3Ul0M5g9RalaEppv
yQr0H9B8sdxRawIxD+HO1S/lsQhlGGCmgTQQF23gRmL1oxwR3Mujx9Se2NHZi0ha
fcyll1OLtUxsD6cNjwiqoiv5J1TV9Ukux2tyO/gQmdheuyZoKt6+lObL8DIStQuK
IGcaX7mMKGMD7URAR4crUSP6AFHZ4tRJ7Ryu0vv2+JBjH24LVM8PIHQYqgnAohar
7n/laa7bXlKueuTo7EAVGTYPnV/CGYm/MKJ1cYll/aRBFYcU4m+fOF4AAOo/8umu
kFFHbv+Abnei/pEYb77vsBaHE68gT5YLM/pY/6XXa2+UVROCBQXbLps/0GZk2FTS
tHKBteLYBVia9F7HSAP1wAl4qt+r7D7wm9gtchwp2vqNI6vMJYHSDbjk9q255DVs
Tew5/zH2PlvDaNMyLCnueC9VzFqBou/ZDmqUyOAlxDr4VC5NwnbgT8eyqcwlip3Y
9IWjGcTB5TSlndw5NVe48g1UTtR5Ji7mRyZxtLjLu0JPby9UJeM7ouJ+/y6ybh3U
oQ==
-----END CERTIFICATE-----

2026-05-23T07:32:51.578375Z	info	grpc-client	Fetched CA certificates required to verify connection to central
2026-05-23T07:32:51.578880Z	debug	security	Read provided XCP Central certificate chain:
-----BEGIN CERTIFICATE-----
MIIFbTCCA1WgAwIBAgIUBD0/+0EfuEYZvVjrKE5cvNEja8swDQYJKoZIhvcNAQEL
BQAwRjELMAkGA1UEBhMCVVMxCzAJBgNVBAgMAkNBMRAwDgYDVQQKDAdUZXRyYXRl
MRgwFgYDVQQDDA9YQ1AtZTJlLXRlc3QtY2EwHhcNMjQwNjE3MTMxMjAzWhcNMzQw
NjE1MTMxMjAzWjBGMQswCQYDVQQGEwJVUzELMAkGA1UECAwCQ0ExEDAOBgNVBAoM
B1RldHJhdGUxGDAWBgNVBAMMD1hDUC1lMmUtdGVzdC1jYTCCAiIwDQYJKoZIhvcN
AQEBBQADggIPADCCAgoCggIBAIkO9mBBITqNjJed3zjKhu15p4EkX7qkDaKQjQdu
9zEvocDbtZU81ibmjuQFlL0vAiqHfKA8nUXKdidI9xHNdS7xUp3IlZoEFWX1jBUD
SLgQooe8BIIcEXfkVO019jLfMbDB5tQ6jzsjZ4F3ER5wh5rkLhEfbvq4ZiF3zQD/
82LDU5vwJ91qDWCHl8og9rla5MaAX2fTZhkQUQJiDip9uZ0Ft5lai1fKq8gICrod
4iPfiZH6sJB5cTC/aHd8CHY3FrJp8ZuGhZQzaV6PvfdFsCr+EISDlCkNdlNov7hA
Z8F8bRGrEqPAcYsS/Kk94oLAQBW7YvTPBrFnDWmyMnaKjCLGqTHmAY3tTrSI31lb
rnNakF2EGziOwNjxsI84d61U6KFtXMtsgKCNJr/MORVS/0f9yA7Q0WE5bEdx24m9
+qaWnMd5FtjC38GEALfSmo9YN3+Q+M+hdfipPKpv0khjHX7yPTrFvAOHi1wsy3Hj
1OdDFr/H9pG12DnlToVruVDfr5xypoWNK8pf2utZcMOcBzdfMNAVCqeE84BrPu2c
8mHinMfWX10X14nd2gdMUYyBgGqJGqiLuFMdthyCWpmg9BbYK013Esn36v8ap7gE
/VIiY/YTYNtmKE12IhBDa+y6izBXo69OAMB7iZHPDW5lnAXKfpGtaZO+9pqrTCI0
vdNTAgMBAAGjUzBRMB0GA1UdDgQWBBSlvheSoWwG4xtqKfuEWkYlmN0YbTAfBgNV
HSMEGDAWgBSlvheSoWwG4xtqKfuEWkYlmN0YbTAPBgNVHRMBAf8EBTADAQH/MA0G
CSqGSIb3DQEBCwUAA4ICAQACp7Yw/dQGSinvV0Z5kYjugapyBE7iIpyqRh2UgYzz
HT3bcXfSz95YO/TB+utF1C8g4yqxW8b5G0EIRgg9uqtxvrGmK18o6x2N1GEeCcfU
ke2xqrOP7dpWk3uwT2aeJN/LjfqR2KADscKtD7V5EN8v3JgH3Ul0M5g9RalaEppv
yQr0H9B8sdxRawIxD+HO1S/lsQhlGGCmgTQQF23gRmL1oxwR3Mujx9Se2NHZi0ha
fcyll1OLtUxsD6cNjwiqoiv5J1TV9Ukux2tyO/gQmdheuyZoKt6+lObL8DIStQuK
IGcaX7mMKGMD7URAR4crUSP6AFHZ4tRJ7Ryu0vv2+JBjH24LVM8PIHQYqgnAohar
7n/laa7bXlKueuTo7EAVGTYPnV/CGYm/MKJ1cYll/aRBFYcU4m+fOF4AAOo/8umu
kFFHbv+Abnei/pEYb77vsBaHE68gT5YLM/pY/6XXa2+UVROCBQXbLps/0GZk2FTS
tHKBteLYBVia9F7HSAP1wAl4qt+r7D7wm9gtchwp2vqNI6vMJYHSDbjk9q255DVs
Tew5/zH2PlvDaNMyLCnueC9VzFqBou/ZDmqUyOAlxDr4VC5NwnbgT8eyqcwlip3Y
9IWjGcTB5TSlndw5NVe48g1UTtR5Ji7mRyZxtLjLu0JPby9UJeM7ouJ+/y6ybh3U
oQ==
-----END CERTIFICATE-----

2026-05-23T07:32:51.578912Z	info	grpc-client	Fetched CA certificates required to verify connection to central
2026-05-23T07:32:51.580850Z	info	stream	[config-status] connected	name=config-status-5ee97d88
2026-05-23T07:32:51.580864Z	debug	stream	[config-status] Spawning cluster statusLabel send goroutine	name=config-status-5ee97d88
2026-05-23T07:32:51.580884Z	debug	status	re-triggering status report on connect
2026-05-23T07:32:51.580889Z	debug	status	sent-epoch(64) matches generated-epoch(64) and hence skipping
2026-05-23T07:33:12.345037Z	debug	discovery-server	Sending config resync request update to central xcp
2026-05-23T07:33:12.345075Z	debug	discovery-server	Done sending config resync request to central xcp
2026-05-23T07:33:12.345444Z	debug	discovery-server	Received resync keepalive response from central xcp.
2026-05-23T07:33:12.345483Z	debug	discovery-server	Waiting on recv for crds
2026-05-23T07:34:12.346469Z	debug	discovery-server	Sending config resync request update to central xcp
2026-05-23T07:34:12.346518Z	debug	discovery-server	Done sending config resync request to central xcp
2026-05-23T07:34:12.346973Z	debug	discovery-server	Received resync keepalive response from central xcp.
2026-05-23T07:34:12.346985Z	debug	discovery-server	Waiting on recv for crds
2026-05-23T07:34:21.586390Z	debug	security	Read provided XCP Central certificate chain:
-----BEGIN CERTIFICATE-----
MIIFbTCCA1WgAwIBAgIUBD0/+0EfuEYZvVjrKE5cvNEja8swDQYJKoZIhvcNAQEL
BQAwRjELMAkGA1UEBhMCVVMxCzAJBgNVBAgMAkNBMRAwDgYDVQQKDAdUZXRyYXRl
MRgwFgYDVQQDDA9YQ1AtZTJlLXRlc3QtY2EwHhcNMjQwNjE3MTMxMjAzWhcNMzQw
NjE1MTMxMjAzWjBGMQswCQYDVQQGEwJVUzELMAkGA1UECAwCQ0ExEDAOBgNVBAoM
B1RldHJhdGUxGDAWBgNVBAMMD1hDUC1lMmUtdGVzdC1jYTCCAiIwDQYJKoZIhvcN
AQEBBQADggIPADCCAgoCggIBAIkO9mBBITqNjJed3zjKhu15p4EkX7qkDaKQjQdu
9zEvocDbtZU81ibmjuQFlL0vAiqHfKA8nUXKdidI9xHNdS7xUp3IlZoEFWX1jBUD
SLgQooe8BIIcEXfkVO019jLfMbDB5tQ6jzsjZ4F3ER5wh5rkLhEfbvq4ZiF3zQD/
82LDU5vwJ91qDWCHl8og9rla5MaAX2fTZhkQUQJiDip9uZ0Ft5lai1fKq8gICrod
4iPfiZH6sJB5cTC/aHd8CHY3FrJp8ZuGhZQzaV6PvfdFsCr+EISDlCkNdlNov7hA
Z8F8bRGrEqPAcYsS/Kk94oLAQBW7YvTPBrFnDWmyMnaKjCLGqTHmAY3tTrSI31lb
rnNakF2EGziOwNjxsI84d61U6KFtXMtsgKCNJr/MORVS/0f9yA7Q0WE5bEdx24m9
+qaWnMd5FtjC38GEALfSmo9YN3+Q+M+hdfipPKpv0khjHX7yPTrFvAOHi1wsy3Hj
1OdDFr/H9pG12DnlToVruVDfr5xypoWNK8pf2utZcMOcBzdfMNAVCqeE84BrPu2c
8mHinMfWX10X14nd2gdMUYyBgGqJGqiLuFMdthyCWpmg9BbYK013Esn36v8ap7gE
/VIiY/YTYNtmKE12IhBDa+y6izBXo69OAMB7iZHPDW5lnAXKfpGtaZO+9pqrTCI0
vdNTAgMBAAGjUzBRMB0GA1UdDgQWBBSlvheSoWwG4xtqKfuEWkYlmN0YbTAfBgNV
HSMEGDAWgBSlvheSoWwG4xtqKfuEWkYlmN0YbTAPBgNVHRMBAf8EBTADAQH/MA0G
CSqGSIb3DQEBCwUAA4ICAQACp7Yw/dQGSinvV0Z5kYjugapyBE7iIpyqRh2UgYzz
HT3bcXfSz95YO/TB+utF1C8g4yqxW8b5G0EIRgg9uqtxvrGmK18o6x2N1GEeCcfU
ke2xqrOP7dpWk3uwT2aeJN/LjfqR2KADscKtD7V5EN8v3JgH3Ul0M5g9RalaEppv
yQr0H9B8sdxRawIxD+HO1S/lsQhlGGCmgTQQF23gRmL1oxwR3Mujx9Se2NHZi0ha
fcyll1OLtUxsD6cNjwiqoiv5J1TV9Ukux2tyO/gQmdheuyZoKt6+lObL8DIStQuK
IGcaX7mMKGMD7URAR4crUSP6AFHZ4tRJ7Ryu0vv2+JBjH24LVM8PIHQYqgnAohar
7n/laa7bXlKueuTo7EAVGTYPnV/CGYm/MKJ1cYll/aRBFYcU4m+fOF4AAOo/8umu
kFFHbv+Abnei/pEYb77vsBaHE68gT5YLM/pY/6XXa2+UVROCBQXbLps/0GZk2FTS
tHKBteLYBVia9F7HSAP1wAl4qt+r7D7wm9gtchwp2vqNI6vMJYHSDbjk9q255DVs
Tew5/zH2PlvDaNMyLCnueC9VzFqBou/ZDmqUyOAlxDr4VC5NwnbgT8eyqcwlip3Y
9IWjGcTB5TSlndw5NVe48g1UTtR5Ji7mRyZxtLjLu0JPby9UJeM7ouJ+/y6ybh3U
oQ==
-----END CERTIFICATE-----

2026-05-23T07:34:21.586461Z	info	grpc-client	Fetched CA certificates required to verify connection to central
2026-05-23T07:34:22.586727Z	error	stream	[config-status] Error receiving on stream: gRPC status code Unavailable: closing transport due to: connection error: desc = "error reading from server: EOF", received prior goaway: code: ENHANCE_YOUR_CALM, debug data: "too_many_pings"	name=config-status-5ee97d88
2026-05-23T07:34:22.586762Z	debug	stream	[config-status] canceling context	name=config-status-5ee97d88
2026-05-23T07:34:22.586765Z	debug	stream	[config-status] wg wait	name=config-status-5ee97d88
2026-05-23T07:34:22.586770Z	error	stream	[config-status] Error sending on stream: sendFunc returning on exit	name=config-status-5ee97d88
2026-05-23T07:34:22.586774Z	warn	stream	[config-status] Error sending on stream: sendFunc returning on exit	name=config-status-5ee97d88
2026-05-23T07:34:22.586777Z	debug	stream	[config-status] closing stream	name=config-status-5ee97d88
2026-05-23T07:34:22.586779Z	debug	stream	[config-status] sending CloseSend	name=config-status-5ee97d88
2026-05-23T07:34:22.586782Z	info	stream	[config-status] closed stream, err=<nil>	name=config-status-5ee97d88
2026-05-23T07:34:22.586785Z	info	stream	[config-status] establishing new stream	name=config-status-5ee97d88
2026-05-23T07:34:22.586789Z	info	stream	[config-status] connecting new permanent stream with max age 8760h0m0s	name=config-status-5ee97d88
2026-05-23T07:34:22.586903Z	info	discovery-server	Connecting to XCP central using JWT auth
2026-05-23T07:34:22.586950Z	debug	security	Read provided XCP Central certificate chain:
-----BEGIN CERTIFICATE-----
MIIFbTCCA1WgAwIBAgIUBD0/+0EfuEYZvVjrKE5cvNEja8swDQYJKoZIhvcNAQEL
BQAwRjELMAkGA1UEBhMCVVMxCzAJBgNVBAgMAkNBMRAwDgYDVQQKDAdUZXRyYXRl
MRgwFgYDVQQDDA9YQ1AtZTJlLXRlc3QtY2EwHhcNMjQwNjE3MTMxMjAzWhcNMzQw
NjE1MTMxMjAzWjBGMQswCQYDVQQGEwJVUzELMAkGA1UECAwCQ0ExEDAOBgNVBAoM
B1RldHJhdGUxGDAWBgNVBAMMD1hDUC1lMmUtdGVzdC1jYTCCAiIwDQYJKoZIhvcN
AQEBBQADggIPADCCAgoCggIBAIkO9mBBITqNjJed3zjKhu15p4EkX7qkDaKQjQdu
9zEvocDbtZU81ibmjuQFlL0vAiqHfKA8nUXKdidI9xHNdS7xUp3IlZoEFWX1jBUD
SLgQooe8BIIcEXfkVO019jLfMbDB5tQ6jzsjZ4F3ER5wh5rkLhEfbvq4ZiF3zQD/
82LDU5vwJ91qDWCHl8og9rla5MaAX2fTZhkQUQJiDip9uZ0Ft5lai1fKq8gICrod
4iPfiZH6sJB5cTC/aHd8CHY3FrJp8ZuGhZQzaV6PvfdFsCr+EISDlCkNdlNov7hA
Z8F8bRGrEqPAcYsS/Kk94oLAQBW7YvTPBrFnDWmyMnaKjCLGqTHmAY3tTrSI31lb
rnNakF2EGziOwNjxsI84d61U6KFtXMtsgKCNJr/MORVS/0f9yA7Q0WE5bEdx24m9
+qaWnMd5FtjC38GEALfSmo9YN3+Q+M+hdfipPKpv0khjHX7yPTrFvAOHi1wsy3Hj
1OdDFr/H9pG12DnlToVruVDfr5xypoWNK8pf2utZcMOcBzdfMNAVCqeE84BrPu2c
8mHinMfWX10X14nd2gdMUYyBgGqJGqiLuFMdthyCWpmg9BbYK013Esn36v8ap7gE
/VIiY/YTYNtmKE12IhBDa+y6izBXo69OAMB7iZHPDW5lnAXKfpGtaZO+9pqrTCI0
vdNTAgMBAAGjUzBRMB0GA1UdDgQWBBSlvheSoWwG4xtqKfuEWkYlmN0YbTAfBgNV
HSMEGDAWgBSlvheSoWwG4xtqKfuEWkYlmN0YbTAPBgNVHRMBAf8EBTADAQH/MA0G
CSqGSIb3DQEBCwUAA4ICAQACp7Yw/dQGSinvV0Z5kYjugapyBE7iIpyqRh2UgYzz
HT3bcXfSz95YO/TB+utF1C8g4yqxW8b5G0EIRgg9uqtxvrGmK18o6x2N1GEeCcfU
ke2xqrOP7dpWk3uwT2aeJN/LjfqR2KADscKtD7V5EN8v3JgH3Ul0M5g9RalaEppv
yQr0H9B8sdxRawIxD+HO1S/lsQhlGGCmgTQQF23gRmL1oxwR3Mujx9Se2NHZi0ha
fcyll1OLtUxsD6cNjwiqoiv5J1TV9Ukux2tyO/gQmdheuyZoKt6+lObL8DIStQuK
IGcaX7mMKGMD7URAR4crUSP6AFHZ4tRJ7Ryu0vv2+JBjH24LVM8PIHQYqgnAohar
7n/laa7bXlKueuTo7EAVGTYPnV/CGYm/MKJ1cYll/aRBFYcU4m+fOF4AAOo/8umu
kFFHbv+Abnei/pEYb77vsBaHE68gT5YLM/pY/6XXa2+UVROCBQXbLps/0GZk2FTS
tHKBteLYBVia9F7HSAP1wAl4qt+r7D7wm9gtchwp2vqNI6vMJYHSDbjk9q255DVs
Tew5/zH2PlvDaNMyLCnueC9VzFqBou/ZDmqUyOAlxDr4VC5NwnbgT8eyqcwlip3Y
9IWjGcTB5TSlndw5NVe48g1UTtR5Ji7mRyZxtLjLu0JPby9UJeM7ouJ+/y6ybh3U
oQ==
-----END CERTIFICATE-----

2026-05-23T07:34:22.586984Z	info	grpc-client	Fetched CA certificates required to verify connection to central
2026-05-23T07:34:22.586993Z	debug	security	Read provided XCP Central certificate chain:
-----BEGIN CERTIFICATE-----
MIIFbTCCA1WgAwIBAgIUBD0/+0EfuEYZvVjrKE5cvNEja8swDQYJKoZIhvcNAQEL
BQAwRjELMAkGA1UEBhMCVVMxCzAJBgNVBAgMAkNBMRAwDgYDVQQKDAdUZXRyYXRl
MRgwFgYDVQQDDA9YQ1AtZTJlLXRlc3QtY2EwHhcNMjQwNjE3MTMxMjAzWhcNMzQw
NjE1MTMxMjAzWjBGMQswCQYDVQQGEwJVUzELMAkGA1UECAwCQ0ExEDAOBgNVBAoM
B1RldHJhdGUxGDAWBgNVBAMMD1hDUC1lMmUtdGVzdC1jYTCCAiIwDQYJKoZIhvcN
AQEBBQADggIPADCCAgoCggIBAIkO9mBBITqNjJed3zjKhu15p4EkX7qkDaKQjQdu
9zEvocDbtZU81ibmjuQFlL0vAiqHfKA8nUXKdidI9xHNdS7xUp3IlZoEFWX1jBUD
SLgQooe8BIIcEXfkVO019jLfMbDB5tQ6jzsjZ4F3ER5wh5rkLhEfbvq4ZiF3zQD/
82LDU5vwJ91qDWCHl8og9rla5MaAX2fTZhkQUQJiDip9uZ0Ft5lai1fKq8gICrod
4iPfiZH6sJB5cTC/aHd8CHY3FrJp8ZuGhZQzaV6PvfdFsCr+EISDlCkNdlNov7hA
Z8F8bRGrEqPAcYsS/Kk94oLAQBW7YvTPBrFnDWmyMnaKjCLGqTHmAY3tTrSI31lb
rnNakF2EGziOwNjxsI84d61U6KFtXMtsgKCNJr/MORVS/0f9yA7Q0WE5bEdx24m9
+qaWnMd5FtjC38GEALfSmo9YN3+Q+M+hdfipPKpv0khjHX7yPTrFvAOHi1wsy3Hj
1OdDFr/H9pG12DnlToVruVDfr5xypoWNK8pf2utZcMOcBzdfMNAVCqeE84BrPu2c
8mHinMfWX10X14nd2gdMUYyBgGqJGqiLuFMdthyCWpmg9BbYK013Esn36v8ap7gE
/VIiY/YTYNtmKE12IhBDa+y6izBXo69OAMB7iZHPDW5lnAXKfpGtaZO+9pqrTCI0
vdNTAgMBAAGjUzBRMB0GA1UdDgQWBBSlvheSoWwG4xtqKfuEWkYlmN0YbTAfBgNV
HSMEGDAWgBSlvheSoWwG4xtqKfuEWkYlmN0YbTAPBgNVHRMBAf8EBTADAQH/MA0G
CSqGSIb3DQEBCwUAA4ICAQACp7Yw/dQGSinvV0Z5kYjugapyBE7iIpyqRh2UgYzz
HT3bcXfSz95YO/TB+utF1C8g4yqxW8b5G0EIRgg9uqtxvrGmK18o6x2N1GEeCcfU
ke2xqrOP7dpWk3uwT2aeJN/LjfqR2KADscKtD7V5EN8v3JgH3Ul0M5g9RalaEppv
yQr0H9B8sdxRawIxD+HO1S/lsQhlGGCmgTQQF23gRmL1oxwR3Mujx9Se2NHZi0ha
fcyll1OLtUxsD6cNjwiqoiv5J1TV9Ukux2tyO/gQmdheuyZoKt6+lObL8DIStQuK
IGcaX7mMKGMD7URAR4crUSP6AFHZ4tRJ7Ryu0vv2+JBjH24LVM8PIHQYqgnAohar
7n/laa7bXlKueuTo7EAVGTYPnV/CGYm/MKJ1cYll/aRBFYcU4m+fOF4AAOo/8umu
kFFHbv+Abnei/pEYb77vsBaHE68gT5YLM/pY/6XXa2+UVROCBQXbLps/0GZk2FTS
tHKBteLYBVia9F7HSAP1wAl4qt+r7D7wm9gtchwp2vqNI6vMJYHSDbjk9q255DVs
Tew5/zH2PlvDaNMyLCnueC9VzFqBou/ZDmqUyOAlxDr4VC5NwnbgT8eyqcwlip3Y
9IWjGcTB5TSlndw5NVe48g1UTtR5Ji7mRyZxtLjLu0JPby9UJeM7ouJ+/y6ybh3U
oQ==
-----END CERTIFICATE-----

2026-05-23T07:34:22.587004Z	info	grpc-client	Fetched CA certificates required to verify connection to central
2026-05-23T07:34:22.587495Z	debug	security	Read provided XCP Central certificate chain:
-----BEGIN CERTIFICATE-----
MIIFbTCCA1WgAwIBAgIUBD0/+0EfuEYZvVjrKE5cvNEja8swDQYJKoZIhvcNAQEL
BQAwRjELMAkGA1UEBhMCVVMxCzAJBgNVBAgMAkNBMRAwDgYDVQQKDAdUZXRyYXRl
MRgwFgYDVQQDDA9YQ1AtZTJlLXRlc3QtY2EwHhcNMjQwNjE3MTMxMjAzWhcNMzQw
NjE1MTMxMjAzWjBGMQswCQYDVQQGEwJVUzELMAkGA1UECAwCQ0ExEDAOBgNVBAoM
B1RldHJhdGUxGDAWBgNVBAMMD1hDUC1lMmUtdGVzdC1jYTCCAiIwDQYJKoZIhvcN
AQEBBQADggIPADCCAgoCggIBAIkO9mBBITqNjJed3zjKhu15p4EkX7qkDaKQjQdu
9zEvocDbtZU81ibmjuQFlL0vAiqHfKA8nUXKdidI9xHNdS7xUp3IlZoEFWX1jBUD
SLgQooe8BIIcEXfkVO019jLfMbDB5tQ6jzsjZ4F3ER5wh5rkLhEfbvq4ZiF3zQD/
82LDU5vwJ91qDWCHl8og9rla5MaAX2fTZhkQUQJiDip9uZ0Ft5lai1fKq8gICrod
4iPfiZH6sJB5cTC/aHd8CHY3FrJp8ZuGhZQzaV6PvfdFsCr+EISDlCkNdlNov7hA
Z8F8bRGrEqPAcYsS/Kk94oLAQBW7YvTPBrFnDWmyMnaKjCLGqTHmAY3tTrSI31lb
rnNakF2EGziOwNjxsI84d61U6KFtXMtsgKCNJr/MORVS/0f9yA7Q0WE5bEdx24m9
+qaWnMd5FtjC38GEALfSmo9YN3+Q+M+hdfipPKpv0khjHX7yPTrFvAOHi1wsy3Hj
1OdDFr/H9pG12DnlToVruVDfr5xypoWNK8pf2utZcMOcBzdfMNAVCqeE84BrPu2c
8mHinMfWX10X14nd2gdMUYyBgGqJGqiLuFMdthyCWpmg9BbYK013Esn36v8ap7gE
/VIiY/YTYNtmKE12IhBDa+y6izBXo69OAMB7iZHPDW5lnAXKfpGtaZO+9pqrTCI0
vdNTAgMBAAGjUzBRMB0GA1UdDgQWBBSlvheSoWwG4xtqKfuEWkYlmN0YbTAfBgNV
HSMEGDAWgBSlvheSoWwG4xtqKfuEWkYlmN0YbTAPBgNVHRMBAf8EBTADAQH/MA0G
CSqGSIb3DQEBCwUAA4ICAQACp7Yw/dQGSinvV0Z5kYjugapyBE7iIpyqRh2UgYzz
HT3bcXfSz95YO/TB+utF1C8g4yqxW8b5G0EIRgg9uqtxvrGmK18o6x2N1GEeCcfU
ke2xqrOP7dpWk3uwT2aeJN/LjfqR2KADscKtD7V5EN8v3JgH3Ul0M5g9RalaEppv
yQr0H9B8sdxRawIxD+HO1S/lsQhlGGCmgTQQF23gRmL1oxwR3Mujx9Se2NHZi0ha
fcyll1OLtUxsD6cNjwiqoiv5J1TV9Ukux2tyO/gQmdheuyZoKt6+lObL8DIStQuK
IGcaX7mMKGMD7URAR4crUSP6AFHZ4tRJ7Ryu0vv2+JBjH24LVM8PIHQYqgnAohar
7n/laa7bXlKueuTo7EAVGTYPnV/CGYm/MKJ1cYll/aRBFYcU4m+fOF4AAOo/8umu
kFFHbv+Abnei/pEYb77vsBaHE68gT5YLM/pY/6XXa2+UVROCBQXbLps/0GZk2FTS
tHKBteLYBVia9F7HSAP1wAl4qt+r7D7wm9gtchwp2vqNI6vMJYHSDbjk9q255DVs
Tew5/zH2PlvDaNMyLCnueC9VzFqBou/ZDmqUyOAlxDr4VC5NwnbgT8eyqcwlip3Y
9IWjGcTB5TSlndw5NVe48g1UTtR5Ji7mRyZxtLjLu0JPby9UJeM7ouJ+/y6ybh3U
oQ==
-----END CERTIFICATE-----

2026-05-23T07:34:22.587547Z	info	grpc-client	Fetched CA certificates required to verify connection to central
2026-05-23T07:34:22.589530Z	info	stream	[config-status] connected	name=config-status-5ee97d88
2026-05-23T07:34:22.589539Z	debug	stream	[config-status] Spawning cluster statusLabel send goroutine	name=config-status-5ee97d88
2026-05-23T07:34:22.589547Z	debug	status	re-triggering status report on connect
2026-05-23T07:34:22.589552Z	debug	status	sent-epoch(64) matches generated-epoch(64) and hence skipping
2026-05-23T07:35:12.347647Z	debug	discovery-server	Sending config resync request update to central xcp
2026-05-23T07:35:12.347688Z	debug	discovery-server	Done sending config resync request to central xcp
2026-05-23T07:35:12.347957Z	debug	discovery-server	Received resync keepalive response from central xcp.
2026-05-23T07:35:12.347991Z	debug	discovery-server	Waiting on recv for crds
2026-05-23T07:35:52.592693Z	debug	security	Read provided XCP Central certificate chain:
-----BEGIN CERTIFICATE-----
MIIFbTCCA1WgAwIBAgIUBD0/+0EfuEYZvVjrKE5cvNEja8swDQYJKoZIhvcNAQEL
BQAwRjELMAkGA1UEBhMCVVMxCzAJBgNVBAgMAkNBMRAwDgYDVQQKDAdUZXRyYXRl
MRgwFgYDVQQDDA9YQ1AtZTJlLXRlc3QtY2EwHhcNMjQwNjE3MTMxMjAzWhcNMzQw
NjE1MTMxMjAzWjBGMQswCQYDVQQGEwJVUzELMAkGA1UECAwCQ0ExEDAOBgNVBAoM
B1RldHJhdGUxGDAWBgNVBAMMD1hDUC1lMmUtdGVzdC1jYTCCAiIwDQYJKoZIhvcN
AQEBBQADggIPADCCAgoCggIBAIkO9mBBITqNjJed3zjKhu15p4EkX7qkDaKQjQdu
9zEvocDbtZU81ibmjuQFlL0vAiqHfKA8nUXKdidI9xHNdS7xUp3IlZoEFWX1jBUD
SLgQooe8BIIcEXfkVO019jLfMbDB5tQ6jzsjZ4F3ER5wh5rkLhEfbvq4ZiF3zQD/
82LDU5vwJ91qDWCHl8og9rla5MaAX2fTZhkQUQJiDip9uZ0Ft5lai1fKq8gICrod
4iPfiZH6sJB5cTC/aHd8CHY3FrJp8ZuGhZQzaV6PvfdFsCr+EISDlCkNdlNov7hA
Z8F8bRGrEqPAcYsS/Kk94oLAQBW7YvTPBrFnDWmyMnaKjCLGqTHmAY3tTrSI31lb
rnNakF2EGziOwNjxsI84d61U6KFtXMtsgKCNJr/MORVS/0f9yA7Q0WE5bEdx24m9
+qaWnMd5FtjC38GEALfSmo9YN3+Q+M+hdfipPKpv0khjHX7yPTrFvAOHi1wsy3Hj
1OdDFr/H9pG12DnlToVruVDfr5xypoWNK8pf2utZcMOcBzdfMNAVCqeE84BrPu2c
8mHinMfWX10X14nd2gdMUYyBgGqJGqiLuFMdthyCWpmg9BbYK013Esn36v8ap7gE
/VIiY/YTYNtmKE12IhBDa+y6izBXo69OAMB7iZHPDW5lnAXKfpGtaZO+9pqrTCI0
vdNTAgMBAAGjUzBRMB0GA1UdDgQWBBSlvheSoWwG4xtqKfuEWkYlmN0YbTAfBgNV
HSMEGDAWgBSlvheSoWwG4xtqKfuEWkYlmN0YbTAPBgNVHRMBAf8EBTADAQH/MA0G
CSqGSIb3DQEBCwUAA4ICAQACp7Yw/dQGSinvV0Z5kYjugapyBE7iIpyqRh2UgYzz
HT3bcXfSz95YO/TB+utF1C8g4yqxW8b5G0EIRgg9uqtxvrGmK18o6x2N1GEeCcfU
ke2xqrOP7dpWk3uwT2aeJN/LjfqR2KADscKtD7V5EN8v3JgH3Ul0M5g9RalaEppv
yQr0H9B8sdxRawIxD+HO1S/lsQhlGGCmgTQQF23gRmL1oxwR3Mujx9Se2NHZi0ha
fcyll1OLtUxsD6cNjwiqoiv5J1TV9Ukux2tyO/gQmdheuyZoKt6+lObL8DIStQuK
IGcaX7mMKGMD7URAR4crUSP6AFHZ4tRJ7Ryu0vv2+JBjH24LVM8PIHQYqgnAohar
7n/laa7bXlKueuTo7EAVGTYPnV/CGYm/MKJ1cYll/aRBFYcU4m+fOF4AAOo/8umu
kFFHbv+Abnei/pEYb77vsBaHE68gT5YLM/pY/6XXa2+UVROCBQXbLps/0GZk2FTS
tHKBteLYBVia9F7HSAP1wAl4qt+r7D7wm9gtchwp2vqNI6vMJYHSDbjk9q255DVs
Tew5/zH2PlvDaNMyLCnueC9VzFqBou/ZDmqUyOAlxDr4VC5NwnbgT8eyqcwlip3Y
9IWjGcTB5TSlndw5NVe48g1UTtR5Ji7mRyZxtLjLu0JPby9UJeM7ouJ+/y6ybh3U
oQ==
-----END CERTIFICATE-----

2026-05-23T07:35:52.592760Z	info	grpc-client	Fetched CA certificates required to verify connection to central
2026-05-23T07:35:53.593324Z	error	stream	[config-status] Error receiving on stream: gRPC status code Unavailable: closing transport due to: connection error: desc = "error reading from server: EOF", received prior goaway: code: ENHANCE_YOUR_CALM, debug data: "too_many_pings"	name=config-status-5ee97d88
2026-05-23T07:35:53.593352Z	debug	stream	[config-status] canceling context	name=config-status-5ee97d88
2026-05-23T07:35:53.593355Z	debug	stream	[config-status] wg wait	name=config-status-5ee97d88
2026-05-23T07:35:53.593359Z	error	stream	[config-status] Error sending on stream: sendFunc returning on exit	name=config-status-5ee97d88
2026-05-23T07:35:53.593362Z	warn	stream	[config-status] Error sending on stream: sendFunc returning on exit	name=config-status-5ee97d88
2026-05-23T07:35:53.593365Z	debug	stream	[config-status] closing stream	name=config-status-5ee97d88
2026-05-23T07:35:53.593366Z	debug	stream	[config-status] sending CloseSend	name=config-status-5ee97d88
2026-05-23T07:35:53.593370Z	info	stream	[config-status] closed stream, err=<nil>	name=config-status-5ee97d88
2026-05-23T07:35:53.593372Z	info	stream	[config-status] establishing new stream	name=config-status-5ee97d88
2026-05-23T07:35:53.593376Z	info	stream	[config-status] connecting new permanent stream with max age 8760h0m0s	name=config-status-5ee97d88
2026-05-23T07:35:53.593495Z	info	discovery-server	Connecting to XCP central using JWT auth
2026-05-23T07:35:53.593539Z	debug	security	Read provided XCP Central certificate chain:
-----BEGIN CERTIFICATE-----
MIIFbTCCA1WgAwIBAgIUBD0/+0EfuEYZvVjrKE5cvNEja8swDQYJKoZIhvcNAQEL
BQAwRjELMAkGA1UEBhMCVVMxCzAJBgNVBAgMAkNBMRAwDgYDVQQKDAdUZXRyYXRl
MRgwFgYDVQQDDA9YQ1AtZTJlLXRlc3QtY2EwHhcNMjQwNjE3MTMxMjAzWhcNMzQw
NjE1MTMxMjAzWjBGMQswCQYDVQQGEwJVUzELMAkGA1UECAwCQ0ExEDAOBgNVBAoM
B1RldHJhdGUxGDAWBgNVBAMMD1hDUC1lMmUtdGVzdC1jYTCCAiIwDQYJKoZIhvcN
AQEBBQADggIPADCCAgoCggIBAIkO9mBBITqNjJed3zjKhu15p4EkX7qkDaKQjQdu
9zEvocDbtZU81ibmjuQFlL0vAiqHfKA8nUXKdidI9xHNdS7xUp3IlZoEFWX1jBUD
SLgQooe8BIIcEXfkVO019jLfMbDB5tQ6jzsjZ4F3ER5wh5rkLhEfbvq4ZiF3zQD/
82LDU5vwJ91qDWCHl8og9rla5MaAX2fTZhkQUQJiDip9uZ0Ft5lai1fKq8gICrod
4iPfiZH6sJB5cTC/aHd8CHY3FrJp8ZuGhZQzaV6PvfdFsCr+EISDlCkNdlNov7hA
Z8F8bRGrEqPAcYsS/Kk94oLAQBW7YvTPBrFnDWmyMnaKjCLGqTHmAY3tTrSI31lb
rnNakF2EGziOwNjxsI84d61U6KFtXMtsgKCNJr/MORVS/0f9yA7Q0WE5bEdx24m9
+qaWnMd5FtjC38GEALfSmo9YN3+Q+M+hdfipPKpv0khjHX7yPTrFvAOHi1wsy3Hj
1OdDFr/H9pG12DnlToVruVDfr5xypoWNK8pf2utZcMOcBzdfMNAVCqeE84BrPu2c
8mHinMfWX10X14nd2gdMUYyBgGqJGqiLuFMdthyCWpmg9BbYK013Esn36v8ap7gE
/VIiY/YTYNtmKE12IhBDa+y6izBXo69OAMB7iZHPDW5lnAXKfpGtaZO+9pqrTCI0
vdNTAgMBAAGjUzBRMB0GA1UdDgQWBBSlvheSoWwG4xtqKfuEWkYlmN0YbTAfBgNV
HSMEGDAWgBSlvheSoWwG4xtqKfuEWkYlmN0YbTAPBgNVHRMBAf8EBTADAQH/MA0G
CSqGSIb3DQEBCwUAA4ICAQACp7Yw/dQGSinvV0Z5kYjugapyBE7iIpyqRh2UgYzz
HT3bcXfSz95YO/TB+utF1C8g4yqxW8b5G0EIRgg9uqtxvrGmK18o6x2N1GEeCcfU
ke2xqrOP7dpWk3uwT2aeJN/LjfqR2KADscKtD7V5EN8v3JgH3Ul0M5g9RalaEppv
yQr0H9B8sdxRawIxD+HO1S/lsQhlGGCmgTQQF23gRmL1oxwR3Mujx9Se2NHZi0ha
fcyll1OLtUxsD6cNjwiqoiv5J1TV9Ukux2tyO/gQmdheuyZoKt6+lObL8DIStQuK
IGcaX7mMKGMD7URAR4crUSP6AFHZ4tRJ7Ryu0vv2+JBjH24LVM8PIHQYqgnAohar
7n/laa7bXlKueuTo7EAVGTYPnV/CGYm/MKJ1cYll/aRBFYcU4m+fOF4AAOo/8umu
kFFHbv+Abnei/pEYb77vsBaHE68gT5YLM/pY/6XXa2+UVROCBQXbLps/0GZk2FTS
tHKBteLYBVia9F7HSAP1wAl4qt+r7D7wm9gtchwp2vqNI6vMJYHSDbjk9q255DVs
Tew5/zH2PlvDaNMyLCnueC9VzFqBou/ZDmqUyOAlxDr4VC5NwnbgT8eyqcwlip3Y
9IWjGcTB5TSlndw5NVe48g1UTtR5Ji7mRyZxtLjLu0JPby9UJeM7ouJ+/y6ybh3U
oQ==
-----END CERTIFICATE-----

2026-05-23T07:35:53.593572Z	info	grpc-client	Fetched CA certificates required to verify connection to central
2026-05-23T07:35:53.593586Z	debug	security	Read provided XCP Central certificate chain:
-----BEGIN CERTIFICATE-----
MIIFbTCCA1WgAwIBAgIUBD0/+0EfuEYZvVjrKE5cvNEja8swDQYJKoZIhvcNAQEL
BQAwRjELMAkGA1UEBhMCVVMxCzAJBgNVBAgMAkNBMRAwDgYDVQQKDAdUZXRyYXRl
MRgwFgYDVQQDDA9YQ1AtZTJlLXRlc3QtY2EwHhcNMjQwNjE3MTMxMjAzWhcNMzQw
NjE1MTMxMjAzWjBGMQswCQYDVQQGEwJVUzELMAkGA1UECAwCQ0ExEDAOBgNVBAoM
B1RldHJhdGUxGDAWBgNVBAMMD1hDUC1lMmUtdGVzdC1jYTCCAiIwDQYJKoZIhvcN
AQEBBQADggIPADCCAgoCggIBAIkO9mBBITqNjJed3zjKhu15p4EkX7qkDaKQjQdu
9zEvocDbtZU81ibmjuQFlL0vAiqHfKA8nUXKdidI9xHNdS7xUp3IlZoEFWX1jBUD
SLgQooe8BIIcEXfkVO019jLfMbDB5tQ6jzsjZ4F3ER5wh5rkLhEfbvq4ZiF3zQD/
82LDU5vwJ91qDWCHl8og9rla5MaAX2fTZhkQUQJiDip9uZ0Ft5lai1fKq8gICrod
4iPfiZH6sJB5cTC/aHd8CHY3FrJp8ZuGhZQzaV6PvfdFsCr+EISDlCkNdlNov7hA
Z8F8bRGrEqPAcYsS/Kk94oLAQBW7YvTPBrFnDWmyMnaKjCLGqTHmAY3tTrSI31lb
rnNakF2EGziOwNjxsI84d61U6KFtXMtsgKCNJr/MORVS/0f9yA7Q0WE5bEdx24m9
+qaWnMd5FtjC38GEALfSmo9YN3+Q+M+hdfipPKpv0khjHX7yPTrFvAOHi1wsy3Hj
1OdDFr/H9pG12DnlToVruVDfr5xypoWNK8pf2utZcMOcBzdfMNAVCqeE84BrPu2c
8mHinMfWX10X14nd2gdMUYyBgGqJGqiLuFMdthyCWpmg9BbYK013Esn36v8ap7gE
/VIiY/YTYNtmKE12IhBDa+y6izBXo69OAMB7iZHPDW5lnAXKfpGtaZO+9pqrTCI0
vdNTAgMBAAGjUzBRMB0GA1UdDgQWBBSlvheSoWwG4xtqKfuEWkYlmN0YbTAfBgNV
HSMEGDAWgBSlvheSoWwG4xtqKfuEWkYlmN0YbTAPBgNVHRMBAf8EBTADAQH/MA0G
CSqGSIb3DQEBCwUAA4ICAQACp7Yw/dQGSinvV0Z5kYjugapyBE7iIpyqRh2UgYzz
HT3bcXfSz95YO/TB+utF1C8g4yqxW8b5G0EIRgg9uqtxvrGmK18o6x2N1GEeCcfU
ke2xqrOP7dpWk3uwT2aeJN/LjfqR2KADscKtD7V5EN8v3JgH3Ul0M5g9RalaEppv
yQr0H9B8sdxRawIxD+HO1S/lsQhlGGCmgTQQF23gRmL1oxwR3Mujx9Se2NHZi0ha
fcyll1OLtUxsD6cNjwiqoiv5J1TV9Ukux2tyO/gQmdheuyZoKt6+lObL8DIStQuK
IGcaX7mMKGMD7URAR4crUSP6AFHZ4tRJ7Ryu0vv2+JBjH24LVM8PIHQYqgnAohar
7n/laa7bXlKueuTo7EAVGTYPnV/CGYm/MKJ1cYll/aRBFYcU4m+fOF4AAOo/8umu
kFFHbv+Abnei/pEYb77vsBaHE68gT5YLM/pY/6XXa2+UVROCBQXbLps/0GZk2FTS
tHKBteLYBVia9F7HSAP1wAl4qt+r7D7wm9gtchwp2vqNI6vMJYHSDbjk9q255DVs
Tew5/zH2PlvDaNMyLCnueC9VzFqBou/ZDmqUyOAlxDr4VC5NwnbgT8eyqcwlip3Y
9IWjGcTB5TSlndw5NVe48g1UTtR5Ji7mRyZxtLjLu0JPby9UJeM7ouJ+/y6ybh3U
oQ==
-----END CERTIFICATE-----

2026-05-23T07:35:53.593598Z	info	grpc-client	Fetched CA certificates required to verify connection to central
2026-05-23T07:35:53.594147Z	debug	security	Read provided XCP Central certificate chain:
-----BEGIN CERTIFICATE-----
MIIFbTCCA1WgAwIBAgIUBD0/+0EfuEYZvVjrKE5cvNEja8swDQYJKoZIhvcNAQEL
BQAwRjELMAkGA1UEBhMCVVMxCzAJBgNVBAgMAkNBMRAwDgYDVQQKDAdUZXRyYXRl
MRgwFgYDVQQDDA9YQ1AtZTJlLXRlc3QtY2EwHhcNMjQwNjE3MTMxMjAzWhcNMzQw
NjE1MTMxMjAzWjBGMQswCQYDVQQGEwJVUzELMAkGA1UECAwCQ0ExEDAOBgNVBAoM
B1RldHJhdGUxGDAWBgNVBAMMD1hDUC1lMmUtdGVzdC1jYTCCAiIwDQYJKoZIhvcN
AQEBBQADggIPADCCAgoCggIBAIkO9mBBITqNjJed3zjKhu15p4EkX7qkDaKQjQdu
9zEvocDbtZU81ibmjuQFlL0vAiqHfKA8nUXKdidI9xHNdS7xUp3IlZoEFWX1jBUD
SLgQooe8BIIcEXfkVO019jLfMbDB5tQ6jzsjZ4F3ER5wh5rkLhEfbvq4ZiF3zQD/
82LDU5vwJ91qDWCHl8og9rla5MaAX2fTZhkQUQJiDip9uZ0Ft5lai1fKq8gICrod
4iPfiZH6sJB5cTC/aHd8CHY3FrJp8ZuGhZQzaV6PvfdFsCr+EISDlCkNdlNov7hA
Z8F8bRGrEqPAcYsS/Kk94oLAQBW7YvTPBrFnDWmyMnaKjCLGqTHmAY3tTrSI31lb
rnNakF2EGziOwNjxsI84d61U6KFtXMtsgKCNJr/MORVS/0f9yA7Q0WE5bEdx24m9
+qaWnMd5FtjC38GEALfSmo9YN3+Q+M+hdfipPKpv0khjHX7yPTrFvAOHi1wsy3Hj
1OdDFr/H9pG12DnlToVruVDfr5xypoWNK8pf2utZcMOcBzdfMNAVCqeE84BrPu2c
8mHinMfWX10X14nd2gdMUYyBgGqJGqiLuFMdthyCWpmg9BbYK013Esn36v8ap7gE
/VIiY/YTYNtmKE12IhBDa+y6izBXo69OAMB7iZHPDW5lnAXKfpGtaZO+9pqrTCI0
vdNTAgMBAAGjUzBRMB0GA1UdDgQWBBSlvheSoWwG4xtqKfuEWkYlmN0YbTAfBgNV
HSMEGDAWgBSlvheSoWwG4xtqKfuEWkYlmN0YbTAPBgNVHRMBAf8EBTADAQH/MA0G
CSqGSIb3DQEBCwUAA4ICAQACp7Yw/dQGSinvV0Z5kYjugapyBE7iIpyqRh2UgYzz
HT3bcXfSz95YO/TB+utF1C8g4yqxW8b5G0EIRgg9uqtxvrGmK18o6x2N1GEeCcfU
ke2xqrOP7dpWk3uwT2aeJN/LjfqR2KADscKtD7V5EN8v3JgH3Ul0M5g9RalaEppv
yQr0H9B8sdxRawIxD+HO1S/lsQhlGGCmgTQQF23gRmL1oxwR3Mujx9Se2NHZi0ha
fcyll1OLtUxsD6cNjwiqoiv5J1TV9Ukux2tyO/gQmdheuyZoKt6+lObL8DIStQuK
IGcaX7mMKGMD7URAR4crUSP6AFHZ4tRJ7Ryu0vv2+JBjH24LVM8PIHQYqgnAohar
7n/laa7bXlKueuTo7EAVGTYPnV/CGYm/MKJ1cYll/aRBFYcU4m+fOF4AAOo/8umu
kFFHbv+Abnei/pEYb77vsBaHE68gT5YLM/pY/6XXa2+UVROCBQXbLps/0GZk2FTS
tHKBteLYBVia9F7HSAP1wAl4qt+r7D7wm9gtchwp2vqNI6vMJYHSDbjk9q255DVs
Tew5/zH2PlvDaNMyLCnueC9VzFqBou/ZDmqUyOAlxDr4VC5NwnbgT8eyqcwlip3Y
9IWjGcTB5TSlndw5NVe48g1UTtR5Ji7mRyZxtLjLu0JPby9UJeM7ouJ+/y6ybh3U
oQ==
-----END CERTIFICATE-----

2026-05-23T07:35:53.594199Z	info	grpc-client	Fetched CA certificates required to verify connection to central
2026-05-23T07:35:53.596083Z	info	stream	[config-status] connected	name=config-status-5ee97d88
2026-05-23T07:35:53.596093Z	debug	stream	[config-status] Spawning cluster statusLabel send goroutine	name=config-status-5ee97d88
2026-05-23T07:35:53.596099Z	debug	status	re-triggering status report on connect
2026-05-23T07:35:53.596109Z	debug	status	sent-epoch(64) matches generated-epoch(64) and hence skipping
2026-05-23T07:36:09.807237Z	info	discovery-server	triggering full re-sync of cluster-state
2026-05-23T07:36:10.808100Z	debug	debounce	notify cbk invoked	id=c8a91734
2026-05-23T07:36:10.808143Z	debug	debounce	notify cbk returned	id=c8a91734
2026-05-23T07:36:10.808149Z	debug	debounce	Applying exponential step-up. maxSilentCurrent updated to: 2s	id=c8a91734
2026-05-23T07:36:10.808171Z	info	cluster-state	processClusterStateChangeEvents: cluster-eventid: 2026-05-23 07:36:09.807262922 +0000 UTC m=+95597.550897734 and 0 more, queue length: 0, reasons: periodic_full_cluster_state_resync,, forceConfigRegenReasons: map[], resources: []
2026-05-23T07:36:10.808179Z	debug	cluster-state	handleClusterStateChangedEvent: Trigger reasons: periodic_full_cluster_state_resync,, Forced translation: map[], Resources: []
2026-05-23T07:36:10.808212Z	debug	cluster-gen	istioServices: 12
2026-05-23T07:36:10.808292Z	debug	cluster-state	found Istio IsolationBoundary for Namespace "echo-term" with Revision "stable"
2026-05-23T07:36:10.808306Z	info	cluster-gen	Gateway service instances for echo-term/echo-term-gateway: 1
2026-05-23T07:36:10.808317Z	debug	cluster-gen	Getting XCP services for possible gateway service echo-term-gateway.echo-term.svc.cluster.local, labels map[app:echo-term-gateway istio:ingressgateway]
2026-05-23T07:36:10.808327Z	debug	cluster-gen	found k8s svc matching ingress gateway - echo-t2-term-gw
2026-05-23T07:36:10.808329Z	debug	cluster-gen	found ingress gateway http host echo-term.tetrate.io for service echo-term-gateway.echo-term.svc.cluster.local
2026-05-23T07:36:10.808348Z	debug	cluster-state	found Istio IsolationBoundary for Namespace "echo-term" with Revision "stable"
2026-05-23T07:36:10.808357Z	debug	cluster-gen	Not a gateway service echo-term/echo-term
2026-05-23T07:36:10.808374Z	debug	cluster-gen	Ignoring service kube-system/kube-dns
2026-05-23T07:36:10.808393Z	info	no portname specified for service metallb-webhook-service.metallb-system.svc.cluster.local port 443. no endpoints will be detected
2026-05-23T07:36:10.808397Z	info	no portname specified for service metallb-webhook-service.metallb-system.svc.cluster.local port 443. no endpoints will be detected
2026-05-23T07:36:10.808401Z	debug	cluster-gen	Ignoring service kube-system/metrics-server
2026-05-23T07:36:10.808435Z	debug	discovery-cache	gateway serviceInstance hostname echo-term-gateway.echo-term.svc.cluster.local
2026-05-23T07:36:10.808441Z	debug	discovery-cache	added istio service instances in namespace: echo-term objects 1, changed false
2026-05-23T07:36:10.808443Z	debug	discovery-cache	added istio service instances in namespace: istio-system objects 0, changed false
2026-05-23T07:36:10.808445Z	debug	discovery-cache	added istio service instances in namespace: default objects 0, changed false
2026-05-23T07:36:10.808446Z	debug	discovery-cache	added istio service instances in namespace: metallb-system objects 0, changed false
2026-05-23T07:36:10.808447Z	debug	discovery-cache	added istio service instances in namespace: cert-manager objects 0, changed false
2026-05-23T07:36:10.808454Z	debug	cluster-state	triggerConfigTranslation false ,triggerConfigTranslationReason false 
2026-05-23T07:36:10.808455Z	debug	cluster-state	Sending full cluster state to central as part of periodic resync.
2026-05-23T07:36:10.808456Z	debug	cluster-state	Sending full cluster state to central as part of periodic resync.
2026-05-23T07:36:10.808460Z	debug	cluster-state	handleClusterStateChangedEvent, actions: map[sendClusterToCentral:{} triggerServiceEntryRegeneration:{}]
2026-05-23T07:36:10.808515Z	debug	discovery-server	wrote channel for sending cluster updates
2026-05-23T07:36:10.808522Z	debug	cluster-state	Sent 5 namespaces to central. len(HostToK8sSvc) 1
2026-05-23T07:36:10.808523Z	debug	discovery-server	found changes related to gateway hosts attached to lb/nodeport services. (re)generating local SEs
2026-05-23T07:36:10.808534Z	debug	discovery-server	Sending cluster-state update to central xcp
2026-05-23T07:36:10.808633Z	debug	discovery-server	Done sending cluster-state to central xcp
2026-05-23T07:36:10.820273Z	debug	debounce	notify cbk invoked	id=9ad7a678
2026-05-23T07:36:10.820314Z	debug	mc-configapply	-->cluster cluster-0
2026-05-23T07:36:10.820333Z	debug	mc-configapply	-->cluster cluster-1
2026-05-23T07:36:10.820351Z	debug	mc-configgen	cluster cluster-0, namespaces 1
2026-05-23T07:36:10.820353Z	debug	mc-configgen	Namespace tier1-term has 1 services
2026-05-23T07:36:10.820354Z	debug	mc-configgen	Skipping echo-term.tetrate.io ..... gatewayHost false,  len(k8s external address) 1
2026-05-23T07:36:10.820355Z	debug	mc-configgen	cluster cluster-1, namespaces 1
2026-05-23T07:36:10.820356Z	debug	mc-configgen	Namespace echo-term has 1 services
2026-05-23T07:36:10.820377Z	debug	mc-configgen	HTTP: adding service entry for echo-term.tetrate.io (ns echo-term svc echo-term-gateway port number:8080 name:"http" kubernetes_node_port:15443 protocol:"HTTP")
2026-05-23T07:36:10.820390Z	debug	mc-configgen	generating tier1 cluster selection labels
2026-05-23T07:36:10.820394Z	debug	mc-configgen	Derived service port name for number:8080 name:"http" kubernetes_node_port:15443 protocol:"HTTP" is http
2026-05-23T07:36:10.820406Z	warn	mc-configgen	cannot lookup traffic group for "echo-term": traffic group not found for namespace echo-term in workspace term-ws
2026-05-23T07:36:10.820462Z	debug	mc-configapply	applying 2 istio objects for multicluster
2026-05-23T07:36:10.820467Z	debug	mc-configapply	   networking.istio.io/v1/ServiceEntry [xcp-multicluster/global-gateway-echo-term-tetrate-io]
2026-05-23T07:36:10.820468Z	debug	mc-configapply	   networking.istio.io/v1/DestinationRule [xcp-multicluster/global-gateway-echo-term-tetrate-io]
2026-05-23T07:36:10.820470Z	debug	resource-cache	[xcp-multicluster] ===BEGIN: Apply request for 2 objects
2026-05-23T07:36:10.820507Z	debug	resource-cache	[xcp-multicluster] objects previously in k8s api server cache: 2
2026-05-23T07:36:10.820526Z	debug	resource-cache	[xcp-multicluster] stale resources to be deleted []
2026-05-23T07:36:10.820562Z	debug	resource-cache	[xcp-multicluster] Create for {"type":{"group":"networking.istio.io","version":"v1","kind":"DestinationRule"},"name":"global-gateway-echo-term-tetrate-io","namespace":"xcp-multicluster","labels":{"istio.io/rev":"global"},"creationTimestamp":"0001-01-01T00:00:00Z","Spec":{"host":"echo-term.tetrate.io","trafficPolicy":{"portLevelSettings":[{"port":{"number":80},"loadBalancer":{"localityLbSetting":{"failoverPriority":["topology.kubernetes.io/region","topology.istio.io/network","topology.kubernetes.io/zone","topology.istio.io/subzone"],"enabled":true}},"connectionPool":{"http":{"useClientProtocol":true}},"outlierDetection":{"consecutiveGatewayErrors":10,"maxEjectionPercent":100},"tls":{"mode":"ISTIO_MUTUAL","sni":"echo-term.tetrate.io"}}]},"exportTo":["*"]},"Status":null,"Extra":null}
2026-05-23T07:36:10.820571Z	debug	resource-cache	[xcp-multicluster] Create for {"type":{"group":"networking.istio.io","version":"v1","kind":"ServiceEntry"},"name":"global-gateway-echo-term-tetrate-io","namespace":"xcp-multicluster","labels":{"istio.io/rev":"global"},"creationTimestamp":"0001-01-01T00:00:00Z","Spec":{"hosts":["echo-term.tetrate.io"],"ports":[{"number":80,"protocol":"HTTP","name":"http"}],"location":"MESH_INTERNAL","resolution":"STATIC","endpoints":[{"address":"10.255.20.59","ports":{"http":15443},"labels":{"xcp.tetrate.io/cluster":"cluster-1","xcp.tetrate.io/hops":"0","xcp.tetrate.io/service":"echo-term-gateway.echo-term.svc.cluster.local","xcp.tetrate.io/serviceType":"localGateway","xcp.tetrate.io/svc-port-80":"true"},"network":"nw-cluster-1","locality":"us-east1/us-east1-B/subzone-x"}],"exportTo":["*"],"subjectAltNames":["spiffe://cluster.local/ns/echo-term/sa/echo-term-gateway-service-account"]},"Status":null,"Extra":null}
2026-05-23T07:36:10.820600Z	debug	failed to extract annotations map from k8s object, create an empty annotations map
2026-05-23T07:36:10.820613Z	debug	configapply	computed hash for DestinationRule:xcp-multicluster/global-gateway-echo-term-tetrate-io - e92850b1e6b8980840d6c596ad130d3c
2026-05-23T07:36:10.820620Z	debug	discovery-server	same hash so neither creating nor updating
2026-05-23T07:36:10.820601Z	debug	failed to extract annotations map from k8s object, create an empty annotations map
2026-05-23T07:36:10.820626Z	debug	configapply	computed hash for ServiceEntry:xcp-multicluster/global-gateway-echo-term-tetrate-io - 3090fffbddf28bf6a0caf3a59cc62f5c
2026-05-23T07:36:10.820628Z	debug	discovery-server	same hash so neither creating nor updating
2026-05-23T07:36:10.820635Z	debug	resource-cache	[xcp-multicluster] ResourceCache length 11
2026-05-23T07:36:10.820640Z	debug	resource-cache	[xcp-multicluster] ===END: Apply request for 2 objects in 0.000169 s
2026-05-23T07:36:10.820644Z	debug	debounce	notify cbk returned	id=9ad7a678
2026-05-23T07:36:10.820646Z	debug	debounce	Applying steady step-up. maxSilentCurrent updated to: 10ms	id=9ad7a678
2026-05-23T07:36:10.832260Z	debug	debounce	resetting maxSilentCurrent. updated: 10ms	id=9ad7a678
2026-05-23T07:36:12.349210Z	debug	discovery-server	Sending config resync request update to central xcp
2026-05-23T07:36:12.349249Z	debug	discovery-server	Done sending config resync request to central xcp
2026-05-23T07:36:12.349556Z	debug	discovery-server	Received resync keepalive response from central xcp.
2026-05-23T07:36:12.349571Z	debug	discovery-server	Waiting on recv for crds
2026-05-23T07:36:12.808247Z	debug	debounce	resetting maxSilentCurrent. updated: 1s	id=c8a91734
2026-05-23T07:37:12.350122Z	debug	discovery-server	Sending config resync request update to central xcp
2026-05-23T07:37:12.350169Z	debug	discovery-server	Done sending config resync request to central xcp
2026-05-23T07:37:12.350605Z	debug	discovery-server	Received resync keepalive response from central xcp.
2026-05-23T07:37:12.350629Z	debug	discovery-server	Waiting on recv for crds
2026-05-23T07:37:23.601354Z	debug	security	Read provided XCP Central certificate chain:
-----BEGIN CERTIFICATE-----
MIIFbTCCA1WgAwIBAgIUBD0/+0EfuEYZvVjrKE5cvNEja8swDQYJKoZIhvcNAQEL
BQAwRjELMAkGA1UEBhMCVVMxCzAJBgNVBAgMAkNBMRAwDgYDVQQKDAdUZXRyYXRl
MRgwFgYDVQQDDA9YQ1AtZTJlLXRlc3QtY2EwHhcNMjQwNjE3MTMxMjAzWhcNMzQw
NjE1MTMxMjAzWjBGMQswCQYDVQQGEwJVUzELMAkGA1UECAwCQ0ExEDAOBgNVBAoM
B1RldHJhdGUxGDAWBgNVBAMMD1hDUC1lMmUtdGVzdC1jYTCCAiIwDQYJKoZIhvcN
AQEBBQADggIPADCCAgoCggIBAIkO9mBBITqNjJed3zjKhu15p4EkX7qkDaKQjQdu
9zEvocDbtZU81ibmjuQFlL0vAiqHfKA8nUXKdidI9xHNdS7xUp3IlZoEFWX1jBUD
SLgQooe8BIIcEXfkVO019jLfMbDB5tQ6jzsjZ4F3ER5wh5rkLhEfbvq4ZiF3zQD/
82LDU5vwJ91qDWCHl8og9rla5MaAX2fTZhkQUQJiDip9uZ0Ft5lai1fKq8gICrod
4iPfiZH6sJB5cTC/aHd8CHY3FrJp8ZuGhZQzaV6PvfdFsCr+EISDlCkNdlNov7hA
Z8F8bRGrEqPAcYsS/Kk94oLAQBW7YvTPBrFnDWmyMnaKjCLGqTHmAY3tTrSI31lb
rnNakF2EGziOwNjxsI84d61U6KFtXMtsgKCNJr/MORVS/0f9yA7Q0WE5bEdx24m9
+qaWnMd5FtjC38GEALfSmo9YN3+Q+M+hdfipPKpv0khjHX7yPTrFvAOHi1wsy3Hj
1OdDFr/H9pG12DnlToVruVDfr5xypoWNK8pf2utZcMOcBzdfMNAVCqeE84BrPu2c
8mHinMfWX10X14nd2gdMUYyBgGqJGqiLuFMdthyCWpmg9BbYK013Esn36v8ap7gE
/VIiY/YTYNtmKE12IhBDa+y6izBXo69OAMB7iZHPDW5lnAXKfpGtaZO+9pqrTCI0
vdNTAgMBAAGjUzBRMB0GA1UdDgQWBBSlvheSoWwG4xtqKfuEWkYlmN0YbTAfBgNV
HSMEGDAWgBSlvheSoWwG4xtqKfuEWkYlmN0YbTAPBgNVHRMBAf8EBTADAQH/MA0G
CSqGSIb3DQEBCwUAA4ICAQACp7Yw/dQGSinvV0Z5kYjugapyBE7iIpyqRh2UgYzz
HT3bcXfSz95YO/TB+utF1C8g4yqxW8b5G0EIRgg9uqtxvrGmK18o6x2N1GEeCcfU
ke2xqrOP7dpWk3uwT2aeJN/LjfqR2KADscKtD7V5EN8v3JgH3Ul0M5g9RalaEppv
yQr0H9B8sdxRawIxD+HO1S/lsQhlGGCmgTQQF23gRmL1oxwR3Mujx9Se2NHZi0ha
fcyll1OLtUxsD6cNjwiqoiv5J1TV9Ukux2tyO/gQmdheuyZoKt6+lObL8DIStQuK
IGcaX7mMKGMD7URAR4crUSP6AFHZ4tRJ7Ryu0vv2+JBjH24LVM8PIHQYqgnAohar
7n/laa7bXlKueuTo7EAVGTYPnV/CGYm/MKJ1cYll/aRBFYcU4m+fOF4AAOo/8umu
kFFHbv+Abnei/pEYb77vsBaHE68gT5YLM/pY/6XXa2+UVROCBQXbLps/0GZk2FTS
tHKBteLYBVia9F7HSAP1wAl4qt+r7D7wm9gtchwp2vqNI6vMJYHSDbjk9q255DVs
Tew5/zH2PlvDaNMyLCnueC9VzFqBou/ZDmqUyOAlxDr4VC5NwnbgT8eyqcwlip3Y
9IWjGcTB5TSlndw5NVe48g1UTtR5Ji7mRyZxtLjLu0JPby9UJeM7ouJ+/y6ybh3U
oQ==
-----END CERTIFICATE-----

2026-05-23T07:37:23.601439Z	info	grpc-client	Fetched CA certificates required to verify connection to central
2026-05-23T07:37:24.601818Z	error	stream	[config-status] Error receiving on stream: gRPC status code Unavailable: closing transport due to: connection error: desc = "error reading from server: EOF", received prior goaway: code: ENHANCE_YOUR_CALM, debug data: "too_many_pings"	name=config-status-5ee97d88
2026-05-23T07:37:24.601853Z	debug	stream	[config-status] canceling context	name=config-status-5ee97d88
2026-05-23T07:37:24.601856Z	debug	stream	[config-status] wg wait	name=config-status-5ee97d88
2026-05-23T07:37:24.601866Z	error	stream	[config-status] Error sending on stream: sendFunc returning on exit	name=config-status-5ee97d88
2026-05-23T07:37:24.601869Z	warn	stream	[config-status] Error sending on stream: sendFunc returning on exit	name=config-status-5ee97d88
2026-05-23T07:37:24.601871Z	debug	stream	[config-status] closing stream	name=config-status-5ee97d88
2026-05-23T07:37:24.601873Z	debug	stream	[config-status] sending CloseSend	name=config-status-5ee97d88
2026-05-23T07:37:24.601887Z	info	stream	[config-status] closed stream, err=<nil>	name=config-status-5ee97d88
2026-05-23T07:37:24.601889Z	info	stream	[config-status] establishing new stream	name=config-status-5ee97d88
2026-05-23T07:37:24.601893Z	info	stream	[config-status] connecting new permanent stream with max age 8760h0m0s	name=config-status-5ee97d88
2026-05-23T07:37:24.602006Z	info	discovery-server	Connecting to XCP central using JWT auth
2026-05-23T07:37:24.602049Z	debug	security	Read provided XCP Central certificate chain:
-----BEGIN CERTIFICATE-----
MIIFbTCCA1WgAwIBAgIUBD0/+0EfuEYZvVjrKE5cvNEja8swDQYJKoZIhvcNAQEL
BQAwRjELMAkGA1UEBhMCVVMxCzAJBgNVBAgMAkNBMRAwDgYDVQQKDAdUZXRyYXRl
MRgwFgYDVQQDDA9YQ1AtZTJlLXRlc3QtY2EwHhcNMjQwNjE3MTMxMjAzWhcNMzQw
NjE1MTMxMjAzWjBGMQswCQYDVQQGEwJVUzELMAkGA1UECAwCQ0ExEDAOBgNVBAoM
B1RldHJhdGUxGDAWBgNVBAMMD1hDUC1lMmUtdGVzdC1jYTCCAiIwDQYJKoZIhvcN
AQEBBQADggIPADCCAgoCggIBAIkO9mBBITqNjJed3zjKhu15p4EkX7qkDaKQjQdu
9zEvocDbtZU81ibmjuQFlL0vAiqHfKA8nUXKdidI9xHNdS7xUp3IlZoEFWX1jBUD
SLgQooe8BIIcEXfkVO019jLfMbDB5tQ6jzsjZ4F3ER5wh5rkLhEfbvq4ZiF3zQD/
82LDU5vwJ91qDWCHl8og9rla5MaAX2fTZhkQUQJiDip9uZ0Ft5lai1fKq8gICrod
4iPfiZH6sJB5cTC/aHd8CHY3FrJp8ZuGhZQzaV6PvfdFsCr+EISDlCkNdlNov7hA
Z8F8bRGrEqPAcYsS/Kk94oLAQBW7YvTPBrFnDWmyMnaKjCLGqTHmAY3tTrSI31lb
rnNakF2EGziOwNjxsI84d61U6KFtXMtsgKCNJr/MORVS/0f9yA7Q0WE5bEdx24m9
+qaWnMd5FtjC38GEALfSmo9YN3+Q+M+hdfipPKpv0khjHX7yPTrFvAOHi1wsy3Hj
1OdDFr/H9pG12DnlToVruVDfr5xypoWNK8pf2utZcMOcBzdfMNAVCqeE84BrPu2c
8mHinMfWX10X14nd2gdMUYyBgGqJGqiLuFMdthyCWpmg9BbYK013Esn36v8ap7gE
/VIiY/YTYNtmKE12IhBDa+y6izBXo69OAMB7iZHPDW5lnAXKfpGtaZO+9pqrTCI0
vdNTAgMBAAGjUzBRMB0GA1UdDgQWBBSlvheSoWwG4xtqKfuEWkYlmN0YbTAfBgNV
HSMEGDAWgBSlvheSoWwG4xtqKfuEWkYlmN0YbTAPBgNVHRMBAf8EBTADAQH/MA0G
CSqGSIb3DQEBCwUAA4ICAQACp7Yw/dQGSinvV0Z5kYjugapyBE7iIpyqRh2UgYzz
HT3bcXfSz95YO/TB+utF1C8g4yqxW8b5G0EIRgg9uqtxvrGmK18o6x2N1GEeCcfU
ke2xqrOP7dpWk3uwT2aeJN/LjfqR2KADscKtD7V5EN8v3JgH3Ul0M5g9RalaEppv
yQr0H9B8sdxRawIxD+HO1S/lsQhlGGCmgTQQF23gRmL1oxwR3Mujx9Se2NHZi0ha
fcyll1OLtUxsD6cNjwiqoiv5J1TV9Ukux2tyO/gQmdheuyZoKt6+lObL8DIStQuK
IGcaX7mMKGMD7URAR4crUSP6AFHZ4tRJ7Ryu0vv2+JBjH24LVM8PIHQYqgnAohar
7n/laa7bXlKueuTo7EAVGTYPnV/CGYm/MKJ1cYll/aRBFYcU4m+fOF4AAOo/8umu
kFFHbv+Abnei/pEYb77vsBaHE68gT5YLM/pY/6XXa2+UVROCBQXbLps/0GZk2FTS
tHKBteLYBVia9F7HSAP1wAl4qt+r7D7wm9gtchwp2vqNI6vMJYHSDbjk9q255DVs
Tew5/zH2PlvDaNMyLCnueC9VzFqBou/ZDmqUyOAlxDr4VC5NwnbgT8eyqcwlip3Y
9IWjGcTB5TSlndw5NVe48g1UTtR5Ji7mRyZxtLjLu0JPby9UJeM7ouJ+/y6ybh3U
oQ==
-----END CERTIFICATE-----

2026-05-23T07:37:24.602081Z	info	grpc-client	Fetched CA certificates required to verify connection to central
2026-05-23T07:37:24.602090Z	debug	security	Read provided XCP Central certificate chain:
-----BEGIN CERTIFICATE-----
MIIFbTCCA1WgAwIBAgIUBD0/+0EfuEYZvVjrKE5cvNEja8swDQYJKoZIhvcNAQEL
BQAwRjELMAkGA1UEBhMCVVMxCzAJBgNVBAgMAkNBMRAwDgYDVQQKDAdUZXRyYXRl
MRgwFgYDVQQDDA9YQ1AtZTJlLXRlc3QtY2EwHhcNMjQwNjE3MTMxMjAzWhcNMzQw
NjE1MTMxMjAzWjBGMQswCQYDVQQGEwJVUzELMAkGA1UECAwCQ0ExEDAOBgNVBAoM
B1RldHJhdGUxGDAWBgNVBAMMD1hDUC1lMmUtdGVzdC1jYTCCAiIwDQYJKoZIhvcN
AQEBBQADggIPADCCAgoCggIBAIkO9mBBITqNjJed3zjKhu15p4EkX7qkDaKQjQdu
9zEvocDbtZU81ibmjuQFlL0vAiqHfKA8nUXKdidI9xHNdS7xUp3IlZoEFWX1jBUD
SLgQooe8BIIcEXfkVO019jLfMbDB5tQ6jzsjZ4F3ER5wh5rkLhEfbvq4ZiF3zQD/
82LDU5vwJ91qDWCHl8og9rla5MaAX2fTZhkQUQJiDip9uZ0Ft5lai1fKq8gICrod
4iPfiZH6sJB5cTC/aHd8CHY3FrJp8ZuGhZQzaV6PvfdFsCr+EISDlCkNdlNov7hA
Z8F8bRGrEqPAcYsS/Kk94oLAQBW7YvTPBrFnDWmyMnaKjCLGqTHmAY3tTrSI31lb
rnNakF2EGziOwNjxsI84d61U6KFtXMtsgKCNJr/MORVS/0f9yA7Q0WE5bEdx24m9
+qaWnMd5FtjC38GEALfSmo9YN3+Q+M+hdfipPKpv0khjHX7yPTrFvAOHi1wsy3Hj
1OdDFr/H9pG12DnlToVruVDfr5xypoWNK8pf2utZcMOcBzdfMNAVCqeE84BrPu2c
8mHinMfWX10X14nd2gdMUYyBgGqJGqiLuFMdthyCWpmg9BbYK013Esn36v8ap7gE
/VIiY/YTYNtmKE12IhBDa+y6izBXo69OAMB7iZHPDW5lnAXKfpGtaZO+9pqrTCI0
vdNTAgMBAAGjUzBRMB0GA1UdDgQWBBSlvheSoWwG4xtqKfuEWkYlmN0YbTAfBgNV
HSMEGDAWgBSlvheSoWwG4xtqKfuEWkYlmN0YbTAPBgNVHRMBAf8EBTADAQH/MA0G
CSqGSIb3DQEBCwUAA4ICAQACp7Yw/dQGSinvV0Z5kYjugapyBE7iIpyqRh2UgYzz
HT3bcXfSz95YO/TB+utF1C8g4yqxW8b5G0EIRgg9uqtxvrGmK18o6x2N1GEeCcfU
ke2xqrOP7dpWk3uwT2aeJN/LjfqR2KADscKtD7V5EN8v3JgH3Ul0M5g9RalaEppv
yQr0H9B8sdxRawIxD+HO1S/lsQhlGGCmgTQQF23gRmL1oxwR3Mujx9Se2NHZi0ha
fcyll1OLtUxsD6cNjwiqoiv5J1TV9Ukux2tyO/gQmdheuyZoKt6+lObL8DIStQuK
IGcaX7mMKGMD7URAR4crUSP6AFHZ4tRJ7Ryu0vv2+JBjH24LVM8PIHQYqgnAohar
7n/laa7bXlKueuTo7EAVGTYPnV/CGYm/MKJ1cYll/aRBFYcU4m+fOF4AAOo/8umu
kFFHbv+Abnei/pEYb77vsBaHE68gT5YLM/pY/6XXa2+UVROCBQXbLps/0GZk2FTS
tHKBteLYBVia9F7HSAP1wAl4qt+r7D7wm9gtchwp2vqNI6vMJYHSDbjk9q255DVs
Tew5/zH2PlvDaNMyLCnueC9VzFqBou/ZDmqUyOAlxDr4VC5NwnbgT8eyqcwlip3Y
9IWjGcTB5TSlndw5NVe48g1UTtR5Ji7mRyZxtLjLu0JPby9UJeM7ouJ+/y6ybh3U
oQ==
-----END CERTIFICATE-----

2026-05-23T07:37:24.602104Z	info	grpc-client	Fetched CA certificates required to verify connection to central
2026-05-23T07:37:24.602612Z	debug	security	Read provided XCP Central certificate chain:
-----BEGIN CERTIFICATE-----
MIIFbTCCA1WgAwIBAgIUBD0/+0EfuEYZvVjrKE5cvNEja8swDQYJKoZIhvcNAQEL
BQAwRjELMAkGA1UEBhMCVVMxCzAJBgNVBAgMAkNBMRAwDgYDVQQKDAdUZXRyYXRl
MRgwFgYDVQQDDA9YQ1AtZTJlLXRlc3QtY2EwHhcNMjQwNjE3MTMxMjAzWhcNMzQw
NjE1MTMxMjAzWjBGMQswCQYDVQQGEwJVUzELMAkGA1UECAwCQ0ExEDAOBgNVBAoM
B1RldHJhdGUxGDAWBgNVBAMMD1hDUC1lMmUtdGVzdC1jYTCCAiIwDQYJKoZIhvcN
AQEBBQADggIPADCCAgoCggIBAIkO9mBBITqNjJed3zjKhu15p4EkX7qkDaKQjQdu
9zEvocDbtZU81ibmjuQFlL0vAiqHfKA8nUXKdidI9xHNdS7xUp3IlZoEFWX1jBUD
SLgQooe8BIIcEXfkVO019jLfMbDB5tQ6jzsjZ4F3ER5wh5rkLhEfbvq4ZiF3zQD/
82LDU5vwJ91qDWCHl8og9rla5MaAX2fTZhkQUQJiDip9uZ0Ft5lai1fKq8gICrod
4iPfiZH6sJB5cTC/aHd8CHY3FrJp8ZuGhZQzaV6PvfdFsCr+EISDlCkNdlNov7hA
Z8F8bRGrEqPAcYsS/Kk94oLAQBW7YvTPBrFnDWmyMnaKjCLGqTHmAY3tTrSI31lb
rnNakF2EGziOwNjxsI84d61U6KFtXMtsgKCNJr/MORVS/0f9yA7Q0WE5bEdx24m9
+qaWnMd5FtjC38GEALfSmo9YN3+Q+M+hdfipPKpv0khjHX7yPTrFvAOHi1wsy3Hj
1OdDFr/H9pG12DnlToVruVDfr5xypoWNK8pf2utZcMOcBzdfMNAVCqeE84BrPu2c
8mHinMfWX10X14nd2gdMUYyBgGqJGqiLuFMdthyCWpmg9BbYK013Esn36v8ap7gE
/VIiY/YTYNtmKE12IhBDa+y6izBXo69OAMB7iZHPDW5lnAXKfpGtaZO+9pqrTCI0
vdNTAgMBAAGjUzBRMB0GA1UdDgQWBBSlvheSoWwG4xtqKfuEWkYlmN0YbTAfBgNV
HSMEGDAWgBSlvheSoWwG4xtqKfuEWkYlmN0YbTAPBgNVHRMBAf8EBTADAQH/MA0G
CSqGSIb3DQEBCwUAA4ICAQACp7Yw/dQGSinvV0Z5kYjugapyBE7iIpyqRh2UgYzz
HT3bcXfSz95YO/TB+utF1C8g4yqxW8b5G0EIRgg9uqtxvrGmK18o6x2N1GEeCcfU
ke2xqrOP7dpWk3uwT2aeJN/LjfqR2KADscKtD7V5EN8v3JgH3Ul0M5g9RalaEppv
yQr0H9B8sdxRawIxD+HO1S/lsQhlGGCmgTQQF23gRmL1oxwR3Mujx9Se2NHZi0ha
fcyll1OLtUxsD6cNjwiqoiv5J1TV9Ukux2tyO/gQmdheuyZoKt6+lObL8DIStQuK
IGcaX7mMKGMD7URAR4crUSP6AFHZ4tRJ7Ryu0vv2+JBjH24LVM8PIHQYqgnAohar
7n/laa7bXlKueuTo7EAVGTYPnV/CGYm/MKJ1cYll/aRBFYcU4m+fOF4AAOo/8umu
kFFHbv+Abnei/pEYb77vsBaHE68gT5YLM/pY/6XXa2+UVROCBQXbLps/0GZk2FTS
tHKBteLYBVia9F7HSAP1wAl4qt+r7D7wm9gtchwp2vqNI6vMJYHSDbjk9q255DVs
Tew5/zH2PlvDaNMyLCnueC9VzFqBou/ZDmqUyOAlxDr4VC5NwnbgT8eyqcwlip3Y
9IWjGcTB5TSlndw5NVe48g1UTtR5Ji7mRyZxtLjLu0JPby9UJeM7ouJ+/y6ybh3U
oQ==
-----END CERTIFICATE-----

2026-05-23T07:37:24.602659Z	info	grpc-client	Fetched CA certificates required to verify connection to central
2026-05-23T07:37:24.604957Z	info	stream	[config-status] connected	name=config-status-5ee97d88
2026-05-23T07:37:24.604978Z	debug	stream	[config-status] Spawning cluster statusLabel send goroutine	name=config-status-5ee97d88
2026-05-23T07:37:24.605003Z	debug	status	re-triggering status report on connect
2026-05-23T07:37:24.605011Z	debug	status	sent-epoch(64) matches generated-epoch(64) and hence skipping
2026-05-23T07:38:12.351388Z	debug	discovery-server	Sending config resync request update to central xcp
2026-05-23T07:38:12.351434Z	debug	discovery-server	Done sending config resync request to central xcp
2026-05-23T07:38:12.351792Z	debug	discovery-server	Received resync keepalive response from central xcp.
2026-05-23T07:38:12.351808Z	debug	discovery-server	Waiting on recv for crds
2026-05-23T07:39:12.353211Z	debug	discovery-server	Sending config resync request update to central xcp
2026-05-23T07:39:12.353269Z	debug	discovery-server	Done sending config resync request to central xcp
2026-05-23T07:39:12.353565Z	debug	discovery-server	Received resync keepalive response from central xcp.
2026-05-23T07:39:12.353580Z	debug	discovery-server	Waiting on recv for crds
2026-05-23T07:39:24.610831Z	debug	security	Read provided XCP Central certificate chain:
-----BEGIN CERTIFICATE-----
MIIFbTCCA1WgAwIBAgIUBD0/+0EfuEYZvVjrKE5cvNEja8swDQYJKoZIhvcNAQEL
BQAwRjELMAkGA1UEBhMCVVMxCzAJBgNVBAgMAkNBMRAwDgYDVQQKDAdUZXRyYXRl
MRgwFgYDVQQDDA9YQ1AtZTJlLXRlc3QtY2EwHhcNMjQwNjE3MTMxMjAzWhcNMzQw
NjE1MTMxMjAzWjBGMQswCQYDVQQGEwJVUzELMAkGA1UECAwCQ0ExEDAOBgNVBAoM
B1RldHJhdGUxGDAWBgNVBAMMD1hDUC1lMmUtdGVzdC1jYTCCAiIwDQYJKoZIhvcN
AQEBBQADggIPADCCAgoCggIBAIkO9mBBITqNjJed3zjKhu15p4EkX7qkDaKQjQdu
9zEvocDbtZU81ibmjuQFlL0vAiqHfKA8nUXKdidI9xHNdS7xUp3IlZoEFWX1jBUD
SLgQooe8BIIcEXfkVO019jLfMbDB5tQ6jzsjZ4F3ER5wh5rkLhEfbvq4ZiF3zQD/
82LDU5vwJ91qDWCHl8og9rla5MaAX2fTZhkQUQJiDip9uZ0Ft5lai1fKq8gICrod
4iPfiZH6sJB5cTC/aHd8CHY3FrJp8ZuGhZQzaV6PvfdFsCr+EISDlCkNdlNov7hA
Z8F8bRGrEqPAcYsS/Kk94oLAQBW7YvTPBrFnDWmyMnaKjCLGqTHmAY3tTrSI31lb
rnNakF2EGziOwNjxsI84d61U6KFtXMtsgKCNJr/MORVS/0f9yA7Q0WE5bEdx24m9
+qaWnMd5FtjC38GEALfSmo9YN3+Q+M+hdfipPKpv0khjHX7yPTrFvAOHi1wsy3Hj
1OdDFr/H9pG12DnlToVruVDfr5xypoWNK8pf2utZcMOcBzdfMNAVCqeE84BrPu2c
8mHinMfWX10X14nd2gdMUYyBgGqJGqiLuFMdthyCWpmg9BbYK013Esn36v8ap7gE
/VIiY/YTYNtmKE12IhBDa+y6izBXo69OAMB7iZHPDW5lnAXKfpGtaZO+9pqrTCI0
vdNTAgMBAAGjUzBRMB0GA1UdDgQWBBSlvheSoWwG4xtqKfuEWkYlmN0YbTAfBgNV
HSMEGDAWgBSlvheSoWwG4xtqKfuEWkYlmN0YbTAPBgNVHRMBAf8EBTADAQH/MA0G
CSqGSIb3DQEBCwUAA4ICAQACp7Yw/dQGSinvV0Z5kYjugapyBE7iIpyqRh2UgYzz
HT3bcXfSz95YO/TB+utF1C8g4yqxW8b5G0EIRgg9uqtxvrGmK18o6x2N1GEeCcfU
ke2xqrOP7dpWk3uwT2aeJN/LjfqR2KADscKtD7V5EN8v3JgH3Ul0M5g9RalaEppv
yQr0H9B8sdxRawIxD+HO1S/lsQhlGGCmgTQQF23gRmL1oxwR3Mujx9Se2NHZi0ha
fcyll1OLtUxsD6cNjwiqoiv5J1TV9Ukux2tyO/gQmdheuyZoKt6+lObL8DIStQuK
IGcaX7mMKGMD7URAR4crUSP6AFHZ4tRJ7Ryu0vv2+JBjH24LVM8PIHQYqgnAohar
7n/laa7bXlKueuTo7EAVGTYPnV/CGYm/MKJ1cYll/aRBFYcU4m+fOF4AAOo/8umu
kFFHbv+Abnei/pEYb77vsBaHE68gT5YLM/pY/6XXa2+UVROCBQXbLps/0GZk2FTS
tHKBteLYBVia9F7HSAP1wAl4qt+r7D7wm9gtchwp2vqNI6vMJYHSDbjk9q255DVs
Tew5/zH2PlvDaNMyLCnueC9VzFqBou/ZDmqUyOAlxDr4VC5NwnbgT8eyqcwlip3Y
9IWjGcTB5TSlndw5NVe48g1UTtR5Ji7mRyZxtLjLu0JPby9UJeM7ouJ+/y6ybh3U
oQ==
-----END CERTIFICATE-----

2026-05-23T07:39:24.610898Z	info	grpc-client	Fetched CA certificates required to verify connection to central
2026-05-23T07:39:25.612349Z	error	stream	[config-status] Error receiving on stream: gRPC status code Unavailable: closing transport due to: connection error: desc = "error reading from server: EOF", received prior goaway: code: ENHANCE_YOUR_CALM, debug data: "too_many_pings"	name=config-status-5ee97d88
2026-05-23T07:39:25.612380Z	debug	stream	[config-status] canceling context	name=config-status-5ee97d88
2026-05-23T07:39:25.612383Z	debug	stream	[config-status] wg wait	name=config-status-5ee97d88
2026-05-23T07:39:25.612389Z	error	stream	[config-status] Error sending on stream: sendFunc returning on exit	name=config-status-5ee97d88
2026-05-23T07:39:25.612392Z	warn	stream	[config-status] Error sending on stream: sendFunc returning on exit	name=config-status-5ee97d88
2026-05-23T07:39:25.612395Z	debug	stream	[config-status] closing stream	name=config-status-5ee97d88
2026-05-23T07:39:25.612396Z	debug	stream	[config-status] sending CloseSend	name=config-status-5ee97d88
2026-05-23T07:39:25.612400Z	info	stream	[config-status] closed stream, err=<nil>	name=config-status-5ee97d88
2026-05-23T07:39:25.612402Z	info	stream	[config-status] establishing new stream	name=config-status-5ee97d88
2026-05-23T07:39:25.612406Z	info	stream	[config-status] connecting new permanent stream with max age 8760h0m0s	name=config-status-5ee97d88
2026-05-23T07:39:25.612511Z	info	discovery-server	Connecting to XCP central using JWT auth
2026-05-23T07:39:25.612552Z	debug	security	Read provided XCP Central certificate chain:
-----BEGIN CERTIFICATE-----
MIIFbTCCA1WgAwIBAgIUBD0/+0EfuEYZvVjrKE5cvNEja8swDQYJKoZIhvcNAQEL
BQAwRjELMAkGA1UEBhMCVVMxCzAJBgNVBAgMAkNBMRAwDgYDVQQKDAdUZXRyYXRl
MRgwFgYDVQQDDA9YQ1AtZTJlLXRlc3QtY2EwHhcNMjQwNjE3MTMxMjAzWhcNMzQw
NjE1MTMxMjAzWjBGMQswCQYDVQQGEwJVUzELMAkGA1UECAwCQ0ExEDAOBgNVBAoM
B1RldHJhdGUxGDAWBgNVBAMMD1hDUC1lMmUtdGVzdC1jYTCCAiIwDQYJKoZIhvcN
AQEBBQADggIPADCCAgoCggIBAIkO9mBBITqNjJed3zjKhu15p4EkX7qkDaKQjQdu
9zEvocDbtZU81ibmjuQFlL0vAiqHfKA8nUXKdidI9xHNdS7xUp3IlZoEFWX1jBUD
SLgQooe8BIIcEXfkVO019jLfMbDB5tQ6jzsjZ4F3ER5wh5rkLhEfbvq4ZiF3zQD/
82LDU5vwJ91qDWCHl8og9rla5MaAX2fTZhkQUQJiDip9uZ0Ft5lai1fKq8gICrod
4iPfiZH6sJB5cTC/aHd8CHY3FrJp8ZuGhZQzaV6PvfdFsCr+EISDlCkNdlNov7hA
Z8F8bRGrEqPAcYsS/Kk94oLAQBW7YvTPBrFnDWmyMnaKjCLGqTHmAY3tTrSI31lb
rnNakF2EGziOwNjxsI84d61U6KFtXMtsgKCNJr/MORVS/0f9yA7Q0WE5bEdx24m9
+qaWnMd5FtjC38GEALfSmo9YN3+Q+M+hdfipPKpv0khjHX7yPTrFvAOHi1wsy3Hj
1OdDFr/H9pG12DnlToVruVDfr5xypoWNK8pf2utZcMOcBzdfMNAVCqeE84BrPu2c
8mHinMfWX10X14nd2gdMUYyBgGqJGqiLuFMdthyCWpmg9BbYK013Esn36v8ap7gE
/VIiY/YTYNtmKE12IhBDa+y6izBXo69OAMB7iZHPDW5lnAXKfpGtaZO+9pqrTCI0
vdNTAgMBAAGjUzBRMB0GA1UdDgQWBBSlvheSoWwG4xtqKfuEWkYlmN0YbTAfBgNV
HSMEGDAWgBSlvheSoWwG4xtqKfuEWkYlmN0YbTAPBgNVHRMBAf8EBTADAQH/MA0G
CSqGSIb3DQEBCwUAA4ICAQACp7Yw/dQGSinvV0Z5kYjugapyBE7iIpyqRh2UgYzz
HT3bcXfSz95YO/TB+utF1C8g4yqxW8b5G0EIRgg9uqtxvrGmK18o6x2N1GEeCcfU
ke2xqrOP7dpWk3uwT2aeJN/LjfqR2KADscKtD7V5EN8v3JgH3Ul0M5g9RalaEppv
yQr0H9B8sdxRawIxD+HO1S/lsQhlGGCmgTQQF23gRmL1oxwR3Mujx9Se2NHZi0ha
fcyll1OLtUxsD6cNjwiqoiv5J1TV9Ukux2tyO/gQmdheuyZoKt6+lObL8DIStQuK
IGcaX7mMKGMD7URAR4crUSP6AFHZ4tRJ7Ryu0vv2+JBjH24LVM8PIHQYqgnAohar
7n/laa7bXlKueuTo7EAVGTYPnV/CGYm/MKJ1cYll/aRBFYcU4m+fOF4AAOo/8umu
kFFHbv+Abnei/pEYb77vsBaHE68gT5YLM/pY/6XXa2+UVROCBQXbLps/0GZk2FTS
tHKBteLYBVia9F7HSAP1wAl4qt+r7D7wm9gtchwp2vqNI6vMJYHSDbjk9q255DVs
Tew5/zH2PlvDaNMyLCnueC9VzFqBou/ZDmqUyOAlxDr4VC5NwnbgT8eyqcwlip3Y
9IWjGcTB5TSlndw5NVe48g1UTtR5Ji7mRyZxtLjLu0JPby9UJeM7ouJ+/y6ybh3U
oQ==
-----END CERTIFICATE-----

2026-05-23T07:39:25.612586Z	info	grpc-client	Fetched CA certificates required to verify connection to central
2026-05-23T07:39:25.612596Z	debug	security	Read provided XCP Central certificate chain:
-----BEGIN CERTIFICATE-----
MIIFbTCCA1WgAwIBAgIUBD0/+0EfuEYZvVjrKE5cvNEja8swDQYJKoZIhvcNAQEL
BQAwRjELMAkGA1UEBhMCVVMxCzAJBgNVBAgMAkNBMRAwDgYDVQQKDAdUZXRyYXRl
MRgwFgYDVQQDDA9YQ1AtZTJlLXRlc3QtY2EwHhcNMjQwNjE3MTMxMjAzWhcNMzQw
NjE1MTMxMjAzWjBGMQswCQYDVQQGEwJVUzELMAkGA1UECAwCQ0ExEDAOBgNVBAoM
B1RldHJhdGUxGDAWBgNVBAMMD1hDUC1lMmUtdGVzdC1jYTCCAiIwDQYJKoZIhvcN
AQEBBQADggIPADCCAgoCggIBAIkO9mBBITqNjJed3zjKhu15p4EkX7qkDaKQjQdu
9zEvocDbtZU81ibmjuQFlL0vAiqHfKA8nUXKdidI9xHNdS7xUp3IlZoEFWX1jBUD
SLgQooe8BIIcEXfkVO019jLfMbDB5tQ6jzsjZ4F3ER5wh5rkLhEfbvq4ZiF3zQD/
82LDU5vwJ91qDWCHl8og9rla5MaAX2fTZhkQUQJiDip9uZ0Ft5lai1fKq8gICrod
4iPfiZH6sJB5cTC/aHd8CHY3FrJp8ZuGhZQzaV6PvfdFsCr+EISDlCkNdlNov7hA
Z8F8bRGrEqPAcYsS/Kk94oLAQBW7YvTPBrFnDWmyMnaKjCLGqTHmAY3tTrSI31lb
rnNakF2EGziOwNjxsI84d61U6KFtXMtsgKCNJr/MORVS/0f9yA7Q0WE5bEdx24m9
+qaWnMd5FtjC38GEALfSmo9YN3+Q+M+hdfipPKpv0khjHX7yPTrFvAOHi1wsy3Hj
1OdDFr/H9pG12DnlToVruVDfr5xypoWNK8pf2utZcMOcBzdfMNAVCqeE84BrPu2c
8mHinMfWX10X14nd2gdMUYyBgGqJGqiLuFMdthyCWpmg9BbYK013Esn36v8ap7gE
/VIiY/YTYNtmKE12IhBDa+y6izBXo69OAMB7iZHPDW5lnAXKfpGtaZO+9pqrTCI0
vdNTAgMBAAGjUzBRMB0GA1UdDgQWBBSlvheSoWwG4xtqKfuEWkYlmN0YbTAfBgNV
HSMEGDAWgBSlvheSoWwG4xtqKfuEWkYlmN0YbTAPBgNVHRMBAf8EBTADAQH/MA0G
CSqGSIb3DQEBCwUAA4ICAQACp7Yw/dQGSinvV0Z5kYjugapyBE7iIpyqRh2UgYzz
HT3bcXfSz95YO/TB+utF1C8g4yqxW8b5G0EIRgg9uqtxvrGmK18o6x2N1GEeCcfU
ke2xqrOP7dpWk3uwT2aeJN/LjfqR2KADscKtD7V5EN8v3JgH3Ul0M5g9RalaEppv
yQr0H9B8sdxRawIxD+HO1S/lsQhlGGCmgTQQF23gRmL1oxwR3Mujx9Se2NHZi0ha
fcyll1OLtUxsD6cNjwiqoiv5J1TV9Ukux2tyO/gQmdheuyZoKt6+lObL8DIStQuK
IGcaX7mMKGMD7URAR4crUSP6AFHZ4tRJ7Ryu0vv2+JBjH24LVM8PIHQYqgnAohar
7n/laa7bXlKueuTo7EAVGTYPnV/CGYm/MKJ1cYll/aRBFYcU4m+fOF4AAOo/8umu
kFFHbv+Abnei/pEYb77vsBaHE68gT5YLM/pY/6XXa2+UVROCBQXbLps/0GZk2FTS
tHKBteLYBVia9F7HSAP1wAl4qt+r7D7wm9gtchwp2vqNI6vMJYHSDbjk9q255DVs
Tew5/zH2PlvDaNMyLCnueC9VzFqBou/ZDmqUyOAlxDr4VC5NwnbgT8eyqcwlip3Y
9IWjGcTB5TSlndw5NVe48g1UTtR5Ji7mRyZxtLjLu0JPby9UJeM7ouJ+/y6ybh3U
oQ==
-----END CERTIFICATE-----

2026-05-23T07:39:25.612608Z	info	grpc-client	Fetched CA certificates required to verify connection to central
2026-05-23T07:39:25.613157Z	debug	security	Read provided XCP Central certificate chain:
-----BEGIN CERTIFICATE-----
MIIFbTCCA1WgAwIBAgIUBD0/+0EfuEYZvVjrKE5cvNEja8swDQYJKoZIhvcNAQEL
BQAwRjELMAkGA1UEBhMCVVMxCzAJBgNVBAgMAkNBMRAwDgYDVQQKDAdUZXRyYXRl
MRgwFgYDVQQDDA9YQ1AtZTJlLXRlc3QtY2EwHhcNMjQwNjE3MTMxMjAzWhcNMzQw
NjE1MTMxMjAzWjBGMQswCQYDVQQGEwJVUzELMAkGA1UECAwCQ0ExEDAOBgNVBAoM
B1RldHJhdGUxGDAWBgNVBAMMD1hDUC1lMmUtdGVzdC1jYTCCAiIwDQYJKoZIhvcN
AQEBBQADggIPADCCAgoCggIBAIkO9mBBITqNjJed3zjKhu15p4EkX7qkDaKQjQdu
9zEvocDbtZU81ibmjuQFlL0vAiqHfKA8nUXKdidI9xHNdS7xUp3IlZoEFWX1jBUD
SLgQooe8BIIcEXfkVO019jLfMbDB5tQ6jzsjZ4F3ER5wh5rkLhEfbvq4ZiF3zQD/
82LDU5vwJ91qDWCHl8og9rla5MaAX2fTZhkQUQJiDip9uZ0Ft5lai1fKq8gICrod
4iPfiZH6sJB5cTC/aHd8CHY3FrJp8ZuGhZQzaV6PvfdFsCr+EISDlCkNdlNov7hA
Z8F8bRGrEqPAcYsS/Kk94oLAQBW7YvTPBrFnDWmyMnaKjCLGqTHmAY3tTrSI31lb
rnNakF2EGziOwNjxsI84d61U6KFtXMtsgKCNJr/MORVS/0f9yA7Q0WE5bEdx24m9
+qaWnMd5FtjC38GEALfSmo9YN3+Q+M+hdfipPKpv0khjHX7yPTrFvAOHi1wsy3Hj
1OdDFr/H9pG12DnlToVruVDfr5xypoWNK8pf2utZcMOcBzdfMNAVCqeE84BrPu2c
8mHinMfWX10X14nd2gdMUYyBgGqJGqiLuFMdthyCWpmg9BbYK013Esn36v8ap7gE
/VIiY/YTYNtmKE12IhBDa+y6izBXo69OAMB7iZHPDW5lnAXKfpGtaZO+9pqrTCI0
vdNTAgMBAAGjUzBRMB0GA1UdDgQWBBSlvheSoWwG4xtqKfuEWkYlmN0YbTAfBgNV
HSMEGDAWgBSlvheSoWwG4xtqKfuEWkYlmN0YbTAPBgNVHRMBAf8EBTADAQH/MA0G
CSqGSIb3DQEBCwUAA4ICAQACp7Yw/dQGSinvV0Z5kYjugapyBE7iIpyqRh2UgYzz
HT3bcXfSz95YO/TB+utF1C8g4yqxW8b5G0EIRgg9uqtxvrGmK18o6x2N1GEeCcfU
ke2xqrOP7dpWk3uwT2aeJN/LjfqR2KADscKtD7V5EN8v3JgH3Ul0M5g9RalaEppv
yQr0H9B8sdxRawIxD+HO1S/lsQhlGGCmgTQQF23gRmL1oxwR3Mujx9Se2NHZi0ha
fcyll1OLtUxsD6cNjwiqoiv5J1TV9Ukux2tyO/gQmdheuyZoKt6+lObL8DIStQuK
IGcaX7mMKGMD7URAR4crUSP6AFHZ4tRJ7Ryu0vv2+JBjH24LVM8PIHQYqgnAohar
7n/laa7bXlKueuTo7EAVGTYPnV/CGYm/MKJ1cYll/aRBFYcU4m+fOF4AAOo/8umu
kFFHbv+Abnei/pEYb77vsBaHE68gT5YLM/pY/6XXa2+UVROCBQXbLps/0GZk2FTS
tHKBteLYBVia9F7HSAP1wAl4qt+r7D7wm9gtchwp2vqNI6vMJYHSDbjk9q255DVs
Tew5/zH2PlvDaNMyLCnueC9VzFqBou/ZDmqUyOAlxDr4VC5NwnbgT8eyqcwlip3Y
9IWjGcTB5TSlndw5NVe48g1UTtR5Ji7mRyZxtLjLu0JPby9UJeM7ouJ+/y6ybh3U
oQ==
-----END CERTIFICATE-----

2026-05-23T07:39:25.613201Z	info	grpc-client	Fetched CA certificates required to verify connection to central
2026-05-23T07:39:25.615146Z	info	stream	[config-status] connected	name=config-status-5ee97d88
2026-05-23T07:39:25.615143Z	debug	status	re-triggering status report on connect
2026-05-23T07:39:25.615166Z	debug	stream	[config-status] Spawning cluster statusLabel send goroutine	name=config-status-5ee97d88
2026-05-23T07:39:25.615171Z	debug	status	sent-epoch(64) matches generated-epoch(64) and hence skipping
2026-05-23T07:40:12.354491Z	debug	discovery-server	Sending config resync request update to central xcp
2026-05-23T07:40:12.354535Z	debug	discovery-server	Done sending config resync request to central xcp
2026-05-23T07:40:12.354946Z	debug	discovery-server	Received resync keepalive response from central xcp.
2026-05-23T07:40:12.354965Z	debug	discovery-server	Waiting on recv for crds
