2026-05-25T10:44:27.726699Z	debug	debounce	notify cbk invoked	id=919326fd
2026-05-25T10:44:27.726730Z	debug	debounce	notify cbk invoked	id=a09a36e7
2026-05-25T10:44:27.726770Z	debug	debounce	notify cbk returned	id=919326fd
2026-05-25T10:44:27.726781Z	debug	debounce	Applying exponential step-up. maxSilentCurrent updated to: 2s	id=919326fd
2026-05-25T10:44:27.726798Z	info	cluster-state	processClusterStateChangeEvents: cluster-eventid: 2026-05-25 10:44:25.712665096 +0000 UTC m=+160676.403672648 and 0 more, queue length: 0, reasons: config,, forceConfigRegenReasons: map[], resources: []
2026-05-25T10:44:27.726816Z	debug	cluster-state	handleClusterStateChangedEvent: Trigger reasons: config,, Forced translation: map[], Resources: []
2026-05-25T10:44:27.726849Z	debug	cluster-gen	istioServices: 14
2026-05-25T10:44:27.726981Z	debug	cluster-gen	Ignoring service kube-system/metrics-server
2026-05-25T10:44:27.727013Z	debug	cluster-state	found Istio IsolationBoundary for Namespace "tier1" with Revision "stable"
2026-05-25T10:44:27.727044Z	debug	config-status	Explanation of the decision flow for the Config Status of "gateway.xcp.tetrate.io/GatewayGroup" "tier1-gg" version ""
Q: Is the config type "gateway.xcp.tetrate.io/v2/GatewayGroup" supported by XCP?
A: Yes
Q: Is it an internal config of XCP?
A: No
Q: Is this config object managed by XCP?
A: Yes
Q: Did the Push Context report an ERROR for this config?
A: No
Q: Did the Push Context IGNORE this config?
A: No
Q: Does the namespace selector resolve into at least ONE namespace in this cluster?
A: Yes
I: Checking the config status in each of the 1 target namespace(s): [tier1]
I: [1/1] verdict in "tier1" namespace: Config Status is APPLIED since there were NO translation errors and the config IS mapped onto output config(s)
I: Status summary across 1 target namespace(s): APPLIED in 1 namespace(s)
I: Using "lenient" strategy to decide on the aggregated status across 1 target namespace(s)
Q: Have there been any errors while translating this config in ANY of the 1 target namespaces?
A: No
Q: Has the config been APPLIED in at least ONE of the target namespaces?
A: Yes
Verdict: Config Status is "lenient" APPLIED since the config has been APPLIED in at least ONE of the target namespaces
Config Status:
```yaml
---
configId:
  group: gateway.xcp.tetrate.io
  kind: GatewayGroup
  name: tier1-gg
  namespace: istio-system
  version: v2
details: 'Status summary across 1 target namespace(s): APPLIED in 1 namespace(s)'
metadata:
  annotations:
    kubectl.kubernetes.io/last-applied-configuration: |
      {"apiVersion":"gateway.xcp.tetrate.io/v2","kind":"GatewayGroup","metadata":{"annotations":{},"labels":{"xcp.tetrate.io/workspace":"passthrough-ws"},"name":"tier1-gg","namespace":"xcp-system"},"spec":{"configMode":"BRIDGED","namespaceSelector":{"names":["cluster-0/tier1"]}}}
  labels:
    xcp.tetrate.io/workspace: passthrough-ws
result: APPLIED
```

2026-05-25T10:44:27.727072Z	info	cluster-gen	Gateway service instances for tier1/tier1-gateway: 2
2026-05-25T10:44:27.727087Z	debug	cluster-gen	Getting XCP services for possible gateway service tier1-gateway.tier1.svc.cluster.local, labels map[app:tier1-gateway istio:ingressgateway]
2026-05-25T10:44:27.727100Z	debug	cluster-gen	found matching tier1 gateway - tier1-echo-gw
2026-05-25T10:44:27.727103Z	debug	cluster-gen	found tier1 passthrough host echo.tetrate.io for service tier1-gateway.tier1.svc.cluster.local
2026-05-25T10:44:27.727135Z	info	no portname specified for service metallb-webhook-service.metallb-system.svc.cluster.local port 443. no endpoints will be detected
2026-05-25T10:44:27.727144Z	info	no portname specified for service metallb-webhook-service.metallb-system.svc.cluster.local port 443. no endpoints will be detected
2026-05-25T10:44:27.727145Z	debug	config-status	Explanation of the decision flow for the Config Status of "gateway.xcp.tetrate.io/Tier1Gateway" "tier1-echo-gw" version ""
Q: Is the config type "gateway.xcp.tetrate.io/v2/Tier1Gateway" supported by XCP?
A: Yes
Q: Is it an internal config of XCP?
A: No
Q: Is this config object managed by XCP?
A: Yes
Q: Did the Push Context report an ERROR for this config?
A: No
Q: Did the Push Context IGNORE this config?
A: No
Q: Does the namespace selector resolve into at least ONE namespace in this cluster?
A: Yes
I: Checking the config status in each of the 1 target namespace(s): [tier1]
I: [1/1] verdict in "tier1" namespace: Config Status is APPLIED since there were NO translation errors and the config IS mapped onto output config(s)
I: Status summary across 1 target namespace(s): APPLIED in 1 namespace(s)
I: Using "lenient" strategy to decide on the aggregated status across 1 target namespace(s)
Q: Have there been any errors while translating this config in ANY of the 1 target namespaces?
A: No
Q: Has the config been APPLIED in at least ONE of the target namespaces?
A: Yes
Verdict: Config Status is "lenient" APPLIED since the config has been APPLIED in at least ONE of the target namespaces
Config Status:
```yaml
---
configId:
  group: gateway.xcp.tetrate.io
  kind: Tier1Gateway
  name: tier1-echo-gw
  namespace: istio-system
  version: v2
details: 'Status summary across 1 target namespace(s): APPLIED in 1 namespace(s)'
metadata:
  annotations:
    kubectl.kubernetes.io/last-applied-configuration: |
      {"apiVersion":"gateway.xcp.tetrate.io/v2","kind":"Tier1Gateway","metadata":{"annotations":{},"labels":{"xcp.tetrate.io/gatewayGroup":"tier1-gg","xcp.tetrate.io/workspace":"passthrough-ws"},"name":"tier1-echo-gw","namespace":"xcp-system"},"spec":{"passthroughServers":[{"clusters":[{"name":"cluster-1","weight":100}],"hostname":"echo.tetrate.io","name":"echo","port":17443}],"workloadSelector":{"labels":{"app":"tier1-gateway"},"namespace":"tier1"}}}
  labels:
    xcp.tetrate.io/gatewayGroup: tier1-gg
    xcp.tetrate.io/workspace: passthrough-ws
result: APPLIED
```

2026-05-25T10:44:27.727155Z	debug	config-status	Explanation of the decision flow for the Config Status of "install.xcp.tetrate.io/GatewayDeployment" "tier1-gateway" version ""
Q: Is the config type "install.xcp.tetrate.io/v1alpha1/GatewayDeployment" supported by XCP?
A: Yes
Q: Is it an internal config of XCP?
A: No
Q: Is this config object managed by XCP?
A: No
Verdict: Config Status is NOT reported since the config is not managed by XCP
Config Status:
```yaml
---
null
```

2026-05-25T10:44:27.727160Z	debug	config-status	Explanation of the decision flow for the Config Status of "networking.istio.io/EnvoyFilter" "global-forward-xfcc-15443" version ""
Q: Is the config type "networking.istio.io/v1alpha3/EnvoyFilter" supported by XCP?
A: Yes
Q: Is it an internal config of XCP?
A: Yes
Verdict: Config Status is NOT reported since it's an internal config of XCP
Config Status:
```yaml
---
null
```

2026-05-25T10:44:27.727165Z	debug	config-status	Explanation of the decision flow for the Config Status of "networking.istio.io/EnvoyFilter" "global-gw-best-practice" version ""
Q: Is the config type "networking.istio.io/v1alpha3/EnvoyFilter" supported by XCP?
A: Yes
Q: Is it an internal config of XCP?
A: Yes
Verdict: Config Status is NOT reported since it's an internal config of XCP
Config Status:
```yaml
---
null
```

2026-05-25T10:44:27.727154Z	debug	cluster-gen	Ignoring service kube-system/kube-dns
2026-05-25T10:44:27.727177Z	debug	config-status	Explanation of the decision flow for the Config Status of "networking.istio.io/EnvoyFilter" "global-mx-downstream-egress-gateway-filter" version ""
Q: Is the config type "networking.istio.io/v1alpha3/EnvoyFilter" supported by XCP?
A: Yes
Q: Is it an internal config of XCP?
A: Yes
Verdict: Config Status is NOT reported since it's an internal config of XCP
Config Status:
```yaml
---
null
```

2026-05-25T10:44:27.727212Z	debug	discovery-cache	added istio service instances in namespace: cert-manager objects 0, changed false
2026-05-25T10:44:27.727218Z	debug	discovery-cache	added istio service instances in namespace: default objects 0, changed false
2026-05-25T10:44:27.727220Z	debug	discovery-cache	added istio service instances in namespace: metallb-system objects 0, changed false
2026-05-25T10:44:27.727220Z	debug	discovery-cache	added istio service instances in namespace: istio-system objects 0, changed false
2026-05-25T10:44:27.727220Z	debug	config-status	Explanation of the decision flow for the Config Status of "networking.istio.io/EnvoyFilter" "global-mx-downstream-gateway-filter" version ""
Q: Is the config type "networking.istio.io/v1alpha3/EnvoyFilter" supported by XCP?
A: Yes
Q: Is it an internal config of XCP?
A: Yes
Verdict: Config Status is NOT reported since it's an internal config of XCP
Config Status:
```yaml
---
null
```

2026-05-25T10:44:27.727223Z	debug	discovery-cache	added istio service instances in namespace: xcp-system objects 0, changed false
2026-05-25T10:44:27.727230Z	debug	config-status	Explanation of the decision flow for the Config Status of "networking.istio.io/EnvoyFilter" "global-periodical-access-log" version ""
Q: Is the config type "networking.istio.io/v1alpha3/EnvoyFilter" supported by XCP?
A: Yes
Q: Is it an internal config of XCP?
A: Yes
Verdict: Config Status is NOT reported since it's an internal config of XCP
Config Status:
```yaml
---
null
```

2026-05-25T10:44:27.727238Z	debug	config-status	Explanation of the decision flow for the Config Status of "networking.istio.io/EnvoyFilter" "global-request-id-propagation" version ""
Q: Is the config type "networking.istio.io/v1alpha3/EnvoyFilter" supported by XCP?
A: Yes
Q: Is it an internal config of XCP?
A: Yes
Verdict: Config Status is NOT reported since it's an internal config of XCP
Config Status:
```yaml
---
null
```

2026-05-25T10:44:27.727241Z	debug	config-status	Explanation of the decision flow for the Config Status of "networking.istio.io/EnvoyFilter" "global-tcp-keepalive-envoy-filter" version ""
Q: Is the config type "networking.istio.io/v1alpha3/EnvoyFilter" supported by XCP?
A: Yes
Q: Is it an internal config of XCP?
A: Yes
Verdict: Config Status is NOT reported since it's an internal config of XCP
Config Status:
```yaml
---
null
```

2026-05-25T10:44:27.727243Z	debug	config-status	Explanation of the decision flow for the Config Status of "networking.istio.io/EnvoyFilter" "global-xfcc-extractor-sidecar" version ""
Q: Is the config type "networking.istio.io/v1alpha3/EnvoyFilter" supported by XCP?
A: Yes
Q: Is it an internal config of XCP?
A: Yes
Verdict: Config Status is NOT reported since it's an internal config of XCP
Config Status:
```yaml
---
null
```

2026-05-25T10:44:27.727245Z	debug	config-status	Explanation of the decision flow for the Config Status of "networking.istio.io/EnvoyFilter" "global-xfcc-guard-15443" version ""
Q: Is the config type "networking.istio.io/v1alpha3/EnvoyFilter" supported by XCP?
A: Yes
Q: Is it an internal config of XCP?
A: Yes
Verdict: Config Status is NOT reported since it's an internal config of XCP
Config Status:
```yaml
---
null
```

2026-05-25T10:44:27.727302Z	debug	config-status	Explanation of the decision flow for the Config Status of "xcp.tetrate.io/Cluster" "cluster-0" version ""
Q: Is the config type "xcp.tetrate.io/v2/Cluster" supported by XCP?
A: Yes
Q: Is it an internal config of XCP?
A: No
Q: Is this config object managed by XCP?
A: Yes
Q: Did the Push Context report an ERROR for this config?
A: No
Q: Did the Push Context IGNORE this config?
A: No
Verdict: Config Status is UNKNOWN since status for that config type has NOT been implemented yet
Config Status:
```yaml
---
configId:
  group: xcp.tetrate.io
  kind: Cluster
  name: cluster-0
  namespace: istio-system
  version: v2
details: Config Status for that config type has NOT been implemented yet
metadata:
  annotations:
    kubectl.kubernetes.io/last-applied-configuration: |
      {"apiVersion":"xcp.tetrate.io/v2","kind":"Cluster","metadata":{"annotations":{},"name":"cluster-0","namespace":"xcp-system"},"spec":{"istioTrustDomain":"cluster.local"}}
```

2026-05-25T10:44:27.727338Z	debug	config-status	Explanation of the decision flow for the Config Status of "xcp.tetrate.io/Cluster" "cluster-1" version ""
Q: Is the config type "xcp.tetrate.io/v2/Cluster" supported by XCP?
A: Yes
Q: Is it an internal config of XCP?
A: No
Q: Is this config object managed by XCP?
A: Yes
Q: Did the Push Context report an ERROR for this config?
A: No
Q: Did the Push Context IGNORE this config?
A: No
Verdict: Config Status is UNKNOWN since status for that config type has NOT been implemented yet
Config Status:
```yaml
---
configId:
  group: xcp.tetrate.io
  kind: Cluster
  name: cluster-1
  namespace: istio-system
  version: v2
details: Config Status for that config type has NOT been implemented yet
metadata: {}
```

2026-05-25T10:44:27.727409Z	debug	config-status	Explanation of the decision flow for the Config Status of "xcp.tetrate.io/GlobalSetting" "global" version ""
Q: Is the config type "xcp.tetrate.io/v2/GlobalSetting" supported by XCP?
A: Yes
Q: Is it an internal config of XCP?
A: No
Q: Is this config object managed by XCP?
A: Yes
Q: Did the Push Context report an ERROR for this config?
A: No
Q: Did the Push Context IGNORE this config?
A: No
Q: Does the namespace selector resolve into at least ONE namespace in this cluster?
A: Yes
I: Checking the config status in each of the 9 target namespace(s): [cert-manager default echo kube-node-lease kube-public local-path-storage metallb-system tier1 xcp-system]
I: [1/9] verdict in "cert-manager" namespace: Config Status is UNKNOWN since translation is SKIPPED on that namespace
I: [2/9] verdict in "default" namespace: Config Status is UNKNOWN since translation is SKIPPED on that namespace
I: [3/9] verdict in "echo" namespace: Config Status is UNKNOWN since there were NO translation errors but the config was NOT mapped onto any output config(s)
I: [4/9] verdict in "kube-node-lease" namespace: Config Status is UNKNOWN since translation is SKIPPED on that namespace
I: [5/9] verdict in "kube-public" namespace: Config Status is UNKNOWN since translation is SKIPPED on that namespace
I: [6/9] verdict in "local-path-storage" namespace: Config Status is UNKNOWN since translation is SKIPPED on that namespace
I: [7/9] verdict in "metallb-system" namespace: Config Status is UNKNOWN since translation is SKIPPED on that namespace
I: [8/9] verdict in "tier1" namespace: Config Status is APPLIED since there were NO translation errors and the config IS mapped onto output config(s)
I: [9/9] verdict in "xcp-system" namespace: Config Status is UNKNOWN since translation is SKIPPED on that namespace
I: Status summary across 9 target namespace(s): APPLIED in 1 namespace(s), TRANSLATION SKIPPED in 7 namespace(s), TRANSLATED BUT NOT MAPPED in 1 namespace(s)
I: Using "lenient" strategy to decide on the aggregated status across 9 target namespace(s)
Q: Have there been any errors while translating this config in ANY of the 9 target namespaces?
A: No
Q: Has the config been APPLIED in at least ONE of the target namespaces?
A: Yes
Verdict: Config Status is "lenient" APPLIED since the config has been APPLIED in at least ONE of the target namespaces
Config Status:
```yaml
---
configId:
  group: xcp.tetrate.io
  kind: GlobalSetting
  name: global
  namespace: istio-system
  version: v2
details: 'Status summary across 9 target namespace(s): APPLIED in 1 namespace(s),
  TRANSLATION SKIPPED in 7 namespace(s), TRANSLATED BUT NOT MAPPED in 1 namespace(s)'
metadata:
  annotations:
    kubectl.kubernetes.io/last-applied-configuration: |
      {"apiVersion":"xcp.tetrate.io/v2","kind":"GlobalSetting","metadata":{"annotations":{},"name":"global","namespace":"xcp-system"},"spec":{"networkSettings":{"networkReachability":{"nw-cluster-0":"nw-cluster-1","nw-cluster-1":"nw-cluster-0"}}}}
result: APPLIED
```

2026-05-25T10:44:27.727516Z	debug	config-status	Explanation of the decision flow for the Config Status of "xcp.tetrate.io/Workspace" "passthrough-ws" version ""
Q: Is the config type "xcp.tetrate.io/v2/Workspace" supported by XCP?
A: Yes
Q: Is it an internal config of XCP?
A: No
Q: Is this config object managed by XCP?
A: Yes
Q: Did the Push Context report an ERROR for this config?
A: No
Q: Did the Push Context IGNORE this config?
A: No
Q: Does the namespace selector resolve into at least ONE namespace in this cluster?
A: Yes
I: Checking the config status in each of the 1 target namespace(s): [tier1]
I: [1/1] verdict in "tier1" namespace: Config Status is APPLIED since there were NO translation errors and the config IS mapped onto output config(s)
I: Status summary across 1 target namespace(s): APPLIED in 1 namespace(s)
I: Using "lenient" strategy to decide on the aggregated status across 1 target namespace(s)
Q: Have there been any errors while translating this config in ANY of the 1 target namespaces?
A: No
Q: Has the config been APPLIED in at least ONE of the target namespaces?
A: Yes
Verdict: Config Status is "lenient" APPLIED since the config has been APPLIED in at least ONE of the target namespaces
Config Status:
```yaml
---
configId:
  group: xcp.tetrate.io
  kind: Workspace
  name: passthrough-ws
  namespace: istio-system
  version: v2
details: 'Status summary across 1 target namespace(s): APPLIED in 1 namespace(s)'
metadata:
  annotations:
    kubectl.kubernetes.io/last-applied-configuration: |
      {"apiVersion":"xcp.tetrate.io/v2","kind":"Workspace","metadata":{"annotations":{},"name":"passthrough-ws","namespace":"xcp-system"},"spec":{"namespaceSelector":{"names":["cluster-0/tier1","cluster-1/echo"]}}}
result: APPLIED
```

2026-05-25T10:44:27.727724Z	debug	status	generated status report in 968.417µs
2026-05-25T10:44:27.727731Z	debug	debounce	notify cbk returned	id=a09a36e7
2026-05-25T10:44:27.727732Z	debug	debounce	Applying exponential step-up. maxSilentCurrent updated to: 2s	id=a09a36e7
2026-05-25T10:44:27.727735Z	debug	status	triggering status report sender with 6 messages
2026-05-25T10:44:27.727860Z	debug	status	successfully sent config-status report(epoch:62, messages:6) in 119.333µs
2026-05-25T10:44:27.727233Z	debug	discovery-cache	gateway serviceInstance hostname tier1-gateway.tier1.svc.cluster.local
2026-05-25T10:44:27.727948Z	debug	discovery-cache	gateway serviceInstance hostname tier1-gateway.tier1.svc.cluster.local
2026-05-25T10:44:27.727950Z	debug	discovery-cache	added istio service instances in namespace: tier1 objects 2, changed false
2026-05-25T10:44:27.727956Z	debug	cluster-state	triggerConfigTranslation false ,triggerConfigTranslationReason false 
2026-05-25T10:44:27.727970Z	debug	cluster-state	change noticed in the exposed gw hostnames. len(new) 1 , len(cached) 0
2026-05-25T10:44:27.727976Z	debug	cluster-state	Gateway Host to k8s service mapping has changed; will be reported to other clusters.
2026-05-25T10:44:27.727978Z	debug	cluster-state	No significant changes detected for east-west services; skipping report to other clusters.
2026-05-25T10:44:27.727981Z	debug	cluster-state	change noticed in the exposed gw hostnames. len(new) 1 , len(cached) 0
2026-05-25T10:44:27.727983Z	debug	cluster-state	handleClusterStateChangedEvent, actions: map[sendClusterToCentral:{} triggerServiceEntryRegeneration:{}]
2026-05-25T10:44:27.727989Z	debug	discovery-cache	required to trigger istio translation as edge received change in failover setting for one or more hosts for cluster cluster-0
2026-05-25T10:44:27.727996Z	debug	discovery-cache	required to trigger istio translation as edge received change in locality context for one or more hosts for cluster cluster-0
2026-05-25T10:44:27.727998Z	debug	discovery-cache	required to trigger istio translation as edge received change in gateway group to traffic and security group for cluster cluster-0
2026-05-25T10:44:27.728076Z	debug	discovery-server	wrote channel for sending cluster updates
2026-05-25T10:44:27.728085Z	debug	cluster-state	Sent 6 namespaces to central. len(HostToK8sSvc) 1
2026-05-25T10:44:27.728087Z	debug	discovery-server	found changes related to gateway hosts attached to lb/nodeport services. (re)generating local SEs
2026-05-25T10:44:27.728104Z	debug	discovery-server	Sending cluster-state update to central xcp
2026-05-25T10:44:27.728191Z	debug	discovery-server	Done sending cluster-state to central xcp
2026-05-25T10:44:27.738588Z	debug	debounce	notify cbk invoked	id=29da738d
2026-05-25T10:44:27.738670Z	debug	mc-configapply	-->cluster cluster-0
2026-05-25T10:44:27.738706Z	debug	mc-configapply	-->cluster cluster-1
2026-05-25T10:44:27.738761Z	debug	mc-configgen	cluster cluster-0, namespaces 1
2026-05-25T10:44:27.738776Z	debug	mc-configgen	Namespace tier1 has 1 services
2026-05-25T10:44:27.738782Z	debug	mc-configgen	Skipping echo.tetrate.io ..... gatewayHost false,  len(k8s external address) 1
2026-05-25T10:44:27.738787Z	debug	mc-configgen	cluster cluster-1, namespaces 0
2026-05-25T10:44:27.738801Z	debug	mc-configapply	applying 0 istio objects for multicluster
2026-05-25T10:44:27.738808Z	debug	resource-cache	[xcp-multicluster] ===BEGIN: Apply request for 0 objects
2026-05-25T10:44:27.738813Z	debug	resource-cache	Delete all objects from the namespace xcp-multicluster
2026-05-25T10:44:27.738819Z	debug	resource-cache	[xcp-multicluster] objects previously in k8s api server cache: 0
2026-05-25T10:44:27.738820Z	debug	resource-cache	[xcp-multicluster] No previous objects at k8s apiserver cache for namespace
2026-05-25T10:44:27.738825Z	debug	resource-cache	[xcp-multicluster] ===END: Apply request for 0 objects in 0.000015 s
2026-05-25T10:44:27.738842Z	debug	debounce	notify cbk returned	id=29da738d
2026-05-25T10:44:27.738851Z	debug	debounce	Applying steady step-up. maxSilentCurrent updated to: 10ms	id=29da738d
2026-05-25T10:44:27.741058Z	debug	discovery-server	Updated status cache for VirtualService tier1/tier1-echo-gw-echo value: true
2026-05-25T10:44:27.741071Z	debug	discovery-server	Marked pending status translation due to status change for tier1/tier1-echo-gw-echo
2026-05-25T10:44:27.743987Z	debug	discovery-server	Updated status cache for EnvoyFilter tier1/default-upstream-traffic-setting value: true
2026-05-25T10:44:27.744004Z	debug	discovery-server	Marked pending status translation due to status change for tier1/default-upstream-traffic-setting
2026-05-25T10:44:27.744175Z	debug	discovery-server	Updated status cache for DestinationRule tier1/tier1-tier1-echo-gwecho-tetrate-io value: true
2026-05-25T10:44:27.744184Z	debug	discovery-server	Marked pending status translation due to status change for tier1/tier1-tier1-echo-gwecho-tetrate-io
2026-05-25T10:44:27.746200Z	debug	discovery-server	Updated status cache for EnvoyFilter tier1/default-allow-tier1-echo-gw-external-batch0 value: true
2026-05-25T10:44:27.746218Z	debug	discovery-server	Marked pending status translation due to status change for tier1/default-allow-tier1-echo-gw-external-batch0
2026-05-25T10:44:27.746267Z	debug	discovery-server	Updated status cache for EnvoyFilter tier1/tier1-gg-default-upstream-traffic-setting value: true
2026-05-25T10:44:27.746272Z	debug	discovery-server	Marked pending status translation due to status change for tier1/tier1-gg-default-upstream-traffic-setting
2026-05-25T10:44:27.749494Z	debug	debounce	resetting maxSilentCurrent. updated: 10ms	id=29da738d
2026-05-25T10:44:28.716072Z	debug	debounce	resetting maxSilentCurrent. updated: 1s	id=fcd9f881
2026-05-25T10:44:29.728166Z	debug	debounce	resetting maxSilentCurrent. updated: 1s	id=919326fd
2026-05-25T10:44:29.728201Z	debug	debounce	resetting maxSilentCurrent. updated: 1s	id=a09a36e7
2026-05-25T10:44:29.931097Z	debug	discovery-server	Triggering periodic translation due to pending istio status changes
2026-05-25T10:44:30.932176Z	debug	debounce	notify cbk invoked	id=fcd9f881
2026-05-25T10:44:30.932219Z	debug	debounce	notify cbk returned	id=fcd9f881
2026-05-25T10:44:30.932224Z	debug	debounce	Applying exponential step-up. maxSilentCurrent updated to: 2s	id=fcd9f881
2026-05-25T10:44:30.932247Z	info	cluster-state	processConfigTranslationNotification: cluster-eventid: 2026-05-25 10:44:29.931129917 +0000 UTC m=+160680.621677899 and 0 more, queue length: 0, reasons: config,, forceConfigRegenReasons: map[], resources: []
2026-05-25T10:44:30.932255Z	debug	configapply	Sending XCP api CRDs to istio config translator
2026-05-25T10:44:30.932454Z	debug	model	gateway-group mapping: map[tier1-gg:tier1-gg]
2026-05-25T10:44:30.932460Z	debug	model	security-group mapping: map[]
2026-05-25T10:44:30.932461Z	debug	model	traffic-group mapping: map[]
2026-05-25T10:44:30.932462Z	debug	model	istio-internal-group mapping: map[]
2026-05-25T10:44:30.932463Z	debug	model	gateway-deployment mapping: map[tier1-gateway:tier1-gateway]
2026-05-25T10:44:30.932483Z	debug	model	processing 16 objects for cluster cluster-0
2026-05-25T10:44:30.932579Z	debug	model	Processing workspace: istio-system/passthrough-ws, o.gvk xcp.tetrate.io/v2/Workspace
2026-05-25T10:44:30.932586Z	debug	model	resolved workspace namespaces [tier1]
2026-05-25T10:44:30.932606Z	info	model	tier1: adding workspace passthrough-ws
2026-05-25T10:44:30.932701Z	debug	model	populateGroups workspace = passthrough-ws, &{Meta:{GroupVersionKind:xcp.tetrate.io/v2/Workspace UID: Name:passthrough-ws Namespace:istio-system Domain: Labels:map[] Annotations:map[kubectl.kubernetes.io/last-applied-configuration:{"apiVersion":"xcp.tetrate.io/v2","kind":"Workspace","metadata":{"annotations":{},"name":"passthrough-ws","namespace":"xcp-system"},"spec":{"namespaceSelector":{"names":["cluster-0/tier1","cluster-1/echo"]}}}
 xcp.tetrate.io/contentHash:e5d3817c7d08543139c22f8de5bfec93] ResourceVersion:617965 CreationTimestamp:2026-05-25 10:44:25 +0000 UTC OwnerReferences:[] Generation:0} Spec:namespace_selector:{names:"cluster-0/tier1" names:"cluster-1/echo"} Status:<nil> Extra:map[]}
2026-05-25T10:44:30.932710Z	debug	model	gg namespace_selector:{names:"cluster-0/tier1"}
2026-05-25T10:44:30.932712Z	debug	model	resolved gateway group namespaces [tier1]
2026-05-25T10:44:30.932722Z	debug	model	tier1: registered gateway group tier1-gg in workspace passthrough-ws
2026-05-25T10:44:30.932725Z	error	model	workspace name is unspecified or empty for install.xcp.tetrate.io/v1alpha1/GatewayDeployment::istio-system/tier1-gateway. Skipping...
2026-05-25T10:44:30.932803Z	error	model	workspace name is unspecified or empty for install.xcp.tetrate.io/v1alpha1/GatewayDeployment::istio-system/tier1-gateway. Skipping...
2026-05-25T10:44:30.932820Z	debug	model	populateObjectsInGroups: workspace = passthrough-ws, &{Meta:{GroupVersionKind:xcp.tetrate.io/v2/Workspace UID: Name:passthrough-ws Namespace:istio-system Domain: Labels:map[] Annotations:map[kubectl.kubernetes.io/last-applied-configuration:{"apiVersion":"xcp.tetrate.io/v2","kind":"Workspace","metadata":{"annotations":{},"name":"passthrough-ws","namespace":"xcp-system"},"spec":{"namespaceSelector":{"names":["cluster-0/tier1","cluster-1/echo"]}}}
 xcp.tetrate.io/contentHash:e5d3817c7d08543139c22f8de5bfec93] ResourceVersion:617965 CreationTimestamp:2026-05-25 10:44:25 +0000 UTC OwnerReferences:[] Generation:0} Spec:namespace_selector:{names:"cluster-0/tier1" names:"cluster-1/echo"} Status:<nil> Extra:map[]}
2026-05-25T10:44:30.933031Z	debug	eastwest-configgen	namespace "metallb-system" does not have Istio revision "" in boundary "global". Ambient mode: false
2026-05-25T10:44:30.933038Z	debug	eastwest-configgen	namespace "default" does not have Istio revision "" in boundary "global". Ambient mode: false
2026-05-25T10:44:30.933039Z	debug	eastwest-configgen	namespace "xcp-system" does not have Istio revision "" in boundary "global". Ambient mode: false
2026-05-25T10:44:30.933040Z	debug	eastwest-configgen	namespace "kube-public" does not have Istio revision "" in boundary "global". Ambient mode: false
2026-05-25T10:44:30.933041Z	debug	eastwest-configgen	namespace "local-path-storage" does not have Istio revision "" in boundary "global". Ambient mode: false
2026-05-25T10:44:30.933042Z	debug	eastwest-configgen	namespace "cert-manager" does not have Istio revision "" in boundary "global". Ambient mode: false
2026-05-25T10:44:30.933043Z	debug	eastwest-configgen	namespace "kube-node-lease" does not have Istio revision "" in boundary "global". Ambient mode: false
2026-05-25T10:44:30.933091Z	info	no portname specified for service metallb-webhook-service.metallb-system.svc.cluster.local port 443. no endpoints will be detected
2026-05-25T10:44:30.933106Z	info	eastwest-configgen	no endpoints found for service "metallb-webhook-service.metallb-system.svc.cluster.local" port 443
2026-05-25T10:44:30.933112Z	debug	eastwest-configgen	found Istio IsolationBoundary "global" for Namespace "tier1"
2026-05-25T10:44:30.933132Z	debug	eastwest-configgen	computed east-west gateway associations: {}
2026-05-25T10:44:30.933157Z	debug	discovery-server	found service instance with matching namespace and labels. svc port 17443, workload port 17443
2026-05-25T10:44:30.933163Z	debug	discovery-server	found service instance with matching namespace and labels. svc port 15443, workload port 15443
2026-05-25T10:44:30.933168Z	debug	configapply	Translation triggered for all [cert-manager echo kube-node-lease metallb-system default xcp-system kube-public tier1 local-path-storage] namespaces
2026-05-25T10:44:30.933193Z	debug	translator	skipping translation for namespace "local-path-storage"	ns=local-path-storage id=2ddcf191
2026-05-25T10:44:30.933206Z	debug	resource-cache	Batch-based resource tracking disabled, falling back to namespace-based
2026-05-25T10:44:30.933207Z	debug	resource-cache	[local-path-storage] ===BEGIN: Apply request for 0 objects
2026-05-25T10:44:30.933209Z	debug	resource-cache	Delete all objects from the namespace local-path-storage
2026-05-25T10:44:30.933210Z	debug	resource-cache	[local-path-storage] objects previously in k8s api server cache: 0
2026-05-25T10:44:30.933211Z	debug	resource-cache	[local-path-storage] No previous objects at k8s apiserver cache for namespace
2026-05-25T10:44:30.933213Z	debug	resource-cache	[local-path-storage] ===END: Apply request for 0 objects in 0.000005 s
2026-05-25T10:44:30.933222Z	debug	resource-cache	[local-path-storage] ===BEGIN: Apply request for 0 objects
2026-05-25T10:44:30.933223Z	debug	resource-cache	Delete all objects from the namespace local-path-storage
2026-05-25T10:44:30.933224Z	debug	resource-cache	[local-path-storage] objects previously in k8s api server cache: 0
2026-05-25T10:44:30.933221Z	debug	translator	skipping translation for namespace "metallb-system"	ns=metallb-system id=2a543585
2026-05-25T10:44:30.933230Z	debug	resource-cache	Batch-based resource tracking disabled, falling back to namespace-based
2026-05-25T10:44:30.933231Z	debug	resource-cache	[metallb-system] ===BEGIN: Apply request for 0 objects
2026-05-25T10:44:30.933233Z	debug	resource-cache	Delete all objects from the namespace metallb-system
2026-05-25T10:44:30.933231Z	debug	translator	skipping translation for namespace "default"	ns=default id=0cca8686
2026-05-25T10:44:30.933234Z	debug	resource-cache	[metallb-system] objects previously in k8s api server cache: 0
2026-05-25T10:44:30.933235Z	debug	resource-cache	Batch-based resource tracking disabled, falling back to namespace-based
2026-05-25T10:44:30.933235Z	debug	resource-cache	[metallb-system] No previous objects at k8s apiserver cache for namespace
2026-05-25T10:44:30.933236Z	debug	resource-cache	[default] ===BEGIN: Apply request for 0 objects
2026-05-25T10:44:30.933237Z	debug	resource-cache	[metallb-system] ===END: Apply request for 0 objects in 0.000005 s
2026-05-25T10:44:30.933243Z	debug	translator	skipping translation for namespace "xcp-system"	ns=xcp-system id=3d67a23d
2026-05-25T10:44:30.933252Z	debug	resource-cache	Batch-based resource tracking disabled, falling back to namespace-based
2026-05-25T10:44:30.933253Z	debug	resource-cache	[xcp-system] ===BEGIN: Apply request for 0 objects
2026-05-25T10:44:30.933254Z	debug	resource-cache	Delete all objects from the namespace xcp-system
2026-05-25T10:44:30.933254Z	debug	resource-cache	[xcp-system] objects previously in k8s api server cache: 0
2026-05-25T10:44:30.933255Z	debug	resource-cache	[xcp-system] No previous objects at k8s apiserver cache for namespace
2026-05-25T10:44:30.933256Z	debug	resource-cache	[xcp-system] ===END: Apply request for 0 objects in 0.000003 s
2026-05-25T10:44:30.933255Z	debug	translator	skipping translation for namespace "cert-manager"	ns=cert-manager id=e79c6955
2026-05-25T10:44:30.933259Z	debug	resource-cache	Batch-based resource tracking disabled, falling back to namespace-based
2026-05-25T10:44:30.933260Z	debug	resource-cache	[cert-manager] ===BEGIN: Apply request for 0 objects
2026-05-25T10:44:30.933261Z	debug	resource-cache	Delete all objects from the namespace cert-manager
2026-05-25T10:44:30.933262Z	debug	resource-cache	[cert-manager] objects previously in k8s api server cache: 0
2026-05-25T10:44:30.933263Z	debug	resource-cache	[cert-manager] No previous objects at k8s apiserver cache for namespace
2026-05-25T10:44:30.933264Z	debug	resource-cache	[cert-manager] ===END: Apply request for 0 objects in 0.000003 s
2026-05-25T10:44:30.933266Z	debug	resource-cache	Unmanaged Istio resources by kind: map[AuthorizationPolicy:0 DestinationRule:0 EnvoyFilter:0 Gateway:0 PeerAuthentication:0 RequestAuthentication:0 ServiceEntry:0 Sidecar:0 Telemetry:0 VirtualService:0 WasmPlugin:0 WorkloadEntry:0]
2026-05-25T10:44:30.933237Z	debug	resource-cache	Delete all objects from the namespace default
2026-05-25T10:44:30.933274Z	debug	resource-cache	[default] objects previously in k8s api server cache: 0
2026-05-25T10:44:30.933275Z	debug	resource-cache	[default] No previous objects at k8s apiserver cache for namespace
2026-05-25T10:44:30.933277Z	debug	resource-cache	[default] ===END: Apply request for 0 objects in 0.000040 s
2026-05-25T10:44:30.933278Z	debug	translator	error while looking up workspace for namespace "echo": the namespace "echo" is not mapped to any workspace	ns=echo id=a16628df
2026-05-25T10:44:30.933279Z	warn	translator	error while looking up traffic group for namespace "tier1": traffic group not found for namespace tier1 in workspace passthrough-ws	ns=tier1 id=f7f00035
2026-05-25T10:44:30.933280Z	debug	translator	failed to lookup workspace for namespace "echo": the namespace "echo" is not mapped to any workspace	ns=echo id=a16628df
2026-05-25T10:44:30.933282Z	debug	translator	workspace for namespace "echo" not found	ns=echo id=a16628df
2026-05-25T10:44:30.933283Z	debug	translator	[ambient] buildEastWestGatewayConfigs: entry point called	ns=echo id=a16628df
2026-05-25T10:44:30.933283Z	debug	translator	traffic group for namespace "tier1" not found. applying defaults	ns=tier1 id=f7f00035
2026-05-25T10:44:30.933285Z	debug	translator	[ambient] doBuildEastWestGatewayConfigsforAllWorkspaces: processing 1 workspaces	ns=echo id=a16628df
2026-05-25T10:44:30.933286Z	debug	translator	traffic group for namespace "tier1" not found	ns=tier1 id=f7f00035
2026-05-25T10:44:30.933286Z	debug	translator	[ambient] processing workspace 0: passthrough-ws	ns=echo id=a16628df
2026-05-25T10:44:30.933288Z	debug	translator	workspace settings for workspace "passthrough-ws" does not have east-west gateway configs defined	ns=echo id=a16628df
2026-05-25T10:44:30.933288Z	debug	resource-cache	[default] ===BEGIN: Apply request for 0 objects
2026-05-25T10:44:30.933289Z	debug	translator	[ambient] workspace passthrough-ws generated 0 regular east-west configs	ns=echo id=a16628df
2026-05-25T10:44:30.933290Z	debug	resource-cache	Delete all objects from the namespace default
2026-05-25T10:44:30.933290Z	debug	translator	[ambient] EnableAmbient=false, skipping ambient hybrid configs for workspace passthrough-ws	ns=echo id=a16628df
2026-05-25T10:44:30.933295Z	debug	translator	[ambient] doBuildEastWestGatewayConfigsforAllWorkspaces: total generated 0 configs	ns=echo id=a16628df
2026-05-25T10:44:30.933297Z	debug	translator	error while looking up workspace for namespace "echo": the namespace "echo" is not mapped to any workspace	ns=echo id=a16628df
2026-05-25T10:44:30.933300Z	debug	translator	error while looking up workspace for namespace "echo": the namespace "echo" is not mapped to any workspace	ns=echo id=a16628df
2026-05-25T10:44:30.933300Z	debug	translator	upstream traffic setting for namespace "tier1" not found, default settings will be created	ns=tier1 id=f7f00035
2026-05-25T10:44:30.933301Z	debug	translator	generated configurations: 0 traffic, 0 security, 0 gateway, 0 istio internal	ns=echo id=a16628df
2026-05-25T10:44:30.933303Z	debug	translator	ew-gen: generating east-west workload entry configs for local services that are exposed for east-west routing	ns=echo id=a16628df
2026-05-25T10:44:30.933300Z	debug	translator	skipping translation for namespace "kube-node-lease"	ns=kube-node-lease id=af0de5dc
2026-05-25T10:44:30.933306Z	debug	resource-cache	Batch-based resource tracking disabled, falling back to namespace-based
2026-05-25T10:44:30.933307Z	debug	resource-cache	[kube-node-lease] ===BEGIN: Apply request for 0 objects
2026-05-25T10:44:30.933310Z	debug	resource-cache	Delete all objects from the namespace kube-node-lease
2026-05-25T10:44:30.933291Z	debug	resource-cache	[default] objects previously in k8s api server cache: 0
2026-05-25T10:44:30.933313Z	debug	resource-cache	[kube-node-lease] objects previously in k8s api server cache: 0
2026-05-25T10:44:30.933318Z	debug	resource-cache	[kube-node-lease] No previous objects at k8s apiserver cache for namespace
2026-05-25T10:44:30.933319Z	debug	resource-cache	[kube-node-lease] ===END: Apply request for 0 objects in 0.000012 s
2026-05-25T10:44:30.933325Z	debug	resource-cache	[kube-node-lease] ===BEGIN: Apply request for 0 objects
2026-05-25T10:44:30.933327Z	debug	resource-cache	Delete all objects from the namespace kube-node-lease
2026-05-25T10:44:30.933329Z	debug	resource-cache	[kube-node-lease] objects previously in k8s api server cache: 0
2026-05-25T10:44:30.933330Z	debug	resource-cache	[kube-node-lease] No previous objects at k8s apiserver cache for namespace
2026-05-25T10:44:30.933331Z	debug	resource-cache	[kube-node-lease] ===END: Apply request for 0 objects in 0.000005 s
2026-05-25T10:44:30.933310Z	debug	resource-cache	Batch-based resource tracking disabled, falling back to namespace-based
2026-05-25T10:44:30.933336Z	debug	resource-cache	[echo] ===BEGIN: Apply request for 0 objects
2026-05-25T10:44:30.933337Z	debug	resource-cache	Delete all objects from the namespace echo
2026-05-25T10:44:30.933338Z	debug	resource-cache	[echo] objects previously in k8s api server cache: 0
2026-05-25T10:44:30.933338Z	debug	resource-cache	[echo] No previous objects at k8s apiserver cache for namespace
2026-05-25T10:44:30.933339Z	debug	resource-cache	[echo] ===END: Apply request for 0 objects in 0.000003 s
2026-05-25T10:44:30.933344Z	debug	resource-cache	[echo] ===BEGIN: Apply request for 0 objects
2026-05-25T10:44:30.933357Z	debug	resource-cache	Delete all objects from the namespace echo
2026-05-25T10:44:30.933360Z	debug	resource-cache	[echo] objects previously in k8s api server cache: 0
2026-05-25T10:44:30.933361Z	debug	resource-cache	[echo] No previous objects at k8s apiserver cache for namespace
2026-05-25T10:44:30.933362Z	debug	resource-cache	[echo] ===END: Apply request for 0 objects in 0.000018 s
2026-05-25T10:44:30.933268Z	debug	resource-cache	[cert-manager] ===BEGIN: Apply request for 0 objects
2026-05-25T10:44:30.933366Z	debug	resource-cache	Delete all objects from the namespace cert-manager
2026-05-25T10:44:30.933367Z	debug	resource-cache	[cert-manager] objects previously in k8s api server cache: 0
2026-05-25T10:44:30.933368Z	debug	resource-cache	[cert-manager] No previous objects at k8s apiserver cache for namespace
2026-05-25T10:44:30.933368Z	debug	resource-cache	[cert-manager] ===END: Apply request for 0 objects in 0.000100 s
2026-05-25T10:44:30.933314Z	debug	resource-cache	[default] No previous objects at k8s apiserver cache for namespace
2026-05-25T10:44:30.933371Z	debug	resource-cache	[default] ===END: Apply request for 0 objects in 0.000083 s
2026-05-25T10:44:30.933345Z	debug	translator	skipping translation for namespace "kube-public"	ns=kube-public id=0b891d26
2026-05-25T10:44:30.933395Z	debug	resource-cache	Batch-based resource tracking disabled, falling back to namespace-based
2026-05-25T10:44:30.933400Z	debug	resource-cache	[kube-public] ===BEGIN: Apply request for 0 objects
2026-05-25T10:44:30.933401Z	debug	resource-cache	Delete all objects from the namespace kube-public
2026-05-25T10:44:30.933402Z	debug	resource-cache	[kube-public] objects previously in k8s api server cache: 0
2026-05-25T10:44:30.933404Z	debug	resource-cache	[kube-public] No previous objects at k8s apiserver cache for namespace
2026-05-25T10:44:30.933405Z	debug	resource-cache	[kube-public] ===END: Apply request for 0 objects in 0.000005 s
2026-05-25T10:44:30.933416Z	debug	resource-cache	[kube-public] ===BEGIN: Apply request for 0 objects
2026-05-25T10:44:30.933424Z	debug	resource-cache	Delete all objects from the namespace kube-public
2026-05-25T10:44:30.933438Z	debug	resource-cache	[kube-public] objects previously in k8s api server cache: 0
2026-05-25T10:44:30.933439Z	debug	resource-cache	[kube-public] No previous objects at k8s apiserver cache for namespace
2026-05-25T10:44:30.933441Z	debug	resource-cache	[kube-public] ===END: Apply request for 0 objects in 0.000024 s
2026-05-25T10:44:30.933227Z	debug	resource-cache	[local-path-storage] No previous objects at k8s apiserver cache for namespace
2026-05-25T10:44:30.933446Z	debug	resource-cache	[local-path-storage] ===END: Apply request for 0 objects in 0.000224 s
2026-05-25T10:44:30.933268Z	debug	resource-cache	[xcp-system] ===BEGIN: Apply request for 0 objects
2026-05-25T10:44:30.933450Z	debug	resource-cache	Delete all objects from the namespace xcp-system
2026-05-25T10:44:30.933451Z	debug	resource-cache	[xcp-system] objects previously in k8s api server cache: 0
2026-05-25T10:44:30.933451Z	debug	resource-cache	[xcp-system] No previous objects at k8s apiserver cache for namespace
2026-05-25T10:44:30.933452Z	debug	resource-cache	[xcp-system] ===END: Apply request for 0 objects in 0.000184 s
2026-05-25T10:44:30.933482Z	warn	translator	failed to lookup security group for "tier1": security group not found for namespace tier1 in workspace passthrough-ws	ns=tier1 id=f7f00035
2026-05-25T10:44:30.933495Z	debug	translator	security group for namespace "tier1" not found. applying defaults	ns=tier1 id=f7f00035
2026-05-25T10:44:30.933513Z	debug	translator	selector is nil means no per-svc security settings, setting it to match_labels:{key:"istio" value:"ingressgateway"}	ns=tier1 id=f7f00035
2026-05-25T10:44:30.933526Z	debug	translator	found gateway group (BRIDGED) "tier1-gg" for namespace "tier1"	ns=tier1 id=f7f00035
2026-05-25T10:44:30.933529Z	warn	translator	error while getting traffic group for namespace "tier1": traffic group not found for namespace tier1 in workspace passthrough-ws	ns=tier1 id=f7f00035
2026-05-25T10:44:30.933531Z	debug	translator	upstream traffic setting for namespace "tier1" not found, default settings will be created	ns=tier1 id=f7f00035
2026-05-25T10:44:30.933532Z	debug	translator	found gateway group for namespace "tier1": tier1-gg	ns=tier1 id=f7f00035
2026-05-25T10:44:30.933601Z	debug	translator	translating tier1 gateway tier1-echo-gw with 0 external and 0 internal	ns=tier1 id=f7f00035
2026-05-25T10:44:30.933609Z	debug	translator	translating tier1 gateway tier1-echo-gw passthrough server echo	ns=tier1 id=f7f00035
2026-05-25T10:44:30.933614Z	debug	translator	translating gateway tier1-echo-gw passthrough server echo (echo.tetrate.io) to virtual service	ns=tier1 id=f7f00035
2026-05-25T10:44:30.933623Z	warn	mc-configgen	cannot lookup traffic group for "tier1": traffic group not found for namespace tier1 in workspace passthrough-ws
2026-05-25T10:44:30.933626Z	error	translator	error getting gw label for gateway %!w(string=istio-system/tier1-echo-gw), error: labels not found for gateway.xcp.tetrate.io/v2/Tier1Gateway::istio-system/tier1-echo-gw	ns=tier1 id=f7f00035
2026-05-25T10:44:30.933628Z	warn	mc-configgen	cannot lookup traffic group for "tier1": traffic group not found for namespace tier1 in workspace passthrough-ws
2026-05-25T10:44:30.933634Z	debug	translator	compiling tier1 gateway tier1-echo-gw destination rule for echo.tetrate.io, subsets 1	ns=tier1 id=f7f00035
2026-05-25T10:44:30.933716Z	debug	translator	[ambient] buildEastWestGatewayConfigs: entry point called	ns=tier1 id=f7f00035
2026-05-25T10:44:30.933722Z	debug	translator	[ambient] doBuildEastWestGatewayConfigsforAllWorkspaces: processing 1 workspaces	ns=tier1 id=f7f00035
2026-05-25T10:44:30.933723Z	debug	translator	[ambient] processing workspace 0: passthrough-ws	ns=tier1 id=f7f00035
2026-05-25T10:44:30.933724Z	debug	translator	workspace settings for workspace "passthrough-ws" does not have east-west gateway configs defined	ns=tier1 id=f7f00035
2026-05-25T10:44:30.933725Z	debug	translator	[ambient] workspace passthrough-ws generated 0 regular east-west configs	ns=tier1 id=f7f00035
2026-05-25T10:44:30.933726Z	debug	translator	[ambient] EnableAmbient=false, skipping ambient hybrid configs for workspace passthrough-ws	ns=tier1 id=f7f00035
2026-05-25T10:44:30.933726Z	debug	translator	[ambient] doBuildEastWestGatewayConfigsforAllWorkspaces: total generated 0 configs	ns=tier1 id=f7f00035
2026-05-25T10:44:30.933728Z	debug	translator	error while looking up istio internal group for namespace "tier1": istio internal group not found for namespace tier1 in workspace passthrough-ws	ns=tier1 id=f7f00035
2026-05-25T10:44:30.933730Z	debug	translator	generated configurations: 2 traffic, 1 security, 5 gateway, 0 istio internal	ns=tier1 id=f7f00035
2026-05-25T10:44:30.933731Z	debug	translator	ew-gen: generating east-west workload entry configs for local services that are exposed for east-west routing	ns=tier1 id=f7f00035
2026-05-25T10:44:30.933249Z	debug	resource-cache	[metallb-system] ===BEGIN: Apply request for 0 objects
2026-05-25T10:44:30.933966Z	debug	resource-cache	Delete all objects from the namespace metallb-system
2026-05-25T10:44:30.933968Z	debug	resource-cache	[metallb-system] objects previously in k8s api server cache: 0
2026-05-25T10:44:30.933969Z	debug	resource-cache	[metallb-system] No previous objects at k8s apiserver cache for namespace
2026-05-25T10:44:30.933970Z	debug	resource-cache	[metallb-system] ===END: Apply request for 0 objects in 0.000721 s
2026-05-25T10:44:30.934445Z	debug	configapply	Applying 8 istio objects in namespace tier1
2026-05-25T10:44:30.934451Z	debug	configapply	   networking.istio.io/v1/Sidecar [tier1/default]
2026-05-25T10:44:30.934452Z	debug	configapply	   networking.istio.io/v1alpha3/EnvoyFilter [tier1/default-upstream-traffic-setting]
2026-05-25T10:44:30.934453Z	debug	configapply	   security.istio.io/v1/AuthorizationPolicy [tier1/allow]
2026-05-25T10:44:30.934454Z	debug	configapply	   networking.istio.io/v1alpha3/EnvoyFilter [tier1/tier1-gg-default-upstream-traffic-setting]
2026-05-25T10:44:30.934455Z	debug	configapply	   networking.istio.io/v1/Gateway [tier1/tier1-echo-gw]
2026-05-25T10:44:30.934456Z	debug	configapply	   networking.istio.io/v1/VirtualService [tier1/tier1-echo-gw-echo]
2026-05-25T10:44:30.934457Z	debug	configapply	   networking.istio.io/v1/DestinationRule [tier1/tier1-tier1-echo-gwecho-tetrate-io]
2026-05-25T10:44:30.934458Z	debug	configapply	   networking.istio.io/v1alpha3/EnvoyFilter [tier1/default-allow-tier1-echo-gw-external-batch0]
2026-05-25T10:44:30.934459Z	debug	resource-cache	[tier1] ===BEGIN: Apply request for 8 objects
2026-05-25T10:44:30.934546Z	debug	resource-cache	[tier1] Create for {"type":{"group":"security.istio.io","version":"v1","kind":"AuthorizationPolicy"},"name":"allow","namespace":"tier1","labels":{"istio.io/rev":"global"},"annotations":{"kubectl.kubernetes.io/last-applied-configuration":"{\"apiVersion\":\"xcp.tetrate.io/v2\",\"kind\":\"Workspace\",\"metadata\":{\"annotations\":{},\"name\":\"passthrough-ws\",\"namespace\":\"xcp-system\"},\"spec\":{\"namespaceSelector\":{\"names\":[\"cluster-0/tier1\",\"cluster-1/echo\"]}}}\n","xcp.tetrate.io/contentHash":"e5d3817c7d08543139c22f8de5bfec93"},"creationTimestamp":"0001-01-01T00:00:00Z","Spec":{"selector":{"matchLabels":{"istio":"ingressgateway"}},"rules":[{"from":[{"source":{"principals":["*"]}}],"to":[{"operation":{"ports":["15443"]}}]}]},"Status":null,"Extra":null}
2026-05-25T10:44:30.934558Z	debug	resource-cache	[tier1] objects previously in k8s api server cache: 8
2026-05-25T10:44:30.934574Z	debug	resource-cache	[tier1] stale resources to be deleted []
2026-05-25T10:44:30.934578Z	debug	configapply	computed hash for AuthorizationPolicy:tier1/allow - 8c65f8421c3431e4ef3784484e3ef261
2026-05-25T10:44:30.934582Z	debug	discovery-server	same hash so neither creating nor updating
2026-05-25T10:44:30.934551Z	debug	resource-cache	[tier1] Create for {"type":{"group":"networking.istio.io","version":"v1","kind":"Sidecar"},"name":"default","namespace":"tier1","labels":{"istio.io/rev":"global"},"annotations":{"kubectl.kubernetes.io/last-applied-configuration":"{\"apiVersion\":\"xcp.tetrate.io/v2\",\"kind\":\"Workspace\",\"metadata\":{\"annotations\":{},\"name\":\"passthrough-ws\",\"namespace\":\"xcp-system\"},\"spec\":{\"namespaceSelector\":{\"names\":[\"cluster-0/tier1\",\"cluster-1/echo\"]}}}\n","xcp.tetrate.io/contentHash":"e5d3817c7d08543139c22f8de5bfec93"},"creationTimestamp":"0001-01-01T00:00:00Z","Spec":{"egress":[{"hosts":["*/*"]}]},"Status":null,"Extra":null}
2026-05-25T10:44:30.934593Z	debug	configapply	computed hash for Sidecar:tier1/default - 70cf1206d3284c26c17024a87c57be8e
2026-05-25T10:44:30.934595Z	debug	discovery-server	same hash so neither creating nor updating
2026-05-25T10:44:30.934603Z	debug	resource-cache	[tier1] Create for {"type":{"group":"networking.istio.io","version":"v1alpha3","kind":"EnvoyFilter"},"name":"default-allow-tier1-echo-gw-external-batch0","namespace":"tier1","labels":{"istio.io/rev":"global","xcp.tetrate.io/gatewayGroup":"tier1-gg","xcp.tetrate.io/workspace":"passthrough-ws"},"annotations":{"kubectl.kubernetes.io/last-applied-configuration":"{\"apiVersion\":\"gateway.xcp.tetrate.io/v2\",\"kind\":\"Tier1Gateway\",\"metadata\":{\"annotations\":{},\"labels\":{\"xcp.tetrate.io/gatewayGroup\":\"tier1-gg\",\"xcp.tetrate.io/workspace\":\"passthrough-ws\"},\"name\":\"tier1-echo-gw\",\"namespace\":\"xcp-system\"},\"spec\":{\"passthroughServers\":[{\"clusters\":[{\"name\":\"cluster-1\",\"weight\":100}],\"hostname\":\"echo.tetrate.io\",\"name\":\"echo\",\"port\":17443}],\"workloadSelector\":{\"labels\":{\"app\":\"tier1-gateway\"},\"namespace\":\"tier1\"}}}\n","xcp.tetrate.io/contentHash":"d484a71372da369e909e5b36d9d8f5d7"},"creationTimestamp":"0001-01-01T00:00:00Z","Spec":{"workloadSelector":{"labels":{"app":"tier1-gateway"}},"configPatches":[{"applyTo":"NETWORK_FILTER","match":{"context":"GATEWAY","proxy":{"proxyVersion":"^1\\.(22|24|28)(\\.\\d+)?(-.*)?$"},"listener":{"portNumber":17443,"filterChain":{"sni":"echo.tetrate.io","filter":{"name":"envoy.filters.network.rbac"}}}},"patch":{"operation":"REPLACE","value":{"name":"envoy.filters.network.rbac","typed_config":{"@type":"type.googleapis.com/envoy.extensions.filters.network.rbac.v3.RBAC","rules":{"policies":{"tier1-tier1-echo-gw-echo":{"permissions":[{"and_rules":{"rules":[{"or_rules":{"rules":[{"destination_port":17443}]}}]}}],"principals":[{"and_ids":{"ids":[{"any":true}]}}]}}},"stat_prefix":"tcp."}}}}],"priority":-2000},"Status":null,"Extra":null}
2026-05-25T10:44:30.934611Z	debug	resource-cache	[tier1] Create for {"type":{"group":"networking.istio.io","version":"v1","kind":"VirtualService"},"name":"tier1-echo-gw-echo","namespace":"tier1","labels":{"istio.io/rev":"global","xcp.tetrate.io/gatewayGroup":"tier1-gg","xcp.tetrate.io/workspace":"passthrough-ws"},"annotations":{"kubectl.kubernetes.io/last-applied-configuration":"{\"apiVersion\":\"gateway.xcp.tetrate.io/v2\",\"kind\":\"Tier1Gateway\",\"metadata\":{\"annotations\":{},\"labels\":{\"xcp.tetrate.io/gatewayGroup\":\"tier1-gg\",\"xcp.tetrate.io/workspace\":\"passthrough-ws\"},\"name\":\"tier1-echo-gw\",\"namespace\":\"xcp-system\"},\"spec\":{\"passthroughServers\":[{\"clusters\":[{\"name\":\"cluster-1\",\"weight\":100}],\"hostname\":\"echo.tetrate.io\",\"name\":\"echo\",\"port\":17443}],\"workloadSelector\":{\"labels\":{\"app\":\"tier1-gateway\"},\"namespace\":\"tier1\"}}}\n","xcp.tetrate.io/contentHash":"d484a71372da369e909e5b36d9d8f5d7"},"creationTimestamp":"0001-01-01T00:00:00Z","Spec":{"hosts":["echo.tetrate.io"],"gateways":["tier1/tier1-echo-gw"],"tls":[{"match":[{"sniHosts":["echo.tetrate.io"],"port":17443}],"route":[{"destination":{"host":"echo.tetrate.io","subset":"tier1-echo-gw-echo-passthrough-0","port":{"number":17443}},"weight":100}]}],"exportTo":["."]},"Status":null,"Extra":null}
2026-05-25T10:44:30.934614Z	debug	resource-cache	[tier1] Create for {"type":{"group":"networking.istio.io","version":"v1alpha3","kind":"EnvoyFilter"},"name":"default-upstream-traffic-setting","namespace":"tier1","labels":{"istio.io/rev":"global"},"annotations":{"kubectl.kubernetes.io/last-applied-configuration":"{\"apiVersion\":\"xcp.tetrate.io/v2\",\"kind\":\"Workspace\",\"metadata\":{\"annotations\":{},\"name\":\"passthrough-ws\",\"namespace\":\"xcp-system\"},\"spec\":{\"namespaceSelector\":{\"names\":[\"cluster-0/tier1\",\"cluster-1/echo\"]}}}\n","xcp.tetrate.io/contentHash":"e5d3817c7d08543139c22f8de5bfec93"},"creationTimestamp":"0001-01-01T00:00:00Z","Spec":{"configPatches":[{"applyTo":"CLUSTER","match":{"context":"SIDECAR_OUTBOUND","proxy":{"proxyVersion":"^1\\.(22|24|28)(\\.\\d+)?(-.*)?$"}},"patch":{"operation":"MERGE","value":{"@type":"type.googleapis.com/envoy.config.cluster.v3.Cluster","common_lb_config":{"healthy_panic_threshold":{}},"outlier_detection":{"consecutive_gateway_failure":10,"enforcing_consecutive_5xx":0,"enforcing_consecutive_gateway_failure":100,"max_ejection_percent":100}}}},{"applyTo":"HTTP_ROUTE","match":{"context":"SIDECAR_OUTBOUND","proxy":{"proxyVersion":"^1\\.(22|24|28)(\\.\\d+)?(-.*)?$"},"routeConfiguration":{"vhost":{"route":{"action":"ROUTE"}}}},"patch":{"operation":"MERGE","value":{"@type":"type.googleapis.com/envoy.config.route.v3.Route","route":{"retry_policy":{"host_selection_retry_max_attempts":"5","num_retries":2,"retriable_status_codes":[503],"retry_host_predicate":[{"name":"envoy.retry_host_predicates.previous_hosts","typed_config":{"@type":"type.googleapis.com/envoy.extensions.retry.host.previous_hosts.v3.PreviousHostsPredicate"}}],"retry_on":"reset,connect-failure,refused-stream,unavailable,cancelled,retriable-status-codes"}}}}}],"priority":100},"Status":null,"Extra":null}
2026-05-25T10:44:30.934638Z	debug	configapply	computed hash for VirtualService:tier1/tier1-echo-gw-echo - 77c33e466d45d4f2a5b8afb837988ddb
2026-05-25T10:44:30.934641Z	debug	discovery-server	same hash so neither creating nor updating
2026-05-25T10:44:30.934660Z	debug	configapply	computed hash for EnvoyFilter:tier1/default-allow-tier1-echo-gw-external-batch0 - 3f44b39a61587f6e41acb85bb50e8b54
2026-05-25T10:44:30.934665Z	debug	discovery-server	same hash so neither creating nor updating
2026-05-25T10:44:30.934675Z	debug	resource-cache	[tier1] Create for {"type":{"group":"networking.istio.io","version":"v1","kind":"Gateway"},"name":"tier1-echo-gw","namespace":"tier1","labels":{"istio.io/rev":"global","xcp.tetrate.io/gatewayGroup":"tier1-gg","xcp.tetrate.io/workspace":"passthrough-ws"},"annotations":{"kubectl.kubernetes.io/last-applied-configuration":"{\"apiVersion\":\"gateway.xcp.tetrate.io/v2\",\"kind\":\"Tier1Gateway\",\"metadata\":{\"annotations\":{},\"labels\":{\"xcp.tetrate.io/gatewayGroup\":\"tier1-gg\",\"xcp.tetrate.io/workspace\":\"passthrough-ws\"},\"name\":\"tier1-echo-gw\",\"namespace\":\"xcp-system\"},\"spec\":{\"passthroughServers\":[{\"clusters\":[{\"name\":\"cluster-1\",\"weight\":100}],\"hostname\":\"echo.tetrate.io\",\"name\":\"echo\",\"port\":17443}],\"workloadSelector\":{\"labels\":{\"app\":\"tier1-gateway\"},\"namespace\":\"tier1\"}}}\n","xcp.tetrate.io/contentHash":"d484a71372da369e909e5b36d9d8f5d7"},"creationTimestamp":"0001-01-01T00:00:00Z","Spec":{"servers":[{"port":{"number":17443,"protocol":"TLS","name":"tls-echo"},"hosts":["tier1/echo.tetrate.io"],"tls":{},"name":"echo"}],"selector":{"app":"tier1-gateway"}},"Status":null,"Extra":null}
2026-05-25T10:44:30.934707Z	debug	resource-cache	[tier1] Create for {"type":{"group":"networking.istio.io","version":"v1","kind":"DestinationRule"},"name":"tier1-tier1-echo-gwecho-tetrate-io","namespace":"tier1","labels":{"istio.io/rev":"global","xcp.tetrate.io/gatewayGroup":"tier1-gg","xcp.tetrate.io/workspace":"passthrough-ws"},"annotations":{"kubectl.kubernetes.io/last-applied-configuration":"{\"apiVersion\":\"gateway.xcp.tetrate.io/v2\",\"kind\":\"Tier1Gateway\",\"metadata\":{\"annotations\":{},\"labels\":{\"xcp.tetrate.io/gatewayGroup\":\"tier1-gg\",\"xcp.tetrate.io/workspace\":\"passthrough-ws\"},\"name\":\"tier1-echo-gw\",\"namespace\":\"xcp-system\"},\"spec\":{\"passthroughServers\":[{\"clusters\":[{\"name\":\"cluster-1\",\"weight\":100}],\"hostname\":\"echo.tetrate.io\",\"name\":\"echo\",\"port\":17443}],\"workloadSelector\":{\"labels\":{\"app\":\"tier1-gateway\"},\"namespace\":\"tier1\"}}}\n","xcp.tetrate.io/contentHash":"d484a71372da369e909e5b36d9d8f5d7"},"creationTimestamp":"0001-01-01T00:00:00Z","Spec":{"host":"echo.tetrate.io","subsets":[{"name":"tier1-echo-gw-echo-passthrough-0","labels":{"xcp.tetrate.io/cluster":"cluster-1","xcp.tetrate.io/svc-port-17443":"true"},"trafficPolicy":{"portLevelSettings":[{"port":{"number":17443},"loadBalancer":{"localityLbSetting":{"failoverPriority":["topology.kubernetes.io/region","topology.istio.io/network","topology.kubernetes.io/zone","topology.istio.io/subzone"],"enabled":true}},"outlierDetection":{"consecutiveGatewayErrors":10,"maxEjectionPercent":100},"tls":{}}]}}],"exportTo":["."],"workloadSelector":{"matchLabels":{"app":"tier1-gateway"}}},"Status":null,"Extra":null}
2026-05-25T10:44:30.934735Z	debug	configapply	computed hash for Gateway:tier1/tier1-echo-gw - 0c3f252b3f9817487b387c0e7502e512
2026-05-25T10:44:30.934743Z	debug	discovery-server	same hash so neither creating nor updating
2026-05-25T10:44:30.934682Z	debug	resource-cache	[tier1] Create for {"type":{"group":"networking.istio.io","version":"v1alpha3","kind":"EnvoyFilter"},"name":"tier1-gg-default-upstream-traffic-setting","namespace":"tier1","labels":{"istio.io/rev":"global"},"annotations":{"kubectl.kubernetes.io/last-applied-configuration":"{\"apiVersion\":\"xcp.tetrate.io/v2\",\"kind\":\"Workspace\",\"metadata\":{\"annotations\":{},\"name\":\"passthrough-ws\",\"namespace\":\"xcp-system\"},\"spec\":{\"namespaceSelector\":{\"names\":[\"cluster-0/tier1\",\"cluster-1/echo\"]}}}\n","xcp.tetrate.io/contentHash":"e5d3817c7d08543139c22f8de5bfec93"},"creationTimestamp":"0001-01-01T00:00:00Z","Spec":{"configPatches":[{"applyTo":"CLUSTER","match":{"context":"GATEWAY","proxy":{"proxyVersion":"^1\\.(22|24|28)(\\.\\d+)?(-.*)?$"}},"patch":{"operation":"MERGE","value":{"@type":"type.googleapis.com/envoy.config.cluster.v3.Cluster","common_lb_config":{"healthy_panic_threshold":{}},"outlier_detection":{"consecutive_gateway_failure":10,"enforcing_consecutive_5xx":0,"enforcing_consecutive_gateway_failure":100,"max_ejection_percent":100}}}},{"applyTo":"HTTP_ROUTE","match":{"context":"GATEWAY","proxy":{"proxyVersion":"^1\\.(22|24|28)(\\.\\d+)?(-.*)?$"},"routeConfiguration":{"vhost":{"route":{"action":"ROUTE"}}}},"patch":{"operation":"MERGE","value":{"@type":"type.googleapis.com/envoy.config.route.v3.Route","route":{"retry_policy":{"host_selection_retry_max_attempts":"5","num_retries":2,"retriable_status_codes":[503],"retry_host_predicate":[{"name":"envoy.retry_host_predicates.previous_hosts","typed_config":{"@type":"type.googleapis.com/envoy.extensions.retry.host.previous_hosts.v3.PreviousHostsPredicate"}}],"retry_on":"reset,connect-failure,refused-stream,unavailable,cancelled,retriable-status-codes"}}}}}],"priority":100},"Status":null,"Extra":null}
2026-05-25T10:44:30.934755Z	debug	configapply	computed hash for DestinationRule:tier1/tier1-tier1-echo-gwecho-tetrate-io - 1052fe8e94de114b8e0f4ce7009ab4d6
2026-05-25T10:44:30.934760Z	debug	discovery-server	same hash so neither creating nor updating
2026-05-25T10:44:30.934818Z	debug	configapply	computed hash for EnvoyFilter:tier1/tier1-gg-default-upstream-traffic-setting - 4f9a6697acdcca0723b42f9f050bddf9
2026-05-25T10:44:30.934825Z	debug	discovery-server	same hash so neither creating nor updating
2026-05-25T10:44:30.934683Z	debug	configapply	computed hash for EnvoyFilter:tier1/default-upstream-traffic-setting - 14645e3efdd68386f959e9db371e7301
2026-05-25T10:44:30.934828Z	debug	discovery-server	same hash so neither creating nor updating
2026-05-25T10:44:30.934833Z	debug	resource-cache	[tier1] ResourceCache length 12
2026-05-25T10:44:30.934834Z	debug	resource-cache	[tier1] ===END: Apply request for 8 objects in 0.000375 s
2026-05-25T10:44:30.934840Z	debug	cluster-state	Triggering cluster state change event due to config, at 2026-05-25 10:44:29.931129917 +0000 UTC m=+160680.621677899 (force regenerate config = map[]). Resources: []
2026-05-25T10:44:31.936127Z	debug	debounce	notify cbk invoked	id=919326fd
2026-05-25T10:44:31.936182Z	debug	debounce	notify cbk returned	id=919326fd
2026-05-25T10:44:31.936178Z	debug	debounce	notify cbk invoked	id=a09a36e7
2026-05-25T10:44:31.936190Z	debug	debounce	Applying exponential step-up. maxSilentCurrent updated to: 2s	id=919326fd
2026-05-25T10:44:31.936214Z	info	cluster-state	processClusterStateChangeEvents: cluster-eventid: 2026-05-25 10:44:29.931129917 +0000 UTC m=+160680.621677899 and 0 more, queue length: 0, reasons: config,, forceConfigRegenReasons: map[], resources: []
2026-05-25T10:44:31.936218Z	debug	cluster-state	handleClusterStateChangedEvent: Trigger reasons: config,, Forced translation: map[], Resources: []
2026-05-25T10:44:31.936236Z	debug	cluster-gen	istioServices: 14
2026-05-25T10:44:31.936345Z	debug	cluster-gen	Ignoring service kube-system/metrics-server
2026-05-25T10:44:31.936358Z	debug	cluster-state	found Istio IsolationBoundary for Namespace "tier1" with Revision "stable"
2026-05-25T10:44:31.936401Z	info	cluster-gen	Gateway service instances for tier1/tier1-gateway: 2
2026-05-25T10:44:31.936407Z	debug	cluster-gen	Ignoring service kube-system/kube-dns
2026-05-25T10:44:31.936427Z	info	no portname specified for service metallb-webhook-service.metallb-system.svc.cluster.local port 443. no endpoints will be detected
2026-05-25T10:44:31.936787Z	info	no portname specified for service metallb-webhook-service.metallb-system.svc.cluster.local port 443. no endpoints will be detected
2026-05-25T10:44:31.936821Z	debug	config-status	Explanation of the decision flow for the Config Status of "gateway.xcp.tetrate.io/GatewayGroup" "tier1-gg" version ""
Q: Is the config type "gateway.xcp.tetrate.io/v2/GatewayGroup" supported by XCP?
A: Yes
Q: Is it an internal config of XCP?
A: No
Q: Is this config object managed by XCP?
A: Yes
Q: Did the Push Context report an ERROR for this config?
A: No
Q: Did the Push Context IGNORE this config?
A: No
Q: Does the namespace selector resolve into at least ONE namespace in this cluster?
A: Yes
I: Checking the config status in each of the 1 target namespace(s): [tier1]
I: [1/1] verdict in "tier1" namespace: Config Status is APPLIED since there were NO translation errors and the config IS mapped onto output config(s)
I: Status summary across 1 target namespace(s): APPLIED in 1 namespace(s)
I: Using "lenient" strategy to decide on the aggregated status across 1 target namespace(s)
Q: Have there been any errors while translating this config in ANY of the 1 target namespaces?
A: No
Q: Has the config been APPLIED in at least ONE of the target namespaces?
A: Yes
Verdict: Config Status is "lenient" APPLIED since the config has been APPLIED in at least ONE of the target namespaces
Config Status:
```yaml
---
configId:
  group: gateway.xcp.tetrate.io
  kind: GatewayGroup
  name: tier1-gg
  namespace: istio-system
  version: v2
details: 'Status summary across 1 target namespace(s): APPLIED in 1 namespace(s)'
metadata:
  annotations:
    kubectl.kubernetes.io/last-applied-configuration: |
      {"apiVersion":"gateway.xcp.tetrate.io/v2","kind":"GatewayGroup","metadata":{"annotations":{},"labels":{"xcp.tetrate.io/workspace":"passthrough-ws"},"name":"tier1-gg","namespace":"xcp-system"},"spec":{"configMode":"BRIDGED","namespaceSelector":{"names":["cluster-0/tier1"]}}}
  labels:
    xcp.tetrate.io/workspace: passthrough-ws
result: APPLIED
```

2026-05-25T10:44:31.936848Z	debug	cluster-gen	Getting XCP services for possible gateway service tier1-gateway.tier1.svc.cluster.local, labels map[app:tier1-gateway istio:ingressgateway]
2026-05-25T10:44:31.936867Z	debug	cluster-gen	found matching tier1 gateway - tier1-echo-gw
2026-05-25T10:44:31.936879Z	debug	cluster-gen	found tier1 passthrough host echo.tetrate.io for service tier1-gateway.tier1.svc.cluster.local
2026-05-25T10:44:31.937194Z	debug	config-status	Explanation of the decision flow for the Config Status of "gateway.xcp.tetrate.io/Tier1Gateway" "tier1-echo-gw" version ""
Q: Is the config type "gateway.xcp.tetrate.io/v2/Tier1Gateway" supported by XCP?
A: Yes
Q: Is it an internal config of XCP?
A: No
Q: Is this config object managed by XCP?
A: Yes
Q: Did the Push Context report an ERROR for this config?
A: No
Q: Did the Push Context IGNORE this config?
A: No
Q: Does the namespace selector resolve into at least ONE namespace in this cluster?
A: Yes
I: Checking the config status in each of the 1 target namespace(s): [tier1]
I: [1/1] verdict in "tier1" namespace: Config Status is APPLIED since there were NO translation errors and the config IS mapped onto output config(s)
I: Status summary across 1 target namespace(s): APPLIED in 1 namespace(s)
I: Using "lenient" strategy to decide on the aggregated status across 1 target namespace(s)
Q: Have there been any errors while translating this config in ANY of the 1 target namespaces?
A: No
Q: Has the config been APPLIED in at least ONE of the target namespaces?
A: Yes
Verdict: Config Status is "lenient" APPLIED since the config has been APPLIED in at least ONE of the target namespaces
Config Status:
```yaml
---
configId:
  group: gateway.xcp.tetrate.io
  kind: Tier1Gateway
  name: tier1-echo-gw
  namespace: istio-system
  version: v2
details: 'Status summary across 1 target namespace(s): APPLIED in 1 namespace(s)'
metadata:
  annotations:
    kubectl.kubernetes.io/last-applied-configuration: |
      {"apiVersion":"gateway.xcp.tetrate.io/v2","kind":"Tier1Gateway","metadata":{"annotations":{},"labels":{"xcp.tetrate.io/gatewayGroup":"tier1-gg","xcp.tetrate.io/workspace":"passthrough-ws"},"name":"tier1-echo-gw","namespace":"xcp-system"},"spec":{"passthroughServers":[{"clusters":[{"name":"cluster-1","weight":100}],"hostname":"echo.tetrate.io","name":"echo","port":17443}],"workloadSelector":{"labels":{"app":"tier1-gateway"},"namespace":"tier1"}}}
  labels:
    xcp.tetrate.io/gatewayGroup: tier1-gg
    xcp.tetrate.io/workspace: passthrough-ws
result: APPLIED
```

2026-05-25T10:44:31.937236Z	debug	config-status	Explanation of the decision flow for the Config Status of "install.xcp.tetrate.io/GatewayDeployment" "tier1-gateway" version ""
Q: Is the config type "install.xcp.tetrate.io/v1alpha1/GatewayDeployment" supported by XCP?
A: Yes
Q: Is it an internal config of XCP?
A: No
Q: Is this config object managed by XCP?
A: No
Verdict: Config Status is NOT reported since the config is not managed by XCP
Config Status:
```yaml
---
null
```

2026-05-25T10:44:31.937265Z	debug	config-status	Explanation of the decision flow for the Config Status of "networking.istio.io/EnvoyFilter" "global-forward-xfcc-15443" version ""
Q: Is the config type "networking.istio.io/v1alpha3/EnvoyFilter" supported by XCP?
A: Yes
Q: Is it an internal config of XCP?
A: Yes
Verdict: Config Status is NOT reported since it's an internal config of XCP
Config Status:
```yaml
---
null
```

2026-05-25T10:44:31.937265Z	debug	discovery-cache	added istio service instances in namespace: istio-system objects 0, changed false
2026-05-25T10:44:31.937280Z	debug	discovery-cache	added istio service instances in namespace: xcp-system objects 0, changed false
2026-05-25T10:44:31.937283Z	debug	config-status	Explanation of the decision flow for the Config Status of "networking.istio.io/EnvoyFilter" "global-gw-best-practice" version ""
Q: Is the config type "networking.istio.io/v1alpha3/EnvoyFilter" supported by XCP?
A: Yes
Q: Is it an internal config of XCP?
A: Yes
Verdict: Config Status is NOT reported since it's an internal config of XCP
Config Status:
```yaml
---
null
```

2026-05-25T10:44:31.937293Z	debug	config-status	Explanation of the decision flow for the Config Status of "networking.istio.io/EnvoyFilter" "global-mx-downstream-egress-gateway-filter" version ""
Q: Is the config type "networking.istio.io/v1alpha3/EnvoyFilter" supported by XCP?
A: Yes
Q: Is it an internal config of XCP?
A: Yes
Verdict: Config Status is NOT reported since it's an internal config of XCP
Config Status:
```yaml
---
null
```

2026-05-25T10:44:31.937300Z	debug	config-status	Explanation of the decision flow for the Config Status of "networking.istio.io/EnvoyFilter" "global-mx-downstream-gateway-filter" version ""
Q: Is the config type "networking.istio.io/v1alpha3/EnvoyFilter" supported by XCP?
A: Yes
Q: Is it an internal config of XCP?
A: Yes
Verdict: Config Status is NOT reported since it's an internal config of XCP
Config Status:
```yaml
---
null
```

2026-05-25T10:44:31.937307Z	debug	discovery-cache	gateway serviceInstance hostname tier1-gateway.tier1.svc.cluster.local
2026-05-25T10:44:31.937313Z	debug	config-status	Explanation of the decision flow for the Config Status of "networking.istio.io/EnvoyFilter" "global-periodical-access-log" version ""
Q: Is the config type "networking.istio.io/v1alpha3/EnvoyFilter" supported by XCP?
A: Yes
Q: Is it an internal config of XCP?
A: Yes
Verdict: Config Status is NOT reported since it's an internal config of XCP
Config Status:
```yaml
---
null
```

2026-05-25T10:44:31.937322Z	debug	config-status	Explanation of the decision flow for the Config Status of "networking.istio.io/EnvoyFilter" "global-request-id-propagation" version ""
Q: Is the config type "networking.istio.io/v1alpha3/EnvoyFilter" supported by XCP?
A: Yes
Q: Is it an internal config of XCP?
A: Yes
Verdict: Config Status is NOT reported since it's an internal config of XCP
Config Status:
```yaml
---
null
```

2026-05-25T10:44:31.937335Z	debug	discovery-cache	gateway serviceInstance hostname tier1-gateway.tier1.svc.cluster.local
2026-05-25T10:44:31.937350Z	debug	discovery-cache	added istio service instances in namespace: tier1 objects 2, changed false
2026-05-25T10:44:31.937362Z	debug	discovery-cache	added istio service instances in namespace: cert-manager objects 0, changed false
2026-05-25T10:44:31.937364Z	debug	discovery-cache	added istio service instances in namespace: default objects 0, changed false
2026-05-25T10:44:31.937366Z	debug	discovery-cache	added istio service instances in namespace: metallb-system objects 0, changed false
2026-05-25T10:44:31.937381Z	debug	cluster-state	triggerConfigTranslation false ,triggerConfigTranslationReason false 
2026-05-25T10:44:31.937393Z	debug	cluster-state	All gateway hostname mappings are same.
2026-05-25T10:44:31.937398Z	debug	cluster-state	All gatewayHost bounded k8s svcs have same addresses.
2026-05-25T10:44:31.937400Z	debug	cluster-state	No significant changes detected; skipping report to other clusters.
2026-05-25T10:44:31.937406Z	debug	cluster-state	No significant changes detected for east-west services; skipping report to other clusters.
2026-05-25T10:44:31.937410Z	debug	cluster-state	All gateway hostname mappings are same.
2026-05-25T10:44:31.937422Z	debug	cluster-state	handleClusterStateChangedEvent, actions: map[sendHeaderToCentral:{}]
2026-05-25T10:44:31.937458Z	debug	discovery-server	wrote channel for sending header only
2026-05-25T10:44:31.937467Z	debug	cluster-state	Sent header to central
2026-05-25T10:44:31.937481Z	debug	discovery-server	Sending cluster-state update to central xcp
2026-05-25T10:44:31.937517Z	debug	discovery-server	Done sending cluster-state to central xcp
2026-05-25T10:44:31.937338Z	debug	config-status	Explanation of the decision flow for the Config Status of "networking.istio.io/EnvoyFilter" "global-tcp-keepalive-envoy-filter" version ""
Q: Is the config type "networking.istio.io/v1alpha3/EnvoyFilter" supported by XCP?
A: Yes
Q: Is it an internal config of XCP?
A: Yes
Verdict: Config Status is NOT reported since it's an internal config of XCP
Config Status:
```yaml
---
null
```

2026-05-25T10:44:31.937579Z	debug	config-status	Explanation of the decision flow for the Config Status of "networking.istio.io/EnvoyFilter" "global-xfcc-extractor-sidecar" version ""
Q: Is the config type "networking.istio.io/v1alpha3/EnvoyFilter" supported by XCP?
A: Yes
Q: Is it an internal config of XCP?
A: Yes
Verdict: Config Status is NOT reported since it's an internal config of XCP
Config Status:
```yaml
---
null
```

2026-05-25T10:44:31.937607Z	debug	config-status	Explanation of the decision flow for the Config Status of "networking.istio.io/EnvoyFilter" "global-xfcc-guard-15443" version ""
Q: Is the config type "networking.istio.io/v1alpha3/EnvoyFilter" supported by XCP?
A: Yes
Q: Is it an internal config of XCP?
A: Yes
Verdict: Config Status is NOT reported since it's an internal config of XCP
Config Status:
```yaml
---
null
```

2026-05-25T10:44:31.937811Z	debug	config-status	Explanation of the decision flow for the Config Status of "xcp.tetrate.io/Cluster" "cluster-0" version ""
Q: Is the config type "xcp.tetrate.io/v2/Cluster" supported by XCP?
A: Yes
Q: Is it an internal config of XCP?
A: No
Q: Is this config object managed by XCP?
A: Yes
Q: Did the Push Context report an ERROR for this config?
A: No
Q: Did the Push Context IGNORE this config?
A: No
Verdict: Config Status is UNKNOWN since status for that config type has NOT been implemented yet
Config Status:
```yaml
---
configId:
  group: xcp.tetrate.io
  kind: Cluster
  name: cluster-0
  namespace: istio-system
  version: v2
details: Config Status for that config type has NOT been implemented yet
metadata:
  annotations:
    kubectl.kubernetes.io/last-applied-configuration: |
      {"apiVersion":"xcp.tetrate.io/v2","kind":"Cluster","metadata":{"annotations":{},"name":"cluster-0","namespace":"xcp-system"},"spec":{"istioTrustDomain":"cluster.local"}}
```

2026-05-25T10:44:31.938024Z	debug	config-status	Explanation of the decision flow for the Config Status of "xcp.tetrate.io/Cluster" "cluster-1" version ""
Q: Is the config type "xcp.tetrate.io/v2/Cluster" supported by XCP?
A: Yes
Q: Is it an internal config of XCP?
A: No
Q: Is this config object managed by XCP?
A: Yes
Q: Did the Push Context report an ERROR for this config?
A: No
Q: Did the Push Context IGNORE this config?
A: No
Verdict: Config Status is UNKNOWN since status for that config type has NOT been implemented yet
Config Status:
```yaml
---
configId:
  group: xcp.tetrate.io
  kind: Cluster
  name: cluster-1
  namespace: istio-system
  version: v2
details: Config Status for that config type has NOT been implemented yet
metadata: {}
```

2026-05-25T10:44:31.938187Z	debug	config-status	Explanation of the decision flow for the Config Status of "xcp.tetrate.io/GlobalSetting" "global" version ""
Q: Is the config type "xcp.tetrate.io/v2/GlobalSetting" supported by XCP?
A: Yes
Q: Is it an internal config of XCP?
A: No
Q: Is this config object managed by XCP?
A: Yes
Q: Did the Push Context report an ERROR for this config?
A: No
Q: Did the Push Context IGNORE this config?
A: No
Q: Does the namespace selector resolve into at least ONE namespace in this cluster?
A: Yes
I: Checking the config status in each of the 9 target namespace(s): [cert-manager default echo kube-node-lease kube-public local-path-storage metallb-system tier1 xcp-system]
I: [1/9] verdict in "cert-manager" namespace: Config Status is UNKNOWN since translation is SKIPPED on that namespace
I: [2/9] verdict in "default" namespace: Config Status is UNKNOWN since translation is SKIPPED on that namespace
I: [3/9] verdict in "echo" namespace: Config Status is UNKNOWN since there were NO translation errors but the config was NOT mapped onto any output config(s)
I: [4/9] verdict in "kube-node-lease" namespace: Config Status is UNKNOWN since translation is SKIPPED on that namespace
I: [5/9] verdict in "kube-public" namespace: Config Status is UNKNOWN since translation is SKIPPED on that namespace
I: [6/9] verdict in "local-path-storage" namespace: Config Status is UNKNOWN since translation is SKIPPED on that namespace
I: [7/9] verdict in "metallb-system" namespace: Config Status is UNKNOWN since translation is SKIPPED on that namespace
I: [8/9] verdict in "tier1" namespace: Config Status is APPLIED since there were NO translation errors and the config IS mapped onto output config(s)
I: [9/9] verdict in "xcp-system" namespace: Config Status is UNKNOWN since translation is SKIPPED on that namespace
I: Status summary across 9 target namespace(s): APPLIED in 1 namespace(s), TRANSLATION SKIPPED in 7 namespace(s), TRANSLATED BUT NOT MAPPED in 1 namespace(s)
I: Using "lenient" strategy to decide on the aggregated status across 9 target namespace(s)
Q: Have there been any errors while translating this config in ANY of the 9 target namespaces?
A: No
Q: Has the config been APPLIED in at least ONE of the target namespaces?
A: Yes
Verdict: Config Status is "lenient" APPLIED since the config has been APPLIED in at least ONE of the target namespaces
Config Status:
```yaml
---
configId:
  group: xcp.tetrate.io
  kind: GlobalSetting
  name: global
  namespace: istio-system
  version: v2
details: 'Status summary across 9 target namespace(s): APPLIED in 1 namespace(s),
  TRANSLATION SKIPPED in 7 namespace(s), TRANSLATED BUT NOT MAPPED in 1 namespace(s)'
metadata:
  annotations:
    kubectl.kubernetes.io/last-applied-configuration: |
      {"apiVersion":"xcp.tetrate.io/v2","kind":"GlobalSetting","metadata":{"annotations":{},"name":"global","namespace":"xcp-system"},"spec":{"networkSettings":{"networkReachability":{"nw-cluster-0":"nw-cluster-1","nw-cluster-1":"nw-cluster-0"}}}}
result: APPLIED
```

2026-05-25T10:44:31.938299Z	debug	config-status	Explanation of the decision flow for the Config Status of "xcp.tetrate.io/Workspace" "passthrough-ws" version ""
Q: Is the config type "xcp.tetrate.io/v2/Workspace" supported by XCP?
A: Yes
Q: Is it an internal config of XCP?
A: No
Q: Is this config object managed by XCP?
A: Yes
Q: Did the Push Context report an ERROR for this config?
A: No
Q: Did the Push Context IGNORE this config?
A: No
Q: Does the namespace selector resolve into at least ONE namespace in this cluster?
A: Yes
I: Checking the config status in each of the 1 target namespace(s): [tier1]
I: [1/1] verdict in "tier1" namespace: Config Status is APPLIED since there were NO translation errors and the config IS mapped onto output config(s)
I: Status summary across 1 target namespace(s): APPLIED in 1 namespace(s)
I: Using "lenient" strategy to decide on the aggregated status across 1 target namespace(s)
Q: Have there been any errors while translating this config in ANY of the 1 target namespaces?
A: No
Q: Has the config been APPLIED in at least ONE of the target namespaces?
A: Yes
Verdict: Config Status is "lenient" APPLIED since the config has been APPLIED in at least ONE of the target namespaces
Config Status:
```yaml
---
configId:
  group: xcp.tetrate.io
  kind: Workspace
  name: passthrough-ws
  namespace: istio-system
  version: v2
details: 'Status summary across 1 target namespace(s): APPLIED in 1 namespace(s)'
metadata:
  annotations:
    kubectl.kubernetes.io/last-applied-configuration: |
      {"apiVersion":"xcp.tetrate.io/v2","kind":"Workspace","metadata":{"annotations":{},"name":"passthrough-ws","namespace":"xcp-system"},"spec":{"namespaceSelector":{"names":["cluster-0/tier1","cluster-1/echo"]}}}
result: APPLIED
```

2026-05-25T10:44:31.938655Z	debug	status	generated status report in 2.461792ms
2026-05-25T10:44:31.938665Z	debug	debounce	notify cbk returned	id=a09a36e7
2026-05-25T10:44:31.938668Z	debug	debounce	Applying exponential step-up. maxSilentCurrent updated to: 2s	id=a09a36e7
2026-05-25T10:44:31.938754Z	debug	status	triggering status report sender with 6 messages
2026-05-25T10:44:31.939178Z	debug	status	successfully sent config-status report(epoch:63, messages:6) in 112.292µs
2026-05-25T10:44:32.933089Z	debug	debounce	resetting maxSilentCurrent. updated: 1s	id=fcd9f881
2026-05-25T10:44:33.736665Z	debug	discovery-server	Received cluster state update for cluster cluster-1 from central xcp
2026-05-25T10:44:33.736705Z	debug	discovery-cache	required to trigger istio translation as edge received change in failover setting for one or more hosts for cluster cluster-1
2026-05-25T10:44:33.736708Z	debug	discovery-cache	required to trigger istio translation as edge received change in locality context for one or more hosts for cluster cluster-1
2026-05-25T10:44:33.736713Z	debug	mc-configapply	Cluster cluster-1 exposed services changed: false
2026-05-25T10:44:33.736717Z	info	mc-configapply	hostport mapping changed - triggering translation and cluster reporting
2026-05-25T10:44:33.736734Z	debug	cluster-state	Triggering cluster state change event due to remote_cluster, at 2026-05-25 10:44:33.736717877 +0000 UTC m=+160684.427265859 (force regenerate config = map[remote_gw_hostport_changed:{}]). Resources: []
2026-05-25T10:44:33.736749Z	debug	discovery-server	Sending istio translation from cluster state stream notification
2026-05-25T10:44:33.736754Z	debug	discovery-server	found changes related to gateway hosts attached to lb/nodeport services. (re)generating local SEs
2026-05-25T10:44:33.736757Z	debug	mc-configapply	Downloaded cluster status updates for cluster cluster-1 and regenerated service entries
2026-05-25T10:44:33.736772Z	debug	discovery-server	Waiting on recv for cluster updates
2026-05-25T10:44:33.736787Z	debug	discovery-server	Applying cluster config: cluster-1
2026-05-25T10:44:33.737421Z	info	discovery-server	compressed cluster state cluster-1 size (bytes): 2546
2026-05-25T10:44:33.737518Z	debug	failed to extract annotations map from k8s object, create an empty annotations map
2026-05-25T10:44:33.737540Z	debug	configapply	computed hash for Cluster:istio-system/cluster-1 - ff5b6d74b7c790db5a0a89d8b14a248a
2026-05-25T10:44:33.737550Z	debug	discovery-server	Updating spec istio-system/cluster-1:
2026-05-25T10:44:33.739304Z	debug	handling validation webhook for xcp.tetrate.io/v2, Kind=Cluster
2026-05-25T10:44:33.739517Z	info	Authorized Admission request for UPDATE operation on xcp.tetrate.io/v2, Kind=Cluster/cluster-1 for username system:serviceaccount:istio-system:xcp-edge
2026-05-25T10:44:33.747192Z	debug	debounce	notify cbk invoked	id=29da738d
2026-05-25T10:44:33.747218Z	debug	mc-configapply	-->cluster cluster-0
2026-05-25T10:44:33.747237Z	debug	mc-configapply	-->cluster cluster-1
2026-05-25T10:44:33.747254Z	debug	mc-configgen	cluster cluster-0, namespaces 1
2026-05-25T10:44:33.747256Z	debug	mc-configgen	Namespace tier1 has 1 services
2026-05-25T10:44:33.747258Z	debug	mc-configgen	Skipping echo.tetrate.io ..... gatewayHost false,  len(k8s external address) 1
2026-05-25T10:44:33.747258Z	debug	mc-configgen	cluster cluster-1, namespaces 1
2026-05-25T10:44:33.747259Z	debug	mc-configgen	Namespace echo has 1 services
2026-05-25T10:44:33.747261Z	debug	mc-configgen	Tls: adding service entry for echo.tetrate.io (ns echo) port 17443
2026-05-25T10:44:33.747267Z	debug	mc-configgen	generating tier1 cluster selection labels
2026-05-25T10:44:33.747283Z	debug	mc-configgen	Derived service port name for number:17443 name:"tls" protocol:"TLS" is tls-17443
2026-05-25T10:44:33.747306Z	debug	mc-configapply	applying 1 istio objects for multicluster
2026-05-25T10:44:33.747308Z	debug	mc-configapply	   networking.istio.io/v1/ServiceEntry [xcp-multicluster/global-gateway-echo-tetrate-io]
2026-05-25T10:44:33.747310Z	debug	resource-cache	[xcp-multicluster] ===BEGIN: Apply request for 1 objects
2026-05-25T10:44:33.747374Z	debug	resource-cache	[xcp-multicluster] objects previously in k8s api server cache: 0
2026-05-25T10:44:33.747384Z	debug	resource-cache	[xcp-multicluster] No previous objects at k8s apiserver cache for namespace
2026-05-25T10:44:33.747409Z	debug	resource-cache	[xcp-multicluster] Create for {"type":{"group":"networking.istio.io","version":"v1","kind":"ServiceEntry"},"name":"global-gateway-echo-tetrate-io","namespace":"xcp-multicluster","labels":{"istio.io/rev":"global"},"creationTimestamp":"0001-01-01T00:00:00Z","Spec":{"hosts":["echo.tetrate.io"],"ports":[{"number":17443,"protocol":"TLS","name":"tls-17443"}],"location":"MESH_INTERNAL","resolution":"STATIC","endpoints":[{"address":"172.18.255.175","ports":{"tls-17443":17443},"labels":{"xcp.tetrate.io/cluster":"cluster-1","xcp.tetrate.io/echo-sv-cl":"true","xcp.tetrate.io/hops":"0","xcp.tetrate.io/service":"echo-gateway.echo.svc.cluster.local","xcp.tetrate.io/serviceType":"remoteGateway","xcp.tetrate.io/svc-port-17443":"true","xcp.tetrate.io/tier1-echo-gw-gw-cl":"true"},"network":"nw-cluster-1","locality":"us-east1/us-east1-B/subzone-x"}],"exportTo":["*"],"subjectAltNames":["spiffe://cluster.local/ns/echo/sa/echo-gateway-service-account"]},"Status":null,"Extra":null}
2026-05-25T10:44:33.747449Z	debug	failed to extract annotations map from k8s object, create an empty annotations map
2026-05-25T10:44:33.747464Z	debug	configapply	computed hash for ServiceEntry:xcp-multicluster/global-gateway-echo-tetrate-io - a3a6c32b61408f9c19b6661ddfe4827c
2026-05-25T10:44:33.747470Z	warn	kube	kube-client could not fetch on get global-gateway-echo-tetrate-io/xcp-multicluster
2026-05-25T10:44:33.751040Z	debug	resource-cache	[xcp-multicluster] ResourceCache length 12
2026-05-25T10:44:33.751056Z	debug	resource-cache	[xcp-multicluster] ===END: Apply request for 1 objects in 0.003745 s
2026-05-25T10:44:33.751062Z	debug	debounce	notify cbk returned	id=29da738d
2026-05-25T10:44:33.751068Z	debug	debounce	Applying steady step-up. maxSilentCurrent updated to: 10ms	id=29da738d
2026-05-25T10:44:33.751105Z	debug	serviceentries	adding ServiceEntry "global-gateway-echo-tetrate-io" with hosts: [echo.tetrate.io]
2026-05-25T10:44:33.751126Z	debug	serviceentry	Handle event add for service entry xcp-multicluster/global-gateway-echo-tetrate-io
2026-05-25T10:44:33.756097Z	debug	serviceentries	updating ServiceEntry "global-gateway-echo-tetrate-io" with new hosts: [echo.tetrate.io]
2026-05-25T10:44:33.756114Z	debug	serviceentry	Handle event update for service entry xcp-multicluster/global-gateway-echo-tetrate-io
2026-05-25T10:44:33.763105Z	debug	debounce	resetting maxSilentCurrent. updated: 10ms	id=29da738d
2026-05-25T10:44:33.939982Z	debug	debounce	resetting maxSilentCurrent. updated: 1s	id=a09a36e7
2026-05-25T10:44:34.737986Z	debug	debounce	notify cbk invoked	id=fcd9f881
2026-05-25T10:44:34.738047Z	debug	debounce	notify cbk returned	id=fcd9f881
2026-05-25T10:44:34.738055Z	debug	debounce	Applying exponential step-up. maxSilentCurrent updated to: 2s	id=fcd9f881
2026-05-25T10:44:34.738076Z	info	cluster-state	processConfigTranslationNotification: cluster-eventid: 2026-05-25 10:44:33.73675246 +0000 UTC m=+160684.427300484 and 0 more, queue length: 0, reasons: cluster_state_add_or_update,, forceConfigRegenReasons: map[], resources: []
2026-05-25T10:44:34.738085Z	debug	configapply	Sending XCP api CRDs to istio config translator
2026-05-25T10:44:34.738281Z	debug	model	gateway-group mapping: map[tier1-gg:tier1-gg]
2026-05-25T10:44:34.738286Z	debug	model	security-group mapping: map[]
2026-05-25T10:44:34.738287Z	debug	model	traffic-group mapping: map[]
2026-05-25T10:44:34.738288Z	debug	model	istio-internal-group mapping: map[]
2026-05-25T10:44:34.738293Z	debug	model	gateway-deployment mapping: map[tier1-gateway:tier1-gateway]
2026-05-25T10:44:34.738314Z	debug	model	processing 16 objects for cluster cluster-0
2026-05-25T10:44:34.738441Z	debug	model	Processing workspace: istio-system/passthrough-ws, o.gvk xcp.tetrate.io/v2/Workspace
2026-05-25T10:44:34.738450Z	debug	model	resolved workspace namespaces [tier1]
2026-05-25T10:44:34.738465Z	info	model	tier1: adding workspace passthrough-ws
2026-05-25T10:44:34.738549Z	debug	model	populateGroups workspace = passthrough-ws, &{Meta:{GroupVersionKind:xcp.tetrate.io/v2/Workspace UID: Name:passthrough-ws Namespace:istio-system Domain: Labels:map[] Annotations:map[kubectl.kubernetes.io/last-applied-configuration:{"apiVersion":"xcp.tetrate.io/v2","kind":"Workspace","metadata":{"annotations":{},"name":"passthrough-ws","namespace":"xcp-system"},"spec":{"namespaceSelector":{"names":["cluster-0/tier1","cluster-1/echo"]}}}
 xcp.tetrate.io/contentHash:e5d3817c7d08543139c22f8de5bfec93] ResourceVersion:617965 CreationTimestamp:2026-05-25 10:44:25 +0000 UTC OwnerReferences:[] Generation:0} Spec:namespace_selector:{names:"cluster-0/tier1" names:"cluster-1/echo"} Status:<nil> Extra:map[]}
2026-05-25T10:44:34.738560Z	debug	model	gg namespace_selector:{names:"cluster-0/tier1"}
2026-05-25T10:44:34.738561Z	debug	model	resolved gateway group namespaces [tier1]
2026-05-25T10:44:34.738573Z	debug	model	tier1: registered gateway group tier1-gg in workspace passthrough-ws
2026-05-25T10:44:34.738576Z	error	model	workspace name is unspecified or empty for install.xcp.tetrate.io/v1alpha1/GatewayDeployment::istio-system/tier1-gateway. Skipping...
2026-05-25T10:44:34.738650Z	error	model	workspace name is unspecified or empty for install.xcp.tetrate.io/v1alpha1/GatewayDeployment::istio-system/tier1-gateway. Skipping...
2026-05-25T10:44:34.738668Z	debug	model	populateObjectsInGroups: workspace = passthrough-ws, &{Meta:{GroupVersionKind:xcp.tetrate.io/v2/Workspace UID: Name:passthrough-ws Namespace:istio-system Domain: Labels:map[] Annotations:map[kubectl.kubernetes.io/last-applied-configuration:{"apiVersion":"xcp.tetrate.io/v2","kind":"Workspace","metadata":{"annotations":{},"name":"passthrough-ws","namespace":"xcp-system"},"spec":{"namespaceSelector":{"names":["cluster-0/tier1","cluster-1/echo"]}}}
 xcp.tetrate.io/contentHash:e5d3817c7d08543139c22f8de5bfec93] ResourceVersion:617965 CreationTimestamp:2026-05-25 10:44:25 +0000 UTC OwnerReferences:[] Generation:0} Spec:namespace_selector:{names:"cluster-0/tier1" names:"cluster-1/echo"} Status:<nil> Extra:map[]}
2026-05-25T10:44:34.738873Z	debug	eastwest-configgen	namespace "kube-public" does not have Istio revision "" in boundary "global". Ambient mode: false
2026-05-25T10:44:34.738880Z	debug	eastwest-configgen	namespace "cert-manager" does not have Istio revision "" in boundary "global". Ambient mode: false
2026-05-25T10:44:34.738881Z	debug	eastwest-configgen	namespace "kube-node-lease" does not have Istio revision "" in boundary "global". Ambient mode: false
2026-05-25T10:44:34.738881Z	debug	eastwest-configgen	namespace "local-path-storage" does not have Istio revision "" in boundary "global". Ambient mode: false
2026-05-25T10:44:34.738883Z	debug	eastwest-configgen	namespace "metallb-system" does not have Istio revision "" in boundary "global". Ambient mode: false
2026-05-25T10:44:34.738884Z	debug	eastwest-configgen	namespace "default" does not have Istio revision "" in boundary "global". Ambient mode: false
2026-05-25T10:44:34.738885Z	debug	eastwest-configgen	namespace "xcp-system" does not have Istio revision "" in boundary "global". Ambient mode: false
2026-05-25T10:44:34.738911Z	info	eastwest-configgen	no endpoints found for service "echo.tetrate.io" port 17443
2026-05-25T10:44:34.738934Z	info	no portname specified for service metallb-webhook-service.metallb-system.svc.cluster.local port 443. no endpoints will be detected
2026-05-25T10:44:34.738945Z	info	eastwest-configgen	no endpoints found for service "metallb-webhook-service.metallb-system.svc.cluster.local" port 443
2026-05-25T10:44:34.738953Z	debug	eastwest-configgen	found Istio IsolationBoundary "global" for Namespace "tier1"
2026-05-25T10:44:34.738976Z	debug	eastwest-configgen	computed east-west gateway associations: {}
2026-05-25T10:44:34.738996Z	debug	discovery-server	found service instance with matching namespace and labels. svc port 15443, workload port 15443
2026-05-25T10:44:34.739000Z	debug	discovery-server	found service instance with matching namespace and labels. svc port 17443, workload port 17443
2026-05-25T10:44:34.739007Z	debug	configapply	Translation triggered for all [echo tier1 metallb-system default xcp-system kube-public cert-manager kube-node-lease local-path-storage] namespaces
2026-05-25T10:44:34.739028Z	debug	translator	skipping translation for namespace "local-path-storage"	ns=local-path-storage id=c197a856
2026-05-25T10:44:34.739042Z	debug	resource-cache	Batch-based resource tracking disabled, falling back to namespace-based
2026-05-25T10:44:34.739043Z	debug	resource-cache	[local-path-storage] ===BEGIN: Apply request for 0 objects
2026-05-25T10:44:34.739044Z	debug	resource-cache	Delete all objects from the namespace local-path-storage
2026-05-25T10:44:34.739046Z	debug	resource-cache	[local-path-storage] objects previously in k8s api server cache: 0
2026-05-25T10:44:34.739047Z	debug	resource-cache	[local-path-storage] No previous objects at k8s apiserver cache for namespace
2026-05-25T10:44:34.739048Z	debug	resource-cache	[local-path-storage] ===END: Apply request for 0 objects in 0.000005 s
2026-05-25T10:44:34.739058Z	debug	resource-cache	[local-path-storage] ===BEGIN: Apply request for 0 objects
2026-05-25T10:44:34.739059Z	debug	resource-cache	Delete all objects from the namespace local-path-storage
2026-05-25T10:44:34.739060Z	debug	resource-cache	[local-path-storage] objects previously in k8s api server cache: 0
2026-05-25T10:44:34.739061Z	debug	resource-cache	[local-path-storage] No previous objects at k8s apiserver cache for namespace
2026-05-25T10:44:34.739062Z	debug	resource-cache	[local-path-storage] ===END: Apply request for 0 objects in 0.000003 s
2026-05-25T10:44:34.739040Z	debug	translator	skipping translation for namespace "default"	ns=default id=9a7b847b
2026-05-25T10:44:34.739069Z	debug	resource-cache	Batch-based resource tracking disabled, falling back to namespace-based
2026-05-25T10:44:34.739068Z	debug	translator	skipping translation for namespace "xcp-system"	ns=xcp-system id=0fe54f2d
2026-05-25T10:44:34.739071Z	debug	resource-cache	[default] ===BEGIN: Apply request for 0 objects
2026-05-25T10:44:34.739072Z	debug	resource-cache	Batch-based resource tracking disabled, falling back to namespace-based
2026-05-25T10:44:34.739072Z	debug	resource-cache	Delete all objects from the namespace default
2026-05-25T10:44:34.739073Z	debug	resource-cache	[xcp-system] ===BEGIN: Apply request for 0 objects
2026-05-25T10:44:34.739074Z	debug	resource-cache	Delete all objects from the namespace xcp-system
2026-05-25T10:44:34.739074Z	debug	resource-cache	[default] objects previously in k8s api server cache: 0
2026-05-25T10:44:34.739075Z	debug	resource-cache	[xcp-system] objects previously in k8s api server cache: 0
2026-05-25T10:44:34.739075Z	debug	resource-cache	[default] No previous objects at k8s apiserver cache for namespace
2026-05-25T10:44:34.739076Z	debug	resource-cache	[xcp-system] No previous objects at k8s apiserver cache for namespace
2026-05-25T10:44:34.739077Z	debug	resource-cache	[xcp-system] ===END: Apply request for 0 objects in 0.000003 s
2026-05-25T10:44:34.739077Z	debug	resource-cache	[default] ===END: Apply request for 0 objects in 0.000006 s
2026-05-25T10:44:34.739080Z	debug	resource-cache	[xcp-system] ===BEGIN: Apply request for 0 objects
2026-05-25T10:44:34.739081Z	debug	resource-cache	Delete all objects from the namespace xcp-system
2026-05-25T10:44:34.739081Z	debug	resource-cache	[xcp-system] objects previously in k8s api server cache: 0
2026-05-25T10:44:34.739082Z	debug	resource-cache	[xcp-system] No previous objects at k8s apiserver cache for namespace
2026-05-25T10:44:34.739083Z	debug	resource-cache	[xcp-system] ===END: Apply request for 0 objects in 0.000003 s
2026-05-25T10:44:34.739086Z	debug	resource-cache	[default] ===BEGIN: Apply request for 0 objects
2026-05-25T10:44:34.739087Z	debug	resource-cache	Delete all objects from the namespace default
2026-05-25T10:44:34.739088Z	debug	resource-cache	[default] objects previously in k8s api server cache: 0
2026-05-25T10:44:34.739087Z	debug	translator	skipping translation for namespace "kube-public"	ns=kube-public id=98ce66b0
2026-05-25T10:44:34.739089Z	debug	resource-cache	Batch-based resource tracking disabled, falling back to namespace-based
2026-05-25T10:44:34.739090Z	debug	resource-cache	[kube-public] ===BEGIN: Apply request for 0 objects
2026-05-25T10:44:34.739091Z	debug	resource-cache	Delete all objects from the namespace kube-public
2026-05-25T10:44:34.739092Z	debug	resource-cache	[kube-public] objects previously in k8s api server cache: 0
2026-05-25T10:44:34.739092Z	debug	resource-cache	[kube-public] No previous objects at k8s apiserver cache for namespace
2026-05-25T10:44:34.739093Z	debug	resource-cache	[kube-public] ===END: Apply request for 0 objects in 0.000003 s
2026-05-25T10:44:34.739096Z	debug	resource-cache	[kube-public] ===BEGIN: Apply request for 0 objects
2026-05-25T10:44:34.739097Z	debug	resource-cache	Delete all objects from the namespace kube-public
2026-05-25T10:44:34.739098Z	debug	resource-cache	[kube-public] objects previously in k8s api server cache: 0
2026-05-25T10:44:34.739098Z	debug	resource-cache	[kube-public] No previous objects at k8s apiserver cache for namespace
2026-05-25T10:44:34.739099Z	debug	resource-cache	[kube-public] ===END: Apply request for 0 objects in 0.000003 s
2026-05-25T10:44:34.739089Z	debug	resource-cache	[default] No previous objects at k8s apiserver cache for namespace
2026-05-25T10:44:34.739103Z	debug	resource-cache	[default] ===END: Apply request for 0 objects in 0.000016 s
2026-05-25T10:44:34.739105Z	warn	translator	error while looking up traffic group for namespace "tier1": traffic group not found for namespace tier1 in workspace passthrough-ws	ns=tier1 id=33cd3ec9
2026-05-25T10:44:34.739111Z	debug	translator	skipping translation for namespace "cert-manager"	ns=cert-manager id=1aec6d04
2026-05-25T10:44:34.739115Z	debug	translator	traffic group for namespace "tier1" not found. applying defaults	ns=tier1 id=33cd3ec9
2026-05-25T10:44:34.739121Z	debug	translator	traffic group for namespace "tier1" not found	ns=tier1 id=33cd3ec9
2026-05-25T10:44:34.739121Z	debug	translator	skipping translation for namespace "kube-node-lease"	ns=kube-node-lease id=997b893a
2026-05-25T10:44:34.739125Z	debug	resource-cache	Batch-based resource tracking disabled, falling back to namespace-based
2026-05-25T10:44:34.739126Z	debug	resource-cache	[kube-node-lease] ===BEGIN: Apply request for 0 objects
2026-05-25T10:44:34.739127Z	debug	resource-cache	Delete all objects from the namespace kube-node-lease
2026-05-25T10:44:34.739128Z	debug	resource-cache	[kube-node-lease] objects previously in k8s api server cache: 0
2026-05-25T10:44:34.739129Z	debug	resource-cache	[kube-node-lease] No previous objects at k8s apiserver cache for namespace
2026-05-25T10:44:34.739130Z	debug	resource-cache	[kube-node-lease] ===END: Apply request for 0 objects in 0.000004 s
2026-05-25T10:44:34.739135Z	debug	resource-cache	[kube-node-lease] ===BEGIN: Apply request for 0 objects
2026-05-25T10:44:34.739136Z	debug	resource-cache	Delete all objects from the namespace kube-node-lease
2026-05-25T10:44:34.739136Z	debug	resource-cache	[kube-node-lease] objects previously in k8s api server cache: 0
2026-05-25T10:44:34.739137Z	debug	resource-cache	[kube-node-lease] No previous objects at k8s apiserver cache for namespace
2026-05-25T10:44:34.739138Z	debug	resource-cache	[kube-node-lease] ===END: Apply request for 0 objects in 0.000003 s
2026-05-25T10:44:34.739142Z	debug	translator	skipping translation for namespace "metallb-system"	ns=metallb-system id=9546076b
2026-05-25T10:44:34.739144Z	debug	resource-cache	Batch-based resource tracking disabled, falling back to namespace-based
2026-05-25T10:44:34.739145Z	debug	resource-cache	[metallb-system] ===BEGIN: Apply request for 0 objects
2026-05-25T10:44:34.739145Z	debug	resource-cache	Delete all objects from the namespace metallb-system
2026-05-25T10:44:34.739146Z	debug	resource-cache	[metallb-system] objects previously in k8s api server cache: 0
2026-05-25T10:44:34.739147Z	debug	resource-cache	[metallb-system] No previous objects at k8s apiserver cache for namespace
2026-05-25T10:44:34.739148Z	debug	resource-cache	[metallb-system] ===END: Apply request for 0 objects in 0.000003 s
2026-05-25T10:44:34.739148Z	debug	translator	upstream traffic setting for namespace "tier1" not found, default settings will be created	ns=tier1 id=33cd3ec9
2026-05-25T10:44:34.739118Z	debug	translator	error while looking up workspace for namespace "echo": the namespace "echo" is not mapped to any workspace	ns=echo id=ef02cad1
2026-05-25T10:44:34.739177Z	debug	translator	failed to lookup workspace for namespace "echo": the namespace "echo" is not mapped to any workspace	ns=echo id=ef02cad1
2026-05-25T10:44:34.739187Z	debug	translator	workspace for namespace "echo" not found	ns=echo id=ef02cad1
2026-05-25T10:44:34.739190Z	debug	translator	[ambient] buildEastWestGatewayConfigs: entry point called	ns=echo id=ef02cad1
2026-05-25T10:44:34.739193Z	debug	translator	[ambient] doBuildEastWestGatewayConfigsforAllWorkspaces: processing 1 workspaces	ns=echo id=ef02cad1
2026-05-25T10:44:34.739194Z	debug	translator	[ambient] processing workspace 0: passthrough-ws	ns=echo id=ef02cad1
2026-05-25T10:44:34.739198Z	debug	translator	workspace settings for workspace "passthrough-ws" does not have east-west gateway configs defined	ns=echo id=ef02cad1
2026-05-25T10:44:34.739199Z	debug	translator	[ambient] workspace passthrough-ws generated 0 regular east-west configs	ns=echo id=ef02cad1
2026-05-25T10:44:34.739200Z	debug	translator	[ambient] EnableAmbient=false, skipping ambient hybrid configs for workspace passthrough-ws	ns=echo id=ef02cad1
2026-05-25T10:44:34.739201Z	debug	translator	[ambient] doBuildEastWestGatewayConfigsforAllWorkspaces: total generated 0 configs	ns=echo id=ef02cad1
2026-05-25T10:44:34.739200Z	debug	resource-cache	Unmanaged Istio resources by kind: map[AuthorizationPolicy:0 DestinationRule:0 EnvoyFilter:0 Gateway:0 PeerAuthentication:0 RequestAuthentication:0 ServiceEntry:0 Sidecar:0 Telemetry:0 VirtualService:0 WasmPlugin:0 WorkloadEntry:0]
2026-05-25T10:44:34.739151Z	debug	resource-cache	[metallb-system] ===BEGIN: Apply request for 0 objects
2026-05-25T10:44:34.739211Z	debug	resource-cache	Delete all objects from the namespace metallb-system
2026-05-25T10:44:34.739212Z	debug	resource-cache	[metallb-system] objects previously in k8s api server cache: 0
2026-05-25T10:44:34.739214Z	debug	resource-cache	[metallb-system] No previous objects at k8s apiserver cache for namespace
2026-05-25T10:44:34.739215Z	debug	resource-cache	[metallb-system] ===END: Apply request for 0 objects in 0.000064 s
2026-05-25T10:44:34.739204Z	debug	translator	error while looking up workspace for namespace "echo": the namespace "echo" is not mapped to any workspace	ns=echo id=ef02cad1
2026-05-25T10:44:34.739223Z	debug	translator	error while looking up workspace for namespace "echo": the namespace "echo" is not mapped to any workspace	ns=echo id=ef02cad1
2026-05-25T10:44:34.739225Z	debug	translator	generated configurations: 0 traffic, 0 security, 0 gateway, 0 istio internal	ns=echo id=ef02cad1
2026-05-25T10:44:34.739228Z	debug	translator	ew-gen: generating east-west workload entry configs for local services that are exposed for east-west routing	ns=echo id=ef02cad1
2026-05-25T10:44:34.739233Z	debug	resource-cache	Batch-based resource tracking disabled, falling back to namespace-based
2026-05-25T10:44:34.739235Z	debug	resource-cache	[echo] ===BEGIN: Apply request for 0 objects
2026-05-25T10:44:34.739236Z	debug	resource-cache	Delete all objects from the namespace echo
2026-05-25T10:44:34.739237Z	debug	resource-cache	[echo] objects previously in k8s api server cache: 0
2026-05-25T10:44:34.739238Z	debug	resource-cache	[echo] No previous objects at k8s apiserver cache for namespace
2026-05-25T10:44:34.739239Z	debug	resource-cache	[echo] ===END: Apply request for 0 objects in 0.000005 s
2026-05-25T10:44:34.739246Z	debug	resource-cache	[echo] ===BEGIN: Apply request for 0 objects
2026-05-25T10:44:34.739253Z	debug	resource-cache	Delete all objects from the namespace echo
2026-05-25T10:44:34.739255Z	debug	resource-cache	[echo] objects previously in k8s api server cache: 0
2026-05-25T10:44:34.739256Z	debug	resource-cache	[echo] No previous objects at k8s apiserver cache for namespace
2026-05-25T10:44:34.739257Z	debug	resource-cache	[echo] ===END: Apply request for 0 objects in 0.000011 s
2026-05-25T10:44:34.739307Z	warn	translator	failed to lookup security group for "tier1": security group not found for namespace tier1 in workspace passthrough-ws	ns=tier1 id=33cd3ec9
2026-05-25T10:44:34.739317Z	debug	translator	security group for namespace "tier1" not found. applying defaults	ns=tier1 id=33cd3ec9
2026-05-25T10:44:34.739333Z	debug	translator	selector is nil means no per-svc security settings, setting it to match_labels:{key:"istio" value:"ingressgateway"}	ns=tier1 id=33cd3ec9
2026-05-25T10:44:34.739344Z	debug	translator	found gateway group (BRIDGED) "tier1-gg" for namespace "tier1"	ns=tier1 id=33cd3ec9
2026-05-25T10:44:34.739347Z	warn	translator	error while getting traffic group for namespace "tier1": traffic group not found for namespace tier1 in workspace passthrough-ws	ns=tier1 id=33cd3ec9
2026-05-25T10:44:34.739353Z	debug	translator	upstream traffic setting for namespace "tier1" not found, default settings will be created	ns=tier1 id=33cd3ec9
2026-05-25T10:44:34.739355Z	debug	translator	found gateway group for namespace "tier1": tier1-gg	ns=tier1 id=33cd3ec9
2026-05-25T10:44:34.739412Z	debug	translator	translating tier1 gateway tier1-echo-gw with 0 external and 0 internal	ns=tier1 id=33cd3ec9
2026-05-25T10:44:34.739417Z	debug	translator	translating tier1 gateway tier1-echo-gw passthrough server echo	ns=tier1 id=33cd3ec9
2026-05-25T10:44:34.739423Z	debug	translator	translating gateway tier1-echo-gw passthrough server echo (echo.tetrate.io) to virtual service	ns=tier1 id=33cd3ec9
2026-05-25T10:44:34.739431Z	warn	mc-configgen	cannot lookup traffic group for "tier1": traffic group not found for namespace tier1 in workspace passthrough-ws
2026-05-25T10:44:34.739435Z	error	translator	error getting gw label for gateway %!w(string=istio-system/tier1-echo-gw), error: labels not found for gateway.xcp.tetrate.io/v2/Tier1Gateway::istio-system/tier1-echo-gw	ns=tier1 id=33cd3ec9
2026-05-25T10:44:34.739441Z	warn	mc-configgen	cannot lookup traffic group for "tier1": traffic group not found for namespace tier1 in workspace passthrough-ws
2026-05-25T10:44:34.739448Z	debug	translator	compiling tier1 gateway tier1-echo-gw destination rule for echo.tetrate.io, subsets 1	ns=tier1 id=33cd3ec9
2026-05-25T10:44:34.739537Z	debug	translator	[ambient] buildEastWestGatewayConfigs: entry point called	ns=tier1 id=33cd3ec9
2026-05-25T10:44:34.739543Z	debug	translator	[ambient] doBuildEastWestGatewayConfigsforAllWorkspaces: processing 1 workspaces	ns=tier1 id=33cd3ec9
2026-05-25T10:44:34.739545Z	debug	translator	[ambient] processing workspace 0: passthrough-ws	ns=tier1 id=33cd3ec9
2026-05-25T10:44:34.739546Z	debug	translator	workspace settings for workspace "passthrough-ws" does not have east-west gateway configs defined	ns=tier1 id=33cd3ec9
2026-05-25T10:44:34.739547Z	debug	translator	[ambient] workspace passthrough-ws generated 0 regular east-west configs	ns=tier1 id=33cd3ec9
2026-05-25T10:44:34.739547Z	debug	translator	[ambient] EnableAmbient=false, skipping ambient hybrid configs for workspace passthrough-ws	ns=tier1 id=33cd3ec9
2026-05-25T10:44:34.739548Z	debug	translator	[ambient] doBuildEastWestGatewayConfigsforAllWorkspaces: total generated 0 configs	ns=tier1 id=33cd3ec9
2026-05-25T10:44:34.739550Z	debug	translator	error while looking up istio internal group for namespace "tier1": istio internal group not found for namespace tier1 in workspace passthrough-ws	ns=tier1 id=33cd3ec9
2026-05-25T10:44:34.739552Z	debug	translator	generated configurations: 2 traffic, 1 security, 5 gateway, 0 istio internal	ns=tier1 id=33cd3ec9
2026-05-25T10:44:34.739553Z	debug	translator	ew-gen: generating east-west workload entry configs for local services that are exposed for east-west routing	ns=tier1 id=33cd3ec9
2026-05-25T10:44:34.739117Z	debug	resource-cache	Batch-based resource tracking disabled, falling back to namespace-based
2026-05-25T10:44:34.739994Z	debug	resource-cache	[cert-manager] ===BEGIN: Apply request for 0 objects
2026-05-25T10:44:34.739997Z	debug	resource-cache	Delete all objects from the namespace cert-manager
2026-05-25T10:44:34.739998Z	debug	resource-cache	[cert-manager] objects previously in k8s api server cache: 0
2026-05-25T10:44:34.739999Z	debug	resource-cache	[cert-manager] No previous objects at k8s apiserver cache for namespace
2026-05-25T10:44:34.740001Z	debug	resource-cache	[cert-manager] ===END: Apply request for 0 objects in 0.000008 s
2026-05-25T10:44:34.740009Z	debug	resource-cache	[cert-manager] ===BEGIN: Apply request for 0 objects
2026-05-25T10:44:34.740010Z	debug	resource-cache	Delete all objects from the namespace cert-manager
2026-05-25T10:44:34.740011Z	debug	resource-cache	[cert-manager] objects previously in k8s api server cache: 0
2026-05-25T10:44:34.740011Z	debug	resource-cache	[cert-manager] No previous objects at k8s apiserver cache for namespace
2026-05-25T10:44:34.740012Z	debug	resource-cache	[cert-manager] ===END: Apply request for 0 objects in 0.000003 s
2026-05-25T10:44:34.740182Z	debug	configapply	Applying 8 istio objects in namespace tier1
2026-05-25T10:44:34.740189Z	debug	configapply	   networking.istio.io/v1/Sidecar [tier1/default]
2026-05-25T10:44:34.740190Z	debug	configapply	   networking.istio.io/v1alpha3/EnvoyFilter [tier1/default-upstream-traffic-setting]
2026-05-25T10:44:34.740191Z	debug	configapply	   security.istio.io/v1/AuthorizationPolicy [tier1/allow]
2026-05-25T10:44:34.740192Z	debug	configapply	   networking.istio.io/v1alpha3/EnvoyFilter [tier1/tier1-gg-default-upstream-traffic-setting]
2026-05-25T10:44:34.740193Z	debug	configapply	   networking.istio.io/v1/Gateway [tier1/tier1-echo-gw]
2026-05-25T10:44:34.740194Z	debug	configapply	   networking.istio.io/v1/VirtualService [tier1/tier1-echo-gw-echo]
2026-05-25T10:44:34.740195Z	debug	configapply	   networking.istio.io/v1/DestinationRule [tier1/tier1-tier1-echo-gwecho-tetrate-io]
2026-05-25T10:44:34.740196Z	debug	configapply	   networking.istio.io/v1alpha3/EnvoyFilter [tier1/default-allow-tier1-echo-gw-external-batch0]
2026-05-25T10:44:34.740197Z	debug	resource-cache	[tier1] ===BEGIN: Apply request for 8 objects
2026-05-25T10:44:34.740277Z	debug	resource-cache	[tier1] Create for {"type":{"group":"security.istio.io","version":"v1","kind":"AuthorizationPolicy"},"name":"allow","namespace":"tier1","labels":{"istio.io/rev":"global"},"annotations":{"kubectl.kubernetes.io/last-applied-configuration":"{\"apiVersion\":\"xcp.tetrate.io/v2\",\"kind\":\"Workspace\",\"metadata\":{\"annotations\":{},\"name\":\"passthrough-ws\",\"namespace\":\"xcp-system\"},\"spec\":{\"namespaceSelector\":{\"names\":[\"cluster-0/tier1\",\"cluster-1/echo\"]}}}\n","xcp.tetrate.io/contentHash":"e5d3817c7d08543139c22f8de5bfec93"},"creationTimestamp":"0001-01-01T00:00:00Z","Spec":{"selector":{"matchLabels":{"istio":"ingressgateway"}},"rules":[{"from":[{"source":{"principals":["*"]}}],"to":[{"operation":{"ports":["15443"]}}]}]},"Status":null,"Extra":null}
2026-05-25T10:44:34.740286Z	debug	resource-cache	[tier1] Create for {"type":{"group":"networking.istio.io","version":"v1","kind":"Gateway"},"name":"tier1-echo-gw","namespace":"tier1","labels":{"istio.io/rev":"global","xcp.tetrate.io/gatewayGroup":"tier1-gg","xcp.tetrate.io/workspace":"passthrough-ws"},"annotations":{"kubectl.kubernetes.io/last-applied-configuration":"{\"apiVersion\":\"gateway.xcp.tetrate.io/v2\",\"kind\":\"Tier1Gateway\",\"metadata\":{\"annotations\":{},\"labels\":{\"xcp.tetrate.io/gatewayGroup\":\"tier1-gg\",\"xcp.tetrate.io/workspace\":\"passthrough-ws\"},\"name\":\"tier1-echo-gw\",\"namespace\":\"xcp-system\"},\"spec\":{\"passthroughServers\":[{\"clusters\":[{\"name\":\"cluster-1\",\"weight\":100}],\"hostname\":\"echo.tetrate.io\",\"name\":\"echo\",\"port\":17443}],\"workloadSelector\":{\"labels\":{\"app\":\"tier1-gateway\"},\"namespace\":\"tier1\"}}}\n","xcp.tetrate.io/contentHash":"d484a71372da369e909e5b36d9d8f5d7"},"creationTimestamp":"0001-01-01T00:00:00Z","Spec":{"servers":[{"port":{"number":17443,"protocol":"TLS","name":"tls-echo"},"hosts":["tier1/echo.tetrate.io"],"tls":{},"name":"echo"}],"selector":{"app":"tier1-gateway"}},"Status":null,"Extra":null}
2026-05-25T10:44:34.740298Z	debug	resource-cache	[tier1] Create for {"type":{"group":"networking.istio.io","version":"v1alpha3","kind":"EnvoyFilter"},"name":"default-allow-tier1-echo-gw-external-batch0","namespace":"tier1","labels":{"istio.io/rev":"global","xcp.tetrate.io/gatewayGroup":"tier1-gg","xcp.tetrate.io/workspace":"passthrough-ws"},"annotations":{"kubectl.kubernetes.io/last-applied-configuration":"{\"apiVersion\":\"gateway.xcp.tetrate.io/v2\",\"kind\":\"Tier1Gateway\",\"metadata\":{\"annotations\":{},\"labels\":{\"xcp.tetrate.io/gatewayGroup\":\"tier1-gg\",\"xcp.tetrate.io/workspace\":\"passthrough-ws\"},\"name\":\"tier1-echo-gw\",\"namespace\":\"xcp-system\"},\"spec\":{\"passthroughServers\":[{\"clusters\":[{\"name\":\"cluster-1\",\"weight\":100}],\"hostname\":\"echo.tetrate.io\",\"name\":\"echo\",\"port\":17443}],\"workloadSelector\":{\"labels\":{\"app\":\"tier1-gateway\"},\"namespace\":\"tier1\"}}}\n","xcp.tetrate.io/contentHash":"d484a71372da369e909e5b36d9d8f5d7"},"creationTimestamp":"0001-01-01T00:00:00Z","Spec":{"workloadSelector":{"labels":{"app":"tier1-gateway"}},"configPatches":[{"applyTo":"NETWORK_FILTER","match":{"context":"GATEWAY","proxy":{"proxyVersion":"^1\\.(22|24|28)(\\.\\d+)?(-.*)?$"},"listener":{"portNumber":17443,"filterChain":{"sni":"echo.tetrate.io","filter":{"name":"envoy.filters.network.rbac"}}}},"patch":{"operation":"REPLACE","value":{"name":"envoy.filters.network.rbac","typed_config":{"@type":"type.googleapis.com/envoy.extensions.filters.network.rbac.v3.RBAC","rules":{"policies":{"tier1-tier1-echo-gw-echo":{"permissions":[{"and_rules":{"rules":[{"or_rules":{"rules":[{"destination_port":17443}]}}]}}],"principals":[{"and_ids":{"ids":[{"any":true}]}}]}}},"stat_prefix":"tcp."}}}}],"priority":-2000},"Status":null,"Extra":null}
2026-05-25T10:44:34.740311Z	debug	configapply	computed hash for AuthorizationPolicy:tier1/allow - 8c65f8421c3431e4ef3784484e3ef261
2026-05-25T10:44:34.740320Z	debug	discovery-server	same hash so neither creating nor updating
2026-05-25T10:44:34.740312Z	debug	configapply	computed hash for Gateway:tier1/tier1-echo-gw - 0c3f252b3f9817487b387c0e7502e512
2026-05-25T10:44:34.740324Z	debug	discovery-server	same hash so neither creating nor updating
2026-05-25T10:44:34.740353Z	debug	configapply	computed hash for EnvoyFilter:tier1/default-allow-tier1-echo-gw-external-batch0 - 3f44b39a61587f6e41acb85bb50e8b54
2026-05-25T10:44:34.740356Z	debug	discovery-server	same hash so neither creating nor updating
2026-05-25T10:44:34.740384Z	debug	resource-cache	[tier1] Create for {"type":{"group":"networking.istio.io","version":"v1","kind":"VirtualService"},"name":"tier1-echo-gw-echo","namespace":"tier1","labels":{"istio.io/rev":"global","xcp.tetrate.io/gatewayGroup":"tier1-gg","xcp.tetrate.io/workspace":"passthrough-ws"},"annotations":{"kubectl.kubernetes.io/last-applied-configuration":"{\"apiVersion\":\"gateway.xcp.tetrate.io/v2\",\"kind\":\"Tier1Gateway\",\"metadata\":{\"annotations\":{},\"labels\":{\"xcp.tetrate.io/gatewayGroup\":\"tier1-gg\",\"xcp.tetrate.io/workspace\":\"passthrough-ws\"},\"name\":\"tier1-echo-gw\",\"namespace\":\"xcp-system\"},\"spec\":{\"passthroughServers\":[{\"clusters\":[{\"name\":\"cluster-1\",\"weight\":100}],\"hostname\":\"echo.tetrate.io\",\"name\":\"echo\",\"port\":17443}],\"workloadSelector\":{\"labels\":{\"app\":\"tier1-gateway\"},\"namespace\":\"tier1\"}}}\n","xcp.tetrate.io/contentHash":"d484a71372da369e909e5b36d9d8f5d7"},"creationTimestamp":"0001-01-01T00:00:00Z","Spec":{"hosts":["echo.tetrate.io"],"gateways":["tier1/tier1-echo-gw"],"tls":[{"match":[{"sniHosts":["echo.tetrate.io"],"port":17443}],"route":[{"destination":{"host":"echo.tetrate.io","subset":"tier1-echo-gw-echo-passthrough-0","port":{"number":17443}},"weight":100}]}],"exportTo":["."]},"Status":null,"Extra":null}
2026-05-25T10:44:34.740392Z	debug	resource-cache	[tier1] Create for {"type":{"group":"networking.istio.io","version":"v1","kind":"Sidecar"},"name":"default","namespace":"tier1","labels":{"istio.io/rev":"global"},"annotations":{"kubectl.kubernetes.io/last-applied-configuration":"{\"apiVersion\":\"xcp.tetrate.io/v2\",\"kind\":\"Workspace\",\"metadata\":{\"annotations\":{},\"name\":\"passthrough-ws\",\"namespace\":\"xcp-system\"},\"spec\":{\"namespaceSelector\":{\"names\":[\"cluster-0/tier1\",\"cluster-1/echo\"]}}}\n","xcp.tetrate.io/contentHash":"e5d3817c7d08543139c22f8de5bfec93"},"creationTimestamp":"0001-01-01T00:00:00Z","Spec":{"egress":[{"hosts":["*/*"]}]},"Status":null,"Extra":null}
2026-05-25T10:44:34.740402Z	debug	resource-cache	[tier1] Create for {"type":{"group":"networking.istio.io","version":"v1alpha3","kind":"EnvoyFilter"},"name":"tier1-gg-default-upstream-traffic-setting","namespace":"tier1","labels":{"istio.io/rev":"global"},"annotations":{"kubectl.kubernetes.io/last-applied-configuration":"{\"apiVersion\":\"xcp.tetrate.io/v2\",\"kind\":\"Workspace\",\"metadata\":{\"annotations\":{},\"name\":\"passthrough-ws\",\"namespace\":\"xcp-system\"},\"spec\":{\"namespaceSelector\":{\"names\":[\"cluster-0/tier1\",\"cluster-1/echo\"]}}}\n","xcp.tetrate.io/contentHash":"e5d3817c7d08543139c22f8de5bfec93"},"creationTimestamp":"0001-01-01T00:00:00Z","Spec":{"configPatches":[{"applyTo":"CLUSTER","match":{"context":"GATEWAY","proxy":{"proxyVersion":"^1\\.(22|24|28)(\\.\\d+)?(-.*)?$"}},"patch":{"operation":"MERGE","value":{"@type":"type.googleapis.com/envoy.config.cluster.v3.Cluster","common_lb_config":{"healthy_panic_threshold":{}},"outlier_detection":{"consecutive_gateway_failure":10,"enforcing_consecutive_5xx":0,"enforcing_consecutive_gateway_failure":100,"max_ejection_percent":100}}}},{"applyTo":"HTTP_ROUTE","match":{"context":"GATEWAY","proxy":{"proxyVersion":"^1\\.(22|24|28)(\\.\\d+)?(-.*)?$"},"routeConfiguration":{"vhost":{"route":{"action":"ROUTE"}}}},"patch":{"operation":"MERGE","value":{"@type":"type.googleapis.com/envoy.config.route.v3.Route","route":{"retry_policy":{"host_selection_retry_max_attempts":"5","num_retries":2,"retriable_status_codes":[503],"retry_host_predicate":[{"name":"envoy.retry_host_predicates.previous_hosts","typed_config":{"@type":"type.googleapis.com/envoy.extensions.retry.host.previous_hosts.v3.PreviousHostsPredicate"}}],"retry_on":"reset,connect-failure,refused-stream,unavailable,cancelled,retriable-status-codes"}}}}}],"priority":100},"Status":null,"Extra":null}
2026-05-25T10:44:34.740413Z	debug	configapply	computed hash for VirtualService:tier1/tier1-echo-gw-echo - 77c33e466d45d4f2a5b8afb837988ddb
2026-05-25T10:44:34.740417Z	debug	discovery-server	same hash so neither creating nor updating
2026-05-25T10:44:34.740385Z	debug	resource-cache	[tier1] Create for {"type":{"group":"networking.istio.io","version":"v1alpha3","kind":"EnvoyFilter"},"name":"default-upstream-traffic-setting","namespace":"tier1","labels":{"istio.io/rev":"global"},"annotations":{"kubectl.kubernetes.io/last-applied-configuration":"{\"apiVersion\":\"xcp.tetrate.io/v2\",\"kind\":\"Workspace\",\"metadata\":{\"annotations\":{},\"name\":\"passthrough-ws\",\"namespace\":\"xcp-system\"},\"spec\":{\"namespaceSelector\":{\"names\":[\"cluster-0/tier1\",\"cluster-1/echo\"]}}}\n","xcp.tetrate.io/contentHash":"e5d3817c7d08543139c22f8de5bfec93"},"creationTimestamp":"0001-01-01T00:00:00Z","Spec":{"configPatches":[{"applyTo":"CLUSTER","match":{"context":"SIDECAR_OUTBOUND","proxy":{"proxyVersion":"^1\\.(22|24|28)(\\.\\d+)?(-.*)?$"}},"patch":{"operation":"MERGE","value":{"@type":"type.googleapis.com/envoy.config.cluster.v3.Cluster","common_lb_config":{"healthy_panic_threshold":{}},"outlier_detection":{"consecutive_gateway_failure":10,"enforcing_consecutive_5xx":0,"enforcing_consecutive_gateway_failure":100,"max_ejection_percent":100}}}},{"applyTo":"HTTP_ROUTE","match":{"context":"SIDECAR_OUTBOUND","proxy":{"proxyVersion":"^1\\.(22|24|28)(\\.\\d+)?(-.*)?$"},"routeConfiguration":{"vhost":{"route":{"action":"ROUTE"}}}},"patch":{"operation":"MERGE","value":{"@type":"type.googleapis.com/envoy.config.route.v3.Route","route":{"retry_policy":{"host_selection_retry_max_attempts":"5","num_retries":2,"retriable_status_codes":[503],"retry_host_predicate":[{"name":"envoy.retry_host_predicates.previous_hosts","typed_config":{"@type":"type.googleapis.com/envoy.extensions.retry.host.previous_hosts.v3.PreviousHostsPredicate"}}],"retry_on":"reset,connect-failure,refused-stream,unavailable,cancelled,retriable-status-codes"}}}}}],"priority":100},"Status":null,"Extra":null}
2026-05-25T10:44:34.740442Z	debug	resource-cache	[tier1] Create for {"type":{"group":"networking.istio.io","version":"v1","kind":"DestinationRule"},"name":"tier1-tier1-echo-gwecho-tetrate-io","namespace":"tier1","labels":{"istio.io/rev":"global","xcp.tetrate.io/gatewayGroup":"tier1-gg","xcp.tetrate.io/workspace":"passthrough-ws"},"annotations":{"kubectl.kubernetes.io/last-applied-configuration":"{\"apiVersion\":\"gateway.xcp.tetrate.io/v2\",\"kind\":\"Tier1Gateway\",\"metadata\":{\"annotations\":{},\"labels\":{\"xcp.tetrate.io/gatewayGroup\":\"tier1-gg\",\"xcp.tetrate.io/workspace\":\"passthrough-ws\"},\"name\":\"tier1-echo-gw\",\"namespace\":\"xcp-system\"},\"spec\":{\"passthroughServers\":[{\"clusters\":[{\"name\":\"cluster-1\",\"weight\":100}],\"hostname\":\"echo.tetrate.io\",\"name\":\"echo\",\"port\":17443}],\"workloadSelector\":{\"labels\":{\"app\":\"tier1-gateway\"},\"namespace\":\"tier1\"}}}\n","xcp.tetrate.io/contentHash":"d484a71372da369e909e5b36d9d8f5d7"},"creationTimestamp":"0001-01-01T00:00:00Z","Spec":{"host":"echo.tetrate.io","subsets":[{"name":"tier1-echo-gw-echo-passthrough-0","labels":{"xcp.tetrate.io/cluster":"cluster-1","xcp.tetrate.io/svc-port-17443":"true"},"trafficPolicy":{"portLevelSettings":[{"port":{"number":17443},"loadBalancer":{"localityLbSetting":{"failoverPriority":["topology.kubernetes.io/region","topology.istio.io/network","topology.kubernetes.io/zone","topology.istio.io/subzone"],"enabled":true}},"outlierDetection":{"consecutiveGatewayErrors":10,"maxEjectionPercent":100},"tls":{}}]}}],"exportTo":["."],"workloadSelector":{"matchLabels":{"app":"tier1-gateway"}}},"Status":null,"Extra":null}
2026-05-25T10:44:34.740448Z	debug	configapply	computed hash for Sidecar:tier1/default - 70cf1206d3284c26c17024a87c57be8e
2026-05-25T10:44:34.740453Z	debug	discovery-server	same hash so neither creating nor updating
2026-05-25T10:44:34.740392Z	debug	resource-cache	[tier1] objects previously in k8s api server cache: 8
2026-05-25T10:44:34.740467Z	debug	resource-cache	[tier1] stale resources to be deleted []
2026-05-25T10:44:34.740468Z	debug	configapply	computed hash for EnvoyFilter:tier1/tier1-gg-default-upstream-traffic-setting - 4f9a6697acdcca0723b42f9f050bddf9
2026-05-25T10:44:34.740471Z	debug	discovery-server	same hash so neither creating nor updating
2026-05-25T10:44:34.740476Z	debug	configapply	computed hash for EnvoyFilter:tier1/default-upstream-traffic-setting - 14645e3efdd68386f959e9db371e7301
2026-05-25T10:44:34.740481Z	debug	discovery-server	same hash so neither creating nor updating
2026-05-25T10:44:34.740484Z	debug	configapply	computed hash for DestinationRule:tier1/tier1-tier1-echo-gwecho-tetrate-io - 1052fe8e94de114b8e0f4ce7009ab4d6
2026-05-25T10:44:34.740497Z	debug	discovery-server	same hash so neither creating nor updating
2026-05-25T10:44:34.740504Z	debug	resource-cache	[tier1] ResourceCache length 12
2026-05-25T10:44:34.740506Z	debug	resource-cache	[tier1] ===END: Apply request for 8 objects in 0.000308 s
2026-05-25T10:44:34.740515Z	debug	cluster-state	Triggering cluster state change event due to config, at 2026-05-25 10:44:33.73675246 +0000 UTC m=+160684.427300484 (force regenerate config = map[]). Resources: []
2026-05-25T10:44:34.763093Z	debug	discovery-server	Marked pending status translation due to status change for tier1/tier1-echo-gw-echo
2026-05-25T10:44:34.763131Z	debug	discovery-server	Updated status cache for DestinationRule tier1/tier1-tier1-echo-gwecho-tetrate-io value: true
2026-05-25T10:44:34.763135Z	debug	discovery-server	Marked pending status translation due to status change for tier1/tier1-tier1-echo-gwecho-tetrate-io
2026-05-25T10:44:35.741159Z	debug	debounce	notify cbk invoked	id=a09a36e7
2026-05-25T10:44:35.741339Z	debug	config-status	Explanation of the decision flow for the Config Status of "gateway.xcp.tetrate.io/GatewayGroup" "tier1-gg" version ""
Q: Is the config type "gateway.xcp.tetrate.io/v2/GatewayGroup" supported by XCP?
A: Yes
Q: Is it an internal config of XCP?
A: No
Q: Is this config object managed by XCP?
A: Yes
Q: Did the Push Context report an ERROR for this config?
A: No
Q: Did the Push Context IGNORE this config?
A: No
Q: Does the namespace selector resolve into at least ONE namespace in this cluster?
A: Yes
I: Checking the config status in each of the 1 target namespace(s): [tier1]
I: [1/1] verdict in "tier1" namespace: Config Status is APPLIED since there were NO translation errors and the config IS mapped onto output config(s)
I: Status summary across 1 target namespace(s): APPLIED in 1 namespace(s)
I: Using "lenient" strategy to decide on the aggregated status across 1 target namespace(s)
Q: Have there been any errors while translating this config in ANY of the 1 target namespaces?
A: No
Q: Has the config been APPLIED in at least ONE of the target namespaces?
A: Yes
Verdict: Config Status is "lenient" APPLIED since the config has been APPLIED in at least ONE of the target namespaces
Config Status:
```yaml
---
configId:
  group: gateway.xcp.tetrate.io
  kind: GatewayGroup
  name: tier1-gg
  namespace: istio-system
  version: v2
details: 'Status summary across 1 target namespace(s): APPLIED in 1 namespace(s)'
metadata:
  annotations:
    kubectl.kubernetes.io/last-applied-configuration: |
      {"apiVersion":"gateway.xcp.tetrate.io/v2","kind":"GatewayGroup","metadata":{"annotations":{},"labels":{"xcp.tetrate.io/workspace":"passthrough-ws"},"name":"tier1-gg","namespace":"xcp-system"},"spec":{"configMode":"BRIDGED","namespaceSelector":{"names":["cluster-0/tier1"]}}}
  labels:
    xcp.tetrate.io/workspace: passthrough-ws
result: APPLIED
```

2026-05-25T10:44:35.741410Z	debug	config-status	Explanation of the decision flow for the Config Status of "gateway.xcp.tetrate.io/Tier1Gateway" "tier1-echo-gw" version ""
Q: Is the config type "gateway.xcp.tetrate.io/v2/Tier1Gateway" supported by XCP?
A: Yes
Q: Is it an internal config of XCP?
A: No
Q: Is this config object managed by XCP?
A: Yes
Q: Did the Push Context report an ERROR for this config?
A: No
Q: Did the Push Context IGNORE this config?
A: No
Q: Does the namespace selector resolve into at least ONE namespace in this cluster?
A: Yes
I: Checking the config status in each of the 1 target namespace(s): [tier1]
I: [1/1] verdict in "tier1" namespace: Config Status is APPLIED since there were NO translation errors and the config IS mapped onto output config(s)
I: Status summary across 1 target namespace(s): APPLIED in 1 namespace(s)
I: Using "lenient" strategy to decide on the aggregated status across 1 target namespace(s)
Q: Have there been any errors while translating this config in ANY of the 1 target namespaces?
A: No
Q: Has the config been APPLIED in at least ONE of the target namespaces?
A: Yes
Verdict: Config Status is "lenient" APPLIED since the config has been APPLIED in at least ONE of the target namespaces
Config Status:
```yaml
---
configId:
  group: gateway.xcp.tetrate.io
  kind: Tier1Gateway
  name: tier1-echo-gw
  namespace: istio-system
  version: v2
details: 'Status summary across 1 target namespace(s): APPLIED in 1 namespace(s)'
metadata:
  annotations:
    kubectl.kubernetes.io/last-applied-configuration: |
      {"apiVersion":"gateway.xcp.tetrate.io/v2","kind":"Tier1Gateway","metadata":{"annotations":{},"labels":{"xcp.tetrate.io/gatewayGroup":"tier1-gg","xcp.tetrate.io/workspace":"passthrough-ws"},"name":"tier1-echo-gw","namespace":"xcp-system"},"spec":{"passthroughServers":[{"clusters":[{"name":"cluster-1","weight":100}],"hostname":"echo.tetrate.io","name":"echo","port":17443}],"workloadSelector":{"labels":{"app":"tier1-gateway"},"namespace":"tier1"}}}
  labels:
    xcp.tetrate.io/gatewayGroup: tier1-gg
    xcp.tetrate.io/workspace: passthrough-ws
result: APPLIED
```

2026-05-25T10:44:35.741422Z	debug	config-status	Explanation of the decision flow for the Config Status of "install.xcp.tetrate.io/GatewayDeployment" "tier1-gateway" version ""
Q: Is the config type "install.xcp.tetrate.io/v1alpha1/GatewayDeployment" supported by XCP?
A: Yes
Q: Is it an internal config of XCP?
A: No
Q: Is this config object managed by XCP?
A: No
Verdict: Config Status is NOT reported since the config is not managed by XCP
Config Status:
```yaml
---
null
```

2026-05-25T10:44:35.741426Z	debug	config-status	Explanation of the decision flow for the Config Status of "networking.istio.io/EnvoyFilter" "global-forward-xfcc-15443" version ""
Q: Is the config type "networking.istio.io/v1alpha3/EnvoyFilter" supported by XCP?
A: Yes
Q: Is it an internal config of XCP?
A: Yes
Verdict: Config Status is NOT reported since it's an internal config of XCP
Config Status:
```yaml
---
null
```

2026-05-25T10:44:35.741428Z	debug	config-status	Explanation of the decision flow for the Config Status of "networking.istio.io/EnvoyFilter" "global-gw-best-practice" version ""
Q: Is the config type "networking.istio.io/v1alpha3/EnvoyFilter" supported by XCP?
A: Yes
Q: Is it an internal config of XCP?
A: Yes
Verdict: Config Status is NOT reported since it's an internal config of XCP
Config Status:
```yaml
---
null
```

2026-05-25T10:44:35.741432Z	debug	config-status	Explanation of the decision flow for the Config Status of "networking.istio.io/EnvoyFilter" "global-mx-downstream-egress-gateway-filter" version ""
Q: Is the config type "networking.istio.io/v1alpha3/EnvoyFilter" supported by XCP?
A: Yes
Q: Is it an internal config of XCP?
A: Yes
Verdict: Config Status is NOT reported since it's an internal config of XCP
Config Status:
```yaml
---
null
```

2026-05-25T10:44:35.741434Z	debug	config-status	Explanation of the decision flow for the Config Status of "networking.istio.io/EnvoyFilter" "global-mx-downstream-gateway-filter" version ""
Q: Is the config type "networking.istio.io/v1alpha3/EnvoyFilter" supported by XCP?
A: Yes
Q: Is it an internal config of XCP?
A: Yes
Verdict: Config Status is NOT reported since it's an internal config of XCP
Config Status:
```yaml
---
null
```

2026-05-25T10:44:35.741439Z	debug	config-status	Explanation of the decision flow for the Config Status of "networking.istio.io/EnvoyFilter" "global-periodical-access-log" version ""
Q: Is the config type "networking.istio.io/v1alpha3/EnvoyFilter" supported by XCP?
A: Yes
Q: Is it an internal config of XCP?
A: Yes
Verdict: Config Status is NOT reported since it's an internal config of XCP
Config Status:
```yaml
---
null
```

2026-05-25T10:44:35.741444Z	debug	config-status	Explanation of the decision flow for the Config Status of "networking.istio.io/EnvoyFilter" "global-request-id-propagation" version ""
Q: Is the config type "networking.istio.io/v1alpha3/EnvoyFilter" supported by XCP?
A: Yes
Q: Is it an internal config of XCP?
A: Yes
Verdict: Config Status is NOT reported since it's an internal config of XCP
Config Status:
```yaml
---
null
```

2026-05-25T10:44:35.741448Z	debug	config-status	Explanation of the decision flow for the Config Status of "networking.istio.io/EnvoyFilter" "global-tcp-keepalive-envoy-filter" version ""
Q: Is the config type "networking.istio.io/v1alpha3/EnvoyFilter" supported by XCP?
A: Yes
Q: Is it an internal config of XCP?
A: Yes
Verdict: Config Status is NOT reported since it's an internal config of XCP
Config Status:
```yaml
---
null
```

2026-05-25T10:44:35.741458Z	debug	config-status	Explanation of the decision flow for the Config Status of "networking.istio.io/EnvoyFilter" "global-xfcc-extractor-sidecar" version ""
Q: Is the config type "networking.istio.io/v1alpha3/EnvoyFilter" supported by XCP?
A: Yes
Q: Is it an internal config of XCP?
A: Yes
Verdict: Config Status is NOT reported since it's an internal config of XCP
Config Status:
```yaml
---
null
```

2026-05-25T10:44:35.741462Z	debug	config-status	Explanation of the decision flow for the Config Status of "networking.istio.io/EnvoyFilter" "global-xfcc-guard-15443" version ""
Q: Is the config type "networking.istio.io/v1alpha3/EnvoyFilter" supported by XCP?
A: Yes
Q: Is it an internal config of XCP?
A: Yes
Verdict: Config Status is NOT reported since it's an internal config of XCP
Config Status:
```yaml
---
null
```

2026-05-25T10:44:35.741506Z	debug	config-status	Explanation of the decision flow for the Config Status of "xcp.tetrate.io/Cluster" "cluster-0" version ""
Q: Is the config type "xcp.tetrate.io/v2/Cluster" supported by XCP?
A: Yes
Q: Is it an internal config of XCP?
A: No
Q: Is this config object managed by XCP?
A: Yes
Q: Did the Push Context report an ERROR for this config?
A: No
Q: Did the Push Context IGNORE this config?
A: No
Verdict: Config Status is UNKNOWN since status for that config type has NOT been implemented yet
Config Status:
```yaml
---
configId:
  group: xcp.tetrate.io
  kind: Cluster
  name: cluster-0
  namespace: istio-system
  version: v2
details: Config Status for that config type has NOT been implemented yet
metadata:
  annotations:
    kubectl.kubernetes.io/last-applied-configuration: |
      {"apiVersion":"xcp.tetrate.io/v2","kind":"Cluster","metadata":{"annotations":{},"name":"cluster-0","namespace":"xcp-system"},"spec":{"istioTrustDomain":"cluster.local"}}
```

2026-05-25T10:44:35.741533Z	debug	config-status	Explanation of the decision flow for the Config Status of "xcp.tetrate.io/Cluster" "cluster-1" version ""
Q: Is the config type "xcp.tetrate.io/v2/Cluster" supported by XCP?
A: Yes
Q: Is it an internal config of XCP?
A: No
Q: Is this config object managed by XCP?
A: Yes
Q: Did the Push Context report an ERROR for this config?
A: No
Q: Did the Push Context IGNORE this config?
A: No
Verdict: Config Status is UNKNOWN since status for that config type has NOT been implemented yet
Config Status:
```yaml
---
configId:
  group: xcp.tetrate.io
  kind: Cluster
  name: cluster-1
  namespace: istio-system
  version: v2
details: Config Status for that config type has NOT been implemented yet
metadata: {}
```

2026-05-25T10:44:35.741583Z	debug	config-status	Explanation of the decision flow for the Config Status of "xcp.tetrate.io/GlobalSetting" "global" version ""
Q: Is the config type "xcp.tetrate.io/v2/GlobalSetting" supported by XCP?
A: Yes
Q: Is it an internal config of XCP?
A: No
Q: Is this config object managed by XCP?
A: Yes
Q: Did the Push Context report an ERROR for this config?
A: No
Q: Did the Push Context IGNORE this config?
A: No
Q: Does the namespace selector resolve into at least ONE namespace in this cluster?
A: Yes
I: Checking the config status in each of the 9 target namespace(s): [cert-manager default echo kube-node-lease kube-public local-path-storage metallb-system tier1 xcp-system]
I: [1/9] verdict in "cert-manager" namespace: Config Status is UNKNOWN since translation is SKIPPED on that namespace
I: [2/9] verdict in "default" namespace: Config Status is UNKNOWN since translation is SKIPPED on that namespace
I: [3/9] verdict in "echo" namespace: Config Status is UNKNOWN since there were NO translation errors but the config was NOT mapped onto any output config(s)
I: [4/9] verdict in "kube-node-lease" namespace: Config Status is UNKNOWN since translation is SKIPPED on that namespace
I: [5/9] verdict in "kube-public" namespace: Config Status is UNKNOWN since translation is SKIPPED on that namespace
I: [6/9] verdict in "local-path-storage" namespace: Config Status is UNKNOWN since translation is SKIPPED on that namespace
I: [7/9] verdict in "metallb-system" namespace: Config Status is UNKNOWN since translation is SKIPPED on that namespace
I: [8/9] verdict in "tier1" namespace: Config Status is APPLIED since there were NO translation errors and the config IS mapped onto output config(s)
I: [9/9] verdict in "xcp-system" namespace: Config Status is UNKNOWN since translation is SKIPPED on that namespace
I: Status summary across 9 target namespace(s): APPLIED in 1 namespace(s), TRANSLATION SKIPPED in 7 namespace(s), TRANSLATED BUT NOT MAPPED in 1 namespace(s)
I: Using "lenient" strategy to decide on the aggregated status across 9 target namespace(s)
Q: Have there been any errors while translating this config in ANY of the 9 target namespaces?
A: No
Q: Has the config been APPLIED in at least ONE of the target namespaces?
A: Yes
Verdict: Config Status is "lenient" APPLIED since the config has been APPLIED in at least ONE of the target namespaces
Config Status:
```yaml
---
configId:
  group: xcp.tetrate.io
  kind: GlobalSetting
  name: global
  namespace: istio-system
  version: v2
details: 'Status summary across 9 target namespace(s): APPLIED in 1 namespace(s),
  TRANSLATION SKIPPED in 7 namespace(s), TRANSLATED BUT NOT MAPPED in 1 namespace(s)'
metadata:
  annotations:
    kubectl.kubernetes.io/last-applied-configuration: |
      {"apiVersion":"xcp.tetrate.io/v2","kind":"GlobalSetting","metadata":{"annotations":{},"name":"global","namespace":"xcp-system"},"spec":{"networkSettings":{"networkReachability":{"nw-cluster-0":"nw-cluster-1","nw-cluster-1":"nw-cluster-0"}}}}
result: APPLIED
```

2026-05-25T10:44:35.741634Z	debug	config-status	Explanation of the decision flow for the Config Status of "xcp.tetrate.io/Workspace" "passthrough-ws" version ""
Q: Is the config type "xcp.tetrate.io/v2/Workspace" supported by XCP?
A: Yes
Q: Is it an internal config of XCP?
A: No
Q: Is this config object managed by XCP?
A: Yes
Q: Did the Push Context report an ERROR for this config?
A: No
Q: Did the Push Context IGNORE this config?
A: No
Q: Does the namespace selector resolve into at least ONE namespace in this cluster?
A: Yes
I: Checking the config status in each of the 1 target namespace(s): [tier1]
I: [1/1] verdict in "tier1" namespace: Config Status is APPLIED since there were NO translation errors and the config IS mapped onto output config(s)
I: Status summary across 1 target namespace(s): APPLIED in 1 namespace(s)
I: Using "lenient" strategy to decide on the aggregated status across 1 target namespace(s)
Q: Have there been any errors while translating this config in ANY of the 1 target namespaces?
A: No
Q: Has the config been APPLIED in at least ONE of the target namespaces?
A: Yes
Verdict: Config Status is "lenient" APPLIED since the config has been APPLIED in at least ONE of the target namespaces
Config Status:
```yaml
---
configId:
  group: xcp.tetrate.io
  kind: Workspace
  name: passthrough-ws
  namespace: istio-system
  version: v2
details: 'Status summary across 1 target namespace(s): APPLIED in 1 namespace(s)'
metadata:
  annotations:
    kubectl.kubernetes.io/last-applied-configuration: |
      {"apiVersion":"xcp.tetrate.io/v2","kind":"Workspace","metadata":{"annotations":{},"name":"passthrough-ws","namespace":"xcp-system"},"spec":{"namespaceSelector":{"names":["cluster-0/tier1","cluster-1/echo"]}}}
result: APPLIED
```

2026-05-25T10:44:35.741760Z	debug	status	generated status report in 573.291µs
2026-05-25T10:44:35.741772Z	debug	debounce	notify cbk returned	id=a09a36e7
2026-05-25T10:44:35.741774Z	debug	debounce	Applying exponential step-up. maxSilentCurrent updated to: 2s	id=a09a36e7
2026-05-25T10:44:35.741781Z	debug	status	triggering status report sender with 6 messages
2026-05-25T10:44:35.741835Z	debug	status	successfully sent config-status report(epoch:64, messages:6) in 52.084µs
2026-05-25T10:44:36.740152Z	debug	debounce	resetting maxSilentCurrent. updated: 1s	id=fcd9f881
2026-05-25T10:44:36.742102Z	debug	debounce	notify cbk invoked	id=919326fd
2026-05-25T10:44:36.742144Z	debug	debounce	notify cbk returned	id=919326fd
2026-05-25T10:44:36.742147Z	debug	debounce	Applying exponential step-up. maxSilentCurrent updated to: 4s	id=919326fd
2026-05-25T10:44:36.742166Z	info	cluster-state	processClusterStateChangeEvents: cluster-eventid: 2026-05-25 10:44:33.736717877 +0000 UTC m=+160684.427265859 and 0 more, queue length: 0, reasons: remote_cluster,config,, forceConfigRegenReasons: map[remote_gw_hostport_changed:{}], resources: []
2026-05-25T10:44:36.742169Z	debug	cluster-state	handleClusterStateChangedEvent: Trigger reasons: config,remote_cluster,, Forced translation: map[remote_gw_hostport_changed:{}], Resources: []
2026-05-25T10:44:36.742192Z	debug	cluster-gen	istioServices: 15
2026-05-25T10:44:36.742233Z	debug	cluster-state	found Istio IsolationBoundary for Namespace "tier1" with Revision "stable"
2026-05-25T10:44:36.742256Z	debug	cluster-gen	Ignoring service kube-system/kube-dns
2026-05-25T10:44:36.742270Z	info	cluster-gen	Gateway service instances for tier1/tier1-gateway: 2
2026-05-25T10:44:36.742284Z	debug	cluster-gen	Getting XCP services for possible gateway service tier1-gateway.tier1.svc.cluster.local, labels map[app:tier1-gateway istio:ingressgateway]
2026-05-25T10:44:36.742290Z	debug	cluster-gen	found matching tier1 gateway - tier1-echo-gw
2026-05-25T10:44:36.742292Z	debug	cluster-gen	found tier1 passthrough host echo.tetrate.io for service tier1-gateway.tier1.svc.cluster.local
2026-05-25T10:44:36.742308Z	debug	cluster-gen	Ignoring service kube-system/metrics-server
2026-05-25T10:44:36.742311Z	info	no portname specified for service metallb-webhook-service.metallb-system.svc.cluster.local port 443. no endpoints will be detected
2026-05-25T10:44:36.742313Z	info	no portname specified for service metallb-webhook-service.metallb-system.svc.cluster.local port 443. no endpoints will be detected
2026-05-25T10:44:36.742368Z	debug	discovery-cache	added istio service instances in namespace: cert-manager objects 0, changed false
2026-05-25T10:44:36.742389Z	debug	discovery-cache	gateway serviceInstance hostname tier1-gateway.tier1.svc.cluster.local
2026-05-25T10:44:36.742393Z	debug	discovery-cache	gateway serviceInstance hostname tier1-gateway.tier1.svc.cluster.local
2026-05-25T10:44:36.742396Z	debug	discovery-cache	added istio service instances in namespace: tier1 objects 2, changed false
2026-05-25T10:44:36.742397Z	debug	discovery-cache	added istio service instances in namespace: xcp-system objects 0, changed false
2026-05-25T10:44:36.742399Z	debug	discovery-cache	added istio service instances in namespace: istio-system objects 0, changed false
2026-05-25T10:44:36.742400Z	debug	discovery-cache	added istio service instances in namespace: default objects 0, changed false
2026-05-25T10:44:36.742401Z	debug	discovery-cache	added istio service instances in namespace: metallb-system objects 0, changed false
2026-05-25T10:44:36.742409Z	debug	cluster-state	triggerConfigTranslation false ,triggerConfigTranslationReason true 
2026-05-25T10:44:36.742426Z	debug	cluster-state	All gateway hostname mappings are same.
2026-05-25T10:44:36.742428Z	debug	cluster-state	All gatewayHost bounded k8s svcs have same addresses.
2026-05-25T10:44:36.742429Z	debug	cluster-state	No significant changes detected; skipping report to other clusters.
2026-05-25T10:44:36.742430Z	debug	cluster-state	No significant changes detected for east-west services; skipping report to other clusters.
2026-05-25T10:44:36.742434Z	debug	cluster-state	handleClusterStateChangedEvent, actions: map[sendClusterToCentral:{}]
2026-05-25T10:44:36.742509Z	debug	discovery-server	wrote channel for sending cluster updates
2026-05-25T10:44:36.742514Z	debug	cluster-state	Sent 6 namespaces to central. len(HostToK8sSvc) 1
2026-05-25T10:44:36.742519Z	debug	discovery-server	Sending cluster-state update to central xcp
2026-05-25T10:44:36.742600Z	debug	discovery-server	Done sending cluster-state to central xcp
2026-05-25T10:44:36.742692Z	info	cluster-state	processConfigTranslationNotification: cluster-eventid: 2026-05-25 10:44:36.742415212 +0000 UTC m=+160687.432963194 and 0 more, queue length: 0, reasons: config,remote_cluster,, forceConfigRegenReasons: map[remote_gw_hostport_changed:{}], resources: []
2026-05-25T10:44:36.742698Z	debug	configapply	Sending XCP api CRDs to istio config translator
2026-05-25T10:44:36.742847Z	debug	model	gateway-group mapping: map[tier1-gg:tier1-gg]
2026-05-25T10:44:36.742853Z	debug	model	security-group mapping: map[]
2026-05-25T10:44:36.742854Z	debug	model	traffic-group mapping: map[]
2026-05-25T10:44:36.742855Z	debug	model	istio-internal-group mapping: map[]
2026-05-25T10:44:36.742857Z	debug	model	gateway-deployment mapping: map[tier1-gateway:tier1-gateway]
2026-05-25T10:44:36.742872Z	debug	model	processing 16 objects for cluster cluster-0
2026-05-25T10:44:36.742975Z	debug	model	Processing workspace: istio-system/passthrough-ws, o.gvk xcp.tetrate.io/v2/Workspace
2026-05-25T10:44:36.742982Z	debug	model	resolved workspace namespaces [tier1]
2026-05-25T10:44:36.742995Z	info	model	tier1: adding workspace passthrough-ws
2026-05-25T10:44:36.743087Z	debug	model	populateGroups workspace = passthrough-ws, &{Meta:{GroupVersionKind:xcp.tetrate.io/v2/Workspace UID: Name:passthrough-ws Namespace:istio-system Domain: Labels:map[] Annotations:map[kubectl.kubernetes.io/last-applied-configuration:{"apiVersion":"xcp.tetrate.io/v2","kind":"Workspace","metadata":{"annotations":{},"name":"passthrough-ws","namespace":"xcp-system"},"spec":{"namespaceSelector":{"names":["cluster-0/tier1","cluster-1/echo"]}}}
 xcp.tetrate.io/contentHash:e5d3817c7d08543139c22f8de5bfec93] ResourceVersion:617965 CreationTimestamp:2026-05-25 10:44:25 +0000 UTC OwnerReferences:[] Generation:0} Spec:namespace_selector:{names:"cluster-0/tier1" names:"cluster-1/echo"} Status:<nil> Extra:map[]}
2026-05-25T10:44:36.743097Z	debug	model	gg namespace_selector:{names:"cluster-0/tier1"}
2026-05-25T10:44:36.743099Z	debug	model	resolved gateway group namespaces [tier1]
2026-05-25T10:44:36.743107Z	debug	model	tier1: registered gateway group tier1-gg in workspace passthrough-ws
2026-05-25T10:44:36.743110Z	error	model	workspace name is unspecified or empty for install.xcp.tetrate.io/v1alpha1/GatewayDeployment::istio-system/tier1-gateway. Skipping...
2026-05-25T10:44:36.743177Z	error	model	workspace name is unspecified or empty for install.xcp.tetrate.io/v1alpha1/GatewayDeployment::istio-system/tier1-gateway. Skipping...
2026-05-25T10:44:36.743191Z	debug	model	populateObjectsInGroups: workspace = passthrough-ws, &{Meta:{GroupVersionKind:xcp.tetrate.io/v2/Workspace UID: Name:passthrough-ws Namespace:istio-system Domain: Labels:map[] Annotations:map[kubectl.kubernetes.io/last-applied-configuration:{"apiVersion":"xcp.tetrate.io/v2","kind":"Workspace","metadata":{"annotations":{},"name":"passthrough-ws","namespace":"xcp-system"},"spec":{"namespaceSelector":{"names":["cluster-0/tier1","cluster-1/echo"]}}}
 xcp.tetrate.io/contentHash:e5d3817c7d08543139c22f8de5bfec93] ResourceVersion:617965 CreationTimestamp:2026-05-25 10:44:25 +0000 UTC OwnerReferences:[] Generation:0} Spec:namespace_selector:{names:"cluster-0/tier1" names:"cluster-1/echo"} Status:<nil> Extra:map[]}
2026-05-25T10:44:36.743357Z	debug	eastwest-configgen	namespace "cert-manager" does not have Istio revision "" in boundary "global". Ambient mode: false
2026-05-25T10:44:36.743361Z	debug	eastwest-configgen	namespace "kube-node-lease" does not have Istio revision "" in boundary "global". Ambient mode: false
2026-05-25T10:44:36.743363Z	debug	eastwest-configgen	namespace "kube-public" does not have Istio revision "" in boundary "global". Ambient mode: false
2026-05-25T10:44:36.743364Z	debug	eastwest-configgen	namespace "local-path-storage" does not have Istio revision "" in boundary "global". Ambient mode: false
2026-05-25T10:44:36.743365Z	debug	eastwest-configgen	namespace "metallb-system" does not have Istio revision "" in boundary "global". Ambient mode: false
2026-05-25T10:44:36.743366Z	debug	eastwest-configgen	namespace "default" does not have Istio revision "" in boundary "global". Ambient mode: false
2026-05-25T10:44:36.743367Z	debug	eastwest-configgen	namespace "xcp-system" does not have Istio revision "" in boundary "global". Ambient mode: false
2026-05-25T10:44:36.743382Z	info	eastwest-configgen	no endpoints found for service "echo.tetrate.io" port 17443
2026-05-25T10:44:36.743410Z	debug	eastwest-configgen	found Istio IsolationBoundary "global" for Namespace "tier1"
2026-05-25T10:44:36.743414Z	info	no portname specified for service metallb-webhook-service.metallb-system.svc.cluster.local port 443. no endpoints will be detected
2026-05-25T10:44:36.743436Z	info	eastwest-configgen	no endpoints found for service "metallb-webhook-service.metallb-system.svc.cluster.local" port 443
2026-05-25T10:44:36.743448Z	debug	eastwest-configgen	computed east-west gateway associations: {}
2026-05-25T10:44:36.743474Z	debug	discovery-server	found service instance with matching namespace and labels. svc port 17443, workload port 17443
2026-05-25T10:44:36.743476Z	debug	discovery-server	found service instance with matching namespace and labels. svc port 15443, workload port 15443
2026-05-25T10:44:36.743480Z	debug	configapply	Translation triggered for all [tier1 local-path-storage metallb-system default xcp-system cert-manager kube-node-lease kube-public echo] namespaces
2026-05-25T10:44:36.743507Z	debug	translator	error while looking up workspace for namespace "echo": the namespace "echo" is not mapped to any workspace	ns=echo id=9af16e05
2026-05-25T10:44:36.743513Z	debug	translator	failed to lookup workspace for namespace "echo": the namespace "echo" is not mapped to any workspace	ns=echo id=9af16e05
2026-05-25T10:44:36.743517Z	debug	translator	workspace for namespace "echo" not found	ns=echo id=9af16e05
2026-05-25T10:44:36.743519Z	debug	translator	[ambient] buildEastWestGatewayConfigs: entry point called	ns=echo id=9af16e05
2026-05-25T10:44:36.743521Z	debug	translator	[ambient] doBuildEastWestGatewayConfigsforAllWorkspaces: processing 1 workspaces	ns=echo id=9af16e05
2026-05-25T10:44:36.743523Z	debug	translator	[ambient] processing workspace 0: passthrough-ws	ns=echo id=9af16e05
2026-05-25T10:44:36.743524Z	debug	translator	workspace settings for workspace "passthrough-ws" does not have east-west gateway configs defined	ns=echo id=9af16e05
2026-05-25T10:44:36.743526Z	debug	translator	[ambient] workspace passthrough-ws generated 0 regular east-west configs	ns=echo id=9af16e05
2026-05-25T10:44:36.743527Z	debug	translator	[ambient] EnableAmbient=false, skipping ambient hybrid configs for workspace passthrough-ws	ns=echo id=9af16e05
2026-05-25T10:44:36.743528Z	debug	translator	[ambient] doBuildEastWestGatewayConfigsforAllWorkspaces: total generated 0 configs	ns=echo id=9af16e05
2026-05-25T10:44:36.743530Z	debug	translator	error while looking up workspace for namespace "echo": the namespace "echo" is not mapped to any workspace	ns=echo id=9af16e05
2026-05-25T10:44:36.743532Z	debug	translator	error while looking up workspace for namespace "echo": the namespace "echo" is not mapped to any workspace	ns=echo id=9af16e05
2026-05-25T10:44:36.743534Z	debug	translator	generated configurations: 0 traffic, 0 security, 0 gateway, 0 istio internal	ns=echo id=9af16e05
2026-05-25T10:44:36.743535Z	debug	translator	ew-gen: generating east-west workload entry configs for local services that are exposed for east-west routing	ns=echo id=9af16e05
2026-05-25T10:44:36.743540Z	debug	resource-cache	Batch-based resource tracking disabled, falling back to namespace-based
2026-05-25T10:44:36.743546Z	debug	resource-cache	[echo] ===BEGIN: Apply request for 0 objects
2026-05-25T10:44:36.743547Z	debug	resource-cache	Delete all objects from the namespace echo
2026-05-25T10:44:36.743548Z	debug	resource-cache	[echo] objects previously in k8s api server cache: 0
2026-05-25T10:44:36.743549Z	debug	resource-cache	[echo] No previous objects at k8s apiserver cache for namespace
2026-05-25T10:44:36.743551Z	debug	resource-cache	[echo] ===END: Apply request for 0 objects in 0.000004 s
2026-05-25T10:44:36.743562Z	debug	resource-cache	[echo] ===BEGIN: Apply request for 0 objects
2026-05-25T10:44:36.743565Z	debug	resource-cache	Delete all objects from the namespace echo
2026-05-25T10:44:36.743565Z	debug	resource-cache	[echo] objects previously in k8s api server cache: 0
2026-05-25T10:44:36.743566Z	debug	resource-cache	[echo] No previous objects at k8s apiserver cache for namespace
2026-05-25T10:44:36.743567Z	debug	resource-cache	[echo] ===END: Apply request for 0 objects in 0.000005 s
2026-05-25T10:44:36.743626Z	debug	resource-cache	Unmanaged Istio resources by kind: map[AuthorizationPolicy:0 DestinationRule:0 EnvoyFilter:0 Gateway:0 PeerAuthentication:0 RequestAuthentication:0 ServiceEntry:0 Sidecar:0 Telemetry:0 VirtualService:0 WasmPlugin:0 WorkloadEntry:0]
2026-05-25T10:44:36.743638Z	warn	translator	error while looking up traffic group for namespace "tier1": traffic group not found for namespace tier1 in workspace passthrough-ws	ns=tier1 id=212a8361
2026-05-25T10:44:36.743642Z	debug	translator	traffic group for namespace "tier1" not found. applying defaults	ns=tier1 id=212a8361
2026-05-25T10:44:36.743644Z	debug	translator	traffic group for namespace "tier1" not found	ns=tier1 id=212a8361
2026-05-25T10:44:36.743663Z	debug	translator	upstream traffic setting for namespace "tier1" not found, default settings will be created	ns=tier1 id=212a8361
2026-05-25T10:44:36.743799Z	warn	translator	failed to lookup security group for "tier1": security group not found for namespace tier1 in workspace passthrough-ws	ns=tier1 id=212a8361
2026-05-25T10:44:36.743803Z	debug	translator	security group for namespace "tier1" not found. applying defaults	ns=tier1 id=212a8361
2026-05-25T10:44:36.743817Z	debug	translator	selector is nil means no per-svc security settings, setting it to match_labels:{key:"istio" value:"ingressgateway"}	ns=tier1 id=212a8361
2026-05-25T10:44:36.743822Z	debug	translator	found gateway group (BRIDGED) "tier1-gg" for namespace "tier1"	ns=tier1 id=212a8361
2026-05-25T10:44:36.743825Z	warn	translator	error while getting traffic group for namespace "tier1": traffic group not found for namespace tier1 in workspace passthrough-ws	ns=tier1 id=212a8361
2026-05-25T10:44:36.743830Z	debug	translator	upstream traffic setting for namespace "tier1" not found, default settings will be created	ns=tier1 id=212a8361
2026-05-25T10:44:36.743831Z	debug	translator	found gateway group for namespace "tier1": tier1-gg	ns=tier1 id=212a8361
2026-05-25T10:44:36.743890Z	debug	translator	translating tier1 gateway tier1-echo-gw with 0 external and 0 internal	ns=tier1 id=212a8361
2026-05-25T10:44:36.743925Z	debug	translator	translating tier1 gateway tier1-echo-gw passthrough server echo	ns=tier1 id=212a8361
2026-05-25T10:44:36.743935Z	debug	translator	translating gateway tier1-echo-gw passthrough server echo (echo.tetrate.io) to virtual service	ns=tier1 id=212a8361
2026-05-25T10:44:36.743944Z	warn	mc-configgen	cannot lookup traffic group for "tier1": traffic group not found for namespace tier1 in workspace passthrough-ws
2026-05-25T10:44:36.743946Z	error	translator	error getting gw label for gateway %!w(string=istio-system/tier1-echo-gw), error: labels not found for gateway.xcp.tetrate.io/v2/Tier1Gateway::istio-system/tier1-echo-gw	ns=tier1 id=212a8361
2026-05-25T10:44:36.743949Z	warn	mc-configgen	cannot lookup traffic group for "tier1": traffic group not found for namespace tier1 in workspace passthrough-ws
2026-05-25T10:44:36.743955Z	debug	translator	compiling tier1 gateway tier1-echo-gw destination rule for echo.tetrate.io, subsets 1	ns=tier1 id=212a8361
2026-05-25T10:44:36.744027Z	debug	translator	skipping translation for namespace "xcp-system"	ns=xcp-system id=626f46ad
2026-05-25T10:44:36.744041Z	debug	resource-cache	Batch-based resource tracking disabled, falling back to namespace-based
2026-05-25T10:44:36.744043Z	debug	resource-cache	[xcp-system] ===BEGIN: Apply request for 0 objects
2026-05-25T10:44:36.744044Z	debug	resource-cache	Delete all objects from the namespace xcp-system
2026-05-25T10:44:36.744045Z	debug	resource-cache	[xcp-system] objects previously in k8s api server cache: 0
2026-05-25T10:44:36.744046Z	debug	resource-cache	[xcp-system] No previous objects at k8s apiserver cache for namespace
2026-05-25T10:44:36.744043Z	debug	translator	skipping translation for namespace "kube-public"	ns=kube-public id=36ed9924
2026-05-25T10:44:36.744041Z	debug	translator	skipping translation for namespace "kube-node-lease"	ns=kube-node-lease id=94ea0e07
2026-05-25T10:44:36.744048Z	debug	resource-cache	Batch-based resource tracking disabled, falling back to namespace-based
2026-05-25T10:44:36.744039Z	debug	translator	[ambient] buildEastWestGatewayConfigs: entry point called	ns=tier1 id=212a8361
2026-05-25T10:44:36.744049Z	debug	resource-cache	Batch-based resource tracking disabled, falling back to namespace-based
2026-05-25T10:44:36.744050Z	debug	resource-cache	[kube-public] ===BEGIN: Apply request for 0 objects
2026-05-25T10:44:36.744051Z	debug	resource-cache	[kube-node-lease] ===BEGIN: Apply request for 0 objects
2026-05-25T10:44:36.744050Z	debug	translator	[ambient] doBuildEastWestGatewayConfigsforAllWorkspaces: processing 1 workspaces	ns=tier1 id=212a8361
2026-05-25T10:44:36.744051Z	debug	resource-cache	Delete all objects from the namespace kube-public
2026-05-25T10:44:36.744047Z	debug	resource-cache	[xcp-system] ===END: Apply request for 0 objects in 0.000004 s
2026-05-25T10:44:36.744053Z	debug	resource-cache	[kube-public] objects previously in k8s api server cache: 0
2026-05-25T10:44:36.744054Z	debug	resource-cache	[kube-public] No previous objects at k8s apiserver cache for namespace
2026-05-25T10:44:36.744055Z	debug	resource-cache	[kube-public] ===END: Apply request for 0 objects in 0.000005 s
2026-05-25T10:44:36.744055Z	debug	translator	skipping translation for namespace "local-path-storage"	ns=local-path-storage id=40218466
2026-05-25T10:44:36.744059Z	debug	resource-cache	[xcp-system] ===BEGIN: Apply request for 0 objects
2026-05-25T10:44:36.744061Z	debug	resource-cache	Delete all objects from the namespace xcp-system
2026-05-25T10:44:36.744061Z	debug	resource-cache	[kube-public] ===BEGIN: Apply request for 0 objects
2026-05-25T10:44:36.744062Z	debug	resource-cache	[xcp-system] objects previously in k8s api server cache: 0
2026-05-25T10:44:36.744063Z	debug	resource-cache	[xcp-system] No previous objects at k8s apiserver cache for namespace
2026-05-25T10:44:36.744062Z	debug	resource-cache	Delete all objects from the namespace kube-public
2026-05-25T10:44:36.744064Z	debug	resource-cache	[xcp-system] ===END: Apply request for 0 objects in 0.000005 s
2026-05-25T10:44:36.744064Z	debug	resource-cache	[kube-public] objects previously in k8s api server cache: 0
2026-05-25T10:44:36.744066Z	debug	resource-cache	[kube-public] No previous objects at k8s apiserver cache for namespace
2026-05-25T10:44:36.744062Z	debug	translator	skipping translation for namespace "metallb-system"	ns=metallb-system id=5293aaf9
2026-05-25T10:44:36.744052Z	debug	translator	[ambient] processing workspace 0: passthrough-ws	ns=tier1 id=212a8361
2026-05-25T10:44:36.744068Z	debug	resource-cache	Batch-based resource tracking disabled, falling back to namespace-based
2026-05-25T10:44:36.744067Z	debug	translator	skipping translation for namespace "default"	ns=default id=b6c595ce
2026-05-25T10:44:36.744063Z	debug	translator	skipping translation for namespace "cert-manager"	ns=cert-manager id=82eea5bf
2026-05-25T10:44:36.744070Z	debug	resource-cache	Batch-based resource tracking disabled, falling back to namespace-based
2026-05-25T10:44:36.744071Z	debug	resource-cache	[default] ===BEGIN: Apply request for 0 objects
2026-05-25T10:44:36.744075Z	debug	resource-cache	Delete all objects from the namespace default
2026-05-25T10:44:36.744105Z	debug	resource-cache	[default] objects previously in k8s api server cache: 0
2026-05-25T10:44:36.744106Z	debug	resource-cache	[default] No previous objects at k8s apiserver cache for namespace
2026-05-25T10:44:36.744107Z	debug	resource-cache	[default] ===END: Apply request for 0 objects in 0.000036 s
2026-05-25T10:44:36.744116Z	debug	resource-cache	[default] ===BEGIN: Apply request for 0 objects
2026-05-25T10:44:36.744117Z	debug	resource-cache	Delete all objects from the namespace default
2026-05-25T10:44:36.744118Z	debug	resource-cache	[default] objects previously in k8s api server cache: 0
2026-05-25T10:44:36.744119Z	debug	resource-cache	[default] No previous objects at k8s apiserver cache for namespace
2026-05-25T10:44:36.744120Z	debug	resource-cache	[default] ===END: Apply request for 0 objects in 0.000004 s
2026-05-25T10:44:36.744059Z	debug	resource-cache	Batch-based resource tracking disabled, falling back to namespace-based
2026-05-25T10:44:36.744124Z	debug	resource-cache	[local-path-storage] ===BEGIN: Apply request for 0 objects
2026-05-25T10:44:36.744125Z	debug	resource-cache	Delete all objects from the namespace local-path-storage
2026-05-25T10:44:36.744126Z	debug	resource-cache	[local-path-storage] objects previously in k8s api server cache: 0
2026-05-25T10:44:36.744126Z	debug	resource-cache	[local-path-storage] No previous objects at k8s apiserver cache for namespace
2026-05-25T10:44:36.744127Z	debug	resource-cache	[local-path-storage] ===END: Apply request for 0 objects in 0.000003 s
2026-05-25T10:44:36.744131Z	debug	resource-cache	[local-path-storage] ===BEGIN: Apply request for 0 objects
2026-05-25T10:44:36.744142Z	debug	resource-cache	Delete all objects from the namespace local-path-storage
2026-05-25T10:44:36.744143Z	debug	resource-cache	[local-path-storage] objects previously in k8s api server cache: 0
2026-05-25T10:44:36.744144Z	debug	resource-cache	[local-path-storage] No previous objects at k8s apiserver cache for namespace
2026-05-25T10:44:36.744145Z	debug	resource-cache	[local-path-storage] ===END: Apply request for 0 objects in 0.000014 s
2026-05-25T10:44:36.744072Z	debug	resource-cache	Batch-based resource tracking disabled, falling back to namespace-based
2026-05-25T10:44:36.744148Z	debug	resource-cache	[cert-manager] ===BEGIN: Apply request for 0 objects
2026-05-25T10:44:36.744152Z	debug	resource-cache	Delete all objects from the namespace cert-manager
2026-05-25T10:44:36.744153Z	debug	resource-cache	[cert-manager] objects previously in k8s api server cache: 0
2026-05-25T10:44:36.744154Z	debug	resource-cache	[cert-manager] No previous objects at k8s apiserver cache for namespace
2026-05-25T10:44:36.744155Z	debug	resource-cache	[cert-manager] ===END: Apply request for 0 objects in 0.000007 s
2026-05-25T10:44:36.744159Z	debug	resource-cache	[cert-manager] ===BEGIN: Apply request for 0 objects
2026-05-25T10:44:36.744164Z	debug	resource-cache	Delete all objects from the namespace cert-manager
2026-05-25T10:44:36.744165Z	debug	resource-cache	[cert-manager] objects previously in k8s api server cache: 0
2026-05-25T10:44:36.744166Z	debug	resource-cache	[cert-manager] No previous objects at k8s apiserver cache for namespace
2026-05-25T10:44:36.744167Z	debug	resource-cache	[cert-manager] ===END: Apply request for 0 objects in 0.000008 s
2026-05-25T10:44:36.744069Z	debug	translator	workspace settings for workspace "passthrough-ws" does not have east-west gateway configs defined	ns=tier1 id=212a8361
2026-05-25T10:44:36.744169Z	debug	translator	[ambient] workspace passthrough-ws generated 0 regular east-west configs	ns=tier1 id=212a8361
2026-05-25T10:44:36.744170Z	debug	translator	[ambient] EnableAmbient=false, skipping ambient hybrid configs for workspace passthrough-ws	ns=tier1 id=212a8361
2026-05-25T10:44:36.744171Z	debug	translator	[ambient] doBuildEastWestGatewayConfigsforAllWorkspaces: total generated 0 configs	ns=tier1 id=212a8361
2026-05-25T10:44:36.744175Z	debug	translator	error while looking up istio internal group for namespace "tier1": istio internal group not found for namespace tier1 in workspace passthrough-ws	ns=tier1 id=212a8361
2026-05-25T10:44:36.744178Z	debug	translator	generated configurations: 2 traffic, 1 security, 5 gateway, 0 istio internal	ns=tier1 id=212a8361
2026-05-25T10:44:36.744179Z	debug	translator	ew-gen: generating east-west workload entry configs for local services that are exposed for east-west routing	ns=tier1 id=212a8361
2026-05-25T10:44:36.744780Z	debug	configapply	Applying 8 istio objects in namespace tier1
2026-05-25T10:44:36.744789Z	debug	configapply	   networking.istio.io/v1/Sidecar [tier1/default]
2026-05-25T10:44:36.744790Z	debug	configapply	   networking.istio.io/v1alpha3/EnvoyFilter [tier1/default-upstream-traffic-setting]
2026-05-25T10:44:36.744791Z	debug	configapply	   security.istio.io/v1/AuthorizationPolicy [tier1/allow]
2026-05-25T10:44:36.744792Z	debug	configapply	   networking.istio.io/v1alpha3/EnvoyFilter [tier1/tier1-gg-default-upstream-traffic-setting]
2026-05-25T10:44:36.744793Z	debug	configapply	   networking.istio.io/v1/Gateway [tier1/tier1-echo-gw]
2026-05-25T10:44:36.744794Z	debug	configapply	   networking.istio.io/v1/VirtualService [tier1/tier1-echo-gw-echo]
2026-05-25T10:44:36.744796Z	debug	configapply	   networking.istio.io/v1/DestinationRule [tier1/tier1-tier1-echo-gwecho-tetrate-io]
2026-05-25T10:44:36.744797Z	debug	configapply	   networking.istio.io/v1alpha3/EnvoyFilter [tier1/default-allow-tier1-echo-gw-external-batch0]
2026-05-25T10:44:36.744798Z	debug	resource-cache	[tier1] ===BEGIN: Apply request for 8 objects
2026-05-25T10:44:36.744884Z	debug	resource-cache	[tier1] Create for {"type":{"group":"networking.istio.io","version":"v1alpha3","kind":"EnvoyFilter"},"name":"default-allow-tier1-echo-gw-external-batch0","namespace":"tier1","labels":{"istio.io/rev":"global","xcp.tetrate.io/gatewayGroup":"tier1-gg","xcp.tetrate.io/workspace":"passthrough-ws"},"annotations":{"kubectl.kubernetes.io/last-applied-configuration":"{\"apiVersion\":\"gateway.xcp.tetrate.io/v2\",\"kind\":\"Tier1Gateway\",\"metadata\":{\"annotations\":{},\"labels\":{\"xcp.tetrate.io/gatewayGroup\":\"tier1-gg\",\"xcp.tetrate.io/workspace\":\"passthrough-ws\"},\"name\":\"tier1-echo-gw\",\"namespace\":\"xcp-system\"},\"spec\":{\"passthroughServers\":[{\"clusters\":[{\"name\":\"cluster-1\",\"weight\":100}],\"hostname\":\"echo.tetrate.io\",\"name\":\"echo\",\"port\":17443}],\"workloadSelector\":{\"labels\":{\"app\":\"tier1-gateway\"},\"namespace\":\"tier1\"}}}\n","xcp.tetrate.io/contentHash":"d484a71372da369e909e5b36d9d8f5d7"},"creationTimestamp":"0001-01-01T00:00:00Z","Spec":{"workloadSelector":{"labels":{"app":"tier1-gateway"}},"configPatches":[{"applyTo":"NETWORK_FILTER","match":{"context":"GATEWAY","proxy":{"proxyVersion":"^1\\.(22|24|28)(\\.\\d+)?(-.*)?$"},"listener":{"portNumber":17443,"filterChain":{"sni":"echo.tetrate.io","filter":{"name":"envoy.filters.network.rbac"}}}},"patch":{"operation":"REPLACE","value":{"name":"envoy.filters.network.rbac","typed_config":{"@type":"type.googleapis.com/envoy.extensions.filters.network.rbac.v3.RBAC","rules":{"policies":{"tier1-tier1-echo-gw-echo":{"permissions":[{"and_rules":{"rules":[{"or_rules":{"rules":[{"destination_port":17443}]}}]}}],"principals":[{"and_ids":{"ids":[{"any":true}]}}]}}},"stat_prefix":"tcp."}}}}],"priority":-2000},"Status":null,"Extra":null}
2026-05-25T10:44:36.744956Z	debug	configapply	computed hash for EnvoyFilter:tier1/default-allow-tier1-echo-gw-external-batch0 - 3f44b39a61587f6e41acb85bb50e8b54
2026-05-25T10:44:36.744963Z	debug	discovery-server	same hash so neither creating nor updating
2026-05-25T10:44:36.744976Z	debug	resource-cache	[tier1] Create for {"type":{"group":"security.istio.io","version":"v1","kind":"AuthorizationPolicy"},"name":"allow","namespace":"tier1","labels":{"istio.io/rev":"global"},"annotations":{"kubectl.kubernetes.io/last-applied-configuration":"{\"apiVersion\":\"xcp.tetrate.io/v2\",\"kind\":\"Workspace\",\"metadata\":{\"annotations\":{},\"name\":\"passthrough-ws\",\"namespace\":\"xcp-system\"},\"spec\":{\"namespaceSelector\":{\"names\":[\"cluster-0/tier1\",\"cluster-1/echo\"]}}}\n","xcp.tetrate.io/contentHash":"e5d3817c7d08543139c22f8de5bfec93"},"creationTimestamp":"0001-01-01T00:00:00Z","Spec":{"selector":{"matchLabels":{"istio":"ingressgateway"}},"rules":[{"from":[{"source":{"principals":["*"]}}],"to":[{"operation":{"ports":["15443"]}}]}]},"Status":null,"Extra":null}
2026-05-25T10:44:36.745002Z	debug	configapply	computed hash for AuthorizationPolicy:tier1/allow - 8c65f8421c3431e4ef3784484e3ef261
2026-05-25T10:44:36.745004Z	debug	discovery-server	same hash so neither creating nor updating
2026-05-25T10:44:36.744069Z	debug	resource-cache	[metallb-system] ===BEGIN: Apply request for 0 objects
2026-05-25T10:44:36.745007Z	debug	resource-cache	Delete all objects from the namespace metallb-system
2026-05-25T10:44:36.745008Z	debug	resource-cache	[metallb-system] objects previously in k8s api server cache: 0
2026-05-25T10:44:36.745008Z	debug	resource-cache	[metallb-system] No previous objects at k8s apiserver cache for namespace
2026-05-25T10:44:36.745009Z	debug	resource-cache	[metallb-system] ===END: Apply request for 0 objects in 0.000940 s
2026-05-25T10:44:36.745013Z	debug	resource-cache	[tier1] Create for {"type":{"group":"networking.istio.io","version":"v1alpha3","kind":"EnvoyFilter"},"name":"tier1-gg-default-upstream-traffic-setting","namespace":"tier1","labels":{"istio.io/rev":"global"},"annotations":{"kubectl.kubernetes.io/last-applied-configuration":"{\"apiVersion\":\"xcp.tetrate.io/v2\",\"kind\":\"Workspace\",\"metadata\":{\"annotations\":{},\"name\":\"passthrough-ws\",\"namespace\":\"xcp-system\"},\"spec\":{\"namespaceSelector\":{\"names\":[\"cluster-0/tier1\",\"cluster-1/echo\"]}}}\n","xcp.tetrate.io/contentHash":"e5d3817c7d08543139c22f8de5bfec93"},"creationTimestamp":"0001-01-01T00:00:00Z","Spec":{"configPatches":[{"applyTo":"CLUSTER","match":{"context":"GATEWAY","proxy":{"proxyVersion":"^1\\.(22|24|28)(\\.\\d+)?(-.*)?$"}},"patch":{"operation":"MERGE","value":{"@type":"type.googleapis.com/envoy.config.cluster.v3.Cluster","common_lb_config":{"healthy_panic_threshold":{}},"outlier_detection":{"consecutive_gateway_failure":10,"enforcing_consecutive_5xx":0,"enforcing_consecutive_gateway_failure":100,"max_ejection_percent":100}}}},{"applyTo":"HTTP_ROUTE","match":{"context":"GATEWAY","proxy":{"proxyVersion":"^1\\.(22|24|28)(\\.\\d+)?(-.*)?$"},"routeConfiguration":{"vhost":{"route":{"action":"ROUTE"}}}},"patch":{"operation":"MERGE","value":{"@type":"type.googleapis.com/envoy.config.route.v3.Route","route":{"retry_policy":{"host_selection_retry_max_attempts":"5","num_retries":2,"retriable_status_codes":[503],"retry_host_predicate":[{"name":"envoy.retry_host_predicates.previous_hosts","typed_config":{"@type":"type.googleapis.com/envoy.extensions.retry.host.previous_hosts.v3.PreviousHostsPredicate"}}],"retry_on":"reset,connect-failure,refused-stream,unavailable,cancelled,retriable-status-codes"}}}}}],"priority":100},"Status":null,"Extra":null}
2026-05-25T10:44:36.745015Z	debug	resource-cache	[metallb-system] ===BEGIN: Apply request for 0 objects
2026-05-25T10:44:36.745016Z	debug	resource-cache	Delete all objects from the namespace metallb-system
2026-05-25T10:44:36.745017Z	debug	resource-cache	[metallb-system] objects previously in k8s api server cache: 0
2026-05-25T10:44:36.745018Z	debug	resource-cache	[metallb-system] No previous objects at k8s apiserver cache for namespace
2026-05-25T10:44:36.745018Z	debug	resource-cache	[metallb-system] ===END: Apply request for 0 objects in 0.000003 s
2026-05-25T10:44:36.744052Z	debug	resource-cache	Delete all objects from the namespace kube-node-lease
2026-05-25T10:44:36.745023Z	debug	resource-cache	[kube-node-lease] objects previously in k8s api server cache: 0
2026-05-25T10:44:36.745023Z	debug	resource-cache	[kube-node-lease] No previous objects at k8s apiserver cache for namespace
2026-05-25T10:44:36.745025Z	debug	resource-cache	[kube-node-lease] ===END: Apply request for 0 objects in 0.000974 s
2026-05-25T10:44:36.745028Z	debug	resource-cache	[kube-node-lease] ===BEGIN: Apply request for 0 objects
2026-05-25T10:44:36.745029Z	debug	resource-cache	Delete all objects from the namespace kube-node-lease
2026-05-25T10:44:36.745029Z	debug	resource-cache	[kube-node-lease] objects previously in k8s api server cache: 0
2026-05-25T10:44:36.745030Z	debug	resource-cache	[kube-node-lease] No previous objects at k8s apiserver cache for namespace
2026-05-25T10:44:36.745031Z	debug	resource-cache	[kube-node-lease] ===END: Apply request for 0 objects in 0.000003 s
2026-05-25T10:44:36.744067Z	debug	resource-cache	[kube-public] ===END: Apply request for 0 objects in 0.000006 s
2026-05-25T10:44:36.745036Z	debug	resource-cache	[tier1] objects previously in k8s api server cache: 8
2026-05-25T10:44:36.745047Z	debug	resource-cache	[tier1] stale resources to be deleted []
2026-05-25T10:44:36.745061Z	debug	configapply	computed hash for EnvoyFilter:tier1/tier1-gg-default-upstream-traffic-setting - 4f9a6697acdcca0723b42f9f050bddf9
2026-05-25T10:44:36.745063Z	debug	discovery-server	same hash so neither creating nor updating
2026-05-25T10:44:36.745083Z	debug	resource-cache	[tier1] Create for {"type":{"group":"networking.istio.io","version":"v1","kind":"Sidecar"},"name":"default","namespace":"tier1","labels":{"istio.io/rev":"global"},"annotations":{"kubectl.kubernetes.io/last-applied-configuration":"{\"apiVersion\":\"xcp.tetrate.io/v2\",\"kind\":\"Workspace\",\"metadata\":{\"annotations\":{},\"name\":\"passthrough-ws\",\"namespace\":\"xcp-system\"},\"spec\":{\"namespaceSelector\":{\"names\":[\"cluster-0/tier1\",\"cluster-1/echo\"]}}}\n","xcp.tetrate.io/contentHash":"e5d3817c7d08543139c22f8de5bfec93"},"creationTimestamp":"0001-01-01T00:00:00Z","Spec":{"egress":[{"hosts":["*/*"]}]},"Status":null,"Extra":null}
2026-05-25T10:44:36.745104Z	debug	configapply	computed hash for Sidecar:tier1/default - 70cf1206d3284c26c17024a87c57be8e
2026-05-25T10:44:36.745108Z	debug	discovery-server	same hash so neither creating nor updating
2026-05-25T10:44:36.745086Z	debug	resource-cache	[tier1] Create for {"type":{"group":"networking.istio.io","version":"v1","kind":"Gateway"},"name":"tier1-echo-gw","namespace":"tier1","labels":{"istio.io/rev":"global","xcp.tetrate.io/gatewayGroup":"tier1-gg","xcp.tetrate.io/workspace":"passthrough-ws"},"annotations":{"kubectl.kubernetes.io/last-applied-configuration":"{\"apiVersion\":\"gateway.xcp.tetrate.io/v2\",\"kind\":\"Tier1Gateway\",\"metadata\":{\"annotations\":{},\"labels\":{\"xcp.tetrate.io/gatewayGroup\":\"tier1-gg\",\"xcp.tetrate.io/workspace\":\"passthrough-ws\"},\"name\":\"tier1-echo-gw\",\"namespace\":\"xcp-system\"},\"spec\":{\"passthroughServers\":[{\"clusters\":[{\"name\":\"cluster-1\",\"weight\":100}],\"hostname\":\"echo.tetrate.io\",\"name\":\"echo\",\"port\":17443}],\"workloadSelector\":{\"labels\":{\"app\":\"tier1-gateway\"},\"namespace\":\"tier1\"}}}\n","xcp.tetrate.io/contentHash":"d484a71372da369e909e5b36d9d8f5d7"},"creationTimestamp":"0001-01-01T00:00:00Z","Spec":{"servers":[{"port":{"number":17443,"protocol":"TLS","name":"tls-echo"},"hosts":["tier1/echo.tetrate.io"],"tls":{},"name":"echo"}],"selector":{"app":"tier1-gateway"}},"Status":null,"Extra":null}
2026-05-25T10:44:36.745115Z	debug	resource-cache	[tier1] Create for {"type":{"group":"networking.istio.io","version":"v1alpha3","kind":"EnvoyFilter"},"name":"default-upstream-traffic-setting","namespace":"tier1","labels":{"istio.io/rev":"global"},"annotations":{"kubectl.kubernetes.io/last-applied-configuration":"{\"apiVersion\":\"xcp.tetrate.io/v2\",\"kind\":\"Workspace\",\"metadata\":{\"annotations\":{},\"name\":\"passthrough-ws\",\"namespace\":\"xcp-system\"},\"spec\":{\"namespaceSelector\":{\"names\":[\"cluster-0/tier1\",\"cluster-1/echo\"]}}}\n","xcp.tetrate.io/contentHash":"e5d3817c7d08543139c22f8de5bfec93"},"creationTimestamp":"0001-01-01T00:00:00Z","Spec":{"configPatches":[{"applyTo":"CLUSTER","match":{"context":"SIDECAR_OUTBOUND","proxy":{"proxyVersion":"^1\\.(22|24|28)(\\.\\d+)?(-.*)?$"}},"patch":{"operation":"MERGE","value":{"@type":"type.googleapis.com/envoy.config.cluster.v3.Cluster","common_lb_config":{"healthy_panic_threshold":{}},"outlier_detection":{"consecutive_gateway_failure":10,"enforcing_consecutive_5xx":0,"enforcing_consecutive_gateway_failure":100,"max_ejection_percent":100}}}},{"applyTo":"HTTP_ROUTE","match":{"context":"SIDECAR_OUTBOUND","proxy":{"proxyVersion":"^1\\.(22|24|28)(\\.\\d+)?(-.*)?$"},"routeConfiguration":{"vhost":{"route":{"action":"ROUTE"}}}},"patch":{"operation":"MERGE","value":{"@type":"type.googleapis.com/envoy.config.route.v3.Route","route":{"retry_policy":{"host_selection_retry_max_attempts":"5","num_retries":2,"retriable_status_codes":[503],"retry_host_predicate":[{"name":"envoy.retry_host_predicates.previous_hosts","typed_config":{"@type":"type.googleapis.com/envoy.extensions.retry.host.previous_hosts.v3.PreviousHostsPredicate"}}],"retry_on":"reset,connect-failure,refused-stream,unavailable,cancelled,retriable-status-codes"}}}}}],"priority":100},"Status":null,"Extra":null}
2026-05-25T10:44:36.745130Z	debug	configapply	computed hash for Gateway:tier1/tier1-echo-gw - 0c3f252b3f9817487b387c0e7502e512
2026-05-25T10:44:36.745131Z	debug	resource-cache	[tier1] Create for {"type":{"group":"networking.istio.io","version":"v1","kind":"DestinationRule"},"name":"tier1-tier1-echo-gwecho-tetrate-io","namespace":"tier1","labels":{"istio.io/rev":"global","xcp.tetrate.io/gatewayGroup":"tier1-gg","xcp.tetrate.io/workspace":"passthrough-ws"},"annotations":{"kubectl.kubernetes.io/last-applied-configuration":"{\"apiVersion\":\"gateway.xcp.tetrate.io/v2\",\"kind\":\"Tier1Gateway\",\"metadata\":{\"annotations\":{},\"labels\":{\"xcp.tetrate.io/gatewayGroup\":\"tier1-gg\",\"xcp.tetrate.io/workspace\":\"passthrough-ws\"},\"name\":\"tier1-echo-gw\",\"namespace\":\"xcp-system\"},\"spec\":{\"passthroughServers\":[{\"clusters\":[{\"name\":\"cluster-1\",\"weight\":100}],\"hostname\":\"echo.tetrate.io\",\"name\":\"echo\",\"port\":17443}],\"workloadSelector\":{\"labels\":{\"app\":\"tier1-gateway\"},\"namespace\":\"tier1\"}}}\n","xcp.tetrate.io/contentHash":"d484a71372da369e909e5b36d9d8f5d7"},"creationTimestamp":"0001-01-01T00:00:00Z","Spec":{"host":"echo.tetrate.io","subsets":[{"name":"tier1-echo-gw-echo-passthrough-0","labels":{"xcp.tetrate.io/cluster":"cluster-1","xcp.tetrate.io/svc-port-17443":"true"},"trafficPolicy":{"portLevelSettings":[{"port":{"number":17443},"loadBalancer":{"localityLbSetting":{"failoverPriority":["topology.kubernetes.io/region","topology.istio.io/network","topology.kubernetes.io/zone","topology.istio.io/subzone"],"enabled":true}},"outlierDetection":{"consecutiveGatewayErrors":10,"maxEjectionPercent":100},"tls":{}}]}}],"exportTo":["."],"workloadSelector":{"matchLabels":{"app":"tier1-gateway"}}},"Status":null,"Extra":null}
2026-05-25T10:44:36.745169Z	debug	configapply	computed hash for EnvoyFilter:tier1/default-upstream-traffic-setting - 14645e3efdd68386f959e9db371e7301
2026-05-25T10:44:36.745176Z	debug	discovery-server	same hash so neither creating nor updating
2026-05-25T10:44:36.745169Z	debug	configapply	computed hash for DestinationRule:tier1/tier1-tier1-echo-gwecho-tetrate-io - 1052fe8e94de114b8e0f4ce7009ab4d6
2026-05-25T10:44:36.745179Z	debug	discovery-server	same hash so neither creating nor updating
2026-05-25T10:44:36.745133Z	debug	discovery-server	same hash so neither creating nor updating
2026-05-25T10:44:36.745200Z	debug	resource-cache	[tier1] Create for {"type":{"group":"networking.istio.io","version":"v1","kind":"VirtualService"},"name":"tier1-echo-gw-echo","namespace":"tier1","labels":{"istio.io/rev":"global","xcp.tetrate.io/gatewayGroup":"tier1-gg","xcp.tetrate.io/workspace":"passthrough-ws"},"annotations":{"kubectl.kubernetes.io/last-applied-configuration":"{\"apiVersion\":\"gateway.xcp.tetrate.io/v2\",\"kind\":\"Tier1Gateway\",\"metadata\":{\"annotations\":{},\"labels\":{\"xcp.tetrate.io/gatewayGroup\":\"tier1-gg\",\"xcp.tetrate.io/workspace\":\"passthrough-ws\"},\"name\":\"tier1-echo-gw\",\"namespace\":\"xcp-system\"},\"spec\":{\"passthroughServers\":[{\"clusters\":[{\"name\":\"cluster-1\",\"weight\":100}],\"hostname\":\"echo.tetrate.io\",\"name\":\"echo\",\"port\":17443}],\"workloadSelector\":{\"labels\":{\"app\":\"tier1-gateway\"},\"namespace\":\"tier1\"}}}\n","xcp.tetrate.io/contentHash":"d484a71372da369e909e5b36d9d8f5d7"},"creationTimestamp":"0001-01-01T00:00:00Z","Spec":{"hosts":["echo.tetrate.io"],"gateways":["tier1/tier1-echo-gw"],"tls":[{"match":[{"sniHosts":["echo.tetrate.io"],"port":17443}],"route":[{"destination":{"host":"echo.tetrate.io","subset":"tier1-echo-gw-echo-passthrough-0","port":{"number":17443}},"weight":100}]}],"exportTo":["."]},"Status":null,"Extra":null}
2026-05-25T10:44:36.745231Z	debug	configapply	computed hash for VirtualService:tier1/tier1-echo-gw-echo - 77c33e466d45d4f2a5b8afb837988ddb
2026-05-25T10:44:36.745236Z	debug	discovery-server	same hash so neither creating nor updating
2026-05-25T10:44:36.745240Z	debug	resource-cache	[tier1] ResourceCache length 12
2026-05-25T10:44:36.745241Z	debug	resource-cache	[tier1] ===END: Apply request for 8 objects in 0.000444 s
2026-05-25T10:44:36.745246Z	info	discovery-server	ForceConfigRegenerationReasons present. Skipping cluster state change event. reasons config,remote_cluster,
2026-05-25T10:44:38.747268Z	debug	debounce	notify cbk invoked	id=a09a36e7
2026-05-25T10:44:38.747575Z	debug	config-status	Explanation of the decision flow for the Config Status of "gateway.xcp.tetrate.io/GatewayGroup" "tier1-gg" version ""
Q: Is the config type "gateway.xcp.tetrate.io/v2/GatewayGroup" supported by XCP?
A: Yes
Q: Is it an internal config of XCP?
A: No
Q: Is this config object managed by XCP?
A: Yes
Q: Did the Push Context report an ERROR for this config?
A: No
Q: Did the Push Context IGNORE this config?
A: No
Q: Does the namespace selector resolve into at least ONE namespace in this cluster?
A: Yes
I: Checking the config status in each of the 1 target namespace(s): [tier1]
I: [1/1] verdict in "tier1" namespace: Config Status is APPLIED since there were NO translation errors and the config IS mapped onto output config(s)
I: Status summary across 1 target namespace(s): APPLIED in 1 namespace(s)
I: Using "lenient" strategy to decide on the aggregated status across 1 target namespace(s)
Q: Have there been any errors while translating this config in ANY of the 1 target namespaces?
A: No
Q: Has the config been APPLIED in at least ONE of the target namespaces?
A: Yes
Verdict: Config Status is "lenient" APPLIED since the config has been APPLIED in at least ONE of the target namespaces
Config Status:
```yaml
---
configId:
  group: gateway.xcp.tetrate.io
  kind: GatewayGroup
  name: tier1-gg
  namespace: istio-system
  version: v2
details: 'Status summary across 1 target namespace(s): APPLIED in 1 namespace(s)'
metadata:
  annotations:
    kubectl.kubernetes.io/last-applied-configuration: |
      {"apiVersion":"gateway.xcp.tetrate.io/v2","kind":"GatewayGroup","metadata":{"annotations":{},"labels":{"xcp.tetrate.io/workspace":"passthrough-ws"},"name":"tier1-gg","namespace":"xcp-system"},"spec":{"configMode":"BRIDGED","namespaceSelector":{"names":["cluster-0/tier1"]}}}
  labels:
    xcp.tetrate.io/workspace: passthrough-ws
result: APPLIED
```

2026-05-25T10:44:38.748236Z	debug	config-status	Explanation of the decision flow for the Config Status of "gateway.xcp.tetrate.io/Tier1Gateway" "tier1-echo-gw" version ""
Q: Is the config type "gateway.xcp.tetrate.io/v2/Tier1Gateway" supported by XCP?
A: Yes
Q: Is it an internal config of XCP?
A: No
Q: Is this config object managed by XCP?
A: Yes
Q: Did the Push Context report an ERROR for this config?
A: No
Q: Did the Push Context IGNORE this config?
A: No
Q: Does the namespace selector resolve into at least ONE namespace in this cluster?
A: Yes
I: Checking the config status in each of the 1 target namespace(s): [tier1]
I: [1/1] verdict in "tier1" namespace: Config Status is APPLIED since there were NO translation errors and the config IS mapped onto output config(s)
I: Status summary across 1 target namespace(s): APPLIED in 1 namespace(s)
I: Using "lenient" strategy to decide on the aggregated status across 1 target namespace(s)
Q: Have there been any errors while translating this config in ANY of the 1 target namespaces?
A: No
Q: Has the config been APPLIED in at least ONE of the target namespaces?
A: Yes
Verdict: Config Status is "lenient" APPLIED since the config has been APPLIED in at least ONE of the target namespaces
Config Status:
```yaml
---
configId:
  group: gateway.xcp.tetrate.io
  kind: Tier1Gateway
  name: tier1-echo-gw
  namespace: istio-system
  version: v2
details: 'Status summary across 1 target namespace(s): APPLIED in 1 namespace(s)'
metadata:
  annotations:
    kubectl.kubernetes.io/last-applied-configuration: |
      {"apiVersion":"gateway.xcp.tetrate.io/v2","kind":"Tier1Gateway","metadata":{"annotations":{},"labels":{"xcp.tetrate.io/gatewayGroup":"tier1-gg","xcp.tetrate.io/workspace":"passthrough-ws"},"name":"tier1-echo-gw","namespace":"xcp-system"},"spec":{"passthroughServers":[{"clusters":[{"name":"cluster-1","weight":100}],"hostname":"echo.tetrate.io","name":"echo","port":17443}],"workloadSelector":{"labels":{"app":"tier1-gateway"},"namespace":"tier1"}}}
  labels:
    xcp.tetrate.io/gatewayGroup: tier1-gg
    xcp.tetrate.io/workspace: passthrough-ws
result: APPLIED
```

2026-05-25T10:44:38.748256Z	debug	config-status	Explanation of the decision flow for the Config Status of "install.xcp.tetrate.io/GatewayDeployment" "tier1-gateway" version ""
Q: Is the config type "install.xcp.tetrate.io/v1alpha1/GatewayDeployment" supported by XCP?
A: Yes
Q: Is it an internal config of XCP?
A: No
Q: Is this config object managed by XCP?
A: No
Verdict: Config Status is NOT reported since the config is not managed by XCP
Config Status:
```yaml
---
null
```

2026-05-25T10:44:38.748261Z	debug	config-status	Explanation of the decision flow for the Config Status of "networking.istio.io/EnvoyFilter" "global-forward-xfcc-15443" version ""
Q: Is the config type "networking.istio.io/v1alpha3/EnvoyFilter" supported by XCP?
A: Yes
Q: Is it an internal config of XCP?
A: Yes
Verdict: Config Status is NOT reported since it's an internal config of XCP
Config Status:
```yaml
---
null
```

2026-05-25T10:44:38.748264Z	debug	config-status	Explanation of the decision flow for the Config Status of "networking.istio.io/EnvoyFilter" "global-gw-best-practice" version ""
Q: Is the config type "networking.istio.io/v1alpha3/EnvoyFilter" supported by XCP?
A: Yes
Q: Is it an internal config of XCP?
A: Yes
Verdict: Config Status is NOT reported since it's an internal config of XCP
Config Status:
```yaml
---
null
```

2026-05-25T10:44:38.748267Z	debug	config-status	Explanation of the decision flow for the Config Status of "networking.istio.io/EnvoyFilter" "global-mx-downstream-egress-gateway-filter" version ""
Q: Is the config type "networking.istio.io/v1alpha3/EnvoyFilter" supported by XCP?
A: Yes
Q: Is it an internal config of XCP?
A: Yes
Verdict: Config Status is NOT reported since it's an internal config of XCP
Config Status:
```yaml
---
null
```

2026-05-25T10:44:38.748270Z	debug	config-status	Explanation of the decision flow for the Config Status of "networking.istio.io/EnvoyFilter" "global-mx-downstream-gateway-filter" version ""
Q: Is the config type "networking.istio.io/v1alpha3/EnvoyFilter" supported by XCP?
A: Yes
Q: Is it an internal config of XCP?
A: Yes
Verdict: Config Status is NOT reported since it's an internal config of XCP
Config Status:
```yaml
---
null
```

2026-05-25T10:44:38.748296Z	debug	config-status	Explanation of the decision flow for the Config Status of "networking.istio.io/EnvoyFilter" "global-periodical-access-log" version ""
Q: Is the config type "networking.istio.io/v1alpha3/EnvoyFilter" supported by XCP?
A: Yes
Q: Is it an internal config of XCP?
A: Yes
Verdict: Config Status is NOT reported since it's an internal config of XCP
Config Status:
```yaml
---
null
```

2026-05-25T10:44:38.748300Z	debug	config-status	Explanation of the decision flow for the Config Status of "networking.istio.io/EnvoyFilter" "global-request-id-propagation" version ""
Q: Is the config type "networking.istio.io/v1alpha3/EnvoyFilter" supported by XCP?
A: Yes
Q: Is it an internal config of XCP?
A: Yes
Verdict: Config Status is NOT reported since it's an internal config of XCP
Config Status:
```yaml
---
null
```

2026-05-25T10:44:38.748311Z	debug	config-status	Explanation of the decision flow for the Config Status of "networking.istio.io/EnvoyFilter" "global-tcp-keepalive-envoy-filter" version ""
Q: Is the config type "networking.istio.io/v1alpha3/EnvoyFilter" supported by XCP?
A: Yes
Q: Is it an internal config of XCP?
A: Yes
Verdict: Config Status is NOT reported since it's an internal config of XCP
Config Status:
```yaml
---
null
```

2026-05-25T10:44:38.748316Z	debug	config-status	Explanation of the decision flow for the Config Status of "networking.istio.io/EnvoyFilter" "global-xfcc-extractor-sidecar" version ""
Q: Is the config type "networking.istio.io/v1alpha3/EnvoyFilter" supported by XCP?
A: Yes
Q: Is it an internal config of XCP?
A: Yes
Verdict: Config Status is NOT reported since it's an internal config of XCP
Config Status:
```yaml
---
null
```

2026-05-25T10:44:38.748320Z	debug	config-status	Explanation of the decision flow for the Config Status of "networking.istio.io/EnvoyFilter" "global-xfcc-guard-15443" version ""
Q: Is the config type "networking.istio.io/v1alpha3/EnvoyFilter" supported by XCP?
A: Yes
Q: Is it an internal config of XCP?
A: Yes
Verdict: Config Status is NOT reported since it's an internal config of XCP
Config Status:
```yaml
---
null
```

2026-05-25T10:44:38.748378Z	debug	config-status	Explanation of the decision flow for the Config Status of "xcp.tetrate.io/Cluster" "cluster-0" version ""
Q: Is the config type "xcp.tetrate.io/v2/Cluster" supported by XCP?
A: Yes
Q: Is it an internal config of XCP?
A: No
Q: Is this config object managed by XCP?
A: Yes
Q: Did the Push Context report an ERROR for this config?
A: No
Q: Did the Push Context IGNORE this config?
A: No
Verdict: Config Status is UNKNOWN since status for that config type has NOT been implemented yet
Config Status:
```yaml
---
configId:
  group: xcp.tetrate.io
  kind: Cluster
  name: cluster-0
  namespace: istio-system
  version: v2
details: Config Status for that config type has NOT been implemented yet
metadata:
  annotations:
    kubectl.kubernetes.io/last-applied-configuration: |
      {"apiVersion":"xcp.tetrate.io/v2","kind":"Cluster","metadata":{"annotations":{},"name":"cluster-0","namespace":"xcp-system"},"spec":{"istioTrustDomain":"cluster.local"}}
```

2026-05-25T10:44:38.748412Z	debug	config-status	Explanation of the decision flow for the Config Status of "xcp.tetrate.io/Cluster" "cluster-1" version ""
Q: Is the config type "xcp.tetrate.io/v2/Cluster" supported by XCP?
A: Yes
Q: Is it an internal config of XCP?
A: No
Q: Is this config object managed by XCP?
A: Yes
Q: Did the Push Context report an ERROR for this config?
A: No
Q: Did the Push Context IGNORE this config?
A: No
Verdict: Config Status is UNKNOWN since status for that config type has NOT been implemented yet
Config Status:
```yaml
---
configId:
  group: xcp.tetrate.io
  kind: Cluster
  name: cluster-1
  namespace: istio-system
  version: v2
details: Config Status for that config type has NOT been implemented yet
metadata: {}
```

2026-05-25T10:44:38.748477Z	debug	config-status	Explanation of the decision flow for the Config Status of "xcp.tetrate.io/GlobalSetting" "global" version ""
Q: Is the config type "xcp.tetrate.io/v2/GlobalSetting" supported by XCP?
A: Yes
Q: Is it an internal config of XCP?
A: No
Q: Is this config object managed by XCP?
A: Yes
Q: Did the Push Context report an ERROR for this config?
A: No
Q: Did the Push Context IGNORE this config?
A: No
Q: Does the namespace selector resolve into at least ONE namespace in this cluster?
A: Yes
I: Checking the config status in each of the 9 target namespace(s): [cert-manager default echo kube-node-lease kube-public local-path-storage metallb-system tier1 xcp-system]
I: [1/9] verdict in "cert-manager" namespace: Config Status is UNKNOWN since translation is SKIPPED on that namespace
I: [2/9] verdict in "default" namespace: Config Status is UNKNOWN since translation is SKIPPED on that namespace
I: [3/9] verdict in "echo" namespace: Config Status is UNKNOWN since there were NO translation errors but the config was NOT mapped onto any output config(s)
I: [4/9] verdict in "kube-node-lease" namespace: Config Status is UNKNOWN since translation is SKIPPED on that namespace
I: [5/9] verdict in "kube-public" namespace: Config Status is UNKNOWN since translation is SKIPPED on that namespace
I: [6/9] verdict in "local-path-storage" namespace: Config Status is UNKNOWN since translation is SKIPPED on that namespace
I: [7/9] verdict in "metallb-system" namespace: Config Status is UNKNOWN since translation is SKIPPED on that namespace
I: [8/9] verdict in "tier1" namespace: Config Status is APPLIED since there were NO translation errors and the config IS mapped onto output config(s)
I: [9/9] verdict in "xcp-system" namespace: Config Status is UNKNOWN since translation is SKIPPED on that namespace
I: Status summary across 9 target namespace(s): APPLIED in 1 namespace(s), TRANSLATION SKIPPED in 7 namespace(s), TRANSLATED BUT NOT MAPPED in 1 namespace(s)
I: Using "lenient" strategy to decide on the aggregated status across 9 target namespace(s)
Q: Have there been any errors while translating this config in ANY of the 9 target namespaces?
A: No
Q: Has the config been APPLIED in at least ONE of the target namespaces?
A: Yes
Verdict: Config Status is "lenient" APPLIED since the config has been APPLIED in at least ONE of the target namespaces
Config Status:
```yaml
---
configId:
  group: xcp.tetrate.io
  kind: GlobalSetting
  name: global
  namespace: istio-system
  version: v2
details: 'Status summary across 9 target namespace(s): APPLIED in 1 namespace(s),
  TRANSLATION SKIPPED in 7 namespace(s), TRANSLATED BUT NOT MAPPED in 1 namespace(s)'
metadata:
  annotations:
    kubectl.kubernetes.io/last-applied-configuration: |
      {"apiVersion":"xcp.tetrate.io/v2","kind":"GlobalSetting","metadata":{"annotations":{},"name":"global","namespace":"xcp-system"},"spec":{"networkSettings":{"networkReachability":{"nw-cluster-0":"nw-cluster-1","nw-cluster-1":"nw-cluster-0"}}}}
result: APPLIED
```

2026-05-25T10:44:38.748562Z	debug	config-status	Explanation of the decision flow for the Config Status of "xcp.tetrate.io/Workspace" "passthrough-ws" version ""
Q: Is the config type "xcp.tetrate.io/v2/Workspace" supported by XCP?
A: Yes
Q: Is it an internal config of XCP?
A: No
Q: Is this config object managed by XCP?
A: Yes
Q: Did the Push Context report an ERROR for this config?
A: No
Q: Did the Push Context IGNORE this config?
A: No
Q: Does the namespace selector resolve into at least ONE namespace in this cluster?
A: Yes
I: Checking the config status in each of the 1 target namespace(s): [tier1]
I: [1/1] verdict in "tier1" namespace: Config Status is APPLIED since there were NO translation errors and the config IS mapped onto output config(s)
I: Status summary across 1 target namespace(s): APPLIED in 1 namespace(s)
I: Using "lenient" strategy to decide on the aggregated status across 1 target namespace(s)
Q: Have there been any errors while translating this config in ANY of the 1 target namespaces?
A: No
Q: Has the config been APPLIED in at least ONE of the target namespaces?
A: Yes
Verdict: Config Status is "lenient" APPLIED since the config has been APPLIED in at least ONE of the target namespaces
Config Status:
```yaml
---
configId:
  group: xcp.tetrate.io
  kind: Workspace
  name: passthrough-ws
  namespace: istio-system
  version: v2
details: 'Status summary across 1 target namespace(s): APPLIED in 1 namespace(s)'
metadata:
  annotations:
    kubectl.kubernetes.io/last-applied-configuration: |
      {"apiVersion":"xcp.tetrate.io/v2","kind":"Workspace","metadata":{"annotations":{},"name":"passthrough-ws","namespace":"xcp-system"},"spec":{"namespaceSelector":{"names":["cluster-0/tier1","cluster-1/echo"]}}}
result: APPLIED
```

2026-05-25T10:44:38.748742Z	debug	status	generated status report in 1.383667ms
2026-05-25T10:44:38.748756Z	debug	debounce	notify cbk returned	id=a09a36e7
2026-05-25T10:44:38.748759Z	debug	debounce	Applying exponential step-up. maxSilentCurrent updated to: 4s	id=a09a36e7
2026-05-25T10:44:38.748764Z	debug	status	triggering status report sender with 6 messages
2026-05-25T10:44:38.748813Z	debug	status	successfully sent config-status report(epoch:65, messages:6) in 42.75µs
2026-05-25T10:44:40.744025Z	debug	debounce	resetting maxSilentCurrent. updated: 1s	id=919326fd
2026-05-25T10:44:42.749194Z	debug	debounce	resetting maxSilentCurrent. updated: 1s	id=a09a36e7
2026-05-25T10:44:59.931611Z	debug	discovery-server	Triggering periodic translation due to pending istio status changes
2026-05-25T10:45:00.932378Z	debug	debounce	notify cbk invoked	id=fcd9f881
2026-05-25T10:45:00.932527Z	debug	debounce	notify cbk returned	id=fcd9f881
2026-05-25T10:45:00.932544Z	debug	debounce	Applying exponential step-up. maxSilentCurrent updated to: 2s	id=fcd9f881
2026-05-25T10:45:00.932605Z	info	cluster-state	processConfigTranslationNotification: cluster-eventid: 2026-05-25 10:44:59.931637292 +0000 UTC m=+160710.621746538 and 0 more, queue length: 0, reasons: config,, forceConfigRegenReasons: map[], resources: []
2026-05-25T10:45:00.932623Z	debug	configapply	Sending XCP api CRDs to istio config translator
2026-05-25T10:45:00.933307Z	debug	model	gateway-group mapping: map[tier1-gg:tier1-gg]
2026-05-25T10:45:00.933318Z	debug	model	security-group mapping: map[]
2026-05-25T10:45:00.933319Z	debug	model	traffic-group mapping: map[]
2026-05-25T10:45:00.933320Z	debug	model	istio-internal-group mapping: map[]
2026-05-25T10:45:00.933321Z	debug	model	gateway-deployment mapping: map[tier1-gateway:tier1-gateway]
2026-05-25T10:45:00.933393Z	debug	model	processing 16 objects for cluster cluster-0
2026-05-25T10:45:00.933561Z	debug	model	Processing workspace: istio-system/passthrough-ws, o.gvk xcp.tetrate.io/v2/Workspace
2026-05-25T10:45:00.933588Z	debug	model	resolved workspace namespaces [tier1]
2026-05-25T10:45:00.933620Z	info	model	tier1: adding workspace passthrough-ws
2026-05-25T10:45:00.933988Z	debug	model	populateGroups workspace = passthrough-ws, &{Meta:{GroupVersionKind:xcp.tetrate.io/v2/Workspace UID: Name:passthrough-ws Namespace:istio-system Domain: Labels:map[] Annotations:map[kubectl.kubernetes.io/last-applied-configuration:{"apiVersion":"xcp.tetrate.io/v2","kind":"Workspace","metadata":{"annotations":{},"name":"passthrough-ws","namespace":"xcp-system"},"spec":{"namespaceSelector":{"names":["cluster-0/tier1","cluster-1/echo"]}}}
 xcp.tetrate.io/contentHash:e5d3817c7d08543139c22f8de5bfec93] ResourceVersion:617965 CreationTimestamp:2026-05-25 10:44:25 +0000 UTC OwnerReferences:[] Generation:0} Spec:namespace_selector:{names:"cluster-0/tier1" names:"cluster-1/echo"} Status:<nil> Extra:map[]}
2026-05-25T10:45:00.934050Z	debug	model	gg namespace_selector:{names:"cluster-0/tier1"}
2026-05-25T10:45:00.934057Z	debug	model	resolved gateway group namespaces [tier1]
2026-05-25T10:45:00.934153Z	debug	model	tier1: registered gateway group tier1-gg in workspace passthrough-ws
2026-05-25T10:45:00.934178Z	error	model	workspace name is unspecified or empty for install.xcp.tetrate.io/v1alpha1/GatewayDeployment::istio-system/tier1-gateway. Skipping...
2026-05-25T10:45:00.934447Z	error	model	workspace name is unspecified or empty for install.xcp.tetrate.io/v1alpha1/GatewayDeployment::istio-system/tier1-gateway. Skipping...
2026-05-25T10:45:00.934498Z	debug	model	populateObjectsInGroups: workspace = passthrough-ws, &{Meta:{GroupVersionKind:xcp.tetrate.io/v2/Workspace UID: Name:passthrough-ws Namespace:istio-system Domain: Labels:map[] Annotations:map[kubectl.kubernetes.io/last-applied-configuration:{"apiVersion":"xcp.tetrate.io/v2","kind":"Workspace","metadata":{"annotations":{},"name":"passthrough-ws","namespace":"xcp-system"},"spec":{"namespaceSelector":{"names":["cluster-0/tier1","cluster-1/echo"]}}}
 xcp.tetrate.io/contentHash:e5d3817c7d08543139c22f8de5bfec93] ResourceVersion:617965 CreationTimestamp:2026-05-25 10:44:25 +0000 UTC OwnerReferences:[] Generation:0} Spec:namespace_selector:{names:"cluster-0/tier1" names:"cluster-1/echo"} Status:<nil> Extra:map[]}
2026-05-25T10:45:00.935034Z	debug	eastwest-configgen	namespace "kube-public" does not have Istio revision "" in boundary "global". Ambient mode: false
2026-05-25T10:45:00.935042Z	debug	eastwest-configgen	namespace "cert-manager" does not have Istio revision "" in boundary "global". Ambient mode: false
2026-05-25T10:45:00.935044Z	debug	eastwest-configgen	namespace "kube-node-lease" does not have Istio revision "" in boundary "global". Ambient mode: false
2026-05-25T10:45:00.935045Z	debug	eastwest-configgen	namespace "local-path-storage" does not have Istio revision "" in boundary "global". Ambient mode: false
2026-05-25T10:45:00.935046Z	debug	eastwest-configgen	namespace "metallb-system" does not have Istio revision "" in boundary "global". Ambient mode: false
2026-05-25T10:45:00.935047Z	debug	eastwest-configgen	namespace "default" does not have Istio revision "" in boundary "global". Ambient mode: false
2026-05-25T10:45:00.935047Z	debug	eastwest-configgen	namespace "xcp-system" does not have Istio revision "" in boundary "global". Ambient mode: false
2026-05-25T10:45:00.935125Z	info	eastwest-configgen	no endpoints found for service "echo.tetrate.io" port 17443
2026-05-25T10:45:00.935211Z	info	no portname specified for service metallb-webhook-service.metallb-system.svc.cluster.local port 443. no endpoints will be detected
2026-05-25T10:45:00.935360Z	info	eastwest-configgen	no endpoints found for service "metallb-webhook-service.metallb-system.svc.cluster.local" port 443
2026-05-25T10:45:00.935331Z	debug	eastwest-configgen	found Istio IsolationBoundary "global" for Namespace "tier1"
2026-05-25T10:45:00.935434Z	debug	eastwest-configgen	computed east-west gateway associations: {}
2026-05-25T10:45:00.935575Z	debug	discovery-server	found service instance with matching namespace and labels. svc port 17443, workload port 17443
2026-05-25T10:45:00.935589Z	debug	discovery-server	found service instance with matching namespace and labels. svc port 15443, workload port 15443
2026-05-25T10:45:00.935602Z	debug	configapply	Translation triggered for all [kube-public cert-manager kube-node-lease tier1 local-path-storage metallb-system default xcp-system echo] namespaces
2026-05-25T10:45:00.935807Z	debug	translator	error while looking up workspace for namespace "echo": the namespace "echo" is not mapped to any workspace	ns=echo id=fd1d8c60
2026-05-25T10:45:00.935822Z	debug	translator	failed to lookup workspace for namespace "echo": the namespace "echo" is not mapped to any workspace	ns=echo id=fd1d8c60
2026-05-25T10:45:00.935825Z	debug	translator	workspace for namespace "echo" not found	ns=echo id=fd1d8c60
2026-05-25T10:45:00.935828Z	debug	translator	[ambient] buildEastWestGatewayConfigs: entry point called	ns=echo id=fd1d8c60
2026-05-25T10:45:00.935840Z	debug	translator	[ambient] doBuildEastWestGatewayConfigsforAllWorkspaces: processing 1 workspaces	ns=echo id=fd1d8c60
2026-05-25T10:45:00.935846Z	debug	translator	[ambient] processing workspace 0: passthrough-ws	ns=echo id=fd1d8c60
2026-05-25T10:45:00.935849Z	debug	translator	workspace settings for workspace "passthrough-ws" does not have east-west gateway configs defined	ns=echo id=fd1d8c60
2026-05-25T10:45:00.935852Z	debug	translator	[ambient] workspace passthrough-ws generated 0 regular east-west configs	ns=echo id=fd1d8c60
2026-05-25T10:45:00.935855Z	debug	translator	[ambient] EnableAmbient=false, skipping ambient hybrid configs for workspace passthrough-ws	ns=echo id=fd1d8c60
2026-05-25T10:45:00.935858Z	debug	translator	[ambient] doBuildEastWestGatewayConfigsforAllWorkspaces: total generated 0 configs	ns=echo id=fd1d8c60
2026-05-25T10:45:00.935860Z	debug	translator	error while looking up workspace for namespace "echo": the namespace "echo" is not mapped to any workspace	ns=echo id=fd1d8c60
2026-05-25T10:45:00.935861Z	debug	translator	error while looking up workspace for namespace "echo": the namespace "echo" is not mapped to any workspace	ns=echo id=fd1d8c60
2026-05-25T10:45:00.935862Z	debug	translator	generated configurations: 0 traffic, 0 security, 0 gateway, 0 istio internal	ns=echo id=fd1d8c60
2026-05-25T10:45:00.935863Z	debug	translator	ew-gen: generating east-west workload entry configs for local services that are exposed for east-west routing	ns=echo id=fd1d8c60
2026-05-25T10:45:00.935893Z	debug	resource-cache	Batch-based resource tracking disabled, falling back to namespace-based
2026-05-25T10:45:00.935899Z	debug	resource-cache	[echo] ===BEGIN: Apply request for 0 objects
2026-05-25T10:45:00.935905Z	debug	resource-cache	Delete all objects from the namespace echo
2026-05-25T10:45:00.935908Z	debug	resource-cache	[echo] objects previously in k8s api server cache: 0
2026-05-25T10:45:00.935909Z	debug	resource-cache	[echo] No previous objects at k8s apiserver cache for namespace
2026-05-25T10:45:00.935913Z	debug	resource-cache	[echo] ===END: Apply request for 0 objects in 0.000011 s
2026-05-25T10:45:00.935962Z	debug	resource-cache	[echo] ===BEGIN: Apply request for 0 objects
2026-05-25T10:45:00.935968Z	debug	resource-cache	Delete all objects from the namespace echo
2026-05-25T10:45:00.935969Z	debug	resource-cache	[echo] objects previously in k8s api server cache: 0
2026-05-25T10:45:00.935969Z	debug	resource-cache	[echo] No previous objects at k8s apiserver cache for namespace
2026-05-25T10:45:00.935970Z	debug	resource-cache	[echo] ===END: Apply request for 0 objects in 0.000009 s
2026-05-25T10:45:00.936116Z	debug	resource-cache	Unmanaged Istio resources by kind: map[AuthorizationPolicy:0 DestinationRule:0 EnvoyFilter:0 Gateway:0 PeerAuthentication:0 RequestAuthentication:0 ServiceEntry:0 Sidecar:0 Telemetry:0 VirtualService:0 WasmPlugin:0 WorkloadEntry:0]
2026-05-25T10:45:00.936131Z	debug	translator	skipping translation for namespace "kube-public"	ns=kube-public id=6b8f6c68
2026-05-25T10:45:00.936142Z	debug	resource-cache	Batch-based resource tracking disabled, falling back to namespace-based
2026-05-25T10:45:00.936143Z	debug	resource-cache	[kube-public] ===BEGIN: Apply request for 0 objects
2026-05-25T10:45:00.936144Z	debug	resource-cache	Delete all objects from the namespace kube-public
2026-05-25T10:45:00.936145Z	debug	resource-cache	[kube-public] objects previously in k8s api server cache: 0
2026-05-25T10:45:00.936146Z	debug	resource-cache	[kube-public] No previous objects at k8s apiserver cache for namespace
2026-05-25T10:45:00.936147Z	debug	resource-cache	[kube-public] ===END: Apply request for 0 objects in 0.000003 s
2026-05-25T10:45:00.936155Z	debug	resource-cache	[kube-public] ===BEGIN: Apply request for 0 objects
2026-05-25T10:45:00.936157Z	debug	resource-cache	Delete all objects from the namespace kube-public
2026-05-25T10:45:00.936158Z	debug	resource-cache	[kube-public] objects previously in k8s api server cache: 0
2026-05-25T10:45:00.936158Z	debug	resource-cache	[kube-public] No previous objects at k8s apiserver cache for namespace
2026-05-25T10:45:00.936159Z	debug	resource-cache	[kube-public] ===END: Apply request for 0 objects in 0.000005 s
2026-05-25T10:45:00.936165Z	debug	translator	skipping translation for namespace "cert-manager"	ns=cert-manager id=b46082bf
2026-05-25T10:45:00.936168Z	debug	resource-cache	Batch-based resource tracking disabled, falling back to namespace-based
2026-05-25T10:45:00.936169Z	debug	resource-cache	[cert-manager] ===BEGIN: Apply request for 0 objects
2026-05-25T10:45:00.936170Z	debug	resource-cache	Delete all objects from the namespace cert-manager
2026-05-25T10:45:00.936178Z	debug	resource-cache	[cert-manager] objects previously in k8s api server cache: 0
2026-05-25T10:45:00.936181Z	debug	resource-cache	[cert-manager] No previous objects at k8s apiserver cache for namespace
2026-05-25T10:45:00.936182Z	debug	resource-cache	[cert-manager] ===END: Apply request for 0 objects in 0.000013 s
2026-05-25T10:45:00.936186Z	debug	resource-cache	[cert-manager] ===BEGIN: Apply request for 0 objects
2026-05-25T10:45:00.936190Z	debug	resource-cache	Delete all objects from the namespace cert-manager
2026-05-25T10:45:00.936191Z	debug	resource-cache	[cert-manager] objects previously in k8s api server cache: 0
2026-05-25T10:45:00.936191Z	debug	resource-cache	[cert-manager] No previous objects at k8s apiserver cache for namespace
2026-05-25T10:45:00.936192Z	debug	resource-cache	[cert-manager] ===END: Apply request for 0 objects in 0.000006 s
2026-05-25T10:45:00.936200Z	debug	translator	skipping translation for namespace "kube-node-lease"	ns=kube-node-lease id=fe366bf2
2026-05-25T10:45:00.936208Z	debug	resource-cache	Batch-based resource tracking disabled, falling back to namespace-based
2026-05-25T10:45:00.936209Z	debug	resource-cache	[kube-node-lease] ===BEGIN: Apply request for 0 objects
2026-05-25T10:45:00.936210Z	debug	resource-cache	Delete all objects from the namespace kube-node-lease
2026-05-25T10:45:00.936211Z	debug	resource-cache	[kube-node-lease] objects previously in k8s api server cache: 0
2026-05-25T10:45:00.936212Z	debug	resource-cache	[kube-node-lease] No previous objects at k8s apiserver cache for namespace
2026-05-25T10:45:00.936213Z	debug	resource-cache	[kube-node-lease] ===END: Apply request for 0 objects in 0.000003 s
2026-05-25T10:45:00.936217Z	debug	resource-cache	[kube-node-lease] ===BEGIN: Apply request for 0 objects
2026-05-25T10:45:00.936217Z	debug	resource-cache	Delete all objects from the namespace kube-node-lease
2026-05-25T10:45:00.936218Z	debug	resource-cache	[kube-node-lease] objects previously in k8s api server cache: 0
2026-05-25T10:45:00.936219Z	debug	resource-cache	[kube-node-lease] No previous objects at k8s apiserver cache for namespace
2026-05-25T10:45:00.936219Z	debug	resource-cache	[kube-node-lease] ===END: Apply request for 0 objects in 0.000003 s
2026-05-25T10:45:00.936228Z	warn	translator	error while looking up traffic group for namespace "tier1": traffic group not found for namespace tier1 in workspace passthrough-ws	ns=tier1 id=434d7b70
2026-05-25T10:45:00.936242Z	debug	translator	traffic group for namespace "tier1" not found. applying defaults	ns=tier1 id=434d7b70
2026-05-25T10:45:00.936246Z	debug	translator	traffic group for namespace "tier1" not found	ns=tier1 id=434d7b70
2026-05-25T10:45:00.936276Z	debug	translator	upstream traffic setting for namespace "tier1" not found, default settings will be created	ns=tier1 id=434d7b70
2026-05-25T10:45:00.936579Z	debug	translator	skipping translation for namespace "metallb-system"	ns=metallb-system id=9ce3fa3a
2026-05-25T10:45:00.936594Z	debug	resource-cache	Batch-based resource tracking disabled, falling back to namespace-based
2026-05-25T10:45:00.936595Z	debug	resource-cache	[metallb-system] ===BEGIN: Apply request for 0 objects
2026-05-25T10:45:00.936597Z	debug	resource-cache	Delete all objects from the namespace metallb-system
2026-05-25T10:45:00.936598Z	debug	resource-cache	[metallb-system] objects previously in k8s api server cache: 0
2026-05-25T10:45:00.936600Z	debug	resource-cache	[metallb-system] No previous objects at k8s apiserver cache for namespace
2026-05-25T10:45:00.936604Z	debug	resource-cache	[metallb-system] ===END: Apply request for 0 objects in 0.000008 s
2026-05-25T10:45:00.936615Z	debug	resource-cache	[metallb-system] ===BEGIN: Apply request for 0 objects
2026-05-25T10:45:00.936618Z	debug	resource-cache	Delete all objects from the namespace metallb-system
2026-05-25T10:45:00.936619Z	debug	resource-cache	[metallb-system] objects previously in k8s api server cache: 0
2026-05-25T10:45:00.936619Z	debug	resource-cache	[metallb-system] No previous objects at k8s apiserver cache for namespace
2026-05-25T10:45:00.936620Z	debug	resource-cache	[metallb-system] ===END: Apply request for 0 objects in 0.000006 s
2026-05-25T10:45:00.936630Z	debug	translator	skipping translation for namespace "local-path-storage"	ns=local-path-storage id=645a6145
2026-05-25T10:45:00.936639Z	debug	resource-cache	Batch-based resource tracking disabled, falling back to namespace-based
2026-05-25T10:45:00.936642Z	debug	resource-cache	[local-path-storage] ===BEGIN: Apply request for 0 objects
2026-05-25T10:45:00.936643Z	debug	resource-cache	Delete all objects from the namespace local-path-storage
2026-05-25T10:45:00.936647Z	debug	resource-cache	[local-path-storage] objects previously in k8s api server cache: 0
2026-05-25T10:45:00.936648Z	debug	resource-cache	[local-path-storage] No previous objects at k8s apiserver cache for namespace
2026-05-25T10:45:00.936650Z	debug	resource-cache	[local-path-storage] ===END: Apply request for 0 objects in 0.000008 s
2026-05-25T10:45:00.936629Z	debug	translator	skipping translation for namespace "default"	ns=default id=3dde47e5
2026-05-25T10:45:00.936673Z	debug	resource-cache	Batch-based resource tracking disabled, falling back to namespace-based
2026-05-25T10:45:00.936682Z	debug	resource-cache	[default] ===BEGIN: Apply request for 0 objects
2026-05-25T10:45:00.936685Z	debug	resource-cache	Delete all objects from the namespace default
2026-05-25T10:45:00.936657Z	debug	resource-cache	[local-path-storage] ===BEGIN: Apply request for 0 objects
2026-05-25T10:45:00.936705Z	debug	resource-cache	[default] objects previously in k8s api server cache: 0
2026-05-25T10:45:00.936708Z	debug	resource-cache	[default] No previous objects at k8s apiserver cache for namespace
2026-05-25T10:45:00.936682Z	debug	translator	skipping translation for namespace "xcp-system"	ns=xcp-system id=26474dae
2026-05-25T10:45:00.936715Z	debug	resource-cache	[default] ===END: Apply request for 0 objects in 0.000031 s
2026-05-25T10:45:00.936716Z	debug	resource-cache	Batch-based resource tracking disabled, falling back to namespace-based
2026-05-25T10:45:00.936709Z	debug	resource-cache	Delete all objects from the namespace local-path-storage
2026-05-25T10:45:00.936722Z	debug	resource-cache	[local-path-storage] objects previously in k8s api server cache: 0
2026-05-25T10:45:00.936724Z	debug	resource-cache	[local-path-storage] No previous objects at k8s apiserver cache for namespace
2026-05-25T10:45:00.936725Z	debug	resource-cache	[local-path-storage] ===END: Apply request for 0 objects in 0.000069 s
2026-05-25T10:45:00.936720Z	debug	resource-cache	[xcp-system] ===BEGIN: Apply request for 0 objects
2026-05-25T10:45:00.936736Z	debug	resource-cache	Delete all objects from the namespace xcp-system
2026-05-25T10:45:00.936737Z	debug	resource-cache	[xcp-system] objects previously in k8s api server cache: 0
2026-05-25T10:45:00.936738Z	debug	resource-cache	[xcp-system] No previous objects at k8s apiserver cache for namespace
2026-05-25T10:45:00.936738Z	debug	resource-cache	[xcp-system] ===END: Apply request for 0 objects in 0.000019 s
2026-05-25T10:45:00.936738Z	debug	resource-cache	[default] ===BEGIN: Apply request for 0 objects
2026-05-25T10:45:00.936741Z	debug	resource-cache	Delete all objects from the namespace default
2026-05-25T10:45:00.936743Z	debug	resource-cache	[xcp-system] ===BEGIN: Apply request for 0 objects
2026-05-25T10:45:00.936744Z	debug	resource-cache	Delete all objects from the namespace xcp-system
2026-05-25T10:45:00.936745Z	debug	resource-cache	[xcp-system] objects previously in k8s api server cache: 0
2026-05-25T10:45:00.936746Z	debug	resource-cache	[xcp-system] No previous objects at k8s apiserver cache for namespace
2026-05-25T10:45:00.936747Z	debug	resource-cache	[xcp-system] ===END: Apply request for 0 objects in 0.000003 s
2026-05-25T10:45:00.936755Z	debug	resource-cache	[default] objects previously in k8s api server cache: 0
2026-05-25T10:45:00.936770Z	debug	resource-cache	[default] No previous objects at k8s apiserver cache for namespace
2026-05-25T10:45:00.936780Z	debug	resource-cache	[default] ===END: Apply request for 0 objects in 0.000041 s
2026-05-25T10:45:00.936715Z	warn	translator	failed to lookup security group for "tier1": security group not found for namespace tier1 in workspace passthrough-ws	ns=tier1 id=434d7b70
2026-05-25T10:45:00.936788Z	debug	translator	security group for namespace "tier1" not found. applying defaults	ns=tier1 id=434d7b70
2026-05-25T10:45:00.936825Z	debug	translator	selector is nil means no per-svc security settings, setting it to match_labels:{key:"istio" value:"ingressgateway"}	ns=tier1 id=434d7b70
2026-05-25T10:45:00.936846Z	debug	translator	found gateway group (BRIDGED) "tier1-gg" for namespace "tier1"	ns=tier1 id=434d7b70
2026-05-25T10:45:00.936852Z	warn	translator	error while getting traffic group for namespace "tier1": traffic group not found for namespace tier1 in workspace passthrough-ws	ns=tier1 id=434d7b70
2026-05-25T10:45:00.936859Z	debug	translator	upstream traffic setting for namespace "tier1" not found, default settings will be created	ns=tier1 id=434d7b70
2026-05-25T10:45:00.936861Z	debug	translator	found gateway group for namespace "tier1": tier1-gg	ns=tier1 id=434d7b70
2026-05-25T10:45:00.937004Z	debug	translator	translating tier1 gateway tier1-echo-gw with 0 external and 0 internal	ns=tier1 id=434d7b70
2026-05-25T10:45:00.937011Z	debug	translator	translating tier1 gateway tier1-echo-gw passthrough server echo	ns=tier1 id=434d7b70
2026-05-25T10:45:00.937020Z	debug	translator	translating gateway tier1-echo-gw passthrough server echo (echo.tetrate.io) to virtual service	ns=tier1 id=434d7b70
2026-05-25T10:45:00.937031Z	warn	mc-configgen	cannot lookup traffic group for "tier1": traffic group not found for namespace tier1 in workspace passthrough-ws
2026-05-25T10:45:00.937045Z	error	translator	error getting gw label for gateway %!w(string=istio-system/tier1-echo-gw), error: labels not found for gateway.xcp.tetrate.io/v2/Tier1Gateway::istio-system/tier1-echo-gw	ns=tier1 id=434d7b70
2026-05-25T10:45:00.937053Z	warn	mc-configgen	cannot lookup traffic group for "tier1": traffic group not found for namespace tier1 in workspace passthrough-ws
2026-05-25T10:45:00.937073Z	debug	translator	compiling tier1 gateway tier1-echo-gw destination rule for echo.tetrate.io, subsets 1	ns=tier1 id=434d7b70
2026-05-25T10:45:00.937273Z	debug	translator	[ambient] buildEastWestGatewayConfigs: entry point called	ns=tier1 id=434d7b70
2026-05-25T10:45:00.937280Z	debug	translator	[ambient] doBuildEastWestGatewayConfigsforAllWorkspaces: processing 1 workspaces	ns=tier1 id=434d7b70
2026-05-25T10:45:00.937282Z	debug	translator	[ambient] processing workspace 0: passthrough-ws	ns=tier1 id=434d7b70
2026-05-25T10:45:00.937283Z	debug	translator	workspace settings for workspace "passthrough-ws" does not have east-west gateway configs defined	ns=tier1 id=434d7b70
2026-05-25T10:45:00.937318Z	debug	translator	[ambient] workspace passthrough-ws generated 0 regular east-west configs	ns=tier1 id=434d7b70
2026-05-25T10:45:00.937320Z	debug	translator	[ambient] EnableAmbient=false, skipping ambient hybrid configs for workspace passthrough-ws	ns=tier1 id=434d7b70
2026-05-25T10:45:00.937321Z	debug	translator	[ambient] doBuildEastWestGatewayConfigsforAllWorkspaces: total generated 0 configs	ns=tier1 id=434d7b70
2026-05-25T10:45:00.937349Z	debug	translator	error while looking up istio internal group for namespace "tier1": istio internal group not found for namespace tier1 in workspace passthrough-ws	ns=tier1 id=434d7b70
2026-05-25T10:45:00.937354Z	debug	translator	generated configurations: 2 traffic, 1 security, 5 gateway, 0 istio internal	ns=tier1 id=434d7b70
2026-05-25T10:45:00.937355Z	debug	translator	ew-gen: generating east-west workload entry configs for local services that are exposed for east-west routing	ns=tier1 id=434d7b70
2026-05-25T10:45:00.938479Z	debug	configapply	Applying 8 istio objects in namespace tier1
2026-05-25T10:45:00.938489Z	debug	configapply	   networking.istio.io/v1/Sidecar [tier1/default]
2026-05-25T10:45:00.938490Z	debug	configapply	   networking.istio.io/v1alpha3/EnvoyFilter [tier1/default-upstream-traffic-setting]
2026-05-25T10:45:00.938491Z	debug	configapply	   security.istio.io/v1/AuthorizationPolicy [tier1/allow]
2026-05-25T10:45:00.938492Z	debug	configapply	   networking.istio.io/v1alpha3/EnvoyFilter [tier1/tier1-gg-default-upstream-traffic-setting]
2026-05-25T10:45:00.938492Z	debug	configapply	   networking.istio.io/v1/Gateway [tier1/tier1-echo-gw]
2026-05-25T10:45:00.938498Z	debug	configapply	   networking.istio.io/v1/VirtualService [tier1/tier1-echo-gw-echo]
2026-05-25T10:45:00.938499Z	debug	configapply	   networking.istio.io/v1/DestinationRule [tier1/tier1-tier1-echo-gwecho-tetrate-io]
2026-05-25T10:45:00.938500Z	debug	configapply	   networking.istio.io/v1alpha3/EnvoyFilter [tier1/default-allow-tier1-echo-gw-external-batch0]
2026-05-25T10:45:00.938501Z	debug	resource-cache	[tier1] ===BEGIN: Apply request for 8 objects
2026-05-25T10:45:00.938654Z	debug	resource-cache	[tier1] Create for {"type":{"group":"networking.istio.io","version":"v1","kind":"Sidecar"},"name":"default","namespace":"tier1","labels":{"istio.io/rev":"global"},"annotations":{"kubectl.kubernetes.io/last-applied-configuration":"{\"apiVersion\":\"xcp.tetrate.io/v2\",\"kind\":\"Workspace\",\"metadata\":{\"annotations\":{},\"name\":\"passthrough-ws\",\"namespace\":\"xcp-system\"},\"spec\":{\"namespaceSelector\":{\"names\":[\"cluster-0/tier1\",\"cluster-1/echo\"]}}}\n","xcp.tetrate.io/contentHash":"e5d3817c7d08543139c22f8de5bfec93"},"creationTimestamp":"0001-01-01T00:00:00Z","Spec":{"egress":[{"hosts":["*/*"]}]},"Status":null,"Extra":null}
2026-05-25T10:45:00.938693Z	debug	configapply	computed hash for Sidecar:tier1/default - 70cf1206d3284c26c17024a87c57be8e
2026-05-25T10:45:00.938700Z	debug	resource-cache	[tier1] Create for {"type":{"group":"networking.istio.io","version":"v1","kind":"Gateway"},"name":"tier1-echo-gw","namespace":"tier1","labels":{"istio.io/rev":"global","xcp.tetrate.io/gatewayGroup":"tier1-gg","xcp.tetrate.io/workspace":"passthrough-ws"},"annotations":{"kubectl.kubernetes.io/last-applied-configuration":"{\"apiVersion\":\"gateway.xcp.tetrate.io/v2\",\"kind\":\"Tier1Gateway\",\"metadata\":{\"annotations\":{},\"labels\":{\"xcp.tetrate.io/gatewayGroup\":\"tier1-gg\",\"xcp.tetrate.io/workspace\":\"passthrough-ws\"},\"name\":\"tier1-echo-gw\",\"namespace\":\"xcp-system\"},\"spec\":{\"passthroughServers\":[{\"clusters\":[{\"name\":\"cluster-1\",\"weight\":100}],\"hostname\":\"echo.tetrate.io\",\"name\":\"echo\",\"port\":17443}],\"workloadSelector\":{\"labels\":{\"app\":\"tier1-gateway\"},\"namespace\":\"tier1\"}}}\n","xcp.tetrate.io/contentHash":"d484a71372da369e909e5b36d9d8f5d7"},"creationTimestamp":"0001-01-01T00:00:00Z","Spec":{"servers":[{"port":{"number":17443,"protocol":"TLS","name":"tls-echo"},"hosts":["tier1/echo.tetrate.io"],"tls":{},"name":"echo"}],"selector":{"app":"tier1-gateway"}},"Status":null,"Extra":null}
2026-05-25T10:45:00.938703Z	debug	discovery-server	same hash so neither creating nor updating
2026-05-25T10:45:00.938730Z	debug	resource-cache	[tier1] objects previously in k8s api server cache: 8
2026-05-25T10:45:00.938755Z	debug	resource-cache	[tier1] Create for {"type":{"group":"networking.istio.io","version":"v1alpha3","kind":"EnvoyFilter"},"name":"default-allow-tier1-echo-gw-external-batch0","namespace":"tier1","labels":{"istio.io/rev":"global","xcp.tetrate.io/gatewayGroup":"tier1-gg","xcp.tetrate.io/workspace":"passthrough-ws"},"annotations":{"kubectl.kubernetes.io/last-applied-configuration":"{\"apiVersion\":\"gateway.xcp.tetrate.io/v2\",\"kind\":\"Tier1Gateway\",\"metadata\":{\"annotations\":{},\"labels\":{\"xcp.tetrate.io/gatewayGroup\":\"tier1-gg\",\"xcp.tetrate.io/workspace\":\"passthrough-ws\"},\"name\":\"tier1-echo-gw\",\"namespace\":\"xcp-system\"},\"spec\":{\"passthroughServers\":[{\"clusters\":[{\"name\":\"cluster-1\",\"weight\":100}],\"hostname\":\"echo.tetrate.io\",\"name\":\"echo\",\"port\":17443}],\"workloadSelector\":{\"labels\":{\"app\":\"tier1-gateway\"},\"namespace\":\"tier1\"}}}\n","xcp.tetrate.io/contentHash":"d484a71372da369e909e5b36d9d8f5d7"},"creationTimestamp":"0001-01-01T00:00:00Z","Spec":{"workloadSelector":{"labels":{"app":"tier1-gateway"}},"configPatches":[{"applyTo":"NETWORK_FILTER","match":{"context":"GATEWAY","proxy":{"proxyVersion":"^1\\.(22|24|28)(\\.\\d+)?(-.*)?$"},"listener":{"portNumber":17443,"filterChain":{"sni":"echo.tetrate.io","filter":{"name":"envoy.filters.network.rbac"}}}},"patch":{"operation":"REPLACE","value":{"name":"envoy.filters.network.rbac","typed_config":{"@type":"type.googleapis.com/envoy.extensions.filters.network.rbac.v3.RBAC","rules":{"policies":{"tier1-tier1-echo-gw-echo":{"permissions":[{"and_rules":{"rules":[{"or_rules":{"rules":[{"destination_port":17443}]}}]}}],"principals":[{"and_ids":{"ids":[{"any":true}]}}]}}},"stat_prefix":"tcp."}}}}],"priority":-2000},"Status":null,"Extra":null}
2026-05-25T10:45:00.938791Z	debug	resource-cache	[tier1] Create for {"type":{"group":"networking.istio.io","version":"v1","kind":"VirtualService"},"name":"tier1-echo-gw-echo","namespace":"tier1","labels":{"istio.io/rev":"global","xcp.tetrate.io/gatewayGroup":"tier1-gg","xcp.tetrate.io/workspace":"passthrough-ws"},"annotations":{"kubectl.kubernetes.io/last-applied-configuration":"{\"apiVersion\":\"gateway.xcp.tetrate.io/v2\",\"kind\":\"Tier1Gateway\",\"metadata\":{\"annotations\":{},\"labels\":{\"xcp.tetrate.io/gatewayGroup\":\"tier1-gg\",\"xcp.tetrate.io/workspace\":\"passthrough-ws\"},\"name\":\"tier1-echo-gw\",\"namespace\":\"xcp-system\"},\"spec\":{\"passthroughServers\":[{\"clusters\":[{\"name\":\"cluster-1\",\"weight\":100}],\"hostname\":\"echo.tetrate.io\",\"name\":\"echo\",\"port\":17443}],\"workloadSelector\":{\"labels\":{\"app\":\"tier1-gateway\"},\"namespace\":\"tier1\"}}}\n","xcp.tetrate.io/contentHash":"d484a71372da369e909e5b36d9d8f5d7"},"creationTimestamp":"0001-01-01T00:00:00Z","Spec":{"hosts":["echo.tetrate.io"],"gateways":["tier1/tier1-echo-gw"],"tls":[{"match":[{"sniHosts":["echo.tetrate.io"],"port":17443}],"route":[{"destination":{"host":"echo.tetrate.io","subset":"tier1-echo-gw-echo-passthrough-0","port":{"number":17443}},"weight":100}]}],"exportTo":["."]},"Status":null,"Extra":null}
2026-05-25T10:45:00.938810Z	debug	resource-cache	[tier1] stale resources to be deleted []
2026-05-25T10:45:00.938742Z	debug	configapply	computed hash for Gateway:tier1/tier1-echo-gw - 0c3f252b3f9817487b387c0e7502e512
2026-05-25T10:45:00.938828Z	debug	discovery-server	same hash so neither creating nor updating
2026-05-25T10:45:00.938840Z	debug	configapply	computed hash for VirtualService:tier1/tier1-echo-gw-echo - 77c33e466d45d4f2a5b8afb837988ddb
2026-05-25T10:45:00.938790Z	debug	resource-cache	[tier1] Create for {"type":{"group":"security.istio.io","version":"v1","kind":"AuthorizationPolicy"},"name":"allow","namespace":"tier1","labels":{"istio.io/rev":"global"},"annotations":{"kubectl.kubernetes.io/last-applied-configuration":"{\"apiVersion\":\"xcp.tetrate.io/v2\",\"kind\":\"Workspace\",\"metadata\":{\"annotations\":{},\"name\":\"passthrough-ws\",\"namespace\":\"xcp-system\"},\"spec\":{\"namespaceSelector\":{\"names\":[\"cluster-0/tier1\",\"cluster-1/echo\"]}}}\n","xcp.tetrate.io/contentHash":"e5d3817c7d08543139c22f8de5bfec93"},"creationTimestamp":"0001-01-01T00:00:00Z","Spec":{"selector":{"matchLabels":{"istio":"ingressgateway"}},"rules":[{"from":[{"source":{"principals":["*"]}}],"to":[{"operation":{"ports":["15443"]}}]}]},"Status":null,"Extra":null}
2026-05-25T10:45:00.938953Z	debug	configapply	computed hash for AuthorizationPolicy:tier1/allow - 8c65f8421c3431e4ef3784484e3ef261
2026-05-25T10:45:00.938962Z	debug	discovery-server	same hash so neither creating nor updating
2026-05-25T10:45:00.938964Z	debug	resource-cache	[tier1] Create for {"type":{"group":"networking.istio.io","version":"v1","kind":"DestinationRule"},"name":"tier1-tier1-echo-gwecho-tetrate-io","namespace":"tier1","labels":{"istio.io/rev":"global","xcp.tetrate.io/gatewayGroup":"tier1-gg","xcp.tetrate.io/workspace":"passthrough-ws"},"annotations":{"kubectl.kubernetes.io/last-applied-configuration":"{\"apiVersion\":\"gateway.xcp.tetrate.io/v2\",\"kind\":\"Tier1Gateway\",\"metadata\":{\"annotations\":{},\"labels\":{\"xcp.tetrate.io/gatewayGroup\":\"tier1-gg\",\"xcp.tetrate.io/workspace\":\"passthrough-ws\"},\"name\":\"tier1-echo-gw\",\"namespace\":\"xcp-system\"},\"spec\":{\"passthroughServers\":[{\"clusters\":[{\"name\":\"cluster-1\",\"weight\":100}],\"hostname\":\"echo.tetrate.io\",\"name\":\"echo\",\"port\":17443}],\"workloadSelector\":{\"labels\":{\"app\":\"tier1-gateway\"},\"namespace\":\"tier1\"}}}\n","xcp.tetrate.io/contentHash":"d484a71372da369e909e5b36d9d8f5d7"},"creationTimestamp":"0001-01-01T00:00:00Z","Spec":{"host":"echo.tetrate.io","subsets":[{"name":"tier1-echo-gw-echo-passthrough-0","labels":{"xcp.tetrate.io/cluster":"cluster-1","xcp.tetrate.io/svc-port-17443":"true"},"trafficPolicy":{"portLevelSettings":[{"port":{"number":17443},"loadBalancer":{"localityLbSetting":{"failoverPriority":["topology.kubernetes.io/region","topology.istio.io/network","topology.kubernetes.io/zone","topology.istio.io/subzone"],"enabled":true}},"outlierDetection":{"consecutiveGatewayErrors":10,"maxEjectionPercent":100},"tls":{}}]}}],"exportTo":["."],"workloadSelector":{"matchLabels":{"app":"tier1-gateway"}}},"Status":null,"Extra":null}
2026-05-25T10:45:00.939018Z	debug	resource-cache	[tier1] Create for {"type":{"group":"networking.istio.io","version":"v1alpha3","kind":"EnvoyFilter"},"name":"default-upstream-traffic-setting","namespace":"tier1","labels":{"istio.io/rev":"global"},"annotations":{"kubectl.kubernetes.io/last-applied-configuration":"{\"apiVersion\":\"xcp.tetrate.io/v2\",\"kind\":\"Workspace\",\"metadata\":{\"annotations\":{},\"name\":\"passthrough-ws\",\"namespace\":\"xcp-system\"},\"spec\":{\"namespaceSelector\":{\"names\":[\"cluster-0/tier1\",\"cluster-1/echo\"]}}}\n","xcp.tetrate.io/contentHash":"e5d3817c7d08543139c22f8de5bfec93"},"creationTimestamp":"0001-01-01T00:00:00Z","Spec":{"configPatches":[{"applyTo":"CLUSTER","match":{"context":"SIDECAR_OUTBOUND","proxy":{"proxyVersion":"^1\\.(22|24|28)(\\.\\d+)?(-.*)?$"}},"patch":{"operation":"MERGE","value":{"@type":"type.googleapis.com/envoy.config.cluster.v3.Cluster","common_lb_config":{"healthy_panic_threshold":{}},"outlier_detection":{"consecutive_gateway_failure":10,"enforcing_consecutive_5xx":0,"enforcing_consecutive_gateway_failure":100,"max_ejection_percent":100}}}},{"applyTo":"HTTP_ROUTE","match":{"context":"SIDECAR_OUTBOUND","proxy":{"proxyVersion":"^1\\.(22|24|28)(\\.\\d+)?(-.*)?$"},"routeConfiguration":{"vhost":{"route":{"action":"ROUTE"}}}},"patch":{"operation":"MERGE","value":{"@type":"type.googleapis.com/envoy.config.route.v3.Route","route":{"retry_policy":{"host_selection_retry_max_attempts":"5","num_retries":2,"retriable_status_codes":[503],"retry_host_predicate":[{"name":"envoy.retry_host_predicates.previous_hosts","typed_config":{"@type":"type.googleapis.com/envoy.extensions.retry.host.previous_hosts.v3.PreviousHostsPredicate"}}],"retry_on":"reset,connect-failure,refused-stream,unavailable,cancelled,retriable-status-codes"}}}}}],"priority":100},"Status":null,"Extra":null}
2026-05-25T10:45:00.939024Z	debug	configapply	computed hash for DestinationRule:tier1/tier1-tier1-echo-gwecho-tetrate-io - 1052fe8e94de114b8e0f4ce7009ab4d6
2026-05-25T10:45:00.939035Z	debug	discovery-server	same hash so neither creating nor updating
2026-05-25T10:45:00.938862Z	debug	resource-cache	[tier1] Create for {"type":{"group":"networking.istio.io","version":"v1alpha3","kind":"EnvoyFilter"},"name":"tier1-gg-default-upstream-traffic-setting","namespace":"tier1","labels":{"istio.io/rev":"global"},"annotations":{"kubectl.kubernetes.io/last-applied-configuration":"{\"apiVersion\":\"xcp.tetrate.io/v2\",\"kind\":\"Workspace\",\"metadata\":{\"annotations\":{},\"name\":\"passthrough-ws\",\"namespace\":\"xcp-system\"},\"spec\":{\"namespaceSelector\":{\"names\":[\"cluster-0/tier1\",\"cluster-1/echo\"]}}}\n","xcp.tetrate.io/contentHash":"e5d3817c7d08543139c22f8de5bfec93"},"creationTimestamp":"0001-01-01T00:00:00Z","Spec":{"configPatches":[{"applyTo":"CLUSTER","match":{"context":"GATEWAY","proxy":{"proxyVersion":"^1\\.(22|24|28)(\\.\\d+)?(-.*)?$"}},"patch":{"operation":"MERGE","value":{"@type":"type.googleapis.com/envoy.config.cluster.v3.Cluster","common_lb_config":{"healthy_panic_threshold":{}},"outlier_detection":{"consecutive_gateway_failure":10,"enforcing_consecutive_5xx":0,"enforcing_consecutive_gateway_failure":100,"max_ejection_percent":100}}}},{"applyTo":"HTTP_ROUTE","match":{"context":"GATEWAY","proxy":{"proxyVersion":"^1\\.(22|24|28)(\\.\\d+)?(-.*)?$"},"routeConfiguration":{"vhost":{"route":{"action":"ROUTE"}}}},"patch":{"operation":"MERGE","value":{"@type":"type.googleapis.com/envoy.config.route.v3.Route","route":{"retry_policy":{"host_selection_retry_max_attempts":"5","num_retries":2,"retriable_status_codes":[503],"retry_host_predicate":[{"name":"envoy.retry_host_predicates.previous_hosts","typed_config":{"@type":"type.googleapis.com/envoy.extensions.retry.host.previous_hosts.v3.PreviousHostsPredicate"}}],"retry_on":"reset,connect-failure,refused-stream,unavailable,cancelled,retriable-status-codes"}}}}}],"priority":100},"Status":null,"Extra":null}
2026-05-25T10:45:00.939095Z	debug	configapply	computed hash for EnvoyFilter:tier1/default-upstream-traffic-setting - 14645e3efdd68386f959e9db371e7301
2026-05-25T10:45:00.939106Z	debug	discovery-server	same hash so neither creating nor updating
2026-05-25T10:45:00.938862Z	debug	configapply	computed hash for EnvoyFilter:tier1/default-allow-tier1-echo-gw-external-batch0 - 3f44b39a61587f6e41acb85bb50e8b54
2026-05-25T10:45:00.939112Z	debug	discovery-server	same hash so neither creating nor updating
2026-05-25T10:45:00.939114Z	debug	configapply	computed hash for EnvoyFilter:tier1/tier1-gg-default-upstream-traffic-setting - 4f9a6697acdcca0723b42f9f050bddf9
2026-05-25T10:45:00.939119Z	debug	discovery-server	same hash so neither creating nor updating
2026-05-25T10:45:00.938846Z	debug	discovery-server	same hash so neither creating nor updating
2026-05-25T10:45:00.939131Z	debug	resource-cache	[tier1] ResourceCache length 12
2026-05-25T10:45:00.939133Z	debug	resource-cache	[tier1] ===END: Apply request for 8 objects in 0.000632 s
2026-05-25T10:45:00.939150Z	debug	cluster-state	Triggering cluster state change event due to config, at 2026-05-25 10:44:59.931637292 +0000 UTC m=+160710.621746538 (force regenerate config = map[]). Resources: []
2026-05-25T10:45:01.940481Z	debug	debounce	notify cbk invoked	id=919326fd
2026-05-25T10:45:01.940506Z	debug	debounce	notify cbk invoked	id=a09a36e7
2026-05-25T10:45:01.940535Z	debug	debounce	notify cbk returned	id=919326fd
2026-05-25T10:45:01.940547Z	debug	debounce	Applying exponential step-up. maxSilentCurrent updated to: 2s	id=919326fd
2026-05-25T10:45:01.940578Z	info	cluster-state	processClusterStateChangeEvents: cluster-eventid: 2026-05-25 10:44:59.931637292 +0000 UTC m=+160710.621746538 and 0 more, queue length: 0, reasons: config,, forceConfigRegenReasons: map[], resources: []
2026-05-25T10:45:01.940590Z	debug	cluster-state	handleClusterStateChangedEvent: Trigger reasons: config,, Forced translation: map[], Resources: []
2026-05-25T10:45:01.940628Z	debug	cluster-gen	istioServices: 15
2026-05-25T10:45:01.940883Z	debug	config-status	Explanation of the decision flow for the Config Status of "gateway.xcp.tetrate.io/GatewayGroup" "tier1-gg" version ""
Q: Is the config type "gateway.xcp.tetrate.io/v2/GatewayGroup" supported by XCP?
A: Yes
Q: Is it an internal config of XCP?
A: No
Q: Is this config object managed by XCP?
A: Yes
Q: Did the Push Context report an ERROR for this config?
A: No
Q: Did the Push Context IGNORE this config?
A: No
Q: Does the namespace selector resolve into at least ONE namespace in this cluster?
A: Yes
I: Checking the config status in each of the 1 target namespace(s): [tier1]
I: [1/1] verdict in "tier1" namespace: Config Status is APPLIED since there were NO translation errors and the config IS mapped onto output config(s)
I: Status summary across 1 target namespace(s): APPLIED in 1 namespace(s)
I: Using "lenient" strategy to decide on the aggregated status across 1 target namespace(s)
Q: Have there been any errors while translating this config in ANY of the 1 target namespaces?
A: No
Q: Has the config been APPLIED in at least ONE of the target namespaces?
A: Yes
Verdict: Config Status is "lenient" APPLIED since the config has been APPLIED in at least ONE of the target namespaces
Config Status:
```yaml
---
configId:
  group: gateway.xcp.tetrate.io
  kind: GatewayGroup
  name: tier1-gg
  namespace: istio-system
  version: v2
details: 'Status summary across 1 target namespace(s): APPLIED in 1 namespace(s)'
metadata:
  annotations:
    kubectl.kubernetes.io/last-applied-configuration: |
      {"apiVersion":"gateway.xcp.tetrate.io/v2","kind":"GatewayGroup","metadata":{"annotations":{},"labels":{"xcp.tetrate.io/workspace":"passthrough-ws"},"name":"tier1-gg","namespace":"xcp-system"},"spec":{"configMode":"BRIDGED","namespaceSelector":{"names":["cluster-0/tier1"]}}}
  labels:
    xcp.tetrate.io/workspace: passthrough-ws
result: APPLIED
```

2026-05-25T10:45:01.940905Z	debug	cluster-gen	Ignoring service kube-system/kube-dns
2026-05-25T10:45:01.940935Z	info	no portname specified for service metallb-webhook-service.metallb-system.svc.cluster.local port 443. no endpoints will be detected
2026-05-25T10:45:01.940950Z	info	no portname specified for service metallb-webhook-service.metallb-system.svc.cluster.local port 443. no endpoints will be detected
2026-05-25T10:45:01.940957Z	debug	cluster-gen	Ignoring service kube-system/metrics-server
2026-05-25T10:45:01.940962Z	debug	cluster-state	found Istio IsolationBoundary for Namespace "tier1" with Revision "stable"
2026-05-25T10:45:01.940994Z	info	cluster-gen	Gateway service instances for tier1/tier1-gateway: 2
2026-05-25T10:45:01.941024Z	debug	cluster-gen	Getting XCP services for possible gateway service tier1-gateway.tier1.svc.cluster.local, labels map[app:tier1-gateway istio:ingressgateway]
2026-05-25T10:45:01.941032Z	debug	cluster-gen	found matching tier1 gateway - tier1-echo-gw
2026-05-25T10:45:01.941032Z	debug	config-status	Explanation of the decision flow for the Config Status of "gateway.xcp.tetrate.io/Tier1Gateway" "tier1-echo-gw" version ""
Q: Is the config type "gateway.xcp.tetrate.io/v2/Tier1Gateway" supported by XCP?
A: Yes
Q: Is it an internal config of XCP?
A: No
Q: Is this config object managed by XCP?
A: Yes
Q: Did the Push Context report an ERROR for this config?
A: No
Q: Did the Push Context IGNORE this config?
A: No
Q: Does the namespace selector resolve into at least ONE namespace in this cluster?
A: Yes
I: Checking the config status in each of the 1 target namespace(s): [tier1]
I: [1/1] verdict in "tier1" namespace: Config Status is APPLIED since there were NO translation errors and the config IS mapped onto output config(s)
I: Status summary across 1 target namespace(s): APPLIED in 1 namespace(s)
I: Using "lenient" strategy to decide on the aggregated status across 1 target namespace(s)
Q: Have there been any errors while translating this config in ANY of the 1 target namespaces?
A: No
Q: Has the config been APPLIED in at least ONE of the target namespaces?
A: Yes
Verdict: Config Status is "lenient" APPLIED since the config has been APPLIED in at least ONE of the target namespaces
Config Status:
```yaml
---
configId:
  group: gateway.xcp.tetrate.io
  kind: Tier1Gateway
  name: tier1-echo-gw
  namespace: istio-system
  version: v2
details: 'Status summary across 1 target namespace(s): APPLIED in 1 namespace(s)'
metadata:
  annotations:
    kubectl.kubernetes.io/last-applied-configuration: |
      {"apiVersion":"gateway.xcp.tetrate.io/v2","kind":"Tier1Gateway","metadata":{"annotations":{},"labels":{"xcp.tetrate.io/gatewayGroup":"tier1-gg","xcp.tetrate.io/workspace":"passthrough-ws"},"name":"tier1-echo-gw","namespace":"xcp-system"},"spec":{"passthroughServers":[{"clusters":[{"name":"cluster-1","weight":100}],"hostname":"echo.tetrate.io","name":"echo","port":17443}],"workloadSelector":{"labels":{"app":"tier1-gateway"},"namespace":"tier1"}}}
  labels:
    xcp.tetrate.io/gatewayGroup: tier1-gg
    xcp.tetrate.io/workspace: passthrough-ws
result: APPLIED
```

2026-05-25T10:45:01.941038Z	debug	cluster-gen	found tier1 passthrough host echo.tetrate.io for service tier1-gateway.tier1.svc.cluster.local
2026-05-25T10:45:01.941049Z	debug	config-status	Explanation of the decision flow for the Config Status of "install.xcp.tetrate.io/GatewayDeployment" "tier1-gateway" version ""
Q: Is the config type "install.xcp.tetrate.io/v1alpha1/GatewayDeployment" supported by XCP?
A: Yes
Q: Is it an internal config of XCP?
A: No
Q: Is this config object managed by XCP?
A: No
Verdict: Config Status is NOT reported since the config is not managed by XCP
Config Status:
```yaml
---
null
```

2026-05-25T10:45:01.941064Z	debug	config-status	Explanation of the decision flow for the Config Status of "networking.istio.io/EnvoyFilter" "global-forward-xfcc-15443" version ""
Q: Is the config type "networking.istio.io/v1alpha3/EnvoyFilter" supported by XCP?
A: Yes
Q: Is it an internal config of XCP?
A: Yes
Verdict: Config Status is NOT reported since it's an internal config of XCP
Config Status:
```yaml
---
null
```

2026-05-25T10:45:01.941075Z	debug	config-status	Explanation of the decision flow for the Config Status of "networking.istio.io/EnvoyFilter" "global-gw-best-practice" version ""
Q: Is the config type "networking.istio.io/v1alpha3/EnvoyFilter" supported by XCP?
A: Yes
Q: Is it an internal config of XCP?
A: Yes
Verdict: Config Status is NOT reported since it's an internal config of XCP
Config Status:
```yaml
---
null
```

2026-05-25T10:45:01.941079Z	debug	config-status	Explanation of the decision flow for the Config Status of "networking.istio.io/EnvoyFilter" "global-mx-downstream-egress-gateway-filter" version ""
Q: Is the config type "networking.istio.io/v1alpha3/EnvoyFilter" supported by XCP?
A: Yes
Q: Is it an internal config of XCP?
A: Yes
Verdict: Config Status is NOT reported since it's an internal config of XCP
Config Status:
```yaml
---
null
```

2026-05-25T10:45:01.941085Z	debug	config-status	Explanation of the decision flow for the Config Status of "networking.istio.io/EnvoyFilter" "global-mx-downstream-gateway-filter" version ""
Q: Is the config type "networking.istio.io/v1alpha3/EnvoyFilter" supported by XCP?
A: Yes
Q: Is it an internal config of XCP?
A: Yes
Verdict: Config Status is NOT reported since it's an internal config of XCP
Config Status:
```yaml
---
null
```

2026-05-25T10:45:01.941101Z	debug	config-status	Explanation of the decision flow for the Config Status of "networking.istio.io/EnvoyFilter" "global-periodical-access-log" version ""
Q: Is the config type "networking.istio.io/v1alpha3/EnvoyFilter" supported by XCP?
A: Yes
Q: Is it an internal config of XCP?
A: Yes
Verdict: Config Status is NOT reported since it's an internal config of XCP
Config Status:
```yaml
---
null
```

2026-05-25T10:45:01.941105Z	debug	config-status	Explanation of the decision flow for the Config Status of "networking.istio.io/EnvoyFilter" "global-request-id-propagation" version ""
Q: Is the config type "networking.istio.io/v1alpha3/EnvoyFilter" supported by XCP?
A: Yes
Q: Is it an internal config of XCP?
A: Yes
Verdict: Config Status is NOT reported since it's an internal config of XCP
Config Status:
```yaml
---
null
```

2026-05-25T10:45:01.941114Z	debug	config-status	Explanation of the decision flow for the Config Status of "networking.istio.io/EnvoyFilter" "global-tcp-keepalive-envoy-filter" version ""
Q: Is the config type "networking.istio.io/v1alpha3/EnvoyFilter" supported by XCP?
A: Yes
Q: Is it an internal config of XCP?
A: Yes
Verdict: Config Status is NOT reported since it's an internal config of XCP
Config Status:
```yaml
---
null
```

2026-05-25T10:45:01.941136Z	debug	config-status	Explanation of the decision flow for the Config Status of "networking.istio.io/EnvoyFilter" "global-xfcc-extractor-sidecar" version ""
Q: Is the config type "networking.istio.io/v1alpha3/EnvoyFilter" supported by XCP?
A: Yes
Q: Is it an internal config of XCP?
A: Yes
Verdict: Config Status is NOT reported since it's an internal config of XCP
Config Status:
```yaml
---
null
```

2026-05-25T10:45:01.941151Z	debug	config-status	Explanation of the decision flow for the Config Status of "networking.istio.io/EnvoyFilter" "global-xfcc-guard-15443" version ""
Q: Is the config type "networking.istio.io/v1alpha3/EnvoyFilter" supported by XCP?
A: Yes
Q: Is it an internal config of XCP?
A: Yes
Verdict: Config Status is NOT reported since it's an internal config of XCP
Config Status:
```yaml
---
null
```

2026-05-25T10:45:01.941197Z	debug	discovery-cache	added istio service instances in namespace: metallb-system objects 0, changed false
2026-05-25T10:45:01.941219Z	debug	discovery-cache	gateway serviceInstance hostname tier1-gateway.tier1.svc.cluster.local
2026-05-25T10:45:01.941226Z	debug	discovery-cache	gateway serviceInstance hostname tier1-gateway.tier1.svc.cluster.local
2026-05-25T10:45:01.941228Z	debug	discovery-cache	added istio service instances in namespace: tier1 objects 2, changed false
2026-05-25T10:45:01.941229Z	debug	discovery-cache	added istio service instances in namespace: xcp-system objects 0, changed false
2026-05-25T10:45:01.941231Z	debug	discovery-cache	added istio service instances in namespace: cert-manager objects 0, changed false
2026-05-25T10:45:01.941232Z	debug	discovery-cache	added istio service instances in namespace: istio-system objects 0, changed false
2026-05-25T10:45:01.941233Z	debug	discovery-cache	added istio service instances in namespace: default objects 0, changed false
2026-05-25T10:45:01.941240Z	debug	config-status	Explanation of the decision flow for the Config Status of "xcp.tetrate.io/Cluster" "cluster-0" version ""
Q: Is the config type "xcp.tetrate.io/v2/Cluster" supported by XCP?
A: Yes
Q: Is it an internal config of XCP?
A: No
Q: Is this config object managed by XCP?
A: Yes
Q: Did the Push Context report an ERROR for this config?
A: No
Q: Did the Push Context IGNORE this config?
A: No
Verdict: Config Status is UNKNOWN since status for that config type has NOT been implemented yet
Config Status:
```yaml
---
configId:
  group: xcp.tetrate.io
  kind: Cluster
  name: cluster-0
  namespace: istio-system
  version: v2
details: Config Status for that config type has NOT been implemented yet
metadata:
  annotations:
    kubectl.kubernetes.io/last-applied-configuration: |
      {"apiVersion":"xcp.tetrate.io/v2","kind":"Cluster","metadata":{"annotations":{},"name":"cluster-0","namespace":"xcp-system"},"spec":{"istioTrustDomain":"cluster.local"}}
```

2026-05-25T10:45:01.941250Z	debug	cluster-state	triggerConfigTranslation false ,triggerConfigTranslationReason false 
2026-05-25T10:45:01.941255Z	debug	cluster-state	All gateway hostname mappings are same.
2026-05-25T10:45:01.941257Z	debug	cluster-state	All gatewayHost bounded k8s svcs have same addresses.
2026-05-25T10:45:01.941257Z	debug	cluster-state	No significant changes detected; skipping report to other clusters.
2026-05-25T10:45:01.941259Z	debug	cluster-state	No significant changes detected for east-west services; skipping report to other clusters.
2026-05-25T10:45:01.941265Z	debug	cluster-state	All gateway hostname mappings are same.
2026-05-25T10:45:01.941271Z	debug	cluster-state	handleClusterStateChangedEvent, actions: map[sendHeaderToCentral:{}]
2026-05-25T10:45:01.941284Z	debug	discovery-server	wrote channel for sending header only
2026-05-25T10:45:01.941294Z	debug	config-status	Explanation of the decision flow for the Config Status of "xcp.tetrate.io/Cluster" "cluster-1" version ""
Q: Is the config type "xcp.tetrate.io/v2/Cluster" supported by XCP?
A: Yes
Q: Is it an internal config of XCP?
A: No
Q: Is this config object managed by XCP?
A: Yes
Q: Did the Push Context report an ERROR for this config?
A: No
Q: Did the Push Context IGNORE this config?
A: No
Verdict: Config Status is UNKNOWN since status for that config type has NOT been implemented yet
Config Status:
```yaml
---
configId:
  group: xcp.tetrate.io
  kind: Cluster
  name: cluster-1
  namespace: istio-system
  version: v2
details: Config Status for that config type has NOT been implemented yet
metadata: {}
```

2026-05-25T10:45:01.941303Z	debug	discovery-server	Sending cluster-state update to central xcp
2026-05-25T10:45:01.941325Z	debug	discovery-server	Done sending cluster-state to central xcp
2026-05-25T10:45:01.941411Z	debug	config-status	Explanation of the decision flow for the Config Status of "xcp.tetrate.io/GlobalSetting" "global" version ""
Q: Is the config type "xcp.tetrate.io/v2/GlobalSetting" supported by XCP?
A: Yes
Q: Is it an internal config of XCP?
A: No
Q: Is this config object managed by XCP?
A: Yes
Q: Did the Push Context report an ERROR for this config?
A: No
Q: Did the Push Context IGNORE this config?
A: No
Q: Does the namespace selector resolve into at least ONE namespace in this cluster?
A: Yes
I: Checking the config status in each of the 9 target namespace(s): [cert-manager default echo kube-node-lease kube-public local-path-storage metallb-system tier1 xcp-system]
I: [1/9] verdict in "cert-manager" namespace: Config Status is UNKNOWN since translation is SKIPPED on that namespace
I: [2/9] verdict in "default" namespace: Config Status is UNKNOWN since translation is SKIPPED on that namespace
I: [3/9] verdict in "echo" namespace: Config Status is UNKNOWN since there were NO translation errors but the config was NOT mapped onto any output config(s)
I: [4/9] verdict in "kube-node-lease" namespace: Config Status is UNKNOWN since translation is SKIPPED on that namespace
I: [5/9] verdict in "kube-public" namespace: Config Status is UNKNOWN since translation is SKIPPED on that namespace
I: [6/9] verdict in "local-path-storage" namespace: Config Status is UNKNOWN since translation is SKIPPED on that namespace
I: [7/9] verdict in "metallb-system" namespace: Config Status is UNKNOWN since translation is SKIPPED on that namespace
I: [8/9] verdict in "tier1" namespace: Config Status is APPLIED since there were NO translation errors and the config IS mapped onto output config(s)
I: [9/9] verdict in "xcp-system" namespace: Config Status is UNKNOWN since translation is SKIPPED on that namespace
I: Status summary across 9 target namespace(s): APPLIED in 1 namespace(s), TRANSLATION SKIPPED in 7 namespace(s), TRANSLATED BUT NOT MAPPED in 1 namespace(s)
I: Using "lenient" strategy to decide on the aggregated status across 9 target namespace(s)
Q: Have there been any errors while translating this config in ANY of the 9 target namespaces?
A: No
Q: Has the config been APPLIED in at least ONE of the target namespaces?
A: Yes
Verdict: Config Status is "lenient" APPLIED since the config has been APPLIED in at least ONE of the target namespaces
Config Status:
```yaml
---
configId:
  group: xcp.tetrate.io
  kind: GlobalSetting
  name: global
  namespace: istio-system
  version: v2
details: 'Status summary across 9 target namespace(s): APPLIED in 1 namespace(s),
  TRANSLATION SKIPPED in 7 namespace(s), TRANSLATED BUT NOT MAPPED in 1 namespace(s)'
metadata:
  annotations:
    kubectl.kubernetes.io/last-applied-configuration: |
      {"apiVersion":"xcp.tetrate.io/v2","kind":"GlobalSetting","metadata":{"annotations":{},"name":"global","namespace":"xcp-system"},"spec":{"networkSettings":{"networkReachability":{"nw-cluster-0":"nw-cluster-1","nw-cluster-1":"nw-cluster-0"}}}}
result: APPLIED
```

2026-05-25T10:45:01.941291Z	debug	cluster-state	Sent header to central
2026-05-25T10:45:01.941481Z	debug	config-status	Explanation of the decision flow for the Config Status of "xcp.tetrate.io/Workspace" "passthrough-ws" version ""
Q: Is the config type "xcp.tetrate.io/v2/Workspace" supported by XCP?
A: Yes
Q: Is it an internal config of XCP?
A: No
Q: Is this config object managed by XCP?
A: Yes
Q: Did the Push Context report an ERROR for this config?
A: No
Q: Did the Push Context IGNORE this config?
A: No
Q: Does the namespace selector resolve into at least ONE namespace in this cluster?
A: Yes
I: Checking the config status in each of the 1 target namespace(s): [tier1]
I: [1/1] verdict in "tier1" namespace: Config Status is APPLIED since there were NO translation errors and the config IS mapped onto output config(s)
I: Status summary across 1 target namespace(s): APPLIED in 1 namespace(s)
I: Using "lenient" strategy to decide on the aggregated status across 1 target namespace(s)
Q: Have there been any errors while translating this config in ANY of the 1 target namespaces?
A: No
Q: Has the config been APPLIED in at least ONE of the target namespaces?
A: Yes
Verdict: Config Status is "lenient" APPLIED since the config has been APPLIED in at least ONE of the target namespaces
Config Status:
```yaml
---
configId:
  group: xcp.tetrate.io
  kind: Workspace
  name: passthrough-ws
  namespace: istio-system
  version: v2
details: 'Status summary across 1 target namespace(s): APPLIED in 1 namespace(s)'
metadata:
  annotations:
    kubectl.kubernetes.io/last-applied-configuration: |
      {"apiVersion":"xcp.tetrate.io/v2","kind":"Workspace","metadata":{"annotations":{},"name":"passthrough-ws","namespace":"xcp-system"},"spec":{"namespaceSelector":{"names":["cluster-0/tier1","cluster-1/echo"]}}}
result: APPLIED
```

2026-05-25T10:45:01.941653Z	debug	status	generated status report in 1.121125ms
2026-05-25T10:45:01.941674Z	debug	debounce	notify cbk returned	id=a09a36e7
2026-05-25T10:45:01.941681Z	debug	debounce	Applying exponential step-up. maxSilentCurrent updated to: 2s	id=a09a36e7
2026-05-25T10:45:01.941685Z	debug	status	triggering status report sender with 6 messages
2026-05-25T10:45:01.941762Z	debug	status	successfully sent config-status report(epoch:66, messages:6) in 67.25µs
2026-05-25T10:45:02.933645Z	debug	debounce	resetting maxSilentCurrent. updated: 1s	id=fcd9f881
2026-05-25T10:45:03.941627Z	debug	debounce	resetting maxSilentCurrent. updated: 1s	id=919326fd
2026-05-25T10:45:03.943509Z	debug	debounce	resetting maxSilentCurrent. updated: 1s	id=a09a36e7
2026-05-25T10:45:25.703441Z	debug	discovery-server	Sending config resync request update to central xcp
2026-05-25T10:45:25.703542Z	debug	discovery-server	Done sending config resync request to central xcp
2026-05-25T10:45:25.703834Z	debug	discovery-server	Received resync keepalive response from central xcp.
2026-05-25T10:45:25.703849Z	debug	discovery-server	Waiting on recv for crds
2026-05-25T10:45:49.122485Z	debug	config-status	Explanation of the decision flow for the Config Status of "gateway.xcp.tetrate.io/GatewayGroup" "tier1-gg" version ""
Q: Is the config type "gateway.xcp.tetrate.io/v2/GatewayGroup" supported by XCP?
A: Yes
Q: Is it an internal config of XCP?
A: No
Q: Is this config object managed by XCP?
A: Yes
Q: Did the Push Context report an ERROR for this config?
A: No
Q: Did the Push Context IGNORE this config?
A: No
Q: Does the namespace selector resolve into at least ONE namespace in this cluster?
A: Yes
I: Checking the config status in each of the 1 target namespace(s): [tier1]
I: [1/1] verdict in "tier1" namespace: Config Status is APPLIED since there were NO translation errors and the config IS mapped onto output config(s)
I: Status summary across 1 target namespace(s): APPLIED in 1 namespace(s)
I: Using "lenient" strategy to decide on the aggregated status across 1 target namespace(s)
Q: Have there been any errors while translating this config in ANY of the 1 target namespaces?
A: No
Q: Has the config been APPLIED in at least ONE of the target namespaces?
A: Yes
Verdict: Config Status is "lenient" APPLIED since the config has been APPLIED in at least ONE of the target namespaces
Config Status:
```yaml
---
configId:
  group: gateway.xcp.tetrate.io
  kind: GatewayGroup
  name: tier1-gg
  namespace: istio-system
  version: v2
details: 'Status summary across 1 target namespace(s): APPLIED in 1 namespace(s)'
metadata:
  annotations:
    kubectl.kubernetes.io/last-applied-configuration: |
      {"apiVersion":"gateway.xcp.tetrate.io/v2","kind":"GatewayGroup","metadata":{"annotations":{},"labels":{"xcp.tetrate.io/workspace":"passthrough-ws"},"name":"tier1-gg","namespace":"xcp-system"},"spec":{"configMode":"BRIDGED","namespaceSelector":{"names":["cluster-0/tier1"]}}}
  labels:
    xcp.tetrate.io/workspace: passthrough-ws
result: APPLIED
```

2026-05-25T10:45:49.122579Z	debug	config-status	Explanation of the decision flow for the Config Status of "gateway.xcp.tetrate.io/Tier1Gateway" "tier1-echo-gw" version ""
Q: Is the config type "gateway.xcp.tetrate.io/v2/Tier1Gateway" supported by XCP?
A: Yes
Q: Is it an internal config of XCP?
A: No
Q: Is this config object managed by XCP?
A: Yes
Q: Did the Push Context report an ERROR for this config?
A: No
Q: Did the Push Context IGNORE this config?
A: No
Q: Does the namespace selector resolve into at least ONE namespace in this cluster?
A: Yes
I: Checking the config status in each of the 1 target namespace(s): [tier1]
I: [1/1] verdict in "tier1" namespace: Config Status is APPLIED since there were NO translation errors and the config IS mapped onto output config(s)
I: Status summary across 1 target namespace(s): APPLIED in 1 namespace(s)
I: Using "lenient" strategy to decide on the aggregated status across 1 target namespace(s)
Q: Have there been any errors while translating this config in ANY of the 1 target namespaces?
A: No
Q: Has the config been APPLIED in at least ONE of the target namespaces?
A: Yes
Verdict: Config Status is "lenient" APPLIED since the config has been APPLIED in at least ONE of the target namespaces
Config Status:
```yaml
---
configId:
  group: gateway.xcp.tetrate.io
  kind: Tier1Gateway
  name: tier1-echo-gw
  namespace: istio-system
  version: v2
details: 'Status summary across 1 target namespace(s): APPLIED in 1 namespace(s)'
metadata:
  annotations:
    kubectl.kubernetes.io/last-applied-configuration: |
      {"apiVersion":"gateway.xcp.tetrate.io/v2","kind":"Tier1Gateway","metadata":{"annotations":{},"labels":{"xcp.tetrate.io/gatewayGroup":"tier1-gg","xcp.tetrate.io/workspace":"passthrough-ws"},"name":"tier1-echo-gw","namespace":"xcp-system"},"spec":{"passthroughServers":[{"clusters":[{"name":"cluster-1","weight":100}],"hostname":"echo.tetrate.io","name":"echo","port":17443}],"workloadSelector":{"labels":{"app":"tier1-gateway"},"namespace":"tier1"}}}
  labels:
    xcp.tetrate.io/gatewayGroup: tier1-gg
    xcp.tetrate.io/workspace: passthrough-ws
result: APPLIED
```

2026-05-25T10:45:49.122592Z	debug	config-status	Explanation of the decision flow for the Config Status of "install.xcp.tetrate.io/GatewayDeployment" "tier1-gateway" version ""
Q: Is the config type "install.xcp.tetrate.io/v1alpha1/GatewayDeployment" supported by XCP?
A: Yes
Q: Is it an internal config of XCP?
A: No
Q: Is this config object managed by XCP?
A: No
Verdict: Config Status is NOT reported since the config is not managed by XCP
Config Status:
```yaml
---
null
```

2026-05-25T10:45:49.122596Z	debug	config-status	Explanation of the decision flow for the Config Status of "networking.istio.io/EnvoyFilter" "global-forward-xfcc-15443" version ""
Q: Is the config type "networking.istio.io/v1alpha3/EnvoyFilter" supported by XCP?
A: Yes
Q: Is it an internal config of XCP?
A: Yes
Verdict: Config Status is NOT reported since it's an internal config of XCP
Config Status:
```yaml
---
null
```

2026-05-25T10:45:49.122610Z	debug	config-status	Explanation of the decision flow for the Config Status of "networking.istio.io/EnvoyFilter" "global-gw-best-practice" version ""
Q: Is the config type "networking.istio.io/v1alpha3/EnvoyFilter" supported by XCP?
A: Yes
Q: Is it an internal config of XCP?
A: Yes
Verdict: Config Status is NOT reported since it's an internal config of XCP
Config Status:
```yaml
---
null
```

2026-05-25T10:45:49.122615Z	debug	config-status	Explanation of the decision flow for the Config Status of "networking.istio.io/EnvoyFilter" "global-mx-downstream-egress-gateway-filter" version ""
Q: Is the config type "networking.istio.io/v1alpha3/EnvoyFilter" supported by XCP?
A: Yes
Q: Is it an internal config of XCP?
A: Yes
Verdict: Config Status is NOT reported since it's an internal config of XCP
Config Status:
```yaml
---
null
```

2026-05-25T10:45:49.122617Z	debug	config-status	Explanation of the decision flow for the Config Status of "networking.istio.io/EnvoyFilter" "global-mx-downstream-gateway-filter" version ""
Q: Is the config type "networking.istio.io/v1alpha3/EnvoyFilter" supported by XCP?
A: Yes
Q: Is it an internal config of XCP?
A: Yes
Verdict: Config Status is NOT reported since it's an internal config of XCP
Config Status:
```yaml
---
null
```

2026-05-25T10:45:49.122621Z	debug	config-status	Explanation of the decision flow for the Config Status of "networking.istio.io/EnvoyFilter" "global-periodical-access-log" version ""
Q: Is the config type "networking.istio.io/v1alpha3/EnvoyFilter" supported by XCP?
A: Yes
Q: Is it an internal config of XCP?
A: Yes
Verdict: Config Status is NOT reported since it's an internal config of XCP
Config Status:
```yaml
---
null
```

2026-05-25T10:45:49.122624Z	debug	config-status	Explanation of the decision flow for the Config Status of "networking.istio.io/EnvoyFilter" "global-request-id-propagation" version ""
Q: Is the config type "networking.istio.io/v1alpha3/EnvoyFilter" supported by XCP?
A: Yes
Q: Is it an internal config of XCP?
A: Yes
Verdict: Config Status is NOT reported since it's an internal config of XCP
Config Status:
```yaml
---
null
```

2026-05-25T10:45:49.122626Z	debug	config-status	Explanation of the decision flow for the Config Status of "networking.istio.io/EnvoyFilter" "global-tcp-keepalive-envoy-filter" version ""
Q: Is the config type "networking.istio.io/v1alpha3/EnvoyFilter" supported by XCP?
A: Yes
Q: Is it an internal config of XCP?
A: Yes
Verdict: Config Status is NOT reported since it's an internal config of XCP
Config Status:
```yaml
---
null
```

2026-05-25T10:45:49.122628Z	debug	config-status	Explanation of the decision flow for the Config Status of "networking.istio.io/EnvoyFilter" "global-xfcc-extractor-sidecar" version ""
Q: Is the config type "networking.istio.io/v1alpha3/EnvoyFilter" supported by XCP?
A: Yes
Q: Is it an internal config of XCP?
A: Yes
Verdict: Config Status is NOT reported since it's an internal config of XCP
Config Status:
```yaml
---
null
```

2026-05-25T10:45:49.122635Z	debug	config-status	Explanation of the decision flow for the Config Status of "networking.istio.io/EnvoyFilter" "global-xfcc-guard-15443" version ""
Q: Is the config type "networking.istio.io/v1alpha3/EnvoyFilter" supported by XCP?
A: Yes
Q: Is it an internal config of XCP?
A: Yes
Verdict: Config Status is NOT reported since it's an internal config of XCP
Config Status:
```yaml
---
null
```

2026-05-25T10:45:49.122687Z	debug	config-status	Explanation of the decision flow for the Config Status of "xcp.tetrate.io/Cluster" "cluster-0" version ""
Q: Is the config type "xcp.tetrate.io/v2/Cluster" supported by XCP?
A: Yes
Q: Is it an internal config of XCP?
A: No
Q: Is this config object managed by XCP?
A: Yes
Q: Did the Push Context report an ERROR for this config?
A: No
Q: Did the Push Context IGNORE this config?
A: No
Verdict: Config Status is UNKNOWN since status for that config type has NOT been implemented yet
Config Status:
```yaml
---
configId:
  group: xcp.tetrate.io
  kind: Cluster
  name: cluster-0
  namespace: istio-system
  version: v2
details: Config Status for that config type has NOT been implemented yet
metadata:
  annotations:
    kubectl.kubernetes.io/last-applied-configuration: |
      {"apiVersion":"xcp.tetrate.io/v2","kind":"Cluster","metadata":{"annotations":{},"name":"cluster-0","namespace":"xcp-system"},"spec":{"istioTrustDomain":"cluster.local"}}
```

2026-05-25T10:45:49.122721Z	debug	config-status	Explanation of the decision flow for the Config Status of "xcp.tetrate.io/Cluster" "cluster-1" version ""
Q: Is the config type "xcp.tetrate.io/v2/Cluster" supported by XCP?
A: Yes
Q: Is it an internal config of XCP?
A: No
Q: Is this config object managed by XCP?
A: Yes
Q: Did the Push Context report an ERROR for this config?
A: No
Q: Did the Push Context IGNORE this config?
A: No
Verdict: Config Status is UNKNOWN since status for that config type has NOT been implemented yet
Config Status:
```yaml
---
configId:
  group: xcp.tetrate.io
  kind: Cluster
  name: cluster-1
  namespace: istio-system
  version: v2
details: Config Status for that config type has NOT been implemented yet
metadata: {}
```

2026-05-25T10:45:49.122792Z	debug	config-status	Explanation of the decision flow for the Config Status of "xcp.tetrate.io/GlobalSetting" "global" version ""
Q: Is the config type "xcp.tetrate.io/v2/GlobalSetting" supported by XCP?
A: Yes
Q: Is it an internal config of XCP?
A: No
Q: Is this config object managed by XCP?
A: Yes
Q: Did the Push Context report an ERROR for this config?
A: No
Q: Did the Push Context IGNORE this config?
A: No
Q: Does the namespace selector resolve into at least ONE namespace in this cluster?
A: Yes
I: Checking the config status in each of the 9 target namespace(s): [cert-manager default echo kube-node-lease kube-public local-path-storage metallb-system tier1 xcp-system]
I: [1/9] verdict in "cert-manager" namespace: Config Status is UNKNOWN since translation is SKIPPED on that namespace
I: [2/9] verdict in "default" namespace: Config Status is UNKNOWN since translation is SKIPPED on that namespace
I: [3/9] verdict in "echo" namespace: Config Status is UNKNOWN since there were NO translation errors but the config was NOT mapped onto any output config(s)
I: [4/9] verdict in "kube-node-lease" namespace: Config Status is UNKNOWN since translation is SKIPPED on that namespace
I: [5/9] verdict in "kube-public" namespace: Config Status is UNKNOWN since translation is SKIPPED on that namespace
I: [6/9] verdict in "local-path-storage" namespace: Config Status is UNKNOWN since translation is SKIPPED on that namespace
I: [7/9] verdict in "metallb-system" namespace: Config Status is UNKNOWN since translation is SKIPPED on that namespace
I: [8/9] verdict in "tier1" namespace: Config Status is APPLIED since there were NO translation errors and the config IS mapped onto output config(s)
I: [9/9] verdict in "xcp-system" namespace: Config Status is UNKNOWN since translation is SKIPPED on that namespace
I: Status summary across 9 target namespace(s): APPLIED in 1 namespace(s), TRANSLATION SKIPPED in 7 namespace(s), TRANSLATED BUT NOT MAPPED in 1 namespace(s)
I: Using "lenient" strategy to decide on the aggregated status across 9 target namespace(s)
Q: Have there been any errors while translating this config in ANY of the 9 target namespaces?
A: No
Q: Has the config been APPLIED in at least ONE of the target namespaces?
A: Yes
Verdict: Config Status is "lenient" APPLIED since the config has been APPLIED in at least ONE of the target namespaces
Config Status:
```yaml
---
configId:
  group: xcp.tetrate.io
  kind: GlobalSetting
  name: global
  namespace: istio-system
  version: v2
details: 'Status summary across 9 target namespace(s): APPLIED in 1 namespace(s),
  TRANSLATION SKIPPED in 7 namespace(s), TRANSLATED BUT NOT MAPPED in 1 namespace(s)'
metadata:
  annotations:
    kubectl.kubernetes.io/last-applied-configuration: |
      {"apiVersion":"xcp.tetrate.io/v2","kind":"GlobalSetting","metadata":{"annotations":{},"name":"global","namespace":"xcp-system"},"spec":{"networkSettings":{"networkReachability":{"nw-cluster-0":"nw-cluster-1","nw-cluster-1":"nw-cluster-0"}}}}
result: APPLIED
```

2026-05-25T10:45:49.122925Z	debug	config-status	Explanation of the decision flow for the Config Status of "xcp.tetrate.io/Workspace" "passthrough-ws" version ""
Q: Is the config type "xcp.tetrate.io/v2/Workspace" supported by XCP?
A: Yes
Q: Is it an internal config of XCP?
A: No
Q: Is this config object managed by XCP?
A: Yes
Q: Did the Push Context report an ERROR for this config?
A: No
Q: Did the Push Context IGNORE this config?
A: No
Q: Does the namespace selector resolve into at least ONE namespace in this cluster?
A: Yes
I: Checking the config status in each of the 1 target namespace(s): [tier1]
I: [1/1] verdict in "tier1" namespace: Config Status is APPLIED since there were NO translation errors and the config IS mapped onto output config(s)
I: Status summary across 1 target namespace(s): APPLIED in 1 namespace(s)
I: Using "lenient" strategy to decide on the aggregated status across 1 target namespace(s)
Q: Have there been any errors while translating this config in ANY of the 1 target namespaces?
A: No
Q: Has the config been APPLIED in at least ONE of the target namespaces?
A: Yes
Verdict: Config Status is "lenient" APPLIED since the config has been APPLIED in at least ONE of the target namespaces
Config Status:
```yaml
---
configId:
  group: xcp.tetrate.io
  kind: Workspace
  name: passthrough-ws
  namespace: istio-system
  version: v2
details: 'Status summary across 1 target namespace(s): APPLIED in 1 namespace(s)'
metadata:
  annotations:
    kubectl.kubernetes.io/last-applied-configuration: |
      {"apiVersion":"xcp.tetrate.io/v2","kind":"Workspace","metadata":{"annotations":{},"name":"passthrough-ws","namespace":"xcp-system"},"spec":{"namespaceSelector":{"names":["cluster-0/tier1","cluster-1/echo"]}}}
result: APPLIED
```

2026-05-25T10:45:49.129224Z	info	http: superfluous response.WriteHeader call from github.com/tetrateio/xcp/xcpd/pkg/bootstrap.(*EdgeServer).reportGatewayHostsToService (debug_edge.go:114)
2026-05-25T10:46:25.706535Z	debug	discovery-server	Sending config resync request update to central xcp
2026-05-25T10:46:25.706731Z	debug	discovery-server	Done sending config resync request to central xcp
2026-05-25T10:46:25.707247Z	debug	discovery-server	Received resync keepalive response from central xcp.
2026-05-25T10:46:25.707303Z	debug	discovery-server	Waiting on recv for crds
2026-05-25T10:46:27.732131Z	debug	security	Read provided XCP Central certificate chain:
-----BEGIN CERTIFICATE-----
MIIFbTCCA1WgAwIBAgIUBD0/+0EfuEYZvVjrKE5cvNEja8swDQYJKoZIhvcNAQEL
BQAwRjELMAkGA1UEBhMCVVMxCzAJBgNVBAgMAkNBMRAwDgYDVQQKDAdUZXRyYXRl
MRgwFgYDVQQDDA9YQ1AtZTJlLXRlc3QtY2EwHhcNMjQwNjE3MTMxMjAzWhcNMzQw
NjE1MTMxMjAzWjBGMQswCQYDVQQGEwJVUzELMAkGA1UECAwCQ0ExEDAOBgNVBAoM
B1RldHJhdGUxGDAWBgNVBAMMD1hDUC1lMmUtdGVzdC1jYTCCAiIwDQYJKoZIhvcN
AQEBBQADggIPADCCAgoCggIBAIkO9mBBITqNjJed3zjKhu15p4EkX7qkDaKQjQdu
9zEvocDbtZU81ibmjuQFlL0vAiqHfKA8nUXKdidI9xHNdS7xUp3IlZoEFWX1jBUD
SLgQooe8BIIcEXfkVO019jLfMbDB5tQ6jzsjZ4F3ER5wh5rkLhEfbvq4ZiF3zQD/
82LDU5vwJ91qDWCHl8og9rla5MaAX2fTZhkQUQJiDip9uZ0Ft5lai1fKq8gICrod
4iPfiZH6sJB5cTC/aHd8CHY3FrJp8ZuGhZQzaV6PvfdFsCr+EISDlCkNdlNov7hA
Z8F8bRGrEqPAcYsS/Kk94oLAQBW7YvTPBrFnDWmyMnaKjCLGqTHmAY3tTrSI31lb
rnNakF2EGziOwNjxsI84d61U6KFtXMtsgKCNJr/MORVS/0f9yA7Q0WE5bEdx24m9
+qaWnMd5FtjC38GEALfSmo9YN3+Q+M+hdfipPKpv0khjHX7yPTrFvAOHi1wsy3Hj
1OdDFr/H9pG12DnlToVruVDfr5xypoWNK8pf2utZcMOcBzdfMNAVCqeE84BrPu2c
8mHinMfWX10X14nd2gdMUYyBgGqJGqiLuFMdthyCWpmg9BbYK013Esn36v8ap7gE
/VIiY/YTYNtmKE12IhBDa+y6izBXo69OAMB7iZHPDW5lnAXKfpGtaZO+9pqrTCI0
vdNTAgMBAAGjUzBRMB0GA1UdDgQWBBSlvheSoWwG4xtqKfuEWkYlmN0YbTAfBgNV
HSMEGDAWgBSlvheSoWwG4xtqKfuEWkYlmN0YbTAPBgNVHRMBAf8EBTADAQH/MA0G
CSqGSIb3DQEBCwUAA4ICAQACp7Yw/dQGSinvV0Z5kYjugapyBE7iIpyqRh2UgYzz
HT3bcXfSz95YO/TB+utF1C8g4yqxW8b5G0EIRgg9uqtxvrGmK18o6x2N1GEeCcfU
ke2xqrOP7dpWk3uwT2aeJN/LjfqR2KADscKtD7V5EN8v3JgH3Ul0M5g9RalaEppv
yQr0H9B8sdxRawIxD+HO1S/lsQhlGGCmgTQQF23gRmL1oxwR3Mujx9Se2NHZi0ha
fcyll1OLtUxsD6cNjwiqoiv5J1TV9Ukux2tyO/gQmdheuyZoKt6+lObL8DIStQuK
IGcaX7mMKGMD7URAR4crUSP6AFHZ4tRJ7Ryu0vv2+JBjH24LVM8PIHQYqgnAohar
7n/laa7bXlKueuTo7EAVGTYPnV/CGYm/MKJ1cYll/aRBFYcU4m+fOF4AAOo/8umu
kFFHbv+Abnei/pEYb77vsBaHE68gT5YLM/pY/6XXa2+UVROCBQXbLps/0GZk2FTS
tHKBteLYBVia9F7HSAP1wAl4qt+r7D7wm9gtchwp2vqNI6vMJYHSDbjk9q255DVs
Tew5/zH2PlvDaNMyLCnueC9VzFqBou/ZDmqUyOAlxDr4VC5NwnbgT8eyqcwlip3Y
9IWjGcTB5TSlndw5NVe48g1UTtR5Ji7mRyZxtLjLu0JPby9UJeM7ouJ+/y6ybh3U
oQ==
-----END CERTIFICATE-----

2026-05-25T10:46:27.732458Z	info	grpc-client	Fetched CA certificates required to verify connection to central
2026-05-25T10:46:28.732151Z	error	stream	[config-status] Error receiving on stream: gRPC status code Unavailable: closing transport due to: connection error: desc = "error reading from server: EOF", received prior goaway: code: ENHANCE_YOUR_CALM, debug data: "too_many_pings"	name=config-status-771be08d
2026-05-25T10:46:28.732182Z	debug	stream	[config-status] canceling context	name=config-status-771be08d
2026-05-25T10:46:28.732191Z	debug	stream	[config-status] wg wait	name=config-status-771be08d
2026-05-25T10:46:28.732224Z	error	stream	[config-status] Error sending on stream: sendFunc returning on exit	name=config-status-771be08d
2026-05-25T10:46:28.732233Z	warn	stream	[config-status] Error sending on stream: sendFunc returning on exit	name=config-status-771be08d
2026-05-25T10:46:28.732235Z	debug	stream	[config-status] closing stream	name=config-status-771be08d
2026-05-25T10:46:28.732239Z	debug	stream	[config-status] sending CloseSend	name=config-status-771be08d
2026-05-25T10:46:28.732253Z	info	stream	[config-status] closed stream, err=<nil>	name=config-status-771be08d
2026-05-25T10:46:28.732258Z	info	stream	[config-status] establishing new stream	name=config-status-771be08d
2026-05-25T10:46:28.732262Z	info	stream	[config-status] connecting new permanent stream with max age 8760h0m0s	name=config-status-771be08d
2026-05-25T10:46:28.732389Z	info	discovery-server	Connecting to XCP central using JWT auth
2026-05-25T10:46:28.732444Z	debug	security	Read provided XCP Central certificate chain:
-----BEGIN CERTIFICATE-----
MIIFbTCCA1WgAwIBAgIUBD0/+0EfuEYZvVjrKE5cvNEja8swDQYJKoZIhvcNAQEL
BQAwRjELMAkGA1UEBhMCVVMxCzAJBgNVBAgMAkNBMRAwDgYDVQQKDAdUZXRyYXRl
MRgwFgYDVQQDDA9YQ1AtZTJlLXRlc3QtY2EwHhcNMjQwNjE3MTMxMjAzWhcNMzQw
NjE1MTMxMjAzWjBGMQswCQYDVQQGEwJVUzELMAkGA1UECAwCQ0ExEDAOBgNVBAoM
B1RldHJhdGUxGDAWBgNVBAMMD1hDUC1lMmUtdGVzdC1jYTCCAiIwDQYJKoZIhvcN
AQEBBQADggIPADCCAgoCggIBAIkO9mBBITqNjJed3zjKhu15p4EkX7qkDaKQjQdu
9zEvocDbtZU81ibmjuQFlL0vAiqHfKA8nUXKdidI9xHNdS7xUp3IlZoEFWX1jBUD
SLgQooe8BIIcEXfkVO019jLfMbDB5tQ6jzsjZ4F3ER5wh5rkLhEfbvq4ZiF3zQD/
82LDU5vwJ91qDWCHl8og9rla5MaAX2fTZhkQUQJiDip9uZ0Ft5lai1fKq8gICrod
4iPfiZH6sJB5cTC/aHd8CHY3FrJp8ZuGhZQzaV6PvfdFsCr+EISDlCkNdlNov7hA
Z8F8bRGrEqPAcYsS/Kk94oLAQBW7YvTPBrFnDWmyMnaKjCLGqTHmAY3tTrSI31lb
rnNakF2EGziOwNjxsI84d61U6KFtXMtsgKCNJr/MORVS/0f9yA7Q0WE5bEdx24m9
+qaWnMd5FtjC38GEALfSmo9YN3+Q+M+hdfipPKpv0khjHX7yPTrFvAOHi1wsy3Hj
1OdDFr/H9pG12DnlToVruVDfr5xypoWNK8pf2utZcMOcBzdfMNAVCqeE84BrPu2c
8mHinMfWX10X14nd2gdMUYyBgGqJGqiLuFMdthyCWpmg9BbYK013Esn36v8ap7gE
/VIiY/YTYNtmKE12IhBDa+y6izBXo69OAMB7iZHPDW5lnAXKfpGtaZO+9pqrTCI0
vdNTAgMBAAGjUzBRMB0GA1UdDgQWBBSlvheSoWwG4xtqKfuEWkYlmN0YbTAfBgNV
HSMEGDAWgBSlvheSoWwG4xtqKfuEWkYlmN0YbTAPBgNVHRMBAf8EBTADAQH/MA0G
CSqGSIb3DQEBCwUAA4ICAQACp7Yw/dQGSinvV0Z5kYjugapyBE7iIpyqRh2UgYzz
HT3bcXfSz95YO/TB+utF1C8g4yqxW8b5G0EIRgg9uqtxvrGmK18o6x2N1GEeCcfU
ke2xqrOP7dpWk3uwT2aeJN/LjfqR2KADscKtD7V5EN8v3JgH3Ul0M5g9RalaEppv
yQr0H9B8sdxRawIxD+HO1S/lsQhlGGCmgTQQF23gRmL1oxwR3Mujx9Se2NHZi0ha
fcyll1OLtUxsD6cNjwiqoiv5J1TV9Ukux2tyO/gQmdheuyZoKt6+lObL8DIStQuK
IGcaX7mMKGMD7URAR4crUSP6AFHZ4tRJ7Ryu0vv2+JBjH24LVM8PIHQYqgnAohar
7n/laa7bXlKueuTo7EAVGTYPnV/CGYm/MKJ1cYll/aRBFYcU4m+fOF4AAOo/8umu
kFFHbv+Abnei/pEYb77vsBaHE68gT5YLM/pY/6XXa2+UVROCBQXbLps/0GZk2FTS
tHKBteLYBVia9F7HSAP1wAl4qt+r7D7wm9gtchwp2vqNI6vMJYHSDbjk9q255DVs
Tew5/zH2PlvDaNMyLCnueC9VzFqBou/ZDmqUyOAlxDr4VC5NwnbgT8eyqcwlip3Y
9IWjGcTB5TSlndw5NVe48g1UTtR5Ji7mRyZxtLjLu0JPby9UJeM7ouJ+/y6ybh3U
oQ==
-----END CERTIFICATE-----

2026-05-25T10:46:28.732489Z	info	grpc-client	Fetched CA certificates required to verify connection to central
2026-05-25T10:46:28.732515Z	debug	security	Read provided XCP Central certificate chain:
-----BEGIN CERTIFICATE-----
MIIFbTCCA1WgAwIBAgIUBD0/+0EfuEYZvVjrKE5cvNEja8swDQYJKoZIhvcNAQEL
BQAwRjELMAkGA1UEBhMCVVMxCzAJBgNVBAgMAkNBMRAwDgYDVQQKDAdUZXRyYXRl
MRgwFgYDVQQDDA9YQ1AtZTJlLXRlc3QtY2EwHhcNMjQwNjE3MTMxMjAzWhcNMzQw
NjE1MTMxMjAzWjBGMQswCQYDVQQGEwJVUzELMAkGA1UECAwCQ0ExEDAOBgNVBAoM
B1RldHJhdGUxGDAWBgNVBAMMD1hDUC1lMmUtdGVzdC1jYTCCAiIwDQYJKoZIhvcN
AQEBBQADggIPADCCAgoCggIBAIkO9mBBITqNjJed3zjKhu15p4EkX7qkDaKQjQdu
9zEvocDbtZU81ibmjuQFlL0vAiqHfKA8nUXKdidI9xHNdS7xUp3IlZoEFWX1jBUD
SLgQooe8BIIcEXfkVO019jLfMbDB5tQ6jzsjZ4F3ER5wh5rkLhEfbvq4ZiF3zQD/
82LDU5vwJ91qDWCHl8og9rla5MaAX2fTZhkQUQJiDip9uZ0Ft5lai1fKq8gICrod
4iPfiZH6sJB5cTC/aHd8CHY3FrJp8ZuGhZQzaV6PvfdFsCr+EISDlCkNdlNov7hA
Z8F8bRGrEqPAcYsS/Kk94oLAQBW7YvTPBrFnDWmyMnaKjCLGqTHmAY3tTrSI31lb
rnNakF2EGziOwNjxsI84d61U6KFtXMtsgKCNJr/MORVS/0f9yA7Q0WE5bEdx24m9
+qaWnMd5FtjC38GEALfSmo9YN3+Q+M+hdfipPKpv0khjHX7yPTrFvAOHi1wsy3Hj
1OdDFr/H9pG12DnlToVruVDfr5xypoWNK8pf2utZcMOcBzdfMNAVCqeE84BrPu2c
8mHinMfWX10X14nd2gdMUYyBgGqJGqiLuFMdthyCWpmg9BbYK013Esn36v8ap7gE
/VIiY/YTYNtmKE12IhBDa+y6izBXo69OAMB7iZHPDW5lnAXKfpGtaZO+9pqrTCI0
vdNTAgMBAAGjUzBRMB0GA1UdDgQWBBSlvheSoWwG4xtqKfuEWkYlmN0YbTAfBgNV
HSMEGDAWgBSlvheSoWwG4xtqKfuEWkYlmN0YbTAPBgNVHRMBAf8EBTADAQH/MA0G
CSqGSIb3DQEBCwUAA4ICAQACp7Yw/dQGSinvV0Z5kYjugapyBE7iIpyqRh2UgYzz
HT3bcXfSz95YO/TB+utF1C8g4yqxW8b5G0EIRgg9uqtxvrGmK18o6x2N1GEeCcfU
ke2xqrOP7dpWk3uwT2aeJN/LjfqR2KADscKtD7V5EN8v3JgH3Ul0M5g9RalaEppv
yQr0H9B8sdxRawIxD+HO1S/lsQhlGGCmgTQQF23gRmL1oxwR3Mujx9Se2NHZi0ha
fcyll1OLtUxsD6cNjwiqoiv5J1TV9Ukux2tyO/gQmdheuyZoKt6+lObL8DIStQuK
IGcaX7mMKGMD7URAR4crUSP6AFHZ4tRJ7Ryu0vv2+JBjH24LVM8PIHQYqgnAohar
7n/laa7bXlKueuTo7EAVGTYPnV/CGYm/MKJ1cYll/aRBFYcU4m+fOF4AAOo/8umu
kFFHbv+Abnei/pEYb77vsBaHE68gT5YLM/pY/6XXa2+UVROCBQXbLps/0GZk2FTS
tHKBteLYBVia9F7HSAP1wAl4qt+r7D7wm9gtchwp2vqNI6vMJYHSDbjk9q255DVs
Tew5/zH2PlvDaNMyLCnueC9VzFqBou/ZDmqUyOAlxDr4VC5NwnbgT8eyqcwlip3Y
9IWjGcTB5TSlndw5NVe48g1UTtR5Ji7mRyZxtLjLu0JPby9UJeM7ouJ+/y6ybh3U
oQ==
-----END CERTIFICATE-----

2026-05-25T10:46:28.732536Z	info	grpc-client	Fetched CA certificates required to verify connection to central
2026-05-25T10:46:28.734575Z	debug	security	Read provided XCP Central certificate chain:
-----BEGIN CERTIFICATE-----
MIIFbTCCA1WgAwIBAgIUBD0/+0EfuEYZvVjrKE5cvNEja8swDQYJKoZIhvcNAQEL
BQAwRjELMAkGA1UEBhMCVVMxCzAJBgNVBAgMAkNBMRAwDgYDVQQKDAdUZXRyYXRl
MRgwFgYDVQQDDA9YQ1AtZTJlLXRlc3QtY2EwHhcNMjQwNjE3MTMxMjAzWhcNMzQw
NjE1MTMxMjAzWjBGMQswCQYDVQQGEwJVUzELMAkGA1UECAwCQ0ExEDAOBgNVBAoM
B1RldHJhdGUxGDAWBgNVBAMMD1hDUC1lMmUtdGVzdC1jYTCCAiIwDQYJKoZIhvcN
AQEBBQADggIPADCCAgoCggIBAIkO9mBBITqNjJed3zjKhu15p4EkX7qkDaKQjQdu
9zEvocDbtZU81ibmjuQFlL0vAiqHfKA8nUXKdidI9xHNdS7xUp3IlZoEFWX1jBUD
SLgQooe8BIIcEXfkVO019jLfMbDB5tQ6jzsjZ4F3ER5wh5rkLhEfbvq4ZiF3zQD/
82LDU5vwJ91qDWCHl8og9rla5MaAX2fTZhkQUQJiDip9uZ0Ft5lai1fKq8gICrod
4iPfiZH6sJB5cTC/aHd8CHY3FrJp8ZuGhZQzaV6PvfdFsCr+EISDlCkNdlNov7hA
Z8F8bRGrEqPAcYsS/Kk94oLAQBW7YvTPBrFnDWmyMnaKjCLGqTHmAY3tTrSI31lb
rnNakF2EGziOwNjxsI84d61U6KFtXMtsgKCNJr/MORVS/0f9yA7Q0WE5bEdx24m9
+qaWnMd5FtjC38GEALfSmo9YN3+Q+M+hdfipPKpv0khjHX7yPTrFvAOHi1wsy3Hj
1OdDFr/H9pG12DnlToVruVDfr5xypoWNK8pf2utZcMOcBzdfMNAVCqeE84BrPu2c
8mHinMfWX10X14nd2gdMUYyBgGqJGqiLuFMdthyCWpmg9BbYK013Esn36v8ap7gE
/VIiY/YTYNtmKE12IhBDa+y6izBXo69OAMB7iZHPDW5lnAXKfpGtaZO+9pqrTCI0
vdNTAgMBAAGjUzBRMB0GA1UdDgQWBBSlvheSoWwG4xtqKfuEWkYlmN0YbTAfBgNV
HSMEGDAWgBSlvheSoWwG4xtqKfuEWkYlmN0YbTAPBgNVHRMBAf8EBTADAQH/MA0G
CSqGSIb3DQEBCwUAA4ICAQACp7Yw/dQGSinvV0Z5kYjugapyBE7iIpyqRh2UgYzz
HT3bcXfSz95YO/TB+utF1C8g4yqxW8b5G0EIRgg9uqtxvrGmK18o6x2N1GEeCcfU
ke2xqrOP7dpWk3uwT2aeJN/LjfqR2KADscKtD7V5EN8v3JgH3Ul0M5g9RalaEppv
yQr0H9B8sdxRawIxD+HO1S/lsQhlGGCmgTQQF23gRmL1oxwR3Mujx9Se2NHZi0ha
fcyll1OLtUxsD6cNjwiqoiv5J1TV9Ukux2tyO/gQmdheuyZoKt6+lObL8DIStQuK
IGcaX7mMKGMD7URAR4crUSP6AFHZ4tRJ7Ryu0vv2+JBjH24LVM8PIHQYqgnAohar
7n/laa7bXlKueuTo7EAVGTYPnV/CGYm/MKJ1cYll/aRBFYcU4m+fOF4AAOo/8umu
kFFHbv+Abnei/pEYb77vsBaHE68gT5YLM/pY/6XXa2+UVROCBQXbLps/0GZk2FTS
tHKBteLYBVia9F7HSAP1wAl4qt+r7D7wm9gtchwp2vqNI6vMJYHSDbjk9q255DVs
Tew5/zH2PlvDaNMyLCnueC9VzFqBou/ZDmqUyOAlxDr4VC5NwnbgT8eyqcwlip3Y
9IWjGcTB5TSlndw5NVe48g1UTtR5Ji7mRyZxtLjLu0JPby9UJeM7ouJ+/y6ybh3U
oQ==
-----END CERTIFICATE-----

2026-05-25T10:46:28.734630Z	info	grpc-client	Fetched CA certificates required to verify connection to central
2026-05-25T10:46:28.736835Z	debug	status	re-triggering status report on connect
2026-05-25T10:46:28.736835Z	info	stream	[config-status] connected	name=config-status-771be08d
2026-05-25T10:46:28.736854Z	debug	stream	[config-status] Spawning cluster statusLabel send goroutine	name=config-status-771be08d
2026-05-25T10:46:28.736861Z	debug	status	sent-epoch(66) matches generated-epoch(66) and hence skipping
