2026-05-20T18:18:12.973717Z	info	FLAG: --caCertFile=""
2026-05-20T18:18:12.973785Z	info	FLAG: --clusterAliases="[]"
2026-05-20T18:18:12.973790Z	info	FLAG: --clusterID="cluster-1"
2026-05-20T18:18:12.973791Z	info	FLAG: --clusterRegistriesNamespace="istio-system"
2026-05-20T18:18:12.973792Z	info	FLAG: --cniNamespace="istio-system"
2026-05-20T18:18:12.973793Z	info	FLAG: --configDir=""
2026-05-20T18:18:12.973796Z	info	FLAG: --ctrlz_address="localhost"
2026-05-20T18:18:12.973799Z	info	FLAG: --ctrlz_port="9876"
2026-05-20T18:18:12.973800Z	info	FLAG: --domain="cluster.local"
2026-05-20T18:18:12.973801Z	info	FLAG: --grpcAddr=":15010"
2026-05-20T18:18:12.973803Z	info	FLAG: --help="false"
2026-05-20T18:18:12.973806Z	info	FLAG: --httpAddr=":8080"
2026-05-20T18:18:12.973807Z	info	FLAG: --httpsAddr=":15017"
2026-05-20T18:18:12.973809Z	info	FLAG: --keepaliveInterval="30s"
2026-05-20T18:18:12.973814Z	info	FLAG: --keepaliveMaxServerConnectionAge="30m0s"
2026-05-20T18:18:12.973817Z	info	FLAG: --keepaliveTimeout="10s"
2026-05-20T18:18:12.973817Z	info	FLAG: --kubeconfig=""
2026-05-20T18:18:12.973819Z	info	FLAG: --kubernetesApiBurst="160"
2026-05-20T18:18:12.973821Z	info	FLAG: --kubernetesApiQPS="80"
2026-05-20T18:18:12.973825Z	info	FLAG: --log_as_json="false"
2026-05-20T18:18:12.973828Z	info	FLAG: --log_caller=""
2026-05-20T18:18:12.973829Z	info	FLAG: --log_output_level="default:info"
2026-05-20T18:18:12.973830Z	info	FLAG: --log_stacktrace_level="default:none"
2026-05-20T18:18:12.973833Z	info	FLAG: --log_target="[stdout]"
2026-05-20T18:18:12.973840Z	info	FLAG: --meshConfig="./etc/istio/config/mesh"
2026-05-20T18:18:12.973841Z	info	FLAG: --monitoringAddr=":15014"
2026-05-20T18:18:12.973842Z	info	FLAG: --namespace="istio-system"
2026-05-20T18:18:12.973859Z	info	FLAG: --networksConfig="./etc/istio/config/meshNetworks"
2026-05-20T18:18:12.973863Z	info	FLAG: --profile="true"
2026-05-20T18:18:12.973868Z	info	FLAG: --registries="[Kubernetes]"
2026-05-20T18:18:12.973869Z	info	FLAG: --secureGRPCAddr=":15012"
2026-05-20T18:18:12.973870Z	info	FLAG: --shutdownDuration="10s"
2026-05-20T18:18:12.973872Z	info	FLAG: --tls-cipher-suites="[]"
2026-05-20T18:18:12.973875Z	info	FLAG: --tlsCertFile=""
2026-05-20T18:18:12.973876Z	info	FLAG: --tlsKeyFile=""
2026-05-20T18:18:12.973877Z	info	FLAG: --vklog="0"
2026-05-20T18:18:12.982935Z	info	initializing Istiod admin server
2026-05-20T18:18:12.986142Z	info	starting HTTP service at [::]:8080
2026-05-20T18:18:12.986300Z	info	initializing mesh configuration ./etc/istio/config/mesh
2026-05-20T18:18:12.986392Z	info	sync complete	name=MeshConfig attempt=1 time=542ns
2026-05-20T18:18:12.986418Z	info	sync complete	name=MeshConfig attempt=1 time=84ns
2026-05-20T18:18:12.986661Z	info	sync complete	name=ConfigMap_istio-stable_mesh attempt=1 time=125ns
2026-05-20T18:18:12.986680Z	info	sync complete	name=ConfigMap_istio-stable_mesh attempt=1 time=41ns
2026-05-20T18:18:12.993052Z	info	sync complete	name=ConfigMap_istio-stable attempt=3 time=6.578916ms
2026-05-20T18:18:12.993114Z	info	krt	ConfigMap_istio-stable synced	owner=ConfigMap_istio-stable
2026-05-20T18:18:12.996987Z	info	sync complete	name=ConfigMap_istio-stable handler attempt=2 time=3.819209ms
2026-05-20T18:18:12.997045Z	info	krt	ConfigMap_istio-stable_mesh synced (uid 4)	owner=ConfigMap_istio-stable_mesh
2026-05-20T18:18:12.997863Z	info	krt	MeshConfig synced (uid 6)	owner=MeshConfig
2026-05-20T18:18:12.998567Z	info	mesh configuration: accessLogFile: /dev/stdout
accessLogFormat: |
  [%START_TIME%] "%REQ(:METHOD)% %REQ(X-ENVOY-ORIGINAL-PATH?:PATH)% %PROTOCOL%" %RESPONSE_CODE% %RESPONSE_FLAGS% %RESPONSE_CODE_DETAILS% %CONNECTION_TERMINATION_DETAILS% "%UPSTREAM_TRANSPORT_FAILURE_REASON%" %BYTES_RECEIVED% %BYTES_SENT% %DURATION% %RESP(X-ENVOY-UPSTREAM-SERVICE-TIME)% "%REQ(X-FORWARDED-FOR)%" "%REQ(USER-AGENT)%" "%REQ(X-REQUEST-ID)%" "%REQ(:AUTHORITY)%" "%UPSTREAM_HOST%" %UPSTREAM_CLUSTER% %UPSTREAM_LOCAL_ADDRESS% %DOWNSTREAM_LOCAL_ADDRESS% %DOWNSTREAM_REMOTE_ADDRESS% %REQUESTED_SERVER_NAME% %ROUTE_NAME%
connectTimeout: 10s
defaultConfig:
  binaryPath: /usr/local/bin/envoy
  configPath: ./etc/istio/proxy
  controlPlaneAuthPolicy: MUTUAL_TLS
  discoveryAddress: istiod-stable.istio-system.svc:15012
  drainDuration: 45s
  holdApplicationUntilProxyStarts: true
  proxyAdminPort: 15000
  proxyMetadata:
    EXIT_ON_ZERO_ACTIVE_CONNECTIONS: "true"
    ISTIO_META_DNS_CAPTURE: "true"
  serviceCluster: istio-proxy
  statNameLength: 189
  statusPort: 15020
  terminationDrainDuration: 5s
  tracing:
    customTags:
      cluster:
        literal:
          value: cluster-1
defaultDestinationRuleExportTo:
- '*'
defaultProviders:
  metrics:
  - prometheus
defaultServiceExportTo:
- '*'
defaultVirtualServiceExportTo:
- '*'
discoverySelectors:
- matchLabels:
    istio.io/rev: stable
- matchLabels:
    tetrate.io/rev: stable
- matchExpressions:
  - key: istio.io/rev
    operator: DoesNotExist
dnsRefreshRate: 60s
enableAutoMtls: true
enableEnvoyAccessLogService: true
enablePrometheusMerge: true
enableTracing: true
extensionProviders:
- name: prometheus
  prometheus: {}
- name: stackdriver
  stackdriver: {}
- envoyFileAccessLog:
    path: /dev/stdout
  name: envoy
inboundTrafficPolicy: {}
ingressClass: istio
ingressControllerMode: STRICT
ingressService: istio-ingressgateway
localityLbSetting:
  enabled: true
outboundTrafficPolicy:
  mode: ALLOW_ANY
protocolDetectionTimeout: 0s
proxyInboundListenPort: 15006
proxyListenPort: 15001
rootNamespace: istio-system
trustDomain: cluster.local
trustDomainAliases:
- cluster.local

2026-05-20T18:18:12.998576Z	info	version: 1.28.3-3b82a7d635-3b82a7d6352fc165489aa5c5be1077c6b705b4c9-Clean
2026-05-20T18:18:12.998841Z	info	flags: CniNamespace: istio-system
CtrlZOptions:
  Address: localhost
  EnablePprof: false
  Port: 9876
DiscoveryRevisions:
  global: {}
  stable: {}
InjectionOptions:
  InjectionDirectory: ./var/lib/istio/inject
JwtRule: ""
KeepaliveOptions:
  MaxServerConnectionAge: 1800000000000
  MaxServerConnectionAgeGrace: 10000000000
  Time: 30000000000
  Timeout: 10000000000
MeshConfigFile: ./etc/istio/config/mesh
Namespace: istio-system
NetworksConfigFile: ./etc/istio/config/meshNetworks
PodName: istiod-stable-b4c7c467b-2sqsx
RegistryOptions:
  ClusterRegistriesNamespace: istio-system
  FileDir: ""
  KubeConfig: ""
  KubeOptions:
    ClusterAliases: {}
    ClusterID: cluster-1
    CniNamespace: ""
    ConfigCluster: false
    DiscoveryRevisions:
      global: {}
      stable: {}
    DomainSuffix: cluster.local
    KrtDebugger: null
    KubernetesAPIBurst: 160
    KubernetesAPIQPS: 80
    MeshNetworksWatcher: null
    MeshServiceController: null
    MeshWatcher: null
    Metrics: null
    Revision: stable
    StatusWritingEnabled: null
    SyncTimeout: 0
    SystemNamespace: ""
    XDSUpdater: null
  Registries:
  - Kubernetes
Revision: stable
ServerOptions:
  EnableProfiling: true
  GRPCAddr: :15010
  HTTPAddr: :8080
  HTTPSAddr: :15017
  MonitoringAddr: :15014
  SecureGRPCAddr: :15012
  TLSOptions:
    CaCertFile: ""
    CertFile: ""
    CipherSuites: null
    KeyFile: ""
    TLSCipherSuites: null
ShutdownDuration: 10000000000

2026-05-20T18:18:13.001119Z	info	sync complete	name=discovery filter attempt=2 time=2.191167ms
2026-05-20T18:18:13.001153Z	info	initializing mesh networks configuration ./etc/istio/config/meshNetworks
2026-05-20T18:18:13.001197Z	info	sync complete	name=MeshNetworks attempt=1 time=125ns
2026-05-20T18:18:13.001223Z	info	sync complete	name=MeshNetworks attempt=1 time=42ns
2026-05-20T18:18:13.001258Z	info	sync complete	name=ConfigMap_istio-stable attempt=1 time=584ns
2026-05-20T18:18:13.001268Z	info	krt	ConfigMap_istio-stable synced	owner=ConfigMap_istio-stable
2026-05-20T18:18:13.001271Z	info	sync complete	name=ConfigMap_istio-stable_meshNetworks attempt=1 time=84ns
2026-05-20T18:18:13.001276Z	info	sync complete	name=ConfigMap_istio-stable_meshNetworks attempt=1 time=42ns
2026-05-20T18:18:13.004190Z	info	sync complete	name=ConfigMap_istio-stable handler attempt=2 time=2.891667ms
2026-05-20T18:18:13.004218Z	info	krt	ConfigMap_istio-stable_meshNetworks synced (uid 9)	owner=ConfigMap_istio-stable_meshNetworks
2026-05-20T18:18:13.004311Z	info	krt	MeshNetworks synced (uid 11)	owner=MeshNetworks
2026-05-20T18:18:13.004330Z	info	mesh networks configuration: {}

2026-05-20T18:18:13.004333Z	info	initializing mesh handlers
2026-05-20T18:18:13.004373Z	info	model	reloading network gateways
2026-05-20T18:18:13.004380Z	info	creating CA and initializing public key
2026-05-20T18:18:13.004390Z	info	Using istiod file format for signing ca files
2026-05-20T18:18:13.004404Z	info	Use local CA certificate
2026-05-20T18:18:13.004958Z	info	Added cacerts files watcher at ./etc/cacerts
2026-05-20T18:18:13.004971Z	info	initializing controllers
2026-05-20T18:18:13.005577Z	info	sync complete	name=gateway/informer/Namespaces attempt=1 time=1µs
2026-05-20T18:18:13.005586Z	info	krt	gateway/informer/Namespaces synced	owner=gateway/informer/Namespaces
2026-05-20T18:18:13.005653Z	info	krt	gateway/ListenerSets synced (uid 99)	owner=gateway/ListenerSets
2026-05-20T18:18:13.005670Z	info	krt	gateway/InferenceExtension synced (uid 104)	owner=gateway/InferenceExtension
2026-05-20T18:18:13.005690Z	info	krt	gateway/TCPRoute/count synced (uid 106)	owner=gateway/TCPRoute/count
2026-05-20T18:18:13.005701Z	info	krt	gateway/TCPAncestors synced (uid 107)	owner=gateway/TCPAncestors
2026-05-20T18:18:13.005709Z	info	krt	gateway/TCPRoute synced (uid 109)	owner=gateway/TCPRoute
2026-05-20T18:18:13.005724Z	info	krt	gateway/TLSRoute/count synced (uid 110)	owner=gateway/TLSRoute/count
2026-05-20T18:18:13.005732Z	info	krt	gateway/TLSAncestors synced (uid 111)	owner=gateway/TLSAncestors
2026-05-20T18:18:13.005740Z	info	krt	gateway/TLSRoute synced (uid 113)	owner=gateway/TLSRoute
2026-05-20T18:18:13.005900Z	info	krt	gateway/BackendTrafficPolicy synced (uid 133)	owner=gateway/BackendTrafficPolicy
2026-05-20T18:18:13.007001Z	info	Adding Kubernetes registry adapter
2026-05-20T18:18:13.007037Z	info	Discover server subject alt names: [istio-pilot.istio-system.svc istiod-remote.istio-system.svc istiod-stable.istio-system.svc istiod.istio-system.svc]
2026-05-20T18:18:13.007063Z	info	initializing Istiod DNS certificates host: istiod-stable.istio-system.svc, custom host: 
2026-05-20T18:18:13.097559Z	info	Generating istiod-signed cert for [istio-pilot.istio-system.svc istiod-remote.istio-system.svc istiod-stable.istio-system.svc istiod.istio-system.svc]:
 -----BEGIN CERTIFICATE-----
MIIDsDCCApigAwIBAgIQQeEUoVs6pzxOeo7dj9VjhTANBgkqhkiG9w0BAQsFADA+
MRIwEAYDVQQHEwljbHVzdGVyLTExDjAMBgNVBAoTBUlzdGlvMRgwFgYDVQQDEw9J
bnRlcm1lZGlhdGUgQ0EwHhcNMjYwNTIwMTgxNjEzWhcNMzYwNTE3MTgxODEzWjAA
MIIBIjANBgkqhkiG9w0BAQEFAAOCAQ8AMIIBCgKCAQEAqkEZgDYoR8r02MK2YOUZ
hPArCMQsuQyIaZd5O8gqB8cSUHXfOF9Fb877N4vbqU0d9MB6gzy1qwvUDQsuZibj
lQ8zKlPzc/7zxgwlLigvHnmTsL8gJTDo/AD2lrTHzVh1fylL6I3E2R1pjD87OB3J
vWiDVR8FX2KCsVbojJmToOEZB4TWUM0aTUXHK2ncq8QY5DLjH8DpVh5l5W8kwCgT
fUCLTuU4eOGPedDv9UUCw2aonXyYA7UxDN8+nnrTN2GrVTUeq+Rzrjsk6LLCNpOg
asAtLPSXjDI9diEnya1NZobXbrFbLsPyaXIg+3XAchUa2RgiXaFEp7OXjpnovIbs
EwIDAQABo4HnMIHkMA4GA1UdDwEB/wQEAwIFoDAdBgNVHSUEFjAUBggrBgEFBQcD
AQYIKwYBBQUHAwIwDAYDVR0TAQH/BAIwADAfBgNVHSMEGDAWgBT93OJpJCMsoqgB
E/Opchmup70JuzCBgwYDVR0RAQH/BHkwd4IcaXN0aW8tcGlsb3QuaXN0aW8tc3lz
dGVtLnN2Y4IeaXN0aW9kLXJlbW90ZS5pc3Rpby1zeXN0ZW0uc3Zjgh5pc3Rpb2Qt
c3RhYmxlLmlzdGlvLXN5c3RlbS5zdmOCF2lzdGlvZC5pc3Rpby1zeXN0ZW0uc3Zj
MA0GCSqGSIb3DQEBCwUAA4IBAQAbQcRCK5DPVrMnZabaGNRXdMTLPsnPStOTulmS
x2K/31FpTJNbxvTITT3pRiJ3rXo0BMOUYtDiI3ddF0lhypEMdh0g8i8oquiZYpx2
91NRXE+em6db6LyhD/eGLhspZhZYDni55eqkMfJ4dKyV0Ht29rNIbbEYID5zg55L
filwDn3NK7NxOV9G7LztiGcWdKPSuTh3qwsVsI062GLCvI/PMtd6hoTGLrx0AIuC
xeN1X+8kyPDpPmmHcDvKSS+QE/d22MiD3xTL9xz07DThCbMHco/DH4DMWfjpnpi6
uDD/S9gpqwWMqqq7VW1J8LdXuBANxnOxztnJb4sGdpno7SD+
-----END CERTIFICATE-----
-----BEGIN CERTIFICATE-----
MIIDUjCCAjqgAwIBAgIRAM7kGxpUlyUGUOz4jdQRbRswDQYJKoZIhvcNAQELBQAw
ADAeFw0yNjA1MjAxODE2MjZaFw0yNzA1MjAxODE2MjZaMD4xEjAQBgNVBAcTCWNs
dXN0ZXItMTEOMAwGA1UEChMFSXN0aW8xGDAWBgNVBAMTD0ludGVybWVkaWF0ZSBD
QTCCASIwDQYJKoZIhvcNAQEBBQADggEPADCCAQoCggEBAKZiu78wdBAh/MeV2jr1
OIo5kQ6LxUGxinTGWWLDO7MuFv36G3F6+IWBPa3wtJsC4jk/UZ0Fcnlun4H225Vo
VPRN+S1IpEPAN4OrJb81HT3BRmgwGXhcQZEu+7vZUNmmp71zyErETdUEkB1P07s9
h32gH74CSmpjjk7LNF+EXdSuWYWiRP1qaK6AtqNl6aFnJGSaKcRVyNnnAzEnxoWm
frPfdR+TK+7yXjRj9VTJKThjam+iD5pqukZyvl1mCPrezefIYt0rD+whkRB+FnrI
zgBOOwRN72xCKg8OR7cSP7Ba8RbDZT3WupM+gjnHXN8RyUCRp2M0LreOE4WWFRUP
Ol0CAwEAAaOBiDCBhTAOBgNVHQ8BAf8EBAMCAuQwDwYDVR0TAQH/BAUwAwEB/zAd
BgNVHQ4EFgQU/dziaSQjLKKoARPzqXIZrqe9CbswHwYDVR0jBBgwFoAURWAQ5WA5
mttPe4Ln8jaoeAWAH6YwIgYDVR0RBBswGYIXaXN0aW9kLmlzdGlvLXN5c3RlbS5z
dmMwDQYJKoZIhvcNAQELBQADggEBAGfbGUS/LWUDhmJ6/Na7diJZZN35k2wR1806
yEeGUBsDoMJEn2DTjDKFbcGXfVMR1XcCzzWyHJuFO2VbloLjyahxU+Q2DXAJlBcs
50i8u7XDmyCkhq4QXLNMj1YNEdQ4/0OwAU1yqAUbT6XXtXFaHI2Ia7JFfjQ4/Fmm
IH773sb/aDfLrDXxbrKeA5VZnRUXD0lh8dKmOvPBAZeaL0Ue9/nSQ9ZXma/+iPYJ
2lVvAN+Zb4G307EFkJD35y8Wa56iRVjjD/v/EUGiWJQ4ZURPsoKtVtuyiDJp/pny
axWsGhJuRFdYbvLBxtOxIDYigoIATI+2sxj6f3Fng+uyDjVWEAw=
-----END CERTIFICATE-----

-----BEGIN CERTIFICATE-----
MIIDEjCCAfqgAwIBAgIQbgvP8M2vqN5M2UBBS9FcezANBgkqhkiG9w0BAQsFADAA
MB4XDTI2MDUyMDE4MTAyN1oXDTI3MDUyMDE4MTAyN1owADCCASIwDQYJKoZIhvcN
AQEBBQADggEPADCCAQoCggEBAMx8kCtoFSNzKNyDDJMdlVzHdZserXrrTqm6jWVt
cyIzX2LoDnu659MIwUlTPA3CUzCiu/GsUSB7dRfCLapMWOVHpHXEfPH8R3eIYcb4
s8iZFnr+J+zTPCPCrnIcUE07uYVOjaoD2treBBPfUes/ZR54d+lDUyHFYA0lMZ2J
54ykiAdcluLhMbbIZguMCQWWyxyJ07jNzGFd0whs01FrVb39uHz4u2YkEAXbjGdn
3+Q8dtB3uYQRni/V17nWvlvX/A63UJDq/7y5k+qMN6O6DMHubMbM534AhCiTUxLq
2pgTNuBKkBKO4jB4xxe5zlzM4TAPvsb0OGEUVf96WvcqX8kCAwEAAaOBhzCBhDAO
BgNVHQ8BAf8EBAMCAgQwDwYDVR0lBAgwBgYEVR0lADAPBgNVHRMBAf8EBTADAQH/
MB0GA1UdDgQWBBRFYBDlYDma2097gufyNqh4BYAfpjAxBgNVHREBAf8EJzAlhiNz
cGlmZmU6Ly94Y3AudGV0cmF0ZS5pby9pc3Rpb1Jvb3RDQTANBgkqhkiG9w0BAQsF
AAOCAQEAMN2WZG1xWOR6XfHUCTb7WnhBk6YnnzLW/gLYK+pdu6KFT5F+0j7K+enm
MgGOpPPXA0yG4vAzGK8N/mdC1Q/td15Lum4yS1UniZcr2upcx4zFav+0Xo8mINYi
QhodTep7BV2AdjimnTI07XTgBiT2VRTM46gEEcyXSs14/cwRy04nj5TlwixnD+A8
RDc/MfBN/CSK/lxEPFv6JcXfNrIQGF6gOZwia67DJcXa/chEWIxrqqRu8MdDECQu
tUAx4qU9RVp3Xch4FytGMRxidaQ0P3qe4WzHjvFGCN3+NhGHxWKLFMwZdO9j7zcy
FOVuKdR9ZWJvG/3ZZXyyR/zeHC62Tg==
-----END CERTIFICATE-----

2026-05-20T18:18:13.097597Z	info	Using istiod file format for signing ca files
2026-05-20T18:18:13.097609Z	info	Use root cert from etc/cacerts/root-cert.pem
2026-05-20T18:18:13.097785Z	info	x509 cert - Issuer: "CN=Intermediate CA,O=Istio,L=cluster-1", Subject: "", SN: 41e114a15b3aa73c4e7a8edd8fd56385, NotBefore: "2026-05-20T18:16:13Z", NotAfter: "2036-05-17T18:18:13Z"
2026-05-20T18:18:13.097798Z	info	x509 cert - Issuer: "", Subject: "CN=Intermediate CA,O=Istio,L=cluster-1", SN: cee41b1a5497250650ecf88dd4116d1b, NotBefore: "2026-05-20T18:16:26Z", NotAfter: "2027-05-20T18:16:26Z"
2026-05-20T18:18:13.097805Z	info	x509 cert - Issuer: "", Subject: "", SN: 6e0bcff0cdafa8de4cd940414bd15c7b, NotBefore: "2026-05-20T18:10:27Z", NotAfter: "2027-05-20T18:10:27Z"
2026-05-20T18:18:13.097806Z	info	Istiod certificates are reloaded
2026-05-20T18:18:13.097830Z	info	spiffe	Added 1 certs to trust domain cluster.local in peer cert verifier
2026-05-20T18:18:13.097838Z	info	initializing secure discovery service
2026-05-20T18:18:13.097856Z	info	initializing secure webhook server for istiod webhooks
2026-05-20T18:18:13.099888Z	info	initializing sidecar injector
2026-05-20T18:18:13.106456Z	info	initializing config validator
2026-05-20T18:18:13.106483Z	info	initializing registry event handlers
2026-05-20T18:18:13.106506Z	info	starting discovery service
2026-05-20T18:18:13.106509Z	info	initializing CA server with IstioD CA
2026-05-20T18:18:13.107061Z	info	Starting Istiod Server with primary cluster cluster-1
2026-05-20T18:18:13.107118Z	info	kube	Initializing Kubernetes service registry "cluster-1"
2026-05-20T18:18:13.107219Z	info	status	Starting status manager
2026-05-20T18:18:13.107235Z	info	status	Starting status manager
2026-05-20T18:18:13.107253Z	info	Starting validation controller
2026-05-20T18:18:13.107266Z	info	Starting ADS server
2026-05-20T18:18:13.107280Z	info	starting CA server
2026-05-20T18:18:13.107312Z	info	Istiod CA has started
2026-05-20T18:18:13.107327Z	info	cluster "cluster-1" kube client started
2026-05-20T18:18:13.107336Z	info	ControlZ available at 127.0.0.1:9876
2026-05-20T18:18:13.107377Z	info	Starting multicluster remote secrets controller
2026-05-20T18:18:13.107425Z	info	klog	attempting to acquire leader lease istio-system/istio-ip-autoallocate...
2026-05-20T18:18:13.107570Z	info	klog	attempting to acquire leader lease istio-system/istio-gateway-status-leader-stable...
2026-05-20T18:18:13.107634Z	info	klog	attempting to acquire leader lease istio-system/istio-gateway-deployment-stable...
2026-05-20T18:18:13.107662Z	info	klog	attempting to acquire leader lease istio-system/istio-analyze-leader...
2026-05-20T18:18:13.107713Z	info	klog	attempting to acquire leader lease istio-system/istio-leader...
2026-05-20T18:18:13.107738Z	info	Starting ingress controller
2026-05-20T18:18:13.107787Z	info	controllers	starting	controller=healthcheck
2026-05-20T18:18:13.109873Z	info	kube	Starting Pilot K8S CRD controller	controller=crd-controller
2026-05-20T18:18:13.109917Z	info	kube	controller "security.istio.io/v1/AuthorizationPolicy" is syncing...	controller=crd-controller
2026-05-20T18:18:13.110146Z	info	controllers	starting	controller=auto-register existing connections
2026-05-20T18:18:13.110199Z	info	controllers	starting	controller=unregister_workloadentry
2026-05-20T18:18:13.112184Z	info	controllers	starting	controller=inference pool shadow service reconciler
2026-05-20T18:18:13.116648Z	info	kube	controller "gateway.networking.k8s.io/v1/GRPCRoute" is syncing...	controller=crd-controller
2026-05-20T18:18:13.116681Z	info	sync complete	name=multicluster remote secrets attempt=3 time=9.296833ms
2026-05-20T18:18:13.116698Z	info	multicluster remote secrets controller cache synced in 9.317958ms
2026-05-20T18:18:13.116699Z	info	controllers	starting	controller=multicluster secret
2026-05-20T18:18:13.120000Z	info	klog	successfully acquired lease istio-system/istio-gateway-deployment-stable
2026-05-20T18:18:13.120131Z	info	klog	successfully acquired lease istio-system/istio-ip-autoallocate
2026-05-20T18:18:13.120181Z	info	klog	successfully acquired lease istio-system/istio-analyze-leader
2026-05-20T18:18:13.120220Z	info	klog	successfully acquired lease istio-system/istio-leader
2026-05-20T18:18:13.120765Z	info	leader election lock obtained: istio-gateway-deployment-stable
2026-05-20T18:18:13.120785Z	info	leader election lock obtained: istio-ip-autoallocate
2026-05-20T18:18:13.120804Z	info	leader election lock obtained: istio-analyze-leader
2026-05-20T18:18:13.120897Z	error	kube	translation function for core/v1alpha1/MeshConfig not found	controller=analysis-controller
2026-05-20T18:18:13.120938Z	info	leader election lock obtained: istio-leader
2026-05-20T18:18:13.120947Z	info	Starting ingress status writer
2026-05-20T18:18:13.121874Z	info	sync complete	name=validation attempt=4 time=14.090334ms
2026-05-20T18:18:13.121894Z	info	controllers	starting	controller=validation
2026-05-20T18:18:13.122191Z	info	klog	successfully acquired lease istio-system/istio-gateway-status-leader-stable
2026-05-20T18:18:13.122251Z	info	kube	controller "security.istio.io/v1/RequestAuthentication" is syncing...	controller=crd-controller
2026-05-20T18:18:13.122322Z	info	sync complete	name=crdclient/informer/Secret attempt=1 time=542ns
2026-05-20T18:18:13.122335Z	info	krt	crdclient/informer/Secret synced	owner=crdclient/informer/Secret
2026-05-20T18:18:13.122490Z	info	leader election lock obtained: istio-gateway-status-leader-stable
2026-05-20T18:18:13.122526Z	info	waiting for gateway status writer activation
2026-05-20T18:18:13.122533Z	info	Starting gateway status writer for revision: stable
2026-05-20T18:18:13.122713Z	error	kube	translation function for core/v1alpha1/MeshNetworks not found	controller=analysis-controller
2026-05-20T18:18:13.122782Z	info	sync complete	name=crdclient/informer/Namespace attempt=1 time=167ns
2026-05-20T18:18:13.122794Z	info	krt	crdclient/informer/Namespace synced	owner=crdclient/informer/Namespace
2026-05-20T18:18:13.122812Z	info	sync complete	name=crdclient/informer/MutatingWebhookConfiguration attempt=1 time=209ns
2026-05-20T18:18:13.122819Z	info	krt	crdclient/informer/MutatingWebhookConfiguration synced	owner=crdclient/informer/MutatingWebhookConfiguration
2026-05-20T18:18:13.122837Z	info	sync complete	name=crdclient/informer/Pod attempt=1 time=291ns
2026-05-20T18:18:13.122845Z	info	krt	crdclient/informer/Pod synced	owner=crdclient/informer/Pod
2026-05-20T18:18:13.122881Z	info	sync complete	name=crdclient/informer/Node attempt=1 time=166ns
2026-05-20T18:18:13.122886Z	info	krt	crdclient/informer/Node synced	owner=crdclient/informer/Node
2026-05-20T18:18:13.123192Z	info	sync complete	name=crdclient/informer/Service attempt=1 time=2.258542ms
2026-05-20T18:18:13.123205Z	info	krt	crdclient/informer/Service synced	owner=crdclient/informer/Service
2026-05-20T18:18:13.123348Z	info	sync complete	name=crdclient/informer/ConfigMap attempt=1 time=578.291µs
2026-05-20T18:18:13.123360Z	info	krt	crdclient/informer/ConfigMap synced	owner=crdclient/informer/ConfigMap
2026-05-20T18:18:13.124535Z	info	sync complete	name=configmap istio-sidecar-injector-stable attempt=4 time=16.753125ms
2026-05-20T18:18:13.124594Z	info	controllers	starting	controller=configmap istio-sidecar-injector-stable
2026-05-20T18:18:13.128971Z	info	sync complete	name=crd watcher attempt=4 time=21.640416ms
2026-05-20T18:18:13.129001Z	info	controllers	starting	controller=crd watcher
2026-05-20T18:18:13.129039Z	info	authorizationpolicies.security.istio.io is now ready, building client
2026-05-20T18:18:13.129050Z	info	backendtlspolicies.gateway.networking.k8s.io is now ready, building client
2026-05-20T18:18:13.129055Z	info	backendtlspolicies.gateway.networking.k8s.io is now ready, building client
2026-05-20T18:18:13.129064Z	info	destinationrules.networking.istio.io is now ready, building client
2026-05-20T18:18:13.129079Z	info	envoyfilters.networking.istio.io is now ready, building client
2026-05-20T18:18:13.129085Z	info	gatewayclasses.gateway.networking.k8s.io is now ready, building client
2026-05-20T18:18:13.129089Z	info	gatewayclasses.gateway.networking.k8s.io is now ready, building client
2026-05-20T18:18:13.129096Z	info	gateways.gateway.networking.k8s.io is now ready, building client
2026-05-20T18:18:13.129099Z	info	gateways.gateway.networking.k8s.io is now ready, building client
2026-05-20T18:18:13.129101Z	info	gateways.gateway.networking.k8s.io is now ready, building client
2026-05-20T18:18:13.129107Z	info	gateways.networking.istio.io is now ready, building client
2026-05-20T18:18:13.129116Z	info	grpcroutes.gateway.networking.k8s.io is now ready, building client
2026-05-20T18:18:13.129120Z	info	grpcroutes.gateway.networking.k8s.io is now ready, building client
2026-05-20T18:18:13.129129Z	info	httproutes.gateway.networking.k8s.io is now ready, building client
2026-05-20T18:18:13.129132Z	info	httproutes.gateway.networking.k8s.io is now ready, building client
2026-05-20T18:18:13.129141Z	info	peerauthentications.security.istio.io is now ready, building client
2026-05-20T18:18:13.129147Z	info	proxyconfigs.networking.istio.io is now ready, building client
2026-05-20T18:18:13.129156Z	info	referencegrants.gateway.networking.k8s.io is now ready, building client
2026-05-20T18:18:13.129159Z	info	referencegrants.gateway.networking.k8s.io is now ready, building client
2026-05-20T18:18:13.129163Z	info	requestauthentications.security.istio.io is now ready, building client
2026-05-20T18:18:13.129174Z	info	serviceentries.networking.istio.io is now ready, building client
2026-05-20T18:18:13.129177Z	info	serviceentries.networking.istio.io is now ready, building client
2026-05-20T18:18:13.129180Z	info	serviceentries.networking.istio.io is now ready, building client
2026-05-20T18:18:13.129201Z	info	sidecars.networking.istio.io is now ready, building client
2026-05-20T18:18:13.129215Z	info	telemetries.telemetry.istio.io is now ready, building client
2026-05-20T18:18:13.129221Z	info	virtualservices.networking.istio.io is now ready, building client
2026-05-20T18:18:13.129227Z	info	wasmplugins.extensions.istio.io is now ready, building client
2026-05-20T18:18:13.129232Z	info	workloadentries.networking.istio.io is now ready, building client
2026-05-20T18:18:13.129237Z	info	workloadgroups.networking.istio.io is now ready, building client
2026-05-20T18:18:13.129681Z	info	sync complete	name=crd watcher attempt=1 time=167ns
2026-05-20T18:18:13.129842Z	info	sync complete	name=crd watcher attempt=1 time=125ns
2026-05-20T18:18:13.130616Z	info	sync complete	name=default revision attempt=4 time=20.804708ms
2026-05-20T18:18:13.130633Z	info	controllers	starting	controller=default revision
2026-05-20T18:18:13.130989Z	info	kube	controller "gateway.networking.k8s.io/v1/GRPCRoute" is syncing...	controller=crd-controller
2026-05-20T18:18:13.131019Z	info	sync complete	name=default revision attempt=4 time=21.450292ms
2026-05-20T18:18:13.131030Z	info	controllers	starting	controller=default revision
2026-05-20T18:18:13.131034Z	info	sync complete	name=default revision attempt=4 time=21.395291ms
2026-05-20T18:18:13.131037Z	info	controllers	starting	controller=default revision
2026-05-20T18:18:13.131041Z	info	sync complete	name=default revision attempt=4 time=21.271542ms
2026-05-20T18:18:13.131044Z	info	controllers	starting	controller=default revision
2026-05-20T18:18:13.131048Z	info	sync complete	name=default revision attempt=4 time=21.196833ms
2026-05-20T18:18:13.131052Z	info	controllers	starting	controller=default revision
2026-05-20T18:18:13.131055Z	info	sync complete	name=webhook patcher attempt=4 time=23.286292ms
2026-05-20T18:18:13.131062Z	info	controllers	starting	controller=webhook patcher
2026-05-20T18:18:13.131301Z	info	sync complete	name=tag watcher attempt=4 time=19.122417ms
2026-05-20T18:18:13.131324Z	info	controllers	starting	controller=tag
2026-05-20T18:18:13.131334Z	info	sync complete	name=tag watcher attempt=4 time=21.25325ms
2026-05-20T18:18:13.131351Z	info	controllers	starting	controller=tag
2026-05-20T18:18:13.131913Z	info	validationController	Not ready to switch validation to fail-closed: dummy invalid config not rejected
2026-05-20T18:18:13.133969Z	info	sync complete	name=crdclient/informer/Deployment attempt=3 time=11.080917ms
2026-05-20T18:18:13.134019Z	info	krt	crdclient/informer/Deployment synced	owner=crdclient/informer/Deployment
2026-05-20T18:18:13.134430Z	info	sync complete	name=crd watcher attempt=3 time=11.701791ms
2026-05-20T18:18:13.134501Z	info	sync complete	name=crdclient/informer/ValidatingWebhookConfiguration attempt=3 time=11.625041ms
2026-05-20T18:18:13.134525Z	info	krt	crdclient/informer/ValidatingWebhookConfiguration synced	owner=crdclient/informer/ValidatingWebhookConfiguration
2026-05-20T18:18:13.139731Z	info	sync complete	name=ingress tag watcher attempt=5 time=31.983667ms
2026-05-20T18:18:13.140031Z	info	sync complete	name=IP Autoallocator attempt=4 time=19.226291ms
2026-05-20T18:18:13.140060Z	info	controllers	starting	controller=IP Autoallocator
2026-05-20T18:18:13.140079Z	info	sync complete	name=tag watcher attempt=5 time=32.547834ms
2026-05-20T18:18:13.140108Z	info	controllers	starting	controller=tag
2026-05-20T18:18:13.144978Z	info	sync complete	name=gateway tag watcher attempt=5 time=35.015833ms
2026-05-20T18:18:13.145043Z	info	sync complete	name=crd watcher attempt=5 time=37.714125ms
2026-05-20T18:18:13.146425Z	info	sync complete	name=kube controller attempt=5 time=36.330542ms
2026-05-20T18:18:13.146573Z	info	kube	kube controller for cluster-1 synced after 36.483542ms
2026-05-20T18:18:13.147781Z	info	model	Full push, new service cert-manager/cert-manager.cert-manager.svc.cluster.local
2026-05-20T18:18:13.147825Z	info	model	Full push, new service cert-manager/cert-manager-webhook.cert-manager.svc.cluster.local
2026-05-20T18:18:13.147842Z	info	model	Full push, new service default/kubernetes.default.svc.cluster.local
2026-05-20T18:18:13.147872Z	info	model	Full push, new service istio-system/xcp-operator-edge.istio-system.svc.cluster.local
2026-05-20T18:18:13.147920Z	info	model	Full push, new service kube-system/kube-dns.kube-system.svc.cluster.local
2026-05-20T18:18:13.147935Z	info	model	Full push, new service kube-system/metrics-server.kube-system.svc.cluster.local
2026-05-20T18:18:13.147949Z	info	model	Incremental push, service istiod-stable.istio-system.svc.cluster.local at shard Kubernetes/cluster-1 has no endpoints
2026-05-20T18:18:13.147955Z	info	model	Incremental push, service xcp-edge-internal.istio-system.svc.cluster.local at shard Kubernetes/cluster-1 has no endpoints
2026-05-20T18:18:13.147967Z	info	model	Full push, new service metallb-system/metallb-webhook-service.metallb-system.svc.cluster.local
2026-05-20T18:18:13.147974Z	info	model	reloading network gateways
2026-05-20T18:18:13.148209Z	info	model	Incremental push, service istiod-stable.istio-system.svc.cluster.local at shard Kubernetes/cluster-1 has no endpoints
2026-05-20T18:18:13.148238Z	info	kube	controller "extensions.istio.io/v1alpha1/WasmPlugin" is syncing...	controller=crd-controller
2026-05-20T18:18:13.149577Z	info	model	Incremental push, service xcp-edge-internal.istio-system.svc.cluster.local at shard Kubernetes/cluster-1 has no endpoints
2026-05-20T18:18:13.168815Z	info	validationController	successfully updated	name=istio-validator-stable-istio-system resource version=2148
2026-05-20T18:18:13.168848Z	error	controllers	error handling istio-validator-stable-istio-system, retrying (retry count: 1): webhook is not ready, retry	controller=validation
2026-05-20T18:18:13.170477Z	info	sync complete	name=gateway/informer/ReferenceGrants attempt=7 time=164.502333ms
2026-05-20T18:18:13.170541Z	info	krt	gateway/informer/ReferenceGrants synced	owner=gateway/informer/ReferenceGrants
2026-05-20T18:18:13.170565Z	info	sync complete	name=gateway/informer/ReferenceGrants handler attempt=1 time=292ns
2026-05-20T18:18:13.170591Z	info	krt	gateway/ReferenceGrants synced (uid 96)	owner=gateway/ReferenceGrants
2026-05-20T18:18:13.170664Z	info	sync complete	name=gateway/informer/ServiceEntries attempt=7 time=164.680249ms
2026-05-20T18:18:13.170675Z	info	krt	gateway/informer/ServiceEntries synced	owner=gateway/informer/ServiceEntries
2026-05-20T18:18:13.170681Z	info	sync complete	name=ingress/informer/Services attempt=7 time=163.381125ms
2026-05-20T18:18:13.170686Z	info	krt	ingress/informer/Services synced	owner=ingress/informer/Services
2026-05-20T18:18:13.170714Z	info	sync complete	name=ingress/informer/IngressClasses attempt=7 time=163.417916ms
2026-05-20T18:18:13.170724Z	info	krt	ingress/informer/IngressClasses synced	owner=ingress/informer/IngressClasses
2026-05-20T18:18:13.170728Z	info	sync complete	name=ingress/informer/Ingresses attempt=7 time=163.429999ms
2026-05-20T18:18:13.170734Z	info	krt	ingress/informer/Ingresses synced	owner=ingress/informer/Ingresses
2026-05-20T18:18:13.170748Z	info	sync complete	name=ingress/informer/Ingresses handler attempt=1 time=84ns
2026-05-20T18:18:13.170764Z	info	krt	ingress/SupportedIngresses synced (uid 153)	owner=ingress/SupportedIngresses
2026-05-20T18:18:13.170779Z	info	sync complete	name=ingress/informer/Pods attempt=7 time=163.474999ms
2026-05-20T18:18:13.170789Z	info	krt	ingress/informer/Pods synced	owner=ingress/informer/Pods
2026-05-20T18:18:13.170795Z	info	sync complete	name=crdclient/informer/AuthorizationPolicy attempt=7 time=164.908958ms
2026-05-20T18:18:13.170799Z	info	krt	crdclient/informer/AuthorizationPolicy synced	owner=crdclient/informer/AuthorizationPolicy
2026-05-20T18:18:13.170803Z	info	sync complete	name=crdclient/informer/BackendTLSPolicy attempt=7 time=164.911833ms
2026-05-20T18:18:13.170808Z	info	krt	crdclient/informer/BackendTLSPolicy synced	owner=crdclient/informer/BackendTLSPolicy
2026-05-20T18:18:13.170812Z	info	sync complete	name=crdclient/informer/DestinationRule attempt=7 time=164.918708ms
2026-05-20T18:18:13.170821Z	info	krt	crdclient/informer/DestinationRule synced	owner=crdclient/informer/DestinationRule
2026-05-20T18:18:13.170826Z	info	sync complete	name=crdclient/informer/EnvoyFilter attempt=7 time=164.930958ms
2026-05-20T18:18:13.170829Z	info	krt	crdclient/informer/EnvoyFilter synced	owner=crdclient/informer/EnvoyFilter
2026-05-20T18:18:13.170834Z	info	sync complete	name=crdclient/informer/GRPCRoute attempt=7 time=164.936041ms
2026-05-20T18:18:13.170842Z	info	krt	crdclient/informer/GRPCRoute synced	owner=crdclient/informer/GRPCRoute
2026-05-20T18:18:13.170847Z	info	sync complete	name=crdclient/informer/Gateway attempt=7 time=164.947833ms
2026-05-20T18:18:13.170852Z	info	krt	crdclient/informer/Gateway synced	owner=crdclient/informer/Gateway
2026-05-20T18:18:13.170854Z	info	sync complete	name=crdclient/informer/GatewayClass attempt=7 time=164.951833ms
2026-05-20T18:18:13.170862Z	info	krt	crdclient/informer/GatewayClass synced	owner=crdclient/informer/GatewayClass
2026-05-20T18:18:13.170866Z	info	sync complete	name=crdclient/informer/HTTPRoute attempt=7 time=164.962499ms
2026-05-20T18:18:13.170870Z	info	krt	crdclient/informer/HTTPRoute synced	owner=crdclient/informer/HTTPRoute
2026-05-20T18:18:13.170875Z	info	sync complete	name=crdclient/informer/Gateway attempt=7 time=164.968166ms
2026-05-20T18:18:13.170883Z	info	krt	crdclient/informer/Gateway synced	owner=crdclient/informer/Gateway
2026-05-20T18:18:13.170886Z	info	sync complete	name=crdclient/informer/PeerAuthentication attempt=7 time=164.978916ms
2026-05-20T18:18:13.170891Z	info	krt	crdclient/informer/PeerAuthentication synced	owner=crdclient/informer/PeerAuthentication
2026-05-20T18:18:13.170893Z	info	sync complete	name=crdclient/informer/ProxyConfig attempt=7 time=164.985083ms
2026-05-20T18:18:13.170897Z	info	krt	crdclient/informer/ProxyConfig synced	owner=crdclient/informer/ProxyConfig
2026-05-20T18:18:13.170907Z	info	sync complete	name=crdclient/informer/ReferenceGrant attempt=7 time=164.997083ms
2026-05-20T18:18:13.170910Z	info	krt	crdclient/informer/ReferenceGrant synced	owner=crdclient/informer/ReferenceGrant
2026-05-20T18:18:13.170915Z	info	sync complete	name=crdclient/informer/RequestAuthentication attempt=7 time=164.999999ms
2026-05-20T18:18:13.170922Z	info	krt	crdclient/informer/RequestAuthentication synced	owner=crdclient/informer/RequestAuthentication
2026-05-20T18:18:13.170925Z	info	sync complete	name=crdclient/informer/ServiceEntry attempt=7 time=165.010291ms
2026-05-20T18:18:13.170930Z	info	krt	crdclient/informer/ServiceEntry synced	owner=crdclient/informer/ServiceEntry
2026-05-20T18:18:13.170933Z	info	sync complete	name=crdclient/informer/Sidecar attempt=7 time=165.015999ms
2026-05-20T18:18:13.170937Z	info	krt	crdclient/informer/Sidecar synced	owner=crdclient/informer/Sidecar
2026-05-20T18:18:13.170945Z	info	sync complete	name=crdclient/informer/Telemetry attempt=7 time=165.026166ms
2026-05-20T18:18:13.170948Z	info	krt	crdclient/informer/Telemetry synced	owner=crdclient/informer/Telemetry
2026-05-20T18:18:13.170952Z	info	sync complete	name=crdclient/informer/VirtualService attempt=7 time=165.032332ms
2026-05-20T18:18:13.170959Z	info	krt	crdclient/informer/VirtualService synced	owner=crdclient/informer/VirtualService
2026-05-20T18:18:13.170962Z	info	sync complete	name=crdclient/informer/WasmPlugin attempt=7 time=165.040791ms
2026-05-20T18:18:13.170967Z	info	krt	crdclient/informer/WasmPlugin synced	owner=crdclient/informer/WasmPlugin
2026-05-20T18:18:13.170970Z	info	sync complete	name=crdclient/informer/WorkloadEntry attempt=7 time=165.047208ms
2026-05-20T18:18:13.171024Z	info	krt	crdclient/informer/WorkloadEntry synced	owner=crdclient/informer/WorkloadEntry
2026-05-20T18:18:13.171083Z	info	sync complete	name=crdclient/informer/WorkloadGroup attempt=7 time=165.155041ms
2026-05-20T18:18:13.171132Z	info	krt	crdclient/informer/WorkloadGroup synced	owner=crdclient/informer/WorkloadGroup
2026-05-20T18:18:13.171192Z	info	sync complete	name=ingress/informer/Nodes attempt=7 time=163.868458ms
2026-05-20T18:18:13.171214Z	info	krt	ingress/informer/Nodes synced	owner=ingress/informer/Nodes
2026-05-20T18:18:13.171221Z	info	sync complete	name=crdclient/informer/Ingress attempt=7 time=165.295416ms
2026-05-20T18:18:13.171235Z	info	krt	crdclient/informer/Ingress synced	owner=crdclient/informer/Ingress
2026-05-20T18:18:13.171248Z	info	sync complete	name=gateway/informer/Secrets attempt=7 time=165.302624ms
2026-05-20T18:18:13.171306Z	info	krt	gateway/informer/Secrets synced	owner=gateway/informer/Secrets
2026-05-20T18:18:13.171334Z	info	sync complete	name=gateway/informer/ConfigMaps attempt=7 time=165.385666ms
2026-05-20T18:18:13.171366Z	info	krt	gateway/informer/ConfigMaps synced	owner=gateway/informer/ConfigMaps
2026-05-20T18:18:13.171379Z	info	sync complete	name=gateway/informer/Services attempt=7 time=165.427583ms
2026-05-20T18:18:13.171385Z	info	krt	gateway/informer/Services synced	owner=gateway/informer/Services
2026-05-20T18:18:13.171391Z	info	sync complete	name=gateway/informer/GatewayClasses attempt=7 time=165.438082ms
2026-05-20T18:18:13.171396Z	info	krt	gateway/informer/GatewayClasses synced	owner=gateway/informer/GatewayClasses
2026-05-20T18:18:13.171410Z	info	sync complete	name=gateway/informer/GatewayClasses handler attempt=1 time=209ns
2026-05-20T18:18:13.171432Z	info	krt	gateway/GatewayClasses synced (uid 95)	owner=gateway/GatewayClasses
2026-05-20T18:18:13.171445Z	info	sync complete	name=gateway/informer/Gateways attempt=7 time=165.481624ms
2026-05-20T18:18:13.171460Z	info	krt	gateway/informer/Gateways synced	owner=gateway/informer/Gateways
2026-05-20T18:18:13.171476Z	info	sync complete	name=gateway/informer/Gateways handler attempt=1 time=83ns
2026-05-20T18:18:13.171493Z	info	krt	gateway/KubernetesGateway synced (uid 102)	owner=gateway/KubernetesGateway
2026-05-20T18:18:13.171515Z	info	krt	gateway/GatewayFinalStatus synced (uid 141)	owner=gateway/GatewayFinalStatus
2026-05-20T18:18:13.171539Z	info	sync complete	name=gateway/informer/HTTPRoutes attempt=7 time=165.573791ms
2026-05-20T18:18:13.171547Z	info	krt	gateway/informer/HTTPRoutes synced	owner=gateway/informer/HTTPRoutes
2026-05-20T18:18:13.171562Z	info	sync complete	name=gateway/informer/HTTPRoutes handler attempt=1 time=84ns
2026-05-20T18:18:13.171575Z	info	krt	gateway/HTTPRoute/count synced (uid 114)	owner=gateway/HTTPRoute/count
2026-05-20T18:18:13.171585Z	info	sync complete	name=gateway/informer/GRPCRoutes attempt=7 time=165.615291ms
2026-05-20T18:18:13.171590Z	info	krt	gateway/informer/GRPCRoutes synced	owner=gateway/informer/GRPCRoutes
2026-05-20T18:18:13.171598Z	info	sync complete	name=gateway/informer/GRPCRoutes handler attempt=1 time=42ns
2026-05-20T18:18:13.171607Z	info	krt	gateway/GRPCRoute/count synced (uid 121)	owner=gateway/GRPCRoute/count
2026-05-20T18:18:13.171622Z	info	sync complete	name=gateway/informer/BackendTLSPolicies attempt=7 time=165.648916ms
2026-05-20T18:18:13.171627Z	info	krt	gateway/informer/BackendTLSPolicies synced	owner=gateway/informer/BackendTLSPolicies
2026-05-20T18:18:13.171638Z	info	sync complete	name=gateway/informer/BackendTLSPolicies handler attempt=1 time=125ns
2026-05-20T18:18:13.171651Z	info	krt	gateway/BackendTLSPolicy synced (uid 136)	owner=gateway/BackendTLSPolicy
2026-05-20T18:18:13.171698Z	info	krt	ingress/DerivedVirtualServices synced (uid 158)	owner=ingress/DerivedVirtualServices
2026-05-20T18:18:13.171734Z	info	krt	ingress/IngressRuleCollection synced (uid 154)	owner=ingress/IngressRuleCollection
2026-05-20T18:18:13.171760Z	info	krt	ingress/DerivedVirtualServices synced (uid 157)	owner=ingress/DerivedVirtualServices
2026-05-20T18:18:13.171784Z	info	sync complete	name=gateway/informer/HTTPRoutes handler attempt=1 time=84ns
2026-05-20T18:18:13.171799Z	info	krt	gateway/HTTPRoute synced (uid 117)	owner=gateway/HTTPRoute
2026-05-20T18:18:13.171821Z	info	sync complete	name=gateway/informer/HTTPRoutes handler attempt=1 time=125ns
2026-05-20T18:18:13.171835Z	info	krt	gateway/HTTPAncestors synced (uid 115)	owner=gateway/HTTPAncestors
2026-05-20T18:18:13.171857Z	info	sync complete	name=gateway/informer/GRPCRoutes handler attempt=1 time=84ns
2026-05-20T18:18:13.171870Z	info	krt	gateway/GRPCRoute synced (uid 124)	owner=gateway/GRPCRoute
2026-05-20T18:18:13.171882Z	info	sync complete	name=gateway/informer/GRPCRoutes handler attempt=1 time=83ns
2026-05-20T18:18:13.171891Z	info	krt	gateway/GRPCAncestors synced (uid 122)	owner=gateway/GRPCAncestors
2026-05-20T18:18:13.171901Z	info	krt	gateway/RouteAttachments synced
2026-05-20T18:18:13.171911Z	info	krt	gateway/AllBackendPolicies synced
2026-05-20T18:18:13.171934Z	info	krt	gateway/BackendPolicyMerged synced (uid 140)	owner=gateway/BackendPolicyMerged
2026-05-20T18:18:13.171962Z	info	krt	gateway/HTTPRouteMerged synced (uid 120)	owner=gateway/HTTPRouteMerged
2026-05-20T18:18:13.171972Z	info	krt	gateway/Ancestors synced
2026-05-20T18:18:13.171984Z	info	krt	gateway/GRPCRouteMerged synced (uid 127)	owner=gateway/GRPCRouteMerged
2026-05-20T18:18:13.172005Z	info	krt	gateway/DerivedVirtualServices synced
2026-05-20T18:18:13.173954Z	info	sync complete	name=ingress/informer/Services handler attempt=2 time=3.239667ms
2026-05-20T18:18:13.174059Z	info	krt	ingress/ServiceWithPorts synced (uid 150)	owner=ingress/ServiceWithPorts
2026-05-20T18:18:13.176857Z	info	validationController	Not ready to switch validation to fail-closed: dummy invalid config not rejected
2026-05-20T18:18:13.179147Z	info	validationController	successfully updated	name=istio-validator-stable-istio-system resource version=2148
2026-05-20T18:18:13.179170Z	error	controllers	error handling istio-validator-stable-istio-system, retrying (retry count: 2): webhook is not ready, retry	controller=validation
2026-05-20T18:18:13.180390Z	info	sync complete	name=crdclient attempt=6 time=70.482417ms
2026-05-20T18:18:13.180415Z	info	kube	Pilot K8S CRD controller synced in 70.541292ms	controller=crd-controller
2026-05-20T18:18:13.230435Z	info	sync complete	name=tag watcher attempt=1 time=12.583µs
2026-05-20T18:18:13.230474Z	info	controllers	starting	controller=tag
2026-05-20T18:18:13.230493Z	info	controllers	starting	controller=gateway class
2026-05-20T18:18:13.232467Z	info	sync complete	name=deployment controller attempt=2 time=2.056917ms
2026-05-20T18:18:13.232482Z	info	controllers	starting	controller=gateway deployment
2026-05-20T18:18:13.235483Z	warn	kube	unknown type: security.istio.io/v1/AuthorizationPolicy	controller=analysis-controller
2026-05-20T18:18:13.235504Z	warn	kube	unknown type: gateway.networking.k8s.io/v1/BackendTLSPolicy	controller=analysis-controller
2026-05-20T18:18:13.235508Z	warn	kube	unknown type: networking.istio.io/v1/DestinationRule	controller=analysis-controller
2026-05-20T18:18:13.235522Z	warn	kube	unknown type: networking.istio.io/v1alpha3/EnvoyFilter	controller=analysis-controller
2026-05-20T18:18:13.235527Z	warn	kube	unknown type: gateway.networking.k8s.io/v1/GRPCRoute	controller=analysis-controller
2026-05-20T18:18:13.235532Z	warn	kube	unknown type: networking.istio.io/v1/Gateway	controller=analysis-controller
2026-05-20T18:18:13.235537Z	warn	kube	unknown type: gateway.networking.k8s.io/v1beta1/GatewayClass	controller=analysis-controller
2026-05-20T18:18:13.235543Z	warn	kube	unknown type: gateway.networking.k8s.io/v1beta1/HTTPRoute	controller=analysis-controller
2026-05-20T18:18:13.235549Z	warn	kube	unknown type: gateway.networking.k8s.io/v1beta1/Gateway	controller=analysis-controller
2026-05-20T18:18:13.235555Z	warn	kube	unknown type: security.istio.io/v1/PeerAuthentication	controller=analysis-controller
2026-05-20T18:18:13.235562Z	warn	kube	unknown type: networking.istio.io/v1beta1/ProxyConfig	controller=analysis-controller
2026-05-20T18:18:13.235569Z	warn	kube	unknown type: gateway.networking.k8s.io/v1beta1/ReferenceGrant	controller=analysis-controller
2026-05-20T18:18:13.235574Z	warn	kube	unknown type: security.istio.io/v1/RequestAuthentication	controller=analysis-controller
2026-05-20T18:18:13.235579Z	warn	kube	unknown type: networking.istio.io/v1/ServiceEntry	controller=analysis-controller
2026-05-20T18:18:13.235584Z	warn	kube	unknown type: networking.istio.io/v1/Sidecar	controller=analysis-controller
2026-05-20T18:18:13.235589Z	warn	kube	unknown type: telemetry.istio.io/v1/Telemetry	controller=analysis-controller
2026-05-20T18:18:13.235595Z	warn	kube	unknown type: networking.istio.io/v1/VirtualService	controller=analysis-controller
2026-05-20T18:18:13.235600Z	warn	kube	unknown type: extensions.istio.io/v1alpha1/WasmPlugin	controller=analysis-controller
2026-05-20T18:18:13.235609Z	warn	kube	unknown type: networking.istio.io/v1/WorkloadEntry	controller=analysis-controller
2026-05-20T18:18:13.235614Z	warn	kube	unknown type: networking.istio.io/v1/WorkloadGroup	controller=analysis-controller
2026-05-20T18:18:13.235639Z	warn	kube	unknown type: networking.k8s.io/v1/Ingress	controller=analysis-controller
2026-05-20T18:18:13.235641Z	warn	kube	unknown type: core/v1alpha1/MeshConfig	controller=analysis-controller
2026-05-20T18:18:13.235734Z	warn	kube	unknown type: core/v1alpha1/MeshNetworks	controller=analysis-controller
2026-05-20T18:18:13.235854Z	info	sync complete	name=gateway tag watcher attempt=1 time=708ns
2026-05-20T18:18:13.235869Z	info	kube	Starting Pilot K8S CRD controller	controller=analysis-controller
2026-05-20T18:18:13.235876Z	info	kube	controller "apiextensions.k8s.io/v1/CustomResourceDefinition" is syncing...	controller=analysis-controller
2026-05-20T18:18:13.235940Z	info	sync complete	name=crd watcher attempt=1 time=125ns
2026-05-20T18:18:13.235953Z	info	controllers	starting	controller=gateway class
2026-05-20T18:18:13.236060Z	info	sync complete	name=tag watcher attempt=1 time=5.75µs
2026-05-20T18:18:13.236073Z	info	controllers	starting	controller=tag
2026-05-20T18:18:13.236076Z	info	controllers	starting	controller=inference pool shadow service reconciler
2026-05-20T18:18:13.238440Z	info	kube	controller "apiextensions.k8s.io/v1/CustomResourceDefinition" is syncing...	controller=analysis-controller
2026-05-20T18:18:13.239201Z	error	controllers	error handling istio, retrying (retry count: 1): gatewayclasses.gateway.networking.k8s.io "istio-remote" already exists	controller=gateway class
2026-05-20T18:18:13.239380Z	error	controllers	error handling , retrying (retry count: 1): gatewayclasses.gateway.networking.k8s.io "istio-remote" already exists	controller=gateway class
2026-05-20T18:18:13.243454Z	info	kube	controller "apiextensions.k8s.io/v1/CustomResourceDefinition" is syncing...	controller=analysis-controller
2026-05-20T18:18:13.245447Z	info	Waiting for caches to be synced
2026-05-20T18:18:13.245479Z	info	sync complete	name=server attempt=1 time=22.792µs
2026-05-20T18:18:13.245484Z	info	All controller caches have been synced up in 36.708µs
2026-05-20T18:18:13.245517Z	info	kube	joining leader-election for istio-namespace-controller-election in istio-system on cluster cluster-1
2026-05-20T18:18:13.245575Z	info	klog	attempting to acquire leader lease istio-system/istio-namespace-controller-election-stable...
2026-05-20T18:18:13.245687Z	info	sync complete	name=default revision attempt=1 time=8.125µs
2026-05-20T18:18:13.245699Z	info	controllers	starting	controller=default revision
2026-05-20T18:18:13.248169Z	info	klog	successfully acquired lease istio-system/istio-namespace-controller-election-stable
2026-05-20T18:18:13.248239Z	info	leader election lock obtained: istio-namespace-controller-election-stable
2026-05-20T18:18:13.248253Z	info	kube	starting namespace controller for cluster cluster-1
2026-05-20T18:18:13.248334Z	info	sync complete	name=crd watcher attempt=1 time=625ns
2026-05-20T18:18:13.251345Z	info	ads	Push debounce stable[1] 48 for config ConfigMap/metallb-system/kube-root-ca.crt and 34 more configs: 101.497292ms since last change, 130.345917ms since last push, full=true
2026-05-20T18:18:13.253911Z	info	ads	XDS: Pushing Services:9 ConnectedEndpoints:0 Version:2026-05-20T18:18:13Z/1
2026-05-20T18:18:13.253945Z	info	sync complete	name=push context attempt=3 time=8.458958ms
2026-05-20T18:18:13.253950Z	info	ads	All caches have been synced up in 280.735499ms, marking server ready
2026-05-20T18:18:13.254234Z	info	kube	controller "apiextensions.k8s.io/v1/CustomResourceDefinition" is syncing...	controller=analysis-controller
2026-05-20T18:18:13.254385Z	info	starting secure gRPC discovery service at [::]:15012
2026-05-20T18:18:13.254481Z	info	starting gRPC discovery service at [::]:15010
2026-05-20T18:18:13.254554Z	info	starting webhook service at [::]:15017
2026-05-20T18:18:13.263407Z	info	sync complete	name=crdclient/informer/CustomResourceDefinition attempt=7 time=140.5695ms
2026-05-20T18:18:13.263446Z	info	krt	crdclient/informer/CustomResourceDefinition synced	owner=crdclient/informer/CustomResourceDefinition
2026-05-20T18:18:13.271327Z	info	sync complete	name=crdclient attempt=5 time=35.45075ms
2026-05-20T18:18:13.271350Z	info	kube	Pilot K8S CRD controller synced in 35.479708ms	controller=analysis-controller
2026-05-20T18:18:13.274461Z	info	validationController	Not ready to switch validation to fail-closed: dummy invalid config not rejected
2026-05-20T18:18:13.275995Z	info	validationController	successfully updated	name=istio-validator-stable-istio-system resource version=2148
2026-05-20T18:18:13.276018Z	error	controllers	error handling istio-validator-stable-istio-system, retrying (retry count: 3): webhook is not ready, retry	controller=validation
2026-05-20T18:18:13.348431Z	info	sync complete	name=namespace controller attempt=1 time=3.125µs
2026-05-20T18:18:13.348464Z	info	controllers	starting	controller=namespace controller
2026-05-20T18:18:13.684649Z	info	validationController	Not ready to switch validation to fail-closed: dummy invalid config not rejected
2026-05-20T18:18:13.686403Z	info	validationController	successfully updated	name=istio-validator-stable-istio-system resource version=2148
2026-05-20T18:18:13.686429Z	error	controllers	error handling istio-validator-stable-istio-system, retrying (retry count: 4): webhook is not ready, retry	controller=validation
2026-05-20T18:18:13.725128Z	info	model	Full push, new service istio-system/istiod-stable.istio-system.svc.cluster.local
2026-05-20T18:18:13.729953Z	info	model	Full push, new service istio-system/xcp-edge-internal.istio-system.svc.cluster.local
2026-05-20T18:18:13.840603Z	info	ads	Push debounce stable[2] 3 for config ServiceEntry/istio-system/xcp-edge-internal.istio-system.svc.cluster.local and 1 more configs: 100.607792ms since last change, 115.411292ms since last push, full=true
2026-05-20T18:18:13.840738Z	info	ads	XDS: Pushing Services:9 ConnectedEndpoints:0 Version:2026-05-20T18:18:13Z/2
2026-05-20T18:18:14.492492Z	info	validationController	Not ready to switch validation to fail-closed: dummy invalid config not rejected
2026-05-20T18:18:14.493953Z	info	validationController	successfully updated	name=istio-validator-stable-istio-system resource version=2148
2026-05-20T18:18:14.493990Z	error	controllers	error handling istio-validator-stable-istio-system, retrying (retry count: 5): webhook is not ready, retry	controller=validation
2026-05-20T18:18:14.747626Z	info	sync complete	name=istiod analyzer attempt=1 time=25.333µs
2026-05-20T18:18:14.858557Z	info	ads	Push debounce stable[3] 9 for config EnvoyFilter/istio-system/global-mx-downstream-gateway-filter and 8 more configs: 100.101667ms since last change, 104.246792ms since last push, full=true
2026-05-20T18:18:14.859308Z	info	ads	XDS: Pushing Services:9 ConnectedEndpoints:0 Version:2026-05-20T18:18:14Z/3
2026-05-20T18:18:15.759639Z	info	sync complete	name=istiod analyzer attempt=1 time=38.5µs
2026-05-20T18:18:16.100533Z	info	validationController	Endpoint successfully rejected invalid config. Switching to fail-close.
2026-05-20T18:18:16.104212Z	info	validationController	successfully updated	name=istio-validator-stable-istio-system resource version=2211
2026-05-20T18:18:17.105618Z	info	sync complete	name=istiod analyzer attempt=1 time=30.334µs
2026-05-20T18:18:35.456426Z	info	sync complete	name=istiod analyzer attempt=1 time=39.667µs
2026-05-20T18:23:40.821332Z	info	sync complete	name=istiod analyzer attempt=1 time=262.5µs
2026-05-20T18:27:18.092099Z	info	ads	Push debounce stable[4] 1 for config ConfigMap/tetrate/kube-root-ca.crt: 100.019917ms since last change, 100.019876ms since last push, full=false
2026-05-20T18:27:18.092262Z	info	ads	XDS: Incremental Pushing ConnectedEndpoints:0 Version:2026-05-20T18:18:14Z/3
2026-05-20T18:27:18.994160Z	info	sync complete	name=istiod analyzer attempt=1 time=52.083µs
2026-05-20T18:27:42.054312Z	info	sync complete	name=istiod analyzer attempt=1 time=30.833µs
2026-05-20T18:27:46.221647Z	info	ads	Push debounce stable[5] 1 for config ConfigMap/tetrate/kube-root-ca.crt: 101.568333ms since last change, 101.568292ms since last push, full=false
2026-05-20T18:27:46.221694Z	info	ads	XDS: Incremental Pushing ConnectedEndpoints:0 Version:2026-05-20T18:18:14Z/3
2026-05-20T18:27:47.163829Z	info	sync complete	name=istiod analyzer attempt=1 time=26.75µs
2026-05-20T18:28:47.384232Z	info	sync complete	name=istiod analyzer attempt=1 time=26.292µs
2026-05-20T18:33:52.713068Z	info	sync complete	name=istiod analyzer attempt=1 time=63.209µs
2026-05-20T18:38:08.912084Z	info	model	Incremental push, service echo.echo.svc.cluster.local at shard Kubernetes/cluster-1 has no endpoints
2026-05-20T18:38:08.924123Z	info	Process sidecar injection request	path=/inject pod=echo/echo-5c4ffbc678-***** (actual name not yet known)
2026-05-20T18:38:09.014415Z	info	ads	Push debounce stable[6] 3 for config ConfigMap/echo/kube-root-ca.crt and 1 more configs: 102.233ms since last change, 191.687125ms since last push, full=true
2026-05-20T18:38:09.014834Z	info	ads	XDS: Pushing Services:10 ConnectedEndpoints:0 Version:2026-05-20T18:38:09Z/4
2026-05-20T18:38:09.255536Z	info	Process sidecar injection request	path=/inject pod=echo/echo-gateway-77cfbdcb5d-***** (actual name not yet known)
2026-05-20T18:38:09.259298Z	info	model	Incremental push, service echo-gateway.echo.svc.cluster.local at shard Kubernetes/cluster-1 has no endpoints
2026-05-20T18:38:09.359936Z	info	ads	Push debounce stable[7] 2 for config ServiceEntry/echo/echo-gateway.echo.svc.cluster.local: 100.580667ms since last change, 106.194125ms since last push, full=true
2026-05-20T18:38:09.360121Z	info	ads	XDS: Pushing Services:11 ConnectedEndpoints:0 Version:2026-05-20T18:38:09Z/5
2026-05-20T18:38:09.488075Z	info	Process sidecar injection request	path=/inject pod=echo/echo-eastwestgateway-c58fcbbff-***** (actual name not yet known)
2026-05-20T18:38:09.498480Z	info	model	Incremental push, service echo-eastwestgateway.echo.svc.cluster.local at shard Kubernetes/cluster-1 has no endpoints
2026-05-20T18:38:09.498756Z	info	model	reloading network gateways
2026-05-20T18:38:09.498879Z	info	model	gateways changed, triggering push
2026-05-20T18:38:09.600906Z	info	ads	Push debounce stable[8] 5 for config ServiceEntry/echo/echo-eastwestgateway.echo.svc.cluster.local: 101.946417ms since last change, 108.041375ms since last push, full=true
2026-05-20T18:38:09.602362Z	info	ads	XDS: Pushing Services:12 ConnectedEndpoints:0 Version:2026-05-20T18:38:09Z/6
2026-05-20T18:38:10.344605Z	info	delta	ADS: new delta connection for node:echo-gateway-77cfbdcb5d-hwvxn.echo-1
2026-05-20T18:38:10.344916Z	info	delta	CDS: PUSH request for node:echo-gateway-77cfbdcb5d-hwvxn.echo resources:1 removed:0 size:50B
2026-05-20T18:38:10.348512Z	info	delta	LDS: PUSH request for node:echo-gateway-77cfbdcb5d-hwvxn.echo resources:0 removed:0 size:0B
2026-05-20T18:38:10.392445Z	info	delta	ADS: new delta connection for node:echo-eastwestgateway-c58fcbbff-j5lqd.echo-2
2026-05-20T18:38:10.392518Z	info	delta	CDS: PUSH request for node:echo-eastwestgateway-c58fcbbff-j5lqd.echo resources:1 removed:0 size:50B
2026-05-20T18:38:10.395025Z	info	delta	LDS: PUSH request for node:echo-eastwestgateway-c58fcbbff-j5lqd.echo resources:0 removed:0 size:0B
2026-05-20T18:38:10.525288Z	info	sync complete	name=istiod analyzer attempt=1 time=44.459µs
2026-05-20T18:38:10.700575Z	info	model	Full push, new service echo/echo.echo.svc.cluster.local
2026-05-20T18:38:10.706314Z	info	delta	CDS: PUSH for node:echo-gateway-77cfbdcb5d-hwvxn.echo resources:1 removed:0 size:50B
2026-05-20T18:38:10.706348Z	info	delta	LDS: PUSH for node:echo-gateway-77cfbdcb5d-hwvxn.echo resources:0 removed:0 size:0B
2026-05-20T18:38:10.709647Z	info	model	Full push, new service echo/echo-gateway.echo.svc.cluster.local
2026-05-20T18:38:10.714107Z	info	delta	CDS: PUSH for node:echo-eastwestgateway-c58fcbbff-j5lqd.echo resources:1 removed:0 size:50B
2026-05-20T18:38:10.714141Z	info	delta	LDS: PUSH for node:echo-eastwestgateway-c58fcbbff-j5lqd.echo resources:0 removed:0 size:0B
2026-05-20T18:38:10.719327Z	info	model	Full push, new service echo/echo-eastwestgateway.echo.svc.cluster.local
2026-05-20T18:38:10.824307Z	info	delta	ADS: new delta connection for node:echo-5c4ffbc678-t7cng.echo-3
2026-05-20T18:38:10.824912Z	info	delta	CDS: PUSH request for node:echo-5c4ffbc678-t7cng.echo resources:24 removed:0 size:24.4kB cached:0/20
2026-05-20T18:38:10.830335Z	info	delta	EDS: PUSH request for node:echo-5c4ffbc678-t7cng.echo resources:20 removed:0 size:4.1kB empty:1 cached:0/20 filtered:0
2026-05-20T18:38:10.841845Z	info	ads	Push debounce stable[9] 10 for config ServiceEntry/echo/echo-eastwestgateway.echo.svc.cluster.local and 9 more configs: 100.865959ms since last change, 140.939458ms since last push, full=true
2026-05-20T18:38:10.843176Z	info	ads	XDS: Pushing Services:12 ConnectedEndpoints:3 Version:2026-05-20T18:38:10Z/7
2026-05-20T18:38:10.843543Z	info	delta	CDS: PUSH for node:echo-5c4ffbc678-t7cng.echo resources:24 removed:0 size:25.2kB cached:0/20
2026-05-20T18:38:10.843651Z	info	delta	EDS: PUSH for node:echo-5c4ffbc678-t7cng.echo resources:20 removed:0 size:4.1kB empty:1 cached:0/20
2026-05-20T18:38:10.843823Z	info	delta	CDS: PUSH for node:echo-gateway-77cfbdcb5d-hwvxn.echo resources:2 removed:0 size:1.1kB cached:0/1
2026-05-20T18:38:10.845300Z	info	delta	LDS: PUSH for node:echo-gateway-77cfbdcb5d-hwvxn.echo resources:2 removed:0 size:11.3kB
2026-05-20T18:38:10.845975Z	info	delta	CDS: PUSH for node:echo-eastwestgateway-c58fcbbff-j5lqd.echo resources:1 removed:0 size:72B
2026-05-20T18:38:10.846005Z	info	delta	LDS: PUSH for node:echo-eastwestgateway-c58fcbbff-j5lqd.echo resources:0 removed:0 size:0B
2026-05-20T18:38:10.849296Z	info	delta	LDS: PUSH request for node:echo-5c4ffbc678-t7cng.echo resources:22 removed:0 size:89.3kB
2026-05-20T18:38:10.850480Z	info	delta	NDS: PUSH request for node:echo-5c4ffbc678-t7cng.echo resources:1 removed:0 size:1.2kB
2026-05-20T18:38:10.850860Z	info	delta	EDS: PUSH request for node:echo-gateway-77cfbdcb5d-hwvxn.echo resources:1 removed:0 size:42B empty:1 cached:0/1 filtered:0
2026-05-20T18:38:10.852642Z	info	delta	RDS: PUSH request for node:echo-gateway-77cfbdcb5d-hwvxn.echo resources:2 removed:0 size:1.4kB cached:0/0 filtered:0
2026-05-20T18:38:10.870824Z	info	delta	RDS: PUSH request for node:echo-5c4ffbc678-t7cng.echo resources:11 removed:0 size:9.7kB cached:0/11 filtered:0
2026-05-20T18:38:13.131224Z	info	ads	Push Status: {
    "pilot_eds_no_instances": {
        "outbound|80||echo.echo.svc.cluster.local": {}
    }
}
2026-05-20T18:38:13.708880Z	info	sync complete	name=istiod analyzer attempt=1 time=24.542µs
2026-05-20T18:38:13.823332Z	info	ads	Push debounce stable[10] 3 for config EnvoyFilter/echo/default-allow-echo-t2-gw-external-batch0 and 2 more configs: 100.984875ms since last change, 104.763958ms since last push, full=true
2026-05-20T18:38:13.824041Z	info	ads	XDS: Pushing Services:12 ConnectedEndpoints:3 Version:2026-05-20T18:38:13Z/8
2026-05-20T18:38:13.824471Z	info	delta	CDS: PUSH for node:echo-5c4ffbc678-t7cng.echo resources:24 removed:0 size:25.2kB cached:0/20
2026-05-20T18:38:13.824520Z	info	delta	EDS: PUSH for node:echo-5c4ffbc678-t7cng.echo resources:20 removed:0 size:4.1kB empty:0 cached:20/20
2026-05-20T18:38:13.825345Z	info	delta	LDS: PUSH for node:echo-5c4ffbc678-t7cng.echo resources:22 removed:0 size:89.3kB
2026-05-20T18:38:13.825737Z	info	delta	RDS: PUSH for node:echo-5c4ffbc678-t7cng.echo resources:11 removed:0 size:9.7kB cached:0/11
2026-05-20T18:38:13.825861Z	info	delta	CDS: PUSH for node:echo-gateway-77cfbdcb5d-hwvxn.echo resources:2 removed:0 size:1.1kB cached:0/1
2026-05-20T18:38:13.825880Z	info	delta	EDS: PUSH for node:echo-gateway-77cfbdcb5d-hwvxn.echo resources:1 removed:0 size:42B empty:0 cached:1/1
2026-05-20T18:38:13.826227Z	info	delta	LDS: PUSH for node:echo-gateway-77cfbdcb5d-hwvxn.echo resources:2 removed:0 size:11.3kB
2026-05-20T18:38:13.826300Z	info	delta	RDS: PUSH for node:echo-gateway-77cfbdcb5d-hwvxn.echo resources:2 removed:0 size:1.4kB cached:0/0
2026-05-20T18:38:13.826541Z	info	delta	CDS: PUSH for node:echo-eastwestgateway-c58fcbbff-j5lqd.echo resources:1 removed:0 size:72B
2026-05-20T18:38:13.826573Z	info	delta	LDS: PUSH for node:echo-eastwestgateway-c58fcbbff-j5lqd.echo resources:0 removed:0 size:0B
2026-05-20T18:38:14.722470Z	info	sync complete	name=istiod analyzer attempt=1 time=56.834µs
2026-05-20T18:38:19.713161Z	info	delta	CDS: PUSH for node:echo-5c4ffbc678-t7cng.echo resources:24 removed:0 size:25.2kB cached:20/20
2026-05-20T18:38:19.713255Z	info	delta	EDS: PUSH for node:echo-5c4ffbc678-t7cng.echo resources:20 removed:0 size:4.1kB empty:0 cached:20/20
2026-05-20T18:38:19.714745Z	info	delta	LDS: PUSH for node:echo-5c4ffbc678-t7cng.echo resources:22 removed:0 size:89.3kB
2026-05-20T18:38:19.715531Z	info	delta	RDS: PUSH for node:echo-5c4ffbc678-t7cng.echo resources:11 removed:0 size:9.7kB cached:8/11
2026-05-20T18:38:19.718672Z	info	delta	NDS: PUSH for node:echo-5c4ffbc678-t7cng.echo resources:1 removed:0 size:1.2kB
2026-05-20T18:38:19.841181Z	info	ads	Push debounce stable[11] 1 for config ServiceEntry/echo/echo.echo.svc.cluster.local: 101.415167ms since last change, 101.415125ms since last push, full=false
2026-05-20T18:38:19.841243Z	info	ads	XDS: Incremental Pushing ConnectedEndpoints:3 Version:2026-05-20T18:38:13Z/8
2026-05-20T18:38:20.743386Z	info	sync complete	name=istiod analyzer attempt=1 time=25.208µs
2026-05-20T18:38:37.257440Z	info	sync complete	name=istiod analyzer attempt=1 time=46.667µs
2026-05-20T18:41:37.954915Z	info	sync complete	name=istiod analyzer attempt=1 time=34.166µs
2026-05-20T18:41:45.028957Z	info	sync complete	name=istiod analyzer attempt=1 time=33.041µs
2026-05-20T18:41:46.102065Z	info	sync complete	name=istiod analyzer attempt=1 time=36.208µs
2026-05-20T18:42:01.694100Z	info	sync complete	name=istiod analyzer attempt=1 time=29.708µs
2026-05-20T18:47:06.972045Z	info	sync complete	name=istiod analyzer attempt=1 time=28.708µs
2026-05-20T18:52:13.522391Z	info	sync complete	name=istiod analyzer attempt=1 time=26.792µs
2026-05-20T18:53:33.416832Z	info	ads	Push debounce stable[12] 1 for config ConfigMap/tier1/kube-root-ca.crt: 100.334584ms since last change, 100.334542ms since last push, full=false
2026-05-20T18:53:33.416902Z	info	ads	XDS: Incremental Pushing ConnectedEndpoints:3 Version:2026-05-20T18:38:13Z/8
2026-05-20T18:53:34.320068Z	info	sync complete	name=istiod analyzer attempt=1 time=28.834µs
2026-05-20T18:53:36.769845Z	info	ads	Push debounce stable[13] 2 for config Sidecar/tier1/default and 1 more configs: 101.200625ms since last change, 101.314333ms since last push, full=true
2026-05-20T18:53:36.770236Z	info	ads	XDS: Pushing Services:12 ConnectedEndpoints:3 Version:2026-05-20T18:53:36Z/9
2026-05-20T18:53:36.770495Z	info	delta	CDS: PUSH for node:echo-gateway-77cfbdcb5d-hwvxn.echo resources:2 removed:0 size:1.1kB cached:0/1
2026-05-20T18:53:36.770521Z	info	delta	EDS: PUSH for node:echo-gateway-77cfbdcb5d-hwvxn.echo resources:1 removed:0 size:222B empty:0 cached:1/1
2026-05-20T18:53:36.771006Z	info	delta	LDS: PUSH for node:echo-gateway-77cfbdcb5d-hwvxn.echo resources:2 removed:0 size:11.3kB
2026-05-20T18:53:36.771094Z	info	delta	RDS: PUSH for node:echo-gateway-77cfbdcb5d-hwvxn.echo resources:2 removed:0 size:1.4kB cached:0/0
2026-05-20T18:53:36.771193Z	info	delta	CDS: PUSH for node:echo-eastwestgateway-c58fcbbff-j5lqd.echo resources:1 removed:0 size:72B
2026-05-20T18:53:36.771213Z	info	delta	LDS: PUSH for node:echo-eastwestgateway-c58fcbbff-j5lqd.echo resources:0 removed:0 size:0B
2026-05-20T18:53:37.670044Z	info	sync complete	name=istiod analyzer attempt=1 time=27.542µs
2026-05-20T18:53:37.779046Z	info	ads	Push debounce stable[14] 1 for config EnvoyFilter/tier1/default-upstream-traffic-setting: 100.243917ms since last change, 100.243876ms since last push, full=true
2026-05-20T18:53:37.779520Z	info	ads	XDS: Pushing Services:12 ConnectedEndpoints:3 Version:2026-05-20T18:53:37Z/10
2026-05-20T18:53:37.779638Z	info	delta	CDS: PUSH for node:echo-gateway-77cfbdcb5d-hwvxn.echo resources:2 removed:0 size:1.1kB cached:1/1
2026-05-20T18:53:37.779656Z	info	delta	EDS: PUSH for node:echo-gateway-77cfbdcb5d-hwvxn.echo resources:1 removed:0 size:222B empty:0 cached:1/1
2026-05-20T18:53:37.780031Z	info	delta	LDS: PUSH for node:echo-gateway-77cfbdcb5d-hwvxn.echo resources:2 removed:0 size:11.3kB
2026-05-20T18:53:37.780119Z	info	delta	RDS: PUSH for node:echo-gateway-77cfbdcb5d-hwvxn.echo resources:2 removed:0 size:1.4kB cached:0/0
2026-05-20T18:53:37.780221Z	info	delta	CDS: PUSH for node:echo-eastwestgateway-c58fcbbff-j5lqd.echo resources:1 removed:0 size:72B
2026-05-20T18:53:37.780238Z	info	delta	LDS: PUSH for node:echo-eastwestgateway-c58fcbbff-j5lqd.echo resources:0 removed:0 size:0B
2026-05-20T18:53:38.678997Z	info	sync complete	name=istiod analyzer attempt=1 time=42.583µs
2026-05-20T18:57:20.150016Z	info	sync complete	name=istiod analyzer attempt=1 time=40.75µs
2026-05-20T19:02:25.710810Z	info	sync complete	name=istiod analyzer attempt=1 time=26.125µs
2026-05-20T19:05:56.417246Z	info	model	Incremental push, service echo-gateway.echo.svc.cluster.local at shard Kubernetes/cluster-1 has no endpoints
2026-05-20T19:05:56.518147Z	info	ads	Push debounce stable[15] 2 for config ServiceEntry/echo/echo-gateway.echo.svc.cluster.local: 100.833541ms since last change, 105.926833ms since last push, full=true
2026-05-20T19:05:56.518402Z	info	ads	XDS: Pushing Services:11 ConnectedEndpoints:3 Version:2026-05-20T19:05:56Z/11
2026-05-20T19:05:56.518633Z	info	delta	CDS: PUSH for node:echo-5c4ffbc678-t7cng.echo resources:4 removed:3 size:1.0kB
2026-05-20T19:05:56.518656Z	info	delta	EDS: PUSH INC for node:echo-5c4ffbc678-t7cng.echo resources:0 removed:3 size:0B empty:0 cached:0/0
2026-05-20T19:05:56.519309Z	info	delta	LDS: PUSH for node:echo-5c4ffbc678-t7cng.echo resources:19 removed:3 size:79.1kB
2026-05-20T19:05:56.519585Z	info	delta	RDS: PUSH for node:echo-5c4ffbc678-t7cng.echo resources:11 removed:0 size:8.6kB cached:8/11
2026-05-20T19:05:56.519616Z	info	delta	NDS: PUSH for node:echo-5c4ffbc678-t7cng.echo resources:1 removed:0 size:1.1kB
2026-05-20T19:05:57.413266Z	info	sync complete	name=istiod analyzer attempt=1 time=76.709µs
2026-05-20T19:05:57.528993Z	info	ads	Push debounce stable[16] 1 for config Gateway/echo/echo-t2-gw: 101.542625ms since last change, 101.542583ms since last push, full=true
2026-05-20T19:05:57.529356Z	info	ads	XDS: Pushing Services:11 ConnectedEndpoints:3 Version:2026-05-20T19:05:57Z/12
2026-05-20T19:05:57.529642Z	info	delta	CDS: PUSH for node:echo-gateway-77cfbdcb5d-hwvxn.echo resources:2 removed:0 size:1.1kB cached:1/1
2026-05-20T19:05:57.534634Z	info	delta	LDS: PUSH for node:echo-gateway-77cfbdcb5d-hwvxn.echo resources:2 removed:0 size:11.3kB
2026-05-20T19:05:57.535590Z	info	delta	RDS: PUSH for node:echo-gateway-77cfbdcb5d-hwvxn.echo resources:2 removed:0 size:1.4kB cached:0/0
2026-05-20T19:05:57.535892Z	info	delta	CDS: PUSH for node:echo-eastwestgateway-c58fcbbff-j5lqd.echo resources:1 removed:0 size:72B
2026-05-20T19:05:57.536462Z	info	delta	LDS: PUSH for node:echo-eastwestgateway-c58fcbbff-j5lqd.echo resources:0 removed:0 size:0B
2026-05-20T19:05:58.427299Z	info	sync complete	name=istiod analyzer attempt=1 time=25.208µs
2026-05-20T19:05:59.681381Z	info	model	reloading network gateways
2026-05-20T19:05:59.681431Z	info	model	gateways changed, triggering push
2026-05-20T19:05:59.685435Z	info	Process sidecar injection request	path=/inject pod=echo/echo-gateway-77cfbdcb5d-***** (actual name not yet known)
2026-05-20T19:05:59.691195Z	info	model	Full push, new service echo/echo-gateway.echo.svc.cluster.local
2026-05-20T19:05:59.792048Z	info	ads	Push debounce stable[17] 5 for config ServiceEntry/echo/echo-gateway.echo.svc.cluster.local: 100.733667ms since last change, 116.348875ms since last push, full=true
2026-05-20T19:05:59.794113Z	info	ads	XDS: Pushing Services:12 ConnectedEndpoints:3 Version:2026-05-20T19:05:59Z/13
2026-05-20T19:05:59.794561Z	info	delta	CDS: PUSH for node:echo-5c4ffbc678-t7cng.echo resources:24 removed:0 size:25.2kB cached:0/20
2026-05-20T19:05:59.794820Z	info	delta	EDS: PUSH for node:echo-5c4ffbc678-t7cng.echo resources:17 removed:0 size:3.7kB empty:0 cached:0/17
2026-05-20T19:05:59.795502Z	info	delta	LDS: PUSH for node:echo-5c4ffbc678-t7cng.echo resources:22 removed:0 size:89.3kB
2026-05-20T19:05:59.795817Z	info	delta	RDS: PUSH for node:echo-5c4ffbc678-t7cng.echo resources:11 removed:0 size:9.7kB cached:0/11
2026-05-20T19:05:59.795842Z	info	delta	NDS: PUSH for node:echo-5c4ffbc678-t7cng.echo resources:1 removed:0 size:1.2kB
2026-05-20T19:05:59.795950Z	info	delta	CDS: PUSH for node:echo-gateway-77cfbdcb5d-hwvxn.echo resources:2 removed:0 size:1.1kB cached:0/1
2026-05-20T19:05:59.796128Z	info	delta	EDS: PUSH for node:echo-gateway-77cfbdcb5d-hwvxn.echo resources:1 removed:0 size:222B empty:0 cached:0/1
2026-05-20T19:05:59.796553Z	info	delta	LDS: PUSH for node:echo-gateway-77cfbdcb5d-hwvxn.echo resources:2 removed:0 size:11.3kB
2026-05-20T19:05:59.796627Z	info	delta	RDS: PUSH for node:echo-gateway-77cfbdcb5d-hwvxn.echo resources:2 removed:0 size:1.4kB cached:0/0
2026-05-20T19:05:59.796717Z	info	delta	CDS: PUSH for node:echo-eastwestgateway-c58fcbbff-j5lqd.echo resources:1 removed:0 size:72B
2026-05-20T19:05:59.796736Z	info	delta	LDS: PUSH for node:echo-eastwestgateway-c58fcbbff-j5lqd.echo resources:0 removed:0 size:0B
2026-05-20T19:05:59.805296Z	info	delta	EDS: PUSH request for node:echo-5c4ffbc678-t7cng.echo resources:3 removed:0 size:599B empty:0 cached:0/3 filtered:17
2026-05-20T19:06:00.240264Z	info	delta	ADS: new delta connection for node:echo-gateway-77cfbdcb5d-759w9.echo-4
2026-05-20T19:06:00.240375Z	info	delta	CDS: PUSH request for node:echo-gateway-77cfbdcb5d-759w9.echo resources:2 removed:0 size:1.1kB cached:1/1
2026-05-20T19:06:00.242515Z	info	delta	EDS: PUSH request for node:echo-gateway-77cfbdcb5d-759w9.echo resources:1 removed:0 size:222B empty:0 cached:1/1 filtered:0
2026-05-20T19:06:00.246748Z	info	delta	LDS: PUSH request for node:echo-gateway-77cfbdcb5d-759w9.echo resources:2 removed:0 size:11.3kB
2026-05-20T19:06:00.250812Z	info	delta	RDS: PUSH request for node:echo-gateway-77cfbdcb5d-759w9.echo resources:2 removed:0 size:1.4kB cached:0/0 filtered:0
2026-05-20T19:06:00.345626Z	info	delta	CDS: PUSH for node:echo-gateway-77cfbdcb5d-759w9.echo resources:2 removed:0 size:1.1kB cached:1/1
2026-05-20T19:06:00.345712Z	info	delta	EDS: PUSH for node:echo-gateway-77cfbdcb5d-759w9.echo resources:1 removed:0 size:222B empty:0 cached:1/1
2026-05-20T19:06:00.346801Z	info	delta	LDS: PUSH for node:echo-gateway-77cfbdcb5d-759w9.echo resources:2 removed:0 size:11.3kB
2026-05-20T19:06:00.346985Z	info	delta	RDS: PUSH for node:echo-gateway-77cfbdcb5d-759w9.echo resources:2 removed:0 size:1.4kB cached:0/0
2026-05-20T19:06:00.452138Z	info	ads	Push debounce stable[18] 1 for config ServiceEntry/echo/echo-gateway.echo.svc.cluster.local: 100.816542ms since last change, 100.8165ms since last push, full=false
2026-05-20T19:06:00.452209Z	info	ads	XDS: Incremental Pushing ConnectedEndpoints:4 Version:2026-05-20T19:05:59Z/13
2026-05-20T19:06:01.355269Z	info	sync complete	name=istiod analyzer attempt=1 time=33.375µs
2026-05-20T19:06:01.460153Z	info	ads	Push debounce stable[19] 1 for config Gateway/echo/echo-t2-gw: 100.070833ms since last change, 100.070791ms since last push, full=true
2026-05-20T19:06:01.460297Z	info	ads	XDS: Pushing Services:12 ConnectedEndpoints:4 Version:2026-05-20T19:06:01Z/14
2026-05-20T19:06:01.460497Z	info	delta	CDS: PUSH for node:echo-gateway-77cfbdcb5d-759w9.echo resources:2 removed:0 size:1.1kB cached:1/1
2026-05-20T19:06:01.460902Z	info	delta	LDS: PUSH for node:echo-gateway-77cfbdcb5d-759w9.echo resources:2 removed:0 size:11.3kB
2026-05-20T19:06:01.461008Z	info	delta	RDS: PUSH for node:echo-gateway-77cfbdcb5d-759w9.echo resources:2 removed:0 size:1.4kB cached:0/0
2026-05-20T19:06:01.461141Z	info	delta	CDS: PUSH for node:echo-gateway-77cfbdcb5d-hwvxn.echo resources:2 removed:0 size:1.1kB cached:1/1
2026-05-20T19:06:01.461385Z	info	delta	LDS: PUSH for node:echo-gateway-77cfbdcb5d-hwvxn.echo resources:2 removed:0 size:11.3kB
2026-05-20T19:06:01.461466Z	info	delta	RDS: PUSH for node:echo-gateway-77cfbdcb5d-hwvxn.echo resources:2 removed:0 size:1.4kB cached:0/0
2026-05-20T19:06:01.461573Z	info	delta	CDS: PUSH for node:echo-eastwestgateway-c58fcbbff-j5lqd.echo resources:1 removed:0 size:72B
2026-05-20T19:06:01.461599Z	info	delta	LDS: PUSH for node:echo-eastwestgateway-c58fcbbff-j5lqd.echo resources:0 removed:0 size:0B
2026-05-20T19:06:02.360492Z	info	sync complete	name=istiod analyzer attempt=1 time=25.292µs
2026-05-20T19:06:06.573097Z	info	ads	Push debounce stable[20] 1 for config ServiceEntry/echo/echo-gateway.echo.svc.cluster.local: 100.287416ms since last change, 100.287375ms since last push, full=false
2026-05-20T19:06:06.573200Z	info	ads	XDS: Incremental Pushing ConnectedEndpoints:4 Version:2026-05-20T19:06:01Z/14
2026-05-20T19:06:06.823730Z	info	model	Cache Update, new service xcp-multicluster/echo.tetrate.io
2026-05-20T19:06:06.940117Z	info	ads	Push debounce stable[21] 3 for config ServiceEntry/xcp-multicluster/echo.tetrate.io and 1 more configs: 100.645125ms since last change, 120.876708ms since last push, full=true
2026-05-20T19:06:06.940384Z	info	ads	XDS: Pushing Services:13 ConnectedEndpoints:4 Version:2026-05-20T19:06:06Z/15
2026-05-20T19:06:06.940675Z	info	delta	CDS: PUSH for node:echo-5c4ffbc678-t7cng.echo resources:5 removed:0 size:2.1kB cached:0/1
2026-05-20T19:06:06.940722Z	info	delta	EDS: PUSH for node:echo-5c4ffbc678-t7cng.echo resources:20 removed:0 size:4.3kB empty:0 cached:20/20
2026-05-20T19:06:06.941702Z	info	delta	LDS: PUSH for node:echo-5c4ffbc678-t7cng.echo resources:22 removed:0 size:89.3kB
2026-05-20T19:06:06.942115Z	info	delta	RDS: PUSH for node:echo-5c4ffbc678-t7cng.echo resources:11 removed:0 size:10.4kB cached:4/11
2026-05-20T19:06:06.942179Z	info	delta	NDS: PUSH for node:echo-5c4ffbc678-t7cng.echo resources:1 removed:0 size:1.3kB
2026-05-20T19:06:06.942303Z	info	delta	CDS: PUSH for node:echo-gateway-77cfbdcb5d-759w9.echo resources:2 removed:0 size:1.1kB cached:1/1
2026-05-20T19:06:06.942332Z	info	delta	EDS: PUSH for node:echo-gateway-77cfbdcb5d-759w9.echo resources:1 removed:0 size:222B empty:0 cached:1/1
2026-05-20T19:06:06.942959Z	info	delta	LDS: PUSH for node:echo-gateway-77cfbdcb5d-759w9.echo resources:2 removed:0 size:11.3kB
2026-05-20T19:06:06.943069Z	info	delta	RDS: PUSH for node:echo-gateway-77cfbdcb5d-759w9.echo resources:2 removed:0 size:1.4kB cached:0/0
2026-05-20T19:06:06.943258Z	info	delta	CDS: PUSH for node:echo-gateway-77cfbdcb5d-hwvxn.echo resources:2 removed:0 size:1.1kB cached:1/1
2026-05-20T19:06:06.943278Z	info	delta	EDS: PUSH for node:echo-gateway-77cfbdcb5d-hwvxn.echo resources:1 removed:0 size:222B empty:0 cached:1/1
2026-05-20T19:06:06.943581Z	info	delta	LDS: PUSH for node:echo-gateway-77cfbdcb5d-hwvxn.echo resources:2 removed:0 size:11.3kB
2026-05-20T19:06:06.943660Z	info	delta	RDS: PUSH for node:echo-gateway-77cfbdcb5d-hwvxn.echo resources:2 removed:0 size:1.4kB cached:0/0
2026-05-20T19:06:06.943992Z	info	delta	CDS: PUSH for node:echo-eastwestgateway-c58fcbbff-j5lqd.echo resources:1 removed:0 size:72B
2026-05-20T19:06:06.944050Z	info	delta	LDS: PUSH for node:echo-eastwestgateway-c58fcbbff-j5lqd.echo resources:0 removed:0 size:0B
2026-05-20T19:06:06.950607Z	info	delta	EDS: PUSH request for node:echo-5c4ffbc678-t7cng.echo resources:1 removed:0 size:143B empty:0 cached:0/1 filtered:20
2026-05-20T19:06:07.840116Z	info	sync complete	name=istiod analyzer attempt=1 time=55.042µs
2026-05-20T19:06:12.491306Z	info	delta	ADS: "10.20.0.15:45492" echo-gateway-77cfbdcb5d-hwvxn.echo-1 terminated
2026-05-20T19:06:12.689016Z	info	ads	Push debounce stable[22] 1 for config ServiceEntry/echo/echo-gateway.echo.svc.cluster.local: 101.281291ms since last change, 101.28125ms since last push, full=false
2026-05-20T19:06:12.689076Z	info	ads	XDS: Incremental Pushing ConnectedEndpoints:3 Version:2026-05-20T19:06:06Z/15
2026-05-20T19:06:14.398349Z	info	sync complete	name=istiod analyzer attempt=1 time=26.25µs
2026-05-20T19:07:25.016188Z	info	delta	ADS: "10.20.0.16:38674" echo-eastwestgateway-c58fcbbff-j5lqd.echo-2 terminated
2026-05-20T19:07:25.446074Z	info	delta	ADS: new delta connection for node:echo-eastwestgateway-c58fcbbff-j5lqd.echo-5
2026-05-20T19:07:25.446897Z	info	delta	CDS: PUSH request for node:echo-eastwestgateway-c58fcbbff-j5lqd.echo resources:1 removed:0 size:72B filtered:0
2026-05-20T19:07:25.446999Z	info	delta	LDS: PUSH request for node:echo-eastwestgateway-c58fcbbff-j5lqd.echo resources:0 removed:0 size:0B
2026-05-20T19:07:32.589485Z	info	sync complete	name=istiod analyzer attempt=1 time=116.458µs
2026-05-20T19:08:56.883921Z	info	delta	ADS: "10.20.0.14:38926" echo-5c4ffbc678-t7cng.echo-3 terminated
2026-05-20T19:08:57.327843Z	info	delta	ADS: new delta connection for node:echo-5c4ffbc678-t7cng.echo-6
2026-05-20T19:08:57.328479Z	info	delta	CDS: PUSH request for node:echo-5c4ffbc678-t7cng.echo resources:25 removed:0 size:26.3kB cached:21/21 filtered:0
2026-05-20T19:08:57.329013Z	info	delta	EDS: PUSH request for node:echo-5c4ffbc678-t7cng.echo resources:21 removed:0 size:4.4kB empty:0 cached:21/21 filtered:0
2026-05-20T19:08:57.330539Z	info	delta	LDS: PUSH request for node:echo-5c4ffbc678-t7cng.echo resources:22 removed:0 size:89.3kB filtered:0
2026-05-20T19:08:57.330680Z	info	delta	NDS: PUSH request for node:echo-5c4ffbc678-t7cng.echo resources:1 removed:0 size:1.3kB
2026-05-20T19:08:57.330823Z	info	delta	RDS: PUSH request for node:echo-5c4ffbc678-t7cng.echo resources:11 removed:0 size:10.3kB cached:11/11 filtered:0
2026-05-20T19:12:38.932118Z	info	sync complete	name=istiod analyzer attempt=1 time=59.916µs
2026-05-20T19:17:45.486111Z	info	sync complete	name=istiod analyzer attempt=1 time=33.75µs
2026-05-20T19:18:02.766129Z	info	delta	ADS: "10.20.0.14:47826" echo-5c4ffbc678-t7cng.echo-6 terminated
2026-05-20T19:18:02.820025Z	info	ads	Push debounce stable[23] 1 for config ServiceEntry/echo/echo.echo.svc.cluster.local: 100.052375ms since last change, 100.052333ms since last push, full=false
2026-05-20T19:18:02.820165Z	info	ads	XDS: Incremental Pushing ConnectedEndpoints:2 Version:2026-05-20T19:06:06Z/15
2026-05-20T19:18:02.846919Z	info	model	Incremental push, service echo.echo.svc.cluster.local at shard Kubernetes/cluster-1 has no endpoints
2026-05-20T19:18:02.948315Z	info	ads	Push debounce stable[24] 1 for config ServiceEntry/echo/echo.echo.svc.cluster.local: 101.36ms since last change, 101.359917ms since last push, full=false
2026-05-20T19:18:02.948378Z	info	ads	XDS: Incremental Pushing ConnectedEndpoints:2 Version:2026-05-20T19:06:06Z/15
2026-05-20T19:18:04.525026Z	info	sync complete	name=istiod analyzer attempt=1 time=28.916µs
2026-05-20T19:22:51.690904Z	info	sync complete	name=istiod analyzer attempt=1 time=42.333µs
2026-05-20T19:26:36.093986Z	info	Process sidecar injection request	path=/inject pod=echo/echo-5c4ffbc678-***** (actual name not yet known)
2026-05-20T19:26:37.115235Z	info	sync complete	name=istiod analyzer attempt=1 time=27.959µs
2026-05-20T19:26:37.412093Z	info	ads	Push debounce stable[25] 1 for config ServiceEntry/echo/echo.echo.svc.cluster.local: 101.90375ms since last change, 101.903709ms since last push, full=false
2026-05-20T19:26:37.412154Z	info	ads	XDS: Incremental Pushing ConnectedEndpoints:2 Version:2026-05-20T19:06:06Z/15
2026-05-20T19:26:37.627494Z	info	delta	ADS: new delta connection for node:echo-5c4ffbc678-4xgbr.echo-7
2026-05-20T19:26:37.627690Z	info	delta	CDS: PUSH request for node:echo-5c4ffbc678-4xgbr.echo resources:25 removed:0 size:26.3kB cached:20/21
2026-05-20T19:26:37.633757Z	info	delta	EDS: PUSH request for node:echo-5c4ffbc678-4xgbr.echo resources:21 removed:0 size:4.2kB empty:1 cached:20/21 filtered:0
2026-05-20T19:26:37.641162Z	info	delta	LDS: PUSH request for node:echo-5c4ffbc678-4xgbr.echo resources:22 removed:0 size:89.3kB
2026-05-20T19:26:37.641266Z	info	delta	NDS: PUSH request for node:echo-5c4ffbc678-4xgbr.echo resources:1 removed:0 size:1.3kB
2026-05-20T19:26:37.651484Z	info	delta	RDS: PUSH request for node:echo-5c4ffbc678-4xgbr.echo resources:11 removed:0 size:10.3kB cached:10/11 filtered:0
2026-05-20T19:26:38.308112Z	info	sync complete	name=istiod analyzer attempt=1 time=59.208µs
2026-05-20T19:26:40.313958Z	info	delta	CDS: PUSH for node:echo-5c4ffbc678-4xgbr.echo resources:25 removed:0 size:26.3kB cached:20/21
2026-05-20T19:26:40.314083Z	info	delta	EDS: PUSH for node:echo-5c4ffbc678-4xgbr.echo resources:21 removed:0 size:4.2kB empty:1 cached:20/21
2026-05-20T19:26:40.314841Z	info	delta	LDS: PUSH for node:echo-5c4ffbc678-4xgbr.echo resources:22 removed:0 size:89.3kB
2026-05-20T19:26:40.315235Z	info	delta	RDS: PUSH for node:echo-5c4ffbc678-4xgbr.echo resources:11 removed:0 size:10.3kB cached:10/11
2026-05-20T19:26:40.315291Z	info	delta	NDS: PUSH for node:echo-5c4ffbc678-4xgbr.echo resources:1 removed:0 size:1.3kB
2026-05-20T19:26:40.418999Z	info	ads	Push debounce stable[26] 1 for config ServiceEntry/echo/echo.echo.svc.cluster.local: 101.9935ms since last change, 101.993458ms since last push, full=false
2026-05-20T19:26:40.419045Z	info	ads	XDS: Incremental Pushing ConnectedEndpoints:3 Version:2026-05-20T19:06:06Z/15
2026-05-20T19:26:41.321004Z	info	sync complete	name=istiod analyzer attempt=1 time=26.834µs
2026-05-20T19:26:47.103563Z	info	ads	Push debounce stable[27] 2 for config ServiceEntry/xcp-multicluster/echo.tetrate.io and 1 more configs: 101.077708ms since last change, 104.389083ms since last push, full=true
2026-05-20T19:26:47.103822Z	info	ads	XDS: Pushing Services:12 ConnectedEndpoints:3 Version:2026-05-20T19:26:47Z/16
2026-05-20T19:26:47.104013Z	info	delta	CDS: PUSH for node:echo-gateway-77cfbdcb5d-759w9.echo resources:2 removed:0 size:1.1kB cached:0/1
2026-05-20T19:26:47.104034Z	info	delta	EDS: PUSH for node:echo-gateway-77cfbdcb5d-759w9.echo resources:1 removed:0 size:222B empty:0 cached:1/1
2026-05-20T19:26:47.104400Z	info	delta	LDS: PUSH for node:echo-gateway-77cfbdcb5d-759w9.echo resources:2 removed:0 size:11.3kB
2026-05-20T19:26:47.104491Z	info	delta	RDS: PUSH for node:echo-gateway-77cfbdcb5d-759w9.echo resources:2 removed:0 size:1.4kB cached:0/0
2026-05-20T19:26:47.104627Z	info	delta	CDS: PUSH for node:echo-eastwestgateway-c58fcbbff-j5lqd.echo resources:1 removed:0 size:72B
2026-05-20T19:26:47.104643Z	info	delta	LDS: PUSH for node:echo-eastwestgateway-c58fcbbff-j5lqd.echo resources:0 removed:0 size:0B
2026-05-20T19:26:47.104713Z	info	delta	CDS: PUSH for node:echo-5c4ffbc678-4xgbr.echo resources:4 removed:1 size:1.0kB
2026-05-20T19:26:47.104756Z	info	delta	EDS: PUSH for node:echo-5c4ffbc678-4xgbr.echo resources:21 removed:0 size:4.3kB empty:1 cached:20/21
2026-05-20T19:26:47.105340Z	info	delta	LDS: PUSH for node:echo-5c4ffbc678-4xgbr.echo resources:22 removed:0 size:89.3kB
2026-05-20T19:26:47.105568Z	info	delta	RDS: PUSH for node:echo-5c4ffbc678-4xgbr.echo resources:11 removed:0 size:9.7kB cached:10/11
2026-05-20T19:26:47.105590Z	info	delta	NDS: PUSH for node:echo-5c4ffbc678-4xgbr.echo resources:1 removed:0 size:1.2kB
2026-05-20T19:26:48.003608Z	info	sync complete	name=istiod analyzer attempt=1 time=38.625µs
2026-05-20T19:26:57.082997Z	info	ads	Push debounce stable[28] 1 for config ServiceEntry/echo/echo-gateway.echo.svc.cluster.local: 100.447708ms since last change, 100.447625ms since last push, full=false
2026-05-20T19:26:57.083060Z	info	ads	XDS: Incremental Pushing ConnectedEndpoints:3 Version:2026-05-20T19:26:47Z/16
2026-05-20T19:26:57.988512Z	info	sync complete	name=istiod analyzer attempt=1 time=27.209µs
2026-05-20T19:27:02.988132Z	info	delta	ADS: "10.20.0.18:59374" echo-gateway-77cfbdcb5d-759w9.echo-4 terminated
2026-05-20T19:27:03.081087Z	info	model	Incremental push, service echo-gateway.echo.svc.cluster.local at shard Kubernetes/cluster-1 has no endpoints
2026-05-20T19:27:03.181391Z	info	ads	Push debounce stable[29] 1 for config ServiceEntry/echo/echo-gateway.echo.svc.cluster.local: 100.2665ms since last change, 100.266458ms since last push, full=false
2026-05-20T19:27:03.181461Z	info	ads	XDS: Incremental Pushing ConnectedEndpoints:2 Version:2026-05-20T19:26:47Z/16
2026-05-20T19:27:04.353683Z	info	sync complete	name=istiod analyzer attempt=1 time=37.292µs
2026-05-20T19:27:04.457807Z	info	ads	Push debounce stable[30] 1 for config Gateway/echo/echo-t2-gw: 100.570042ms since last change, 100.57ms since last push, full=true
2026-05-20T19:27:04.457968Z	info	ads	XDS: Pushing Services:12 ConnectedEndpoints:2 Version:2026-05-20T19:27:04Z/17
2026-05-20T19:27:04.458082Z	info	delta	CDS: PUSH for node:echo-eastwestgateway-c58fcbbff-j5lqd.echo resources:1 removed:0 size:72B
2026-05-20T19:27:04.458109Z	info	delta	LDS: PUSH for node:echo-eastwestgateway-c58fcbbff-j5lqd.echo resources:0 removed:0 size:0B
2026-05-20T19:27:05.357693Z	info	sync complete	name=istiod analyzer attempt=1 time=35.167µs
2026-05-20T19:27:57.577476Z	info	sync complete	name=istiod analyzer attempt=1 time=40.708µs
2026-05-20T19:28:12.632093Z	info	Process sidecar injection request	path=/inject pod=echo/echo-gateway-77cfbdcb5d-***** (actual name not yet known)
2026-05-20T19:28:13.328975Z	info	delta	ADS: new delta connection for node:echo-gateway-77cfbdcb5d-s9t4l.echo-8
2026-05-20T19:28:13.329089Z	info	delta	CDS: PUSH request for node:echo-gateway-77cfbdcb5d-s9t4l.echo resources:2 removed:0 size:1.1kB cached:1/1
2026-05-20T19:28:13.331196Z	info	delta	EDS: PUSH request for node:echo-gateway-77cfbdcb5d-s9t4l.echo resources:1 removed:0 size:222B empty:0 cached:1/1 filtered:0
2026-05-20T19:28:13.337282Z	info	delta	LDS: PUSH request for node:echo-gateway-77cfbdcb5d-s9t4l.echo resources:2 removed:0 size:11.3kB
2026-05-20T19:28:13.341375Z	info	delta	RDS: PUSH request for node:echo-gateway-77cfbdcb5d-s9t4l.echo resources:2 removed:0 size:1.4kB cached:0/0 filtered:0
2026-05-20T19:28:13.465578Z	info	delta	CDS: PUSH for node:echo-gateway-77cfbdcb5d-s9t4l.echo resources:2 removed:0 size:1.1kB cached:1/1
2026-05-20T19:28:13.465614Z	info	delta	EDS: PUSH for node:echo-gateway-77cfbdcb5d-s9t4l.echo resources:1 removed:0 size:222B empty:0 cached:1/1
2026-05-20T19:28:13.466073Z	info	delta	LDS: PUSH for node:echo-gateway-77cfbdcb5d-s9t4l.echo resources:2 removed:0 size:11.3kB
2026-05-20T19:28:13.466167Z	info	delta	RDS: PUSH for node:echo-gateway-77cfbdcb5d-s9t4l.echo resources:2 removed:0 size:1.4kB cached:0/0
2026-05-20T19:28:13.495703Z	info	model	Cache Update, new service xcp-multicluster/echo.tetrate.io
2026-05-20T19:28:13.602781Z	info	ads	Push debounce stable[31] 5 for config ServiceEntry/echo/echo-gateway.echo.svc.cluster.local and 2 more configs: 101.929542ms since last change, 142.32475ms since last push, full=true
2026-05-20T19:28:13.602968Z	info	ads	XDS: Pushing Services:13 ConnectedEndpoints:3 Version:2026-05-20T19:28:13Z/18
2026-05-20T19:28:13.603121Z	info	delta	CDS: PUSH for node:echo-gateway-77cfbdcb5d-s9t4l.echo resources:2 removed:0 size:1.1kB cached:1/1
2026-05-20T19:28:13.603140Z	info	delta	EDS: PUSH for node:echo-gateway-77cfbdcb5d-s9t4l.echo resources:1 removed:0 size:222B empty:0 cached:1/1
2026-05-20T19:28:13.603496Z	info	delta	LDS: PUSH for node:echo-gateway-77cfbdcb5d-s9t4l.echo resources:2 removed:0 size:11.3kB
2026-05-20T19:28:13.603583Z	info	delta	RDS: PUSH for node:echo-gateway-77cfbdcb5d-s9t4l.echo resources:2 removed:0 size:1.4kB cached:0/0
2026-05-20T19:28:13.603690Z	info	delta	CDS: PUSH for node:echo-eastwestgateway-c58fcbbff-j5lqd.echo resources:1 removed:0 size:72B
2026-05-20T19:28:13.603706Z	info	delta	LDS: PUSH for node:echo-eastwestgateway-c58fcbbff-j5lqd.echo resources:0 removed:0 size:0B
2026-05-20T19:28:13.603886Z	info	delta	CDS: PUSH for node:echo-5c4ffbc678-4xgbr.echo resources:8 removed:0 size:5.6kB cached:0/4
2026-05-20T19:28:13.603957Z	info	delta	EDS: PUSH for node:echo-5c4ffbc678-4xgbr.echo resources:20 removed:0 size:4.3kB empty:0 cached:17/20
2026-05-20T19:28:13.604525Z	info	delta	LDS: PUSH for node:echo-5c4ffbc678-4xgbr.echo resources:22 removed:0 size:89.3kB
2026-05-20T19:28:13.604792Z	info	delta	RDS: PUSH for node:echo-5c4ffbc678-4xgbr.echo resources:11 removed:0 size:10.4kB cached:7/11
2026-05-20T19:28:13.604819Z	info	delta	NDS: PUSH for node:echo-5c4ffbc678-4xgbr.echo resources:1 removed:0 size:1.3kB
2026-05-20T19:28:13.609064Z	info	delta	EDS: PUSH request for node:echo-5c4ffbc678-4xgbr.echo resources:1 removed:0 size:143B empty:0 cached:0/1 filtered:20
2026-05-20T19:28:14.502887Z	info	sync complete	name=istiod analyzer attempt=1 time=34.042µs
2026-05-20T19:28:14.608820Z	info	ads	Push debounce stable[32] 1 for config Gateway/echo/echo-t2-gw: 101.526417ms since last change, 101.526375ms since last push, full=true
2026-05-20T19:28:14.609002Z	info	ads	XDS: Pushing Services:13 ConnectedEndpoints:3 Version:2026-05-20T19:28:14Z/19
2026-05-20T19:28:14.609145Z	info	delta	CDS: PUSH for node:echo-eastwestgateway-c58fcbbff-j5lqd.echo resources:1 removed:0 size:72B
2026-05-20T19:28:14.609179Z	info	delta	LDS: PUSH for node:echo-eastwestgateway-c58fcbbff-j5lqd.echo resources:0 removed:0 size:0B
2026-05-20T19:28:14.609257Z	info	delta	CDS: PUSH for node:echo-gateway-77cfbdcb5d-s9t4l.echo resources:2 removed:0 size:1.1kB cached:1/1
2026-05-20T19:28:14.609637Z	info	delta	LDS: PUSH for node:echo-gateway-77cfbdcb5d-s9t4l.echo resources:2 removed:0 size:11.3kB
2026-05-20T19:28:14.609825Z	info	delta	RDS: PUSH for node:echo-gateway-77cfbdcb5d-s9t4l.echo resources:2 removed:0 size:1.4kB cached:0/0
2026-05-20T19:28:15.507927Z	info	sync complete	name=istiod analyzer attempt=1 time=34.708µs
2026-05-20T19:33:03.305096Z	info	sync complete	name=istiod analyzer attempt=1 time=30.708µs
2026-05-20T19:34:50.858961Z	info	delta	ADS: "10.20.0.16:38454" echo-eastwestgateway-c58fcbbff-j5lqd.echo-5 terminated
2026-05-20T19:34:51.018597Z	info	delta	ADS: new delta connection for node:echo-eastwestgateway-c58fcbbff-j5lqd.echo-9
2026-05-20T19:34:51.019058Z	info	delta	CDS: PUSH request for node:echo-eastwestgateway-c58fcbbff-j5lqd.echo resources:1 removed:0 size:72B filtered:0
2026-05-20T19:34:51.019101Z	info	delta	LDS: PUSH request for node:echo-eastwestgateway-c58fcbbff-j5lqd.echo resources:0 removed:0 size:0B
2026-05-20T19:38:09.155616Z	info	sync complete	name=istiod analyzer attempt=1 time=28.417µs
2026-05-20T19:43:15.180183Z	info	sync complete	name=istiod analyzer attempt=1 time=32.959µs
2026-05-20T19:48:21.406122Z	info	sync complete	name=istiod analyzer attempt=1 time=26.375µs
2026-05-20T19:53:26.913530Z	info	sync complete	name=istiod analyzer attempt=1 time=34.916µs
2026-05-20T19:58:33.148413Z	info	sync complete	name=istiod analyzer attempt=1 time=28.25µs
2026-05-20T19:58:55.955043Z	info	delta	ADS: "10.20.0.19:35942" echo-5c4ffbc678-4xgbr.echo-7 terminated
2026-05-20T19:58:56.318150Z	info	delta	ADS: new delta connection for node:echo-5c4ffbc678-4xgbr.echo-10
2026-05-20T19:58:56.318305Z	info	delta	CDS: PUSH request for node:echo-5c4ffbc678-4xgbr.echo resources:25 removed:0 size:26.3kB cached:21/21 filtered:0
2026-05-20T19:58:56.318904Z	info	delta	EDS: PUSH request for node:echo-5c4ffbc678-4xgbr.echo resources:21 removed:0 size:4.4kB empty:0 cached:21/21 filtered:0
2026-05-20T19:58:56.320863Z	info	delta	LDS: PUSH request for node:echo-5c4ffbc678-4xgbr.echo resources:22 removed:0 size:89.3kB filtered:0
2026-05-20T19:58:56.321027Z	info	delta	NDS: PUSH request for node:echo-5c4ffbc678-4xgbr.echo resources:1 removed:0 size:1.3kB
2026-05-20T19:58:56.321337Z	info	delta	RDS: PUSH request for node:echo-5c4ffbc678-4xgbr.echo resources:11 removed:0 size:10.3kB cached:11/11 filtered:0
2026-05-20T19:59:48.654082Z	info	delta	ADS: "10.20.0.20:32832" echo-gateway-77cfbdcb5d-s9t4l.echo-8 terminated
2026-05-20T19:59:48.783205Z	info	delta	ADS: new delta connection for node:echo-gateway-77cfbdcb5d-s9t4l.echo-11
2026-05-20T19:59:48.783319Z	info	delta	CDS: PUSH request for node:echo-gateway-77cfbdcb5d-s9t4l.echo resources:2 removed:0 size:1.1kB cached:1/1 filtered:0
2026-05-20T19:59:48.783655Z	info	delta	EDS: PUSH request for node:echo-gateway-77cfbdcb5d-s9t4l.echo resources:1 removed:0 size:222B empty:0 cached:1/1 filtered:0
2026-05-20T19:59:48.784366Z	info	delta	LDS: PUSH request for node:echo-gateway-77cfbdcb5d-s9t4l.echo resources:2 removed:0 size:11.3kB filtered:0
2026-05-20T19:59:48.784470Z	info	delta	RDS: PUSH request for node:echo-gateway-77cfbdcb5d-s9t4l.echo resources:2 removed:0 size:1.4kB cached:0/0 filtered:0
2026-05-20T20:19:29.162615Z	info	sync complete	name=istiod analyzer attempt=1 time=30.334µs
2026-05-20T20:54:23.270312Z	info	delta	ADS: "10.20.0.16:44720" echo-eastwestgateway-c58fcbbff-j5lqd.echo-9 terminated
2026-05-20T20:54:23.501748Z	info	delta	ADS: new delta connection for node:echo-eastwestgateway-c58fcbbff-j5lqd.echo-12
2026-05-20T20:54:23.502196Z	info	delta	CDS: PUSH request for node:echo-eastwestgateway-c58fcbbff-j5lqd.echo resources:1 removed:0 size:72B filtered:0
2026-05-20T20:54:23.502241Z	info	delta	LDS: PUSH request for node:echo-eastwestgateway-c58fcbbff-j5lqd.echo resources:0 removed:0 size:0B
2026-05-20T21:28:52.912875Z	info	sync complete	name=istiod analyzer attempt=1 time=28.542µs
2026-05-20T21:56:17.064694Z	info	sync complete	name=istiod analyzer attempt=1 time=26.041µs
2026-05-20T22:16:48.598995Z	info	sync complete	name=istiod analyzer attempt=1 time=27.959µs
2026-05-20T22:36:54.976816Z	info	sync complete	name=istiod analyzer attempt=1 time=28.791µs
2026-05-20T22:39:23.282604Z	info	delta	ADS: "10.20.0.19:33732" echo-5c4ffbc678-4xgbr.echo-10 terminated
2026-05-20T22:39:23.706096Z	info	delta	ADS: new delta connection for node:echo-5c4ffbc678-4xgbr.echo-13
2026-05-20T22:39:23.706639Z	info	delta	CDS: PUSH request for node:echo-5c4ffbc678-4xgbr.echo resources:25 removed:0 size:26.3kB cached:21/21 filtered:0
2026-05-20T22:39:23.710144Z	info	delta	EDS: PUSH request for node:echo-5c4ffbc678-4xgbr.echo resources:21 removed:0 size:4.4kB empty:0 cached:21/21 filtered:0
2026-05-20T22:39:23.714057Z	info	delta	LDS: PUSH request for node:echo-5c4ffbc678-4xgbr.echo resources:22 removed:0 size:89.3kB filtered:0
2026-05-20T22:39:23.714588Z	info	delta	NDS: PUSH request for node:echo-5c4ffbc678-4xgbr.echo resources:1 removed:0 size:1.3kB
2026-05-20T22:39:23.714928Z	info	delta	RDS: PUSH request for node:echo-5c4ffbc678-4xgbr.echo resources:11 removed:0 size:10.3kB cached:11/11 filtered:0
2026-05-20T22:57:43.692329Z	info	sync complete	name=istiod analyzer attempt=1 time=27.625µs
2026-05-20T22:58:50.160914Z	info	delta	ADS: "10.20.0.20:33080" echo-gateway-77cfbdcb5d-s9t4l.echo-11 terminated
2026-05-20T22:58:50.645449Z	info	delta	ADS: new delta connection for node:echo-gateway-77cfbdcb5d-s9t4l.echo-14
2026-05-20T22:58:50.645844Z	info	delta	CDS: PUSH request for node:echo-gateway-77cfbdcb5d-s9t4l.echo resources:2 removed:0 size:1.1kB cached:1/1 filtered:0
2026-05-20T22:58:50.649833Z	info	delta	EDS: PUSH request for node:echo-gateway-77cfbdcb5d-s9t4l.echo resources:1 removed:0 size:222B empty:0 cached:1/1 filtered:0
2026-05-20T22:58:50.653011Z	info	delta	LDS: PUSH request for node:echo-gateway-77cfbdcb5d-s9t4l.echo resources:2 removed:0 size:11.3kB filtered:0
2026-05-20T22:58:50.653392Z	info	delta	RDS: PUSH request for node:echo-gateway-77cfbdcb5d-s9t4l.echo resources:2 removed:0 size:1.4kB cached:0/0 filtered:0
2026-05-20T23:17:43.268486Z	info	delta	ADS: "10.20.0.16:41050" echo-eastwestgateway-c58fcbbff-j5lqd.echo-12 terminated
2026-05-20T23:17:43.612162Z	info	delta	ADS: new delta connection for node:echo-eastwestgateway-c58fcbbff-j5lqd.echo-15
2026-05-20T23:17:43.612534Z	info	delta	CDS: PUSH request for node:echo-eastwestgateway-c58fcbbff-j5lqd.echo resources:1 removed:0 size:72B filtered:0
2026-05-20T23:17:43.613466Z	info	delta	LDS: PUSH request for node:echo-eastwestgateway-c58fcbbff-j5lqd.echo resources:0 removed:0 size:0B
2026-05-20T23:33:46.328519Z	info	sync complete	name=istiod analyzer attempt=1 time=26.375µs
2026-05-20T23:38:53.656455Z	info	sync complete	name=istiod analyzer attempt=1 time=29.708µs
2026-05-20T23:43:59.769785Z	info	sync complete	name=istiod analyzer attempt=1 time=52.5µs
2026-05-20T23:49:05.974861Z	info	sync complete	name=istiod analyzer attempt=1 time=28.875µs
2026-05-20T23:53:32.910307Z	info	delta	ADS: "10.20.0.19:48394" echo-5c4ffbc678-4xgbr.echo-13 terminated
2026-05-20T23:53:33.066163Z	info	delta	ADS: new delta connection for node:echo-5c4ffbc678-4xgbr.echo-16
2026-05-20T23:53:33.066323Z	info	delta	CDS: PUSH request for node:echo-5c4ffbc678-4xgbr.echo resources:25 removed:0 size:26.3kB cached:21/21 filtered:0
2026-05-20T23:53:33.067581Z	info	delta	EDS: PUSH request for node:echo-5c4ffbc678-4xgbr.echo resources:21 removed:0 size:4.4kB empty:0 cached:21/21 filtered:0
2026-05-20T23:53:33.068455Z	info	delta	LDS: PUSH request for node:echo-5c4ffbc678-4xgbr.echo resources:22 removed:0 size:89.3kB filtered:0
2026-05-20T23:53:33.068538Z	info	delta	NDS: PUSH request for node:echo-5c4ffbc678-4xgbr.echo resources:1 removed:0 size:1.3kB
2026-05-20T23:53:33.068726Z	info	delta	RDS: PUSH request for node:echo-5c4ffbc678-4xgbr.echo resources:11 removed:0 size:10.3kB cached:11/11 filtered:0
2026-05-20T23:54:12.635260Z	info	sync complete	name=istiod analyzer attempt=1 time=35.875µs
2026-05-20T23:59:19.927648Z	info	sync complete	name=istiod analyzer attempt=1 time=31.958µs
2026-05-21T00:01:35.016954Z	info	delta	ADS: "10.20.0.20:53660" echo-gateway-77cfbdcb5d-s9t4l.echo-14 terminated
2026-05-21T00:01:35.170976Z	info	delta	ADS: new delta connection for node:echo-gateway-77cfbdcb5d-s9t4l.echo-17
2026-05-21T00:01:35.171095Z	info	delta	CDS: PUSH request for node:echo-gateway-77cfbdcb5d-s9t4l.echo resources:2 removed:0 size:1.1kB cached:1/1 filtered:0
2026-05-21T00:01:35.171516Z	info	delta	EDS: PUSH request for node:echo-gateway-77cfbdcb5d-s9t4l.echo resources:1 removed:0 size:222B empty:0 cached:1/1 filtered:0
2026-05-21T00:01:35.172326Z	info	delta	LDS: PUSH request for node:echo-gateway-77cfbdcb5d-s9t4l.echo resources:2 removed:0 size:11.3kB filtered:0
2026-05-21T00:01:35.172428Z	info	delta	RDS: PUSH request for node:echo-gateway-77cfbdcb5d-s9t4l.echo resources:2 removed:0 size:1.4kB cached:0/0 filtered:0
2026-05-21T00:04:25.699756Z	info	sync complete	name=istiod analyzer attempt=1 time=28.166µs
2026-05-21T00:06:09.810722Z	info	delta	ADS: "10.20.0.16:59506" echo-eastwestgateway-c58fcbbff-j5lqd.echo-15 terminated
2026-05-21T00:06:10.103391Z	info	delta	ADS: new delta connection for node:echo-eastwestgateway-c58fcbbff-j5lqd.echo-18
2026-05-21T00:06:10.103592Z	info	delta	CDS: PUSH request for node:echo-eastwestgateway-c58fcbbff-j5lqd.echo resources:1 removed:0 size:72B filtered:0
2026-05-21T00:06:10.103622Z	info	delta	LDS: PUSH request for node:echo-eastwestgateway-c58fcbbff-j5lqd.echo resources:0 removed:0 size:0B
2026-05-21T00:09:32.068549Z	info	sync complete	name=istiod analyzer attempt=1 time=29.833µs
2026-05-21T00:14:37.860726Z	info	sync complete	name=istiod analyzer attempt=1 time=26.917µs
2026-05-21T00:19:43.643894Z	info	sync complete	name=istiod analyzer attempt=1 time=26µs
2026-05-21T00:24:49.841493Z	info	sync complete	name=istiod analyzer attempt=1 time=30.667µs
2026-05-21T00:26:30.396721Z	info	delta	ADS: "10.20.0.19:35724" echo-5c4ffbc678-4xgbr.echo-16 terminated
2026-05-21T00:26:30.718908Z	info	delta	ADS: new delta connection for node:echo-5c4ffbc678-4xgbr.echo-19
2026-05-21T00:26:30.719205Z	info	delta	CDS: PUSH request for node:echo-5c4ffbc678-4xgbr.echo resources:25 removed:0 size:26.3kB cached:21/21 filtered:0
2026-05-21T00:26:30.719260Z	info	delta	EDS: PUSH request for node:echo-5c4ffbc678-4xgbr.echo resources:21 removed:0 size:4.4kB empty:0 cached:21/21 filtered:0
2026-05-21T00:26:30.720313Z	info	delta	LDS: PUSH request for node:echo-5c4ffbc678-4xgbr.echo resources:22 removed:0 size:89.3kB filtered:0
2026-05-21T00:26:30.720435Z	info	delta	NDS: PUSH request for node:echo-5c4ffbc678-4xgbr.echo resources:1 removed:0 size:1.3kB
2026-05-21T00:26:30.720523Z	info	delta	RDS: PUSH request for node:echo-5c4ffbc678-4xgbr.echo resources:11 removed:0 size:10.3kB cached:11/11 filtered:0
2026-05-21T00:29:55.768940Z	info	sync complete	name=istiod analyzer attempt=1 time=28.25µs
2026-05-21T00:33:34.581400Z	info	delta	ADS: "10.20.0.20:58540" echo-gateway-77cfbdcb5d-s9t4l.echo-17 terminated
2026-05-21T00:33:35.067976Z	info	delta	ADS: new delta connection for node:echo-gateway-77cfbdcb5d-s9t4l.echo-20
2026-05-21T00:33:35.068112Z	info	delta	CDS: PUSH request for node:echo-gateway-77cfbdcb5d-s9t4l.echo resources:2 removed:0 size:1.1kB cached:1/1 filtered:0
2026-05-21T00:33:35.069811Z	info	delta	EDS: PUSH request for node:echo-gateway-77cfbdcb5d-s9t4l.echo resources:1 removed:0 size:222B empty:0 cached:1/1 filtered:0
2026-05-21T00:33:35.070801Z	info	delta	LDS: PUSH request for node:echo-gateway-77cfbdcb5d-s9t4l.echo resources:2 removed:0 size:11.3kB filtered:0
2026-05-21T00:33:35.070935Z	info	delta	RDS: PUSH request for node:echo-gateway-77cfbdcb5d-s9t4l.echo resources:2 removed:0 size:1.4kB cached:0/0 filtered:0
2026-05-21T00:35:01.700275Z	info	sync complete	name=istiod analyzer attempt=1 time=35.25µs
2026-05-21T00:38:15.364408Z	info	delta	ADS: "10.20.0.16:50276" echo-eastwestgateway-c58fcbbff-j5lqd.echo-18 terminated
2026-05-21T00:38:15.661271Z	info	delta	ADS: new delta connection for node:echo-eastwestgateway-c58fcbbff-j5lqd.echo-21
2026-05-21T00:38:15.661481Z	info	delta	CDS: PUSH request for node:echo-eastwestgateway-c58fcbbff-j5lqd.echo resources:1 removed:0 size:72B filtered:0
2026-05-21T00:38:15.661509Z	info	delta	LDS: PUSH request for node:echo-eastwestgateway-c58fcbbff-j5lqd.echo resources:0 removed:0 size:0B
2026-05-21T00:40:08.527583Z	info	sync complete	name=istiod analyzer attempt=1 time=30.083µs
2026-05-21T01:50:25.210388Z	info	sync complete	name=istiod analyzer attempt=1 time=26.083µs
2026-05-21T02:10:55.712586Z	info	sync complete	name=istiod analyzer attempt=1 time=69.292µs
2026-05-21T02:49:11.120756Z	info	sync complete	name=istiod analyzer attempt=1 time=31.459µs
2026-05-21T03:09:08.768114Z	info	delta	ADS: "10.20.0.19:45030" echo-5c4ffbc678-4xgbr.echo-19 terminated
2026-05-21T03:09:09.065325Z	info	delta	ADS: new delta connection for node:echo-5c4ffbc678-4xgbr.echo-22
2026-05-21T03:09:09.065669Z	info	delta	CDS: PUSH request for node:echo-5c4ffbc678-4xgbr.echo resources:25 removed:0 size:26.3kB cached:21/21 filtered:0
2026-05-21T03:09:09.065965Z	info	delta	EDS: PUSH request for node:echo-5c4ffbc678-4xgbr.echo resources:21 removed:0 size:4.4kB empty:0 cached:21/21 filtered:0
2026-05-21T03:09:09.067010Z	info	delta	LDS: PUSH request for node:echo-5c4ffbc678-4xgbr.echo resources:22 removed:0 size:89.3kB filtered:0
2026-05-21T03:09:09.067129Z	info	delta	NDS: PUSH request for node:echo-5c4ffbc678-4xgbr.echo resources:1 removed:0 size:1.3kB
2026-05-21T03:09:09.067347Z	info	delta	RDS: PUSH request for node:echo-5c4ffbc678-4xgbr.echo resources:11 removed:0 size:10.3kB cached:11/11 filtered:0
2026-05-21T03:10:45.071438Z	info	sync complete	name=istiod analyzer attempt=1 time=28.458µs
2026-05-21T03:29:49.654098Z	info	delta	ADS: "10.20.0.20:47130" echo-gateway-77cfbdcb5d-s9t4l.echo-20 terminated
2026-05-21T03:29:49.724747Z	info	delta	ADS: new delta connection for node:echo-gateway-77cfbdcb5d-s9t4l.echo-23
2026-05-21T03:29:49.724863Z	info	delta	CDS: PUSH request for node:echo-gateway-77cfbdcb5d-s9t4l.echo resources:2 removed:0 size:1.1kB cached:1/1 filtered:0
2026-05-21T03:29:49.725041Z	info	delta	EDS: PUSH request for node:echo-gateway-77cfbdcb5d-s9t4l.echo resources:1 removed:0 size:222B empty:0 cached:1/1 filtered:0
2026-05-21T03:29:49.726269Z	info	delta	LDS: PUSH request for node:echo-gateway-77cfbdcb5d-s9t4l.echo resources:2 removed:0 size:11.3kB filtered:0
2026-05-21T03:29:49.726531Z	info	delta	RDS: PUSH request for node:echo-gateway-77cfbdcb5d-s9t4l.echo resources:2 removed:0 size:1.4kB cached:0/0 filtered:0
2026-05-21T03:31:29.463698Z	info	sync complete	name=istiod analyzer attempt=1 time=52.125µs
2026-05-21T03:31:56.567926Z	info	delta	ADS: "10.20.0.16:57934" echo-eastwestgateway-c58fcbbff-j5lqd.echo-21 terminated
2026-05-21T03:31:56.604211Z	info	delta	ADS: new delta connection for node:echo-eastwestgateway-c58fcbbff-j5lqd.echo-24
2026-05-21T03:31:56.605033Z	info	delta	CDS: PUSH request for node:echo-eastwestgateway-c58fcbbff-j5lqd.echo resources:1 removed:0 size:72B filtered:0
2026-05-21T03:31:56.605159Z	info	delta	LDS: PUSH request for node:echo-eastwestgateway-c58fcbbff-j5lqd.echo resources:0 removed:0 size:0B
2026-05-21T03:52:39.180997Z	info	sync complete	name=istiod analyzer attempt=1 time=52.458µs
2026-05-21T03:58:48.841172Z	info	sync complete	name=istiod analyzer attempt=1 time=30.541µs
2026-05-21T04:03:53.928865Z	info	sync complete	name=istiod analyzer attempt=1 time=191.083µs
2026-05-21T04:09:00.261628Z	info	sync complete	name=istiod analyzer attempt=1 time=40.459µs
2026-05-21T04:13:31.275412Z	info	delta	ADS: "10.20.0.19:49224" echo-5c4ffbc678-4xgbr.echo-22 terminated
2026-05-21T04:13:31.599688Z	info	delta	ADS: new delta connection for node:echo-5c4ffbc678-4xgbr.echo-25
2026-05-21T04:13:31.600277Z	info	delta	CDS: PUSH request for node:echo-5c4ffbc678-4xgbr.echo resources:25 removed:0 size:26.3kB cached:21/21 filtered:0
2026-05-21T04:13:31.600574Z	info	delta	EDS: PUSH request for node:echo-5c4ffbc678-4xgbr.echo resources:21 removed:0 size:4.4kB empty:0 cached:21/21 filtered:0
2026-05-21T04:13:31.602456Z	info	delta	LDS: PUSH request for node:echo-5c4ffbc678-4xgbr.echo resources:22 removed:0 size:89.3kB filtered:0
2026-05-21T04:13:31.602667Z	info	delta	NDS: PUSH request for node:echo-5c4ffbc678-4xgbr.echo resources:1 removed:0 size:1.3kB
2026-05-21T04:13:31.602841Z	info	delta	RDS: PUSH request for node:echo-5c4ffbc678-4xgbr.echo resources:11 removed:0 size:10.3kB cached:11/11 filtered:0
2026-05-21T04:14:05.956489Z	info	sync complete	name=istiod analyzer attempt=1 time=36.125µs
2026-05-21T04:15:42.993864Z	info	delta	ADS: "10.20.0.20:45678" echo-gateway-77cfbdcb5d-s9t4l.echo-23 terminated
2026-05-21T04:15:43.424956Z	info	delta	ADS: new delta connection for node:echo-gateway-77cfbdcb5d-s9t4l.echo-26
2026-05-21T04:15:43.425109Z	info	delta	CDS: PUSH request for node:echo-gateway-77cfbdcb5d-s9t4l.echo resources:2 removed:0 size:1.1kB cached:1/1 filtered:0
2026-05-21T04:15:43.425525Z	info	delta	EDS: PUSH request for node:echo-gateway-77cfbdcb5d-s9t4l.echo resources:1 removed:0 size:222B empty:0 cached:1/1 filtered:0
2026-05-21T04:15:43.427053Z	info	delta	LDS: PUSH request for node:echo-gateway-77cfbdcb5d-s9t4l.echo resources:2 removed:0 size:11.3kB filtered:0
2026-05-21T04:15:43.427358Z	info	delta	RDS: PUSH request for node:echo-gateway-77cfbdcb5d-s9t4l.echo resources:2 removed:0 size:1.4kB cached:0/0 filtered:0
2026-05-21T04:19:11.895373Z	info	sync complete	name=istiod analyzer attempt=1 time=29.583µs
2026-05-21T04:21:14.552881Z	info	delta	ADS: "10.20.0.16:60448" echo-eastwestgateway-c58fcbbff-j5lqd.echo-24 terminated
2026-05-21T04:21:14.694267Z	info	delta	ADS: new delta connection for node:echo-eastwestgateway-c58fcbbff-j5lqd.echo-27
2026-05-21T04:21:14.694480Z	info	delta	CDS: PUSH request for node:echo-eastwestgateway-c58fcbbff-j5lqd.echo resources:1 removed:0 size:72B filtered:0
2026-05-21T04:21:14.694513Z	info	delta	LDS: PUSH request for node:echo-eastwestgateway-c58fcbbff-j5lqd.echo resources:0 removed:0 size:0B
2026-05-21T04:24:17.766934Z	info	sync complete	name=istiod analyzer attempt=1 time=39.209µs
2026-05-21T04:29:24.403068Z	info	sync complete	name=istiod analyzer attempt=1 time=59.75µs
2026-05-21T04:34:29.885509Z	info	sync complete	name=istiod analyzer attempt=1 time=38.75µs
2026-05-21T04:39:36.452801Z	info	sync complete	name=istiod analyzer attempt=1 time=28.709µs
2026-05-21T04:44:04.171929Z	info	delta	ADS: "10.20.0.19:47476" echo-5c4ffbc678-4xgbr.echo-25 terminated
2026-05-21T04:44:04.450010Z	info	delta	ADS: new delta connection for node:echo-5c4ffbc678-4xgbr.echo-28
2026-05-21T04:44:04.450368Z	info	delta	CDS: PUSH request for node:echo-5c4ffbc678-4xgbr.echo resources:25 removed:0 size:26.3kB cached:21/21 filtered:0
2026-05-21T04:44:04.451089Z	info	delta	EDS: PUSH request for node:echo-5c4ffbc678-4xgbr.echo resources:21 removed:0 size:4.4kB empty:0 cached:21/21 filtered:0
2026-05-21T04:44:04.452323Z	info	delta	LDS: PUSH request for node:echo-5c4ffbc678-4xgbr.echo resources:22 removed:0 size:89.3kB filtered:0
2026-05-21T04:44:04.452424Z	info	delta	NDS: PUSH request for node:echo-5c4ffbc678-4xgbr.echo resources:1 removed:0 size:1.3kB
2026-05-21T04:44:04.452718Z	info	delta	RDS: PUSH request for node:echo-5c4ffbc678-4xgbr.echo resources:11 removed:0 size:10.3kB cached:11/11 filtered:0
2026-05-21T04:44:06.133731Z	info	delta	ADS: "10.20.0.20:46858" echo-gateway-77cfbdcb5d-s9t4l.echo-26 terminated
2026-05-21T04:44:06.384897Z	info	delta	ADS: new delta connection for node:echo-gateway-77cfbdcb5d-s9t4l.echo-29
2026-05-21T04:44:06.385047Z	info	delta	CDS: PUSH request for node:echo-gateway-77cfbdcb5d-s9t4l.echo resources:2 removed:0 size:1.1kB cached:1/1 filtered:0
2026-05-21T04:44:06.386358Z	info	delta	EDS: PUSH request for node:echo-gateway-77cfbdcb5d-s9t4l.echo resources:1 removed:0 size:222B empty:0 cached:1/1 filtered:0
2026-05-21T04:44:06.388310Z	info	delta	LDS: PUSH request for node:echo-gateway-77cfbdcb5d-s9t4l.echo resources:2 removed:0 size:11.3kB filtered:0
2026-05-21T04:44:06.388471Z	info	delta	RDS: PUSH request for node:echo-gateway-77cfbdcb5d-s9t4l.echo resources:2 removed:0 size:1.4kB cached:0/0 filtered:0
2026-05-21T04:44:42.037810Z	info	sync complete	name=istiod analyzer attempt=1 time=37.542µs
2026-05-21T04:49:48.778234Z	info	sync complete	name=istiod analyzer attempt=1 time=30.417µs
2026-05-21T04:52:21.236825Z	info	delta	ADS: "10.20.0.16:57246" echo-eastwestgateway-c58fcbbff-j5lqd.echo-27 terminated
2026-05-21T04:52:21.379051Z	info	delta	ADS: new delta connection for node:echo-eastwestgateway-c58fcbbff-j5lqd.echo-30
2026-05-21T04:52:21.379265Z	info	delta	CDS: PUSH request for node:echo-eastwestgateway-c58fcbbff-j5lqd.echo resources:1 removed:0 size:72B filtered:0
2026-05-21T04:52:21.379297Z	info	delta	LDS: PUSH request for node:echo-eastwestgateway-c58fcbbff-j5lqd.echo resources:0 removed:0 size:0B
2026-05-21T04:54:55.671034Z	info	sync complete	name=istiod analyzer attempt=1 time=53.5µs
2026-05-21T05:00:01.288169Z	info	sync complete	name=istiod analyzer attempt=1 time=54.791µs
2026-05-21T05:05:06.610117Z	info	sync complete	name=istiod analyzer attempt=1 time=29.25µs
2026-05-21T05:10:12.030472Z	info	sync complete	name=istiod analyzer attempt=1 time=25.959µs
2026-05-21T05:15:17.209590Z	info	sync complete	name=istiod analyzer attempt=1 time=25.542µs
2026-05-21T05:16:59.970526Z	info	delta	ADS: "10.20.0.20:49094" echo-gateway-77cfbdcb5d-s9t4l.echo-29 terminated
2026-05-21T05:17:00.281336Z	info	delta	ADS: new delta connection for node:echo-gateway-77cfbdcb5d-s9t4l.echo-31
2026-05-21T05:17:00.281621Z	info	delta	CDS: PUSH request for node:echo-gateway-77cfbdcb5d-s9t4l.echo resources:2 removed:0 size:1.1kB cached:1/1 filtered:0
2026-05-21T05:17:00.281931Z	info	delta	EDS: PUSH request for node:echo-gateway-77cfbdcb5d-s9t4l.echo resources:1 removed:0 size:222B empty:0 cached:1/1 filtered:0
2026-05-21T05:17:00.283039Z	info	delta	LDS: PUSH request for node:echo-gateway-77cfbdcb5d-s9t4l.echo resources:2 removed:0 size:11.3kB filtered:0
2026-05-21T05:17:00.283222Z	info	delta	RDS: PUSH request for node:echo-gateway-77cfbdcb5d-s9t4l.echo resources:2 removed:0 size:1.4kB cached:0/0 filtered:0
2026-05-21T05:17:01.117335Z	info	delta	ADS: "10.20.0.19:48048" echo-5c4ffbc678-4xgbr.echo-28 terminated
2026-05-21T05:17:01.171232Z	info	delta	ADS: new delta connection for node:echo-5c4ffbc678-4xgbr.echo-32
2026-05-21T05:17:01.171429Z	info	delta	CDS: PUSH request for node:echo-5c4ffbc678-4xgbr.echo resources:25 removed:0 size:26.3kB cached:21/21 filtered:0
2026-05-21T05:17:01.172210Z	info	delta	EDS: PUSH request for node:echo-5c4ffbc678-4xgbr.echo resources:21 removed:0 size:4.4kB empty:0 cached:21/21 filtered:0
2026-05-21T05:17:01.173299Z	info	delta	LDS: PUSH request for node:echo-5c4ffbc678-4xgbr.echo resources:22 removed:0 size:89.3kB filtered:0
2026-05-21T05:17:01.173420Z	info	delta	NDS: PUSH request for node:echo-5c4ffbc678-4xgbr.echo resources:1 removed:0 size:1.3kB
2026-05-21T05:17:01.173684Z	info	delta	RDS: PUSH request for node:echo-5c4ffbc678-4xgbr.echo resources:11 removed:0 size:10.3kB cached:11/11 filtered:0
2026-05-21T05:20:22.934728Z	info	sync complete	name=istiod analyzer attempt=1 time=30.083µs
2026-05-21T05:22:21.717498Z	info	delta	ADS: "10.20.0.16:41516" echo-eastwestgateway-c58fcbbff-j5lqd.echo-30 terminated
2026-05-21T05:22:22.015693Z	info	delta	ADS: new delta connection for node:echo-eastwestgateway-c58fcbbff-j5lqd.echo-33
2026-05-21T05:22:22.015935Z	info	delta	CDS: PUSH request for node:echo-eastwestgateway-c58fcbbff-j5lqd.echo resources:1 removed:0 size:72B filtered:0
2026-05-21T05:22:22.015974Z	info	delta	LDS: PUSH request for node:echo-eastwestgateway-c58fcbbff-j5lqd.echo resources:0 removed:0 size:0B
2026-05-21T05:25:29.584932Z	info	sync complete	name=istiod analyzer attempt=1 time=41.042µs
2026-05-21T06:03:08.496280Z	info	sync complete	name=istiod analyzer attempt=1 time=31.959µs
2026-05-21T07:10:51.009504Z	info	sync complete	name=istiod analyzer attempt=1 time=120.834µs
2026-05-21T07:15:57.747772Z	info	sync complete	name=istiod analyzer attempt=1 time=48µs
2026-05-21T07:19:50.034860Z	info	delta	ADS: "10.20.0.19:53200" echo-5c4ffbc678-4xgbr.echo-32 terminated
2026-05-21T07:19:50.135626Z	info	delta	ADS: new delta connection for node:echo-5c4ffbc678-4xgbr.echo-34
2026-05-21T07:19:50.136025Z	info	delta	CDS: PUSH request for node:echo-5c4ffbc678-4xgbr.echo resources:25 removed:0 size:26.3kB cached:21/21 filtered:0
2026-05-21T07:19:50.136463Z	info	delta	EDS: PUSH request for node:echo-5c4ffbc678-4xgbr.echo resources:21 removed:0 size:4.4kB empty:0 cached:21/21 filtered:0
2026-05-21T07:19:50.137957Z	info	delta	LDS: PUSH request for node:echo-5c4ffbc678-4xgbr.echo resources:22 removed:0 size:89.3kB filtered:0
2026-05-21T07:19:50.138079Z	info	delta	NDS: PUSH request for node:echo-5c4ffbc678-4xgbr.echo resources:1 removed:0 size:1.3kB
2026-05-21T07:19:50.138191Z	info	delta	RDS: PUSH request for node:echo-5c4ffbc678-4xgbr.echo resources:11 removed:0 size:10.3kB cached:11/11 filtered:0
2026-05-21T07:20:43.702373Z	info	delta	ADS: "10.20.0.20:58258" echo-gateway-77cfbdcb5d-s9t4l.echo-31 terminated
2026-05-21T07:20:43.790029Z	info	delta	ADS: new delta connection for node:echo-gateway-77cfbdcb5d-s9t4l.echo-35
2026-05-21T07:20:43.790208Z	info	delta	CDS: PUSH request for node:echo-gateway-77cfbdcb5d-s9t4l.echo resources:2 removed:0 size:1.1kB cached:1/1 filtered:0
2026-05-21T07:20:43.790468Z	info	delta	EDS: PUSH request for node:echo-gateway-77cfbdcb5d-s9t4l.echo resources:1 removed:0 size:222B empty:0 cached:1/1 filtered:0
2026-05-21T07:20:43.791780Z	info	delta	LDS: PUSH request for node:echo-gateway-77cfbdcb5d-s9t4l.echo resources:2 removed:0 size:11.3kB filtered:0
2026-05-21T07:20:43.791909Z	info	delta	RDS: PUSH request for node:echo-gateway-77cfbdcb5d-s9t4l.echo resources:2 removed:0 size:1.4kB cached:0/0 filtered:0
2026-05-21T07:21:04.032115Z	info	sync complete	name=istiod analyzer attempt=1 time=37.417µs
2026-05-21T07:26:09.662145Z	info	sync complete	name=istiod analyzer attempt=1 time=89.292µs
2026-05-21T07:30:14.234858Z	info	delta	ADS: "10.20.0.16:50008" echo-eastwestgateway-c58fcbbff-j5lqd.echo-33 terminated
2026-05-21T07:30:14.681107Z	info	delta	ADS: new delta connection for node:echo-eastwestgateway-c58fcbbff-j5lqd.echo-36
2026-05-21T07:30:14.681470Z	info	delta	CDS: PUSH request for node:echo-eastwestgateway-c58fcbbff-j5lqd.echo resources:1 removed:0 size:72B filtered:0
2026-05-21T07:30:14.681546Z	info	delta	LDS: PUSH request for node:echo-eastwestgateway-c58fcbbff-j5lqd.echo resources:0 removed:0 size:0B
2026-05-21T07:31:15.931199Z	info	sync complete	name=istiod analyzer attempt=1 time=71.625µs
2026-05-21T07:36:21.875220Z	info	sync complete	name=istiod analyzer attempt=1 time=28µs
2026-05-21T07:41:27.541684Z	info	sync complete	name=istiod analyzer attempt=1 time=30.209µs
2026-05-21T07:46:33.531670Z	info	sync complete	name=istiod analyzer attempt=1 time=48.709µs
2026-05-21T07:47:12.958402Z	info	delta	ADS: "10.20.0.19:43380" echo-5c4ffbc678-4xgbr.echo-34 terminated
2026-05-21T07:47:13.419845Z	info	delta	ADS: new delta connection for node:echo-5c4ffbc678-4xgbr.echo-37
2026-05-21T07:47:13.420065Z	info	delta	CDS: PUSH request for node:echo-5c4ffbc678-4xgbr.echo resources:25 removed:0 size:26.3kB cached:21/21 filtered:0
2026-05-21T07:47:13.420331Z	info	delta	EDS: PUSH request for node:echo-5c4ffbc678-4xgbr.echo resources:21 removed:0 size:4.4kB empty:0 cached:21/21 filtered:0
2026-05-21T07:47:13.422081Z	info	delta	LDS: PUSH request for node:echo-5c4ffbc678-4xgbr.echo resources:22 removed:0 size:89.3kB filtered:0
2026-05-21T07:47:13.422235Z	info	delta	NDS: PUSH request for node:echo-5c4ffbc678-4xgbr.echo resources:1 removed:0 size:1.3kB
2026-05-21T07:47:13.422341Z	info	delta	RDS: PUSH request for node:echo-5c4ffbc678-4xgbr.echo resources:11 removed:0 size:10.3kB cached:11/11 filtered:0
2026-05-21T07:49:29.237118Z	info	delta	ADS: "10.20.0.20:33854" echo-gateway-77cfbdcb5d-s9t4l.echo-35 terminated
2026-05-21T07:49:29.692094Z	info	delta	ADS: new delta connection for node:echo-gateway-77cfbdcb5d-s9t4l.echo-38
2026-05-21T07:49:29.692460Z	info	delta	CDS: PUSH request for node:echo-gateway-77cfbdcb5d-s9t4l.echo resources:2 removed:0 size:1.1kB cached:1/1 filtered:0
2026-05-21T07:49:29.692881Z	info	delta	EDS: PUSH request for node:echo-gateway-77cfbdcb5d-s9t4l.echo resources:1 removed:0 size:222B empty:0 cached:1/1 filtered:0
2026-05-21T07:49:29.693834Z	info	delta	LDS: PUSH request for node:echo-gateway-77cfbdcb5d-s9t4l.echo resources:2 removed:0 size:11.3kB filtered:0
2026-05-21T07:49:29.694297Z	info	delta	RDS: PUSH request for node:echo-gateway-77cfbdcb5d-s9t4l.echo resources:2 removed:0 size:1.4kB cached:0/0 filtered:0
2026-05-21T07:51:38.758324Z	info	sync complete	name=istiod analyzer attempt=1 time=62.458µs
2026-05-21T07:56:44.671606Z	info	sync complete	name=istiod analyzer attempt=1 time=30.292µs
2026-05-21T07:59:44.762578Z	info	delta	ADS: "10.20.0.16:47314" echo-eastwestgateway-c58fcbbff-j5lqd.echo-36 terminated
2026-05-21T07:59:44.814232Z	info	delta	ADS: new delta connection for node:echo-eastwestgateway-c58fcbbff-j5lqd.echo-39
2026-05-21T07:59:44.814590Z	info	delta	CDS: PUSH request for node:echo-eastwestgateway-c58fcbbff-j5lqd.echo resources:1 removed:0 size:72B filtered:0
2026-05-21T07:59:44.815098Z	info	delta	LDS: PUSH request for node:echo-eastwestgateway-c58fcbbff-j5lqd.echo resources:0 removed:0 size:0B
2026-05-21T08:01:50.085284Z	info	sync complete	name=istiod analyzer attempt=1 time=60.042µs
2026-05-21T08:06:56.592326Z	info	sync complete	name=istiod analyzer attempt=1 time=29.875µs
2026-05-21T08:12:03.735938Z	info	sync complete	name=istiod analyzer attempt=1 time=25.833µs
2026-05-21T08:17:10.371039Z	info	sync complete	name=istiod analyzer attempt=1 time=33.084µs
2026-05-21T08:17:52.491033Z	info	delta	ADS: "10.20.0.20:33252" echo-gateway-77cfbdcb5d-s9t4l.echo-38 terminated
2026-05-21T08:17:52.971975Z	info	delta	ADS: new delta connection for node:echo-gateway-77cfbdcb5d-s9t4l.echo-40
2026-05-21T08:17:52.972269Z	info	delta	CDS: PUSH request for node:echo-gateway-77cfbdcb5d-s9t4l.echo resources:2 removed:0 size:1.1kB cached:1/1 filtered:0
2026-05-21T08:17:52.973587Z	info	delta	EDS: PUSH request for node:echo-gateway-77cfbdcb5d-s9t4l.echo resources:1 removed:0 size:222B empty:0 cached:1/1 filtered:0
2026-05-21T08:17:52.974305Z	info	delta	LDS: PUSH request for node:echo-gateway-77cfbdcb5d-s9t4l.echo resources:2 removed:0 size:11.3kB filtered:0
2026-05-21T08:17:52.974463Z	info	delta	RDS: PUSH request for node:echo-gateway-77cfbdcb5d-s9t4l.echo resources:2 removed:0 size:1.4kB cached:0/0 filtered:0
2026-05-21T08:18:36.009954Z	info	delta	ADS: "10.20.0.19:42784" echo-5c4ffbc678-4xgbr.echo-37 terminated
2026-05-21T08:18:36.040989Z	info	delta	ADS: new delta connection for node:echo-5c4ffbc678-4xgbr.echo-41
2026-05-21T08:18:36.041180Z	info	delta	CDS: PUSH request for node:echo-5c4ffbc678-4xgbr.echo resources:25 removed:0 size:26.3kB cached:21/21 filtered:0
2026-05-21T08:18:36.041917Z	info	delta	EDS: PUSH request for node:echo-5c4ffbc678-4xgbr.echo resources:21 removed:0 size:4.4kB empty:0 cached:21/21 filtered:0
2026-05-21T08:18:36.042934Z	info	delta	LDS: PUSH request for node:echo-5c4ffbc678-4xgbr.echo resources:22 removed:0 size:89.3kB filtered:0
2026-05-21T08:18:36.043094Z	info	delta	NDS: PUSH request for node:echo-5c4ffbc678-4xgbr.echo resources:1 removed:0 size:1.3kB
2026-05-21T08:18:36.043396Z	info	delta	RDS: PUSH request for node:echo-5c4ffbc678-4xgbr.echo resources:11 removed:0 size:10.3kB cached:11/11 filtered:0
2026-05-21T08:22:16.628638Z	info	sync complete	name=istiod analyzer attempt=1 time=45.625µs
2026-05-21T08:27:22.742476Z	info	sync complete	name=istiod analyzer attempt=1 time=26.542µs
2026-05-21T08:29:03.776299Z	info	delta	ADS: "10.20.0.16:40934" echo-eastwestgateway-c58fcbbff-j5lqd.echo-39 terminated
2026-05-21T08:29:04.007206Z	info	delta	ADS: new delta connection for node:echo-eastwestgateway-c58fcbbff-j5lqd.echo-42
2026-05-21T08:29:04.007335Z	info	delta	CDS: PUSH request for node:echo-eastwestgateway-c58fcbbff-j5lqd.echo resources:1 removed:0 size:72B filtered:0
2026-05-21T08:29:04.007698Z	info	delta	LDS: PUSH request for node:echo-eastwestgateway-c58fcbbff-j5lqd.echo resources:0 removed:0 size:0B
2026-05-21T08:32:28.003326Z	info	sync complete	name=istiod analyzer attempt=1 time=49.583µs
2026-05-21T08:37:33.817704Z	info	sync complete	name=istiod analyzer attempt=1 time=35.958µs
2026-05-21T08:42:40.789053Z	info	sync complete	name=istiod analyzer attempt=1 time=26.708µs
2026-05-21T08:47:48.463778Z	info	sync complete	name=istiod analyzer attempt=1 time=57.208µs
2026-05-21T08:48:23.048814Z	info	delta	ADS: "10.20.0.20:40984" echo-gateway-77cfbdcb5d-s9t4l.echo-40 terminated
2026-05-21T08:48:23.550283Z	info	delta	ADS: new delta connection for node:echo-gateway-77cfbdcb5d-s9t4l.echo-43
2026-05-21T08:48:23.550601Z	info	delta	CDS: PUSH request for node:echo-gateway-77cfbdcb5d-s9t4l.echo resources:2 removed:0 size:1.1kB cached:1/1 filtered:0
2026-05-21T08:48:23.550875Z	info	delta	EDS: PUSH request for node:echo-gateway-77cfbdcb5d-s9t4l.echo resources:1 removed:0 size:222B empty:0 cached:1/1 filtered:0
2026-05-21T08:48:23.551909Z	info	delta	LDS: PUSH request for node:echo-gateway-77cfbdcb5d-s9t4l.echo resources:2 removed:0 size:11.3kB filtered:0
2026-05-21T08:48:23.552083Z	info	delta	RDS: PUSH request for node:echo-gateway-77cfbdcb5d-s9t4l.echo resources:2 removed:0 size:1.4kB cached:0/0 filtered:0
2026-05-21T08:48:47.355705Z	info	delta	ADS: "10.20.0.19:51856" echo-5c4ffbc678-4xgbr.echo-41 terminated
2026-05-21T08:48:47.429882Z	info	delta	ADS: new delta connection for node:echo-5c4ffbc678-4xgbr.echo-44
2026-05-21T08:48:47.430218Z	info	delta	CDS: PUSH request for node:echo-5c4ffbc678-4xgbr.echo resources:25 removed:0 size:26.3kB cached:21/21 filtered:0
2026-05-21T08:48:47.430572Z	info	delta	EDS: PUSH request for node:echo-5c4ffbc678-4xgbr.echo resources:21 removed:0 size:4.4kB empty:0 cached:21/21 filtered:0
2026-05-21T08:48:47.432182Z	info	delta	LDS: PUSH request for node:echo-5c4ffbc678-4xgbr.echo resources:22 removed:0 size:89.3kB filtered:0
2026-05-21T08:48:47.432342Z	info	delta	NDS: PUSH request for node:echo-5c4ffbc678-4xgbr.echo resources:1 removed:0 size:1.3kB
2026-05-21T08:48:47.432774Z	info	delta	RDS: PUSH request for node:echo-5c4ffbc678-4xgbr.echo resources:11 removed:0 size:10.3kB cached:11/11 filtered:0
2026-05-21T08:52:54.345158Z	info	sync complete	name=istiod analyzer attempt=1 time=43µs
2026-05-21T08:57:06.870146Z	info	delta	ADS: "10.20.0.16:59512" echo-eastwestgateway-c58fcbbff-j5lqd.echo-42 terminated
2026-05-21T08:57:07.374377Z	info	delta	ADS: new delta connection for node:echo-eastwestgateway-c58fcbbff-j5lqd.echo-45
2026-05-21T08:57:07.374925Z	info	delta	CDS: PUSH request for node:echo-eastwestgateway-c58fcbbff-j5lqd.echo resources:1 removed:0 size:72B filtered:0
2026-05-21T08:57:07.375071Z	info	delta	LDS: PUSH request for node:echo-eastwestgateway-c58fcbbff-j5lqd.echo resources:0 removed:0 size:0B
2026-05-21T08:57:59.824128Z	info	sync complete	name=istiod analyzer attempt=1 time=28.416µs
2026-05-21T09:03:05.173156Z	info	sync complete	name=istiod analyzer attempt=1 time=73.125µs
2026-05-21T09:08:10.259266Z	info	sync complete	name=istiod analyzer attempt=1 time=53.083µs
2026-05-21T09:13:14.903965Z	info	sync complete	name=istiod analyzer attempt=1 time=28.542µs
2026-05-21T09:17:53.575055Z	info	delta	ADS: "10.20.0.20:54348" echo-gateway-77cfbdcb5d-s9t4l.echo-43 terminated
2026-05-21T09:17:53.887989Z	info	delta	ADS: new delta connection for node:echo-gateway-77cfbdcb5d-s9t4l.echo-46
2026-05-21T09:17:53.888284Z	info	delta	CDS: PUSH request for node:echo-gateway-77cfbdcb5d-s9t4l.echo resources:2 removed:0 size:1.1kB cached:1/1 filtered:0
2026-05-21T09:17:53.888545Z	info	delta	EDS: PUSH request for node:echo-gateway-77cfbdcb5d-s9t4l.echo resources:1 removed:0 size:222B empty:0 cached:1/1 filtered:0
2026-05-21T09:17:53.889613Z	info	delta	LDS: PUSH request for node:echo-gateway-77cfbdcb5d-s9t4l.echo resources:2 removed:0 size:11.3kB filtered:0
2026-05-21T09:17:53.889792Z	info	delta	RDS: PUSH request for node:echo-gateway-77cfbdcb5d-s9t4l.echo resources:2 removed:0 size:1.4kB cached:0/0 filtered:0
2026-05-21T09:18:20.052975Z	info	sync complete	name=istiod analyzer attempt=1 time=27.667µs
2026-05-21T09:21:54.028810Z	info	delta	ADS: "10.20.0.19:50064" echo-5c4ffbc678-4xgbr.echo-44 terminated
2026-05-21T09:21:54.080534Z	info	delta	ADS: new delta connection for node:echo-5c4ffbc678-4xgbr.echo-47
2026-05-21T09:21:54.080715Z	info	delta	CDS: PUSH request for node:echo-5c4ffbc678-4xgbr.echo resources:25 removed:0 size:26.3kB cached:21/21 filtered:0
2026-05-21T09:21:54.081159Z	info	delta	EDS: PUSH request for node:echo-5c4ffbc678-4xgbr.echo resources:21 removed:0 size:4.4kB empty:0 cached:21/21 filtered:0
2026-05-21T09:21:54.082961Z	info	delta	LDS: PUSH request for node:echo-5c4ffbc678-4xgbr.echo resources:22 removed:0 size:89.3kB filtered:0
2026-05-21T09:21:54.083067Z	info	delta	NDS: PUSH request for node:echo-5c4ffbc678-4xgbr.echo resources:1 removed:0 size:1.3kB
2026-05-21T09:21:54.083183Z	info	delta	RDS: PUSH request for node:echo-5c4ffbc678-4xgbr.echo resources:11 removed:0 size:10.3kB cached:11/11 filtered:0
2026-05-21T09:23:26.755362Z	info	sync complete	name=istiod analyzer attempt=1 time=26.458µs
2026-05-21T09:27:37.457161Z	info	delta	ADS: "10.20.0.16:49666" echo-eastwestgateway-c58fcbbff-j5lqd.echo-45 terminated
2026-05-21T09:27:37.861875Z	info	delta	ADS: new delta connection for node:echo-eastwestgateway-c58fcbbff-j5lqd.echo-48
2026-05-21T09:27:37.862147Z	info	delta	CDS: PUSH request for node:echo-eastwestgateway-c58fcbbff-j5lqd.echo resources:1 removed:0 size:72B filtered:0
2026-05-21T09:27:37.862195Z	info	delta	LDS: PUSH request for node:echo-eastwestgateway-c58fcbbff-j5lqd.echo resources:0 removed:0 size:0B
2026-05-21T09:28:34.401330Z	info	sync complete	name=istiod analyzer attempt=1 time=39.417µs
2026-05-21T09:33:40.531008Z	info	sync complete	name=istiod analyzer attempt=1 time=32.375µs
2026-05-21T09:38:46.369852Z	info	sync complete	name=istiod analyzer attempt=1 time=27.958µs
2026-05-21T09:43:51.071008Z	info	sync complete	name=istiod analyzer attempt=1 time=26.833µs
2026-05-21T09:46:35.414408Z	info	delta	ADS: "10.20.0.20:42806" echo-gateway-77cfbdcb5d-s9t4l.echo-46 terminated
2026-05-21T09:46:35.875763Z	info	delta	ADS: new delta connection for node:echo-gateway-77cfbdcb5d-s9t4l.echo-49
2026-05-21T09:46:35.876123Z	info	delta	CDS: PUSH request for node:echo-gateway-77cfbdcb5d-s9t4l.echo resources:2 removed:0 size:1.1kB cached:1/1 filtered:0
2026-05-21T09:46:35.876553Z	info	delta	EDS: PUSH request for node:echo-gateway-77cfbdcb5d-s9t4l.echo resources:1 removed:0 size:222B empty:0 cached:1/1 filtered:0
2026-05-21T09:46:35.878016Z	info	delta	LDS: PUSH request for node:echo-gateway-77cfbdcb5d-s9t4l.echo resources:2 removed:0 size:11.3kB filtered:0
2026-05-21T09:46:35.878206Z	info	delta	RDS: PUSH request for node:echo-gateway-77cfbdcb5d-s9t4l.echo resources:2 removed:0 size:1.4kB cached:0/0 filtered:0
2026-05-21T09:48:57.133559Z	info	sync complete	name=istiod analyzer attempt=1 time=47.416µs
2026-05-21T09:52:50.598773Z	info	delta	ADS: "10.20.0.19:50124" echo-5c4ffbc678-4xgbr.echo-47 terminated
2026-05-21T09:52:50.711306Z	info	delta	ADS: new delta connection for node:echo-5c4ffbc678-4xgbr.echo-50
2026-05-21T09:52:50.711908Z	info	delta	CDS: PUSH request for node:echo-5c4ffbc678-4xgbr.echo resources:25 removed:0 size:26.3kB cached:21/21 filtered:0
2026-05-21T09:52:50.712333Z	info	delta	EDS: PUSH request for node:echo-5c4ffbc678-4xgbr.echo resources:21 removed:0 size:4.4kB empty:0 cached:21/21 filtered:0
2026-05-21T09:52:50.714021Z	info	delta	LDS: PUSH request for node:echo-5c4ffbc678-4xgbr.echo resources:22 removed:0 size:89.3kB filtered:0
2026-05-21T09:52:50.714146Z	info	delta	NDS: PUSH request for node:echo-5c4ffbc678-4xgbr.echo resources:1 removed:0 size:1.3kB
2026-05-21T09:52:50.714277Z	info	delta	RDS: PUSH request for node:echo-5c4ffbc678-4xgbr.echo resources:11 removed:0 size:10.3kB cached:11/11 filtered:0
2026-05-21T09:54:02.545246Z	info	sync complete	name=istiod analyzer attempt=1 time=68.292µs
2026-05-21T09:59:08.309412Z	info	sync complete	name=istiod analyzer attempt=1 time=46.125µs
2026-05-21T09:59:34.191676Z	info	delta	ADS: "10.20.0.16:46318" echo-eastwestgateway-c58fcbbff-j5lqd.echo-48 terminated
2026-05-21T09:59:34.693464Z	info	delta	ADS: new delta connection for node:echo-eastwestgateway-c58fcbbff-j5lqd.echo-51
2026-05-21T09:59:34.693833Z	info	delta	CDS: PUSH request for node:echo-eastwestgateway-c58fcbbff-j5lqd.echo resources:1 removed:0 size:72B filtered:0
2026-05-21T09:59:34.693917Z	info	delta	LDS: PUSH request for node:echo-eastwestgateway-c58fcbbff-j5lqd.echo resources:0 removed:0 size:0B
2026-05-21T10:04:14.098987Z	info	sync complete	name=istiod analyzer attempt=1 time=27.583µs
2026-05-21T10:09:19.902083Z	info	sync complete	name=istiod analyzer attempt=1 time=27.958µs
2026-05-21T10:14:26.804973Z	info	sync complete	name=istiod analyzer attempt=1 time=26.959µs
2026-05-21T10:18:09.642841Z	info	delta	ADS: "10.20.0.20:60288" echo-gateway-77cfbdcb5d-s9t4l.echo-49 terminated
2026-05-21T10:18:09.959609Z	info	delta	ADS: new delta connection for node:echo-gateway-77cfbdcb5d-s9t4l.echo-52
2026-05-21T10:18:09.959751Z	info	delta	CDS: PUSH request for node:echo-gateway-77cfbdcb5d-s9t4l.echo resources:2 removed:0 size:1.1kB cached:1/1 filtered:0
2026-05-21T10:18:09.960536Z	info	delta	EDS: PUSH request for node:echo-gateway-77cfbdcb5d-s9t4l.echo resources:1 removed:0 size:222B empty:0 cached:1/1 filtered:0
2026-05-21T10:18:09.961821Z	info	delta	LDS: PUSH request for node:echo-gateway-77cfbdcb5d-s9t4l.echo resources:2 removed:0 size:11.3kB filtered:0
2026-05-21T10:18:09.962066Z	info	delta	RDS: PUSH request for node:echo-gateway-77cfbdcb5d-s9t4l.echo resources:2 removed:0 size:1.4kB cached:0/0 filtered:0
2026-05-21T10:19:32.555264Z	info	sync complete	name=istiod analyzer attempt=1 time=30µs
2026-05-21T10:23:55.016988Z	info	delta	ADS: "10.20.0.19:58760" echo-5c4ffbc678-4xgbr.echo-50 terminated
2026-05-21T10:23:55.199750Z	info	delta	ADS: new delta connection for node:echo-5c4ffbc678-4xgbr.echo-53
2026-05-21T10:23:55.199934Z	info	delta	CDS: PUSH request for node:echo-5c4ffbc678-4xgbr.echo resources:25 removed:0 size:26.3kB cached:21/21 filtered:0
2026-05-21T10:23:55.200456Z	info	delta	EDS: PUSH request for node:echo-5c4ffbc678-4xgbr.echo resources:21 removed:0 size:4.4kB empty:0 cached:21/21 filtered:0
2026-05-21T10:23:55.201391Z	info	delta	LDS: PUSH request for node:echo-5c4ffbc678-4xgbr.echo resources:22 removed:0 size:89.3kB filtered:0
2026-05-21T10:23:55.201500Z	info	delta	NDS: PUSH request for node:echo-5c4ffbc678-4xgbr.echo resources:1 removed:0 size:1.3kB
2026-05-21T10:23:55.201726Z	info	delta	RDS: PUSH request for node:echo-5c4ffbc678-4xgbr.echo resources:11 removed:0 size:10.3kB cached:11/11 filtered:0
2026-05-21T10:24:38.689881Z	info	sync complete	name=istiod analyzer attempt=1 time=40.667µs
2026-05-21T10:27:08.873308Z	info	delta	ADS: "10.20.0.16:52898" echo-eastwestgateway-c58fcbbff-j5lqd.echo-51 terminated
2026-05-21T10:27:09.211973Z	info	delta	ADS: new delta connection for node:echo-eastwestgateway-c58fcbbff-j5lqd.echo-54
2026-05-21T10:27:09.212174Z	info	delta	CDS: PUSH request for node:echo-eastwestgateway-c58fcbbff-j5lqd.echo resources:1 removed:0 size:72B filtered:0
2026-05-21T10:27:09.212207Z	info	delta	LDS: PUSH request for node:echo-eastwestgateway-c58fcbbff-j5lqd.echo resources:0 removed:0 size:0B
2026-05-21T10:29:44.823785Z	info	sync complete	name=istiod analyzer attempt=1 time=27.416µs
2026-05-21T10:34:51.907005Z	info	sync complete	name=istiod analyzer attempt=1 time=26.375µs
2026-05-21T10:39:58.035472Z	info	sync complete	name=istiod analyzer attempt=1 time=27.083µs
2026-05-21T10:45:04.291701Z	info	sync complete	name=istiod analyzer attempt=1 time=36.958µs
2026-05-21T10:45:48.721501Z	info	delta	ADS: "10.20.0.20:38876" echo-gateway-77cfbdcb5d-s9t4l.echo-52 terminated
2026-05-21T10:45:49.117477Z	info	delta	ADS: new delta connection for node:echo-gateway-77cfbdcb5d-s9t4l.echo-55
2026-05-21T10:45:49.117842Z	info	delta	CDS: PUSH request for node:echo-gateway-77cfbdcb5d-s9t4l.echo resources:2 removed:0 size:1.1kB cached:1/1 filtered:0
2026-05-21T10:45:49.118911Z	info	delta	EDS: PUSH request for node:echo-gateway-77cfbdcb5d-s9t4l.echo resources:1 removed:0 size:222B empty:0 cached:1/1 filtered:0
2026-05-21T10:45:49.119567Z	info	delta	LDS: PUSH request for node:echo-gateway-77cfbdcb5d-s9t4l.echo resources:2 removed:0 size:11.3kB filtered:0
2026-05-21T10:45:49.119726Z	info	delta	RDS: PUSH request for node:echo-gateway-77cfbdcb5d-s9t4l.echo resources:2 removed:0 size:1.4kB cached:0/0 filtered:0
2026-05-21T10:50:09.989161Z	info	sync complete	name=istiod analyzer attempt=1 time=41.584µs
2026-05-21T10:55:17.481101Z	info	sync complete	name=istiod analyzer attempt=1 time=33.084µs
2026-05-21T10:55:44.289754Z	info	delta	ADS: "10.20.0.19:56486" echo-5c4ffbc678-4xgbr.echo-53 terminated
2026-05-21T10:55:44.731230Z	info	delta	ADS: new delta connection for node:echo-5c4ffbc678-4xgbr.echo-56
2026-05-21T10:55:44.731540Z	info	delta	CDS: PUSH request for node:echo-5c4ffbc678-4xgbr.echo resources:25 removed:0 size:26.3kB cached:21/21 filtered:0
2026-05-21T10:55:44.732102Z	info	delta	EDS: PUSH request for node:echo-5c4ffbc678-4xgbr.echo resources:21 removed:0 size:4.4kB empty:0 cached:21/21 filtered:0
2026-05-21T10:55:44.733470Z	info	delta	LDS: PUSH request for node:echo-5c4ffbc678-4xgbr.echo resources:22 removed:0 size:89.3kB filtered:0
2026-05-21T10:55:44.733687Z	info	delta	NDS: PUSH request for node:echo-5c4ffbc678-4xgbr.echo resources:1 removed:0 size:1.3kB
2026-05-21T10:55:44.733935Z	info	delta	RDS: PUSH request for node:echo-5c4ffbc678-4xgbr.echo resources:11 removed:0 size:10.3kB cached:11/11 filtered:0
2026-05-21T10:57:34.703644Z	info	delta	ADS: "10.20.0.16:43766" echo-eastwestgateway-c58fcbbff-j5lqd.echo-54 terminated
2026-05-21T10:57:34.868896Z	info	delta	ADS: new delta connection for node:echo-eastwestgateway-c58fcbbff-j5lqd.echo-57
2026-05-21T10:57:34.869208Z	info	delta	CDS: PUSH request for node:echo-eastwestgateway-c58fcbbff-j5lqd.echo resources:1 removed:0 size:72B filtered:0
2026-05-21T10:57:34.869250Z	info	delta	LDS: PUSH request for node:echo-eastwestgateway-c58fcbbff-j5lqd.echo resources:0 removed:0 size:0B
2026-05-21T11:00:23.295785Z	info	sync complete	name=istiod analyzer attempt=1 time=30.5µs
2026-05-21T11:05:30.748833Z	info	sync complete	name=istiod analyzer attempt=1 time=26µs
2026-05-21T11:10:36.463785Z	info	sync complete	name=istiod analyzer attempt=1 time=30.708µs
2026-05-21T11:15:13.065510Z	info	delta	ADS: "10.20.0.20:55908" echo-gateway-77cfbdcb5d-s9t4l.echo-55 terminated
2026-05-21T11:15:13.571271Z	info	delta	ADS: new delta connection for node:echo-gateway-77cfbdcb5d-s9t4l.echo-58
2026-05-21T11:15:13.571392Z	info	delta	CDS: PUSH request for node:echo-gateway-77cfbdcb5d-s9t4l.echo resources:2 removed:0 size:1.1kB cached:1/1 filtered:0
2026-05-21T11:15:13.572235Z	info	delta	EDS: PUSH request for node:echo-gateway-77cfbdcb5d-s9t4l.echo resources:1 removed:0 size:222B empty:0 cached:1/1 filtered:0
2026-05-21T11:15:13.573026Z	info	delta	LDS: PUSH request for node:echo-gateway-77cfbdcb5d-s9t4l.echo resources:2 removed:0 size:11.3kB filtered:0
2026-05-21T11:15:13.573310Z	info	delta	RDS: PUSH request for node:echo-gateway-77cfbdcb5d-s9t4l.echo resources:2 removed:0 size:1.4kB cached:0/0 filtered:0
2026-05-21T11:15:42.933953Z	info	sync complete	name=istiod analyzer attempt=1 time=25.583µs
2026-05-21T11:20:48.874884Z	info	sync complete	name=istiod analyzer attempt=1 time=29.208µs
2026-05-21T11:25:06.924265Z	info	delta	ADS: "10.20.0.19:39006" echo-5c4ffbc678-4xgbr.echo-56 terminated
2026-05-21T11:25:07.072016Z	info	delta	ADS: new delta connection for node:echo-5c4ffbc678-4xgbr.echo-59
2026-05-21T11:25:07.072223Z	info	delta	CDS: PUSH request for node:echo-5c4ffbc678-4xgbr.echo resources:25 removed:0 size:26.3kB cached:21/21 filtered:0
2026-05-21T11:25:07.073174Z	info	delta	EDS: PUSH request for node:echo-5c4ffbc678-4xgbr.echo resources:21 removed:0 size:4.4kB empty:0 cached:21/21 filtered:0
2026-05-21T11:25:07.073991Z	info	delta	LDS: PUSH request for node:echo-5c4ffbc678-4xgbr.echo resources:22 removed:0 size:89.3kB filtered:0
2026-05-21T11:25:07.074084Z	info	delta	NDS: PUSH request for node:echo-5c4ffbc678-4xgbr.echo resources:1 removed:0 size:1.3kB
2026-05-21T11:25:07.074369Z	info	delta	RDS: PUSH request for node:echo-5c4ffbc678-4xgbr.echo resources:11 removed:0 size:10.3kB cached:11/11 filtered:0
2026-05-21T11:25:54.734471Z	info	sync complete	name=istiod analyzer attempt=1 time=24.791µs
2026-05-21T11:30:45.285466Z	info	delta	ADS: "10.20.0.16:51492" echo-eastwestgateway-c58fcbbff-j5lqd.echo-57 terminated
2026-05-21T11:30:45.615990Z	info	delta	ADS: new delta connection for node:echo-eastwestgateway-c58fcbbff-j5lqd.echo-60
2026-05-21T11:30:45.616231Z	info	delta	CDS: PUSH request for node:echo-eastwestgateway-c58fcbbff-j5lqd.echo resources:1 removed:0 size:72B filtered:0
2026-05-21T11:30:45.616261Z	info	delta	LDS: PUSH request for node:echo-eastwestgateway-c58fcbbff-j5lqd.echo resources:0 removed:0 size:0B
2026-05-21T11:31:00.861682Z	info	sync complete	name=istiod analyzer attempt=1 time=29.333µs
2026-05-21T11:36:07.433467Z	info	sync complete	name=istiod analyzer attempt=1 time=40.875µs
2026-05-21T11:41:14.214129Z	info	sync complete	name=istiod analyzer attempt=1 time=25.791µs
2026-05-21T11:46:20.107529Z	info	sync complete	name=istiod analyzer attempt=1 time=31.542µs
2026-05-21T11:46:33.915916Z	info	delta	ADS: "10.20.0.20:47708" echo-gateway-77cfbdcb5d-s9t4l.echo-58 terminated
2026-05-21T11:46:34.122938Z	info	delta	ADS: new delta connection for node:echo-gateway-77cfbdcb5d-s9t4l.echo-61
2026-05-21T11:46:34.123243Z	info	delta	CDS: PUSH request for node:echo-gateway-77cfbdcb5d-s9t4l.echo resources:2 removed:0 size:1.1kB cached:1/1 filtered:0
2026-05-21T11:46:34.123503Z	info	delta	EDS: PUSH request for node:echo-gateway-77cfbdcb5d-s9t4l.echo resources:1 removed:0 size:222B empty:0 cached:1/1 filtered:0
2026-05-21T11:46:34.124467Z	info	delta	LDS: PUSH request for node:echo-gateway-77cfbdcb5d-s9t4l.echo resources:2 removed:0 size:11.3kB filtered:0
2026-05-21T11:46:34.124668Z	info	delta	RDS: PUSH request for node:echo-gateway-77cfbdcb5d-s9t4l.echo resources:2 removed:0 size:1.4kB cached:0/0 filtered:0
2026-05-21T11:51:26.289608Z	info	sync complete	name=istiod analyzer attempt=1 time=31.459µs
2026-05-21T11:52:27.467077Z	info	delta	ADS: "10.20.0.19:59620" echo-5c4ffbc678-4xgbr.echo-59 terminated
2026-05-21T11:52:27.847116Z	info	delta	ADS: new delta connection for node:echo-5c4ffbc678-4xgbr.echo-62
2026-05-21T11:52:27.847395Z	info	delta	CDS: PUSH request for node:echo-5c4ffbc678-4xgbr.echo resources:25 removed:0 size:26.3kB cached:21/21 filtered:0
2026-05-21T11:52:27.847451Z	info	delta	EDS: PUSH request for node:echo-5c4ffbc678-4xgbr.echo resources:21 removed:0 size:4.4kB empty:0 cached:21/21 filtered:0
2026-05-21T11:52:27.848724Z	info	delta	LDS: PUSH request for node:echo-5c4ffbc678-4xgbr.echo resources:22 removed:0 size:89.3kB filtered:0
2026-05-21T11:52:27.848837Z	info	delta	NDS: PUSH request for node:echo-5c4ffbc678-4xgbr.echo resources:1 removed:0 size:1.3kB
2026-05-21T11:52:27.849088Z	info	delta	RDS: PUSH request for node:echo-5c4ffbc678-4xgbr.echo resources:11 removed:0 size:10.3kB cached:11/11 filtered:0
2026-05-21T11:56:32.140909Z	info	sync complete	name=istiod analyzer attempt=1 time=26.208µs
2026-05-21T12:01:37.342073Z	info	sync complete	name=istiod analyzer attempt=1 time=25.542µs
2026-05-21T12:03:47.347637Z	info	delta	ADS: "10.20.0.16:37662" echo-eastwestgateway-c58fcbbff-j5lqd.echo-60 terminated
2026-05-21T12:03:47.365327Z	info	delta	ADS: new delta connection for node:echo-eastwestgateway-c58fcbbff-j5lqd.echo-63
2026-05-21T12:03:47.365558Z	info	delta	CDS: PUSH request for node:echo-eastwestgateway-c58fcbbff-j5lqd.echo resources:1 removed:0 size:72B filtered:0
2026-05-21T12:03:47.365590Z	info	delta	LDS: PUSH request for node:echo-eastwestgateway-c58fcbbff-j5lqd.echo resources:0 removed:0 size:0B
2026-05-21T12:06:43.977264Z	info	sync complete	name=istiod analyzer attempt=1 time=25.709µs
2026-05-21T12:11:49.372245Z	info	sync complete	name=istiod analyzer attempt=1 time=26.125µs
2026-05-21T12:16:55.051340Z	info	sync complete	name=istiod analyzer attempt=1 time=31.625µs
2026-05-21T12:18:42.968764Z	info	delta	ADS: "10.20.0.20:53224" echo-gateway-77cfbdcb5d-s9t4l.echo-61 terminated
2026-05-21T12:18:43.197669Z	info	delta	ADS: new delta connection for node:echo-gateway-77cfbdcb5d-s9t4l.echo-64
2026-05-21T12:18:43.197820Z	info	delta	CDS: PUSH request for node:echo-gateway-77cfbdcb5d-s9t4l.echo resources:2 removed:0 size:1.1kB cached:1/1 filtered:0
2026-05-21T12:18:43.198080Z	info	delta	EDS: PUSH request for node:echo-gateway-77cfbdcb5d-s9t4l.echo resources:1 removed:0 size:222B empty:0 cached:1/1 filtered:0
2026-05-21T12:18:43.199007Z	info	delta	LDS: PUSH request for node:echo-gateway-77cfbdcb5d-s9t4l.echo resources:2 removed:0 size:11.3kB filtered:0
2026-05-21T12:18:43.199481Z	info	delta	RDS: PUSH request for node:echo-gateway-77cfbdcb5d-s9t4l.echo resources:2 removed:0 size:1.4kB cached:0/0 filtered:0
2026-05-21T12:22:01.200812Z	info	sync complete	name=istiod analyzer attempt=1 time=48.458µs
2026-05-21T12:24:54.011412Z	info	delta	ADS: "10.20.0.19:56444" echo-5c4ffbc678-4xgbr.echo-62 terminated
2026-05-21T12:24:54.028886Z	info	delta	ADS: new delta connection for node:echo-5c4ffbc678-4xgbr.echo-65
2026-05-21T12:24:54.029087Z	info	delta	CDS: PUSH request for node:echo-5c4ffbc678-4xgbr.echo resources:25 removed:0 size:26.3kB cached:21/21 filtered:0
2026-05-21T12:24:54.031621Z	info	delta	EDS: PUSH request for node:echo-5c4ffbc678-4xgbr.echo resources:21 removed:0 size:4.4kB empty:0 cached:21/21 filtered:0
2026-05-21T12:24:54.032524Z	info	delta	LDS: PUSH request for node:echo-5c4ffbc678-4xgbr.echo resources:22 removed:0 size:89.3kB filtered:0
2026-05-21T12:24:54.032617Z	info	delta	NDS: PUSH request for node:echo-5c4ffbc678-4xgbr.echo resources:1 removed:0 size:1.3kB
2026-05-21T12:24:54.032879Z	info	delta	RDS: PUSH request for node:echo-5c4ffbc678-4xgbr.echo resources:11 removed:0 size:10.3kB cached:11/11 filtered:0
2026-05-21T12:27:07.520945Z	info	sync complete	name=istiod analyzer attempt=1 time=47.625µs
2026-05-21T12:32:12.864334Z	info	sync complete	name=istiod analyzer attempt=1 time=33.25µs
2026-05-21T12:35:24.379528Z	info	delta	ADS: "10.20.0.16:37976" echo-eastwestgateway-c58fcbbff-j5lqd.echo-63 terminated
2026-05-21T12:35:24.400647Z	info	delta	ADS: new delta connection for node:echo-eastwestgateway-c58fcbbff-j5lqd.echo-66
2026-05-21T12:35:24.400949Z	info	delta	CDS: PUSH request for node:echo-eastwestgateway-c58fcbbff-j5lqd.echo resources:1 removed:0 size:72B filtered:0
2026-05-21T12:35:24.401017Z	info	delta	LDS: PUSH request for node:echo-eastwestgateway-c58fcbbff-j5lqd.echo resources:0 removed:0 size:0B
2026-05-21T12:37:19.811369Z	info	sync complete	name=istiod analyzer attempt=1 time=28.583µs
2026-05-21T12:42:25.796350Z	info	sync complete	name=istiod analyzer attempt=1 time=25.875µs
2026-05-21T12:47:32.016905Z	info	sync complete	name=istiod analyzer attempt=1 time=26.958µs
2026-05-21T12:49:43.489436Z	info	delta	ADS: "10.20.0.20:39306" echo-gateway-77cfbdcb5d-s9t4l.echo-64 terminated
2026-05-21T12:49:43.749824Z	info	delta	ADS: new delta connection for node:echo-gateway-77cfbdcb5d-s9t4l.echo-67
2026-05-21T12:49:43.750053Z	info	delta	CDS: PUSH request for node:echo-gateway-77cfbdcb5d-s9t4l.echo resources:2 removed:0 size:1.1kB cached:1/1 filtered:0
2026-05-21T12:49:43.750889Z	info	delta	EDS: PUSH request for node:echo-gateway-77cfbdcb5d-s9t4l.echo resources:1 removed:0 size:222B empty:0 cached:1/1 filtered:0
2026-05-21T12:49:43.752725Z	info	delta	LDS: PUSH request for node:echo-gateway-77cfbdcb5d-s9t4l.echo resources:2 removed:0 size:11.3kB filtered:0
2026-05-21T12:49:43.753232Z	info	delta	RDS: PUSH request for node:echo-gateway-77cfbdcb5d-s9t4l.echo resources:2 removed:0 size:1.4kB cached:0/0 filtered:0
2026-05-21T12:52:38.095577Z	info	sync complete	name=istiod analyzer attempt=1 time=30.583µs
2026-05-21T12:53:39.158662Z	info	delta	ADS: "10.20.0.19:37296" echo-5c4ffbc678-4xgbr.echo-65 terminated
2026-05-21T12:53:39.205077Z	info	delta	ADS: new delta connection for node:echo-5c4ffbc678-4xgbr.echo-68
2026-05-21T12:53:39.205528Z	info	delta	CDS: PUSH request for node:echo-5c4ffbc678-4xgbr.echo resources:25 removed:0 size:26.3kB cached:21/21 filtered:0
2026-05-21T12:53:39.205740Z	info	delta	EDS: PUSH request for node:echo-5c4ffbc678-4xgbr.echo resources:21 removed:0 size:4.4kB empty:0 cached:21/21 filtered:0
2026-05-21T12:53:39.206961Z	info	delta	LDS: PUSH request for node:echo-5c4ffbc678-4xgbr.echo resources:22 removed:0 size:89.3kB filtered:0
2026-05-21T12:53:39.207086Z	info	delta	NDS: PUSH request for node:echo-5c4ffbc678-4xgbr.echo resources:1 removed:0 size:1.3kB
2026-05-21T12:53:39.207177Z	info	delta	RDS: PUSH request for node:echo-5c4ffbc678-4xgbr.echo resources:11 removed:0 size:10.3kB cached:11/11 filtered:0
2026-05-21T12:57:44.058803Z	info	sync complete	name=istiod analyzer attempt=1 time=24.292µs
2026-05-21T13:02:43.131311Z	info	delta	ADS: "10.20.0.16:33606" echo-eastwestgateway-c58fcbbff-j5lqd.echo-66 terminated
2026-05-21T13:02:43.397989Z	info	delta	ADS: new delta connection for node:echo-eastwestgateway-c58fcbbff-j5lqd.echo-69
2026-05-21T13:02:43.398280Z	info	delta	CDS: PUSH request for node:echo-eastwestgateway-c58fcbbff-j5lqd.echo resources:1 removed:0 size:72B filtered:0
2026-05-21T13:02:43.398351Z	info	delta	LDS: PUSH request for node:echo-eastwestgateway-c58fcbbff-j5lqd.echo resources:0 removed:0 size:0B
2026-05-21T13:02:50.786247Z	info	sync complete	name=istiod analyzer attempt=1 time=45.084µs
2026-05-21T13:07:56.486010Z	info	sync complete	name=istiod analyzer attempt=1 time=24.667µs
2026-05-21T13:13:03.250689Z	info	sync complete	name=istiod analyzer attempt=1 time=27.417µs
2026-05-21T13:18:10.435595Z	info	sync complete	name=istiod analyzer attempt=1 time=28.5µs
2026-05-21T13:18:49.626367Z	info	delta	ADS: "10.20.0.20:58492" echo-gateway-77cfbdcb5d-s9t4l.echo-67 terminated
2026-05-21T13:18:49.756664Z	info	delta	ADS: new delta connection for node:echo-gateway-77cfbdcb5d-s9t4l.echo-70
2026-05-21T13:18:49.756973Z	info	delta	CDS: PUSH request for node:echo-gateway-77cfbdcb5d-s9t4l.echo resources:2 removed:0 size:1.1kB cached:1/1 filtered:0
2026-05-21T13:18:49.757829Z	info	delta	EDS: PUSH request for node:echo-gateway-77cfbdcb5d-s9t4l.echo resources:1 removed:0 size:222B empty:0 cached:1/1 filtered:0
2026-05-21T13:18:49.758579Z	info	delta	LDS: PUSH request for node:echo-gateway-77cfbdcb5d-s9t4l.echo resources:2 removed:0 size:11.3kB filtered:0
2026-05-21T13:18:49.758762Z	info	delta	RDS: PUSH request for node:echo-gateway-77cfbdcb5d-s9t4l.echo resources:2 removed:0 size:1.4kB cached:0/0 filtered:0
2026-05-21T13:22:11.005109Z	info	delta	ADS: "10.20.0.19:56428" echo-5c4ffbc678-4xgbr.echo-68 terminated
2026-05-21T13:22:11.071435Z	info	delta	ADS: new delta connection for node:echo-5c4ffbc678-4xgbr.echo-71
2026-05-21T13:22:11.071671Z	info	delta	CDS: PUSH request for node:echo-5c4ffbc678-4xgbr.echo resources:25 removed:0 size:26.3kB cached:21/21 filtered:0
2026-05-21T13:22:11.073084Z	info	delta	EDS: PUSH request for node:echo-5c4ffbc678-4xgbr.echo resources:21 removed:0 size:4.4kB empty:0 cached:21/21 filtered:0
2026-05-21T13:22:11.074635Z	info	delta	LDS: PUSH request for node:echo-5c4ffbc678-4xgbr.echo resources:22 removed:0 size:89.3kB filtered:0
2026-05-21T13:22:11.074755Z	info	delta	NDS: PUSH request for node:echo-5c4ffbc678-4xgbr.echo resources:1 removed:0 size:1.3kB
2026-05-21T13:22:11.075001Z	info	delta	RDS: PUSH request for node:echo-5c4ffbc678-4xgbr.echo resources:11 removed:0 size:10.3kB cached:11/11 filtered:0
2026-05-21T13:23:17.137443Z	info	sync complete	name=istiod analyzer attempt=1 time=27.584µs
2026-05-21T13:28:22.824455Z	info	sync complete	name=istiod analyzer attempt=1 time=71.916µs
2026-05-21T13:33:29.007617Z	info	sync complete	name=istiod analyzer attempt=1 time=31.291µs
2026-05-21T13:35:02.499854Z	info	delta	ADS: "10.20.0.16:41700" echo-eastwestgateway-c58fcbbff-j5lqd.echo-69 terminated
2026-05-21T13:35:02.849779Z	info	delta	ADS: new delta connection for node:echo-eastwestgateway-c58fcbbff-j5lqd.echo-72
2026-05-21T13:35:02.850174Z	info	delta	CDS: PUSH request for node:echo-eastwestgateway-c58fcbbff-j5lqd.echo resources:1 removed:0 size:72B filtered:0
2026-05-21T13:35:02.850249Z	info	delta	LDS: PUSH request for node:echo-eastwestgateway-c58fcbbff-j5lqd.echo resources:0 removed:0 size:0B
2026-05-21T13:38:34.845549Z	info	sync complete	name=istiod analyzer attempt=1 time=32.041µs
2026-05-21T13:43:40.479276Z	info	sync complete	name=istiod analyzer attempt=1 time=57.042µs
2026-05-21T13:46:33.077251Z	info	delta	ADS: "10.20.0.20:35228" echo-gateway-77cfbdcb5d-s9t4l.echo-70 terminated
2026-05-21T13:46:33.557899Z	info	delta	ADS: new delta connection for node:echo-gateway-77cfbdcb5d-s9t4l.echo-73
2026-05-21T13:46:33.558120Z	info	delta	CDS: PUSH request for node:echo-gateway-77cfbdcb5d-s9t4l.echo resources:2 removed:0 size:1.1kB cached:1/1 filtered:0
2026-05-21T13:46:33.558626Z	info	delta	EDS: PUSH request for node:echo-gateway-77cfbdcb5d-s9t4l.echo resources:1 removed:0 size:222B empty:0 cached:1/1 filtered:0
2026-05-21T13:46:33.560078Z	info	delta	LDS: PUSH request for node:echo-gateway-77cfbdcb5d-s9t4l.echo resources:2 removed:0 size:11.3kB filtered:0
2026-05-21T13:46:33.560317Z	info	delta	RDS: PUSH request for node:echo-gateway-77cfbdcb5d-s9t4l.echo resources:2 removed:0 size:1.4kB cached:0/0 filtered:0
2026-05-21T13:48:46.137718Z	info	sync complete	name=istiod analyzer attempt=1 time=53.042µs
2026-05-21T13:53:31.920247Z	info	delta	ADS: "10.20.0.19:51194" echo-5c4ffbc678-4xgbr.echo-71 terminated
2026-05-21T13:53:32.348467Z	info	delta	ADS: new delta connection for node:echo-5c4ffbc678-4xgbr.echo-74
2026-05-21T13:53:32.348816Z	info	delta	CDS: PUSH request for node:echo-5c4ffbc678-4xgbr.echo resources:25 removed:0 size:26.3kB cached:21/21 filtered:0
2026-05-21T13:53:32.349555Z	info	delta	EDS: PUSH request for node:echo-5c4ffbc678-4xgbr.echo resources:21 removed:0 size:4.4kB empty:0 cached:21/21 filtered:0
2026-05-21T13:53:32.350775Z	info	delta	LDS: PUSH request for node:echo-5c4ffbc678-4xgbr.echo resources:22 removed:0 size:89.3kB filtered:0
2026-05-21T13:53:32.350980Z	info	delta	NDS: PUSH request for node:echo-5c4ffbc678-4xgbr.echo resources:1 removed:0 size:1.3kB
2026-05-21T13:53:32.351072Z	info	delta	RDS: PUSH request for node:echo-5c4ffbc678-4xgbr.echo resources:11 removed:0 size:10.3kB cached:11/11 filtered:0
2026-05-21T13:53:51.995935Z	info	sync complete	name=istiod analyzer attempt=1 time=30.541µs
2026-05-21T13:58:58.016540Z	info	sync complete	name=istiod analyzer attempt=1 time=99.541µs
2026-05-21T14:02:51.739855Z	info	delta	ADS: "10.20.0.16:58784" echo-eastwestgateway-c58fcbbff-j5lqd.echo-72 terminated
2026-05-21T14:02:52.095648Z	info	delta	ADS: new delta connection for node:echo-eastwestgateway-c58fcbbff-j5lqd.echo-75
2026-05-21T14:02:52.095919Z	info	delta	CDS: PUSH request for node:echo-eastwestgateway-c58fcbbff-j5lqd.echo resources:1 removed:0 size:72B filtered:0
2026-05-21T14:02:52.096413Z	info	delta	LDS: PUSH request for node:echo-eastwestgateway-c58fcbbff-j5lqd.echo resources:0 removed:0 size:0B
2026-05-21T14:04:02.761115Z	info	sync complete	name=istiod analyzer attempt=1 time=38.25µs
2026-05-21T14:09:07.294053Z	info	sync complete	name=istiod analyzer attempt=1 time=54.5µs
2026-05-21T14:14:12.982977Z	info	sync complete	name=istiod analyzer attempt=1 time=53.917µs
2026-05-21T14:15:16.432211Z	info	delta	ADS: "10.20.0.20:53536" echo-gateway-77cfbdcb5d-s9t4l.echo-73 terminated
2026-05-21T14:15:16.644733Z	info	delta	ADS: new delta connection for node:echo-gateway-77cfbdcb5d-s9t4l.echo-76
2026-05-21T14:15:16.645034Z	info	delta	CDS: PUSH request for node:echo-gateway-77cfbdcb5d-s9t4l.echo resources:2 removed:0 size:1.1kB cached:1/1 filtered:0
2026-05-21T14:15:16.645735Z	info	delta	EDS: PUSH request for node:echo-gateway-77cfbdcb5d-s9t4l.echo resources:1 removed:0 size:222B empty:0 cached:1/1 filtered:0
2026-05-21T14:15:16.647313Z	info	delta	LDS: PUSH request for node:echo-gateway-77cfbdcb5d-s9t4l.echo resources:2 removed:0 size:11.3kB filtered:0
2026-05-21T14:15:16.647547Z	info	delta	RDS: PUSH request for node:echo-gateway-77cfbdcb5d-s9t4l.echo resources:2 removed:0 size:1.4kB cached:0/0 filtered:0
2026-05-21T14:19:19.086877Z	info	sync complete	name=istiod analyzer attempt=1 time=27.208µs
2026-05-21T14:24:25.216214Z	info	sync complete	name=istiod analyzer attempt=1 time=64.75µs
2026-05-21T14:26:38.208302Z	info	delta	ADS: "10.20.0.19:60828" echo-5c4ffbc678-4xgbr.echo-74 terminated
2026-05-21T14:26:38.634044Z	info	delta	ADS: new delta connection for node:echo-5c4ffbc678-4xgbr.echo-77
2026-05-21T14:26:38.634235Z	info	delta	CDS: PUSH request for node:echo-5c4ffbc678-4xgbr.echo resources:25 removed:0 size:26.3kB cached:21/21 filtered:0
2026-05-21T14:26:38.636799Z	info	delta	EDS: PUSH request for node:echo-5c4ffbc678-4xgbr.echo resources:21 removed:0 size:4.4kB empty:0 cached:21/21 filtered:0
2026-05-21T14:26:38.638192Z	info	delta	LDS: PUSH request for node:echo-5c4ffbc678-4xgbr.echo resources:22 removed:0 size:89.3kB filtered:0
2026-05-21T14:26:38.638305Z	info	delta	NDS: PUSH request for node:echo-5c4ffbc678-4xgbr.echo resources:1 removed:0 size:1.3kB
2026-05-21T14:26:38.638532Z	info	delta	RDS: PUSH request for node:echo-5c4ffbc678-4xgbr.echo resources:11 removed:0 size:10.3kB cached:11/11 filtered:0
2026-05-21T14:37:12.896573Z	info	sync complete	name=istiod analyzer attempt=1 time=62.416µs
2026-05-21T17:00:18.958480Z	info	sync complete	name=istiod analyzer attempt=1 time=65.459µs
2026-05-21T17:01:03.310321Z	info	delta	ADS: "10.20.0.16:33012" echo-eastwestgateway-c58fcbbff-j5lqd.echo-75 terminated
2026-05-21T17:01:03.677133Z	info	delta	ADS: new delta connection for node:echo-eastwestgateway-c58fcbbff-j5lqd.echo-78
2026-05-21T17:01:03.677658Z	info	delta	CDS: PUSH request for node:echo-eastwestgateway-c58fcbbff-j5lqd.echo resources:1 removed:0 size:72B filtered:0
2026-05-21T17:01:03.679208Z	info	delta	LDS: PUSH request for node:echo-eastwestgateway-c58fcbbff-j5lqd.echo resources:0 removed:0 size:0B
2026-05-21T17:05:24.346485Z	info	sync complete	name=istiod analyzer attempt=1 time=87.667µs
2026-05-21T17:08:37.845424Z	info	delta	ADS: "10.20.0.20:50254" echo-gateway-77cfbdcb5d-s9t4l.echo-76 terminated
2026-05-21T17:08:37.919586Z	info	delta	ADS: new delta connection for node:echo-gateway-77cfbdcb5d-s9t4l.echo-79
2026-05-21T17:08:37.920301Z	info	delta	CDS: PUSH request for node:echo-gateway-77cfbdcb5d-s9t4l.echo resources:2 removed:0 size:1.1kB cached:1/1 filtered:0
2026-05-21T17:08:37.921031Z	info	delta	EDS: PUSH request for node:echo-gateway-77cfbdcb5d-s9t4l.echo resources:1 removed:0 size:222B empty:0 cached:1/1 filtered:0
2026-05-21T17:08:37.923783Z	info	delta	LDS: PUSH request for node:echo-gateway-77cfbdcb5d-s9t4l.echo resources:2 removed:0 size:11.3kB filtered:0
2026-05-21T17:08:37.924146Z	info	delta	RDS: PUSH request for node:echo-gateway-77cfbdcb5d-s9t4l.echo resources:2 removed:0 size:1.4kB cached:0/0 filtered:0
2026-05-21T17:10:30.175326Z	info	sync complete	name=istiod analyzer attempt=1 time=82µs
2026-05-21T17:15:37.568960Z	info	sync complete	name=istiod analyzer attempt=1 time=141µs
2026-05-21T17:20:44.481220Z	info	sync complete	name=istiod analyzer attempt=1 time=67.5µs
2026-05-21T17:25:25.287570Z	info	delta	ADS: "10.20.0.19:47572" echo-5c4ffbc678-4xgbr.echo-77 terminated
2026-05-21T17:25:25.441713Z	info	delta	ADS: new delta connection for node:echo-5c4ffbc678-4xgbr.echo-80
2026-05-21T17:25:25.442461Z	info	delta	CDS: PUSH request for node:echo-5c4ffbc678-4xgbr.echo resources:25 removed:0 size:26.3kB cached:21/21 filtered:0
2026-05-21T17:25:25.442553Z	info	delta	EDS: PUSH request for node:echo-5c4ffbc678-4xgbr.echo resources:21 removed:0 size:4.4kB empty:0 cached:21/21 filtered:0
2026-05-21T17:25:25.447077Z	info	delta	LDS: PUSH request for node:echo-5c4ffbc678-4xgbr.echo resources:22 removed:0 size:89.3kB filtered:0
2026-05-21T17:25:25.476528Z	info	delta	NDS: PUSH request for node:echo-5c4ffbc678-4xgbr.echo resources:1 removed:0 size:1.3kB
2026-05-21T17:25:25.476803Z	info	delta	RDS: PUSH request for node:echo-5c4ffbc678-4xgbr.echo resources:11 removed:0 size:10.3kB cached:11/11 filtered:0
2026-05-21T17:33:21.623085Z	info	sync complete	name=istiod analyzer attempt=1 time=65.209µs
2026-05-21T17:43:33.925540Z	info	sync complete	name=istiod analyzer attempt=1 time=129.333µs
2026-05-21T17:44:50.749182Z	info	delta	ADS: "10.20.0.16:37982" echo-eastwestgateway-c58fcbbff-j5lqd.echo-78 terminated
2026-05-21T17:44:50.778784Z	info	delta	ADS: new delta connection for node:echo-eastwestgateway-c58fcbbff-j5lqd.echo-81
2026-05-21T17:44:50.779263Z	info	delta	CDS: PUSH request for node:echo-eastwestgateway-c58fcbbff-j5lqd.echo resources:1 removed:0 size:72B filtered:0
2026-05-21T17:44:50.779927Z	info	delta	LDS: PUSH request for node:echo-eastwestgateway-c58fcbbff-j5lqd.echo resources:0 removed:0 size:0B
2026-05-21T17:48:40.806876Z	info	sync complete	name=istiod analyzer attempt=1 time=62.083µs
2026-05-21T17:50:02.701318Z	info	delta	ADS: "10.20.0.20:40378" echo-gateway-77cfbdcb5d-s9t4l.echo-79 terminated
2026-05-21T17:50:03.108643Z	info	delta	ADS: new delta connection for node:echo-gateway-77cfbdcb5d-s9t4l.echo-82
2026-05-21T17:50:03.109378Z	info	delta	CDS: PUSH request for node:echo-gateway-77cfbdcb5d-s9t4l.echo resources:2 removed:0 size:1.1kB cached:1/1 filtered:0
2026-05-21T17:50:03.109882Z	info	delta	EDS: PUSH request for node:echo-gateway-77cfbdcb5d-s9t4l.echo resources:1 removed:0 size:222B empty:0 cached:1/1 filtered:0
2026-05-21T17:50:03.112456Z	info	delta	LDS: PUSH request for node:echo-gateway-77cfbdcb5d-s9t4l.echo resources:2 removed:0 size:11.3kB filtered:0
2026-05-21T17:50:03.112783Z	info	delta	RDS: PUSH request for node:echo-gateway-77cfbdcb5d-s9t4l.echo resources:2 removed:0 size:1.4kB cached:0/0 filtered:0
2026-05-21T17:53:46.876010Z	info	sync complete	name=istiod analyzer attempt=1 time=134.083µs
2026-05-21T17:58:52.925097Z	info	sync complete	name=istiod analyzer attempt=1 time=67.791µs
2026-05-21T18:03:59.789505Z	info	sync complete	name=istiod analyzer attempt=1 time=72.833µs
2026-05-21T18:09:04.843722Z	info	sync complete	name=istiod analyzer attempt=1 time=64.833µs
2026-05-21T18:25:14.886986Z	info	delta	ADS: "10.20.0.19:40932" echo-5c4ffbc678-4xgbr.echo-80 terminated
2026-05-21T18:25:15.374391Z	info	delta	ADS: new delta connection for node:echo-5c4ffbc678-4xgbr.echo-83
2026-05-21T18:25:15.376746Z	info	delta	CDS: PUSH request for node:echo-5c4ffbc678-4xgbr.echo resources:25 removed:0 size:26.3kB cached:21/21 filtered:0
2026-05-21T18:25:15.378367Z	info	delta	EDS: PUSH request for node:echo-5c4ffbc678-4xgbr.echo resources:21 removed:0 size:4.4kB empty:0 cached:21/21 filtered:0
2026-05-21T18:25:15.383402Z	info	delta	LDS: PUSH request for node:echo-5c4ffbc678-4xgbr.echo resources:22 removed:0 size:89.3kB filtered:0
2026-05-21T18:25:15.383851Z	info	delta	NDS: PUSH request for node:echo-5c4ffbc678-4xgbr.echo resources:1 removed:0 size:1.3kB
2026-05-21T18:25:15.386389Z	info	delta	RDS: PUSH request for node:echo-5c4ffbc678-4xgbr.echo resources:11 removed:0 size:10.3kB cached:11/11 filtered:0
2026-05-21T22:12:07.931408Z	info	delta	ADS: "10.20.0.16:52234" echo-eastwestgateway-c58fcbbff-j5lqd.echo-81 terminated
2026-05-21T22:12:07.983160Z	info	delta	ADS: new delta connection for node:echo-eastwestgateway-c58fcbbff-j5lqd.echo-84
2026-05-21T22:12:07.983726Z	info	delta	CDS: PUSH request for node:echo-eastwestgateway-c58fcbbff-j5lqd.echo resources:1 removed:0 size:72B filtered:0
2026-05-21T22:12:07.983838Z	info	delta	LDS: PUSH request for node:echo-eastwestgateway-c58fcbbff-j5lqd.echo resources:0 removed:0 size:0B
2026-05-22T00:47:04.157117Z	info	sync complete	name=istiod analyzer attempt=1 time=153.25µs
2026-05-22T05:12:56.020542Z	info	sync complete	name=istiod analyzer attempt=1 time=144.208µs
2026-05-22T05:13:34.748267Z	info	delta	ADS: "10.20.0.20:58308" echo-gateway-77cfbdcb5d-s9t4l.echo-82 terminated
2026-05-22T05:13:34.862140Z	info	delta	ADS: new delta connection for node:echo-gateway-77cfbdcb5d-s9t4l.echo-85
2026-05-22T05:13:34.862737Z	info	delta	CDS: PUSH request for node:echo-gateway-77cfbdcb5d-s9t4l.echo resources:2 removed:0 size:1.1kB cached:1/1 filtered:0
2026-05-22T05:13:34.863588Z	info	delta	EDS: PUSH request for node:echo-gateway-77cfbdcb5d-s9t4l.echo resources:1 removed:0 size:222B empty:0 cached:1/1 filtered:0
2026-05-22T05:13:34.865983Z	info	delta	LDS: PUSH request for node:echo-gateway-77cfbdcb5d-s9t4l.echo resources:2 removed:0 size:11.3kB filtered:0
2026-05-22T05:13:34.866269Z	info	delta	RDS: PUSH request for node:echo-gateway-77cfbdcb5d-s9t4l.echo resources:2 removed:0 size:1.4kB cached:0/0 filtered:0
2026-05-22T05:18:03.744044Z	info	sync complete	name=istiod analyzer attempt=1 time=53.916µs
2026-05-22T05:23:09.184007Z	info	sync complete	name=istiod analyzer attempt=1 time=107µs
2026-05-22T05:28:14.097730Z	info	sync complete	name=istiod analyzer attempt=1 time=61.625µs
2026-05-22T05:32:31.563114Z	info	delta	ADS: "10.20.0.19:51100" echo-5c4ffbc678-4xgbr.echo-83 terminated
2026-05-22T05:32:31.648850Z	info	delta	ADS: new delta connection for node:echo-5c4ffbc678-4xgbr.echo-86
2026-05-22T05:32:31.649277Z	info	delta	CDS: PUSH request for node:echo-5c4ffbc678-4xgbr.echo resources:25 removed:0 size:26.3kB cached:21/21 filtered:0
2026-05-22T05:32:31.649928Z	info	delta	EDS: PUSH request for node:echo-5c4ffbc678-4xgbr.echo resources:21 removed:0 size:4.4kB empty:0 cached:21/21 filtered:0
2026-05-22T05:32:31.651697Z	info	delta	LDS: PUSH request for node:echo-5c4ffbc678-4xgbr.echo resources:22 removed:0 size:89.3kB filtered:0
2026-05-22T05:32:31.651865Z	info	delta	NDS: PUSH request for node:echo-5c4ffbc678-4xgbr.echo resources:1 removed:0 size:1.3kB
2026-05-22T05:32:31.652006Z	info	delta	RDS: PUSH request for node:echo-5c4ffbc678-4xgbr.echo resources:11 removed:0 size:10.3kB cached:11/11 filtered:0
2026-05-22T05:33:20.831704Z	info	sync complete	name=istiod analyzer attempt=1 time=51.875µs
2026-05-22T05:34:00.457846Z	info	delta	ADS: "10.20.0.16:55568" echo-eastwestgateway-c58fcbbff-j5lqd.echo-84 terminated
2026-05-22T05:34:00.657459Z	info	delta	ADS: new delta connection for node:echo-eastwestgateway-c58fcbbff-j5lqd.echo-87
2026-05-22T05:34:00.658183Z	info	delta	CDS: PUSH request for node:echo-eastwestgateway-c58fcbbff-j5lqd.echo resources:1 removed:0 size:72B filtered:0
2026-05-22T05:34:00.658307Z	info	delta	LDS: PUSH request for node:echo-eastwestgateway-c58fcbbff-j5lqd.echo resources:0 removed:0 size:0B
2026-05-22T05:38:27.778835Z	info	sync complete	name=istiod analyzer attempt=1 time=58.542µs
2026-05-22T05:41:25.583606Z	info	delta	ADS: "10.20.0.20:41458" echo-gateway-77cfbdcb5d-s9t4l.echo-85 terminated
2026-05-22T05:41:25.968326Z	info	delta	ADS: new delta connection for node:echo-gateway-77cfbdcb5d-s9t4l.echo-88
2026-05-22T05:41:25.968885Z	info	delta	CDS: PUSH request for node:echo-gateway-77cfbdcb5d-s9t4l.echo resources:2 removed:0 size:1.1kB cached:1/1 filtered:0
2026-05-22T05:41:25.969562Z	info	delta	EDS: PUSH request for node:echo-gateway-77cfbdcb5d-s9t4l.echo resources:1 removed:0 size:222B empty:0 cached:1/1 filtered:0
2026-05-22T05:41:25.970890Z	info	delta	LDS: PUSH request for node:echo-gateway-77cfbdcb5d-s9t4l.echo resources:2 removed:0 size:11.3kB filtered:0
2026-05-22T05:41:25.971680Z	info	delta	RDS: PUSH request for node:echo-gateway-77cfbdcb5d-s9t4l.echo resources:2 removed:0 size:1.4kB cached:0/0 filtered:0
2026-05-22T05:43:33.961008Z	info	sync complete	name=istiod analyzer attempt=1 time=133.917µs
2026-05-22T05:48:39.564526Z	info	sync complete	name=istiod analyzer attempt=1 time=64.625µs
2026-05-22T05:53:46.794805Z	info	sync complete	name=istiod analyzer attempt=1 time=81.708µs
2026-05-22T05:58:52.948466Z	info	sync complete	name=istiod analyzer attempt=1 time=75.875µs
2026-05-22T06:03:59.178623Z	info	delta	ADS: "10.20.0.16:42192" echo-eastwestgateway-c58fcbbff-j5lqd.echo-87 terminated
2026-05-22T06:03:59.579814Z	info	delta	ADS: new delta connection for node:echo-eastwestgateway-c58fcbbff-j5lqd.echo-89
2026-05-22T06:03:59.580244Z	info	delta	CDS: PUSH request for node:echo-eastwestgateway-c58fcbbff-j5lqd.echo resources:1 removed:0 size:72B filtered:0
2026-05-22T06:03:59.580340Z	info	delta	LDS: PUSH request for node:echo-eastwestgateway-c58fcbbff-j5lqd.echo resources:0 removed:0 size:0B
2026-05-22T06:03:59.818735Z	info	sync complete	name=istiod analyzer attempt=1 time=59.709µs
2026-05-22T06:04:58.503370Z	info	delta	ADS: "10.20.0.19:45106" echo-5c4ffbc678-4xgbr.echo-86 terminated
2026-05-22T06:04:58.850689Z	info	delta	ADS: new delta connection for node:echo-5c4ffbc678-4xgbr.echo-90
2026-05-22T06:04:58.851306Z	info	delta	CDS: PUSH request for node:echo-5c4ffbc678-4xgbr.echo resources:25 removed:0 size:26.3kB cached:21/21 filtered:0
2026-05-22T06:04:58.852143Z	info	delta	EDS: PUSH request for node:echo-5c4ffbc678-4xgbr.echo resources:21 removed:0 size:4.4kB empty:0 cached:21/21 filtered:0
2026-05-22T06:04:58.853628Z	info	delta	LDS: PUSH request for node:echo-5c4ffbc678-4xgbr.echo resources:22 removed:0 size:89.3kB filtered:0
2026-05-22T06:04:58.853786Z	info	delta	NDS: PUSH request for node:echo-5c4ffbc678-4xgbr.echo resources:1 removed:0 size:1.3kB
2026-05-22T06:04:58.854086Z	info	delta	RDS: PUSH request for node:echo-5c4ffbc678-4xgbr.echo resources:11 removed:0 size:10.3kB cached:11/11 filtered:0
2026-05-22T06:09:05.304938Z	info	sync complete	name=istiod analyzer attempt=1 time=51.833µs
2026-05-22T06:11:58.013249Z	info	delta	ADS: "10.20.0.20:57344" echo-gateway-77cfbdcb5d-s9t4l.echo-88 terminated
2026-05-22T06:11:58.209462Z	info	delta	ADS: new delta connection for node:echo-gateway-77cfbdcb5d-s9t4l.echo-91
2026-05-22T06:11:58.210211Z	info	delta	CDS: PUSH request for node:echo-gateway-77cfbdcb5d-s9t4l.echo resources:2 removed:0 size:1.1kB cached:1/1 filtered:0
2026-05-22T06:11:58.210851Z	info	delta	EDS: PUSH request for node:echo-gateway-77cfbdcb5d-s9t4l.echo resources:1 removed:0 size:222B empty:0 cached:1/1 filtered:0
2026-05-22T06:11:58.214126Z	info	delta	LDS: PUSH request for node:echo-gateway-77cfbdcb5d-s9t4l.echo resources:2 removed:0 size:11.3kB filtered:0
2026-05-22T06:11:58.214499Z	info	delta	RDS: PUSH request for node:echo-gateway-77cfbdcb5d-s9t4l.echo resources:2 removed:0 size:1.4kB cached:0/0 filtered:0
2026-05-22T06:14:12.100924Z	info	sync complete	name=istiod analyzer attempt=1 time=59.334µs
2026-05-22T06:19:17.840611Z	info	sync complete	name=istiod analyzer attempt=1 time=68.125µs
2026-05-22T06:24:24.212024Z	info	sync complete	name=istiod analyzer attempt=1 time=81.917µs
2026-05-22T06:29:30.853108Z	info	sync complete	name=istiod analyzer attempt=1 time=137.042µs
2026-05-22T06:34:36.757893Z	info	sync complete	name=istiod analyzer attempt=1 time=120.542µs
2026-05-22T06:35:53.457407Z	info	delta	ADS: "10.20.0.16:51200" echo-eastwestgateway-c58fcbbff-j5lqd.echo-89 terminated
2026-05-22T06:35:53.495992Z	info	delta	ADS: new delta connection for node:echo-eastwestgateway-c58fcbbff-j5lqd.echo-92
2026-05-22T06:35:53.497831Z	info	delta	CDS: PUSH request for node:echo-eastwestgateway-c58fcbbff-j5lqd.echo resources:1 removed:0 size:72B filtered:0
2026-05-22T06:35:53.498048Z	info	delta	LDS: PUSH request for node:echo-eastwestgateway-c58fcbbff-j5lqd.echo resources:0 removed:0 size:0B
2026-05-22T06:35:57.901316Z	info	delta	ADS: "10.20.0.19:48706" echo-5c4ffbc678-4xgbr.echo-90 terminated
2026-05-22T06:35:58.035704Z	info	delta	ADS: new delta connection for node:echo-5c4ffbc678-4xgbr.echo-93
2026-05-22T06:35:58.036276Z	info	delta	CDS: PUSH request for node:echo-5c4ffbc678-4xgbr.echo resources:25 removed:0 size:26.3kB cached:21/21 filtered:0
2026-05-22T06:35:58.038177Z	info	delta	EDS: PUSH request for node:echo-5c4ffbc678-4xgbr.echo resources:21 removed:0 size:4.4kB empty:0 cached:21/21 filtered:0
2026-05-22T06:35:58.040354Z	info	delta	LDS: PUSH request for node:echo-5c4ffbc678-4xgbr.echo resources:22 removed:0 size:89.3kB filtered:0
2026-05-22T06:35:58.040533Z	info	delta	NDS: PUSH request for node:echo-5c4ffbc678-4xgbr.echo resources:1 removed:0 size:1.3kB
2026-05-22T06:35:58.040959Z	info	delta	RDS: PUSH request for node:echo-5c4ffbc678-4xgbr.echo resources:11 removed:0 size:10.3kB cached:11/11 filtered:0
2026-05-22T06:39:43.019680Z	info	sync complete	name=istiod analyzer attempt=1 time=53.708µs
2026-05-22T06:42:23.005217Z	info	delta	ADS: "10.20.0.20:42142" echo-gateway-77cfbdcb5d-s9t4l.echo-91 terminated
2026-05-22T06:42:23.378422Z	info	delta	ADS: new delta connection for node:echo-gateway-77cfbdcb5d-s9t4l.echo-94
2026-05-22T06:42:23.378792Z	info	delta	CDS: PUSH request for node:echo-gateway-77cfbdcb5d-s9t4l.echo resources:2 removed:0 size:1.1kB cached:1/1 filtered:0
2026-05-22T06:42:23.379450Z	info	delta	EDS: PUSH request for node:echo-gateway-77cfbdcb5d-s9t4l.echo resources:1 removed:0 size:222B empty:0 cached:1/1 filtered:0
2026-05-22T06:42:23.380301Z	info	delta	LDS: PUSH request for node:echo-gateway-77cfbdcb5d-s9t4l.echo resources:2 removed:0 size:11.3kB filtered:0
2026-05-22T06:42:23.380493Z	info	delta	RDS: PUSH request for node:echo-gateway-77cfbdcb5d-s9t4l.echo resources:2 removed:0 size:1.4kB cached:0/0 filtered:0
2026-05-22T06:44:48.478114Z	info	sync complete	name=istiod analyzer attempt=1 time=56.25µs
2026-05-22T06:49:54.580680Z	info	sync complete	name=istiod analyzer attempt=1 time=124.125µs
2026-05-22T06:55:00.442943Z	info	sync complete	name=istiod analyzer attempt=1 time=62.625µs
2026-05-22T07:00:07.665814Z	info	sync complete	name=istiod analyzer attempt=1 time=118.958µs
2026-05-22T07:05:14.106871Z	info	sync complete	name=istiod analyzer attempt=1 time=88.375µs
2026-05-22T07:07:18.824716Z	info	delta	ADS: "10.20.0.19:48906" echo-5c4ffbc678-4xgbr.echo-93 terminated
2026-05-22T07:07:19.182932Z	info	delta	ADS: new delta connection for node:echo-5c4ffbc678-4xgbr.echo-95
2026-05-22T07:07:19.183734Z	info	delta	CDS: PUSH request for node:echo-5c4ffbc678-4xgbr.echo resources:25 removed:0 size:26.3kB cached:21/21 filtered:0
2026-05-22T07:07:19.184367Z	info	delta	EDS: PUSH request for node:echo-5c4ffbc678-4xgbr.echo resources:21 removed:0 size:4.4kB empty:0 cached:21/21 filtered:0
2026-05-22T07:07:19.186477Z	info	delta	LDS: PUSH request for node:echo-5c4ffbc678-4xgbr.echo resources:22 removed:0 size:89.3kB filtered:0
2026-05-22T07:07:19.186664Z	info	delta	NDS: PUSH request for node:echo-5c4ffbc678-4xgbr.echo resources:1 removed:0 size:1.3kB
2026-05-22T07:07:19.186867Z	info	delta	RDS: PUSH request for node:echo-5c4ffbc678-4xgbr.echo resources:11 removed:0 size:10.3kB cached:11/11 filtered:0
2026-05-22T07:07:59.797276Z	info	delta	ADS: "10.20.0.16:42806" echo-eastwestgateway-c58fcbbff-j5lqd.echo-92 terminated
2026-05-22T07:07:59.992309Z	info	delta	ADS: new delta connection for node:echo-eastwestgateway-c58fcbbff-j5lqd.echo-96
2026-05-22T07:07:59.992775Z	info	delta	CDS: PUSH request for node:echo-eastwestgateway-c58fcbbff-j5lqd.echo resources:1 removed:0 size:72B filtered:0
2026-05-22T07:07:59.992863Z	info	delta	LDS: PUSH request for node:echo-eastwestgateway-c58fcbbff-j5lqd.echo resources:0 removed:0 size:0B
2026-05-22T07:10:20.269060Z	info	sync complete	name=istiod analyzer attempt=1 time=58.125µs
2026-05-22T07:12:47.194031Z	info	delta	ADS: "10.20.0.20:43742" echo-gateway-77cfbdcb5d-s9t4l.echo-94 terminated
2026-05-22T07:12:47.505069Z	info	delta	ADS: new delta connection for node:echo-gateway-77cfbdcb5d-s9t4l.echo-97
2026-05-22T07:12:47.505359Z	info	delta	CDS: PUSH request for node:echo-gateway-77cfbdcb5d-s9t4l.echo resources:2 removed:0 size:1.1kB cached:1/1 filtered:0
2026-05-22T07:12:47.505753Z	info	delta	EDS: PUSH request for node:echo-gateway-77cfbdcb5d-s9t4l.echo resources:1 removed:0 size:222B empty:0 cached:1/1 filtered:0
2026-05-22T07:12:47.507059Z	info	delta	LDS: PUSH request for node:echo-gateway-77cfbdcb5d-s9t4l.echo resources:2 removed:0 size:11.3kB filtered:0
2026-05-22T07:12:47.507295Z	info	delta	RDS: PUSH request for node:echo-gateway-77cfbdcb5d-s9t4l.echo resources:2 removed:0 size:1.4kB cached:0/0 filtered:0
2026-05-22T07:15:25.642790Z	info	sync complete	name=istiod analyzer attempt=1 time=31.917µs
2026-05-22T07:20:31.637880Z	info	sync complete	name=istiod analyzer attempt=1 time=36.041µs
2026-05-22T07:25:36.990850Z	info	sync complete	name=istiod analyzer attempt=1 time=66.166µs
2026-05-22T07:30:42.894460Z	info	sync complete	name=istiod analyzer attempt=1 time=27.542µs
2026-05-22T07:35:01.393845Z	info	delta	ADS: "10.20.0.19:60068" echo-5c4ffbc678-4xgbr.echo-95 terminated
2026-05-22T07:35:01.547571Z	info	delta	ADS: new delta connection for node:echo-5c4ffbc678-4xgbr.echo-98
2026-05-22T07:35:01.547945Z	info	delta	CDS: PUSH request for node:echo-5c4ffbc678-4xgbr.echo resources:25 removed:0 size:26.3kB cached:21/21 filtered:0
2026-05-22T07:35:01.548937Z	info	delta	EDS: PUSH request for node:echo-5c4ffbc678-4xgbr.echo resources:21 removed:0 size:4.4kB empty:0 cached:21/21 filtered:0
2026-05-22T07:35:01.550162Z	info	delta	LDS: PUSH request for node:echo-5c4ffbc678-4xgbr.echo resources:22 removed:0 size:89.3kB filtered:0
2026-05-22T07:35:01.550262Z	info	delta	NDS: PUSH request for node:echo-5c4ffbc678-4xgbr.echo resources:1 removed:0 size:1.3kB
2026-05-22T07:35:01.550511Z	info	delta	RDS: PUSH request for node:echo-5c4ffbc678-4xgbr.echo resources:11 removed:0 size:10.3kB cached:11/11 filtered:0
2026-05-22T07:35:49.004655Z	info	sync complete	name=istiod analyzer attempt=1 time=35µs
2026-05-22T07:39:51.276366Z	info	delta	ADS: "10.20.0.16:48338" echo-eastwestgateway-c58fcbbff-j5lqd.echo-96 terminated
2026-05-22T07:39:51.364293Z	info	delta	ADS: new delta connection for node:echo-eastwestgateway-c58fcbbff-j5lqd.echo-99
2026-05-22T07:39:51.364825Z	info	delta	CDS: PUSH request for node:echo-eastwestgateway-c58fcbbff-j5lqd.echo resources:1 removed:0 size:72B filtered:0
2026-05-22T07:39:51.365543Z	info	delta	LDS: PUSH request for node:echo-eastwestgateway-c58fcbbff-j5lqd.echo resources:0 removed:0 size:0B
2026-05-22T07:40:54.505903Z	info	sync complete	name=istiod analyzer attempt=1 time=76.416µs
2026-05-22T07:44:28.666385Z	info	delta	ADS: "10.20.0.20:42050" echo-gateway-77cfbdcb5d-s9t4l.echo-97 terminated
2026-05-22T07:44:28.754793Z	info	delta	ADS: new delta connection for node:echo-gateway-77cfbdcb5d-s9t4l.echo-100
2026-05-22T07:44:28.754915Z	info	delta	CDS: PUSH request for node:echo-gateway-77cfbdcb5d-s9t4l.echo resources:2 removed:0 size:1.1kB cached:1/1 filtered:0
2026-05-22T07:44:28.755117Z	info	delta	EDS: PUSH request for node:echo-gateway-77cfbdcb5d-s9t4l.echo resources:1 removed:0 size:222B empty:0 cached:1/1 filtered:0
2026-05-22T07:44:28.756509Z	info	delta	LDS: PUSH request for node:echo-gateway-77cfbdcb5d-s9t4l.echo resources:2 removed:0 size:11.3kB filtered:0
2026-05-22T07:44:28.756616Z	info	delta	RDS: PUSH request for node:echo-gateway-77cfbdcb5d-s9t4l.echo resources:2 removed:0 size:1.4kB cached:0/0 filtered:0
2026-05-22T07:46:00.109307Z	info	sync complete	name=istiod analyzer attempt=1 time=38.167µs
2026-05-22T07:51:05.422092Z	info	sync complete	name=istiod analyzer attempt=1 time=25.5µs
2026-05-22T07:56:10.667471Z	info	sync complete	name=istiod analyzer attempt=1 time=26.209µs
2026-05-22T08:01:17.463302Z	info	sync complete	name=istiod analyzer attempt=1 time=31.75µs
2026-05-22T08:04:28.082328Z	info	delta	ADS: "10.20.0.19:42702" echo-5c4ffbc678-4xgbr.echo-98 terminated
2026-05-22T08:04:28.536880Z	info	delta	ADS: new delta connection for node:echo-5c4ffbc678-4xgbr.echo-101
2026-05-22T08:04:28.537100Z	info	delta	CDS: PUSH request for node:echo-5c4ffbc678-4xgbr.echo resources:25 removed:0 size:26.3kB cached:21/21 filtered:0
2026-05-22T08:04:28.537621Z	info	delta	EDS: PUSH request for node:echo-5c4ffbc678-4xgbr.echo resources:21 removed:0 size:4.4kB empty:0 cached:21/21 filtered:0
2026-05-22T08:04:28.539212Z	info	delta	LDS: PUSH request for node:echo-5c4ffbc678-4xgbr.echo resources:22 removed:0 size:89.3kB filtered:0
2026-05-22T08:04:28.539359Z	info	delta	NDS: PUSH request for node:echo-5c4ffbc678-4xgbr.echo resources:1 removed:0 size:1.3kB
2026-05-22T08:04:28.539639Z	info	delta	RDS: PUSH request for node:echo-5c4ffbc678-4xgbr.echo resources:11 removed:0 size:10.3kB cached:11/11 filtered:0
2026-05-22T08:06:23.163527Z	info	sync complete	name=istiod analyzer attempt=1 time=28.291µs
2026-05-22T08:11:29.230248Z	info	sync complete	name=istiod analyzer attempt=1 time=30.208µs
2026-05-22T08:11:50.233356Z	info	delta	ADS: "10.20.0.16:40576" echo-eastwestgateway-c58fcbbff-j5lqd.echo-99 terminated
2026-05-22T08:11:50.619302Z	info	delta	ADS: new delta connection for node:echo-eastwestgateway-c58fcbbff-j5lqd.echo-102
2026-05-22T08:11:50.619679Z	info	delta	CDS: PUSH request for node:echo-eastwestgateway-c58fcbbff-j5lqd.echo resources:1 removed:0 size:72B filtered:0
2026-05-22T08:11:50.619779Z	info	delta	LDS: PUSH request for node:echo-eastwestgateway-c58fcbbff-j5lqd.echo resources:0 removed:0 size:0B
2026-05-22T08:13:38.468392Z	info	delta	ADS: "10.20.0.20:50842" echo-gateway-77cfbdcb5d-s9t4l.echo-100 terminated
2026-05-22T08:13:38.559173Z	info	delta	ADS: new delta connection for node:echo-gateway-77cfbdcb5d-s9t4l.echo-103
2026-05-22T08:13:38.559297Z	info	delta	CDS: PUSH request for node:echo-gateway-77cfbdcb5d-s9t4l.echo resources:2 removed:0 size:1.1kB cached:1/1 filtered:0
2026-05-22T08:13:38.559524Z	info	delta	EDS: PUSH request for node:echo-gateway-77cfbdcb5d-s9t4l.echo resources:1 removed:0 size:222B empty:0 cached:1/1 filtered:0
2026-05-22T08:13:38.560810Z	info	delta	LDS: PUSH request for node:echo-gateway-77cfbdcb5d-s9t4l.echo resources:2 removed:0 size:11.3kB filtered:0
2026-05-22T08:13:38.561190Z	info	delta	RDS: PUSH request for node:echo-gateway-77cfbdcb5d-s9t4l.echo resources:2 removed:0 size:1.4kB cached:0/0 filtered:0
2026-05-22T08:16:35.694783Z	info	sync complete	name=istiod analyzer attempt=1 time=39.75µs
2026-05-22T08:21:41.505449Z	info	sync complete	name=istiod analyzer attempt=1 time=28.25µs
2026-05-22T08:26:47.895196Z	info	sync complete	name=istiod analyzer attempt=1 time=38.792µs
2026-05-22T08:31:53.090353Z	info	sync complete	name=istiod analyzer attempt=1 time=32µs
2026-05-22T08:36:58.690798Z	info	delta	ADS: "10.20.0.19:59978" echo-5c4ffbc678-4xgbr.echo-101 terminated
2026-05-22T08:36:58.762259Z	info	delta	ADS: new delta connection for node:echo-5c4ffbc678-4xgbr.echo-104
2026-05-22T08:36:58.762707Z	info	delta	CDS: PUSH request for node:echo-5c4ffbc678-4xgbr.echo resources:25 removed:0 size:26.3kB cached:21/21 filtered:0
2026-05-22T08:36:58.764145Z	info	delta	EDS: PUSH request for node:echo-5c4ffbc678-4xgbr.echo resources:21 removed:0 size:4.4kB empty:0 cached:21/21 filtered:0
2026-05-22T08:36:58.767221Z	info	delta	LDS: PUSH request for node:echo-5c4ffbc678-4xgbr.echo resources:22 removed:0 size:89.3kB filtered:0
2026-05-22T08:36:58.767639Z	info	delta	NDS: PUSH request for node:echo-5c4ffbc678-4xgbr.echo resources:1 removed:0 size:1.3kB
2026-05-22T08:36:58.767955Z	info	delta	RDS: PUSH request for node:echo-5c4ffbc678-4xgbr.echo resources:11 removed:0 size:10.3kB cached:11/11 filtered:0
2026-05-22T08:36:59.676889Z	info	sync complete	name=istiod analyzer attempt=1 time=75µs
2026-05-22T08:42:05.176873Z	info	sync complete	name=istiod analyzer attempt=1 time=58.875µs
2026-05-22T08:44:15.566631Z	info	delta	ADS: "10.20.0.16:52216" echo-eastwestgateway-c58fcbbff-j5lqd.echo-102 terminated
2026-05-22T08:44:15.624964Z	info	delta	ADS: new delta connection for node:echo-eastwestgateway-c58fcbbff-j5lqd.echo-105
2026-05-22T08:44:15.625429Z	info	delta	CDS: PUSH request for node:echo-eastwestgateway-c58fcbbff-j5lqd.echo resources:1 removed:0 size:72B filtered:0
2026-05-22T08:44:15.625538Z	info	delta	LDS: PUSH request for node:echo-eastwestgateway-c58fcbbff-j5lqd.echo resources:0 removed:0 size:0B
2026-05-22T08:45:00.548091Z	info	delta	ADS: "10.20.0.20:58122" echo-gateway-77cfbdcb5d-s9t4l.echo-103 terminated
2026-05-22T08:45:00.675177Z	info	delta	ADS: new delta connection for node:echo-gateway-77cfbdcb5d-s9t4l.echo-106
2026-05-22T08:45:00.675373Z	info	delta	CDS: PUSH request for node:echo-gateway-77cfbdcb5d-s9t4l.echo resources:2 removed:0 size:1.1kB cached:1/1 filtered:0
2026-05-22T08:45:00.676579Z	info	delta	EDS: PUSH request for node:echo-gateway-77cfbdcb5d-s9t4l.echo resources:1 removed:0 size:222B empty:0 cached:1/1 filtered:0
2026-05-22T08:45:00.678188Z	info	delta	LDS: PUSH request for node:echo-gateway-77cfbdcb5d-s9t4l.echo resources:2 removed:0 size:11.3kB filtered:0
2026-05-22T08:45:00.678765Z	info	delta	RDS: PUSH request for node:echo-gateway-77cfbdcb5d-s9t4l.echo resources:2 removed:0 size:1.4kB cached:0/0 filtered:0
2026-05-22T08:47:11.019176Z	info	sync complete	name=istiod analyzer attempt=1 time=26.875µs
2026-05-22T08:52:18.056561Z	info	sync complete	name=istiod analyzer attempt=1 time=30.459µs
2026-05-22T08:57:25.005353Z	info	sync complete	name=istiod analyzer attempt=1 time=31.333µs
2026-05-22T09:02:31.839956Z	info	sync complete	name=istiod analyzer attempt=1 time=40.166µs
2026-05-22T09:07:36.694883Z	info	sync complete	name=istiod analyzer attempt=1 time=46.417µs
2026-05-22T09:07:44.430746Z	info	delta	ADS: "10.20.0.19:37924" echo-5c4ffbc678-4xgbr.echo-104 terminated
2026-05-22T09:07:44.507486Z	info	delta	ADS: new delta connection for node:echo-5c4ffbc678-4xgbr.echo-107
2026-05-22T09:07:44.508044Z	info	delta	CDS: PUSH request for node:echo-5c4ffbc678-4xgbr.echo resources:25 removed:0 size:26.3kB cached:21/21 filtered:0
2026-05-22T09:07:44.509033Z	info	delta	EDS: PUSH request for node:echo-5c4ffbc678-4xgbr.echo resources:21 removed:0 size:4.4kB empty:0 cached:21/21 filtered:0
2026-05-22T09:07:44.510371Z	info	delta	LDS: PUSH request for node:echo-5c4ffbc678-4xgbr.echo resources:22 removed:0 size:89.3kB filtered:0
2026-05-22T09:07:44.510659Z	info	delta	NDS: PUSH request for node:echo-5c4ffbc678-4xgbr.echo resources:1 removed:0 size:1.3kB
2026-05-22T09:07:44.510763Z	info	delta	RDS: PUSH request for node:echo-5c4ffbc678-4xgbr.echo resources:11 removed:0 size:10.3kB cached:11/11 filtered:0
2026-05-22T09:12:42.638091Z	info	sync complete	name=istiod analyzer attempt=1 time=32.583µs
2026-05-22T09:15:55.861262Z	info	delta	ADS: "10.20.0.16:38038" echo-eastwestgateway-c58fcbbff-j5lqd.echo-105 terminated
2026-05-22T09:15:55.886187Z	info	delta	ADS: new delta connection for node:echo-eastwestgateway-c58fcbbff-j5lqd.echo-108
2026-05-22T09:15:55.886634Z	info	delta	CDS: PUSH request for node:echo-eastwestgateway-c58fcbbff-j5lqd.echo resources:1 removed:0 size:72B filtered:0
2026-05-22T09:15:55.886679Z	info	delta	LDS: PUSH request for node:echo-eastwestgateway-c58fcbbff-j5lqd.echo resources:0 removed:0 size:0B
2026-05-22T09:17:07.990988Z	info	delta	ADS: "10.20.0.20:50790" echo-gateway-77cfbdcb5d-s9t4l.echo-106 terminated
2026-05-22T09:17:08.046178Z	info	delta	ADS: new delta connection for node:echo-gateway-77cfbdcb5d-s9t4l.echo-109
2026-05-22T09:17:08.046318Z	info	delta	CDS: PUSH request for node:echo-gateway-77cfbdcb5d-s9t4l.echo resources:2 removed:0 size:1.1kB cached:1/1 filtered:0
2026-05-22T09:17:08.047217Z	info	delta	EDS: PUSH request for node:echo-gateway-77cfbdcb5d-s9t4l.echo resources:1 removed:0 size:222B empty:0 cached:1/1 filtered:0
2026-05-22T09:17:08.048491Z	info	delta	LDS: PUSH request for node:echo-gateway-77cfbdcb5d-s9t4l.echo resources:2 removed:0 size:11.3kB filtered:0
2026-05-22T09:17:08.048892Z	info	delta	RDS: PUSH request for node:echo-gateway-77cfbdcb5d-s9t4l.echo resources:2 removed:0 size:1.4kB cached:0/0 filtered:0
2026-05-22T09:17:48.841151Z	info	sync complete	name=istiod analyzer attempt=1 time=71.958µs
2026-05-22T09:22:55.300927Z	info	sync complete	name=istiod analyzer attempt=1 time=50.084µs
2026-05-22T09:28:01.282376Z	info	sync complete	name=istiod analyzer attempt=1 time=25.291µs
2026-05-22T09:33:06.013660Z	info	sync complete	name=istiod analyzer attempt=1 time=37.791µs
2026-05-22T09:38:12.823106Z	info	sync complete	name=istiod analyzer attempt=1 time=51.125µs
2026-05-22T09:40:36.460562Z	info	delta	ADS: "10.20.0.19:46806" echo-5c4ffbc678-4xgbr.echo-107 terminated
2026-05-22T09:40:36.765755Z	info	delta	ADS: new delta connection for node:echo-5c4ffbc678-4xgbr.echo-110
2026-05-22T09:40:36.766302Z	info	delta	CDS: PUSH request for node:echo-5c4ffbc678-4xgbr.echo resources:25 removed:0 size:26.3kB cached:21/21 filtered:0
2026-05-22T09:40:36.766414Z	info	delta	EDS: PUSH request for node:echo-5c4ffbc678-4xgbr.echo resources:21 removed:0 size:4.4kB empty:0 cached:21/21 filtered:0
2026-05-22T09:40:36.768032Z	info	delta	LDS: PUSH request for node:echo-5c4ffbc678-4xgbr.echo resources:22 removed:0 size:89.3kB filtered:0
2026-05-22T09:40:36.768157Z	info	delta	NDS: PUSH request for node:echo-5c4ffbc678-4xgbr.echo resources:1 removed:0 size:1.3kB
2026-05-22T09:40:36.768273Z	info	delta	RDS: PUSH request for node:echo-5c4ffbc678-4xgbr.echo resources:11 removed:0 size:10.3kB cached:11/11 filtered:0
2026-05-22T09:43:17.920762Z	info	sync complete	name=istiod analyzer attempt=1 time=24.875µs
2026-05-22T09:44:39.123210Z	info	delta	ADS: "10.20.0.16:37100" echo-eastwestgateway-c58fcbbff-j5lqd.echo-108 terminated
2026-05-22T09:44:39.146450Z	info	delta	ADS: new delta connection for node:echo-eastwestgateway-c58fcbbff-j5lqd.echo-111
2026-05-22T09:44:39.146540Z	info	delta	CDS: PUSH request for node:echo-eastwestgateway-c58fcbbff-j5lqd.echo resources:1 removed:0 size:72B filtered:0
2026-05-22T09:44:39.146844Z	info	delta	LDS: PUSH request for node:echo-eastwestgateway-c58fcbbff-j5lqd.echo resources:0 removed:0 size:0B
2026-05-22T09:48:23.711013Z	info	sync complete	name=istiod analyzer attempt=1 time=26.5µs
2026-05-22T09:48:38.787226Z	info	delta	ADS: "10.20.0.20:34246" echo-gateway-77cfbdcb5d-s9t4l.echo-109 terminated
2026-05-22T09:48:39.025826Z	info	delta	ADS: new delta connection for node:echo-gateway-77cfbdcb5d-s9t4l.echo-112
2026-05-22T09:48:39.025958Z	info	delta	CDS: PUSH request for node:echo-gateway-77cfbdcb5d-s9t4l.echo resources:2 removed:0 size:1.1kB cached:1/1 filtered:0
2026-05-22T09:48:39.026786Z	info	delta	EDS: PUSH request for node:echo-gateway-77cfbdcb5d-s9t4l.echo resources:1 removed:0 size:222B empty:0 cached:1/1 filtered:0
2026-05-22T09:48:39.027285Z	info	delta	LDS: PUSH request for node:echo-gateway-77cfbdcb5d-s9t4l.echo resources:2 removed:0 size:11.3kB filtered:0
2026-05-22T09:48:39.027631Z	info	delta	RDS: PUSH request for node:echo-gateway-77cfbdcb5d-s9t4l.echo resources:2 removed:0 size:1.4kB cached:0/0 filtered:0
2026-05-22T09:53:30.168642Z	info	sync complete	name=istiod analyzer attempt=1 time=26.417µs
2026-05-22T09:58:36.206734Z	info	sync complete	name=istiod analyzer attempt=1 time=26.292µs
2026-05-22T10:03:43.283708Z	info	sync complete	name=istiod analyzer attempt=1 time=43.75µs
2026-05-22T10:08:48.882251Z	info	sync complete	name=istiod analyzer attempt=1 time=27.125µs
2026-05-22T10:13:03.195949Z	info	delta	ADS: "10.20.0.19:59512" echo-5c4ffbc678-4xgbr.echo-110 terminated
2026-05-22T10:13:03.450377Z	info	delta	ADS: new delta connection for node:echo-5c4ffbc678-4xgbr.echo-113
2026-05-22T10:13:03.450618Z	info	delta	CDS: PUSH request for node:echo-5c4ffbc678-4xgbr.echo resources:25 removed:0 size:26.3kB cached:21/21 filtered:0
2026-05-22T10:13:03.451094Z	info	delta	EDS: PUSH request for node:echo-5c4ffbc678-4xgbr.echo resources:21 removed:0 size:4.4kB empty:0 cached:21/21 filtered:0
2026-05-22T10:13:03.452185Z	info	delta	LDS: PUSH request for node:echo-5c4ffbc678-4xgbr.echo resources:22 removed:0 size:89.3kB filtered:0
2026-05-22T10:13:03.452266Z	info	delta	NDS: PUSH request for node:echo-5c4ffbc678-4xgbr.echo resources:1 removed:0 size:1.3kB
2026-05-22T10:13:03.452453Z	info	delta	RDS: PUSH request for node:echo-5c4ffbc678-4xgbr.echo resources:11 removed:0 size:10.3kB cached:11/11 filtered:0
2026-05-22T10:13:55.600359Z	info	sync complete	name=istiod analyzer attempt=1 time=45.625µs
2026-05-22T10:15:40.896170Z	info	delta	ADS: "10.20.0.16:54872" echo-eastwestgateway-c58fcbbff-j5lqd.echo-111 terminated
2026-05-22T10:15:40.995486Z	info	delta	ADS: new delta connection for node:echo-eastwestgateway-c58fcbbff-j5lqd.echo-114
2026-05-22T10:15:40.995762Z	info	delta	CDS: PUSH request for node:echo-eastwestgateway-c58fcbbff-j5lqd.echo resources:1 removed:0 size:72B filtered:0
2026-05-22T10:15:40.996153Z	info	delta	LDS: PUSH request for node:echo-eastwestgateway-c58fcbbff-j5lqd.echo resources:0 removed:0 size:0B
2026-05-22T10:19:02.042591Z	info	sync complete	name=istiod analyzer attempt=1 time=31.291µs
2026-05-22T10:19:35.635870Z	info	delta	ADS: "10.20.0.20:43842" echo-gateway-77cfbdcb5d-s9t4l.echo-112 terminated
2026-05-22T10:19:35.747415Z	info	delta	ADS: new delta connection for node:echo-gateway-77cfbdcb5d-s9t4l.echo-115
2026-05-22T10:19:35.747751Z	info	delta	CDS: PUSH request for node:echo-gateway-77cfbdcb5d-s9t4l.echo resources:2 removed:0 size:1.1kB cached:1/1 filtered:0
2026-05-22T10:19:35.747800Z	info	delta	EDS: PUSH request for node:echo-gateway-77cfbdcb5d-s9t4l.echo resources:1 removed:0 size:222B empty:0 cached:1/1 filtered:0
2026-05-22T10:19:35.749912Z	info	delta	LDS: PUSH request for node:echo-gateway-77cfbdcb5d-s9t4l.echo resources:2 removed:0 size:11.3kB filtered:0
2026-05-22T10:19:35.750043Z	info	delta	RDS: PUSH request for node:echo-gateway-77cfbdcb5d-s9t4l.echo resources:2 removed:0 size:1.4kB cached:0/0 filtered:0
2026-05-22T10:24:08.406789Z	info	sync complete	name=istiod analyzer attempt=1 time=39µs
2026-05-22T10:29:14.606895Z	info	sync complete	name=istiod analyzer attempt=1 time=39.958µs
2026-05-22T10:34:21.008350Z	info	sync complete	name=istiod analyzer attempt=1 time=35.208µs
2026-05-22T10:39:27.652524Z	info	sync complete	name=istiod analyzer attempt=1 time=34.75µs
2026-05-22T10:43:51.876399Z	info	delta	ADS: "10.20.0.19:52244" echo-5c4ffbc678-4xgbr.echo-113 terminated
2026-05-22T10:43:52.363437Z	info	delta	ADS: new delta connection for node:echo-5c4ffbc678-4xgbr.echo-116
2026-05-22T10:43:52.363877Z	info	delta	CDS: PUSH request for node:echo-5c4ffbc678-4xgbr.echo resources:25 removed:0 size:26.3kB cached:21/21 filtered:0
2026-05-22T10:43:52.366039Z	info	delta	EDS: PUSH request for node:echo-5c4ffbc678-4xgbr.echo resources:21 removed:0 size:4.4kB empty:0 cached:21/21 filtered:0
2026-05-22T10:43:52.367888Z	info	delta	LDS: PUSH request for node:echo-5c4ffbc678-4xgbr.echo resources:22 removed:0 size:89.3kB filtered:0
2026-05-22T10:43:52.368038Z	info	delta	NDS: PUSH request for node:echo-5c4ffbc678-4xgbr.echo resources:1 removed:0 size:1.3kB
2026-05-22T10:43:52.368153Z	info	delta	RDS: PUSH request for node:echo-5c4ffbc678-4xgbr.echo resources:11 removed:0 size:10.3kB cached:11/11 filtered:0
2026-05-22T10:44:34.513732Z	info	sync complete	name=istiod analyzer attempt=1 time=53.75µs
2026-05-22T10:46:58.394611Z	info	delta	ADS: "10.20.0.16:46250" echo-eastwestgateway-c58fcbbff-j5lqd.echo-114 terminated
2026-05-22T10:46:58.525474Z	info	delta	ADS: new delta connection for node:echo-eastwestgateway-c58fcbbff-j5lqd.echo-117
2026-05-22T10:46:58.525586Z	info	delta	CDS: PUSH request for node:echo-eastwestgateway-c58fcbbff-j5lqd.echo resources:1 removed:0 size:72B filtered:0
2026-05-22T10:46:58.525975Z	info	delta	LDS: PUSH request for node:echo-eastwestgateway-c58fcbbff-j5lqd.echo resources:0 removed:0 size:0B
2026-05-22T10:49:41.795940Z	info	sync complete	name=istiod analyzer attempt=1 time=33.167µs
2026-05-22T10:49:50.633235Z	info	delta	ADS: "10.20.0.20:58380" echo-gateway-77cfbdcb5d-s9t4l.echo-115 terminated
2026-05-22T10:49:51.015229Z	info	delta	ADS: new delta connection for node:echo-gateway-77cfbdcb5d-s9t4l.echo-118
2026-05-22T10:49:51.015415Z	info	delta	CDS: PUSH request for node:echo-gateway-77cfbdcb5d-s9t4l.echo resources:2 removed:0 size:1.1kB cached:1/1 filtered:0
2026-05-22T10:49:51.016759Z	info	delta	EDS: PUSH request for node:echo-gateway-77cfbdcb5d-s9t4l.echo resources:1 removed:0 size:222B empty:0 cached:1/1 filtered:0
2026-05-22T10:49:51.017715Z	info	delta	LDS: PUSH request for node:echo-gateway-77cfbdcb5d-s9t4l.echo resources:2 removed:0 size:11.3kB filtered:0
2026-05-22T10:49:51.017860Z	info	delta	RDS: PUSH request for node:echo-gateway-77cfbdcb5d-s9t4l.echo resources:2 removed:0 size:1.4kB cached:0/0 filtered:0
2026-05-22T10:54:46.911056Z	info	sync complete	name=istiod analyzer attempt=1 time=28.166µs
2026-05-22T10:59:53.294188Z	info	sync complete	name=istiod analyzer attempt=1 time=25.833µs
2026-05-22T11:04:58.976409Z	info	sync complete	name=istiod analyzer attempt=1 time=57.292µs
2026-05-22T11:10:05.743232Z	info	sync complete	name=istiod analyzer attempt=1 time=43.584µs
2026-05-22T11:14:16.764989Z	info	delta	ADS: "10.20.0.19:51756" echo-5c4ffbc678-4xgbr.echo-116 terminated
2026-05-22T11:14:17.030237Z	info	delta	ADS: new delta connection for node:echo-5c4ffbc678-4xgbr.echo-119
2026-05-22T11:14:17.030511Z	info	delta	CDS: PUSH request for node:echo-5c4ffbc678-4xgbr.echo resources:25 removed:0 size:26.3kB cached:21/21 filtered:0
2026-05-22T11:14:17.030566Z	info	delta	EDS: PUSH request for node:echo-5c4ffbc678-4xgbr.echo resources:21 removed:0 size:4.4kB empty:0 cached:21/21 filtered:0
2026-05-22T11:14:17.031607Z	info	delta	LDS: PUSH request for node:echo-5c4ffbc678-4xgbr.echo resources:22 removed:0 size:89.3kB filtered:0
2026-05-22T11:14:17.031710Z	info	delta	NDS: PUSH request for node:echo-5c4ffbc678-4xgbr.echo resources:1 removed:0 size:1.3kB
2026-05-22T11:14:17.031787Z	info	delta	RDS: PUSH request for node:echo-5c4ffbc678-4xgbr.echo resources:11 removed:0 size:10.3kB cached:11/11 filtered:0
2026-05-22T11:15:13.010235Z	info	sync complete	name=istiod analyzer attempt=1 time=78.417µs
2026-05-22T11:15:19.653085Z	info	delta	ADS: "10.20.0.16:34614" echo-eastwestgateway-c58fcbbff-j5lqd.echo-117 terminated
2026-05-22T11:15:19.849047Z	info	delta	ADS: new delta connection for node:echo-eastwestgateway-c58fcbbff-j5lqd.echo-120
2026-05-22T11:15:19.849258Z	info	delta	CDS: PUSH request for node:echo-eastwestgateway-c58fcbbff-j5lqd.echo resources:1 removed:0 size:72B filtered:0
2026-05-22T11:15:19.849289Z	info	delta	LDS: PUSH request for node:echo-eastwestgateway-c58fcbbff-j5lqd.echo resources:0 removed:0 size:0B
2026-05-22T11:20:20.065161Z	info	sync complete	name=istiod analyzer attempt=1 time=30.125µs
2026-05-22T11:22:53.112364Z	info	delta	ADS: "10.20.0.20:55334" echo-gateway-77cfbdcb5d-s9t4l.echo-118 terminated
2026-05-22T11:22:53.183047Z	info	delta	ADS: new delta connection for node:echo-gateway-77cfbdcb5d-s9t4l.echo-121
2026-05-22T11:22:53.183161Z	info	delta	CDS: PUSH request for node:echo-gateway-77cfbdcb5d-s9t4l.echo resources:2 removed:0 size:1.1kB cached:1/1 filtered:0
2026-05-22T11:22:53.183488Z	info	delta	EDS: PUSH request for node:echo-gateway-77cfbdcb5d-s9t4l.echo resources:1 removed:0 size:222B empty:0 cached:1/1 filtered:0
2026-05-22T11:22:53.185203Z	info	delta	LDS: PUSH request for node:echo-gateway-77cfbdcb5d-s9t4l.echo resources:2 removed:0 size:11.3kB filtered:0
2026-05-22T11:22:53.185306Z	info	delta	RDS: PUSH request for node:echo-gateway-77cfbdcb5d-s9t4l.echo resources:2 removed:0 size:1.4kB cached:0/0 filtered:0
2026-05-22T11:25:26.010033Z	info	sync complete	name=istiod analyzer attempt=1 time=38.75µs
2026-05-22T11:30:31.329130Z	info	sync complete	name=istiod analyzer attempt=1 time=35.166µs
2026-05-22T11:35:37.425096Z	info	sync complete	name=istiod analyzer attempt=1 time=37.666µs
2026-05-22T11:40:44.894438Z	info	sync complete	name=istiod analyzer attempt=1 time=29.542µs
2026-05-22T11:43:05.116943Z	info	delta	ADS: "10.20.0.19:48716" echo-5c4ffbc678-4xgbr.echo-119 terminated
2026-05-22T11:43:05.171971Z	info	delta	ADS: new delta connection for node:echo-5c4ffbc678-4xgbr.echo-122
2026-05-22T11:43:05.172603Z	info	delta	CDS: PUSH request for node:echo-5c4ffbc678-4xgbr.echo resources:25 removed:0 size:26.3kB cached:21/21 filtered:0
2026-05-22T11:43:05.173128Z	info	delta	EDS: PUSH request for node:echo-5c4ffbc678-4xgbr.echo resources:21 removed:0 size:4.4kB empty:0 cached:21/21 filtered:0
2026-05-22T11:43:05.174923Z	info	delta	LDS: PUSH request for node:echo-5c4ffbc678-4xgbr.echo resources:22 removed:0 size:89.3kB filtered:0
2026-05-22T11:43:05.175091Z	info	delta	NDS: PUSH request for node:echo-5c4ffbc678-4xgbr.echo resources:1 removed:0 size:1.3kB
2026-05-22T11:43:05.175267Z	info	delta	RDS: PUSH request for node:echo-5c4ffbc678-4xgbr.echo resources:11 removed:0 size:10.3kB cached:11/11 filtered:0
2026-05-22T11:45:50.646886Z	info	sync complete	name=istiod analyzer attempt=1 time=26.458µs
2026-05-22T11:47:56.610726Z	info	delta	ADS: "10.20.0.16:33044" echo-eastwestgateway-c58fcbbff-j5lqd.echo-120 terminated
2026-05-22T11:47:56.901108Z	info	delta	ADS: new delta connection for node:echo-eastwestgateway-c58fcbbff-j5lqd.echo-123
2026-05-22T11:47:56.901301Z	info	delta	CDS: PUSH request for node:echo-eastwestgateway-c58fcbbff-j5lqd.echo resources:1 removed:0 size:72B filtered:0
2026-05-22T11:47:56.901341Z	info	delta	LDS: PUSH request for node:echo-eastwestgateway-c58fcbbff-j5lqd.echo resources:0 removed:0 size:0B
2026-05-22T12:44:38.931807Z	info	delta	ADS: "10.20.0.20:57098" echo-gateway-77cfbdcb5d-s9t4l.echo-121 terminated
2026-05-22T12:44:38.991713Z	info	delta	ADS: new delta connection for node:echo-gateway-77cfbdcb5d-s9t4l.echo-124
2026-05-22T12:44:38.991858Z	info	delta	CDS: PUSH request for node:echo-gateway-77cfbdcb5d-s9t4l.echo resources:2 removed:0 size:1.1kB cached:1/1 filtered:0
2026-05-22T12:44:38.992200Z	info	delta	EDS: PUSH request for node:echo-gateway-77cfbdcb5d-s9t4l.echo resources:1 removed:0 size:222B empty:0 cached:1/1 filtered:0
2026-05-22T12:44:38.993221Z	info	delta	LDS: PUSH request for node:echo-gateway-77cfbdcb5d-s9t4l.echo resources:2 removed:0 size:11.3kB filtered:0
2026-05-22T12:44:38.993511Z	info	delta	RDS: PUSH request for node:echo-gateway-77cfbdcb5d-s9t4l.echo resources:2 removed:0 size:1.4kB cached:0/0 filtered:0
2026-05-22T12:45:06.943341Z	info	sync complete	name=istiod analyzer attempt=1 time=51.542µs
2026-05-22T12:50:12.670002Z	info	sync complete	name=istiod analyzer attempt=1 time=34.625µs
2026-05-22T12:55:18.693591Z	info	sync complete	name=istiod analyzer attempt=1 time=27.5µs
2026-05-22T13:00:24.780153Z	info	sync complete	name=istiod analyzer attempt=1 time=27µs
2026-05-22T13:05:31.281217Z	info	sync complete	name=istiod analyzer attempt=1 time=27.083µs
2026-05-22T13:06:52.691306Z	info	ads	Push debounce stable[33] 9 for config AuthorizationPolicy/echo/allow and 8 more configs: 100.812791ms since last change, 118.707334ms since last push, full=true
2026-05-22T13:06:52.691790Z	info	ads	XDS: Pushing Services:13 ConnectedEndpoints:3 Version:2026-05-22T13:06:52Z/20
2026-05-22T13:06:52.692199Z	info	delta	CDS: PUSH for node:echo-gateway-77cfbdcb5d-s9t4l.echo resources:1 removed:1 size:50B
2026-05-22T13:06:52.692298Z	info	delta	EDS: PUSH for node:echo-gateway-77cfbdcb5d-s9t4l.echo resources:1 removed:0 size:222B empty:0 cached:1/1
2026-05-22T13:06:52.692355Z	info	delta	LDS: PUSH for node:echo-gateway-77cfbdcb5d-s9t4l.echo resources:0 removed:2 size:0B
2026-05-22T13:06:52.692385Z	warn	buildGatewayRoutes: no gateways for router echo-gateway-77cfbdcb5d-s9t4l.echo
2026-05-22T13:06:52.692408Z	warn	buildGatewayRoutes: no gateways for router echo-gateway-77cfbdcb5d-s9t4l.echo
2026-05-22T13:06:52.692419Z	info	delta	RDS: PUSH for node:echo-gateway-77cfbdcb5d-s9t4l.echo resources:2 removed:0 size:54B cached:0/0
2026-05-22T13:06:52.692530Z	info	delta	CDS: PUSH for node:echo-eastwestgateway-c58fcbbff-j5lqd.echo resources:1 removed:0 size:50B
2026-05-22T13:06:52.692551Z	info	delta	LDS: PUSH for node:echo-eastwestgateway-c58fcbbff-j5lqd.echo resources:0 removed:0 size:0B
2026-05-22T13:06:52.693185Z	info	delta	CDS: PUSH for node:echo-5c4ffbc678-4xgbr.echo resources:25 removed:0 size:25.9kB cached:0/21
2026-05-22T13:06:52.693261Z	info	delta	EDS: PUSH for node:echo-5c4ffbc678-4xgbr.echo resources:21 removed:0 size:4.4kB empty:0 cached:21/21
2026-05-22T13:06:52.694576Z	info	delta	LDS: PUSH for node:echo-5c4ffbc678-4xgbr.echo resources:22 removed:0 size:89.3kB
2026-05-22T13:06:52.695110Z	info	delta	RDS: PUSH for node:echo-5c4ffbc678-4xgbr.echo resources:11 removed:0 size:7.1kB cached:0/11
2026-05-22T13:06:52.695181Z	info	delta	NDS: PUSH for node:echo-5c4ffbc678-4xgbr.echo resources:1 removed:0 size:1.3kB
2026-05-22T13:06:53.591591Z	info	sync complete	name=istiod analyzer attempt=1 time=32.666µs
2026-05-22T13:06:53.709533Z	info	ads	Push debounce stable[34] 2 for config ServiceEntry/xcp-multicluster/echo.tetrate.io and 1 more configs: 100.588125ms since last change, 102.362667ms since last push, full=true
2026-05-22T13:06:53.709735Z	info	ads	XDS: Pushing Services:12 ConnectedEndpoints:3 Version:2026-05-22T13:06:53Z/21
2026-05-22T13:06:53.709835Z	info	delta	CDS: PUSH for node:echo-gateway-77cfbdcb5d-s9t4l.echo resources:1 removed:0 size:50B
2026-05-22T13:06:53.709859Z	info	delta	LDS: PUSH for node:echo-gateway-77cfbdcb5d-s9t4l.echo resources:0 removed:0 size:0B
2026-05-22T13:06:53.709866Z	warn	buildGatewayRoutes: no gateways for router echo-gateway-77cfbdcb5d-s9t4l.echo
2026-05-22T13:06:53.709872Z	warn	buildGatewayRoutes: no gateways for router echo-gateway-77cfbdcb5d-s9t4l.echo
2026-05-22T13:06:53.709877Z	info	delta	RDS: PUSH for node:echo-gateway-77cfbdcb5d-s9t4l.echo resources:2 removed:0 size:54B cached:0/0
2026-05-22T13:06:53.709907Z	info	delta	CDS: PUSH for node:echo-eastwestgateway-c58fcbbff-j5lqd.echo resources:1 removed:0 size:50B
2026-05-22T13:06:53.709920Z	info	delta	LDS: PUSH for node:echo-eastwestgateway-c58fcbbff-j5lqd.echo resources:0 removed:0 size:0B
2026-05-22T13:06:53.710041Z	info	delta	CDS: PUSH for node:echo-5c4ffbc678-4xgbr.echo resources:4 removed:1 size:985B
2026-05-22T13:06:53.710088Z	info	delta	EDS: PUSH for node:echo-5c4ffbc678-4xgbr.echo resources:21 removed:0 size:4.3kB empty:1 cached:20/21
2026-05-22T13:06:53.710822Z	info	delta	LDS: PUSH for node:echo-5c4ffbc678-4xgbr.echo resources:22 removed:0 size:89.3kB
2026-05-22T13:06:53.710994Z	info	delta	RDS: PUSH for node:echo-5c4ffbc678-4xgbr.echo resources:11 removed:0 size:6.8kB cached:7/11
2026-05-22T13:06:53.711024Z	info	delta	NDS: PUSH for node:echo-5c4ffbc678-4xgbr.echo resources:1 removed:0 size:1.2kB
2026-05-22T13:06:54.609400Z	info	sync complete	name=istiod analyzer attempt=1 time=40.375µs
2026-05-22T13:06:56.237714Z	info	model	reloading network gateways
2026-05-22T13:06:56.237782Z	info	model	gateways changed, triggering push
2026-05-22T13:06:56.242587Z	info	model	Incremental push, service echo-gateway.echo.svc.cluster.local at shard Kubernetes/cluster-1 has no endpoints
2026-05-22T13:06:56.343276Z	info	ads	Push debounce stable[35] 4 for config ServiceEntry/echo/echo-gateway.echo.svc.cluster.local: 100.660125ms since last change, 105.401875ms since last push, full=true
2026-05-22T13:06:56.344317Z	info	ads	XDS: Pushing Services:11 ConnectedEndpoints:3 Version:2026-05-22T13:06:56Z/22
2026-05-22T13:06:56.344451Z	info	delta	CDS: PUSH for node:echo-gateway-77cfbdcb5d-s9t4l.echo resources:1 removed:0 size:50B
2026-05-22T13:06:56.344594Z	info	delta	LDS: PUSH for node:echo-gateway-77cfbdcb5d-s9t4l.echo resources:0 removed:0 size:0B
2026-05-22T13:06:56.344612Z	warn	buildGatewayRoutes: no gateways for router echo-gateway-77cfbdcb5d-s9t4l.echo
2026-05-22T13:06:56.344616Z	warn	buildGatewayRoutes: no gateways for router echo-gateway-77cfbdcb5d-s9t4l.echo
2026-05-22T13:06:56.344622Z	info	delta	RDS: PUSH for node:echo-gateway-77cfbdcb5d-s9t4l.echo resources:2 removed:0 size:54B cached:0/0
2026-05-22T13:06:56.344665Z	info	delta	CDS: PUSH for node:echo-eastwestgateway-c58fcbbff-j5lqd.echo resources:1 removed:0 size:50B
2026-05-22T13:06:56.344682Z	info	delta	LDS: PUSH for node:echo-eastwestgateway-c58fcbbff-j5lqd.echo resources:0 removed:0 size:0B
2026-05-22T13:06:56.344918Z	info	delta	CDS: PUSH for node:echo-5c4ffbc678-4xgbr.echo resources:21 removed:3 size:21.3kB cached:0/17
2026-05-22T13:06:56.345053Z	info	delta	EDS: PUSH for node:echo-5c4ffbc678-4xgbr.echo resources:20 removed:0 size:3.8kB empty:3 cached:0/20
2026-05-22T13:06:56.345664Z	info	delta	LDS: PUSH for node:echo-5c4ffbc678-4xgbr.echo resources:19 removed:3 size:79.1kB
2026-05-22T13:06:56.345874Z	info	delta	RDS: PUSH for node:echo-5c4ffbc678-4xgbr.echo resources:11 removed:0 size:5.8kB cached:0/11
2026-05-22T13:06:56.345899Z	info	delta	NDS: PUSH for node:echo-5c4ffbc678-4xgbr.echo resources:1 removed:0 size:1.1kB
2026-05-22T13:06:56.434935Z	info	model	reloading network gateways
2026-05-22T13:06:56.434963Z	info	model	gateways changed, triggering push
2026-05-22T13:06:56.438172Z	info	model	Incremental push, service echo-eastwestgateway.echo.svc.cluster.local at shard Kubernetes/cluster-1 has no endpoints
2026-05-22T13:06:56.538441Z	info	ads	Push debounce stable[36] 4 for config ServiceEntry/echo/echo-eastwestgateway.echo.svc.cluster.local: 100.207417ms since last change, 103.439958ms since last push, full=true
2026-05-22T13:06:56.539318Z	info	ads	XDS: Pushing Services:10 ConnectedEndpoints:3 Version:2026-05-22T13:06:56Z/23
2026-05-22T13:06:56.539417Z	info	delta	CDS: PUSH for node:echo-gateway-77cfbdcb5d-s9t4l.echo resources:1 removed:0 size:50B
2026-05-22T13:06:56.539437Z	info	delta	LDS: PUSH for node:echo-gateway-77cfbdcb5d-s9t4l.echo resources:0 removed:0 size:0B
2026-05-22T13:06:56.539445Z	warn	buildGatewayRoutes: no gateways for router echo-gateway-77cfbdcb5d-s9t4l.echo
2026-05-22T13:06:56.539453Z	warn	buildGatewayRoutes: no gateways for router echo-gateway-77cfbdcb5d-s9t4l.echo
2026-05-22T13:06:56.539459Z	info	delta	RDS: PUSH for node:echo-gateway-77cfbdcb5d-s9t4l.echo resources:2 removed:0 size:54B cached:0/0
2026-05-22T13:06:56.539489Z	info	delta	CDS: PUSH for node:echo-eastwestgateway-c58fcbbff-j5lqd.echo resources:1 removed:0 size:50B
2026-05-22T13:06:56.539502Z	info	delta	LDS: PUSH for node:echo-eastwestgateway-c58fcbbff-j5lqd.echo resources:0 removed:0 size:0B
2026-05-22T13:06:56.539707Z	info	delta	CDS: PUSH for node:echo-5c4ffbc678-4xgbr.echo resources:20 removed:1 size:20.1kB cached:0/16
2026-05-22T13:06:56.539817Z	info	delta	EDS: PUSH for node:echo-5c4ffbc678-4xgbr.echo resources:17 removed:0 size:3.5kB empty:1 cached:0/17
2026-05-22T13:06:56.540327Z	info	delta	LDS: PUSH for node:echo-5c4ffbc678-4xgbr.echo resources:18 removed:1 size:77.8kB
2026-05-22T13:06:56.540517Z	info	delta	RDS: PUSH for node:echo-5c4ffbc678-4xgbr.echo resources:11 removed:0 size:5.8kB cached:0/11
2026-05-22T13:06:56.540541Z	info	delta	NDS: PUSH for node:echo-5c4ffbc678-4xgbr.echo resources:1 removed:0 size:1.0kB
2026-05-22T13:06:57.435737Z	info	sync complete	name=istiod analyzer attempt=1 time=39.917µs
2026-05-22T13:06:59.970166Z	info	model	Incremental push, service echo.echo.svc.cluster.local at shard Kubernetes/cluster-1 has no endpoints
2026-05-22T13:07:00.019795Z	info	delta	ADS: "10.20.0.19:35288" echo-5c4ffbc678-4xgbr.echo-122 terminated
2026-05-22T13:07:00.070471Z	info	ads	Push debounce stable[37] 2 for config ServiceEntry/echo/echo.echo.svc.cluster.local: 100.271917ms since last change, 105.327292ms since last push, full=true
2026-05-22T13:07:00.070613Z	info	ads	XDS: Pushing Services:9 ConnectedEndpoints:2 Version:2026-05-22T13:07:00Z/24
2026-05-22T13:07:01.711880Z	info	sync complete	name=istiod analyzer attempt=1 time=29.042µs
2026-05-22T13:07:07.436708Z	info	sync complete	name=istiod analyzer attempt=1 time=31.666µs
2026-05-22T13:07:12.256737Z	info	delta	ADS: "10.20.0.20:56472" echo-gateway-77cfbdcb5d-s9t4l.echo-124 terminated
2026-05-22T13:07:12.447645Z	info	delta	ADS: "10.20.0.16:51512" echo-eastwestgateway-c58fcbbff-j5lqd.echo-123 terminated
2026-05-22T13:07:13.749536Z	info	sync complete	name=istiod analyzer attempt=1 time=27.959µs
2026-05-22T13:10:37.467658Z	info	sync complete	name=istiod analyzer attempt=1 time=27.125µs
2026-05-22T13:15:44.494009Z	info	sync complete	name=istiod analyzer attempt=1 time=30.334µs
2026-05-22T13:19:06.976931Z	info	ads	Push debounce stable[38] 2 for config Sidecar/echo/default and 1 more configs: 101.759708ms since last change, 102.417541ms since last push, full=true
2026-05-22T13:19:06.977334Z	info	ads	XDS: Pushing Services:9 ConnectedEndpoints:0 Version:2026-05-22T13:19:06Z/25
2026-05-22T13:19:07.877043Z	info	sync complete	name=istiod analyzer attempt=1 time=36.417µs
2026-05-22T13:19:07.989812Z	info	ads	Push debounce stable[39] 1 for config EnvoyFilter/echo/default-upstream-traffic-setting: 100.972584ms since last change, 100.972542ms since last push, full=true
2026-05-22T13:19:07.990127Z	info	ads	XDS: Pushing Services:9 ConnectedEndpoints:0 Version:2026-05-22T13:19:07Z/26
2026-05-22T13:19:08.888997Z	info	sync complete	name=istiod analyzer attempt=1 time=26.666µs
2026-05-22T13:20:49.873319Z	info	sync complete	name=istiod analyzer attempt=1 time=33.666µs
2026-05-22T13:25:55.535112Z	info	sync complete	name=istiod analyzer attempt=1 time=25.709µs
2026-05-22T13:31:00.861322Z	info	sync complete	name=istiod analyzer attempt=1 time=31.125µs
2026-05-22T13:36:07.931341Z	info	sync complete	name=istiod analyzer attempt=1 time=26.167µs
2026-05-22T13:41:15.776699Z	info	sync complete	name=istiod analyzer attempt=1 time=29.75µs
2026-05-22T13:46:20.665196Z	info	sync complete	name=istiod analyzer attempt=1 time=26.917µs
2026-05-22T13:51:26.507943Z	info	sync complete	name=istiod analyzer attempt=1 time=26.042µs
2026-05-22T13:56:33.005984Z	info	sync complete	name=istiod analyzer attempt=1 time=27.458µs
2026-05-22T14:01:39.123151Z	info	sync complete	name=istiod analyzer attempt=1 time=26.833µs
2026-05-22T14:06:45.273004Z	info	sync complete	name=istiod analyzer attempt=1 time=27.083µs
2026-05-22T14:07:36.461007Z	info	ads	Push debounce stable[40] 1 for config EnvoyFilter/echo/tier2-gg-default-upstream-traffic-setting: 101.63125ms since last change, 101.631208ms since last push, full=true
2026-05-22T14:07:36.461466Z	info	ads	XDS: Pushing Services:9 ConnectedEndpoints:0 Version:2026-05-22T14:07:36Z/27
2026-05-22T14:07:37.359855Z	info	sync complete	name=istiod analyzer attempt=1 time=50.375µs
2026-05-22T14:07:37.469865Z	info	ads	Push debounce stable[41] 1 for config EnvoyFilter/echo/tier2-gg-default-upstream-traffic-setting: 100.740292ms since last change, 100.74025ms since last push, full=true
2026-05-22T14:07:37.470225Z	info	ads	XDS: Pushing Services:9 ConnectedEndpoints:0 Version:2026-05-22T14:07:37Z/28
2026-05-22T14:07:38.370565Z	info	sync complete	name=istiod analyzer attempt=1 time=29µs
2026-05-22T14:08:32.559956Z	info	ads	Push debounce stable[42] 4 for config AuthorizationPolicy/echo/allow and 3 more configs: 101.926542ms since last change, 102.746626ms since last push, full=true
2026-05-22T14:08:32.560425Z	info	ads	XDS: Pushing Services:9 ConnectedEndpoints:0 Version:2026-05-22T14:08:32Z/29
2026-05-22T14:08:33.459180Z	info	sync complete	name=istiod analyzer attempt=1 time=37.417µs
2026-05-22T14:08:33.573147Z	info	ads	Push debounce stable[43] 4 for config AuthorizationPolicy/echo/allow and 3 more configs: 100.473209ms since last change, 104.535417ms since last push, full=true
2026-05-22T14:08:33.573521Z	info	ads	XDS: Pushing Services:9 ConnectedEndpoints:0 Version:2026-05-22T14:08:33Z/30
2026-05-22T14:08:34.473081Z	info	sync complete	name=istiod analyzer attempt=1 time=27.417µs
2026-05-22T14:11:29.069817Z	info	ads	Push debounce stable[44] 3 for config Secret/echo/echo-tls-2gsbr and 1 more configs: 101.716459ms since last change, 143.996167ms since last push, full=false
2026-05-22T14:11:29.069888Z	info	ads	XDS: Incremental Pushing ConnectedEndpoints:0 Version:2026-05-22T14:08:33Z/30
2026-05-22T14:11:29.969132Z	info	sync complete	name=istiod analyzer attempt=1 time=40.125µs
2026-05-22T14:11:51.022044Z	info	sync complete	name=istiod analyzer attempt=1 time=29.417µs
2026-05-22T14:11:57.765650Z	info	Process sidecar injection request	path=/inject pod=echo/echo-c68bdcc5d-***** (actual name not yet known)
2026-05-22T14:11:57.765676Z	info	Skipping due to policy check	path=/inject pod=echo/echo-c68bdcc5d-***** (actual name not yet known)
2026-05-22T14:11:57.774297Z	info	model	Incremental push, service echo.echo.svc.cluster.local at shard Kubernetes/cluster-1 has no endpoints
2026-05-22T14:11:57.875202Z	info	ads	Push debounce stable[45] 2 for config ServiceEntry/echo/echo.echo.svc.cluster.local: 100.4555ms since last change, 110.101084ms since last push, full=true
2026-05-22T14:11:57.875365Z	info	ads	XDS: Pushing Services:10 ConnectedEndpoints:0 Version:2026-05-22T14:11:57Z/31
2026-05-22T14:11:58.656032Z	info	model	Full push, new service echo/echo.echo.svc.cluster.local
2026-05-22T14:11:58.757237Z	info	ads	Push debounce stable[46] 1 for config ServiceEntry/echo/echo.echo.svc.cluster.local: 101.079209ms since last change, 101.079167ms since last push, full=true
2026-05-22T14:11:58.757397Z	info	ads	XDS: Pushing Services:10 ConnectedEndpoints:0 Version:2026-05-22T14:11:58Z/32
2026-05-22T14:11:59.660153Z	info	sync complete	name=istiod analyzer attempt=1 time=28.334µs
2026-05-22T14:11:59.766983Z	info	ads	Push debounce stable[47] 1 for config VirtualService/echo/vs-echo-tetrate-io: 100.539625ms since last change, 100.539542ms since last push, full=true
2026-05-22T14:11:59.767163Z	info	ads	XDS: Pushing Services:10 ConnectedEndpoints:0 Version:2026-05-22T14:11:59Z/33
2026-05-22T14:12:00.668209Z	info	sync complete	name=istiod analyzer attempt=1 time=26.917µs
2026-05-22T14:12:08.661230Z	info	Process sidecar injection request	path=/inject pod=echo/echo-gateway-5f4f69f4cf-***** (actual name not yet known)
2026-05-22T14:12:08.668856Z	info	model	Incremental push, service echo-gateway.echo.svc.cluster.local at shard Kubernetes/cluster-1 has no endpoints
2026-05-22T14:12:08.671959Z	info	model	reloading network gateways
2026-05-22T14:12:08.671983Z	info	model	gateways changed, triggering push
2026-05-22T14:12:08.772744Z	info	ads	Push debounce stable[48] 5 for config ServiceEntry/echo/echo-gateway.echo.svc.cluster.local: 100.724125ms since last change, 107.378417ms since last push, full=true
2026-05-22T14:12:08.773897Z	info	ads	XDS: Pushing Services:11 ConnectedEndpoints:0 Version:2026-05-22T14:12:08Z/34
2026-05-22T14:12:09.172106Z	info	delta	ADS: new delta connection for node:echo-gateway-5f4f69f4cf-55m67.echo-125
2026-05-22T14:12:09.172255Z	info	delta	CDS: PUSH request for node:echo-gateway-5f4f69f4cf-55m67.echo resources:2 removed:0 size:1.1kB cached:0/1
2026-05-22T14:12:09.175272Z	info	delta	EDS: PUSH request for node:echo-gateway-5f4f69f4cf-55m67.echo resources:1 removed:0 size:168B empty:0 cached:0/1 filtered:0
2026-05-22T14:12:09.179186Z	info	delta	LDS: PUSH request for node:echo-gateway-5f4f69f4cf-55m67.echo resources:1 removed:0 size:2.7kB
2026-05-22T14:12:09.675945Z	info	model	Full push, new service echo/echo-gateway.echo.svc.cluster.local
2026-05-22T14:12:09.677834Z	info	delta	CDS: PUSH for node:echo-gateway-5f4f69f4cf-55m67.echo resources:2 removed:0 size:1.1kB cached:0/1
2026-05-22T14:12:09.677976Z	info	delta	EDS: PUSH for node:echo-gateway-5f4f69f4cf-55m67.echo resources:1 removed:0 size:168B empty:0 cached:0/1
2026-05-22T14:12:09.678127Z	info	delta	LDS: PUSH for node:echo-gateway-5f4f69f4cf-55m67.echo resources:1 removed:0 size:2.7kB
2026-05-22T14:12:09.701782Z	info	model	Cache Update, new service xcp-multicluster/echo.tetrate.io
2026-05-22T14:12:09.808121Z	info	ads	Push debounce stable[49] 4 for config ServiceEntry/echo/echo-gateway.echo.svc.cluster.local and 1 more configs: 101.037791ms since last change, 132.136542ms since last push, full=true
2026-05-22T14:12:09.808292Z	info	ads	XDS: Pushing Services:12 ConnectedEndpoints:1 Version:2026-05-22T14:12:09Z/35
2026-05-22T14:12:09.808457Z	info	delta	CDS: PUSH for node:echo-gateway-5f4f69f4cf-55m67.echo resources:2 removed:0 size:1.1kB cached:1/1
2026-05-22T14:12:09.808583Z	info	delta	LDS: PUSH for node:echo-gateway-5f4f69f4cf-55m67.echo resources:1 removed:0 size:2.7kB
2026-05-22T14:12:10.707133Z	info	sync complete	name=istiod analyzer attempt=1 time=27µs
2026-05-22T14:12:10.815968Z	info	ads	Push debounce stable[50] 2 for config AuthorizationPolicy/echo/allow and 1 more configs: 101.67925ms since last change, 102.301125ms since last push, full=true
2026-05-22T14:12:10.816148Z	info	ads	XDS: Pushing Services:12 ConnectedEndpoints:1 Version:2026-05-22T14:12:10Z/36
2026-05-22T14:12:10.816399Z	info	delta	CDS: PUSH for node:echo-gateway-5f4f69f4cf-55m67.echo resources:2 removed:0 size:1.1kB cached:1/1
2026-05-22T14:12:10.816532Z	info	delta	LDS: PUSH for node:echo-gateway-5f4f69f4cf-55m67.echo resources:1 removed:0 size:2.7kB
2026-05-22T14:12:11.715003Z	info	sync complete	name=istiod analyzer attempt=1 time=26.75µs
2026-05-22T14:16:57.019277Z	info	sync complete	name=istiod analyzer attempt=1 time=28.833µs
2026-05-22T14:22:02.344824Z	info	sync complete	name=istiod analyzer attempt=1 time=26.125µs
2026-05-22T14:22:50.983388Z	info	ads	Push debounce stable[51] 1 for config Secret/echo/echo-tls: 101.192625ms since last change, 101.192625ms since last push, full=false
2026-05-22T14:22:50.983458Z	info	ads	XDS: Incremental Pushing ConnectedEndpoints:1 Version:2026-05-22T14:12:10Z/36
2026-05-22T14:22:51.883608Z	info	sync complete	name=istiod analyzer attempt=1 time=25.75µs
2026-05-22T14:23:41.618981Z	info	Process sidecar injection request	path=/inject pod=echo/echo-c68bdcc5d-***** (actual name not yet known)
2026-05-22T14:23:41.619002Z	info	Skipping due to policy check	path=/inject pod=echo/echo-c68bdcc5d-***** (actual name not yet known)
2026-05-22T14:23:41.694347Z	info	model	Incremental push, service echo.echo.svc.cluster.local at shard Kubernetes/cluster-1 has no endpoints
2026-05-22T14:23:41.794430Z	info	ads	Push debounce stable[52] 2 for config ServiceEntry/echo/echo.echo.svc.cluster.local: 100.048542ms since last change, 178.212708ms since last push, full=false
2026-05-22T14:23:41.794478Z	info	ads	XDS: Incremental Pushing ConnectedEndpoints:1 Version:2026-05-22T14:12:10Z/36
2026-05-22T14:23:43.003440Z	info	sync complete	name=istiod analyzer attempt=1 time=28.833µs
2026-05-22T14:24:20.946498Z	info	ads	Push debounce stable[53] 3 for config Secret/echo/echo-tls-djrrd and 1 more configs: 100.51875ms since last change, 134.79325ms since last push, full=false
2026-05-22T14:24:20.946549Z	info	ads	XDS: Incremental Pushing ConnectedEndpoints:1 Version:2026-05-22T14:12:10Z/36
2026-05-22T14:24:21.848196Z	info	sync complete	name=istiod analyzer attempt=1 time=26.417µs
2026-05-22T14:24:46.904630Z	info	ads	Push debounce stable[54] 1 for config ServiceEntry/echo/echo.echo.svc.cluster.local: 100.50425ms since last change, 100.504209ms since last push, full=false
2026-05-22T14:24:46.904721Z	info	ads	XDS: Incremental Pushing ConnectedEndpoints:1 Version:2026-05-22T14:12:10Z/36
2026-05-22T14:24:47.806660Z	info	sync complete	name=istiod analyzer attempt=1 time=34.583µs
2026-05-22T14:24:57.067313Z	info	Process sidecar injection request	path=/inject pod=echo/echo-c68bdcc5d-***** (actual name not yet known)
2026-05-22T14:24:57.067358Z	info	Skipping due to policy check	path=/inject pod=echo/echo-c68bdcc5d-***** (actual name not yet known)
2026-05-22T14:24:57.166591Z	info	ads	Push debounce stable[55] 1 for config ServiceEntry/echo/echo.echo.svc.cluster.local: 100.383333ms since last change, 100.383333ms since last push, full=false
2026-05-22T14:24:57.166690Z	info	ads	XDS: Incremental Pushing ConnectedEndpoints:1 Version:2026-05-22T14:12:10Z/36
2026-05-22T14:24:57.169507Z	info	model	Incremental push, service echo.echo.svc.cluster.local at shard Kubernetes/cluster-1 has no endpoints
2026-05-22T14:24:57.270695Z	info	ads	Push debounce stable[56] 1 for config ServiceEntry/echo/echo.echo.svc.cluster.local: 101.119709ms since last change, 101.119667ms since last push, full=false
2026-05-22T14:24:57.270835Z	info	ads	XDS: Incremental Pushing ConnectedEndpoints:1 Version:2026-05-22T14:12:10Z/36
2026-05-22T14:24:57.919760Z	info	ads	Push debounce stable[57] 1 for config ServiceEntry/echo/echo.echo.svc.cluster.local: 100.405542ms since last change, 100.4055ms since last push, full=false
2026-05-22T14:24:57.919812Z	info	ads	XDS: Incremental Pushing ConnectedEndpoints:1 Version:2026-05-22T14:12:10Z/36
2026-05-22T14:24:58.824988Z	info	sync complete	name=istiod analyzer attempt=1 time=24.167µs
2026-05-22T14:27:08.434481Z	info	sync complete	name=istiod analyzer attempt=1 time=30.958µs
2026-05-22T14:32:13.635089Z	info	sync complete	name=istiod analyzer attempt=1 time=39.916µs
2026-05-22T14:37:19.472611Z	info	sync complete	name=istiod analyzer attempt=1 time=30.083µs
2026-05-22T14:41:43.985995Z	info	delta	ADS: "10.20.0.22:54008" echo-gateway-5f4f69f4cf-55m67.echo-125 terminated
2026-05-22T14:41:44.290743Z	info	delta	ADS: new delta connection for node:echo-gateway-5f4f69f4cf-55m67.echo-126
2026-05-22T14:41:44.291034Z	info	delta	CDS: PUSH request for node:echo-gateway-5f4f69f4cf-55m67.echo resources:2 removed:0 size:1.1kB cached:1/1 filtered:0
2026-05-22T14:41:44.291667Z	info	delta	EDS: PUSH request for node:echo-gateway-5f4f69f4cf-55m67.echo resources:1 removed:0 size:168B empty:0 cached:1/1 filtered:0
2026-05-22T14:41:44.292027Z	info	delta	LDS: PUSH request for node:echo-gateway-5f4f69f4cf-55m67.echo resources:1 removed:0 size:2.7kB filtered:0
2026-05-22T14:42:26.482101Z	info	sync complete	name=istiod analyzer attempt=1 time=38.042µs
2026-05-22T17:35:16.564556Z	info	sync complete	name=istiod analyzer attempt=1 time=44.708µs
2026-05-22T17:40:20.744028Z	info	sync complete	name=istiod analyzer attempt=1 time=29.375µs
2026-05-22T17:45:26.209169Z	info	sync complete	name=istiod analyzer attempt=1 time=31.459µs
2026-05-22T17:50:33.463095Z	info	sync complete	name=istiod analyzer attempt=1 time=26.334µs
2026-05-22T17:58:44.954656Z	info	sync complete	name=istiod analyzer attempt=1 time=25.709µs
2026-05-22T18:00:48.963407Z	info	delta	ADS: "10.20.0.22:36488" echo-gateway-5f4f69f4cf-55m67.echo-126 terminated
2026-05-22T18:00:49.058280Z	info	delta	ADS: new delta connection for node:echo-gateway-5f4f69f4cf-55m67.echo-127
2026-05-22T18:00:49.058559Z	info	delta	CDS: PUSH request for node:echo-gateway-5f4f69f4cf-55m67.echo resources:2 removed:0 size:1.1kB cached:1/1 filtered:0
2026-05-22T18:00:49.058595Z	info	delta	EDS: PUSH request for node:echo-gateway-5f4f69f4cf-55m67.echo resources:1 removed:0 size:168B empty:0 cached:1/1 filtered:0
2026-05-22T18:00:49.059041Z	info	delta	LDS: PUSH request for node:echo-gateway-5f4f69f4cf-55m67.echo resources:1 removed:0 size:2.7kB filtered:0
2026-05-22T18:03:50.732797Z	info	sync complete	name=istiod analyzer attempt=1 time=29.083µs
2026-05-22T18:08:56.216905Z	info	sync complete	name=istiod analyzer attempt=1 time=31.042µs
2026-05-22T18:14:02.415233Z	info	sync complete	name=istiod analyzer attempt=1 time=31.25µs
2026-05-22T18:19:08.135580Z	info	sync complete	name=istiod analyzer attempt=1 time=27.583µs
2026-05-22T18:24:14.162722Z	info	sync complete	name=istiod analyzer attempt=1 time=38.125µs
2026-05-22T19:08:06.148766Z	info	sync complete	name=istiod analyzer attempt=1 time=26µs
2026-05-22T19:12:26.493878Z	info	delta	ADS: "10.20.0.22:55252" echo-gateway-5f4f69f4cf-55m67.echo-127 terminated
2026-05-22T19:12:26.845943Z	info	delta	ADS: new delta connection for node:echo-gateway-5f4f69f4cf-55m67.echo-128
2026-05-22T19:12:26.846203Z	info	delta	CDS: PUSH request for node:echo-gateway-5f4f69f4cf-55m67.echo resources:2 removed:0 size:1.1kB cached:1/1 filtered:0
2026-05-22T19:12:26.846415Z	info	delta	EDS: PUSH request for node:echo-gateway-5f4f69f4cf-55m67.echo resources:1 removed:0 size:168B empty:0 cached:1/1 filtered:0
2026-05-22T19:12:26.847729Z	info	delta	LDS: PUSH request for node:echo-gateway-5f4f69f4cf-55m67.echo resources:1 removed:0 size:2.7kB filtered:0
2026-05-22T19:13:12.283209Z	info	sync complete	name=istiod analyzer attempt=1 time=26.542µs
2026-05-22T19:18:19.629638Z	info	sync complete	name=istiod analyzer attempt=1 time=30.417µs
2026-05-22T19:19:11.299149Z	info	ads	Push debounce stable[58] 1 for config Secret/kube-system/bootstrap-token-abcdef: 100.499917ms since last change, 100.499875ms since last push, full=false
2026-05-22T19:19:11.299241Z	info	ads	XDS: Incremental Pushing ConnectedEndpoints:1 Version:2026-05-22T14:12:10Z/36
2026-05-22T19:19:12.199246Z	info	sync complete	name=istiod analyzer attempt=1 time=32.125µs
2026-05-22T19:23:25.305881Z	info	sync complete	name=istiod analyzer attempt=1 time=34.625µs
2026-05-22T19:28:31.774682Z	info	sync complete	name=istiod analyzer attempt=1 time=25.75µs
2026-05-22T19:33:37.148784Z	info	sync complete	name=istiod analyzer attempt=1 time=71.041µs
2026-05-22T19:38:43.778351Z	info	sync complete	name=istiod analyzer attempt=1 time=27.084µs
2026-05-22T19:42:12.809517Z	info	delta	ADS: "10.20.0.22:60210" echo-gateway-5f4f69f4cf-55m67.echo-128 terminated
2026-05-22T19:42:13.004075Z	info	delta	ADS: new delta connection for node:echo-gateway-5f4f69f4cf-55m67.echo-129
2026-05-22T19:42:13.004186Z	info	delta	CDS: PUSH request for node:echo-gateway-5f4f69f4cf-55m67.echo resources:2 removed:0 size:1.1kB cached:1/1 filtered:0
2026-05-22T19:42:13.005460Z	info	delta	EDS: PUSH request for node:echo-gateway-5f4f69f4cf-55m67.echo resources:1 removed:0 size:168B empty:0 cached:1/1 filtered:0
2026-05-22T19:42:13.005620Z	info	delta	LDS: PUSH request for node:echo-gateway-5f4f69f4cf-55m67.echo resources:1 removed:0 size:2.7kB filtered:0
2026-05-22T19:43:50.154916Z	info	sync complete	name=istiod analyzer attempt=1 time=31.667µs
2026-05-22T19:48:57.227318Z	info	sync complete	name=istiod analyzer attempt=1 time=36µs
2026-05-22T19:54:02.725027Z	info	sync complete	name=istiod analyzer attempt=1 time=26.458µs
2026-05-22T21:59:25.637305Z	info	sync complete	name=istiod analyzer attempt=1 time=43.5µs
2026-05-22T22:04:32.069274Z	info	sync complete	name=istiod analyzer attempt=1 time=58.917µs
2026-05-22T22:09:39.069696Z	info	sync complete	name=istiod analyzer attempt=1 time=191.041µs
2026-05-22T22:11:50.396958Z	info	delta	ADS: "10.20.0.22:37676" echo-gateway-5f4f69f4cf-55m67.echo-129 terminated
2026-05-22T22:11:50.588062Z	info	delta	ADS: new delta connection for node:echo-gateway-5f4f69f4cf-55m67.echo-130
2026-05-22T22:11:50.588289Z	info	delta	CDS: PUSH request for node:echo-gateway-5f4f69f4cf-55m67.echo resources:2 removed:0 size:1.1kB cached:1/1 filtered:0
2026-05-22T22:11:50.589035Z	info	delta	EDS: PUSH request for node:echo-gateway-5f4f69f4cf-55m67.echo resources:1 removed:0 size:168B empty:0 cached:1/1 filtered:0
2026-05-22T22:11:50.590082Z	info	delta	LDS: PUSH request for node:echo-gateway-5f4f69f4cf-55m67.echo resources:1 removed:0 size:2.7kB filtered:0
2026-05-22T22:14:44.628470Z	info	sync complete	name=istiod analyzer attempt=1 time=63.417µs
2026-05-22T22:19:49.499905Z	info	sync complete	name=istiod analyzer attempt=1 time=62.5µs
2026-05-22T22:24:55.623981Z	info	sync complete	name=istiod analyzer attempt=1 time=65.25µs
2026-05-22T22:30:01.016991Z	info	sync complete	name=istiod analyzer attempt=1 time=62.541µs
2026-05-22T22:35:08.145951Z	info	sync complete	name=istiod analyzer attempt=1 time=67.166µs
2026-05-22T22:40:13.615401Z	info	sync complete	name=istiod analyzer attempt=1 time=77.75µs
2026-05-22T22:42:25.573851Z	info	delta	ADS: "10.20.0.22:50904" echo-gateway-5f4f69f4cf-55m67.echo-130 terminated
2026-05-22T22:42:26.057973Z	info	delta	ADS: new delta connection for node:echo-gateway-5f4f69f4cf-55m67.echo-131
2026-05-22T22:42:26.058177Z	info	delta	CDS: PUSH request for node:echo-gateway-5f4f69f4cf-55m67.echo resources:2 removed:0 size:1.1kB cached:1/1 filtered:0
2026-05-22T22:42:26.058442Z	info	delta	EDS: PUSH request for node:echo-gateway-5f4f69f4cf-55m67.echo resources:1 removed:0 size:168B empty:0 cached:1/1 filtered:0
2026-05-22T22:42:26.058904Z	info	delta	LDS: PUSH request for node:echo-gateway-5f4f69f4cf-55m67.echo resources:1 removed:0 size:2.7kB filtered:0
2026-05-22T22:45:19.718891Z	info	sync complete	name=istiod analyzer attempt=1 time=67.709µs
2026-05-22T22:50:25.259856Z	info	sync complete	name=istiod analyzer attempt=1 time=67.833µs
2026-05-22T22:55:32.464579Z	info	sync complete	name=istiod analyzer attempt=1 time=73.875µs
2026-05-23T03:39:27.064684Z	info	sync complete	name=istiod analyzer attempt=1 time=57.583µs
2026-05-23T06:31:51.483404Z	info	Process sidecar injection request	path=/inject pod=echo/echo-gateway-5f4f69f4cf-***** (actual name not yet known)
2026-05-23T06:31:52.522460Z	info	sync complete	name=istiod analyzer attempt=1 time=120.083µs
2026-05-23T06:31:52.689976Z	info	delta	ADS: new delta connection for node:echo-gateway-5f4f69f4cf-gn2sg.echo-132
2026-05-23T06:31:52.690521Z	info	delta	CDS: PUSH request for node:echo-gateway-5f4f69f4cf-gn2sg.echo resources:2 removed:0 size:1.1kB cached:1/1
2026-05-23T06:31:52.696969Z	info	delta	EDS: PUSH request for node:echo-gateway-5f4f69f4cf-gn2sg.echo resources:1 removed:0 size:168B empty:0 cached:1/1 filtered:0
2026-05-23T06:31:52.751332Z	info	delta	LDS: PUSH request for node:echo-gateway-5f4f69f4cf-gn2sg.echo resources:1 removed:0 size:2.7kB
2026-05-23T06:31:53.128397Z	info	delta	CDS: PUSH for node:echo-gateway-5f4f69f4cf-gn2sg.echo resources:2 removed:0 size:1.1kB cached:1/1
2026-05-23T06:31:53.128560Z	info	delta	EDS: PUSH for node:echo-gateway-5f4f69f4cf-gn2sg.echo resources:1 removed:0 size:168B empty:0 cached:1/1
2026-05-23T06:31:53.129150Z	info	delta	LDS: PUSH for node:echo-gateway-5f4f69f4cf-gn2sg.echo resources:1 removed:0 size:2.7kB
2026-05-23T06:31:53.305513Z	info	ads	Push debounce stable[59] 1 for config ServiceEntry/echo/echo-gateway.echo.svc.cluster.local: 141.03575ms since last change, 141.035709ms since last push, full=false
2026-05-23T06:31:53.305690Z	info	ads	XDS: Incremental Pushing ConnectedEndpoints:2 Version:2026-05-22T14:12:10Z/36
2026-05-23T06:31:54.488512Z	info	sync complete	name=istiod analyzer attempt=1 time=132.958µs
2026-05-23T06:31:56.451704Z	info	sync complete	name=istiod analyzer attempt=1 time=147.334µs
2026-05-23T06:36:51.442645Z	info	sync complete	name=istiod analyzer attempt=1 time=26.375µs
2026-05-23T06:39:16.596932Z	info	sync complete	name=istiod analyzer attempt=1 time=26.333µs
2026-05-23T06:39:25.707460Z	info	ads	Push debounce stable[60] 1 for config ServiceEntry/echo/echo-gateway.echo.svc.cluster.local: 100.735834ms since last change, 100.735792ms since last push, full=false
2026-05-23T06:39:25.707527Z	info	ads	XDS: Incremental Pushing ConnectedEndpoints:2 Version:2026-05-22T14:12:10Z/36
2026-05-23T06:39:26.615584Z	info	sync complete	name=istiod analyzer attempt=1 time=30.166µs
2026-05-23T06:39:31.612762Z	info	delta	ADS: "10.20.0.25:55890" echo-gateway-5f4f69f4cf-gn2sg.echo-132 terminated
2026-05-23T06:39:31.797601Z	info	ads	Push debounce stable[61] 1 for config ServiceEntry/echo/echo-gateway.echo.svc.cluster.local: 101.075959ms since last change, 101.075917ms since last push, full=false
2026-05-23T06:39:31.797653Z	info	ads	XDS: Incremental Pushing ConnectedEndpoints:1 Version:2026-05-22T14:12:10Z/36
2026-05-23T06:39:33.394759Z	info	sync complete	name=istiod analyzer attempt=1 time=25.792µs
2026-05-23T06:41:57.780171Z	info	sync complete	name=istiod analyzer attempt=1 time=27.417µs
2026-05-23T06:42:19.490672Z	info	delta	ADS: "10.20.0.22:36554" echo-gateway-5f4f69f4cf-55m67.echo-131 terminated
2026-05-23T06:42:19.792565Z	info	delta	ADS: new delta connection for node:echo-gateway-5f4f69f4cf-55m67.echo-133
2026-05-23T06:42:19.792798Z	info	delta	CDS: PUSH request for node:echo-gateway-5f4f69f4cf-55m67.echo resources:2 removed:0 size:1.1kB cached:1/1 filtered:0
2026-05-23T06:42:19.793005Z	info	delta	EDS: PUSH request for node:echo-gateway-5f4f69f4cf-55m67.echo resources:1 removed:0 size:168B empty:0 cached:1/1 filtered:0
2026-05-23T06:42:19.793488Z	info	delta	LDS: PUSH request for node:echo-gateway-5f4f69f4cf-55m67.echo resources:1 removed:0 size:2.7kB filtered:0
2026-05-23T06:44:58.797963Z	info	Process sidecar injection request	path=/inject pod=echo/echo-6d455455d9-***** (actual name not yet known)
2026-05-23T06:44:59.819025Z	info	sync complete	name=istiod analyzer attempt=1 time=31.083µs
2026-05-23T06:45:00.170616Z	info	delta	ADS: new delta connection for node:echo-6d455455d9-mjsm9.echo-134
2026-05-23T06:45:00.171200Z	info	delta	CDS: PUSH request for node:echo-6d455455d9-mjsm9.echo resources:24 removed:0 size:25.1kB cached:0/20
2026-05-23T06:45:00.178379Z	info	delta	EDS: PUSH request for node:echo-6d455455d9-mjsm9.echo resources:20 removed:0 size:4.2kB empty:0 cached:0/20 filtered:0
2026-05-23T06:45:00.185398Z	info	delta	LDS: PUSH request for node:echo-6d455455d9-mjsm9.echo resources:22 removed:0 size:78.1kB
2026-05-23T06:45:00.185501Z	info	delta	NDS: PUSH request for node:echo-6d455455d9-mjsm9.echo resources:1 removed:0 size:1.2kB
2026-05-23T06:45:00.194563Z	info	delta	RDS: PUSH request for node:echo-6d455455d9-mjsm9.echo resources:9 removed:0 size:7.0kB cached:0/9 filtered:0
2026-05-23T06:45:00.858842Z	info	sync complete	name=istiod analyzer attempt=1 time=36.584µs
2026-05-23T06:45:02.865834Z	info	delta	CDS: PUSH for node:echo-6d455455d9-mjsm9.echo resources:24 removed:0 size:25.1kB cached:0/20
2026-05-23T06:45:02.865985Z	info	delta	EDS: PUSH for node:echo-6d455455d9-mjsm9.echo resources:20 removed:0 size:4.2kB empty:0 cached:0/20
2026-05-23T06:45:02.866569Z	info	delta	LDS: PUSH for node:echo-6d455455d9-mjsm9.echo resources:22 removed:0 size:78.1kB
2026-05-23T06:45:02.866919Z	info	delta	RDS: PUSH for node:echo-6d455455d9-mjsm9.echo resources:9 removed:0 size:7.0kB cached:0/9
2026-05-23T06:45:02.866951Z	info	delta	NDS: PUSH for node:echo-6d455455d9-mjsm9.echo resources:1 removed:0 size:1.2kB
2026-05-23T06:45:03.055934Z	info	ads	Push debounce stable[62] 3 for config ServiceEntry/echo/echo.echo.svc.cluster.local: 100.210792ms since last change, 187.443459ms since last push, full=false
2026-05-23T06:45:03.056018Z	info	ads	XDS: Incremental Pushing ConnectedEndpoints:2 Version:2026-05-22T14:12:10Z/36
2026-05-23T06:45:04.874007Z	info	sync complete	name=istiod analyzer attempt=1 time=33.084µs
