2026-05-27T07:04:51.802929Z	info	FLAG: --caCertFile=""
2026-05-27T07:04:51.803012Z	info	FLAG: --clusterAliases="[]"
2026-05-27T07:04:51.803014Z	info	FLAG: --clusterID="cluster-2"
2026-05-27T07:04:51.803015Z	info	FLAG: --clusterRegistriesNamespace="istio-system"
2026-05-27T07:04:51.803016Z	info	FLAG: --cniNamespace="istio-system"
2026-05-27T07:04:51.803020Z	info	FLAG: --configDir=""
2026-05-27T07:04:51.803021Z	info	FLAG: --ctrlz_address="localhost"
2026-05-27T07:04:51.803024Z	info	FLAG: --ctrlz_port="9876"
2026-05-27T07:04:51.803026Z	info	FLAG: --domain="cluster.local"
2026-05-27T07:04:51.803029Z	info	FLAG: --grpcAddr=":15010"
2026-05-27T07:04:51.803033Z	info	FLAG: --help="false"
2026-05-27T07:04:51.803035Z	info	FLAG: --httpAddr=":8080"
2026-05-27T07:04:51.803036Z	info	FLAG: --httpsAddr=":15017"
2026-05-27T07:04:51.803037Z	info	FLAG: --keepaliveInterval="30s"
2026-05-27T07:04:51.803040Z	info	FLAG: --keepaliveMaxServerConnectionAge="30m0s"
2026-05-27T07:04:51.803041Z	info	FLAG: --keepaliveTimeout="10s"
2026-05-27T07:04:51.803042Z	info	FLAG: --kubeconfig=""
2026-05-27T07:04:51.803043Z	info	FLAG: --kubernetesApiBurst="160"
2026-05-27T07:04:51.803047Z	info	FLAG: --kubernetesApiQPS="80"
2026-05-27T07:04:51.803048Z	info	FLAG: --log_as_json="false"
2026-05-27T07:04:51.803049Z	info	FLAG: --log_caller=""
2026-05-27T07:04:51.803050Z	info	FLAG: --log_output_level="default:info"
2026-05-27T07:04:51.803051Z	info	FLAG: --log_stacktrace_level="default:none"
2026-05-27T07:04:51.803055Z	info	FLAG: --log_target="[stdout]"
2026-05-27T07:04:51.803056Z	info	FLAG: --meshConfig="./etc/istio/config/mesh"
2026-05-27T07:04:51.803057Z	info	FLAG: --monitoringAddr=":15014"
2026-05-27T07:04:51.803058Z	info	FLAG: --namespace="istio-system"
2026-05-27T07:04:51.803062Z	info	FLAG: --networksConfig="./etc/istio/config/meshNetworks"
2026-05-27T07:04:51.803063Z	info	FLAG: --profile="true"
2026-05-27T07:04:51.803065Z	info	FLAG: --registries="[Kubernetes]"
2026-05-27T07:04:51.803066Z	info	FLAG: --secureGRPCAddr=":15012"
2026-05-27T07:04:51.803067Z	info	FLAG: --shutdownDuration="10s"
2026-05-27T07:04:51.803070Z	info	FLAG: --tls-cipher-suites="[]"
2026-05-27T07:04:51.803085Z	info	FLAG: --tlsCertFile=""
2026-05-27T07:04:51.803087Z	info	FLAG: --tlsKeyFile=""
2026-05-27T07:04:51.803090Z	info	FLAG: --vklog="0"
2026-05-27T07:04:51.812846Z	info	initializing Istiod admin server
2026-05-27T07:04:51.816589Z	info	initializing mesh configuration ./etc/istio/config/mesh
2026-05-27T07:04:51.816788Z	info	sync complete	name=MeshConfig attempt=1 time=500ns
2026-05-27T07:04:51.816828Z	info	sync complete	name=MeshConfig attempt=1 time=167ns
2026-05-27T07:04:51.816869Z	info	starting HTTP service at [::]:8080
2026-05-27T07:04:51.817242Z	info	sync complete	name=ConfigMap_istio-stable_mesh attempt=1 time=125ns
2026-05-27T07:04:51.817284Z	info	sync complete	name=ConfigMap_istio-stable_mesh attempt=1 time=83ns
2026-05-27T07:04:51.825223Z	info	sync complete	name=ConfigMap_istio-stable attempt=3 time=8.315416ms
2026-05-27T07:04:51.825259Z	info	krt	ConfigMap_istio-stable synced	owner=ConfigMap_istio-stable
2026-05-27T07:04:51.829226Z	info	sync complete	name=ConfigMap_istio-stable handler attempt=2 time=3.894833ms
2026-05-27T07:04:51.829297Z	info	krt	ConfigMap_istio-stable_mesh synced (uid 4)	owner=ConfigMap_istio-stable_mesh
2026-05-27T07:04:51.830346Z	info	krt	MeshConfig synced (uid 6)	owner=MeshConfig
2026-05-27T07:04:51.830692Z	info	mesh configuration: accessLogFile: /dev/stdout
accessLogFormat: |
  [%START_TIME%] "%REQ(:METHOD)% %REQ(X-ENVOY-ORIGINAL-PATH?:PATH)% %PROTOCOL%" %RESPONSE_CODE% %RESPONSE_FLAGS% %RESPONSE_CODE_DETAILS% %CONNECTION_TERMINATION_DETAILS% "%UPSTREAM_TRANSPORT_FAILURE_REASON%" %BYTES_RECEIVED% %BYTES_SENT% %DURATION% %RESP(X-ENVOY-UPSTREAM-SERVICE-TIME)% "%REQ(X-FORWARDED-FOR)%" "%REQ(USER-AGENT)%" "%REQ(X-REQUEST-ID)%" "%REQ(:AUTHORITY)%" "%UPSTREAM_HOST%" %UPSTREAM_CLUSTER% %UPSTREAM_LOCAL_ADDRESS% %DOWNSTREAM_LOCAL_ADDRESS% %DOWNSTREAM_REMOTE_ADDRESS% %REQUESTED_SERVER_NAME% %ROUTE_NAME%
connectTimeout: 10s
defaultConfig:
  binaryPath: /usr/local/bin/envoy
  configPath: ./etc/istio/proxy
  controlPlaneAuthPolicy: MUTUAL_TLS
  discoveryAddress: istiod-stable.istio-system.svc:15012
  drainDuration: 45s
  holdApplicationUntilProxyStarts: true
  proxyAdminPort: 15000
  proxyMetadata:
    EXIT_ON_ZERO_ACTIVE_CONNECTIONS: "true"
    ISTIO_META_DNS_CAPTURE: "true"
  serviceCluster: istio-proxy
  statNameLength: 189
  statusPort: 15020
  terminationDrainDuration: 5s
  tracing:
    customTags:
      cluster:
        literal:
          value: cluster-2
defaultDestinationRuleExportTo:
- '*'
defaultProviders:
  metrics:
  - prometheus
defaultServiceExportTo:
- '*'
defaultVirtualServiceExportTo:
- '*'
discoverySelectors:
- matchLabels:
    istio.io/rev: stable
- matchLabels:
    tetrate.io/rev: stable
- matchExpressions:
  - key: istio.io/rev
    operator: DoesNotExist
dnsRefreshRate: 60s
enableAutoMtls: true
enableEnvoyAccessLogService: true
enablePrometheusMerge: true
enableTracing: true
extensionProviders:
- name: prometheus
  prometheus: {}
- name: stackdriver
  stackdriver: {}
- envoyFileAccessLog:
    path: /dev/stdout
  name: envoy
inboundTrafficPolicy: {}
ingressClass: istio
ingressControllerMode: STRICT
ingressService: istio-ingressgateway
localityLbSetting:
  enabled: true
outboundTrafficPolicy:
  mode: ALLOW_ANY
protocolDetectionTimeout: 0s
proxyInboundListenPort: 15006
proxyListenPort: 15001
rootNamespace: istio-system
trustDomain: cluster.local
trustDomainAliases:
- cluster.local

2026-05-27T07:04:51.830699Z	info	version: 1.28.3-3b82a7d635-3b82a7d6352fc165489aa5c5be1077c6b705b4c9-Clean
2026-05-27T07:04:51.830900Z	info	flags: CniNamespace: istio-system
CtrlZOptions:
  Address: localhost
  EnablePprof: false
  Port: 9876
DiscoveryRevisions:
  global: {}
  stable: {}
InjectionOptions:
  InjectionDirectory: ./var/lib/istio/inject
JwtRule: ""
KeepaliveOptions:
  MaxServerConnectionAge: 1800000000000
  MaxServerConnectionAgeGrace: 10000000000
  Time: 30000000000
  Timeout: 10000000000
MeshConfigFile: ./etc/istio/config/mesh
Namespace: istio-system
NetworksConfigFile: ./etc/istio/config/meshNetworks
PodName: istiod-stable-5bfdbff5cf-ddz5j
RegistryOptions:
  ClusterRegistriesNamespace: istio-system
  FileDir: ""
  KubeConfig: ""
  KubeOptions:
    ClusterAliases: {}
    ClusterID: cluster-2
    CniNamespace: ""
    ConfigCluster: false
    DiscoveryRevisions:
      global: {}
      stable: {}
    DomainSuffix: cluster.local
    KrtDebugger: null
    KubernetesAPIBurst: 160
    KubernetesAPIQPS: 80
    MeshNetworksWatcher: null
    MeshServiceController: null
    MeshWatcher: null
    Metrics: null
    Revision: stable
    StatusWritingEnabled: null
    SyncTimeout: 0
    SystemNamespace: ""
    XDSUpdater: null
  Registries:
  - Kubernetes
Revision: stable
ServerOptions:
  EnableProfiling: true
  GRPCAddr: :15010
  HTTPAddr: :8080
  HTTPSAddr: :15017
  MonitoringAddr: :15014
  SecureGRPCAddr: :15012
  TLSOptions:
    CaCertFile: ""
    CertFile: ""
    CipherSuites: null
    KeyFile: ""
    TLSCipherSuites: null
ShutdownDuration: 10000000000

2026-05-27T07:04:51.834257Z	info	sync complete	name=discovery filter attempt=2 time=3.279792ms
2026-05-27T07:04:51.834322Z	info	initializing mesh networks configuration ./etc/istio/config/meshNetworks
2026-05-27T07:04:51.834399Z	info	sync complete	name=MeshNetworks attempt=1 time=208ns
2026-05-27T07:04:51.834431Z	info	sync complete	name=MeshNetworks attempt=1 time=84ns
2026-05-27T07:04:51.834455Z	info	sync complete	name=ConfigMap_istio-stable attempt=1 time=791ns
2026-05-27T07:04:51.834478Z	info	krt	ConfigMap_istio-stable synced	owner=ConfigMap_istio-stable
2026-05-27T07:04:51.834483Z	info	sync complete	name=ConfigMap_istio-stable_meshNetworks attempt=1 time=84ns
2026-05-27T07:04:51.834489Z	info	sync complete	name=ConfigMap_istio-stable_meshNetworks attempt=1 time=41ns
2026-05-27T07:04:51.838426Z	info	sync complete	name=ConfigMap_istio-stable handler attempt=2 time=3.880875ms
2026-05-27T07:04:51.838495Z	info	krt	ConfigMap_istio-stable_meshNetworks synced (uid 9)	owner=ConfigMap_istio-stable_meshNetworks
2026-05-27T07:04:51.838663Z	info	krt	MeshNetworks synced (uid 11)	owner=MeshNetworks
2026-05-27T07:04:51.838690Z	info	mesh networks configuration: {}

2026-05-27T07:04:51.838696Z	info	initializing mesh handlers
2026-05-27T07:04:51.839110Z	info	model	reloading network gateways
2026-05-27T07:04:51.839121Z	info	creating CA and initializing public key
2026-05-27T07:04:51.839148Z	info	Using istiod file format for signing ca files
2026-05-27T07:04:51.839165Z	info	Use local CA certificate
2026-05-27T07:04:51.839767Z	info	Added cacerts files watcher at ./etc/cacerts
2026-05-27T07:04:51.839783Z	info	initializing controllers
2026-05-27T07:04:51.840950Z	info	sync complete	name=gateway/informer/Namespaces attempt=1 time=3.417µs
2026-05-27T07:04:51.841037Z	info	krt	gateway/informer/Namespaces synced	owner=gateway/informer/Namespaces
2026-05-27T07:04:51.841205Z	info	krt	gateway/ListenerSets synced (uid 99)	owner=gateway/ListenerSets
2026-05-27T07:04:51.841253Z	info	krt	gateway/InferenceExtension synced (uid 104)	owner=gateway/InferenceExtension
2026-05-27T07:04:51.841279Z	info	krt	gateway/TCPRoute/count synced (uid 106)	owner=gateway/TCPRoute/count
2026-05-27T07:04:51.841299Z	info	krt	gateway/TCPAncestors synced (uid 107)	owner=gateway/TCPAncestors
2026-05-27T07:04:51.841308Z	info	krt	gateway/TCPRoute synced (uid 109)	owner=gateway/TCPRoute
2026-05-27T07:04:51.841319Z	info	krt	gateway/TLSRoute/count synced (uid 110)	owner=gateway/TLSRoute/count
2026-05-27T07:04:51.841333Z	info	krt	gateway/TLSAncestors synced (uid 111)	owner=gateway/TLSAncestors
2026-05-27T07:04:51.841340Z	info	krt	gateway/TLSRoute synced (uid 113)	owner=gateway/TLSRoute
2026-05-27T07:04:51.841662Z	info	krt	gateway/BackendTrafficPolicy synced (uid 133)	owner=gateway/BackendTrafficPolicy
2026-05-27T07:04:51.843821Z	info	Adding Kubernetes registry adapter
2026-05-27T07:04:51.843866Z	info	Discover server subject alt names: [istio-pilot.istio-system.svc istiod-remote.istio-system.svc istiod-stable.istio-system.svc istiod.istio-system.svc]
2026-05-27T07:04:51.843901Z	info	initializing Istiod DNS certificates host: istiod-stable.istio-system.svc, custom host: 
2026-05-27T07:04:51.896110Z	info	Generating istiod-signed cert for [istio-pilot.istio-system.svc istiod-remote.istio-system.svc istiod-stable.istio-system.svc istiod.istio-system.svc]:
 -----BEGIN CERTIFICATE-----
MIIDsDCCApigAwIBAgIQGzBq7s4HKpT1ZNm/8++9PjANBgkqhkiG9w0BAQsFADA+
MRIwEAYDVQQHEwljbHVzdGVyLTIxDjAMBgNVBAoTBUlzdGlvMRgwFgYDVQQDEw9J
bnRlcm1lZGlhdGUgQ0EwHhcNMjYwNTI3MDcwMjUxWhcNMzYwNTI0MDcwNDUxWjAA
MIIBIjANBgkqhkiG9w0BAQEFAAOCAQ8AMIIBCgKCAQEA8R9WxN9xZgpouQ1gNzfp
nSxdjKtKb6TVEkNh/lpYKn9nhu7M11vhtpfPrbFjPFwwYdzCajLYEzgRhII9kj0e
EjU4YE4Mz0/TQR+fLbVMvNE4EUPz9lxM26uDDvTNqAb8O7AbGXjVBVFcIXt3cXvW
Dnzm4H06mSY5U3ptsI3yyQaIzQh3qbzWSj6onbO450IMuH5goDj0meJeKP50fa/I
nsQ8HlIHmY8LgKXRBzESy3pGAyDmSp/sEY8it2w27EnX/V0RX1FFauUWuVV6Ys0G
X98O93TrjhZGSgiXp957SESRnoUSwBaBDFojIr28mgH+7yWTfoSJ8nNocW2yYx0a
HQIDAQABo4HnMIHkMA4GA1UdDwEB/wQEAwIFoDAdBgNVHSUEFjAUBggrBgEFBQcD
AQYIKwYBBQUHAwIwDAYDVR0TAQH/BAIwADAfBgNVHSMEGDAWgBRZtLODh1e7MO7C
7tp2X49/UBhu2TCBgwYDVR0RAQH/BHkwd4IcaXN0aW8tcGlsb3QuaXN0aW8tc3lz
dGVtLnN2Y4IeaXN0aW9kLXJlbW90ZS5pc3Rpby1zeXN0ZW0uc3Zjgh5pc3Rpb2Qt
c3RhYmxlLmlzdGlvLXN5c3RlbS5zdmOCF2lzdGlvZC5pc3Rpby1zeXN0ZW0uc3Zj
MA0GCSqGSIb3DQEBCwUAA4IBAQC91n823tfYFZQqoUr1sBwuylI72Q80z2WgswMl
UxVgloYf2XIlK9i/XTpy9uVpU22IyXy2ej2gisltW/Cg4lQsMX+85aN5Atxlf0/8
vw4eFqs9k4fadTiYq+7XwOqHC59z/KvRp26Y0GwdeD8xzbyvUXPGy8Jgm4nrDbVo
Dqwp/1DlI5oBMFd/gAHedA0vlO7d9PMIgi7Bp577m74QFOfA4glAzQHJjf9auIRx
FhJGmU4mJl8wIXMRrAx7D0zhtipp6iZ1zF7/hv9E2hwht1G3aBt7q/62Y7QFwwBU
1l/FNExs3zkYYK7RVs/w7kRQccMh3BI1KZr/+EKaMsZCndSe
-----END CERTIFICATE-----
-----BEGIN CERTIFICATE-----
MIIDUjCCAjqgAwIBAgIRAJ3a4183aIz8m3aPwufF+L4wDQYJKoZIhvcNAQELBQAw
ADAeFw0yNjA1MjcwNzA0MTlaFw0yNzA1MjcwNzA0MTlaMD4xEjAQBgNVBAcTCWNs
dXN0ZXItMjEOMAwGA1UEChMFSXN0aW8xGDAWBgNVBAMTD0ludGVybWVkaWF0ZSBD
QTCCASIwDQYJKoZIhvcNAQEBBQADggEPADCCAQoCggEBAMuWQxORdzSvjEdmvYf8
FDcSP5244nY46SaGMh7m1RhmsEzqihZvoyMEDeMXoISgXVM+BFr3TxCeHT2EbafN
x13GK3uDEvU9HQywUxjdxU8T5Qi/yIzxH9AN7LgGmU5XCaf0MIEJaTQraModb6z2
3gs3BfSf3KccodDqOfjJfXd8hexhY9KZJCqH9nLTmRNHlECjCMxhlZZgIbqivywr
/kHJ+fgFeMp7EZDwPfC00G7/ei7Vx/89eK/wR9dfmPqiqdU8IgWOWr2rAguY+aOe
nP45D3LI4ZvJbTLLiV/C3MMnYTUBfOcxMsp3T5NCw/zqiH+KvAf2TWOZA0uzZnfT
5DcCAwEAAaOBiDCBhTAOBgNVHQ8BAf8EBAMCAuQwDwYDVR0TAQH/BAUwAwEB/zAd
BgNVHQ4EFgQUWbSzg4dXuzDuwu7adl+Pf1AYbtkwHwYDVR0jBBgwFoAURWAQ5WA5
mttPe4Ln8jaoeAWAH6YwIgYDVR0RBBswGYIXaXN0aW9kLmlzdGlvLXN5c3RlbS5z
dmMwDQYJKoZIhvcNAQELBQADggEBAG9ucM3STvTkv1M59Y9KExTNqGLHdg6NxNoa
O9ehn4lfQtVefqkNTRZGDxttGDPDtCnc2KUX825YSHX4uNegKOVu8Z05m4zKFCbB
qGH0eGLgngRIYEEKC/x/DQH86KONwJgNEhfrYiLllCxEx43lYZMVEwKwf28aIjLU
73PKqFBywszrdf4YJYTE2NZnwjub1pP3GOHMiRo4yemP6W3GOiIr3zhfdowHuQ5Z
Y8FefZGxLuNiX88razZQr67xu1/pE8irLaRK0oLnS25SmdRUEg3+Ir20b9m+4Rpn
HZ4cmYtz3piE7uL/RtU7iH8Hpok/bVeNMvuMszNpRfHKjFomGiw=
-----END CERTIFICATE-----

-----BEGIN CERTIFICATE-----
MIIDEjCCAfqgAwIBAgIQbgvP8M2vqN5M2UBBS9FcezANBgkqhkiG9w0BAQsFADAA
MB4XDTI2MDUyMDE4MTAyN1oXDTI3MDUyMDE4MTAyN1owADCCASIwDQYJKoZIhvcN
AQEBBQADggEPADCCAQoCggEBAMx8kCtoFSNzKNyDDJMdlVzHdZserXrrTqm6jWVt
cyIzX2LoDnu659MIwUlTPA3CUzCiu/GsUSB7dRfCLapMWOVHpHXEfPH8R3eIYcb4
s8iZFnr+J+zTPCPCrnIcUE07uYVOjaoD2treBBPfUes/ZR54d+lDUyHFYA0lMZ2J
54ykiAdcluLhMbbIZguMCQWWyxyJ07jNzGFd0whs01FrVb39uHz4u2YkEAXbjGdn
3+Q8dtB3uYQRni/V17nWvlvX/A63UJDq/7y5k+qMN6O6DMHubMbM534AhCiTUxLq
2pgTNuBKkBKO4jB4xxe5zlzM4TAPvsb0OGEUVf96WvcqX8kCAwEAAaOBhzCBhDAO
BgNVHQ8BAf8EBAMCAgQwDwYDVR0lBAgwBgYEVR0lADAPBgNVHRMBAf8EBTADAQH/
MB0GA1UdDgQWBBRFYBDlYDma2097gufyNqh4BYAfpjAxBgNVHREBAf8EJzAlhiNz
cGlmZmU6Ly94Y3AudGV0cmF0ZS5pby9pc3Rpb1Jvb3RDQTANBgkqhkiG9w0BAQsF
AAOCAQEAMN2WZG1xWOR6XfHUCTb7WnhBk6YnnzLW/gLYK+pdu6KFT5F+0j7K+enm
MgGOpPPXA0yG4vAzGK8N/mdC1Q/td15Lum4yS1UniZcr2upcx4zFav+0Xo8mINYi
QhodTep7BV2AdjimnTI07XTgBiT2VRTM46gEEcyXSs14/cwRy04nj5TlwixnD+A8
RDc/MfBN/CSK/lxEPFv6JcXfNrIQGF6gOZwia67DJcXa/chEWIxrqqRu8MdDECQu
tUAx4qU9RVp3Xch4FytGMRxidaQ0P3qe4WzHjvFGCN3+NhGHxWKLFMwZdO9j7zcy
FOVuKdR9ZWJvG/3ZZXyyR/zeHC62Tg==
-----END CERTIFICATE-----

2026-05-27T07:04:51.896157Z	info	Using istiod file format for signing ca files
2026-05-27T07:04:51.896168Z	info	Use root cert from etc/cacerts/root-cert.pem
2026-05-27T07:04:51.896373Z	info	x509 cert - Issuer: "CN=Intermediate CA,O=Istio,L=cluster-2", Subject: "", SN: 1b306aeece072a94f564d9bff3efbd3e, NotBefore: "2026-05-27T07:02:51Z", NotAfter: "2036-05-24T07:04:51Z"
2026-05-27T07:04:51.896394Z	info	x509 cert - Issuer: "", Subject: "CN=Intermediate CA,O=Istio,L=cluster-2", SN: 9ddae35f37688cfc9b768fc2e7c5f8be, NotBefore: "2026-05-27T07:04:19Z", NotAfter: "2027-05-27T07:04:19Z"
2026-05-27T07:04:51.896408Z	info	x509 cert - Issuer: "", Subject: "", SN: 6e0bcff0cdafa8de4cd940414bd15c7b, NotBefore: "2026-05-20T18:10:27Z", NotAfter: "2027-05-20T18:10:27Z"
2026-05-27T07:04:51.896415Z	info	Istiod certificates are reloaded
2026-05-27T07:04:51.896443Z	info	spiffe	Added 1 certs to trust domain cluster.local in peer cert verifier
2026-05-27T07:04:51.896449Z	info	initializing secure discovery service
2026-05-27T07:04:51.896466Z	info	initializing secure webhook server for istiod webhooks
2026-05-27T07:04:51.898669Z	info	initializing sidecar injector
2026-05-27T07:04:51.904316Z	info	initializing config validator
2026-05-27T07:04:51.904341Z	info	initializing registry event handlers
2026-05-27T07:04:51.904367Z	info	starting discovery service
2026-05-27T07:04:51.904370Z	info	initializing CA server with IstioD CA
2026-05-27T07:04:51.905087Z	info	Starting Istiod Server with primary cluster cluster-2
2026-05-27T07:04:51.905194Z	info	kube	Initializing Kubernetes service registry "cluster-2"
2026-05-27T07:04:51.905359Z	info	status	Starting status manager
2026-05-27T07:04:51.905431Z	info	status	Starting status manager
2026-05-27T07:04:51.905622Z	info	Starting validation controller
2026-05-27T07:04:51.905661Z	info	Starting ADS server
2026-05-27T07:04:51.905674Z	info	starting CA server
2026-05-27T07:04:51.905731Z	info	Istiod CA has started
2026-05-27T07:04:51.905760Z	info	cluster "cluster-2" kube client started
2026-05-27T07:04:51.905777Z	info	ControlZ available at 127.0.0.1:9876
2026-05-27T07:04:51.905836Z	info	Starting multicluster remote secrets controller
2026-05-27T07:04:51.905908Z	info	klog	attempting to acquire leader lease istio-system/istio-ip-autoallocate...
2026-05-27T07:04:51.906058Z	info	klog	attempting to acquire leader lease istio-system/istio-gateway-status-leader-stable...
2026-05-27T07:04:51.906113Z	info	klog	attempting to acquire leader lease istio-system/istio-gateway-deployment-stable...
2026-05-27T07:04:51.906177Z	info	klog	attempting to acquire leader lease istio-system/istio-analyze-leader...
2026-05-27T07:04:51.906245Z	info	klog	attempting to acquire leader lease istio-system/istio-leader...
2026-05-27T07:04:51.906283Z	info	Starting ingress controller
2026-05-27T07:04:51.906384Z	info	controllers	starting	controller=healthcheck
2026-05-27T07:04:51.909008Z	info	kube	Starting Pilot K8S CRD controller	controller=crd-controller
2026-05-27T07:04:51.909068Z	info	kube	controller "networking.istio.io/v1beta1/ProxyConfig" is syncing...	controller=crd-controller
2026-05-27T07:04:51.909409Z	info	controllers	starting	controller=auto-register existing connections
2026-05-27T07:04:51.909484Z	info	controllers	starting	controller=unregister_workloadentry
2026-05-27T07:04:51.911916Z	info	controllers	starting	controller=inference pool shadow service reconciler
2026-05-27T07:04:51.919013Z	info	kube	controller "networking.istio.io/v1/WorkloadEntry" is syncing...	controller=crd-controller
2026-05-27T07:04:51.920029Z	info	sync complete	name=multicluster remote secrets attempt=4 time=14.17425ms
2026-05-27T07:04:51.920052Z	info	multicluster remote secrets controller cache synced in 14.21575ms
2026-05-27T07:04:51.920056Z	info	controllers	starting	controller=multicluster secret
2026-05-27T07:04:51.920493Z	info	sync complete	name=validation attempt=4 time=14.11675ms
2026-05-27T07:04:51.920514Z	info	controllers	starting	controller=validation
2026-05-27T07:04:51.922648Z	info	klog	successfully acquired lease istio-system/istio-gateway-deployment-stable
2026-05-27T07:04:51.922720Z	info	klog	successfully acquired lease istio-system/istio-gateway-status-leader-stable
2026-05-27T07:04:51.922998Z	info	sync complete	name=default revision attempt=3 time=14.190791ms
2026-05-27T07:04:51.923015Z	info	controllers	starting	controller=default revision
2026-05-27T07:04:51.923022Z	info	sync complete	name=default revision attempt=3 time=14.045667ms
2026-05-27T07:04:51.923032Z	info	controllers	starting	controller=default revision
2026-05-27T07:04:51.923041Z	info	kube	controller "networking.istio.io/v1/Gateway" is syncing...	controller=crd-controller
2026-05-27T07:04:51.923096Z	info	leader election lock obtained: istio-gateway-deployment-stable
2026-05-27T07:04:51.923139Z	info	leader election lock obtained: istio-gateway-status-leader-stable
2026-05-27T07:04:51.923142Z	info	waiting for gateway status writer activation
2026-05-27T07:04:51.923143Z	info	Starting gateway status writer for revision: stable
2026-05-27T07:04:51.923308Z	info	sync complete	name=default revision attempt=3 time=14.491083ms
2026-05-27T07:04:51.923318Z	info	controllers	starting	controller=default revision
2026-05-27T07:04:51.923322Z	info	sync complete	name=default revision attempt=3 time=14.439958ms
2026-05-27T07:04:51.923326Z	info	controllers	starting	controller=default revision
2026-05-27T07:04:51.923337Z	info	sync complete	name=default revision attempt=3 time=14.423458ms
2026-05-27T07:04:51.923343Z	info	controllers	starting	controller=default revision
2026-05-27T07:04:51.923574Z	info	klog	successfully acquired lease istio-system/istio-leader
2026-05-27T07:04:51.923611Z	info	klog	successfully acquired lease istio-system/istio-analyze-leader
2026-05-27T07:04:51.923722Z	info	leader election lock obtained: istio-leader
2026-05-27T07:04:51.923725Z	info	Starting ingress status writer
2026-05-27T07:04:51.923734Z	info	leader election lock obtained: istio-analyze-leader
2026-05-27T07:04:51.923887Z	error	kube	translation function for core/v1alpha1/MeshNetworks not found	controller=analysis-controller
2026-05-27T07:04:51.923993Z	info	sync complete	name=crdclient/informer/Node attempt=1 time=250ns
2026-05-27T07:04:51.924002Z	info	krt	crdclient/informer/Node synced	owner=crdclient/informer/Node
2026-05-27T07:04:51.924114Z	error	kube	translation function for core/v1alpha1/MeshConfig not found	controller=analysis-controller
2026-05-27T07:04:51.924250Z	info	sync complete	name=crdclient/informer/Service attempt=1 time=317.5µs
2026-05-27T07:04:51.924267Z	info	krt	crdclient/informer/Service synced	owner=crdclient/informer/Service
2026-05-27T07:04:51.924276Z	info	sync complete	name=crdclient/informer/Namespace attempt=1 time=208ns
2026-05-27T07:04:51.924282Z	info	krt	crdclient/informer/Namespace synced	owner=crdclient/informer/Namespace
2026-05-27T07:04:51.924311Z	info	sync complete	name=crdclient/informer/MutatingWebhookConfiguration attempt=1 time=208ns
2026-05-27T07:04:51.924316Z	info	krt	crdclient/informer/MutatingWebhookConfiguration synced	owner=crdclient/informer/MutatingWebhookConfiguration
2026-05-27T07:04:51.924334Z	info	sync complete	name=crdclient/informer/Secret attempt=1 time=375ns
2026-05-27T07:04:51.924352Z	info	krt	crdclient/informer/Secret synced	owner=crdclient/informer/Secret
2026-05-27T07:04:51.924382Z	info	sync complete	name=crdclient/informer/ConfigMap attempt=1 time=542ns
2026-05-27T07:04:51.924395Z	info	krt	crdclient/informer/ConfigMap synced	owner=crdclient/informer/ConfigMap
2026-05-27T07:04:51.924430Z	info	sync complete	name=crdclient/informer/Pod attempt=1 time=125ns
2026-05-27T07:04:51.924437Z	info	krt	crdclient/informer/Pod synced	owner=crdclient/informer/Pod
2026-05-27T07:04:51.925033Z	info	klog	successfully acquired lease istio-system/istio-ip-autoallocate
2026-05-27T07:04:51.925269Z	info	validationController	Not ready to switch validation to fail-closed: dummy invalid config not rejected
2026-05-27T07:04:51.925472Z	info	leader election lock obtained: istio-ip-autoallocate
2026-05-27T07:04:51.926363Z	info	sync complete	name=tag watcher attempt=4 time=14.445542ms
2026-05-27T07:04:51.926435Z	info	controllers	starting	controller=tag
2026-05-27T07:04:51.926703Z	info	sync complete	name=configmap istio-sidecar-injector-stable attempt=4 time=20.338084ms
2026-05-27T07:04:51.926727Z	info	controllers	starting	controller=configmap istio-sidecar-injector-stable
2026-05-27T07:04:51.931999Z	info	sync complete	name=gateway tag watcher attempt=4 time=22.885208ms
2026-05-27T07:04:51.932070Z	info	sync complete	name=crdclient/informer/Ingress attempt=6 time=91.131792ms
2026-05-27T07:04:51.932094Z	info	krt	crdclient/informer/Ingress synced	owner=crdclient/informer/Ingress
2026-05-27T07:04:51.932164Z	info	sync complete	name=webhook patcher attempt=4 time=25.813792ms
2026-05-27T07:04:51.932179Z	info	controllers	starting	controller=webhook patcher
2026-05-27T07:04:51.932470Z	info	sync complete	name=ingress/informer/Ingresses attempt=6 time=88.76725ms
2026-05-27T07:04:51.932486Z	info	krt	ingress/informer/Ingresses synced	owner=ingress/informer/Ingresses
2026-05-27T07:04:51.932509Z	info	sync complete	name=ingress/informer/Ingresses handler attempt=1 time=375ns
2026-05-27T07:04:51.932553Z	info	krt	ingress/SupportedIngresses synced (uid 153)	owner=ingress/SupportedIngresses
2026-05-27T07:04:51.932592Z	info	sync complete	name=ingress/informer/Nodes attempt=6 time=88.884042ms
2026-05-27T07:04:51.932649Z	info	krt	ingress/informer/Nodes synced	owner=ingress/informer/Nodes
2026-05-27T07:04:51.932700Z	info	sync complete	name=ingress/informer/Pods attempt=6 time=88.990208ms
2026-05-27T07:04:51.932763Z	info	krt	ingress/informer/Pods synced	owner=ingress/informer/Pods
2026-05-27T07:04:51.932779Z	info	sync complete	name=gateway/informer/Secrets attempt=6 time=91.736167ms
2026-05-27T07:04:51.932787Z	info	krt	gateway/informer/Secrets synced	owner=gateway/informer/Secrets
2026-05-27T07:04:51.932794Z	info	sync complete	name=gateway/informer/ConfigMaps attempt=6 time=91.743958ms
2026-05-27T07:04:51.932811Z	info	krt	gateway/informer/ConfigMaps synced	owner=gateway/informer/ConfigMaps
2026-05-27T07:04:51.932816Z	info	sync complete	name=gateway/informer/Services attempt=6 time=91.762916ms
2026-05-27T07:04:51.932822Z	info	krt	gateway/informer/Services synced	owner=gateway/informer/Services
2026-05-27T07:04:51.932833Z	info	sync complete	name=ingress/informer/IngressClasses attempt=6 time=89.135334ms
2026-05-27T07:04:51.932840Z	info	krt	ingress/informer/IngressClasses synced	owner=ingress/informer/IngressClasses
2026-05-27T07:04:51.932844Z	info	sync complete	name=ingress/informer/Services attempt=6 time=89.139083ms
2026-05-27T07:04:51.932849Z	info	krt	ingress/informer/Services synced	owner=ingress/informer/Services
2026-05-27T07:04:51.932889Z	info	kube	controller "gateway.networking.k8s.io/v1beta1/ReferenceGrant" is syncing...	controller=crd-controller
2026-05-27T07:04:51.932901Z	info	sync complete	name=tag watcher attempt=4 time=23.594458ms
2026-05-27T07:04:51.932926Z	info	controllers	starting	controller=tag
2026-05-27T07:04:51.932966Z	info	krt	ingress/DerivedVirtualServices synced (uid 158)	owner=ingress/DerivedVirtualServices
2026-05-27T07:04:51.932994Z	info	krt	ingress/IngressRuleCollection synced (uid 154)	owner=ingress/IngressRuleCollection
2026-05-27T07:04:51.933024Z	info	krt	ingress/DerivedVirtualServices synced (uid 157)	owner=ingress/DerivedVirtualServices
2026-05-27T07:04:51.934442Z	info	validationController	successfully updated	name=istio-validator-stable-istio-system resource version=2079
2026-05-27T07:04:51.934494Z	error	controllers	error handling istio-validator-stable-istio-system, retrying (retry count: 1): webhook is not ready, retry	controller=validation
2026-05-27T07:04:51.934914Z	info	sync complete	name=ingress/informer/Services handler attempt=2 time=2.036792ms
2026-05-27T07:04:51.935092Z	info	krt	ingress/ServiceWithPorts synced (uid 150)	owner=ingress/ServiceWithPorts
2026-05-27T07:04:51.936496Z	info	sync complete	name=tag watcher attempt=5 time=30.497708ms
2026-05-27T07:04:51.936565Z	info	controllers	starting	controller=tag
2026-05-27T07:04:51.936603Z	info	sync complete	name=crd watcher attempt=5 time=30.8345ms
2026-05-27T07:04:51.936630Z	info	controllers	starting	controller=crd watcher
2026-05-27T07:04:51.936721Z	info	authorizationpolicies.security.istio.io is now ready, building client
2026-05-27T07:04:51.936771Z	info	backendtlspolicies.gateway.networking.k8s.io is now ready, building client
2026-05-27T07:04:51.936794Z	info	backendtlspolicies.gateway.networking.k8s.io is now ready, building client
2026-05-27T07:04:51.936820Z	info	destinationrules.networking.istio.io is now ready, building client
2026-05-27T07:04:51.936851Z	info	envoyfilters.networking.istio.io is now ready, building client
2026-05-27T07:04:51.936869Z	info	gatewayclasses.gateway.networking.k8s.io is now ready, building client
2026-05-27T07:04:51.936894Z	info	gatewayclasses.gateway.networking.k8s.io is now ready, building client
2026-05-27T07:04:51.936914Z	info	gateways.gateway.networking.k8s.io is now ready, building client
2026-05-27T07:04:51.936936Z	info	gateways.gateway.networking.k8s.io is now ready, building client
2026-05-27T07:04:51.936943Z	info	gateways.gateway.networking.k8s.io is now ready, building client
2026-05-27T07:04:51.936960Z	info	gateways.networking.istio.io is now ready, building client
2026-05-27T07:04:51.937024Z	info	grpcroutes.gateway.networking.k8s.io is now ready, building client
2026-05-27T07:04:51.937076Z	info	grpcroutes.gateway.networking.k8s.io is now ready, building client
2026-05-27T07:04:51.937113Z	info	httproutes.gateway.networking.k8s.io is now ready, building client
2026-05-27T07:04:51.937329Z	info	httproutes.gateway.networking.k8s.io is now ready, building client
2026-05-27T07:04:51.937351Z	info	peerauthentications.security.istio.io is now ready, building client
2026-05-27T07:04:51.937362Z	info	proxyconfigs.networking.istio.io is now ready, building client
2026-05-27T07:04:51.937374Z	info	referencegrants.gateway.networking.k8s.io is now ready, building client
2026-05-27T07:04:51.937384Z	info	referencegrants.gateway.networking.k8s.io is now ready, building client
2026-05-27T07:04:51.937393Z	info	requestauthentications.security.istio.io is now ready, building client
2026-05-27T07:04:51.937404Z	info	serviceentries.networking.istio.io is now ready, building client
2026-05-27T07:04:51.937415Z	info	serviceentries.networking.istio.io is now ready, building client
2026-05-27T07:04:51.937426Z	info	sidecars.networking.istio.io is now ready, building client
2026-05-27T07:04:51.937437Z	info	telemetries.telemetry.istio.io is now ready, building client
2026-05-27T07:04:51.937452Z	info	virtualservices.networking.istio.io is now ready, building client
2026-05-27T07:04:51.937462Z	info	wasmplugins.extensions.istio.io is now ready, building client
2026-05-27T07:04:51.937472Z	info	workloadentries.networking.istio.io is now ready, building client
2026-05-27T07:04:51.937482Z	info	workloadgroups.networking.istio.io is now ready, building client
2026-05-27T07:04:51.938582Z	info	sync complete	name=crd watcher attempt=1 time=1µs
2026-05-27T07:04:51.938871Z	info	sync complete	name=crd watcher attempt=1 time=250ns
2026-05-27T07:04:51.941273Z	info	sync complete	name=crdclient/informer/Deployment attempt=4 time=16.848292ms
2026-05-27T07:04:51.941311Z	info	krt	crdclient/informer/Deployment synced	owner=crdclient/informer/Deployment
2026-05-27T07:04:51.941932Z	info	sync complete	name=crdclient/informer/ValidatingWebhookConfiguration attempt=4 time=17.896875ms
2026-05-27T07:04:51.941951Z	info	krt	crdclient/informer/ValidatingWebhookConfiguration synced	owner=crdclient/informer/ValidatingWebhookConfiguration
2026-05-27T07:04:51.941963Z	info	sync complete	name=crd watcher attempt=4 time=17.741084ms
2026-05-27T07:04:51.947765Z	info	validationController	Not ready to switch validation to fail-closed: dummy invalid config not rejected
2026-05-27T07:04:51.948188Z	info	sync complete	name=kube controller attempt=5 time=38.856709ms
2026-05-27T07:04:51.948214Z	info	kube	kube controller for cluster-2 synced after 38.89975ms
2026-05-27T07:04:51.948563Z	info	model	Full push, new service cert-manager/cert-manager.cert-manager.svc.cluster.local
2026-05-27T07:04:51.948619Z	info	model	Full push, new service cert-manager/cert-manager-webhook.cert-manager.svc.cluster.local
2026-05-27T07:04:51.948634Z	info	model	Full push, new service istio-system/xcp-operator-edge.istio-system.svc.cluster.local
2026-05-27T07:04:51.948650Z	info	model	Full push, new service default/kubernetes.default.svc.cluster.local
2026-05-27T07:04:51.948675Z	info	model	Full push, new service istio-system/istiod-stable.istio-system.svc.cluster.local
2026-05-27T07:04:51.948686Z	info	model	Incremental push, service xcp-edge-internal.istio-system.svc.cluster.local at shard Kubernetes/cluster-2 has no endpoints
2026-05-27T07:04:51.948734Z	info	model	Full push, new service kube-system/kube-dns.kube-system.svc.cluster.local
2026-05-27T07:04:51.948782Z	info	model	Full push, new service kube-system/metrics-server.kube-system.svc.cluster.local
2026-05-27T07:04:51.948794Z	info	model	Full push, new service metallb-system/metallb-webhook-service.metallb-system.svc.cluster.local
2026-05-27T07:04:51.948801Z	info	model	reloading network gateways
2026-05-27T07:04:51.949011Z	info	model	Incremental push, service xcp-edge-internal.istio-system.svc.cluster.local at shard Kubernetes/cluster-2 has no endpoints
2026-05-27T07:04:51.949444Z	info	kube	controller "gateway.networking.k8s.io/v1/BackendTLSPolicy" is syncing...	controller=crd-controller
2026-05-27T07:04:51.956280Z	info	sync complete	name=crd watcher attempt=5 time=50.356333ms
2026-05-27T07:04:51.956543Z	info	sync complete	name=ingress tag watcher attempt=5 time=50.159917ms
2026-05-27T07:04:51.966792Z	info	sync complete	name=IP Autoallocator attempt=5 time=41.258917ms
2026-05-27T07:04:51.966836Z	info	controllers	starting	controller=IP Autoallocator
2026-05-27T07:04:51.966968Z	info	validationController	successfully updated	name=istio-validator-stable-istio-system resource version=2079
2026-05-27T07:04:51.966987Z	error	controllers	error handling istio-validator-stable-istio-system, retrying (retry count: 2): webhook is not ready, retry	controller=validation
2026-05-27T07:04:51.999782Z	info	kube	controller "extensions.istio.io/v1alpha1/WasmPlugin" is syncing...	controller=crd-controller
2026-05-27T07:04:51.999881Z	info	sync complete	name=crdclient/informer/HTTPRoute attempt=7 time=158.963292ms
2026-05-27T07:04:51.999982Z	info	krt	crdclient/informer/HTTPRoute synced	owner=crdclient/informer/HTTPRoute
2026-05-27T07:04:51.999991Z	info	sync complete	name=crdclient/informer/ServiceEntry attempt=7 time=159.063501ms
2026-05-27T07:04:52.000028Z	info	krt	crdclient/informer/ServiceEntry synced	owner=crdclient/informer/ServiceEntry
2026-05-27T07:04:52.000039Z	info	sync complete	name=crdclient/informer/Telemetry attempt=7 time=159.107959ms
2026-05-27T07:04:52.000046Z	info	krt	crdclient/informer/Telemetry synced	owner=crdclient/informer/Telemetry
2026-05-27T07:04:52.000051Z	info	sync complete	name=gateway/informer/BackendTLSPolicies attempt=7 time=158.958417ms
2026-05-27T07:04:52.000056Z	info	krt	gateway/informer/BackendTLSPolicies synced	owner=gateway/informer/BackendTLSPolicies
2026-05-27T07:04:52.000082Z	info	sync complete	name=gateway/informer/BackendTLSPolicies handler attempt=1 time=375ns
2026-05-27T07:04:52.000117Z	info	krt	gateway/BackendTLSPolicy synced (uid 136)	owner=gateway/BackendTLSPolicy
2026-05-27T07:04:52.000233Z	info	sync complete	name=gateway/informer/ReferenceGrants attempt=7 time=159.138709ms
2026-05-27T07:04:52.000246Z	info	krt	gateway/informer/ReferenceGrants synced	owner=gateway/informer/ReferenceGrants
2026-05-27T07:04:52.000256Z	info	sync complete	name=gateway/informer/ReferenceGrants handler attempt=1 time=167ns
2026-05-27T07:04:52.000267Z	info	krt	gateway/ReferenceGrants synced (uid 96)	owner=gateway/ReferenceGrants
2026-05-27T07:04:52.000271Z	info	sync complete	name=gateway/informer/ServiceEntries attempt=7 time=159.151917ms
2026-05-27T07:04:52.000275Z	info	krt	gateway/informer/ServiceEntries synced	owner=gateway/informer/ServiceEntries
2026-05-27T07:04:52.000278Z	info	sync complete	name=crdclient/informer/AuthorizationPolicy attempt=7 time=159.379459ms
2026-05-27T07:04:52.000282Z	info	krt	crdclient/informer/AuthorizationPolicy synced	owner=crdclient/informer/AuthorizationPolicy
2026-05-27T07:04:52.000284Z	info	sync complete	name=crdclient/informer/BackendTLSPolicy attempt=7 time=159.37875ms
2026-05-27T07:04:52.000287Z	info	krt	crdclient/informer/BackendTLSPolicy synced	owner=crdclient/informer/BackendTLSPolicy
2026-05-27T07:04:52.000289Z	info	sync complete	name=crdclient/informer/DestinationRule attempt=7 time=159.381417ms
2026-05-27T07:04:52.000292Z	info	krt	crdclient/informer/DestinationRule synced	owner=crdclient/informer/DestinationRule
2026-05-27T07:04:52.000295Z	info	sync complete	name=crdclient/informer/EnvoyFilter attempt=7 time=159.385542ms
2026-05-27T07:04:52.000299Z	info	krt	crdclient/informer/EnvoyFilter synced	owner=crdclient/informer/EnvoyFilter
2026-05-27T07:04:52.000304Z	info	sync complete	name=crdclient/informer/GRPCRoute attempt=7 time=159.391709ms
2026-05-27T07:04:52.000313Z	info	krt	crdclient/informer/GRPCRoute synced	owner=crdclient/informer/GRPCRoute
2026-05-27T07:04:52.000315Z	info	sync complete	name=crdclient/informer/Gateway attempt=7 time=159.401417ms
2026-05-27T07:04:52.000318Z	info	krt	crdclient/informer/Gateway synced	owner=crdclient/informer/Gateway
2026-05-27T07:04:52.000320Z	info	sync complete	name=crdclient/informer/GatewayClass attempt=7 time=159.404917ms
2026-05-27T07:04:52.000323Z	info	krt	crdclient/informer/GatewayClass synced	owner=crdclient/informer/GatewayClass
2026-05-27T07:04:52.000326Z	info	sync complete	name=crdclient/informer/Gateway attempt=7 time=159.408ms
2026-05-27T07:04:52.000336Z	info	krt	crdclient/informer/Gateway synced	owner=crdclient/informer/Gateway
2026-05-27T07:04:52.000338Z	info	sync complete	name=crdclient/informer/PeerAuthentication attempt=7 time=159.418834ms
2026-05-27T07:04:52.000341Z	info	krt	crdclient/informer/PeerAuthentication synced	owner=crdclient/informer/PeerAuthentication
2026-05-27T07:04:52.000343Z	info	sync complete	name=crdclient/informer/ProxyConfig attempt=7 time=159.4225ms
2026-05-27T07:04:52.000346Z	info	krt	crdclient/informer/ProxyConfig synced	owner=crdclient/informer/ProxyConfig
2026-05-27T07:04:52.000348Z	info	sync complete	name=crdclient/informer/ReferenceGrant attempt=7 time=159.425751ms
2026-05-27T07:04:52.000350Z	info	krt	crdclient/informer/ReferenceGrant synced	owner=crdclient/informer/ReferenceGrant
2026-05-27T07:04:52.000352Z	info	sync complete	name=crdclient/informer/RequestAuthentication attempt=7 time=159.4275ms
2026-05-27T07:04:52.000355Z	info	krt	crdclient/informer/RequestAuthentication synced	owner=crdclient/informer/RequestAuthentication
2026-05-27T07:04:52.000356Z	info	sync complete	name=crdclient/informer/Sidecar attempt=7 time=159.428834ms
2026-05-27T07:04:52.000360Z	info	krt	crdclient/informer/Sidecar synced	owner=crdclient/informer/Sidecar
2026-05-27T07:04:52.000362Z	info	sync complete	name=crdclient/informer/VirtualService attempt=7 time=159.431542ms
2026-05-27T07:04:52.000368Z	info	krt	crdclient/informer/VirtualService synced	owner=crdclient/informer/VirtualService
2026-05-27T07:04:52.000369Z	info	sync complete	name=crdclient/informer/WasmPlugin attempt=7 time=159.437626ms
2026-05-27T07:04:52.000372Z	info	krt	crdclient/informer/WasmPlugin synced	owner=crdclient/informer/WasmPlugin
2026-05-27T07:04:52.000375Z	info	sync complete	name=crdclient/informer/WorkloadEntry attempt=7 time=159.442ms
2026-05-27T07:04:52.000380Z	info	krt	crdclient/informer/WorkloadEntry synced	owner=crdclient/informer/WorkloadEntry
2026-05-27T07:04:52.000382Z	info	sync complete	name=crdclient/informer/WorkloadGroup attempt=7 time=159.447167ms
2026-05-27T07:04:52.000385Z	info	krt	crdclient/informer/WorkloadGroup synced	owner=crdclient/informer/WorkloadGroup
2026-05-27T07:04:52.000387Z	info	sync complete	name=gateway/informer/GatewayClasses attempt=7 time=159.332833ms
2026-05-27T07:04:52.000393Z	info	krt	gateway/informer/GatewayClasses synced	owner=gateway/informer/GatewayClasses
2026-05-27T07:04:52.000403Z	info	sync complete	name=gateway/informer/GatewayClasses handler attempt=1 time=167ns
2026-05-27T07:04:52.000413Z	info	krt	gateway/GatewayClasses synced (uid 95)	owner=gateway/GatewayClasses
2026-05-27T07:04:52.000425Z	info	sync complete	name=gateway/informer/Gateways attempt=7 time=159.341709ms
2026-05-27T07:04:52.000433Z	info	krt	gateway/informer/Gateways synced	owner=gateway/informer/Gateways
2026-05-27T07:04:52.000444Z	info	sync complete	name=gateway/informer/Gateways handler attempt=1 time=125ns
2026-05-27T07:04:52.000457Z	info	krt	gateway/KubernetesGateway synced (uid 102)	owner=gateway/KubernetesGateway
2026-05-27T07:04:52.000511Z	info	krt	gateway/GatewayFinalStatus synced (uid 141)	owner=gateway/GatewayFinalStatus
2026-05-27T07:04:52.000523Z	info	sync complete	name=gateway/informer/HTTPRoutes attempt=7 time=159.435167ms
2026-05-27T07:04:52.000528Z	info	krt	gateway/informer/HTTPRoutes synced	owner=gateway/informer/HTTPRoutes
2026-05-27T07:04:52.000534Z	info	sync complete	name=gateway/informer/HTTPRoutes handler attempt=1 time=125ns
2026-05-27T07:04:52.000543Z	info	krt	gateway/HTTPRoute/count synced (uid 114)	owner=gateway/HTTPRoute/count
2026-05-27T07:04:52.000549Z	info	sync complete	name=gateway/informer/GRPCRoutes attempt=7 time=159.458417ms
2026-05-27T07:04:52.000553Z	info	krt	gateway/informer/GRPCRoutes synced	owner=gateway/informer/GRPCRoutes
2026-05-27T07:04:52.000574Z	info	sync complete	name=gateway/informer/GRPCRoutes handler attempt=1 time=83ns
2026-05-27T07:04:52.000586Z	info	krt	gateway/GRPCRoute/count synced (uid 121)	owner=gateway/GRPCRoute/count
2026-05-27T07:04:52.001716Z	info	krt	gateway/AllBackendPolicies synced
2026-05-27T07:04:52.001742Z	info	krt	gateway/BackendPolicyMerged synced (uid 140)	owner=gateway/BackendPolicyMerged
2026-05-27T07:04:52.001779Z	info	sync complete	name=gateway/informer/HTTPRoutes handler attempt=1 time=292ns
2026-05-27T07:04:52.001792Z	info	krt	gateway/HTTPRoute synced (uid 117)	owner=gateway/HTTPRoute
2026-05-27T07:04:52.001815Z	info	sync complete	name=gateway/informer/HTTPRoutes handler attempt=1 time=250ns
2026-05-27T07:04:52.001831Z	info	krt	gateway/HTTPAncestors synced (uid 115)	owner=gateway/HTTPAncestors
2026-05-27T07:04:52.001850Z	info	sync complete	name=gateway/informer/GRPCRoutes handler attempt=1 time=167ns
2026-05-27T07:04:52.001859Z	info	krt	gateway/GRPCRoute synced (uid 124)	owner=gateway/GRPCRoute
2026-05-27T07:04:52.001871Z	info	sync complete	name=gateway/informer/GRPCRoutes handler attempt=1 time=83ns
2026-05-27T07:04:52.001883Z	info	krt	gateway/GRPCAncestors synced (uid 122)	owner=gateway/GRPCAncestors
2026-05-27T07:04:52.001892Z	info	krt	gateway/RouteAttachments synced
2026-05-27T07:04:52.002021Z	info	krt	gateway/HTTPRouteMerged synced (uid 120)	owner=gateway/HTTPRouteMerged
2026-05-27T07:04:52.002036Z	info	krt	gateway/Ancestors synced
2026-05-27T07:04:52.002046Z	info	krt	gateway/GRPCRouteMerged synced (uid 127)	owner=gateway/GRPCRouteMerged
2026-05-27T07:04:52.002163Z	info	krt	gateway/DerivedVirtualServices synced
2026-05-27T07:04:52.039929Z	info	sync complete	name=tag watcher attempt=1 time=19.125µs
2026-05-27T07:04:52.039975Z	info	controllers	starting	controller=tag
2026-05-27T07:04:52.040010Z	info	controllers	starting	controller=gateway class
2026-05-27T07:04:52.041707Z	info	validationController	Not ready to switch validation to fail-closed: dummy invalid config not rejected
2026-05-27T07:04:52.043809Z	warn	kube	unknown type: security.istio.io/v1/AuthorizationPolicy	controller=analysis-controller
2026-05-27T07:04:52.043845Z	warn	kube	unknown type: gateway.networking.k8s.io/v1/BackendTLSPolicy	controller=analysis-controller
2026-05-27T07:04:52.043854Z	warn	kube	unknown type: networking.istio.io/v1/DestinationRule	controller=analysis-controller
2026-05-27T07:04:52.043869Z	warn	kube	unknown type: networking.istio.io/v1alpha3/EnvoyFilter	controller=analysis-controller
2026-05-27T07:04:52.043875Z	warn	kube	unknown type: gateway.networking.k8s.io/v1/GRPCRoute	controller=analysis-controller
2026-05-27T07:04:52.043878Z	warn	kube	unknown type: networking.istio.io/v1/Gateway	controller=analysis-controller
2026-05-27T07:04:52.043883Z	warn	kube	unknown type: gateway.networking.k8s.io/v1beta1/GatewayClass	controller=analysis-controller
2026-05-27T07:04:52.043887Z	warn	kube	unknown type: gateway.networking.k8s.io/v1beta1/HTTPRoute	controller=analysis-controller
2026-05-27T07:04:52.043895Z	warn	kube	unknown type: gateway.networking.k8s.io/v1beta1/Gateway	controller=analysis-controller
2026-05-27T07:04:52.043900Z	warn	kube	unknown type: security.istio.io/v1/PeerAuthentication	controller=analysis-controller
2026-05-27T07:04:52.043904Z	warn	kube	unknown type: networking.istio.io/v1beta1/ProxyConfig	controller=analysis-controller
2026-05-27T07:04:52.043908Z	warn	kube	unknown type: gateway.networking.k8s.io/v1beta1/ReferenceGrant	controller=analysis-controller
2026-05-27T07:04:52.043911Z	warn	kube	unknown type: security.istio.io/v1/RequestAuthentication	controller=analysis-controller
2026-05-27T07:04:52.043915Z	warn	kube	unknown type: networking.istio.io/v1/ServiceEntry	controller=analysis-controller
2026-05-27T07:04:52.043918Z	warn	kube	unknown type: networking.istio.io/v1/Sidecar	controller=analysis-controller
2026-05-27T07:04:52.043921Z	warn	kube	unknown type: telemetry.istio.io/v1/Telemetry	controller=analysis-controller
2026-05-27T07:04:52.043924Z	warn	kube	unknown type: networking.istio.io/v1/VirtualService	controller=analysis-controller
2026-05-27T07:04:52.043928Z	warn	kube	unknown type: extensions.istio.io/v1alpha1/WasmPlugin	controller=analysis-controller
2026-05-27T07:04:52.043933Z	warn	kube	unknown type: networking.istio.io/v1/WorkloadEntry	controller=analysis-controller
2026-05-27T07:04:52.043936Z	warn	kube	unknown type: networking.istio.io/v1/WorkloadGroup	controller=analysis-controller
2026-05-27T07:04:52.043941Z	warn	kube	unknown type: networking.k8s.io/v1/Ingress	controller=analysis-controller
2026-05-27T07:04:52.043943Z	warn	kube	unknown type: core/v1alpha1/MeshNetworks	controller=analysis-controller
2026-05-27T07:04:52.043987Z	warn	kube	unknown type: core/v1alpha1/MeshConfig	controller=analysis-controller
2026-05-27T07:04:52.044069Z	info	sync complete	name=deployment controller attempt=2 time=4.204375ms
2026-05-27T07:04:52.044075Z	info	controllers	starting	controller=gateway deployment
2026-05-27T07:04:52.044295Z	info	sync complete	name=gateway tag watcher attempt=1 time=584ns
2026-05-27T07:04:52.044329Z	info	kube	Starting Pilot K8S CRD controller	controller=analysis-controller
2026-05-27T07:04:52.044343Z	info	kube	controller "apiextensions.k8s.io/v1/CustomResourceDefinition" is syncing...	controller=analysis-controller
2026-05-27T07:04:52.044521Z	info	sync complete	name=crd watcher attempt=1 time=458ns
2026-05-27T07:04:52.044541Z	info	controllers	starting	controller=gateway class
2026-05-27T07:04:52.044690Z	info	sync complete	name=tag watcher attempt=1 time=8.583µs
2026-05-27T07:04:52.044753Z	info	controllers	starting	controller=tag
2026-05-27T07:04:52.044770Z	info	controllers	starting	controller=inference pool shadow service reconciler
2026-05-27T07:04:52.046109Z	info	validationController	successfully updated	name=istio-validator-stable-istio-system resource version=2079
2026-05-27T07:04:52.046145Z	error	controllers	error handling istio-validator-stable-istio-system, retrying (retry count: 3): webhook is not ready, retry	controller=validation
2026-05-27T07:04:52.046762Z	info	kube	controller "apiextensions.k8s.io/v1/CustomResourceDefinition" is syncing...	controller=analysis-controller
2026-05-27T07:04:52.050909Z	info	kube	controller "apiextensions.k8s.io/v1/CustomResourceDefinition" is syncing...	controller=analysis-controller
2026-05-27T07:04:52.051266Z	error	controllers	error handling , retrying (retry count: 1): gatewayclasses.gateway.networking.k8s.io "istio-remote" already exists	controller=gateway class
2026-05-27T07:04:52.058258Z	info	Waiting for caches to be synced
2026-05-27T07:04:52.058301Z	info	sync complete	name=server attempt=1 time=26.709µs
2026-05-27T07:04:52.058307Z	info	All controller caches have been synced up in 51.667µs
2026-05-27T07:04:52.058317Z	info	ads	Push debounce stable[1] 47 for config Secret/kube-system/bootstrap-token-abcdef and 34 more configs: 100.018709ms since last change, 138.361125ms since last push, full=true
2026-05-27T07:04:52.060427Z	info	ads	XDS: Pushing Services:9 ConnectedEndpoints:0 Version:2026-05-27T07:04:52Z/1
2026-05-27T07:04:52.060447Z	info	sync complete	name=push context attempt=2 time=2.13775ms
2026-05-27T07:04:52.060450Z	info	ads	All caches have been synced up in 258.6775ms, marking server ready
2026-05-27T07:04:52.060645Z	info	kube	joining leader-election for istio-namespace-controller-election in istio-system on cluster cluster-2
2026-05-27T07:04:52.060693Z	info	klog	attempting to acquire leader lease istio-system/istio-namespace-controller-election-stable...
2026-05-27T07:04:52.060791Z	info	kube	controller "apiextensions.k8s.io/v1/CustomResourceDefinition" is syncing...	controller=analysis-controller
2026-05-27T07:04:52.060803Z	info	starting secure gRPC discovery service at [::]:15012
2026-05-27T07:04:52.060862Z	info	starting gRPC discovery service at [::]:15010
2026-05-27T07:04:52.060880Z	info	starting webhook service at [::]:15017
2026-05-27T07:04:52.060973Z	info	sync complete	name=default revision attempt=1 time=7.916µs
2026-05-27T07:04:52.060984Z	info	controllers	starting	controller=default revision
2026-05-27T07:04:52.063813Z	info	klog	successfully acquired lease istio-system/istio-namespace-controller-election-stable
2026-05-27T07:04:52.063889Z	info	sync complete	name=crdclient/informer/CustomResourceDefinition attempt=7 time=139.462001ms
2026-05-27T07:04:52.063911Z	info	krt	crdclient/informer/CustomResourceDefinition synced	owner=crdclient/informer/CustomResourceDefinition
2026-05-27T07:04:52.063914Z	info	leader election lock obtained: istio-namespace-controller-election-stable
2026-05-27T07:04:52.063933Z	info	kube	starting namespace controller for cluster cluster-2
2026-05-27T07:04:52.064001Z	info	sync complete	name=crd watcher attempt=1 time=417ns
2026-05-27T07:04:52.064046Z	info	sync complete	name=crdclient attempt=7 time=154.993834ms
2026-05-27T07:04:52.064054Z	info	kube	Pilot K8S CRD controller synced in 155.045375ms	controller=crd-controller
2026-05-27T07:04:52.078325Z	info	sync complete	name=crdclient attempt=5 time=33.980666ms
2026-05-27T07:04:52.078393Z	info	kube	Pilot K8S CRD controller synced in 34.061458ms	controller=analysis-controller
2026-05-27T07:04:52.164298Z	info	sync complete	name=namespace controller attempt=1 time=6.791µs
2026-05-27T07:04:52.164358Z	info	controllers	starting	controller=namespace controller
2026-05-27T07:04:52.450409Z	info	validationController	Not ready to switch validation to fail-closed: dummy invalid config not rejected
2026-05-27T07:04:52.451964Z	info	validationController	successfully updated	name=istio-validator-stable-istio-system resource version=2079
2026-05-27T07:04:52.451985Z	error	controllers	error handling istio-validator-stable-istio-system, retrying (retry count: 4): webhook is not ready, retry	controller=validation
2026-05-27T07:04:52.795632Z	info	model	Full push, new service istio-system/xcp-edge-internal.istio-system.svc.cluster.local
2026-05-27T07:04:52.904254Z	info	ads	Push debounce stable[2] 2 for config ServiceEntry/istio-system/xcp-edge-internal.istio-system.svc.cluster.local and 1 more configs: 100.859125ms since last change, 108.579833ms since last push, full=true
2026-05-27T07:04:52.904441Z	info	ads	XDS: Pushing Services:9 ConnectedEndpoints:0 Version:2026-05-27T07:04:52Z/2
2026-05-27T07:04:53.256255Z	info	validationController	Not ready to switch validation to fail-closed: dummy invalid config not rejected
2026-05-27T07:04:53.257903Z	info	validationController	successfully updated	name=istio-validator-stable-istio-system resource version=2079
2026-05-27T07:04:53.257931Z	error	controllers	error handling istio-validator-stable-istio-system, retrying (retry count: 5): webhook is not ready, retry	controller=validation
2026-05-27T07:04:53.808422Z	info	sync complete	name=istiod analyzer attempt=1 time=34.958µs
2026-05-27T07:04:53.921343Z	info	ads	Push debounce stable[3] 9 for config EnvoyFilter/istio-system/global-request-id-propagation and 8 more configs: 100.533208ms since last change, 106.052958ms since last push, full=true
2026-05-27T07:04:53.922249Z	info	ads	XDS: Pushing Services:9 ConnectedEndpoints:0 Version:2026-05-27T07:04:53Z/3
2026-05-27T07:04:54.821273Z	info	sync complete	name=istiod analyzer attempt=1 time=40.25µs
2026-05-27T07:04:54.865358Z	info	validationController	Endpoint successfully rejected invalid config. Switching to fail-close.
2026-05-27T07:04:54.868045Z	info	validationController	successfully updated	name=istio-validator-stable-istio-system resource version=2146
2026-05-27T07:04:54.870334Z	error	validationController	failed to updated: Operation cannot be fulfilled on validatingwebhookconfigurations.admissionregistration.k8s.io "istio-validator-stable-istio-system": the object has been modified; please apply your changes to the latest version and try again	name=istio-validator-stable-istio-system resource version=2079
2026-05-27T07:04:54.870365Z	error	controllers	error handling istio-validator-stable-istio-system, retrying (retry count: 1): fail to update webhook: Operation cannot be fulfilled on validatingwebhookconfigurations.admissionregistration.k8s.io "istio-validator-stable-istio-system": the object has been modified; please apply your changes to the latest version and try again	controller=validation
2026-05-27T07:04:55.868402Z	info	sync complete	name=istiod analyzer attempt=1 time=28.167µs
2026-05-27T07:04:58.961661Z	info	sync complete	name=istiod analyzer attempt=1 time=25.709µs
2026-05-27T07:05:19.381612Z	info	sync complete	name=istiod analyzer attempt=1 time=33.208µs
2026-05-27T07:05:29.574666Z	info	sync complete	name=istiod analyzer attempt=1 time=40.292µs
2026-05-27T07:05:39.821512Z	info	sync complete	name=istiod analyzer attempt=1 time=27.583µs
2026-05-27T07:06:20.550690Z	info	sync complete	name=istiod analyzer attempt=1 time=60.917µs
2026-05-27T07:06:30.607441Z	info	sync complete	name=istiod analyzer attempt=1 time=29.709µs
2026-05-27T07:06:51.107082Z	info	sync complete	name=istiod analyzer attempt=1 time=103.125µs
2026-05-27T07:07:01.437966Z	info	sync complete	name=istiod analyzer attempt=1 time=140.75µs
2026-05-27T07:07:22.151129Z	info	sync complete	name=istiod analyzer attempt=1 time=58.292µs
2026-05-27T07:07:32.478000Z	info	sync complete	name=istiod analyzer attempt=1 time=33.375µs
2026-05-27T07:07:42.715652Z	info	sync complete	name=istiod analyzer attempt=1 time=26.5µs
2026-05-27T07:07:52.813639Z	info	sync complete	name=istiod analyzer attempt=1 time=36.042µs
2026-05-27T07:08:02.980895Z	info	sync complete	name=istiod analyzer attempt=1 time=91.625µs
2026-05-27T07:08:13.159655Z	info	sync complete	name=istiod analyzer attempt=1 time=37.083µs
2026-05-27T07:09:24.182108Z	info	sync complete	name=istiod analyzer attempt=1 time=78.792µs
2026-05-27T07:09:34.203163Z	info	sync complete	name=istiod analyzer attempt=1 time=29.667µs
2026-05-27T07:09:44.441094Z	info	sync complete	name=istiod analyzer attempt=1 time=29.458µs
2026-05-27T07:09:54.496954Z	info	sync complete	name=istiod analyzer attempt=1 time=29.458µs
2026-05-27T07:11:16.125308Z	info	sync complete	name=istiod analyzer attempt=1 time=48.625µs
2026-05-27T07:11:26.344346Z	info	sync complete	name=istiod analyzer attempt=1 time=65.834µs
2026-05-27T07:11:36.461336Z	info	sync complete	name=istiod analyzer attempt=1 time=37.666µs
2026-05-27T07:11:46.479157Z	info	sync complete	name=istiod analyzer attempt=1 time=37.917µs
2026-05-27T07:12:47.575874Z	info	sync complete	name=istiod analyzer attempt=1 time=48.333µs
2026-05-27T07:13:07.968852Z	info	sync complete	name=istiod analyzer attempt=1 time=32.458µs
2026-05-27T07:16:01.918933Z	info	sync complete	name=istiod analyzer attempt=1 time=125.542µs
2026-05-27T07:16:11.936475Z	info	sync complete	name=istiod analyzer attempt=1 time=28.125µs
2026-05-27T07:16:32.536563Z	info	sync complete	name=istiod analyzer attempt=1 time=24.792µs
2026-05-27T07:16:42.740902Z	info	sync complete	name=istiod analyzer attempt=1 time=30.292µs
2026-05-27T07:18:44.757448Z	info	sync complete	name=istiod analyzer attempt=1 time=101.834µs
2026-05-27T07:19:05.030121Z	info	sync complete	name=istiod analyzer attempt=1 time=37.75µs
2026-05-27T07:19:15.228666Z	info	sync complete	name=istiod analyzer attempt=1 time=72.375µs
2026-05-27T07:19:25.335401Z	info	sync complete	name=istiod analyzer attempt=1 time=27.083µs
2026-05-27T07:19:56.016214Z	info	sync complete	name=istiod analyzer attempt=1 time=78.791µs
2026-05-27T07:20:06.275275Z	info	sync complete	name=istiod analyzer attempt=1 time=69.917µs
2026-05-27T07:20:26.501648Z	info	sync complete	name=istiod analyzer attempt=1 time=29.334µs
2026-05-27T07:20:36.705676Z	info	sync complete	name=istiod analyzer attempt=1 time=40.959µs
2026-05-27T07:20:46.721094Z	info	sync complete	name=istiod analyzer attempt=1 time=95.375µs
2026-05-27T07:20:56.896643Z	info	sync complete	name=istiod analyzer attempt=1 time=34.916µs
2026-05-27T07:21:58.039760Z	info	sync complete	name=istiod analyzer attempt=1 time=89.917µs
2026-05-27T07:22:08.434688Z	info	sync complete	name=istiod analyzer attempt=1 time=27.125µs
2026-05-27T07:22:18.541042Z	info	sync complete	name=istiod analyzer attempt=1 time=57.75µs
2026-05-27T07:22:28.615706Z	info	sync complete	name=istiod analyzer attempt=1 time=39µs
2026-05-27T07:22:38.647069Z	info	sync complete	name=istiod analyzer attempt=1 time=28.542µs
2026-05-27T07:24:10.807927Z	info	sync complete	name=istiod analyzer attempt=1 time=147.333µs
2026-05-27T07:24:41.554827Z	info	sync complete	name=istiod analyzer attempt=1 time=48.209µs
2026-05-27T07:27:44.975610Z	info	sync complete	name=istiod analyzer attempt=1 time=107.167µs
2026-05-27T07:27:55.172388Z	info	sync complete	name=istiod analyzer attempt=1 time=40.334µs
2026-05-27T07:28:05.558328Z	info	sync complete	name=istiod analyzer attempt=1 time=37.583µs
2026-05-27T07:28:15.722804Z	info	sync complete	name=istiod analyzer attempt=1 time=36.458µs
2026-05-27T07:28:25.766606Z	info	sync complete	name=istiod analyzer attempt=1 time=59µs
2026-05-27T07:28:46.248884Z	info	sync complete	name=istiod analyzer attempt=1 time=55.625µs
2026-05-27T07:29:37.695727Z	info	sync complete	name=istiod analyzer attempt=1 time=41.083µs
2026-05-27T07:29:48.069859Z	info	sync complete	name=istiod analyzer attempt=1 time=56.916µs
2026-05-27T07:30:18.570188Z	info	sync complete	name=istiod analyzer attempt=1 time=43.417µs
2026-05-27T07:30:28.820099Z	info	sync complete	name=istiod analyzer attempt=1 time=33.375µs
2026-05-27T07:30:49.537895Z	info	sync complete	name=istiod analyzer attempt=1 time=111.833µs
2026-05-27T07:30:59.614184Z	info	sync complete	name=istiod analyzer attempt=1 time=32.333µs
2026-05-27T07:31:50.698691Z	info	sync complete	name=istiod analyzer attempt=1 time=36µs
2026-05-27T07:32:01.022505Z	info	sync complete	name=istiod analyzer attempt=1 time=26.125µs
2026-05-27T07:33:02.099098Z	info	sync complete	name=istiod analyzer attempt=1 time=59.583µs
2026-05-27T07:33:12.366815Z	info	sync complete	name=istiod analyzer attempt=1 time=37.042µs
2026-05-27T07:34:44.418577Z	info	sync complete	name=istiod analyzer attempt=1 time=25.083µs
2026-05-27T07:35:05.020587Z	info	sync complete	name=istiod analyzer attempt=1 time=35.292µs
2026-05-27T07:35:15.162975Z	info	sync complete	name=istiod analyzer attempt=1 time=25.25µs
2026-05-27T07:35:35.508915Z	info	sync complete	name=istiod analyzer attempt=1 time=27.958µs
2026-05-27T07:35:45.588534Z	info	sync complete	name=istiod analyzer attempt=1 time=84.875µs
2026-05-27T07:35:55.791241Z	info	sync complete	name=istiod analyzer attempt=1 time=37.833µs
2026-05-27T07:36:16.126577Z	info	sync complete	name=istiod analyzer attempt=1 time=33.334µs
2026-05-27T07:36:26.430909Z	info	sync complete	name=istiod analyzer attempt=1 time=24.667µs
2026-05-27T07:36:36.478519Z	info	sync complete	name=istiod analyzer attempt=1 time=30.125µs
2026-05-27T07:36:46.696242Z	info	sync complete	name=istiod analyzer attempt=1 time=145.417µs
2026-05-27T07:36:56.734604Z	info	sync complete	name=istiod analyzer attempt=1 time=31.875µs
2026-05-27T07:37:06.950694Z	info	sync complete	name=istiod analyzer attempt=1 time=26.625µs
2026-05-27T07:37:17.139291Z	info	sync complete	name=istiod analyzer attempt=1 time=88.041µs
2026-05-27T07:37:27.179133Z	info	sync complete	name=istiod analyzer attempt=1 time=25.709µs
2026-05-27T07:37:37.425152Z	info	sync complete	name=istiod analyzer attempt=1 time=41.083µs
2026-05-27T07:37:47.472516Z	info	sync complete	name=istiod analyzer attempt=1 time=30.75µs
2026-05-27T07:37:57.719582Z	info	sync complete	name=istiod analyzer attempt=1 time=42.458µs
2026-05-27T07:38:18.323846Z	info	sync complete	name=istiod analyzer attempt=1 time=26.709µs
2026-05-27T07:38:38.674972Z	info	sync complete	name=istiod analyzer attempt=1 time=110.5µs
2026-05-27T07:38:48.693926Z	info	sync complete	name=istiod analyzer attempt=1 time=29.083µs
2026-05-27T07:38:58.943913Z	info	sync complete	name=istiod analyzer attempt=1 time=33.834µs
2026-05-27T07:39:19.361425Z	info	sync complete	name=istiod analyzer attempt=1 time=35.208µs
2026-05-27T07:39:39.945420Z	info	sync complete	name=istiod analyzer attempt=1 time=94.625µs
2026-05-27T07:39:50.260138Z	info	sync complete	name=istiod analyzer attempt=1 time=36.208µs
2026-05-27T07:40:10.592924Z	info	sync complete	name=istiod analyzer attempt=1 time=43.041µs
2026-05-27T07:40:20.827533Z	info	sync complete	name=istiod analyzer attempt=1 time=35.333µs
2026-05-27T07:40:51.353108Z	info	sync complete	name=istiod analyzer attempt=1 time=52.416µs
2026-05-27T07:41:01.517393Z	info	sync complete	name=istiod analyzer attempt=1 time=78.958µs
2026-05-27T07:41:22.120660Z	info	sync complete	name=istiod analyzer attempt=1 time=26.75µs
2026-05-27T07:41:42.598767Z	info	sync complete	name=istiod analyzer attempt=1 time=39.833µs
2026-05-27T07:41:52.941800Z	info	sync complete	name=istiod analyzer attempt=1 time=33.291µs
2026-05-27T07:42:03.087151Z	info	sync complete	name=istiod analyzer attempt=1 time=98.334µs
2026-05-27T07:42:13.387126Z	info	sync complete	name=istiod analyzer attempt=1 time=49.583µs
2026-05-27T07:45:47.089396Z	info	sync complete	name=istiod analyzer attempt=1 time=73.292µs
2026-05-27T07:45:57.185322Z	info	sync complete	name=istiod analyzer attempt=1 time=48.041µs
2026-05-27T07:46:07.195701Z	info	sync complete	name=istiod analyzer attempt=1 time=33.166µs
2026-05-27T07:46:17.278428Z	info	sync complete	name=istiod analyzer attempt=1 time=46.209µs
2026-05-27T07:47:18.371033Z	info	sync complete	name=istiod analyzer attempt=1 time=68.5µs
2026-05-27T07:47:28.772021Z	info	sync complete	name=istiod analyzer attempt=1 time=45.125µs
2026-05-27T07:47:49.315684Z	info	sync complete	name=istiod analyzer attempt=1 time=40.084µs
2026-05-27T07:47:59.652745Z	info	sync complete	name=istiod analyzer attempt=1 time=79.209µs
2026-05-27T07:49:00.689764Z	info	sync complete	name=istiod analyzer attempt=1 time=47.5µs
2026-05-27T07:49:11.080240Z	info	sync complete	name=istiod analyzer attempt=1 time=40.75µs
2026-05-27T07:49:52.050761Z	info	sync complete	name=istiod analyzer attempt=1 time=35.75µs
2026-05-27T07:50:02.186836Z	info	sync complete	name=istiod analyzer attempt=1 time=42.291µs
2026-05-27T07:50:12.469065Z	info	sync complete	name=istiod analyzer attempt=1 time=36.25µs
2026-05-27T07:50:22.773103Z	info	sync complete	name=istiod analyzer attempt=1 time=52.625µs
2026-05-27T07:50:33.046074Z	info	sync complete	name=istiod analyzer attempt=1 time=35.542µs
2026-05-27T07:50:43.288357Z	info	sync complete	name=istiod analyzer attempt=1 time=24.875µs
2026-05-27T07:50:53.692484Z	info	sync complete	name=istiod analyzer attempt=1 time=55.667µs
2026-05-27T07:51:03.926700Z	info	sync complete	name=istiod analyzer attempt=1 time=37.708µs
2026-05-27T07:51:14.185624Z	info	sync complete	name=istiod analyzer attempt=1 time=39.5µs
2026-05-27T07:51:24.255698Z	info	sync complete	name=istiod analyzer attempt=1 time=38.541µs
2026-05-27T07:51:54.714174Z	info	sync complete	name=istiod analyzer attempt=1 time=48.416µs
2026-05-27T07:52:04.816204Z	info	sync complete	name=istiod analyzer attempt=1 time=81.125µs
2026-05-27T07:52:14.950016Z	info	sync complete	name=istiod analyzer attempt=1 time=49.083µs
2026-05-27T07:52:24.982584Z	info	sync complete	name=istiod analyzer attempt=1 time=40.959µs
2026-05-27T07:54:47.741201Z	info	sync complete	name=istiod analyzer attempt=1 time=113.291µs
2026-05-27T07:54:58.139149Z	info	sync complete	name=istiod analyzer attempt=1 time=42.25µs
2026-05-27T07:55:39.025559Z	info	sync complete	name=istiod analyzer attempt=1 time=43.583µs
2026-05-27T07:55:49.046005Z	info	sync complete	name=istiod analyzer attempt=1 time=28.708µs
2026-05-27T07:55:59.190283Z	info	sync complete	name=istiod analyzer attempt=1 time=71.834µs
2026-05-27T07:56:09.545034Z	info	sync complete	name=istiod analyzer attempt=1 time=34.75µs
2026-05-27T07:56:49.999286Z	info	sync complete	name=istiod analyzer attempt=1 time=82.5µs
2026-05-27T07:57:10.277624Z	info	sync complete	name=istiod analyzer attempt=1 time=53.958µs
2026-05-27T07:57:20.680416Z	info	sync complete	name=istiod analyzer attempt=1 time=31.959µs
2026-05-27T07:58:11.522590Z	info	sync complete	name=istiod analyzer attempt=1 time=82.916µs
2026-05-27T07:58:21.872142Z	info	sync complete	name=istiod analyzer attempt=1 time=25.708µs
2026-05-27T07:58:32.098192Z	info	sync complete	name=istiod analyzer attempt=1 time=47.166µs
2026-05-27T07:58:42.186879Z	info	sync complete	name=istiod analyzer attempt=1 time=31.458µs
2026-05-27T07:58:52.210004Z	info	sync complete	name=istiod analyzer attempt=1 time=43.709µs
2026-05-27T07:59:02.245085Z	info	sync complete	name=istiod analyzer attempt=1 time=68.417µs
2026-05-27T07:59:12.486238Z	info	sync complete	name=istiod analyzer attempt=1 time=25.25µs
2026-05-27T07:59:22.717491Z	info	sync complete	name=istiod analyzer attempt=1 time=33.417µs
2026-05-27T08:00:23.682345Z	info	sync complete	name=istiod analyzer attempt=1 time=78.459µs
2026-05-27T08:00:34.006184Z	info	sync complete	name=istiod analyzer attempt=1 time=70.792µs
2026-05-27T08:00:44.258476Z	info	sync complete	name=istiod analyzer attempt=1 time=28.833µs
2026-05-27T08:00:54.618469Z	info	sync complete	name=istiod analyzer attempt=1 time=29.542µs
2026-05-27T08:01:56.020267Z	info	sync complete	name=istiod analyzer attempt=1 time=32.833µs
2026-05-27T08:02:06.064110Z	info	sync complete	name=istiod analyzer attempt=1 time=33.584µs
2026-05-27T08:02:16.203040Z	info	sync complete	name=istiod analyzer attempt=1 time=162.708µs
2026-05-27T08:02:26.575445Z	info	sync complete	name=istiod analyzer attempt=1 time=77.666µs
2026-05-27T08:02:46.690664Z	info	sync complete	name=istiod analyzer attempt=1 time=43µs
2026-05-27T08:02:57.060765Z	info	sync complete	name=istiod analyzer attempt=1 time=28.75µs
2026-05-27T08:03:37.844239Z	info	sync complete	name=istiod analyzer attempt=1 time=60.875µs
2026-05-27T08:03:58.518503Z	info	sync complete	name=istiod analyzer attempt=1 time=35.375µs
2026-05-27T08:04:08.799131Z	info	sync complete	name=istiod analyzer attempt=1 time=136.584µs
2026-05-27T08:05:10.377524Z	info	sync complete	name=istiod analyzer attempt=1 time=58.708µs
2026-05-27T08:05:20.633015Z	info	sync complete	name=istiod analyzer attempt=1 time=38.083µs
2026-05-27T08:05:41.386135Z	info	sync complete	name=istiod analyzer attempt=1 time=34.542µs
2026-05-27T08:05:51.671183Z	info	sync complete	name=istiod analyzer attempt=1 time=95.333µs
2026-05-27T08:07:53.882509Z	info	sync complete	name=istiod analyzer attempt=1 time=432.291µs
2026-05-27T08:08:03.919440Z	info	sync complete	name=istiod analyzer attempt=1 time=32.667µs
2026-05-27T08:08:24.260688Z	info	sync complete	name=istiod analyzer attempt=1 time=41.583µs
2026-05-27T08:08:34.363671Z	info	sync complete	name=istiod analyzer attempt=1 time=29.208µs
2026-05-27T08:09:05.074098Z	info	sync complete	name=istiod analyzer attempt=1 time=62.541µs
2026-05-27T08:09:15.330583Z	info	sync complete	name=istiod analyzer attempt=1 time=28.25µs
2026-05-27T08:09:25.548398Z	info	sync complete	name=istiod analyzer attempt=1 time=24.25µs
2026-05-27T08:09:45.965835Z	info	sync complete	name=istiod analyzer attempt=1 time=61.792µs
2026-05-27T08:11:48.517965Z	info	sync complete	name=istiod analyzer attempt=1 time=60.834µs
2026-05-27T08:11:58.616753Z	info	sync complete	name=istiod analyzer attempt=1 time=26.75µs
2026-05-27T08:13:00.101470Z	info	sync complete	name=istiod analyzer attempt=1 time=30.792µs
2026-05-27T08:13:10.272770Z	info	sync complete	name=istiod analyzer attempt=1 time=44.458µs
2026-05-27T08:13:30.337955Z	info	sync complete	name=istiod analyzer attempt=1 time=50.292µs
2026-05-27T08:13:40.374886Z	info	sync complete	name=istiod analyzer attempt=1 time=35.792µs
2026-05-27T08:13:50.706064Z	info	sync complete	name=istiod analyzer attempt=1 time=28.916µs
2026-05-27T08:14:00.858177Z	info	sync complete	name=istiod analyzer attempt=1 time=42.417µs
2026-05-27T08:14:31.262327Z	info	sync complete	name=istiod analyzer attempt=1 time=49.792µs
2026-05-27T08:14:51.633836Z	info	sync complete	name=istiod analyzer attempt=1 time=48.875µs
2026-05-27T08:15:01.969629Z	info	sync complete	name=istiod analyzer attempt=1 time=34.459µs
2026-05-27T08:15:12.357924Z	info	sync complete	name=istiod analyzer attempt=1 time=25.375µs
2026-05-27T08:15:22.529567Z	info	sync complete	name=istiod analyzer attempt=1 time=49.667µs
2026-05-27T08:15:42.954370Z	info	sync complete	name=istiod analyzer attempt=1 time=23.625µs
2026-05-27T08:15:52.999411Z	info	sync complete	name=istiod analyzer attempt=1 time=33.375µs
2026-05-27T08:16:23.464801Z	info	sync complete	name=istiod analyzer attempt=1 time=54.334µs
2026-05-27T08:16:33.735821Z	info	sync complete	name=istiod analyzer attempt=1 time=25.084µs
2026-05-27T08:16:43.814428Z	info	sync complete	name=istiod analyzer attempt=1 time=79.083µs
2026-05-27T08:17:57.161513Z	info	model	Incremental push, service echo.echo-tr.svc.cluster.local at shard Kubernetes/cluster-2 has no endpoints
2026-05-27T08:17:57.170536Z	info	Process sidecar injection request	path=/inject pod=echo-tr/echo-5fb5d66d6-***** (actual name not yet known)
2026-05-27T08:17:57.262305Z	info	ads	Push debounce stable[4] 3 for config ConfigMap/echo-tr/kube-root-ca.crt and 1 more configs: 100.623334ms since last change, 131.991209ms since last push, full=true
2026-05-27T08:17:57.263046Z	info	ads	XDS: Pushing Services:10 ConnectedEndpoints:0 Version:2026-05-27T08:17:57Z/4
2026-05-27T08:17:57.310476Z	info	Process sidecar injection request	path=/inject pod=echo-tr/echo-tr-gateway-67dd96d555-***** (actual name not yet known)
2026-05-27T08:17:57.314943Z	info	model	Incremental push, service echo-tr-gateway.echo-tr.svc.cluster.local at shard Kubernetes/cluster-2 has no endpoints
2026-05-27T08:17:57.315094Z	info	model	reloading network gateways
2026-05-27T08:17:57.315119Z	info	model	gateways changed, triggering push
2026-05-27T08:17:57.416316Z	info	ads	Push debounce stable[5] 5 for config ServiceEntry/echo-tr/echo-tr-gateway.echo-tr.svc.cluster.local: 101.166459ms since last change, 107.701417ms since last push, full=true
2026-05-27T08:17:57.418145Z	info	ads	XDS: Pushing Services:11 ConnectedEndpoints:0 Version:2026-05-27T08:17:57Z/5
2026-05-27T08:17:58.344498Z	info	sync complete	name=istiod analyzer attempt=1 time=54.792µs
2026-05-27T08:17:58.677902Z	info	delta	ADS: new delta connection for node:echo-tr-gateway-67dd96d555-q7s44.echo-tr-1
2026-05-27T08:17:58.678162Z	info	delta	CDS: PUSH request for node:echo-tr-gateway-67dd96d555-q7s44.echo-tr resources:1 removed:0 size:50B
2026-05-27T08:17:58.681607Z	info	delta	LDS: PUSH request for node:echo-tr-gateway-67dd96d555-q7s44.echo-tr resources:0 removed:0 size:0B
2026-05-27T08:17:58.951472Z	info	model	Full push, new service echo-tr/echo-tr-gateway.echo-tr.svc.cluster.local
2026-05-27T08:17:58.969382Z	info	model	Full push, new service echo-tr/echo.echo-tr.svc.cluster.local
2026-05-27T08:17:58.976723Z	info	delta	CDS: PUSH for node:echo-tr-gateway-67dd96d555-q7s44.echo-tr resources:1 removed:0 size:50B
2026-05-27T08:17:58.976758Z	info	delta	LDS: PUSH for node:echo-tr-gateway-67dd96d555-q7s44.echo-tr resources:0 removed:0 size:0B
2026-05-27T08:17:59.080342Z	info	delta	ADS: new delta connection for node:echo-5fb5d66d6-xhjw8.echo-tr-2
2026-05-27T08:17:59.080759Z	info	delta	CDS: PUSH request for node:echo-5fb5d66d6-xhjw8.echo-tr resources:22 removed:0 size:22.4kB cached:0/18
2026-05-27T08:17:59.082327Z	info	ads	Push debounce stable[6] 3 for config ServiceEntry/echo-tr/echo-tr-gateway.echo-tr.svc.cluster.local and 1 more configs: 100.194709ms since last change, 130.811416ms since last push, full=true
2026-05-27T08:17:59.082776Z	info	ads	XDS: Pushing Services:11 ConnectedEndpoints:2 Version:2026-05-27T08:17:59Z/6
2026-05-27T08:17:59.082888Z	info	delta	CDS: PUSH for node:echo-tr-gateway-67dd96d555-q7s44.echo-tr resources:1 removed:0 size:50B
2026-05-27T08:17:59.083014Z	info	delta	LDS: PUSH for node:echo-tr-gateway-67dd96d555-q7s44.echo-tr resources:0 removed:0 size:0B
2026-05-27T08:17:59.083140Z	info	delta	CDS: PUSH for node:echo-5fb5d66d6-xhjw8.echo-tr resources:7 removed:0 size:4.5kB cached:0/3
2026-05-27T08:17:59.085745Z	info	delta	EDS: PUSH request for node:echo-5fb5d66d6-xhjw8.echo-tr resources:18 removed:0 size:3.7kB empty:1 cached:0/18 filtered:0
2026-05-27T08:17:59.113095Z	info	delta	LDS: PUSH request for node:echo-5fb5d66d6-xhjw8.echo-tr resources:20 removed:0 size:83.7kB
2026-05-27T08:17:59.113298Z	info	delta	NDS: PUSH request for node:echo-5fb5d66d6-xhjw8.echo-tr resources:1 removed:0 size:1.2kB
2026-05-27T08:17:59.125112Z	info	delta	RDS: PUSH request for node:echo-5fb5d66d6-xhjw8.echo-tr resources:10 removed:0 size:5.6kB cached:0/10 filtered:0
2026-05-27T08:18:01.959726Z	info	sync complete	name=istiod analyzer attempt=1 time=28.125µs
2026-05-27T08:18:02.046395Z	info	ads	Push Status: {
    "pilot_eds_no_instances": {
        "outbound|80||echo.echo-tr.svc.cluster.local": {}
    }
}
2026-05-27T08:18:08.969279Z	info	delta	CDS: PUSH for node:echo-5fb5d66d6-xhjw8.echo-tr resources:22 removed:0 size:22.6kB cached:3/18
2026-05-27T08:18:08.969351Z	info	delta	EDS: PUSH for node:echo-5fb5d66d6-xhjw8.echo-tr resources:18 removed:0 size:3.7kB empty:0 cached:18/18
2026-05-27T08:18:08.970151Z	info	delta	LDS: PUSH for node:echo-5fb5d66d6-xhjw8.echo-tr resources:20 removed:0 size:83.7kB
2026-05-27T08:18:08.970399Z	info	delta	RDS: PUSH for node:echo-5fb5d66d6-xhjw8.echo-tr resources:10 removed:0 size:5.6kB cached:7/10
2026-05-27T08:18:08.970440Z	info	delta	NDS: PUSH for node:echo-5fb5d66d6-xhjw8.echo-tr resources:1 removed:0 size:1.2kB
2026-05-27T08:18:09.074413Z	info	ads	Push debounce stable[7] 1 for config ServiceEntry/echo-tr/echo.echo-tr.svc.cluster.local: 102.045583ms since last change, 102.045541ms since last push, full=false
2026-05-27T08:18:09.074480Z	info	ads	XDS: Incremental Pushing ConnectedEndpoints:2 Version:2026-05-27T08:17:59Z/6
2026-05-27T08:18:09.977371Z	info	sync complete	name=istiod analyzer attempt=1 time=26.833µs
2026-05-27T08:18:15.677848Z	info	sync complete	name=istiod analyzer attempt=1 time=37.916µs
2026-05-27T08:18:36.195872Z	info	sync complete	name=istiod analyzer attempt=1 time=67.875µs
2026-05-27T08:18:46.534196Z	info	sync complete	name=istiod analyzer attempt=1 time=46.042µs
2026-05-27T08:18:50.204175Z	info	ads	Push debounce stable[8] 7 for config EnvoyFilter/echo-tr/default-upstream-traffic-setting and 6 more configs: 100.083333ms since last change, 104.732208ms since last push, full=true
2026-05-27T08:18:50.207146Z	info	ads	XDS: Pushing Services:11 ConnectedEndpoints:2 Version:2026-05-27T08:18:50Z/7
2026-05-27T08:18:50.207954Z	info	delta	CDS: PUSH for node:echo-5fb5d66d6-xhjw8.echo-tr resources:22 removed:0 size:23.0kB cached:0/18
2026-05-27T08:18:50.208017Z	info	delta	EDS: PUSH for node:echo-5fb5d66d6-xhjw8.echo-tr resources:18 removed:0 size:3.9kB empty:0 cached:18/18
2026-05-27T08:18:50.208914Z	info	delta	LDS: PUSH for node:echo-5fb5d66d6-xhjw8.echo-tr resources:20 removed:0 size:83.7kB
2026-05-27T08:18:50.209357Z	info	delta	RDS: PUSH for node:echo-5fb5d66d6-xhjw8.echo-tr resources:10 removed:0 size:8.0kB cached:0/10
2026-05-27T08:18:50.209399Z	info	delta	NDS: PUSH for node:echo-5fb5d66d6-xhjw8.echo-tr resources:1 removed:0 size:1.2kB
2026-05-27T08:18:50.209600Z	info	delta	CDS: PUSH for node:echo-tr-gateway-67dd96d555-q7s44.echo-tr resources:2 removed:0 size:1.1kB cached:0/1
2026-05-27T08:18:50.211553Z	info	delta	LDS: PUSH for node:echo-tr-gateway-67dd96d555-q7s44.echo-tr resources:2 removed:0 size:11.3kB
2026-05-27T08:18:50.223542Z	info	delta	EDS: PUSH request for node:echo-tr-gateway-67dd96d555-q7s44.echo-tr resources:1 removed:0 size:228B empty:0 cached:0/1 filtered:0
2026-05-27T08:18:50.224662Z	info	delta	RDS: PUSH request for node:echo-tr-gateway-67dd96d555-q7s44.echo-tr resources:2 removed:0 size:1.4kB cached:0/0 filtered:0
2026-05-27T08:18:51.105859Z	info	sync complete	name=istiod analyzer attempt=1 time=73.875µs
2026-05-27T08:18:51.145268Z	info	model	Cache Update, new service xcp-multicluster/transit.tetrate.io
2026-05-27T08:18:51.255964Z	info	ads	Push debounce stable[9] 7 for config EnvoyFilter/echo-tr/default-allow-echo-tr-gw-external-batch0 and 5 more configs: 101.511209ms since last change, 134.22575ms since last push, full=true
2026-05-27T08:18:51.256853Z	info	ads	XDS: Pushing Services:12 ConnectedEndpoints:2 Version:2026-05-27T08:18:51Z/8
2026-05-27T08:18:51.257261Z	info	delta	CDS: PUSH for node:echo-5fb5d66d6-xhjw8.echo-tr resources:23 removed:0 size:24.1kB cached:0/19
2026-05-27T08:18:51.257295Z	info	delta	EDS: PUSH for node:echo-5fb5d66d6-xhjw8.echo-tr resources:18 removed:0 size:3.9kB empty:0 cached:18/18
2026-05-27T08:18:51.257855Z	info	delta	LDS: PUSH for node:echo-5fb5d66d6-xhjw8.echo-tr resources:20 removed:0 size:83.7kB
2026-05-27T08:18:51.258401Z	info	delta	RDS: PUSH for node:echo-5fb5d66d6-xhjw8.echo-tr resources:10 removed:0 size:8.6kB cached:0/10
2026-05-27T08:18:51.258453Z	info	delta	NDS: PUSH for node:echo-5fb5d66d6-xhjw8.echo-tr resources:1 removed:0 size:1.2kB
2026-05-27T08:18:51.258599Z	info	delta	CDS: PUSH for node:echo-tr-gateway-67dd96d555-q7s44.echo-tr resources:2 removed:0 size:1.1kB cached:0/1
2026-05-27T08:18:51.258617Z	info	delta	EDS: PUSH for node:echo-tr-gateway-67dd96d555-q7s44.echo-tr resources:1 removed:0 size:228B empty:0 cached:1/1
2026-05-27T08:18:51.259044Z	info	delta	LDS: PUSH for node:echo-tr-gateway-67dd96d555-q7s44.echo-tr resources:2 removed:0 size:11.3kB
2026-05-27T08:18:51.259107Z	info	delta	RDS: PUSH for node:echo-tr-gateway-67dd96d555-q7s44.echo-tr resources:2 removed:0 size:1.4kB cached:0/0
2026-05-27T08:18:51.267278Z	info	delta	EDS: PUSH request for node:echo-5fb5d66d6-xhjw8.echo-tr resources:1 removed:0 size:146B empty:0 cached:0/1 filtered:18
2026-05-27T08:18:52.155104Z	info	sync complete	name=istiod analyzer attempt=1 time=32.541µs
2026-05-27T08:18:56.655222Z	info	sync complete	name=istiod analyzer attempt=1 time=26.917µs
2026-05-27T08:19:07.011249Z	info	sync complete	name=istiod analyzer attempt=1 time=39.292µs
2026-05-27T08:19:27.259620Z	info	sync complete	name=istiod analyzer attempt=1 time=30.708µs
2026-05-27T08:19:37.464590Z	info	sync complete	name=istiod analyzer attempt=1 time=34.125µs
2026-05-27T08:19:47.799082Z	info	sync complete	name=istiod analyzer attempt=1 time=25.625µs
2026-05-27T08:19:57.972950Z	info	sync complete	name=istiod analyzer attempt=1 time=37.75µs
2026-05-27T08:21:19.321972Z	info	sync complete	name=istiod analyzer attempt=1 time=54.458µs
2026-05-27T08:21:29.381844Z	info	sync complete	name=istiod analyzer attempt=1 time=38.75µs
2026-05-27T08:21:49.938653Z	info	sync complete	name=istiod analyzer attempt=1 time=30.75µs
2026-05-27T08:22:00.236777Z	info	sync complete	name=istiod analyzer attempt=1 time=34.625µs
2026-05-27T08:22:10.509716Z	info	sync complete	name=istiod analyzer attempt=1 time=25.958µs
2026-05-27T08:22:20.565111Z	info	sync complete	name=istiod analyzer attempt=1 time=59.042µs
2026-05-27T08:22:30.901284Z	info	sync complete	name=istiod analyzer attempt=1 time=30.208µs
2026-05-27T08:23:42.149048Z	info	sync complete	name=istiod analyzer attempt=1 time=112.292µs
2026-05-27T08:23:52.523665Z	info	sync complete	name=istiod analyzer attempt=1 time=43.917µs
2026-05-27T08:25:04.147635Z	info	sync complete	name=istiod analyzer attempt=1 time=77.125µs
2026-05-27T08:25:14.546276Z	info	sync complete	name=istiod analyzer attempt=1 time=44.583µs
2026-05-27T08:26:05.235401Z	info	sync complete	name=istiod analyzer attempt=1 time=31.333µs
2026-05-27T08:26:15.624631Z	info	sync complete	name=istiod analyzer attempt=1 time=30µs
2026-05-27T08:26:25.971782Z	info	sync complete	name=istiod analyzer attempt=1 time=68.125µs
2026-05-27T08:26:36.097551Z	info	sync complete	name=istiod analyzer attempt=1 time=29.958µs
2026-05-27T08:27:26.635022Z	info	sync complete	name=istiod analyzer attempt=1 time=26.5µs
2026-05-27T08:27:36.790019Z	info	sync complete	name=istiod analyzer attempt=1 time=26.958µs
2026-05-27T08:28:17.988498Z	info	sync complete	name=istiod analyzer attempt=1 time=70.375µs
2026-05-27T08:28:28.385325Z	info	sync complete	name=istiod analyzer attempt=1 time=39.667µs
2026-05-27T08:29:19.660358Z	info	sync complete	name=istiod analyzer attempt=1 time=45.541µs
2026-05-27T08:29:29.935296Z	info	sync complete	name=istiod analyzer attempt=1 time=30.667µs
2026-05-27T08:29:40.263554Z	info	sync complete	name=istiod analyzer attempt=1 time=112.583µs
2026-05-27T08:29:50.412080Z	info	sync complete	name=istiod analyzer attempt=1 time=79.291µs
2026-05-27T08:30:31.544874Z	info	sync complete	name=istiod analyzer attempt=1 time=129.917µs
2026-05-27T08:30:41.834137Z	info	sync complete	name=istiod analyzer attempt=1 time=51.208µs
2026-05-27T08:31:33.011612Z	info	sync complete	name=istiod analyzer attempt=1 time=99.75µs
2026-05-27T08:31:43.255690Z	info	sync complete	name=istiod analyzer attempt=1 time=79.667µs
2026-05-27T08:32:03.777561Z	info	sync complete	name=istiod analyzer attempt=1 time=34.25µs
2026-05-27T08:32:13.956845Z	info	sync complete	name=istiod analyzer attempt=1 time=37.125µs
2026-05-27T08:32:34.305164Z	info	sync complete	name=istiod analyzer attempt=1 time=107.75µs
2026-05-27T08:32:44.362984Z	info	sync complete	name=istiod analyzer attempt=1 time=34.208µs
2026-05-27T08:32:54.476782Z	info	sync complete	name=istiod analyzer attempt=1 time=46.667µs
2026-05-27T08:33:04.566173Z	info	sync complete	name=istiod analyzer attempt=1 time=100.834µs
2026-05-27T08:33:24.912904Z	info	sync complete	name=istiod analyzer attempt=1 time=117.917µs
2026-05-27T08:33:35.251712Z	info	sync complete	name=istiod analyzer attempt=1 time=58.417µs
2026-05-27T08:34:56.340492Z	info	sync complete	name=istiod analyzer attempt=1 time=57.75µs
2026-05-27T08:35:06.585389Z	info	sync complete	name=istiod analyzer attempt=1 time=41.125µs
2026-05-27T08:36:17.855779Z	info	sync complete	name=istiod analyzer attempt=1 time=117.333µs
2026-05-27T08:36:38.237461Z	info	sync complete	name=istiod analyzer attempt=1 time=34.833µs
2026-05-27T08:37:08.810529Z	info	sync complete	name=istiod analyzer attempt=1 time=67.833µs
2026-05-27T08:37:18.944807Z	info	sync complete	name=istiod analyzer attempt=1 time=38.542µs
2026-05-27T08:37:49.870191Z	info	sync complete	name=istiod analyzer attempt=1 time=42.209µs
2026-05-27T08:38:00.092966Z	info	sync complete	name=istiod analyzer attempt=1 time=45.584µs
2026-05-27T08:39:01.285393Z	info	sync complete	name=istiod analyzer attempt=1 time=64.292µs
2026-05-27T08:39:11.296804Z	info	sync complete	name=istiod analyzer attempt=1 time=45.666µs
2026-05-27T08:39:42.161205Z	info	sync complete	name=istiod analyzer attempt=1 time=78.625µs
2026-05-27T08:39:52.262637Z	info	sync complete	name=istiod analyzer attempt=1 time=84.667µs
2026-05-27T08:44:17.492380Z	info	sync complete	name=istiod analyzer attempt=1 time=183.625µs
2026-05-27T08:44:27.892816Z	info	sync complete	name=istiod analyzer attempt=1 time=35.084µs
2026-05-27T08:45:08.641313Z	info	sync complete	name=istiod analyzer attempt=1 time=45.917µs
2026-05-27T08:45:18.820784Z	info	sync complete	name=istiod analyzer attempt=1 time=40.208µs
2026-05-27T08:45:54.538738Z	info	delta	ADS: "10.30.0.15:34520" echo-tr-gateway-67dd96d555-q7s44.echo-tr-1 terminated
2026-05-27T08:45:54.977122Z	info	delta	ADS: new delta connection for node:echo-tr-gateway-67dd96d555-q7s44.echo-tr-3
2026-05-27T08:45:54.977734Z	info	delta	CDS: PUSH request for node:echo-tr-gateway-67dd96d555-q7s44.echo-tr resources:2 removed:0 size:1.1kB cached:1/1 filtered:0
2026-05-27T08:45:54.979844Z	info	delta	LDS: PUSH request for node:echo-tr-gateway-67dd96d555-q7s44.echo-tr resources:2 removed:0 size:11.3kB filtered:0
2026-05-27T08:45:54.979945Z	info	delta	EDS: PUSH request for node:echo-tr-gateway-67dd96d555-q7s44.echo-tr resources:1 removed:0 size:228B empty:0 cached:1/1 filtered:0
2026-05-27T08:45:54.980213Z	info	delta	RDS: PUSH request for node:echo-tr-gateway-67dd96d555-q7s44.echo-tr resources:2 removed:0 size:1.4kB cached:0/0 filtered:0
2026-05-27T08:45:59.845817Z	info	sync complete	name=istiod analyzer attempt=1 time=58.583µs
2026-05-27T08:46:09.934654Z	info	sync complete	name=istiod analyzer attempt=1 time=40.708µs
2026-05-27T08:46:10.109784Z	info	delta	ADS: "10.30.0.14:52690" echo-5fb5d66d6-xhjw8.echo-tr-2 terminated
2026-05-27T08:46:10.327767Z	info	delta	ADS: new delta connection for node:echo-5fb5d66d6-xhjw8.echo-tr-4
2026-05-27T08:46:10.327997Z	info	delta	CDS: PUSH request for node:echo-5fb5d66d6-xhjw8.echo-tr resources:23 removed:0 size:24.1kB cached:19/19 filtered:0
2026-05-27T08:46:10.330520Z	info	delta	EDS: PUSH request for node:echo-5fb5d66d6-xhjw8.echo-tr resources:19 removed:0 size:4.0kB empty:0 cached:19/19 filtered:0
2026-05-27T08:46:10.333774Z	info	delta	LDS: PUSH request for node:echo-5fb5d66d6-xhjw8.echo-tr resources:20 removed:0 size:83.7kB filtered:0
2026-05-27T08:46:10.333946Z	info	delta	NDS: PUSH request for node:echo-5fb5d66d6-xhjw8.echo-tr resources:1 removed:0 size:1.2kB
2026-05-27T08:46:10.334144Z	info	delta	RDS: PUSH request for node:echo-5fb5d66d6-xhjw8.echo-tr resources:10 removed:0 size:8.6kB cached:8/10 filtered:0
2026-05-27T08:46:20.065407Z	info	sync complete	name=istiod analyzer attempt=1 time=38.083µs
2026-05-27T08:46:30.471464Z	info	sync complete	name=istiod analyzer attempt=1 time=42.375µs
2026-05-27T08:47:31.386631Z	info	sync complete	name=istiod analyzer attempt=1 time=93.75µs
2026-05-27T08:47:41.644648Z	info	sync complete	name=istiod analyzer attempt=1 time=44.667µs
2026-05-27T08:47:51.985573Z	info	sync complete	name=istiod analyzer attempt=1 time=25.667µs
2026-05-27T08:48:02.129533Z	info	sync complete	name=istiod analyzer attempt=1 time=38.5µs
2026-05-27T08:48:12.234929Z	info	sync complete	name=istiod analyzer attempt=1 time=36.958µs
2026-05-27T08:49:44.077595Z	info	sync complete	name=istiod analyzer attempt=1 time=78.042µs
2026-05-27T08:49:54.121558Z	info	sync complete	name=istiod analyzer attempt=1 time=67.25µs
2026-05-27T08:50:04.230448Z	info	sync complete	name=istiod analyzer attempt=1 time=28.375µs
2026-05-27T08:51:56.749528Z	info	sync complete	name=istiod analyzer attempt=1 time=119.792µs
2026-05-27T08:52:17.425493Z	info	sync complete	name=istiod analyzer attempt=1 time=34.5µs
2026-05-27T08:54:29.586244Z	info	sync complete	name=istiod analyzer attempt=1 time=127.291µs
2026-05-27T08:54:39.733787Z	info	sync complete	name=istiod analyzer attempt=1 time=26.875µs
2026-05-27T08:54:50.100110Z	info	sync complete	name=istiod analyzer attempt=1 time=26.417µs
2026-05-27T08:55:00.125906Z	info	sync complete	name=istiod analyzer attempt=1 time=29.166µs
2026-05-27T08:55:10.404061Z	info	sync complete	name=istiod analyzer attempt=1 time=24.75µs
2026-05-27T08:55:41.104869Z	info	sync complete	name=istiod analyzer attempt=1 time=25.834µs
2026-05-27T08:56:32.194100Z	info	sync complete	name=istiod analyzer attempt=1 time=30.375µs
2026-05-27T08:56:42.434643Z	info	sync complete	name=istiod analyzer attempt=1 time=32.958µs
2026-05-27T08:56:52.665699Z	info	sync complete	name=istiod analyzer attempt=1 time=25.417µs
2026-05-27T08:57:02.695622Z	info	sync complete	name=istiod analyzer attempt=1 time=27.875µs
2026-05-27T08:57:23.048964Z	info	sync complete	name=istiod analyzer attempt=1 time=27.542µs
2026-05-27T08:58:03.299237Z	info	sync complete	name=istiod analyzer attempt=1 time=33.667µs
2026-05-27T08:58:13.599819Z	info	sync complete	name=istiod analyzer attempt=1 time=28.25µs
2026-05-27T08:59:04.527021Z	info	sync complete	name=istiod analyzer attempt=1 time=26.333µs
2026-05-27T08:59:14.586202Z	info	sync complete	name=istiod analyzer attempt=1 time=40.167µs
2026-05-27T08:59:35.030588Z	info	sync complete	name=istiod analyzer attempt=1 time=33.084µs
2026-05-27T08:59:45.181615Z	info	sync complete	name=istiod analyzer attempt=1 time=33.875µs
2026-05-27T09:00:56.538416Z	info	sync complete	name=istiod analyzer attempt=1 time=60.708µs
2026-05-27T09:01:06.727412Z	info	sync complete	name=istiod analyzer attempt=1 time=37.25µs
2026-05-27T09:01:57.927083Z	info	sync complete	name=istiod analyzer attempt=1 time=27.792µs
2026-05-27T09:02:18.321347Z	info	sync complete	name=istiod analyzer attempt=1 time=26.583µs
2026-05-27T09:02:28.606642Z	info	sync complete	name=istiod analyzer attempt=1 time=24.417µs
2026-05-27T09:02:38.857343Z	info	sync complete	name=istiod analyzer attempt=1 time=32.625µs
2026-05-27T09:03:29.371126Z	info	sync complete	name=istiod analyzer attempt=1 time=26.417µs
2026-05-27T09:03:39.445024Z	info	sync complete	name=istiod analyzer attempt=1 time=24.792µs
2026-05-27T09:04:40.789794Z	info	sync complete	name=istiod analyzer attempt=1 time=32.208µs
2026-05-27T09:04:50.866119Z	info	sync complete	name=istiod analyzer attempt=1 time=69.417µs
2026-05-27T09:05:31.533706Z	info	sync complete	name=istiod analyzer attempt=1 time=28.834µs
2026-05-27T09:05:41.837973Z	info	sync complete	name=istiod analyzer attempt=1 time=28.291µs
2026-05-27T09:05:51.848021Z	info	sync complete	name=istiod analyzer attempt=1 time=29.084µs
2026-05-27T09:06:02.099106Z	info	sync complete	name=istiod analyzer attempt=1 time=32.292µs
2026-05-27T09:06:32.515930Z	info	sync complete	name=istiod analyzer attempt=1 time=48.75µs
2026-05-27T09:06:52.878435Z	info	sync complete	name=istiod analyzer attempt=1 time=35.958µs
2026-05-27T09:07:03.215745Z	info	sync complete	name=istiod analyzer attempt=1 time=28.041µs
2026-05-27T09:08:04.620587Z	info	sync complete	name=istiod analyzer attempt=1 time=32.667µs
2026-05-27T09:08:14.679242Z	info	sync complete	name=istiod analyzer attempt=1 time=27.458µs
2026-05-27T09:10:06.447927Z	info	sync complete	name=istiod analyzer attempt=1 time=92.542µs
2026-05-27T09:10:16.645461Z	info	sync complete	name=istiod analyzer attempt=1 time=25.375µs
2026-05-27T09:10:26.720299Z	info	sync complete	name=istiod analyzer attempt=1 time=32.916µs
2026-05-27T09:10:37.113083Z	info	sync complete	name=istiod analyzer attempt=1 time=28.208µs
2026-05-27T09:10:47.251529Z	info	sync complete	name=istiod analyzer attempt=1 time=29.417µs
2026-05-27T09:12:39.715722Z	info	sync complete	name=istiod analyzer attempt=1 time=26.125µs
2026-05-27T09:12:49.954584Z	info	sync complete	name=istiod analyzer attempt=1 time=28.583µs
2026-05-27T09:13:00.353404Z	info	sync complete	name=istiod analyzer attempt=1 time=25µs
2026-05-27T09:13:10.706334Z	info	sync complete	name=istiod analyzer attempt=1 time=26.75µs
2026-05-27T09:13:21.088618Z	info	sync complete	name=istiod analyzer attempt=1 time=35.333µs
2026-05-27T09:13:31.178556Z	info	sync complete	name=istiod analyzer attempt=1 time=27µs
2026-05-27T09:13:51.564418Z	info	sync complete	name=istiod analyzer attempt=1 time=28.958µs
2026-05-27T09:14:01.889071Z	info	sync complete	name=istiod analyzer attempt=1 time=29.208µs
2026-05-27T09:14:12.377114Z	info	delta	ADS: "10.30.0.15:54532" echo-tr-gateway-67dd96d555-q7s44.echo-tr-3 terminated
2026-05-27T09:14:12.553307Z	info	delta	ADS: new delta connection for node:echo-tr-gateway-67dd96d555-q7s44.echo-tr-5
2026-05-27T09:14:12.553573Z	info	delta	CDS: PUSH request for node:echo-tr-gateway-67dd96d555-q7s44.echo-tr resources:2 removed:0 size:1.1kB cached:1/1 filtered:0
2026-05-27T09:14:12.555687Z	info	delta	LDS: PUSH request for node:echo-tr-gateway-67dd96d555-q7s44.echo-tr resources:2 removed:0 size:11.3kB filtered:0
2026-05-27T09:14:12.555754Z	info	delta	EDS: PUSH request for node:echo-tr-gateway-67dd96d555-q7s44.echo-tr resources:1 removed:0 size:228B empty:0 cached:1/1 filtered:0
2026-05-27T09:14:12.555923Z	info	delta	RDS: PUSH request for node:echo-tr-gateway-67dd96d555-q7s44.echo-tr resources:2 removed:0 size:1.4kB cached:0/0 filtered:0
2026-05-27T09:14:22.505312Z	info	sync complete	name=istiod analyzer attempt=1 time=38.458µs
2026-05-27T09:14:53.133255Z	info	sync complete	name=istiod analyzer attempt=1 time=37.042µs
2026-05-27T09:15:13.589678Z	info	sync complete	name=istiod analyzer attempt=1 time=32µs
2026-05-27T09:15:23.677546Z	info	sync complete	name=istiod analyzer attempt=1 time=24.167µs
2026-05-27T09:16:25.179113Z	info	sync complete	name=istiod analyzer attempt=1 time=56.5µs
2026-05-27T09:16:35.189059Z	info	sync complete	name=istiod analyzer attempt=1 time=40.666µs
2026-05-27T09:17:56.854282Z	info	sync complete	name=istiod analyzer attempt=1 time=77.334µs
2026-05-27T09:18:06.864246Z	info	sync complete	name=istiod analyzer attempt=1 time=24.75µs
2026-05-27T09:18:37.245721Z	info	sync complete	name=istiod analyzer attempt=1 time=22.416µs
2026-05-27T09:18:47.422256Z	info	sync complete	name=istiod analyzer attempt=1 time=32.125µs
2026-05-27T09:19:13.479003Z	info	delta	ADS: "10.30.0.14:55076" echo-5fb5d66d6-xhjw8.echo-tr-4 terminated
2026-05-27T09:19:13.975228Z	info	delta	ADS: new delta connection for node:echo-5fb5d66d6-xhjw8.echo-tr-6
2026-05-27T09:19:13.975432Z	info	delta	CDS: PUSH request for node:echo-5fb5d66d6-xhjw8.echo-tr resources:23 removed:0 size:24.1kB cached:19/19 filtered:0
2026-05-27T09:19:13.976016Z	info	delta	EDS: PUSH request for node:echo-5fb5d66d6-xhjw8.echo-tr resources:19 removed:0 size:4.0kB empty:0 cached:19/19 filtered:0
2026-05-27T09:19:13.977012Z	info	delta	LDS: PUSH request for node:echo-5fb5d66d6-xhjw8.echo-tr resources:20 removed:0 size:83.7kB filtered:0
2026-05-27T09:19:13.977104Z	info	delta	NDS: PUSH request for node:echo-5fb5d66d6-xhjw8.echo-tr resources:1 removed:0 size:1.2kB
2026-05-27T09:19:13.977225Z	info	delta	RDS: PUSH request for node:echo-5fb5d66d6-xhjw8.echo-tr resources:10 removed:0 size:8.6kB cached:7/10 filtered:0
2026-05-27T09:20:29.080345Z	info	sync complete	name=istiod analyzer attempt=1 time=33.75µs
2026-05-27T09:20:39.470254Z	info	sync complete	name=istiod analyzer attempt=1 time=24.458µs
2026-05-27T09:21:30.526521Z	info	sync complete	name=istiod analyzer attempt=1 time=25.75µs
2026-05-27T09:21:50.836969Z	info	sync complete	name=istiod analyzer attempt=1 time=31.25µs
2026-05-27T09:22:11.279228Z	info	sync complete	name=istiod analyzer attempt=1 time=29.042µs
2026-05-27T09:22:31.973183Z	info	sync complete	name=istiod analyzer attempt=1 time=37.708µs
2026-05-27T09:22:42.257562Z	info	sync complete	name=istiod analyzer attempt=1 time=23.834µs
2026-05-27T09:24:04.127922Z	info	sync complete	name=istiod analyzer attempt=1 time=32.667µs
2026-05-27T09:24:14.131330Z	info	sync complete	name=istiod analyzer attempt=1 time=32.75µs
2026-05-27T09:24:44.997595Z	info	sync complete	name=istiod analyzer attempt=1 time=27.959µs
2026-05-27T09:24:55.247752Z	info	sync complete	name=istiod analyzer attempt=1 time=32.5µs
2026-05-27T09:25:45.620331Z	info	sync complete	name=istiod analyzer attempt=1 time=29.833µs
2026-05-27T09:25:55.985706Z	info	sync complete	name=istiod analyzer attempt=1 time=26.708µs
2026-05-27T09:28:59.552364Z	info	sync complete	name=istiod analyzer attempt=1 time=62.208µs
2026-05-27T09:30:31.739299Z	info	sync complete	name=istiod analyzer attempt=1 time=25.209µs
2026-05-27T09:30:41.900657Z	info	sync complete	name=istiod analyzer attempt=1 time=28.541µs
2026-05-27T09:31:02.272451Z	info	sync complete	name=istiod analyzer attempt=1 time=24.709µs
2026-05-27T09:31:12.562961Z	info	sync complete	name=istiod analyzer attempt=1 time=37µs
2026-05-27T09:31:42.975596Z	info	sync complete	name=istiod analyzer attempt=1 time=66.333µs
2026-05-27T09:32:03.167244Z	info	sync complete	name=istiod analyzer attempt=1 time=29.042µs
2026-05-27T09:32:13.272345Z	info	sync complete	name=istiod analyzer attempt=1 time=22.584µs
2026-05-27T09:32:23.557918Z	info	sync complete	name=istiod analyzer attempt=1 time=36.459µs
2026-05-27T09:32:33.758637Z	info	sync complete	name=istiod analyzer attempt=1 time=28.333µs
2026-05-27T09:32:44.041325Z	info	sync complete	name=istiod analyzer attempt=1 time=31.583µs
2026-05-27T09:35:37.751783Z	info	sync complete	name=istiod analyzer attempt=1 time=35.792µs
2026-05-27T09:35:48.114725Z	info	sync complete	name=istiod analyzer attempt=1 time=24.5µs
2026-05-27T09:36:48.815135Z	info	sync complete	name=istiod analyzer attempt=1 time=34.208µs
2026-05-27T09:36:58.896836Z	info	sync complete	name=istiod analyzer attempt=1 time=58.25µs
2026-05-27T09:38:50.873162Z	info	sync complete	name=istiod analyzer attempt=1 time=42.25µs
2026-05-27T09:39:00.892197Z	info	sync complete	name=istiod analyzer attempt=1 time=28.375µs
2026-05-27T09:39:31.628721Z	info	sync complete	name=istiod analyzer attempt=1 time=24.916µs
2026-05-27T09:39:41.693357Z	info	sync complete	name=istiod analyzer attempt=1 time=23.041µs
2026-05-27T09:39:51.979614Z	info	sync complete	name=istiod analyzer attempt=1 time=37.25µs
2026-05-27T09:40:02.068540Z	info	sync complete	name=istiod analyzer attempt=1 time=26.666µs
2026-05-27T09:40:12.145855Z	info	sync complete	name=istiod analyzer attempt=1 time=25.75µs
2026-05-27T09:40:32.484646Z	info	sync complete	name=istiod analyzer attempt=1 time=34.458µs
2026-05-27T09:40:42.751379Z	info	sync complete	name=istiod analyzer attempt=1 time=27µs
2026-05-27T09:40:53.066717Z	info	sync complete	name=istiod analyzer attempt=1 time=22.833µs
2026-05-27T09:42:04.321556Z	info	sync complete	name=istiod analyzer attempt=1 time=26.208µs
2026-05-27T09:42:14.456885Z	info	sync complete	name=istiod analyzer attempt=1 time=28.709µs
2026-05-27T09:43:05.504264Z	info	sync complete	name=istiod analyzer attempt=1 time=25.625µs
2026-05-27T09:43:15.603646Z	info	sync complete	name=istiod analyzer attempt=1 time=60.875µs
2026-05-27T09:43:36.417056Z	info	delta	ADS: "10.30.0.15:39028" echo-tr-gateway-67dd96d555-q7s44.echo-tr-5 terminated
2026-05-27T09:43:36.723771Z	info	delta	ADS: new delta connection for node:echo-tr-gateway-67dd96d555-q7s44.echo-tr-7
2026-05-27T09:43:36.724072Z	info	delta	CDS: PUSH request for node:echo-tr-gateway-67dd96d555-q7s44.echo-tr resources:2 removed:0 size:1.1kB cached:1/1 filtered:0
2026-05-27T09:43:36.725381Z	info	delta	LDS: PUSH request for node:echo-tr-gateway-67dd96d555-q7s44.echo-tr resources:2 removed:0 size:11.3kB filtered:0
2026-05-27T09:43:36.725428Z	info	delta	EDS: PUSH request for node:echo-tr-gateway-67dd96d555-q7s44.echo-tr resources:1 removed:0 size:228B empty:0 cached:1/1 filtered:0
2026-05-27T09:43:36.725586Z	info	delta	RDS: PUSH request for node:echo-tr-gateway-67dd96d555-q7s44.echo-tr resources:2 removed:0 size:1.4kB cached:0/0 filtered:0
2026-05-27T09:44:27.289481Z	info	sync complete	name=istiod analyzer attempt=1 time=41.875µs
2026-05-27T09:44:37.408497Z	info	sync complete	name=istiod analyzer attempt=1 time=24.916µs
2026-05-27T09:45:28.726578Z	info	sync complete	name=istiod analyzer attempt=1 time=29.375µs
2026-05-27T09:45:49.124488Z	info	sync complete	name=istiod analyzer attempt=1 time=28.167µs
2026-05-27T09:45:59.408882Z	info	sync complete	name=istiod analyzer attempt=1 time=25.667µs
2026-05-27T09:46:40.127970Z	info	sync complete	name=istiod analyzer attempt=1 time=35.625µs
2026-05-27T09:46:50.318568Z	info	sync complete	name=istiod analyzer attempt=1 time=29.125µs
2026-05-27T09:47:00.632145Z	info	sync complete	name=istiod analyzer attempt=1 time=33.458µs
2026-05-27T09:47:10.664506Z	info	sync complete	name=istiod analyzer attempt=1 time=31.75µs
2026-05-27T09:47:18.788083Z	info	delta	ADS: "10.30.0.14:54314" echo-5fb5d66d6-xhjw8.echo-tr-6 terminated
2026-05-27T09:47:19.014430Z	info	delta	ADS: new delta connection for node:echo-5fb5d66d6-xhjw8.echo-tr-8
2026-05-27T09:47:19.014623Z	info	delta	CDS: PUSH request for node:echo-5fb5d66d6-xhjw8.echo-tr resources:23 removed:0 size:24.1kB cached:19/19 filtered:0
2026-05-27T09:47:19.014936Z	info	delta	EDS: PUSH request for node:echo-5fb5d66d6-xhjw8.echo-tr resources:19 removed:0 size:4.0kB empty:0 cached:19/19 filtered:0
2026-05-27T09:47:19.016363Z	info	delta	LDS: PUSH request for node:echo-5fb5d66d6-xhjw8.echo-tr resources:20 removed:0 size:83.7kB filtered:0
2026-05-27T09:47:19.016473Z	info	delta	NDS: PUSH request for node:echo-5fb5d66d6-xhjw8.echo-tr resources:1 removed:0 size:1.2kB
2026-05-27T09:47:19.016641Z	info	delta	RDS: PUSH request for node:echo-5fb5d66d6-xhjw8.echo-tr resources:10 removed:0 size:8.6kB cached:7/10 filtered:0
2026-05-27T09:47:20.860845Z	info	sync complete	name=istiod analyzer attempt=1 time=30.834µs
2026-05-27T09:47:31.208060Z	info	sync complete	name=istiod analyzer attempt=1 time=31.167µs
2026-05-27T09:47:41.396287Z	info	sync complete	name=istiod analyzer attempt=1 time=32.958µs
2026-05-27T09:48:12.089645Z	info	sync complete	name=istiod analyzer attempt=1 time=34.417µs
2026-05-27T09:48:22.293903Z	info	sync complete	name=istiod analyzer attempt=1 time=23.958µs
2026-05-27T09:49:03.012354Z	info	sync complete	name=istiod analyzer attempt=1 time=36.708µs
2026-05-27T09:49:13.062507Z	info	sync complete	name=istiod analyzer attempt=1 time=25.291µs
2026-05-27T09:49:43.736141Z	info	sync complete	name=istiod analyzer attempt=1 time=26.333µs
2026-05-27T09:50:14.204257Z	info	sync complete	name=istiod analyzer attempt=1 time=30.875µs
2026-05-27T09:50:34.397265Z	info	sync complete	name=istiod analyzer attempt=1 time=26.625µs
2026-05-27T09:50:44.805401Z	info	sync complete	name=istiod analyzer attempt=1 time=30.833µs
2026-05-27T09:50:54.866379Z	info	sync complete	name=istiod analyzer attempt=1 time=24.541µs
2026-05-27T09:51:04.880099Z	info	sync complete	name=istiod analyzer attempt=1 time=25.792µs
2026-05-27T09:51:15.244191Z	info	sync complete	name=istiod analyzer attempt=1 time=23.541µs
2026-05-27T09:51:25.490257Z	info	sync complete	name=istiod analyzer attempt=1 time=35.833µs
2026-05-27T09:51:45.741697Z	info	sync complete	name=istiod analyzer attempt=1 time=22.542µs
2026-05-27T09:52:06.293919Z	info	sync complete	name=istiod analyzer attempt=1 time=30.625µs
2026-05-27T09:53:38.474833Z	info	sync complete	name=istiod analyzer attempt=1 time=28.708µs
2026-05-27T09:53:48.873979Z	info	sync complete	name=istiod analyzer attempt=1 time=38.542µs
2026-05-27T09:54:39.875527Z	info	sync complete	name=istiod analyzer attempt=1 time=40.208µs
2026-05-27T09:54:50.059014Z	info	sync complete	name=istiod analyzer attempt=1 time=25.916µs
2026-05-27T09:56:11.903673Z	info	sync complete	name=istiod analyzer attempt=1 time=39.667µs
2026-05-27T09:56:22.038444Z	info	sync complete	name=istiod analyzer attempt=1 time=26.541µs
2026-05-27T09:56:32.149309Z	info	sync complete	name=istiod analyzer attempt=1 time=30.167µs
2026-05-27T09:56:42.448686Z	info	sync complete	name=istiod analyzer attempt=1 time=25.041µs
2026-05-27T09:57:02.959714Z	info	sync complete	name=istiod analyzer attempt=1 time=29.209µs
2026-05-27T09:57:13.011860Z	info	sync complete	name=istiod analyzer attempt=1 time=28.792µs
2026-05-27T09:57:33.295655Z	info	sync complete	name=istiod analyzer attempt=1 time=27.666µs
2026-05-27T09:57:53.618323Z	info	sync complete	name=istiod analyzer attempt=1 time=45.958µs
2026-05-27T09:58:44.815964Z	info	sync complete	name=istiod analyzer attempt=1 time=25.042µs
2026-05-27T09:58:54.907965Z	info	sync complete	name=istiod analyzer attempt=1 time=39.875µs
2026-05-27T10:01:58.367674Z	info	sync complete	name=istiod analyzer attempt=1 time=26.083µs
2026-05-27T10:02:08.416428Z	info	sync complete	name=istiod analyzer attempt=1 time=26µs
2026-05-27T10:03:09.649401Z	info	sync complete	name=istiod analyzer attempt=1 time=30.167µs
2026-05-27T10:03:19.855827Z	info	sync complete	name=istiod analyzer attempt=1 time=24.042µs
2026-05-27T10:04:21.682583Z	info	sync complete	name=istiod analyzer attempt=1 time=36.833µs
2026-05-27T10:04:31.798944Z	info	sync complete	name=istiod analyzer attempt=1 time=27.625µs
2026-05-27T10:05:12.479740Z	info	sync complete	name=istiod analyzer attempt=1 time=25.917µs
2026-05-27T10:05:22.692324Z	info	sync complete	name=istiod analyzer attempt=1 time=29.625µs
2026-05-27T10:05:32.797764Z	info	sync complete	name=istiod analyzer attempt=1 time=24.583µs
2026-05-27T10:05:42.930144Z	info	sync complete	name=istiod analyzer attempt=1 time=28.083µs
2026-05-27T10:06:44.276998Z	info	sync complete	name=istiod analyzer attempt=1 time=30.625µs
2026-05-27T10:06:54.406206Z	info	sync complete	name=istiod analyzer attempt=1 time=24.583µs
2026-05-27T10:07:04.605805Z	info	sync complete	name=istiod analyzer attempt=1 time=28.959µs
2026-05-27T10:07:14.726281Z	info	sync complete	name=istiod analyzer attempt=1 time=23.166µs
2026-05-27T10:08:15.560871Z	info	sync complete	name=istiod analyzer attempt=1 time=31.125µs
2026-05-27T10:08:25.830963Z	info	sync complete	name=istiod analyzer attempt=1 time=24.334µs
2026-05-27T10:09:46.936119Z	info	sync complete	name=istiod analyzer attempt=1 time=39.917µs
2026-05-27T10:09:57.083873Z	info	sync complete	name=istiod analyzer attempt=1 time=24.875µs
2026-05-27T10:10:07.171059Z	info	sync complete	name=istiod analyzer attempt=1 time=31.5µs
2026-05-27T10:10:17.215790Z	info	sync complete	name=istiod analyzer attempt=1 time=28.458µs
2026-05-27T10:10:37.544845Z	info	sync complete	name=istiod analyzer attempt=1 time=28.334µs
2026-05-27T10:10:47.583270Z	info	sync complete	name=istiod analyzer attempt=1 time=28.791µs
2026-05-27T10:10:57.737359Z	info	sync complete	name=istiod analyzer attempt=1 time=24.792µs
2026-05-27T10:11:07.846365Z	info	sync complete	name=istiod analyzer attempt=1 time=26.083µs
2026-05-27T10:11:18.017403Z	info	sync complete	name=istiod analyzer attempt=1 time=24.708µs
2026-05-27T10:12:09.140511Z	info	sync complete	name=istiod analyzer attempt=1 time=22.584µs
2026-05-27T10:12:19.314544Z	info	sync complete	name=istiod analyzer attempt=1 time=26.709µs
2026-05-27T10:12:39.827720Z	info	sync complete	name=istiod analyzer attempt=1 time=26.708µs
2026-05-27T10:12:50.160795Z	info	sync complete	name=istiod analyzer attempt=1 time=28.667µs
2026-05-27T10:13:30.830811Z	info	sync complete	name=istiod analyzer attempt=1 time=26.75µs
2026-05-27T10:13:41.122880Z	info	sync complete	name=istiod analyzer attempt=1 time=26.5µs
2026-05-27T10:13:51.391229Z	info	sync complete	name=istiod analyzer attempt=1 time=29.458µs
2026-05-27T10:14:01.560288Z	info	sync complete	name=istiod analyzer attempt=1 time=24.458µs
2026-05-27T10:14:11.810416Z	info	sync complete	name=istiod analyzer attempt=1 time=24.875µs
2026-05-27T10:14:21.843154Z	info	sync complete	name=istiod analyzer attempt=1 time=41.375µs
2026-05-27T10:14:52.361589Z	info	sync complete	name=istiod analyzer attempt=1 time=36.833µs
2026-05-27T10:15:02.748320Z	info	sync complete	name=istiod analyzer attempt=1 time=25.458µs
2026-05-27T10:15:23.037561Z	info	sync complete	name=istiod analyzer attempt=1 time=35.541µs
2026-05-27T10:15:33.047498Z	info	sync complete	name=istiod analyzer attempt=1 time=24.542µs
2026-05-27T10:16:13.715000Z	info	sync complete	name=istiod analyzer attempt=1 time=27.625µs
2026-05-27T10:16:23.904150Z	info	sync complete	name=istiod analyzer attempt=1 time=28.833µs
2026-05-27T10:16:35.395235Z	info	delta	ADS: "10.30.0.15:49448" echo-tr-gateway-67dd96d555-q7s44.echo-tr-7 terminated
2026-05-27T10:16:35.525191Z	info	delta	ADS: new delta connection for node:echo-tr-gateway-67dd96d555-q7s44.echo-tr-9
2026-05-27T10:16:35.525484Z	info	delta	CDS: PUSH request for node:echo-tr-gateway-67dd96d555-q7s44.echo-tr resources:2 removed:0 size:1.1kB cached:1/1 filtered:0
2026-05-27T10:16:35.526832Z	info	delta	LDS: PUSH request for node:echo-tr-gateway-67dd96d555-q7s44.echo-tr resources:2 removed:0 size:11.3kB filtered:0
2026-05-27T10:16:35.527224Z	info	delta	EDS: PUSH request for node:echo-tr-gateway-67dd96d555-q7s44.echo-tr resources:1 removed:0 size:228B empty:0 cached:1/1 filtered:0
2026-05-27T10:16:35.527423Z	info	delta	RDS: PUSH request for node:echo-tr-gateway-67dd96d555-q7s44.echo-tr resources:2 removed:0 size:1.4kB cached:0/0 filtered:0
2026-05-27T10:17:14.730373Z	info	sync complete	name=istiod analyzer attempt=1 time=33.916µs
2026-05-27T10:17:35.192459Z	info	sync complete	name=istiod analyzer attempt=1 time=26.875µs
2026-05-27T10:17:35.587523Z	info	delta	ADS: "10.30.0.14:35206" echo-5fb5d66d6-xhjw8.echo-tr-8 terminated
2026-05-27T10:17:35.799098Z	info	delta	ADS: new delta connection for node:echo-5fb5d66d6-xhjw8.echo-tr-10
2026-05-27T10:17:35.799299Z	info	delta	CDS: PUSH request for node:echo-5fb5d66d6-xhjw8.echo-tr resources:23 removed:0 size:24.1kB cached:19/19 filtered:0
2026-05-27T10:17:35.799880Z	info	delta	EDS: PUSH request for node:echo-5fb5d66d6-xhjw8.echo-tr resources:19 removed:0 size:4.0kB empty:0 cached:19/19 filtered:0
2026-05-27T10:17:35.801028Z	info	delta	LDS: PUSH request for node:echo-5fb5d66d6-xhjw8.echo-tr resources:20 removed:0 size:83.7kB filtered:0
2026-05-27T10:17:35.801145Z	info	delta	NDS: PUSH request for node:echo-5fb5d66d6-xhjw8.echo-tr resources:1 removed:0 size:1.2kB
2026-05-27T10:17:35.801396Z	info	delta	RDS: PUSH request for node:echo-5fb5d66d6-xhjw8.echo-tr resources:10 removed:0 size:8.6kB cached:7/10 filtered:0
2026-05-27T10:18:26.597747Z	info	sync complete	name=istiod analyzer attempt=1 time=23.042µs
2026-05-27T10:18:36.875768Z	info	sync complete	name=istiod analyzer attempt=1 time=23.542µs
2026-05-27T10:18:57.594751Z	info	sync complete	name=istiod analyzer attempt=1 time=27.417µs
2026-05-27T10:19:17.950156Z	info	sync complete	name=istiod analyzer attempt=1 time=26.208µs
2026-05-27T10:19:48.458361Z	info	sync complete	name=istiod analyzer attempt=1 time=24.291µs
2026-05-27T10:19:58.618016Z	info	sync complete	name=istiod analyzer attempt=1 time=31.75µs
2026-05-27T10:20:29.341439Z	info	sync complete	name=istiod analyzer attempt=1 time=23.917µs
2026-05-27T10:20:39.592612Z	info	sync complete	name=istiod analyzer attempt=1 time=37.583µs
2026-05-27T10:21:10.281096Z	info	sync complete	name=istiod analyzer attempt=1 time=31.542µs
2026-05-27T10:21:20.398729Z	info	sync complete	name=istiod analyzer attempt=1 time=29.333µs
2026-05-27T10:22:21.992955Z	info	sync complete	name=istiod analyzer attempt=1 time=44.875µs
2026-05-27T10:22:32.304020Z	info	sync complete	name=istiod analyzer attempt=1 time=24.542µs
2026-05-27T10:22:52.366964Z	info	sync complete	name=istiod analyzer attempt=1 time=37.375µs
2026-05-27T10:23:23.216785Z	info	sync complete	name=istiod analyzer attempt=1 time=35.833µs
2026-05-27T10:23:53.747305Z	info	sync complete	name=istiod analyzer attempt=1 time=28.375µs
2026-05-27T10:24:03.781620Z	info	sync complete	name=istiod analyzer attempt=1 time=30.459µs
2026-05-27T10:24:14.117659Z	info	sync complete	name=istiod analyzer attempt=1 time=57.292µs
2026-05-27T10:24:34.692599Z	info	sync complete	name=istiod analyzer attempt=1 time=36.458µs
2026-05-27T10:24:44.719988Z	info	sync complete	name=istiod analyzer attempt=1 time=24.875µs
2026-05-27T10:25:45.950207Z	info	sync complete	name=istiod analyzer attempt=1 time=26.291µs
2026-05-27T10:25:56.199953Z	info	sync complete	name=istiod analyzer attempt=1 time=25.5µs
2026-05-27T10:26:47.330281Z	info	sync complete	name=istiod analyzer attempt=1 time=30.583µs
2026-05-27T10:26:57.559524Z	info	sync complete	name=istiod analyzer attempt=1 time=26.667µs
2026-05-27T10:27:07.778245Z	info	sync complete	name=istiod analyzer attempt=1 time=28.333µs
2026-05-27T10:27:38.050380Z	info	sync complete	name=istiod analyzer attempt=1 time=31.166µs
2026-05-27T10:27:48.265762Z	info	sync complete	name=istiod analyzer attempt=1 time=38.167µs
2026-05-27T10:29:39.764567Z	info	sync complete	name=istiod analyzer attempt=1 time=27.875µs
2026-05-27T10:29:49.994582Z	info	sync complete	name=istiod analyzer attempt=1 time=25.791µs
2026-05-27T10:30:00.157828Z	info	sync complete	name=istiod analyzer attempt=1 time=25.292µs
2026-05-27T10:30:10.386861Z	info	sync complete	name=istiod analyzer attempt=1 time=31.25µs
2026-05-27T10:31:31.944673Z	info	sync complete	name=istiod analyzer attempt=1 time=32.708µs
2026-05-27T10:31:42.273644Z	info	sync complete	name=istiod analyzer attempt=1 time=30.75µs
2026-05-27T10:31:52.486409Z	info	sync complete	name=istiod analyzer attempt=1 time=32.625µs
2026-05-27T10:32:02.872528Z	info	sync complete	name=istiod analyzer attempt=1 time=27.375µs
2026-05-27T10:32:13.164948Z	info	sync complete	name=istiod analyzer attempt=1 time=26.416µs
2026-05-27T10:32:43.949447Z	info	sync complete	name=istiod analyzer attempt=1 time=37.917µs
2026-05-27T10:33:04.478473Z	info	sync complete	name=istiod analyzer attempt=1 time=27.125µs
2026-05-27T10:33:14.766259Z	info	sync complete	name=istiod analyzer attempt=1 time=25.333µs
2026-05-27T10:33:24.828247Z	info	sync complete	name=istiod analyzer attempt=1 time=30.417µs
2026-05-27T10:33:45.094641Z	info	sync complete	name=istiod analyzer attempt=1 time=26.167µs
2026-05-27T10:33:55.333388Z	info	sync complete	name=istiod analyzer attempt=1 time=24.292µs
2026-05-27T10:34:05.633777Z	info	sync complete	name=istiod analyzer attempt=1 time=22.875µs
2026-05-27T10:34:15.731883Z	info	sync complete	name=istiod analyzer attempt=1 time=25.375µs
2026-05-27T10:35:17.266810Z	info	sync complete	name=istiod analyzer attempt=1 time=26.416µs
2026-05-27T10:35:27.539326Z	info	sync complete	name=istiod analyzer attempt=1 time=35.291µs
2026-05-27T10:35:47.813034Z	info	sync complete	name=istiod analyzer attempt=1 time=46.459µs
2026-05-27T10:35:58.009798Z	info	sync complete	name=istiod analyzer attempt=1 time=24.708µs
2026-05-27T10:36:28.618790Z	info	sync complete	name=istiod analyzer attempt=1 time=35.833µs
2026-05-27T10:36:38.935894Z	info	sync complete	name=istiod analyzer attempt=1 time=28.208µs
2026-05-27T10:36:49.001368Z	info	sync complete	name=istiod analyzer attempt=1 time=23.125µs
2026-05-27T10:37:09.430163Z	info	sync complete	name=istiod analyzer attempt=1 time=34.917µs
2026-05-27T10:38:51.503640Z	info	sync complete	name=istiod analyzer attempt=1 time=25.042µs
2026-05-27T10:39:01.535888Z	info	sync complete	name=istiod analyzer attempt=1 time=25.125µs
2026-05-27T10:39:32.435414Z	info	sync complete	name=istiod analyzer attempt=1 time=25µs
2026-05-27T10:39:42.493469Z	info	sync complete	name=istiod analyzer attempt=1 time=40.667µs
2026-05-27T10:40:33.768249Z	info	sync complete	name=istiod analyzer attempt=1 time=24.208µs
2026-05-27T10:40:44.167440Z	info	sync complete	name=istiod analyzer attempt=1 time=25.459µs
2026-05-27T10:41:14.941645Z	info	sync complete	name=istiod analyzer attempt=1 time=29.792µs
2026-05-27T10:41:25.269576Z	info	sync complete	name=istiod analyzer attempt=1 time=26.75µs
2026-05-27T10:41:35.360596Z	info	sync complete	name=istiod analyzer attempt=1 time=30.25µs
2026-05-27T10:41:45.641701Z	info	sync complete	name=istiod analyzer attempt=1 time=29.167µs
2026-05-27T10:41:55.854991Z	info	sync complete	name=istiod analyzer attempt=1 time=34.334µs
2026-05-27T10:43:06.772461Z	info	sync complete	name=istiod analyzer attempt=1 time=27.833µs
2026-05-27T10:43:16.970689Z	info	sync complete	name=istiod analyzer attempt=1 time=26.541µs
2026-05-27T10:44:07.474413Z	info	sync complete	name=istiod analyzer attempt=1 time=61.625µs
2026-05-27T10:44:17.817966Z	info	sync complete	name=istiod analyzer attempt=1 time=28.042µs
2026-05-27T10:44:58.781901Z	info	sync complete	name=istiod analyzer attempt=1 time=27.375µs
2026-05-27T10:45:08.830932Z	info	sync complete	name=istiod analyzer attempt=1 time=30.417µs
2026-05-27T10:45:24.782075Z	info	delta	ADS: "10.30.0.15:56562" echo-tr-gateway-67dd96d555-q7s44.echo-tr-9 terminated
2026-05-27T10:45:24.977131Z	info	delta	ADS: new delta connection for node:echo-tr-gateway-67dd96d555-q7s44.echo-tr-11
2026-05-27T10:45:24.977478Z	info	delta	CDS: PUSH request for node:echo-tr-gateway-67dd96d555-q7s44.echo-tr resources:2 removed:0 size:1.1kB cached:1/1 filtered:0
2026-05-27T10:45:24.978116Z	info	delta	LDS: PUSH request for node:echo-tr-gateway-67dd96d555-q7s44.echo-tr resources:2 removed:0 size:11.3kB filtered:0
2026-05-27T10:45:24.978569Z	info	delta	EDS: PUSH request for node:echo-tr-gateway-67dd96d555-q7s44.echo-tr resources:1 removed:0 size:228B empty:0 cached:1/1 filtered:0
2026-05-27T10:45:24.978838Z	info	delta	RDS: PUSH request for node:echo-tr-gateway-67dd96d555-q7s44.echo-tr resources:2 removed:0 size:1.4kB cached:0/0 filtered:0
2026-05-27T10:45:29.271664Z	info	sync complete	name=istiod analyzer attempt=1 time=29.042µs
2026-05-27T10:45:49.530099Z	info	sync complete	name=istiod analyzer attempt=1 time=26µs
2026-05-27T10:46:10.011879Z	info	sync complete	name=istiod analyzer attempt=1 time=26.666µs
2026-05-27T10:46:20.209596Z	info	sync complete	name=istiod analyzer attempt=1 time=29.833µs
2026-05-27T10:46:30.524255Z	info	sync complete	name=istiod analyzer attempt=1 time=27.916µs
2026-05-27T10:46:40.762203Z	info	sync complete	name=istiod analyzer attempt=1 time=30.75µs
2026-05-27T10:47:01.205534Z	info	sync complete	name=istiod analyzer attempt=1 time=52.083µs
2026-05-27T10:47:11.244547Z	info	sync complete	name=istiod analyzer attempt=1 time=26.5µs
2026-05-27T10:47:31.505962Z	info	sync complete	name=istiod analyzer attempt=1 time=24.042µs
2026-05-27T10:48:02.151622Z	info	sync complete	name=istiod analyzer attempt=1 time=25.917µs
2026-05-27T10:48:12.455109Z	info	sync complete	name=istiod analyzer attempt=1 time=25.666µs
2026-05-27T10:48:22.558740Z	info	sync complete	name=istiod analyzer attempt=1 time=28.75µs
2026-05-27T10:49:53.909977Z	info	sync complete	name=istiod analyzer attempt=1 time=34.25µs
2026-05-27T10:50:04.125680Z	info	sync complete	name=istiod analyzer attempt=1 time=39.125µs
2026-05-27T10:50:05.948357Z	info	delta	ADS: "10.30.0.14:34666" echo-5fb5d66d6-xhjw8.echo-tr-10 terminated
2026-05-27T10:50:06.039629Z	info	delta	ADS: new delta connection for node:echo-5fb5d66d6-xhjw8.echo-tr-12
2026-05-27T10:50:06.039917Z	info	delta	CDS: PUSH request for node:echo-5fb5d66d6-xhjw8.echo-tr resources:23 removed:0 size:24.1kB cached:19/19 filtered:0
2026-05-27T10:50:06.040212Z	info	delta	EDS: PUSH request for node:echo-5fb5d66d6-xhjw8.echo-tr resources:19 removed:0 size:4.0kB empty:0 cached:19/19 filtered:0
2026-05-27T10:50:06.041920Z	info	delta	LDS: PUSH request for node:echo-5fb5d66d6-xhjw8.echo-tr resources:20 removed:0 size:83.7kB filtered:0
2026-05-27T10:50:06.042029Z	info	delta	NDS: PUSH request for node:echo-5fb5d66d6-xhjw8.echo-tr resources:1 removed:0 size:1.2kB
2026-05-27T10:50:06.042241Z	info	delta	RDS: PUSH request for node:echo-5fb5d66d6-xhjw8.echo-tr resources:10 removed:0 size:8.6kB cached:7/10 filtered:0
2026-05-27T10:50:34.740241Z	info	sync complete	name=istiod analyzer attempt=1 time=28.584µs
2026-05-27T10:50:44.948490Z	info	sync complete	name=istiod analyzer attempt=1 time=24.875µs
2026-05-27T10:51:36.137686Z	info	sync complete	name=istiod analyzer attempt=1 time=24.875µs
2026-05-27T10:51:46.513913Z	info	sync complete	name=istiod analyzer attempt=1 time=26.916µs
2026-05-27T10:52:06.831851Z	info	sync complete	name=istiod analyzer attempt=1 time=26.458µs
2026-05-27T10:52:16.931126Z	info	sync complete	name=istiod analyzer attempt=1 time=32.5µs
2026-05-27T10:52:27.322861Z	info	sync complete	name=istiod analyzer attempt=1 time=26.125µs
2026-05-27T10:52:58.122178Z	info	sync complete	name=istiod analyzer attempt=1 time=44.458µs
2026-05-27T10:53:08.258094Z	info	sync complete	name=istiod analyzer attempt=1 time=37.167µs
2026-05-27T10:54:09.677852Z	info	sync complete	name=istiod analyzer attempt=1 time=28.792µs
2026-05-27T10:54:20.036040Z	info	sync complete	name=istiod analyzer attempt=1 time=26.875µs
2026-05-27T10:54:30.099803Z	info	sync complete	name=istiod analyzer attempt=1 time=26.875µs
2026-05-27T10:54:40.484818Z	info	sync complete	name=istiod analyzer attempt=1 time=31.792µs
2026-05-27T10:55:00.907289Z	info	sync complete	name=istiod analyzer attempt=1 time=27.833µs
2026-05-27T10:55:11.152195Z	info	sync complete	name=istiod analyzer attempt=1 time=30.416µs
2026-05-27T10:55:31.710336Z	info	sync complete	name=istiod analyzer attempt=1 time=25.75µs
2026-05-27T10:57:34.040275Z	info	sync complete	name=istiod analyzer attempt=1 time=30.791µs
2026-05-27T10:57:44.095727Z	info	sync complete	name=istiod analyzer attempt=1 time=30µs
2026-05-27T10:58:35.087533Z	info	sync complete	name=istiod analyzer attempt=1 time=32.958µs
2026-05-27T10:58:45.356770Z	info	sync complete	name=istiod analyzer attempt=1 time=26µs
2026-05-27T11:01:18.608486Z	info	sync complete	name=istiod analyzer attempt=1 time=28µs
2026-05-27T11:01:28.947617Z	info	sync complete	name=istiod analyzer attempt=1 time=24.416µs
2026-05-27T11:01:49.138814Z	info	sync complete	name=istiod analyzer attempt=1 time=25.791µs
2026-05-27T11:01:59.157086Z	info	sync complete	name=istiod analyzer attempt=1 time=32.166µs
2026-05-27T11:03:11.336374Z	info	sync complete	name=istiod analyzer attempt=1 time=34.375µs
2026-05-27T11:03:21.739802Z	info	sync complete	name=istiod analyzer attempt=1 time=37.542µs
2026-05-27T11:03:52.207042Z	info	sync complete	name=istiod analyzer attempt=1 time=27.667µs
2026-05-27T11:04:02.457285Z	info	sync complete	name=istiod analyzer attempt=1 time=28.958µs
2026-05-27T11:04:12.701115Z	info	sync complete	name=istiod analyzer attempt=1 time=24.708µs
2026-05-27T11:04:22.886245Z	info	sync complete	name=istiod analyzer attempt=1 time=49.958µs
2026-05-27T11:04:33.126250Z	info	sync complete	name=istiod analyzer attempt=1 time=30.333µs
2026-05-27T11:04:43.276810Z	info	sync complete	name=istiod analyzer attempt=1 time=40.875µs
2026-05-27T11:05:03.780830Z	info	sync complete	name=istiod analyzer attempt=1 time=29.458µs
2026-05-27T11:05:14.095252Z	info	sync complete	name=istiod analyzer attempt=1 time=24.166µs
2026-05-27T11:06:04.815145Z	info	sync complete	name=istiod analyzer attempt=1 time=29.958µs
2026-05-27T11:06:15.109863Z	info	sync complete	name=istiod analyzer attempt=1 time=24.292µs
2026-05-27T11:06:25.338796Z	info	sync complete	name=istiod analyzer attempt=1 time=24.833µs
2026-05-27T11:07:15.825367Z	info	sync complete	name=istiod analyzer attempt=1 time=27.375µs
2026-05-27T11:07:26.190186Z	info	sync complete	name=istiod analyzer attempt=1 time=32.25µs
2026-05-27T11:07:36.373407Z	info	sync complete	name=istiod analyzer attempt=1 time=39.75µs
2026-05-27T11:07:46.527437Z	info	sync complete	name=istiod analyzer attempt=1 time=25.5µs
2026-05-27T11:07:56.914515Z	info	sync complete	name=istiod analyzer attempt=1 time=24.541µs
2026-05-27T11:08:07.204801Z	info	sync complete	name=istiod analyzer attempt=1 time=26.167µs
2026-05-27T11:08:58.394633Z	info	sync complete	name=istiod analyzer attempt=1 time=34.041µs
2026-05-27T11:09:08.483977Z	info	sync complete	name=istiod analyzer attempt=1 time=26.541µs
2026-05-27T11:09:49.487856Z	info	sync complete	name=istiod analyzer attempt=1 time=33.584µs
2026-05-27T11:09:59.794835Z	info	sync complete	name=istiod analyzer attempt=1 time=26.167µs
2026-05-27T11:10:30.208840Z	info	sync complete	name=istiod analyzer attempt=1 time=23.917µs
2026-05-27T11:10:40.357232Z	info	sync complete	name=istiod analyzer attempt=1 time=26.084µs
2026-05-27T11:10:50.755395Z	info	sync complete	name=istiod analyzer attempt=1 time=25.333µs
2026-05-27T11:11:00.837522Z	info	sync complete	name=istiod analyzer attempt=1 time=26.625µs
2026-05-27T11:12:53.754246Z	info	sync complete	name=istiod analyzer attempt=1 time=35.875µs
2026-05-27T11:13:03.847652Z	info	sync complete	name=istiod analyzer attempt=1 time=34.333µs
2026-05-27T11:13:44.428725Z	info	sync complete	name=istiod analyzer attempt=1 time=23.542µs
2026-05-27T11:13:54.566665Z	info	sync complete	name=istiod analyzer attempt=1 time=34.375µs
2026-05-27T11:14:04.595897Z	info	sync complete	name=istiod analyzer attempt=1 time=70.708µs
2026-05-27T11:14:14.734422Z	info	sync complete	name=istiod analyzer attempt=1 time=32.041µs
2026-05-27T11:14:45.099909Z	info	sync complete	name=istiod analyzer attempt=1 time=28.584µs
2026-05-27T11:14:55.289799Z	info	sync complete	name=istiod analyzer attempt=1 time=30.292µs
2026-05-27T11:15:16.005812Z	info	sync complete	name=istiod analyzer attempt=1 time=28.375µs
2026-05-27T11:15:26.344982Z	info	sync complete	name=istiod analyzer attempt=1 time=27.292µs
2026-05-27T11:16:06.929624Z	info	sync complete	name=istiod analyzer attempt=1 time=39.75µs
2026-05-27T11:16:17.263191Z	info	sync complete	name=istiod analyzer attempt=1 time=32.875µs
2026-05-27T11:16:20.641418Z	info	delta	ADS: "10.30.0.15:34828" echo-tr-gateway-67dd96d555-q7s44.echo-tr-11 terminated
2026-05-27T11:16:21.019658Z	info	delta	ADS: new delta connection for node:echo-tr-gateway-67dd96d555-q7s44.echo-tr-13
2026-05-27T11:16:21.020127Z	info	delta	CDS: PUSH request for node:echo-tr-gateway-67dd96d555-q7s44.echo-tr resources:2 removed:0 size:1.1kB cached:1/1 filtered:0
2026-05-27T11:16:21.021414Z	info	delta	LDS: PUSH request for node:echo-tr-gateway-67dd96d555-q7s44.echo-tr resources:2 removed:0 size:11.3kB filtered:0
2026-05-27T11:16:21.021832Z	info	delta	EDS: PUSH request for node:echo-tr-gateway-67dd96d555-q7s44.echo-tr resources:1 removed:0 size:228B empty:0 cached:1/1 filtered:0
2026-05-27T11:16:21.022044Z	info	delta	RDS: PUSH request for node:echo-tr-gateway-67dd96d555-q7s44.echo-tr resources:2 removed:0 size:1.4kB cached:0/0 filtered:0
2026-05-27T11:16:37.688852Z	info	sync complete	name=istiod analyzer attempt=1 time=34.209µs
2026-05-27T11:16:47.995827Z	info	sync complete	name=istiod analyzer attempt=1 time=29.25µs
2026-05-27T11:17:18.487144Z	info	sync complete	name=istiod analyzer attempt=1 time=26.5µs
2026-05-27T11:17:28.653127Z	info	sync complete	name=istiod analyzer attempt=1 time=39.25µs
2026-05-27T11:17:59.344123Z	info	sync complete	name=istiod analyzer attempt=1 time=89.25µs
2026-05-27T11:18:09.644069Z	info	sync complete	name=istiod analyzer attempt=1 time=27.5µs
2026-05-27T11:18:19.788531Z	info	sync complete	name=istiod analyzer attempt=1 time=25.75µs
2026-05-27T11:18:40.097575Z	info	sync complete	name=istiod analyzer attempt=1 time=25.125µs
2026-05-27T11:19:00.512901Z	info	sync complete	name=istiod analyzer attempt=1 time=23.75µs
2026-05-27T11:19:20.697923Z	info	sync complete	name=istiod analyzer attempt=1 time=39.708µs
2026-05-27T11:20:21.895407Z	info	sync complete	name=istiod analyzer attempt=1 time=25.834µs
2026-05-27T11:20:32.300233Z	info	sync complete	name=istiod analyzer attempt=1 time=37.792µs
2026-05-27T11:21:11.274072Z	info	delta	ADS: "10.30.0.14:51716" echo-5fb5d66d6-xhjw8.echo-tr-12 terminated
2026-05-27T11:21:11.322384Z	info	delta	ADS: new delta connection for node:echo-5fb5d66d6-xhjw8.echo-tr-14
2026-05-27T11:21:11.322570Z	info	delta	CDS: PUSH request for node:echo-5fb5d66d6-xhjw8.echo-tr resources:23 removed:0 size:24.1kB cached:19/19 filtered:0
2026-05-27T11:21:11.324295Z	info	delta	EDS: PUSH request for node:echo-5fb5d66d6-xhjw8.echo-tr resources:19 removed:0 size:4.0kB empty:0 cached:19/19 filtered:0
2026-05-27T11:21:11.325657Z	info	delta	LDS: PUSH request for node:echo-5fb5d66d6-xhjw8.echo-tr resources:20 removed:0 size:83.7kB filtered:0
2026-05-27T11:21:11.325919Z	info	delta	NDS: PUSH request for node:echo-5fb5d66d6-xhjw8.echo-tr resources:1 removed:0 size:1.2kB
2026-05-27T11:21:11.326301Z	info	delta	RDS: PUSH request for node:echo-5fb5d66d6-xhjw8.echo-tr resources:10 removed:0 size:8.6kB cached:8/10 filtered:0
2026-05-27T11:22:35.655645Z	info	sync complete	name=istiod analyzer attempt=1 time=39.375µs
2026-05-27T11:22:45.968526Z	info	sync complete	name=istiod analyzer attempt=1 time=27.583µs
2026-05-27T11:22:56.066635Z	info	sync complete	name=istiod analyzer attempt=1 time=31.292µs
2026-05-27T11:23:06.448981Z	info	sync complete	name=istiod analyzer attempt=1 time=28.75µs
2026-05-27T11:23:26.722822Z	info	sync complete	name=istiod analyzer attempt=1 time=28.083µs
2026-05-27T11:24:38.010738Z	info	sync complete	name=istiod analyzer attempt=1 time=26.875µs
2026-05-27T11:24:48.356710Z	info	sync complete	name=istiod analyzer attempt=1 time=30.167µs
2026-05-27T11:26:30.168579Z	info	sync complete	name=istiod analyzer attempt=1 time=31.708µs
2026-05-27T11:26:40.523232Z	info	sync complete	name=istiod analyzer attempt=1 time=31.416µs
2026-05-27T11:27:51.677565Z	info	sync complete	name=istiod analyzer attempt=1 time=23.959µs
2026-05-27T11:28:12.123135Z	info	sync complete	name=istiod analyzer attempt=1 time=24.791µs
2026-05-27T11:28:53.194996Z	info	sync complete	name=istiod analyzer attempt=1 time=26.541µs
2026-05-27T11:29:03.574996Z	info	sync complete	name=istiod analyzer attempt=1 time=35.25µs
2026-05-27T11:31:05.725951Z	info	sync complete	name=istiod analyzer attempt=1 time=31.625µs
2026-05-27T11:31:15.954100Z	info	sync complete	name=istiod analyzer attempt=1 time=23.667µs
2026-05-27T11:35:09.647134Z	info	sync complete	name=istiod analyzer attempt=1 time=35.417µs
2026-05-27T11:35:19.970621Z	info	sync complete	name=istiod analyzer attempt=1 time=24.541µs
2026-05-27T11:36:00.993977Z	info	sync complete	name=istiod analyzer attempt=1 time=26.334µs
2026-05-27T11:36:11.263645Z	info	sync complete	name=istiod analyzer attempt=1 time=35.666µs
2026-05-27T11:41:06.944349Z	info	sync complete	name=istiod analyzer attempt=1 time=25.167µs
2026-05-27T11:41:17.239308Z	info	sync complete	name=istiod analyzer attempt=1 time=23.333µs
2026-05-27T11:42:59.483914Z	info	sync complete	name=istiod analyzer attempt=1 time=43.084µs
2026-05-27T11:43:09.847914Z	info	sync complete	name=istiod analyzer attempt=1 time=30.209µs
2026-05-27T11:43:20.208444Z	info	sync complete	name=istiod analyzer attempt=1 time=25.667µs
2026-05-27T11:43:30.412422Z	info	sync complete	name=istiod analyzer attempt=1 time=25.042µs
2026-05-27T11:43:40.615663Z	info	sync complete	name=istiod analyzer attempt=1 time=25.708µs
2026-05-27T11:43:50.675740Z	info	sync complete	name=istiod analyzer attempt=1 time=23.125µs
2026-05-27T11:44:00.855816Z	info	sync complete	name=istiod analyzer attempt=1 time=27.875µs
2026-05-27T11:44:31.509867Z	info	sync complete	name=istiod analyzer attempt=1 time=28.792µs
2026-05-27T11:45:53.199820Z	info	sync complete	name=istiod analyzer attempt=1 time=42.125µs
2026-05-27T11:46:03.401741Z	info	sync complete	name=istiod analyzer attempt=1 time=33.542µs
2026-05-27T11:46:44.592466Z	info	sync complete	name=istiod analyzer attempt=1 time=25.667µs
2026-05-27T11:46:54.905842Z	info	sync complete	name=istiod analyzer attempt=1 time=26.458µs
2026-05-27T11:47:55.646370Z	info	sync complete	name=istiod analyzer attempt=1 time=41.958µs
2026-05-27T11:48:05.953589Z	info	sync complete	name=istiod analyzer attempt=1 time=31.875µs
2026-05-27T11:48:06.286287Z	info	delta	ADS: "10.30.0.15:40506" echo-tr-gateway-67dd96d555-q7s44.echo-tr-13 terminated
2026-05-27T11:48:06.426471Z	info	delta	ADS: new delta connection for node:echo-tr-gateway-67dd96d555-q7s44.echo-tr-15
2026-05-27T11:48:06.426709Z	info	delta	CDS: PUSH request for node:echo-tr-gateway-67dd96d555-q7s44.echo-tr resources:2 removed:0 size:1.1kB cached:1/1 filtered:0
2026-05-27T11:48:06.427535Z	info	delta	LDS: PUSH request for node:echo-tr-gateway-67dd96d555-q7s44.echo-tr resources:2 removed:0 size:11.3kB filtered:0
2026-05-27T11:48:06.429532Z	info	delta	EDS: PUSH request for node:echo-tr-gateway-67dd96d555-q7s44.echo-tr resources:1 removed:0 size:228B empty:0 cached:1/1 filtered:0
2026-05-27T11:48:06.429747Z	info	delta	RDS: PUSH request for node:echo-tr-gateway-67dd96d555-q7s44.echo-tr resources:2 removed:0 size:1.4kB cached:0/0 filtered:0
2026-05-27T11:49:17.454670Z	info	sync complete	name=istiod analyzer attempt=1 time=34.459µs
2026-05-27T11:49:27.705768Z	info	sync complete	name=istiod analyzer attempt=1 time=26.708µs
2026-05-27T11:49:58.272674Z	info	sync complete	name=istiod analyzer attempt=1 time=34.25µs
2026-05-27T11:50:08.352905Z	info	sync complete	name=istiod analyzer attempt=1 time=24.209µs
2026-05-27T11:50:18.759777Z	info	sync complete	name=istiod analyzer attempt=1 time=45.917µs
2026-05-27T11:51:50.425579Z	info	sync complete	name=istiod analyzer attempt=1 time=39.542µs
2026-05-27T11:52:00.506152Z	info	sync complete	name=istiod analyzer attempt=1 time=23.917µs
2026-05-27T11:52:17.945415Z	info	delta	ADS: "10.30.0.14:60734" echo-5fb5d66d6-xhjw8.echo-tr-14 terminated
2026-05-27T11:52:18.248086Z	info	delta	ADS: new delta connection for node:echo-5fb5d66d6-xhjw8.echo-tr-16
2026-05-27T11:52:18.248287Z	info	delta	CDS: PUSH request for node:echo-5fb5d66d6-xhjw8.echo-tr resources:23 removed:0 size:24.1kB cached:19/19 filtered:0
2026-05-27T11:52:18.248878Z	info	delta	EDS: PUSH request for node:echo-5fb5d66d6-xhjw8.echo-tr resources:19 removed:0 size:4.0kB empty:0 cached:19/19 filtered:0
2026-05-27T11:52:18.249977Z	info	delta	LDS: PUSH request for node:echo-5fb5d66d6-xhjw8.echo-tr resources:20 removed:0 size:83.7kB filtered:0
2026-05-27T11:52:18.250218Z	info	delta	NDS: PUSH request for node:echo-5fb5d66d6-xhjw8.echo-tr resources:1 removed:0 size:1.2kB
2026-05-27T11:52:18.250339Z	info	delta	RDS: PUSH request for node:echo-5fb5d66d6-xhjw8.echo-tr resources:10 removed:0 size:8.6kB cached:7/10 filtered:0
2026-05-27T11:52:21.143367Z	info	sync complete	name=istiod analyzer attempt=1 time=30.833µs
2026-05-27T11:52:31.519455Z	info	sync complete	name=istiod analyzer attempt=1 time=34.584µs
2026-05-27T11:52:41.815521Z	info	sync complete	name=istiod analyzer attempt=1 time=26.833µs
2026-05-27T11:52:51.877277Z	info	sync complete	name=istiod analyzer attempt=1 time=33.209µs
2026-05-27T11:53:22.749201Z	info	sync complete	name=istiod analyzer attempt=1 time=26.459µs
2026-05-27T11:53:32.939547Z	info	sync complete	name=istiod analyzer attempt=1 time=24.792µs
2026-05-27T11:54:53.731937Z	info	sync complete	name=istiod analyzer attempt=1 time=23.625µs
2026-05-27T11:55:14.140338Z	info	sync complete	name=istiod analyzer attempt=1 time=31.667µs
2026-05-27T11:56:15.442624Z	info	sync complete	name=istiod analyzer attempt=1 time=29.667µs
2026-05-27T11:56:25.550678Z	info	sync complete	name=istiod analyzer attempt=1 time=25.833µs
2026-05-27T11:57:06.659208Z	info	sync complete	name=istiod analyzer attempt=1 time=24.75µs
2026-05-27T11:57:16.686190Z	info	sync complete	name=istiod analyzer attempt=1 time=29.667µs
2026-05-27T11:58:07.837297Z	info	sync complete	name=istiod analyzer attempt=1 time=29.125µs
2026-05-27T11:58:17.978622Z	info	sync complete	name=istiod analyzer attempt=1 time=24.208µs
2026-05-27T11:58:28.084994Z	info	sync complete	name=istiod analyzer attempt=1 time=34.334µs
2026-05-27T11:58:38.096968Z	info	sync complete	name=istiod analyzer attempt=1 time=24.25µs
2026-05-27T11:58:48.213892Z	info	sync complete	name=istiod analyzer attempt=1 time=24.291µs
2026-05-27T11:59:08.656834Z	info	sync complete	name=istiod analyzer attempt=1 time=30.667µs
2026-05-27T11:59:19.001187Z	info	sync complete	name=istiod analyzer attempt=1 time=30.375µs
2026-05-27T11:59:39.243348Z	info	sync complete	name=istiod analyzer attempt=1 time=29.667µs
2026-05-27T11:59:49.592797Z	info	sync complete	name=istiod analyzer attempt=1 time=36.667µs
2026-05-27T12:00:10.306247Z	info	sync complete	name=istiod analyzer attempt=1 time=25.083µs
2026-05-27T12:01:01.278034Z	info	sync complete	name=istiod analyzer attempt=1 time=40.583µs
2026-05-27T12:01:11.298960Z	info	sync complete	name=istiod analyzer attempt=1 time=32.667µs
2026-05-27T12:01:21.352242Z	info	sync complete	name=istiod analyzer attempt=1 time=32.667µs
2026-05-27T12:01:31.699051Z	info	sync complete	name=istiod analyzer attempt=1 time=26.333µs
2026-05-27T12:02:22.615423Z	info	sync complete	name=istiod analyzer attempt=1 time=25.833µs
2026-05-27T12:02:43.133824Z	info	sync complete	name=istiod analyzer attempt=1 time=29.875µs
2026-05-27T12:03:14.107656Z	info	sync complete	name=istiod analyzer attempt=1 time=29.584µs
2026-05-27T12:03:24.246551Z	info	sync complete	name=istiod analyzer attempt=1 time=33.084µs
2026-05-27T12:04:35.393675Z	info	sync complete	name=istiod analyzer attempt=1 time=37.75µs
2026-05-27T12:04:45.662623Z	info	sync complete	name=istiod analyzer attempt=1 time=30.625µs
2026-05-27T12:05:05.997972Z	info	sync complete	name=istiod analyzer attempt=1 time=29.167µs
2026-05-27T12:05:16.061947Z	info	sync complete	name=istiod analyzer attempt=1 time=23.417µs
2026-05-27T12:07:08.504205Z	info	sync complete	name=istiod analyzer attempt=1 time=38.291µs
2026-05-27T12:07:18.611220Z	info	sync complete	name=istiod analyzer attempt=1 time=24.666µs
2026-05-27T12:07:59.179853Z	info	sync complete	name=istiod analyzer attempt=1 time=28.417µs
2026-05-27T12:08:09.229406Z	info	sync complete	name=istiod analyzer attempt=1 time=26.417µs
2026-05-27T12:08:29.558860Z	info	sync complete	name=istiod analyzer attempt=1 time=29.667µs
2026-05-27T12:08:39.734164Z	info	sync complete	name=istiod analyzer attempt=1 time=43.667µs
2026-05-27T12:09:00.192963Z	info	sync complete	name=istiod analyzer attempt=1 time=23.542µs
2026-05-27T12:09:20.554769Z	info	sync complete	name=istiod analyzer attempt=1 time=102.708µs
2026-05-27T12:09:30.670422Z	info	sync complete	name=istiod analyzer attempt=1 time=50.917µs
2026-05-27T12:09:50.812828Z	info	sync complete	name=istiod analyzer attempt=1 time=25.416µs
2026-05-27T12:10:01.080356Z	info	sync complete	name=istiod analyzer attempt=1 time=28.417µs
2026-05-27T12:10:11.270886Z	info	sync complete	name=istiod analyzer attempt=1 time=27.208µs
2026-05-27T12:10:21.611895Z	info	sync complete	name=istiod analyzer attempt=1 time=30.375µs
2026-05-27T12:10:31.693872Z	info	sync complete	name=istiod analyzer attempt=1 time=24.666µs
2026-05-27T12:10:52.087322Z	info	sync complete	name=istiod analyzer attempt=1 time=34.917µs
2026-05-27T12:11:02.138915Z	info	sync complete	name=istiod analyzer attempt=1 time=30.583µs
2026-05-27T12:11:22.571518Z	info	sync complete	name=istiod analyzer attempt=1 time=41.167µs
2026-05-27T12:11:32.850281Z	info	sync complete	name=istiod analyzer attempt=1 time=30.083µs
2026-05-27T12:11:43.244333Z	info	sync complete	name=istiod analyzer attempt=1 time=23.167µs
2026-05-27T12:11:53.362205Z	info	sync complete	name=istiod analyzer attempt=1 time=33.416µs
2026-05-27T12:12:03.410070Z	info	sync complete	name=istiod analyzer attempt=1 time=31.208µs
2026-05-27T12:12:13.550039Z	info	sync complete	name=istiod analyzer attempt=1 time=25.25µs
2026-05-27T12:13:45.475445Z	info	sync complete	name=istiod analyzer attempt=1 time=30.042µs
2026-05-27T12:13:55.704350Z	info	sync complete	name=istiod analyzer attempt=1 time=68.417µs
2026-05-27T12:15:17.427149Z	info	sync complete	name=istiod analyzer attempt=1 time=26.917µs
2026-05-27T12:15:27.596412Z	info	sync complete	name=istiod analyzer attempt=1 time=28.875µs
2026-05-27T12:16:39.423481Z	info	sync complete	name=istiod analyzer attempt=1 time=29.542µs
2026-05-27T12:16:59.750191Z	info	sync complete	name=istiod analyzer attempt=1 time=24.5µs
2026-05-27T12:17:04.466495Z	info	delta	ADS: "10.30.0.15:49428" echo-tr-gateway-67dd96d555-q7s44.echo-tr-15 terminated
2026-05-27T12:17:04.938301Z	info	delta	ADS: new delta connection for node:echo-tr-gateway-67dd96d555-q7s44.echo-tr-17
2026-05-27T12:17:04.938563Z	info	delta	CDS: PUSH request for node:echo-tr-gateway-67dd96d555-q7s44.echo-tr resources:2 removed:0 size:1.1kB cached:1/1 filtered:0
2026-05-27T12:17:04.939574Z	info	delta	LDS: PUSH request for node:echo-tr-gateway-67dd96d555-q7s44.echo-tr resources:2 removed:0 size:11.3kB filtered:0
2026-05-27T12:17:04.939920Z	info	delta	EDS: PUSH request for node:echo-tr-gateway-67dd96d555-q7s44.echo-tr resources:1 removed:0 size:228B empty:0 cached:1/1 filtered:0
2026-05-27T12:17:04.940163Z	info	delta	RDS: PUSH request for node:echo-tr-gateway-67dd96d555-q7s44.echo-tr resources:2 removed:0 size:1.4kB cached:0/0 filtered:0
2026-05-27T12:17:30.657591Z	info	sync complete	name=istiod analyzer attempt=1 time=27.292µs
2026-05-27T12:17:40.779537Z	info	sync complete	name=istiod analyzer attempt=1 time=37.625µs
2026-05-27T12:18:01.133645Z	info	sync complete	name=istiod analyzer attempt=1 time=29.792µs
2026-05-27T12:18:11.364627Z	info	sync complete	name=istiod analyzer attempt=1 time=36.125µs
2026-05-27T12:21:14.665669Z	info	sync complete	name=istiod analyzer attempt=1 time=37.041µs
2026-05-27T12:21:34.954807Z	info	sync complete	name=istiod analyzer attempt=1 time=24.291µs
2026-05-27T12:22:15.924358Z	info	sync complete	name=istiod analyzer attempt=1 time=27.458µs
2026-05-27T12:22:26.328189Z	info	sync complete	name=istiod analyzer attempt=1 time=28.417µs
2026-05-27T12:23:38.005473Z	info	sync complete	name=istiod analyzer attempt=1 time=31.958µs
2026-05-27T12:23:48.324852Z	info	sync complete	name=istiod analyzer attempt=1 time=29.416µs
2026-05-27T12:24:01.612025Z	info	delta	ADS: "10.30.0.14:50106" echo-5fb5d66d6-xhjw8.echo-tr-16 terminated
2026-05-27T12:24:01.997104Z	info	delta	ADS: new delta connection for node:echo-5fb5d66d6-xhjw8.echo-tr-18
2026-05-27T12:24:01.997678Z	info	delta	CDS: PUSH request for node:echo-5fb5d66d6-xhjw8.echo-tr resources:23 removed:0 size:24.1kB cached:19/19 filtered:0
2026-05-27T12:24:01.997772Z	info	delta	EDS: PUSH request for node:echo-5fb5d66d6-xhjw8.echo-tr resources:19 removed:0 size:4.0kB empty:0 cached:19/19 filtered:0
2026-05-27T12:24:01.999152Z	info	delta	LDS: PUSH request for node:echo-5fb5d66d6-xhjw8.echo-tr resources:20 removed:0 size:83.7kB filtered:0
2026-05-27T12:24:01.999267Z	info	delta	NDS: PUSH request for node:echo-5fb5d66d6-xhjw8.echo-tr resources:1 removed:0 size:1.2kB
2026-05-27T12:24:01.999529Z	info	delta	RDS: PUSH request for node:echo-5fb5d66d6-xhjw8.echo-tr resources:10 removed:0 size:8.6kB cached:8/10 filtered:0
2026-05-27T12:24:29.028233Z	info	sync complete	name=istiod analyzer attempt=1 time=29.458µs
2026-05-27T12:24:39.367040Z	info	sync complete	name=istiod analyzer attempt=1 time=25.375µs
2026-05-27T12:24:49.389263Z	info	sync complete	name=istiod analyzer attempt=1 time=31.292µs
2026-05-27T12:25:09.712334Z	info	sync complete	name=istiod analyzer attempt=1 time=33.708µs
2026-05-27T12:25:19.803411Z	info	sync complete	name=istiod analyzer attempt=1 time=23.5µs
2026-05-27T12:25:30.066198Z	info	sync complete	name=istiod analyzer attempt=1 time=26.667µs
2026-05-27T12:26:00.380192Z	info	sync complete	name=istiod analyzer attempt=1 time=26.375µs
2026-05-27T12:26:10.759427Z	info	sync complete	name=istiod analyzer attempt=1 time=22.708µs
2026-05-27T12:26:20.826747Z	info	sync complete	name=istiod analyzer attempt=1 time=25.417µs
2026-05-27T12:26:30.993499Z	info	sync complete	name=istiod analyzer attempt=1 time=32.625µs
2026-05-27T12:26:41.095875Z	info	sync complete	name=istiod analyzer attempt=1 time=30.5µs
2026-05-27T12:26:51.479323Z	info	sync complete	name=istiod analyzer attempt=1 time=26.75µs
2026-05-27T12:27:01.562635Z	info	sync complete	name=istiod analyzer attempt=1 time=25.625µs
2026-05-27T12:27:52.222430Z	info	sync complete	name=istiod analyzer attempt=1 time=26.417µs
2026-05-27T12:28:12.537100Z	info	sync complete	name=istiod analyzer attempt=1 time=29.708µs
2026-05-27T12:28:33.192998Z	info	sync complete	name=istiod analyzer attempt=1 time=31.667µs
2026-05-27T12:28:53.437216Z	info	sync complete	name=istiod analyzer attempt=1 time=26.958µs
2026-05-27T12:29:13.950381Z	info	sync complete	name=istiod analyzer attempt=1 time=28.166µs
2026-05-27T12:29:24.051459Z	info	sync complete	name=istiod analyzer attempt=1 time=26.458µs
2026-05-27T12:29:44.750610Z	info	sync complete	name=istiod analyzer attempt=1 time=24.875µs
2026-05-27T12:29:55.029327Z	info	sync complete	name=istiod analyzer attempt=1 time=43.708µs
2026-05-27T12:30:05.196435Z	info	sync complete	name=istiod analyzer attempt=1 time=66.583µs
2026-05-27T12:30:25.312847Z	info	sync complete	name=istiod analyzer attempt=1 time=31.25µs
2026-05-27T12:30:55.850960Z	info	sync complete	name=istiod analyzer attempt=1 time=27.292µs
2026-05-27T12:31:05.894178Z	info	sync complete	name=istiod analyzer attempt=1 time=27.666µs
2026-05-27T12:31:15.967783Z	info	sync complete	name=istiod analyzer attempt=1 time=24.292µs
2026-05-27T12:31:26.183984Z	info	sync complete	name=istiod analyzer attempt=1 time=24.792µs
2026-05-27T12:32:06.745455Z	info	sync complete	name=istiod analyzer attempt=1 time=47.875µs
2026-05-27T12:32:16.858177Z	info	sync complete	name=istiod analyzer attempt=1 time=28.625µs
2026-05-27T12:33:58.875117Z	info	sync complete	name=istiod analyzer attempt=1 time=33.084µs
2026-05-27T12:34:09.211167Z	info	sync complete	name=istiod analyzer attempt=1 time=25.833µs
2026-05-27T12:35:30.759583Z	info	sync complete	name=istiod analyzer attempt=1 time=28.625µs
2026-05-27T12:35:40.907526Z	info	sync complete	name=istiod analyzer attempt=1 time=25.292µs
2026-05-27T12:36:11.418597Z	info	sync complete	name=istiod analyzer attempt=1 time=26.125µs
2026-05-27T12:36:21.652403Z	info	sync complete	name=istiod analyzer attempt=1 time=31.459µs
2026-05-27T12:36:32.027321Z	info	sync complete	name=istiod analyzer attempt=1 time=32.834µs
2026-05-27T12:36:42.395047Z	info	sync complete	name=istiod analyzer attempt=1 time=25.542µs
2026-05-27T12:37:02.808827Z	info	sync complete	name=istiod analyzer attempt=1 time=28.459µs
2026-05-27T12:37:43.908828Z	info	sync complete	name=istiod analyzer attempt=1 time=29.25µs
2026-05-27T12:37:54.256483Z	info	sync complete	name=istiod analyzer attempt=1 time=26.5µs
2026-05-27T12:38:14.580545Z	info	sync complete	name=istiod analyzer attempt=1 time=28.667µs
2026-05-27T12:38:35.187702Z	info	sync complete	name=istiod analyzer attempt=1 time=29.667µs
2026-05-27T12:38:45.260318Z	info	sync complete	name=istiod analyzer attempt=1 time=34.417µs
2026-05-27T12:39:36.415231Z	info	sync complete	name=istiod analyzer attempt=1 time=30.875µs
2026-05-27T12:39:46.502142Z	info	sync complete	name=istiod analyzer attempt=1 time=24.166µs
2026-05-27T12:39:56.904822Z	info	sync complete	name=istiod analyzer attempt=1 time=25.917µs
2026-05-27T12:40:07.070697Z	info	sync complete	name=istiod analyzer attempt=1 time=27.75µs
2026-05-27T12:41:59.380753Z	info	sync complete	name=istiod analyzer attempt=1 time=28.333µs
2026-05-27T12:42:09.477253Z	info	sync complete	name=istiod analyzer attempt=1 time=23.292µs
2026-05-27T12:42:29.594051Z	info	sync complete	name=istiod analyzer attempt=1 time=29.791µs
2026-05-27T12:43:00.154497Z	info	sync complete	name=istiod analyzer attempt=1 time=31.708µs
2026-05-27T12:43:10.555337Z	info	sync complete	name=istiod analyzer attempt=1 time=26.084µs
2026-05-27T12:43:31.219547Z	info	sync complete	name=istiod analyzer attempt=1 time=56.166µs
2026-05-27T12:44:01.992306Z	info	sync complete	name=istiod analyzer attempt=1 time=23.75µs
2026-05-27T12:44:22.645238Z	info	sync complete	name=istiod analyzer attempt=1 time=34.125µs
2026-05-27T12:45:44.314751Z	info	sync complete	name=istiod analyzer attempt=1 time=32.375µs
2026-05-27T12:45:54.644887Z	info	sync complete	name=istiod analyzer attempt=1 time=27.167µs
2026-05-27T12:46:04.661887Z	info	sync complete	name=istiod analyzer attempt=1 time=28.667µs
2026-05-27T12:47:36.043550Z	info	sync complete	name=istiod analyzer attempt=1 time=26.833µs
2026-05-27T12:47:46.424654Z	info	sync complete	name=istiod analyzer attempt=1 time=24.875µs
2026-05-27T12:47:56.577575Z	info	sync complete	name=istiod analyzer attempt=1 time=37µs
2026-05-27T12:48:06.872907Z	info	sync complete	name=istiod analyzer attempt=1 time=27.125µs
2026-05-27T12:48:27.135940Z	info	sync complete	name=istiod analyzer attempt=1 time=39.125µs
2026-05-27T12:48:31.235467Z	info	delta	ADS: "10.30.0.15:56194" echo-tr-gateway-67dd96d555-q7s44.echo-tr-17 terminated
2026-05-27T12:48:31.387992Z	info	delta	ADS: new delta connection for node:echo-tr-gateway-67dd96d555-q7s44.echo-tr-19
2026-05-27T12:48:31.388503Z	info	delta	CDS: PUSH request for node:echo-tr-gateway-67dd96d555-q7s44.echo-tr resources:2 removed:0 size:1.1kB cached:1/1 filtered:0
2026-05-27T12:48:31.389553Z	info	delta	LDS: PUSH request for node:echo-tr-gateway-67dd96d555-q7s44.echo-tr resources:2 removed:0 size:11.3kB filtered:0
2026-05-27T12:48:31.390018Z	info	delta	EDS: PUSH request for node:echo-tr-gateway-67dd96d555-q7s44.echo-tr resources:1 removed:0 size:228B empty:0 cached:1/1 filtered:0
2026-05-27T12:48:31.390442Z	info	delta	RDS: PUSH request for node:echo-tr-gateway-67dd96d555-q7s44.echo-tr resources:2 removed:0 size:1.4kB cached:0/0 filtered:0
2026-05-27T12:48:37.252824Z	info	sync complete	name=istiod analyzer attempt=1 time=24.5µs
2026-05-27T12:48:47.498694Z	info	sync complete	name=istiod analyzer attempt=1 time=31.542µs
2026-05-27T12:48:57.870389Z	info	sync complete	name=istiod analyzer attempt=1 time=32µs
2026-05-27T12:49:08.238775Z	info	sync complete	name=istiod analyzer attempt=1 time=34.5µs
2026-05-27T12:49:18.331307Z	info	sync complete	name=istiod analyzer attempt=1 time=28.042µs
2026-05-27T12:49:39.094317Z	info	sync complete	name=istiod analyzer attempt=1 time=40.75µs
2026-05-27T12:49:49.182778Z	info	sync complete	name=istiod analyzer attempt=1 time=26.667µs
2026-05-27T12:51:14.937814Z	info	delta	ADS: "10.30.0.14:40538" echo-5fb5d66d6-xhjw8.echo-tr-18 terminated
2026-05-27T12:51:15.221197Z	info	delta	ADS: new delta connection for node:echo-5fb5d66d6-xhjw8.echo-tr-20
2026-05-27T12:51:15.221445Z	info	delta	CDS: PUSH request for node:echo-5fb5d66d6-xhjw8.echo-tr resources:23 removed:0 size:24.1kB cached:19/19 filtered:0
2026-05-27T12:51:15.221994Z	info	delta	EDS: PUSH request for node:echo-5fb5d66d6-xhjw8.echo-tr resources:19 removed:0 size:4.0kB empty:0 cached:19/19 filtered:0
2026-05-27T12:51:15.223845Z	info	delta	LDS: PUSH request for node:echo-5fb5d66d6-xhjw8.echo-tr resources:20 removed:0 size:83.7kB filtered:0
2026-05-27T12:51:15.223951Z	info	delta	NDS: PUSH request for node:echo-5fb5d66d6-xhjw8.echo-tr resources:1 removed:0 size:1.2kB
2026-05-27T12:51:15.224099Z	info	delta	RDS: PUSH request for node:echo-5fb5d66d6-xhjw8.echo-tr resources:10 removed:0 size:8.6kB cached:7/10 filtered:0
2026-05-27T12:51:41.817940Z	info	sync complete	name=istiod analyzer attempt=1 time=40.417µs
2026-05-27T12:51:52.087803Z	info	sync complete	name=istiod analyzer attempt=1 time=44.25µs
2026-05-27T12:52:02.144908Z	info	sync complete	name=istiod analyzer attempt=1 time=29.375µs
2026-05-27T12:52:12.161720Z	info	sync complete	name=istiod analyzer attempt=1 time=33.75µs
2026-05-27T12:53:03.387688Z	info	sync complete	name=istiod analyzer attempt=1 time=24.958µs
2026-05-27T12:53:13.516827Z	info	sync complete	name=istiod analyzer attempt=1 time=31.792µs
2026-05-27T12:54:15.055777Z	info	sync complete	name=istiod analyzer attempt=1 time=34.667µs
2026-05-27T12:54:25.456667Z	info	sync complete	name=istiod analyzer attempt=1 time=27.834µs
2026-05-27T12:54:55.743908Z	info	sync complete	name=istiod analyzer attempt=1 time=25.167µs
2026-05-27T12:55:05.848019Z	info	sync complete	name=istiod analyzer attempt=1 time=28.875µs
2026-05-27T12:55:57.145766Z	info	sync complete	name=istiod analyzer attempt=1 time=22.708µs
2026-05-27T12:56:07.457830Z	info	sync complete	name=istiod analyzer attempt=1 time=30.417µs
2026-05-27T12:57:28.880801Z	info	sync complete	name=istiod analyzer attempt=1 time=27.167µs
2026-05-27T12:57:39.256788Z	info	sync complete	name=istiod analyzer attempt=1 time=26.041µs
2026-05-27T12:58:20.024244Z	info	sync complete	name=istiod analyzer attempt=1 time=34.084µs
2026-05-27T12:58:30.053231Z	info	sync complete	name=istiod analyzer attempt=1 time=26.791µs
2026-05-27T13:00:11.973178Z	info	sync complete	name=istiod analyzer attempt=1 time=55.625µs
2026-05-27T13:00:22.329959Z	info	sync complete	name=istiod analyzer attempt=1 time=25.833µs
2026-05-27T13:00:32.619591Z	info	sync complete	name=istiod analyzer attempt=1 time=30.833µs
2026-05-27T13:00:42.864007Z	info	sync complete	name=istiod analyzer attempt=1 time=34.875µs
2026-05-27T13:01:44.256761Z	info	sync complete	name=istiod analyzer attempt=1 time=34.708µs
2026-05-27T13:01:54.586681Z	info	sync complete	name=istiod analyzer attempt=1 time=28.875µs
2026-05-27T13:02:04.830764Z	info	sync complete	name=istiod analyzer attempt=1 time=27.5µs
2026-05-27T13:02:14.926199Z	info	sync complete	name=istiod analyzer attempt=1 time=39.083µs
2026-05-27T13:02:35.422087Z	info	sync complete	name=istiod analyzer attempt=1 time=25µs
2026-05-27T13:03:05.875294Z	info	sync complete	name=istiod analyzer attempt=1 time=33.083µs
2026-05-27T13:03:15.950700Z	info	sync complete	name=istiod analyzer attempt=1 time=28.084µs
2026-05-27T13:05:58.792315Z	info	sync complete	name=istiod analyzer attempt=1 time=26.625µs
2026-05-27T13:06:19.329740Z	info	sync complete	name=istiod analyzer attempt=1 time=32.417µs
2026-05-27T13:06:39.834577Z	info	sync complete	name=istiod analyzer attempt=1 time=42.042µs
2026-05-27T13:07:51.671914Z	info	sync complete	name=istiod analyzer attempt=1 time=33.75µs
2026-05-27T13:08:12.340691Z	info	sync complete	name=istiod analyzer attempt=1 time=25.208µs
2026-05-27T13:10:24.275175Z	info	sync complete	name=istiod analyzer attempt=1 time=37.541µs
2026-05-27T13:10:34.562491Z	info	sync complete	name=istiod analyzer attempt=1 time=25.583µs
2026-05-27T13:10:44.901311Z	info	sync complete	name=istiod analyzer attempt=1 time=25.625µs
2026-05-27T13:10:54.977175Z	info	sync complete	name=istiod analyzer attempt=1 time=26.083µs
2026-05-27T13:11:25.315060Z	info	sync complete	name=istiod analyzer attempt=1 time=24.917µs
2026-05-27T13:11:35.424865Z	info	sync complete	name=istiod analyzer attempt=1 time=25.708µs
2026-05-27T13:11:55.778783Z	info	sync complete	name=istiod analyzer attempt=1 time=24.667µs
2026-05-27T13:12:16.446229Z	info	sync complete	name=istiod analyzer attempt=1 time=32µs
2026-05-27T13:12:36.991938Z	info	sync complete	name=istiod analyzer attempt=1 time=24.583µs
2026-05-27T13:12:47.386548Z	info	sync complete	name=istiod analyzer attempt=1 time=27.292µs
2026-05-27T13:13:08.114429Z	info	sync complete	name=istiod analyzer attempt=1 time=25.792µs
2026-05-27T13:13:18.489540Z	info	sync complete	name=istiod analyzer attempt=1 time=31µs
2026-05-27T13:13:28.569518Z	info	sync complete	name=istiod analyzer attempt=1 time=25.25µs
2026-05-27T13:13:38.798347Z	info	sync complete	name=istiod analyzer attempt=1 time=26.042µs
2026-05-27T13:15:10.023731Z	info	sync complete	name=istiod analyzer attempt=1 time=50.25µs
2026-05-27T13:15:20.130150Z	info	sync complete	name=istiod analyzer attempt=1 time=29.083µs
2026-05-27T13:17:22.304148Z	info	sync complete	name=istiod analyzer attempt=1 time=39.542µs
2026-05-27T13:17:42.669304Z	info	sync complete	name=istiod analyzer attempt=1 time=30.083µs
2026-05-27T13:17:53.006436Z	info	sync complete	name=istiod analyzer attempt=1 time=24.583µs
2026-05-27T13:18:03.329454Z	info	sync complete	name=istiod analyzer attempt=1 time=29.375µs
2026-05-27T13:18:39.090922Z	info	delta	ADS: "10.30.0.14:39378" echo-5fb5d66d6-xhjw8.echo-tr-20 terminated
2026-05-27T13:18:39.557325Z	info	delta	ADS: new delta connection for node:echo-5fb5d66d6-xhjw8.echo-tr-21
2026-05-27T13:18:39.557699Z	info	delta	CDS: PUSH request for node:echo-5fb5d66d6-xhjw8.echo-tr resources:23 removed:0 size:24.1kB cached:19/19 filtered:0
2026-05-27T13:18:39.558526Z	info	delta	EDS: PUSH request for node:echo-5fb5d66d6-xhjw8.echo-tr resources:19 removed:0 size:4.0kB empty:0 cached:19/19 filtered:0
2026-05-27T13:18:39.559850Z	info	delta	LDS: PUSH request for node:echo-5fb5d66d6-xhjw8.echo-tr resources:20 removed:0 size:83.7kB filtered:0
2026-05-27T13:18:39.559957Z	info	delta	NDS: PUSH request for node:echo-5fb5d66d6-xhjw8.echo-tr resources:1 removed:0 size:1.2kB
2026-05-27T13:18:39.560241Z	info	delta	RDS: PUSH request for node:echo-5fb5d66d6-xhjw8.echo-tr resources:10 removed:0 size:8.6kB cached:7/10 filtered:0
2026-05-27T13:18:54.397058Z	info	sync complete	name=istiod analyzer attempt=1 time=28.375µs
2026-05-27T13:19:04.503764Z	info	sync complete	name=istiod analyzer attempt=1 time=34.542µs
2026-05-27T13:19:44.855983Z	info	sync complete	name=istiod analyzer attempt=1 time=25.208µs
2026-05-27T13:19:54.985528Z	info	sync complete	name=istiod analyzer attempt=1 time=24.708µs
2026-05-27T13:20:05.311209Z	info	sync complete	name=istiod analyzer attempt=1 time=42.833µs
2026-05-27T13:20:55.129745Z	info	delta	ADS: "10.30.0.15:46634" echo-tr-gateway-67dd96d555-q7s44.echo-tr-19 terminated
2026-05-27T13:20:55.217197Z	info	delta	ADS: new delta connection for node:echo-tr-gateway-67dd96d555-q7s44.echo-tr-22
2026-05-27T13:20:55.217334Z	info	delta	CDS: PUSH request for node:echo-tr-gateway-67dd96d555-q7s44.echo-tr resources:2 removed:0 size:1.1kB cached:1/1 filtered:0
2026-05-27T13:20:55.219281Z	info	delta	LDS: PUSH request for node:echo-tr-gateway-67dd96d555-q7s44.echo-tr resources:2 removed:0 size:11.3kB filtered:0
2026-05-27T13:20:55.219484Z	info	delta	EDS: PUSH request for node:echo-tr-gateway-67dd96d555-q7s44.echo-tr resources:1 removed:0 size:228B empty:0 cached:1/1 filtered:0
2026-05-27T13:20:55.219745Z	info	delta	RDS: PUSH request for node:echo-tr-gateway-67dd96d555-q7s44.echo-tr resources:2 removed:0 size:1.4kB cached:0/0 filtered:0
2026-05-27T13:21:16.809083Z	info	sync complete	name=istiod analyzer attempt=1 time=40.25µs
2026-05-27T13:21:37.260099Z	info	sync complete	name=istiod analyzer attempt=1 time=23.875µs
2026-05-27T13:22:59.007127Z	info	sync complete	name=istiod analyzer attempt=1 time=24.292µs
2026-05-27T13:23:09.352008Z	info	sync complete	name=istiod analyzer attempt=1 time=24.958µs
2026-05-27T13:25:21.889423Z	info	sync complete	name=istiod analyzer attempt=1 time=24.25µs
2026-05-27T13:25:32.048527Z	info	sync complete	name=istiod analyzer attempt=1 time=27.958µs
2026-05-27T13:27:45.066975Z	info	sync complete	name=istiod analyzer attempt=1 time=33.709µs
2026-05-27T13:27:55.359055Z	info	sync complete	name=istiod analyzer attempt=1 time=25.417µs
2026-05-27T13:28:56.704535Z	info	sync complete	name=istiod analyzer attempt=1 time=53µs
2026-05-27T13:29:27.204717Z	info	sync complete	name=istiod analyzer attempt=1 time=33.042µs
2026-05-27T13:29:47.641267Z	info	sync complete	name=istiod analyzer attempt=1 time=28.167µs
2026-05-27T13:29:57.885036Z	info	sync complete	name=istiod analyzer attempt=1 time=30.083µs
2026-05-27T13:30:07.938469Z	info	sync complete	name=istiod analyzer attempt=1 time=70.125µs
2026-05-27T13:30:18.012529Z	info	sync complete	name=istiod analyzer attempt=1 time=30.625µs
2026-05-27T13:31:09.108520Z	info	sync complete	name=istiod analyzer attempt=1 time=27.167µs
2026-05-27T13:31:19.334214Z	info	sync complete	name=istiod analyzer attempt=1 time=24.958µs
2026-05-27T13:31:50.098365Z	info	sync complete	name=istiod analyzer attempt=1 time=26.375µs
2026-05-27T13:32:00.253247Z	info	sync complete	name=istiod analyzer attempt=1 time=27.583µs
2026-05-27T13:32:10.371097Z	info	sync complete	name=istiod analyzer attempt=1 time=32.125µs
2026-05-27T13:32:20.562545Z	info	sync complete	name=istiod analyzer attempt=1 time=25.541µs
2026-05-27T13:32:30.848189Z	info	sync complete	name=istiod analyzer attempt=1 time=27.25µs
2026-05-27T13:32:41.060014Z	info	sync complete	name=istiod analyzer attempt=1 time=40.208µs
2026-05-27T13:33:31.807116Z	info	sync complete	name=istiod analyzer attempt=1 time=30.208µs
2026-05-27T13:33:52.005143Z	info	sync complete	name=istiod analyzer attempt=1 time=30.208µs
2026-05-27T13:34:12.175615Z	info	sync complete	name=istiod analyzer attempt=1 time=28.375µs
2026-05-27T13:34:22.569619Z	info	sync complete	name=istiod analyzer attempt=1 time=26.542µs
2026-05-27T13:34:42.869554Z	info	sync complete	name=istiod analyzer attempt=1 time=23.375µs
2026-05-27T13:34:53.210035Z	info	sync complete	name=istiod analyzer attempt=1 time=28.917µs
2026-05-27T13:35:34.231960Z	info	sync complete	name=istiod analyzer attempt=1 time=25.959µs
2026-05-27T13:35:44.407548Z	info	sync complete	name=istiod analyzer attempt=1 time=25.791µs
2026-05-27T13:38:06.732027Z	info	sync complete	name=istiod analyzer attempt=1 time=39.084µs
2026-05-27T13:38:16.870685Z	info	sync complete	name=istiod analyzer attempt=1 time=25.167µs
2026-05-27T13:38:27.037072Z	info	sync complete	name=istiod analyzer attempt=1 time=30.666µs
2026-05-27T13:38:37.126607Z	info	sync complete	name=istiod analyzer attempt=1 time=23.833µs
2026-05-27T13:38:47.369035Z	info	sync complete	name=istiod analyzer attempt=1 time=26.917µs
2026-05-27T13:38:57.488446Z	info	sync complete	name=istiod analyzer attempt=1 time=37.083µs
2026-05-27T13:39:07.767562Z	info	sync complete	name=istiod analyzer attempt=1 time=35.334µs
2026-05-27T13:39:38.392490Z	info	sync complete	name=istiod analyzer attempt=1 time=30.208µs
2026-05-27T13:40:08.798413Z	info	sync complete	name=istiod analyzer attempt=1 time=53.625µs
2026-05-27T13:40:19.145028Z	info	sync complete	name=istiod analyzer attempt=1 time=26.417µs
2026-05-27T13:40:29.362098Z	info	sync complete	name=istiod analyzer attempt=1 time=30.334µs
2026-05-27T13:40:49.697372Z	info	sync complete	name=istiod analyzer attempt=1 time=28.625µs
2026-05-27T13:40:59.871292Z	info	sync complete	name=istiod analyzer attempt=1 time=91.75µs
2026-05-27T13:42:11.203176Z	info	sync complete	name=istiod analyzer attempt=1 time=44.166µs
2026-05-27T13:42:52.227607Z	info	sync complete	name=istiod analyzer attempt=1 time=22.917µs
2026-05-27T13:43:02.521720Z	info	sync complete	name=istiod analyzer attempt=1 time=25.958µs
2026-05-27T13:43:22.857066Z	info	sync complete	name=istiod analyzer attempt=1 time=28.833µs
2026-05-27T13:44:14.016101Z	info	sync complete	name=istiod analyzer attempt=1 time=29.5µs
2026-05-27T13:44:24.272282Z	info	sync complete	name=istiod analyzer attempt=1 time=42.041µs
2026-05-27T13:45:35.917151Z	info	sync complete	name=istiod analyzer attempt=1 time=37.084µs
2026-05-27T13:45:46.231112Z	info	sync complete	name=istiod analyzer attempt=1 time=28.5µs
2026-05-27T13:46:37.638519Z	info	delta	ADS: "10.30.0.14:50592" echo-5fb5d66d6-xhjw8.echo-tr-21 terminated
2026-05-27T13:46:38.146184Z	info	delta	ADS: new delta connection for node:echo-5fb5d66d6-xhjw8.echo-tr-23
2026-05-27T13:46:38.146586Z	info	delta	CDS: PUSH request for node:echo-5fb5d66d6-xhjw8.echo-tr resources:23 removed:0 size:24.1kB cached:19/19 filtered:0
2026-05-27T13:46:38.147097Z	info	delta	EDS: PUSH request for node:echo-5fb5d66d6-xhjw8.echo-tr resources:19 removed:0 size:4.0kB empty:0 cached:19/19 filtered:0
2026-05-27T13:46:38.148965Z	info	delta	LDS: PUSH request for node:echo-5fb5d66d6-xhjw8.echo-tr resources:20 removed:0 size:83.7kB filtered:0
2026-05-27T13:46:38.149104Z	info	delta	NDS: PUSH request for node:echo-5fb5d66d6-xhjw8.echo-tr resources:1 removed:0 size:1.2kB
2026-05-27T13:46:38.149329Z	info	delta	RDS: PUSH request for node:echo-5fb5d66d6-xhjw8.echo-tr resources:10 removed:0 size:8.6kB cached:7/10 filtered:0
2026-05-27T13:46:47.832741Z	info	sync complete	name=istiod analyzer attempt=1 time=30.666µs
2026-05-27T13:46:58.092495Z	info	sync complete	name=istiod analyzer attempt=1 time=24.166µs
2026-05-27T13:47:59.724615Z	info	sync complete	name=istiod analyzer attempt=1 time=28.417µs
2026-05-27T13:48:09.882910Z	info	sync complete	name=istiod analyzer attempt=1 time=38.292µs
2026-05-27T13:48:40.548958Z	info	sync complete	name=istiod analyzer attempt=1 time=26.125µs
2026-05-27T13:48:50.590583Z	info	sync complete	name=istiod analyzer attempt=1 time=35.584µs
2026-05-27T13:49:21.433578Z	info	sync complete	name=istiod analyzer attempt=1 time=29.709µs
2026-05-27T13:49:31.458653Z	info	sync complete	name=istiod analyzer attempt=1 time=26.625µs
2026-05-27T13:50:01.894028Z	info	sync complete	name=istiod analyzer attempt=1 time=27.292µs
2026-05-27T13:50:12.027153Z	info	sync complete	name=istiod analyzer attempt=1 time=30.792µs
2026-05-27T13:50:22.345060Z	info	sync complete	name=istiod analyzer attempt=1 time=29.542µs
2026-05-27T13:50:52.958975Z	info	sync complete	name=istiod analyzer attempt=1 time=40.375µs
2026-05-27T13:51:03.077517Z	info	sync complete	name=istiod analyzer attempt=1 time=27.667µs
2026-05-27T13:51:28.758096Z	info	delta	ADS: "10.30.0.15:33670" echo-tr-gateway-67dd96d555-q7s44.echo-tr-22 terminated
2026-05-27T13:51:29.026710Z	info	delta	ADS: new delta connection for node:echo-tr-gateway-67dd96d555-q7s44.echo-tr-24
2026-05-27T13:51:29.026943Z	info	delta	CDS: PUSH request for node:echo-tr-gateway-67dd96d555-q7s44.echo-tr resources:2 removed:0 size:1.1kB cached:1/1 filtered:0
2026-05-27T13:51:29.027391Z	info	delta	LDS: PUSH request for node:echo-tr-gateway-67dd96d555-q7s44.echo-tr resources:2 removed:0 size:11.3kB filtered:0
2026-05-27T13:51:29.027805Z	info	delta	EDS: PUSH request for node:echo-tr-gateway-67dd96d555-q7s44.echo-tr resources:1 removed:0 size:228B empty:0 cached:1/1 filtered:0
2026-05-27T13:51:29.027938Z	info	delta	RDS: PUSH request for node:echo-tr-gateway-67dd96d555-q7s44.echo-tr resources:2 removed:0 size:1.4kB cached:0/0 filtered:0
2026-05-27T13:51:43.773536Z	info	sync complete	name=istiod analyzer attempt=1 time=26.791µs
2026-05-27T13:51:54.049413Z	info	sync complete	name=istiod analyzer attempt=1 time=27.459µs
2026-05-27T13:53:05.555220Z	info	sync complete	name=istiod analyzer attempt=1 time=41.417µs
2026-05-27T13:53:15.639365Z	info	sync complete	name=istiod analyzer attempt=1 time=33.416µs
2026-05-27T13:54:17.018532Z	info	sync complete	name=istiod analyzer attempt=1 time=56.458µs
2026-05-27T13:54:37.122151Z	info	sync complete	name=istiod analyzer attempt=1 time=25.25µs
2026-05-27T13:55:18.094911Z	info	sync complete	name=istiod analyzer attempt=1 time=48.875µs
2026-05-27T13:55:28.237982Z	info	sync complete	name=istiod analyzer attempt=1 time=31.25µs
2026-05-27T13:56:09.018583Z	info	sync complete	name=istiod analyzer attempt=1 time=36.208µs
2026-05-27T13:56:19.171914Z	info	sync complete	name=istiod analyzer attempt=1 time=65.708µs
2026-05-27T13:56:29.291888Z	info	sync complete	name=istiod analyzer attempt=1 time=40.5µs
2026-05-27T13:56:39.544725Z	info	sync complete	name=istiod analyzer attempt=1 time=24.459µs
2026-05-27T13:56:59.935617Z	info	sync complete	name=istiod analyzer attempt=1 time=76.208µs
2026-05-27T13:57:09.987436Z	info	sync complete	name=istiod analyzer attempt=1 time=26.458µs
2026-05-27T13:57:20.375841Z	info	sync complete	name=istiod analyzer attempt=1 time=28.708µs
2026-05-27T13:57:30.607821Z	info	sync complete	name=istiod analyzer attempt=1 time=32.25µs
2026-05-27T13:57:40.749996Z	info	sync complete	name=istiod analyzer attempt=1 time=28.5µs
2026-05-27T13:57:50.800225Z	info	sync complete	name=istiod analyzer attempt=1 time=82.167µs
2026-05-27T13:58:01.161421Z	info	sync complete	name=istiod analyzer attempt=1 time=57.959µs
2026-05-27T13:58:11.449322Z	info	sync complete	name=istiod analyzer attempt=1 time=41.375µs
2026-05-27T13:58:42.101745Z	info	sync complete	name=istiod analyzer attempt=1 time=39.25µs
2026-05-27T13:58:52.482162Z	info	sync complete	name=istiod analyzer attempt=1 time=37.541µs
2026-05-27T13:59:02.810229Z	info	sync complete	name=istiod analyzer attempt=1 time=24.583µs
2026-05-27T14:00:04.417977Z	info	sync complete	name=istiod analyzer attempt=1 time=30.167µs
2026-05-27T14:00:14.741461Z	info	sync complete	name=istiod analyzer attempt=1 time=23.125µs
2026-05-27T14:00:24.927312Z	info	sync complete	name=istiod analyzer attempt=1 time=29.375µs
2026-05-27T14:00:35.315592Z	info	sync complete	name=istiod analyzer attempt=1 time=34µs
2026-05-27T14:01:26.508269Z	info	sync complete	name=istiod analyzer attempt=1 time=62.167µs
2026-05-27T14:01:36.783443Z	info	sync complete	name=istiod analyzer attempt=1 time=78.208µs
2026-05-27T14:01:47.012585Z	info	sync complete	name=istiod analyzer attempt=1 time=41.75µs
2026-05-27T14:03:08.012528Z	info	sync complete	name=istiod analyzer attempt=1 time=137.417µs
2026-05-27T14:03:18.410987Z	info	sync complete	name=istiod analyzer attempt=1 time=37.625µs
2026-05-27T14:03:38.516081Z	info	sync complete	name=istiod analyzer attempt=1 time=36.25µs
2026-05-27T14:03:48.541164Z	info	sync complete	name=istiod analyzer attempt=1 time=32.75µs
2026-05-27T14:05:30.402539Z	info	sync complete	name=istiod analyzer attempt=1 time=98.833µs
2026-05-27T14:05:40.730381Z	info	sync complete	name=istiod analyzer attempt=1 time=25.458µs
2026-05-27T14:05:51.020993Z	info	sync complete	name=istiod analyzer attempt=1 time=38.792µs
2026-05-27T14:06:11.403034Z	info	sync complete	name=istiod analyzer attempt=1 time=30.959µs
2026-05-27T14:06:21.641859Z	info	sync complete	name=istiod analyzer attempt=1 time=30.25µs
2026-05-27T14:06:42.262790Z	info	sync complete	name=istiod analyzer attempt=1 time=45.542µs
2026-05-27T14:07:02.622733Z	info	sync complete	name=istiod analyzer attempt=1 time=65.583µs
2026-05-27T14:07:12.817858Z	info	sync complete	name=istiod analyzer attempt=1 time=26.833µs
2026-05-27T14:08:14.051889Z	info	sync complete	name=istiod analyzer attempt=1 time=47.958µs
2026-05-27T14:08:24.166638Z	info	sync complete	name=istiod analyzer attempt=1 time=33.875µs
2026-05-27T14:09:15.179635Z	info	sync complete	name=istiod analyzer attempt=1 time=68.042µs
2026-05-27T14:09:25.486640Z	info	sync complete	name=istiod analyzer attempt=1 time=30.084µs
2026-05-27T14:09:46.067038Z	info	sync complete	name=istiod analyzer attempt=1 time=73.541µs
2026-05-27T14:09:56.305033Z	info	sync complete	name=istiod analyzer attempt=1 time=35.75µs
2026-05-27T14:10:06.502847Z	info	sync complete	name=istiod analyzer attempt=1 time=24.167µs
2026-05-27T14:10:27.056193Z	info	sync complete	name=istiod analyzer attempt=1 time=65.583µs
2026-05-27T14:10:37.369126Z	info	sync complete	name=istiod analyzer attempt=1 time=95.125µs
2026-05-27T14:10:47.475994Z	info	sync complete	name=istiod analyzer attempt=1 time=165.792µs
2026-05-27T14:11:28.379390Z	info	sync complete	name=istiod analyzer attempt=1 time=83.583µs
2026-05-27T14:11:38.517291Z	info	sync complete	name=istiod analyzer attempt=1 time=42.708µs
2026-05-27T14:13:00.403869Z	info	sync complete	name=istiod analyzer attempt=1 time=178.834µs
2026-05-27T14:13:10.787432Z	info	sync complete	name=istiod analyzer attempt=1 time=35.875µs
2026-05-27T14:16:04.235916Z	info	sync complete	name=istiod analyzer attempt=1 time=70.792µs
2026-05-27T14:16:14.624060Z	info	sync complete	name=istiod analyzer attempt=1 time=37.75µs
2026-05-27T14:16:24.955934Z	info	sync complete	name=istiod analyzer attempt=1 time=37.125µs
2026-05-27T14:16:55.430579Z	info	sync complete	name=istiod analyzer attempt=1 time=66.667µs
2026-05-27T14:17:05.637524Z	info	sync complete	name=istiod analyzer attempt=1 time=59.625µs
2026-05-27T14:17:26.051820Z	info	sync complete	name=istiod analyzer attempt=1 time=27.5µs
2026-05-27T14:17:36.414029Z	info	sync complete	name=istiod analyzer attempt=1 time=37.084µs
2026-05-27T14:18:57.385192Z	info	delta	ADS: "10.30.0.14:59212" echo-5fb5d66d6-xhjw8.echo-tr-23 terminated
2026-05-27T14:18:57.688509Z	info	delta	ADS: new delta connection for node:echo-5fb5d66d6-xhjw8.echo-tr-25
2026-05-27T14:18:57.688981Z	info	delta	CDS: PUSH request for node:echo-5fb5d66d6-xhjw8.echo-tr resources:23 removed:0 size:24.1kB cached:19/19 filtered:0
2026-05-27T14:18:57.689802Z	info	delta	EDS: PUSH request for node:echo-5fb5d66d6-xhjw8.echo-tr resources:19 removed:0 size:4.0kB empty:0 cached:19/19 filtered:0
2026-05-27T14:18:57.691406Z	info	delta	LDS: PUSH request for node:echo-5fb5d66d6-xhjw8.echo-tr resources:20 removed:0 size:83.7kB filtered:0
2026-05-27T14:18:57.691571Z	info	delta	NDS: PUSH request for node:echo-5fb5d66d6-xhjw8.echo-tr resources:1 removed:0 size:1.2kB
2026-05-27T14:18:57.692112Z	info	delta	RDS: PUSH request for node:echo-5fb5d66d6-xhjw8.echo-tr resources:10 removed:0 size:8.6kB cached:8/10 filtered:0
2026-05-27T14:18:57.835179Z	info	sync complete	name=istiod analyzer attempt=1 time=51.291µs
2026-05-27T14:19:08.085097Z	info	sync complete	name=istiod analyzer attempt=1 time=25.833µs
2026-05-27T14:19:28.355151Z	info	sync complete	name=istiod analyzer attempt=1 time=33.625µs
2026-05-27T14:19:38.541084Z	info	sync complete	name=istiod analyzer attempt=1 time=26.167µs
2026-05-27T14:19:58.658979Z	info	sync complete	name=istiod analyzer attempt=1 time=97.333µs
2026-05-27T14:20:08.849866Z	info	sync complete	name=istiod analyzer attempt=1 time=33.958µs
2026-05-27T14:20:49.982863Z	info	sync complete	name=istiod analyzer attempt=1 time=32.125µs
2026-05-27T14:21:00.242848Z	info	sync complete	name=istiod analyzer attempt=1 time=26µs
2026-05-27T14:21:20.706038Z	info	sync complete	name=istiod analyzer attempt=1 time=29.292µs
2026-05-27T14:21:41.320337Z	info	sync complete	name=istiod analyzer attempt=1 time=55.875µs
2026-05-27T14:22:01.711406Z	info	sync complete	name=istiod analyzer attempt=1 time=27µs
2026-05-27T14:22:12.095393Z	info	sync complete	name=istiod analyzer attempt=1 time=23.333µs
2026-05-27T14:22:32.366053Z	info	sync complete	name=istiod analyzer attempt=1 time=49.042µs
2026-05-27T14:22:42.433383Z	info	sync complete	name=istiod analyzer attempt=1 time=38.209µs
2026-05-27T14:23:41.293860Z	info	delta	ADS: "10.30.0.15:36842" echo-tr-gateway-67dd96d555-q7s44.echo-tr-24 terminated
2026-05-27T14:23:41.433520Z	info	delta	ADS: new delta connection for node:echo-tr-gateway-67dd96d555-q7s44.echo-tr-26
2026-05-27T14:23:41.433829Z	info	delta	CDS: PUSH request for node:echo-tr-gateway-67dd96d555-q7s44.echo-tr resources:2 removed:0 size:1.1kB cached:1/1 filtered:0
2026-05-27T14:23:41.435090Z	info	delta	LDS: PUSH request for node:echo-tr-gateway-67dd96d555-q7s44.echo-tr resources:2 removed:0 size:11.3kB filtered:0
2026-05-27T14:23:41.435447Z	info	delta	EDS: PUSH request for node:echo-tr-gateway-67dd96d555-q7s44.echo-tr resources:1 removed:0 size:228B empty:0 cached:1/1 filtered:0
2026-05-27T14:23:41.435637Z	info	delta	RDS: PUSH request for node:echo-tr-gateway-67dd96d555-q7s44.echo-tr resources:2 removed:0 size:1.4kB cached:0/0 filtered:0
2026-05-27T14:24:23.994479Z	info	sync complete	name=istiod analyzer attempt=1 time=27.833µs
2026-05-27T14:24:34.291565Z	info	sync complete	name=istiod analyzer attempt=1 time=26.417µs
2026-05-27T14:25:44.982788Z	info	sync complete	name=istiod analyzer attempt=1 time=57.25µs
2026-05-27T14:26:05.567755Z	info	sync complete	name=istiod analyzer attempt=1 time=25.708µs
2026-05-27T14:27:06.964692Z	info	sync complete	name=istiod analyzer attempt=1 time=52.625µs
2026-05-27T14:27:17.340170Z	info	sync complete	name=istiod analyzer attempt=1 time=28.5µs
2026-05-27T14:27:37.621440Z	info	sync complete	name=istiod analyzer attempt=1 time=25.209µs
2026-05-27T14:27:47.777420Z	info	sync complete	name=istiod analyzer attempt=1 time=28µs
2026-05-27T14:28:48.899117Z	info	sync complete	name=istiod analyzer attempt=1 time=32.083µs
2026-05-27T14:28:59.297253Z	info	sync complete	name=istiod analyzer attempt=1 time=29.958µs
2026-05-27T14:29:29.546430Z	info	sync complete	name=istiod analyzer attempt=1 time=27.208µs
2026-05-27T14:29:39.923605Z	info	sync complete	name=istiod analyzer attempt=1 time=73.834µs
2026-05-27T14:30:00.464468Z	info	sync complete	name=istiod analyzer attempt=1 time=30.375µs
2026-05-27T14:30:10.530582Z	info	sync complete	name=istiod analyzer attempt=1 time=28.791µs
2026-05-27T14:30:20.890722Z	info	sync complete	name=istiod analyzer attempt=1 time=25.125µs
2026-05-27T14:31:11.816026Z	info	sync complete	name=istiod analyzer attempt=1 time=29.917µs
2026-05-27T14:31:22.184858Z	info	sync complete	name=istiod analyzer attempt=1 time=32.125µs
2026-05-27T14:31:32.252861Z	info	sync complete	name=istiod analyzer attempt=1 time=24.833µs
2026-05-27T14:31:52.451027Z	info	sync complete	name=istiod analyzer attempt=1 time=28.833µs
2026-05-27T14:32:12.618587Z	info	sync complete	name=istiod analyzer attempt=1 time=28.833µs
2026-05-27T14:32:22.922648Z	info	sync complete	name=istiod analyzer attempt=1 time=24.958µs
2026-05-27T14:33:34.334221Z	info	sync complete	name=istiod analyzer attempt=1 time=36.75µs
2026-05-27T14:33:44.423121Z	info	sync complete	name=istiod analyzer attempt=1 time=40.708µs
2026-05-27T14:34:04.924108Z	info	sync complete	name=istiod analyzer attempt=1 time=26.583µs
2026-05-27T14:34:15.156247Z	info	sync complete	name=istiod analyzer attempt=1 time=28µs
2026-05-27T14:34:35.762291Z	info	sync complete	name=istiod analyzer attempt=1 time=55.542µs
2026-05-27T14:34:46.045296Z	info	sync complete	name=istiod analyzer attempt=1 time=25.5µs
2026-05-27T14:34:56.185413Z	info	sync complete	name=istiod analyzer attempt=1 time=33.167µs
2026-05-27T14:35:06.249410Z	info	sync complete	name=istiod analyzer attempt=1 time=35.209µs
2026-05-27T14:35:16.540237Z	info	sync complete	name=istiod analyzer attempt=1 time=42.292µs
2026-05-27T14:36:07.794433Z	info	sync complete	name=istiod analyzer attempt=1 time=65.333µs
2026-05-27T14:36:17.858655Z	info	sync complete	name=istiod analyzer attempt=1 time=69.333µs
2026-05-27T14:38:30.513329Z	info	sync complete	name=istiod analyzer attempt=1 time=82.792µs
2026-05-27T14:38:40.847902Z	info	sync complete	name=istiod analyzer attempt=1 time=28.042µs
2026-05-27T14:39:11.455748Z	info	sync complete	name=istiod analyzer attempt=1 time=32.458µs
2026-05-27T14:39:21.557164Z	info	sync complete	name=istiod analyzer attempt=1 time=39.292µs
2026-05-27T14:39:31.594901Z	info	sync complete	name=istiod analyzer attempt=1 time=38.709µs
2026-05-27T14:39:41.923164Z	info	sync complete	name=istiod analyzer attempt=1 time=107.083µs
2026-05-27T14:40:12.402035Z	info	sync complete	name=istiod analyzer attempt=1 time=34.334µs
2026-05-27T14:40:22.513180Z	info	sync complete	name=istiod analyzer attempt=1 time=23.25µs
2026-05-27T14:40:32.830290Z	info	sync complete	name=istiod analyzer attempt=1 time=23.375µs
2026-05-27T14:41:34.533655Z	info	sync complete	name=istiod analyzer attempt=1 time=57.916µs
2026-05-27T14:41:44.762682Z	info	sync complete	name=istiod analyzer attempt=1 time=52.833µs
2026-05-27T14:42:14.960492Z	info	sync complete	name=istiod analyzer attempt=1 time=66.416µs
2026-05-27T14:42:25.122314Z	info	sync complete	name=istiod analyzer attempt=1 time=35.584µs
2026-05-27T14:42:55.682291Z	info	sync complete	name=istiod analyzer attempt=1 time=65.417µs
2026-05-27T14:43:06.054312Z	info	sync complete	name=istiod analyzer attempt=1 time=25.459µs
2026-05-27T14:43:46.898391Z	info	sync complete	name=istiod analyzer attempt=1 time=89.083µs
2026-05-27T14:43:57.028291Z	info	sync complete	name=istiod analyzer attempt=1 time=55.667µs
2026-05-27T14:44:38.017736Z	info	sync complete	name=istiod analyzer attempt=1 time=24.917µs
2026-05-27T14:44:48.300238Z	info	sync complete	name=istiod analyzer attempt=1 time=31.458µs
2026-05-27T14:45:19.039368Z	info	sync complete	name=istiod analyzer attempt=1 time=30.083µs
2026-05-27T14:45:29.181242Z	info	sync complete	name=istiod analyzer attempt=1 time=33.042µs
2026-05-27T14:46:13.577008Z	info	delta	ADS: "10.30.0.14:32996" echo-5fb5d66d6-xhjw8.echo-tr-25 terminated
2026-05-27T14:46:13.839095Z	info	delta	ADS: new delta connection for node:echo-5fb5d66d6-xhjw8.echo-tr-27
2026-05-27T14:46:13.839571Z	info	delta	CDS: PUSH request for node:echo-5fb5d66d6-xhjw8.echo-tr resources:23 removed:0 size:24.1kB cached:19/19 filtered:0
2026-05-27T14:46:13.841421Z	info	delta	EDS: PUSH request for node:echo-5fb5d66d6-xhjw8.echo-tr resources:19 removed:0 size:4.0kB empty:0 cached:19/19 filtered:0
2026-05-27T14:46:13.842446Z	info	delta	LDS: PUSH request for node:echo-5fb5d66d6-xhjw8.echo-tr resources:20 removed:0 size:83.7kB filtered:0
2026-05-27T14:46:13.842548Z	info	delta	NDS: PUSH request for node:echo-5fb5d66d6-xhjw8.echo-tr resources:1 removed:0 size:1.2kB
2026-05-27T14:46:13.842997Z	info	delta	RDS: PUSH request for node:echo-5fb5d66d6-xhjw8.echo-tr resources:10 removed:0 size:8.6kB cached:7/10 filtered:0
2026-05-27T14:46:40.376045Z	info	sync complete	name=istiod analyzer attempt=1 time=79.75µs
2026-05-27T14:46:50.528200Z	info	sync complete	name=istiod analyzer attempt=1 time=48.834µs
2026-05-27T14:47:21.063303Z	info	sync complete	name=istiod analyzer attempt=1 time=86.583µs
2026-05-27T14:47:31.310205Z	info	sync complete	name=istiod analyzer attempt=1 time=76.084µs
2026-05-27T14:47:41.471035Z	info	sync complete	name=istiod analyzer attempt=1 time=26.625µs
2026-05-27T14:48:22.178706Z	info	sync complete	name=istiod analyzer attempt=1 time=81µs
2026-05-27T14:48:32.238549Z	info	sync complete	name=istiod analyzer attempt=1 time=40.875µs
2026-05-27T14:49:43.298258Z	info	sync complete	name=istiod analyzer attempt=1 time=53.917µs
2026-05-27T14:49:53.479447Z	info	sync complete	name=istiod analyzer attempt=1 time=68.25µs
2026-05-27T14:50:13.815719Z	info	sync complete	name=istiod analyzer attempt=1 time=39.291µs
2026-05-27T14:50:24.206888Z	info	sync complete	name=istiod analyzer attempt=1 time=25.958µs
2026-05-27T14:50:44.681900Z	info	sync complete	name=istiod analyzer attempt=1 time=53.25µs
2026-05-27T14:50:54.786826Z	info	sync complete	name=istiod analyzer attempt=1 time=34.458µs
2026-05-27T14:51:04.910705Z	info	sync complete	name=istiod analyzer attempt=1 time=66.167µs
2026-05-27T14:51:55.823362Z	info	sync complete	name=istiod analyzer attempt=1 time=62.917µs
2026-05-27T14:52:06.183258Z	info	sync complete	name=istiod analyzer attempt=1 time=29.375µs
2026-05-27T14:53:17.939906Z	info	sync complete	name=istiod analyzer attempt=1 time=56.708µs
2026-05-27T14:53:27.957861Z	info	sync complete	name=istiod analyzer attempt=1 time=41.75µs
2026-05-27T14:54:28.962070Z	info	sync complete	name=istiod analyzer attempt=1 time=29.667µs
2026-05-27T14:55:20.025714Z	info	sync complete	name=istiod analyzer attempt=1 time=29.833µs
2026-05-27T14:56:01.033588Z	info	sync complete	name=istiod analyzer attempt=1 time=25.458µs
2026-05-27T14:56:11.094580Z	info	sync complete	name=istiod analyzer attempt=1 time=23.5µs
2026-05-27T14:56:21.360981Z	info	sync complete	name=istiod analyzer attempt=1 time=34.625µs
2026-05-27T14:56:41.432873Z	info	sync complete	name=istiod analyzer attempt=1 time=30.292µs
2026-05-27T14:56:47.648321Z	info	delta	ADS: "10.30.0.15:53568" echo-tr-gateway-67dd96d555-q7s44.echo-tr-26 terminated
2026-05-27T14:56:47.748576Z	info	delta	ADS: new delta connection for node:echo-tr-gateway-67dd96d555-q7s44.echo-tr-28
2026-05-27T14:56:47.748907Z	info	delta	CDS: PUSH request for node:echo-tr-gateway-67dd96d555-q7s44.echo-tr resources:2 removed:0 size:1.1kB cached:1/1 filtered:0
2026-05-27T14:56:47.750143Z	info	delta	LDS: PUSH request for node:echo-tr-gateway-67dd96d555-q7s44.echo-tr resources:2 removed:0 size:11.3kB filtered:0
2026-05-27T14:56:47.750760Z	info	delta	EDS: PUSH request for node:echo-tr-gateway-67dd96d555-q7s44.echo-tr resources:1 removed:0 size:228B empty:0 cached:1/1 filtered:0
2026-05-27T14:56:47.750986Z	info	delta	RDS: PUSH request for node:echo-tr-gateway-67dd96d555-q7s44.echo-tr resources:2 removed:0 size:1.4kB cached:0/0 filtered:0
2026-05-27T14:56:51.502051Z	info	sync complete	name=istiod analyzer attempt=1 time=28.375µs
2026-05-27T14:57:32.397817Z	info	sync complete	name=istiod analyzer attempt=1 time=29.083µs
2026-05-27T14:57:42.742531Z	info	sync complete	name=istiod analyzer attempt=1 time=35.667µs
2026-05-27T14:58:33.753154Z	info	sync complete	name=istiod analyzer attempt=1 time=30.417µs
2026-05-27T14:58:43.944003Z	info	sync complete	name=istiod analyzer attempt=1 time=26.542µs
2026-05-27T14:58:54.256143Z	info	sync complete	name=istiod analyzer attempt=1 time=32.5µs
2026-05-27T14:59:04.519902Z	info	sync complete	name=istiod analyzer attempt=1 time=27.667µs
2026-05-27T14:59:25.020146Z	info	sync complete	name=istiod analyzer attempt=1 time=27.083µs
2026-05-27T14:59:35.391327Z	info	sync complete	name=istiod analyzer attempt=1 time=27.75µs
2026-05-27T14:59:45.767438Z	info	sync complete	name=istiod analyzer attempt=1 time=23.75µs
2026-05-27T15:01:07.518971Z	info	sync complete	name=istiod analyzer attempt=1 time=52.833µs
2026-05-27T15:01:17.906249Z	info	sync complete	name=istiod analyzer attempt=1 time=29.25µs
2026-05-27T15:01:28.134020Z	info	sync complete	name=istiod analyzer attempt=1 time=35.208µs
2026-05-27T15:01:48.540818Z	info	sync complete	name=istiod analyzer attempt=1 time=24.208µs
2026-05-27T15:02:08.727117Z	info	sync complete	name=istiod analyzer attempt=1 time=21.917µs
2026-05-27T15:02:18.957113Z	info	sync complete	name=istiod analyzer attempt=1 time=33.208µs
2026-05-27T15:03:50.511403Z	info	sync complete	name=istiod analyzer attempt=1 time=76.542µs
2026-05-27T15:04:00.768006Z	info	sync complete	name=istiod analyzer attempt=1 time=28µs
2026-05-27T15:05:12.360701Z	info	sync complete	name=istiod analyzer attempt=1 time=30.125µs
2026-05-27T15:05:22.694081Z	info	sync complete	name=istiod analyzer attempt=1 time=24.125µs
2026-05-27T15:05:32.888167Z	info	sync complete	name=istiod analyzer attempt=1 time=26.417µs
2026-05-27T15:05:43.103012Z	info	sync complete	name=istiod analyzer attempt=1 time=27.833µs
2026-05-27T15:06:34.116756Z	info	sync complete	name=istiod analyzer attempt=1 time=25.958µs
2026-05-27T15:06:44.273106Z	info	sync complete	name=istiod analyzer attempt=1 time=27.542µs
2026-05-27T15:08:06.268677Z	info	sync complete	name=istiod analyzer attempt=1 time=26.958µs
2026-05-27T15:08:16.546231Z	info	sync complete	name=istiod analyzer attempt=1 time=24.083µs
2026-05-27T15:08:36.848569Z	info	sync complete	name=istiod analyzer attempt=1 time=28.834µs
2026-05-27T15:08:47.032507Z	info	sync complete	name=istiod analyzer attempt=1 time=24.667µs
2026-05-27T15:10:59.914817Z	info	sync complete	name=istiod analyzer attempt=1 time=24.833µs
2026-05-27T15:11:10.118291Z	info	sync complete	name=istiod analyzer attempt=1 time=28.167µs
2026-05-27T15:12:00.903246Z	info	sync complete	name=istiod analyzer attempt=1 time=25.75µs
2026-05-27T15:12:11.151313Z	info	sync complete	name=istiod analyzer attempt=1 time=26.25µs
2026-05-27T15:12:21.346611Z	info	sync complete	name=istiod analyzer attempt=1 time=37.209µs
2026-05-27T15:12:31.499765Z	info	sync complete	name=istiod analyzer attempt=1 time=28.542µs
2026-05-27T15:13:42.732381Z	info	sync complete	name=istiod analyzer attempt=1 time=26µs
2026-05-27T15:13:52.922706Z	info	sync complete	name=istiod analyzer attempt=1 time=26.333µs
2026-05-27T15:14:02.967722Z	info	sync complete	name=istiod analyzer attempt=1 time=23.5µs
2026-05-27T15:14:13.134035Z	info	sync complete	name=istiod analyzer attempt=1 time=35.584µs
2026-05-27T15:14:24.281174Z	info	delta	ADS: "10.30.0.14:35996" echo-5fb5d66d6-xhjw8.echo-tr-27 terminated
2026-05-27T15:14:24.477143Z	info	delta	ADS: new delta connection for node:echo-5fb5d66d6-xhjw8.echo-tr-29
2026-05-27T15:14:24.477621Z	info	delta	CDS: PUSH request for node:echo-5fb5d66d6-xhjw8.echo-tr resources:23 removed:0 size:24.1kB cached:19/19 filtered:0
2026-05-27T15:14:24.478010Z	info	delta	EDS: PUSH request for node:echo-5fb5d66d6-xhjw8.echo-tr resources:19 removed:0 size:4.0kB empty:0 cached:19/19 filtered:0
2026-05-27T15:14:24.480830Z	info	delta	LDS: PUSH request for node:echo-5fb5d66d6-xhjw8.echo-tr resources:20 removed:0 size:83.7kB filtered:0
2026-05-27T15:14:24.480952Z	info	delta	NDS: PUSH request for node:echo-5fb5d66d6-xhjw8.echo-tr resources:1 removed:0 size:1.2kB
2026-05-27T15:14:24.481188Z	info	delta	RDS: PUSH request for node:echo-5fb5d66d6-xhjw8.echo-tr resources:10 removed:0 size:8.6kB cached:8/10 filtered:0
2026-05-27T15:18:48.541367Z	info	sync complete	name=istiod analyzer attempt=1 time=24.042µs
2026-05-27T15:18:58.878094Z	info	sync complete	name=istiod analyzer attempt=1 time=40.125µs
2026-05-27T15:19:19.440956Z	info	sync complete	name=istiod analyzer attempt=1 time=27.792µs
2026-05-27T15:19:29.773928Z	info	sync complete	name=istiod analyzer attempt=1 time=30.5µs
2026-05-27T15:21:32.508745Z	info	sync complete	name=istiod analyzer attempt=1 time=57.459µs
2026-05-27T15:21:42.889385Z	info	sync complete	name=istiod analyzer attempt=1 time=25.583µs
2026-05-27T15:22:53.998555Z	info	sync complete	name=istiod analyzer attempt=1 time=25.917µs
2026-05-27T15:23:04.104570Z	info	sync complete	name=istiod analyzer attempt=1 time=47.125µs
2026-05-27T15:23:34.882660Z	info	sync complete	name=istiod analyzer attempt=1 time=27.625µs
2026-05-27T15:23:45.146099Z	info	sync complete	name=istiod analyzer attempt=1 time=27.291µs
2026-05-27T15:24:25.876856Z	info	sync complete	name=istiod analyzer attempt=1 time=36.75µs
2026-05-27T15:24:36.173337Z	info	sync complete	name=istiod analyzer attempt=1 time=25.083µs
2026-05-27T15:24:46.239618Z	info	sync complete	name=istiod analyzer attempt=1 time=28.625µs
2026-05-27T15:25:04.446817Z	info	delta	ADS: "10.30.0.15:56470" echo-tr-gateway-67dd96d555-q7s44.echo-tr-28 terminated
2026-05-27T15:25:04.673602Z	info	delta	ADS: new delta connection for node:echo-tr-gateway-67dd96d555-q7s44.echo-tr-30
2026-05-27T15:25:04.673721Z	info	delta	CDS: PUSH request for node:echo-tr-gateway-67dd96d555-q7s44.echo-tr resources:2 removed:0 size:1.1kB cached:1/1 filtered:0
2026-05-27T15:25:04.675642Z	info	delta	LDS: PUSH request for node:echo-tr-gateway-67dd96d555-q7s44.echo-tr resources:2 removed:0 size:11.3kB filtered:0
2026-05-27T15:25:04.676053Z	info	delta	EDS: PUSH request for node:echo-tr-gateway-67dd96d555-q7s44.echo-tr resources:1 removed:0 size:228B empty:0 cached:1/1 filtered:0
2026-05-27T15:25:04.676316Z	info	delta	RDS: PUSH request for node:echo-tr-gateway-67dd96d555-q7s44.echo-tr resources:2 removed:0 size:1.4kB cached:0/0 filtered:0
2026-05-27T15:25:37.339014Z	info	sync complete	name=istiod analyzer attempt=1 time=29.125µs
2026-05-27T15:25:47.431639Z	info	sync complete	name=istiod analyzer attempt=1 time=25.417µs
2026-05-27T15:25:57.646008Z	info	sync complete	name=istiod analyzer attempt=1 time=25.042µs
2026-05-27T15:26:17.803897Z	info	sync complete	name=istiod analyzer attempt=1 time=30.375µs
2026-05-27T15:26:28.045585Z	info	sync complete	name=istiod analyzer attempt=1 time=30.958µs
2026-05-27T15:29:31.646919Z	info	sync complete	name=istiod analyzer attempt=1 time=25.291µs
2026-05-27T15:29:41.712858Z	info	sync complete	name=istiod analyzer attempt=1 time=26.458µs
2026-05-27T15:30:53.017651Z	info	sync complete	name=istiod analyzer attempt=1 time=43.125µs
2026-05-27T15:31:03.095381Z	info	sync complete	name=istiod analyzer attempt=1 time=27.416µs
2026-05-27T15:32:04.114552Z	info	sync complete	name=istiod analyzer attempt=1 time=53.292µs
2026-05-27T15:32:14.494735Z	info	sync complete	name=istiod analyzer attempt=1 time=25.334µs
2026-05-27T15:33:36.349762Z	info	sync complete	name=istiod analyzer attempt=1 time=29.833µs
2026-05-27T15:33:46.611860Z	info	sync complete	name=istiod analyzer attempt=1 time=24.708µs
2026-05-27T15:35:38.456509Z	info	sync complete	name=istiod analyzer attempt=1 time=27.667µs
2026-05-27T15:35:58.947523Z	info	sync complete	name=istiod analyzer attempt=1 time=24.209µs
2026-05-27T15:36:39.662534Z	info	sync complete	name=istiod analyzer attempt=1 time=27.75µs
2026-05-27T15:36:49.712767Z	info	sync complete	name=istiod analyzer attempt=1 time=31.334µs
2026-05-27T15:37:00.030046Z	info	sync complete	name=istiod analyzer attempt=1 time=36.291µs
2026-05-27T15:37:40.750800Z	info	sync complete	name=istiod analyzer attempt=1 time=32.75µs
2026-05-27T15:37:50.817022Z	info	sync complete	name=istiod analyzer attempt=1 time=33.167µs
2026-05-27T15:38:41.400485Z	info	sync complete	name=istiod analyzer attempt=1 time=37.542µs
2026-05-27T15:38:51.662092Z	info	sync complete	name=istiod analyzer attempt=1 time=37.959µs
2026-05-27T15:39:22.541328Z	info	sync complete	name=istiod analyzer attempt=1 time=25.458µs
2026-05-27T15:39:32.639297Z	info	sync complete	name=istiod analyzer attempt=1 time=27.584µs
2026-05-27T15:39:52.839634Z	info	sync complete	name=istiod analyzer attempt=1 time=26.416µs
2026-05-27T15:40:03.224536Z	info	sync complete	name=istiod analyzer attempt=1 time=29.958µs
2026-05-27T15:40:13.619694Z	info	sync complete	name=istiod analyzer attempt=1 time=27.25µs
2026-05-27T15:41:05.166111Z	info	sync complete	name=istiod analyzer attempt=1 time=34.666µs
2026-05-27T15:41:25.522963Z	info	sync complete	name=istiod analyzer attempt=1 time=31.333µs
2026-05-27T15:41:35.665817Z	info	sync complete	name=istiod analyzer attempt=1 time=24.292µs
2026-05-27T15:41:45.690298Z	info	sync complete	name=istiod analyzer attempt=1 time=34.709µs
2026-05-27T15:41:56.057126Z	info	sync complete	name=istiod analyzer attempt=1 time=28.542µs
2026-05-27T15:43:48.237731Z	info	sync complete	name=istiod analyzer attempt=1 time=27.083µs
2026-05-27T15:43:58.391944Z	info	sync complete	name=istiod analyzer attempt=1 time=22.916µs
2026-05-27T15:44:39.418085Z	info	sync complete	name=istiod analyzer attempt=1 time=26.125µs
2026-05-27T15:44:49.766872Z	info	sync complete	name=istiod analyzer attempt=1 time=33.667µs
2026-05-27T15:45:30.533354Z	info	sync complete	name=istiod analyzer attempt=1 time=32.709µs
2026-05-27T15:45:40.579223Z	info	sync complete	name=istiod analyzer attempt=1 time=24.917µs
2026-05-27T15:46:21.549503Z	info	sync complete	name=istiod analyzer attempt=1 time=26.042µs
2026-05-27T15:46:41.942541Z	info	sync complete	name=istiod analyzer attempt=1 time=25.459µs
2026-05-27T15:47:02.457568Z	info	sync complete	name=istiod analyzer attempt=1 time=26.167µs
2026-05-27T15:47:12.710215Z	info	sync complete	name=istiod analyzer attempt=1 time=32.875µs
2026-05-27T15:47:28.328538Z	info	delta	ADS: "10.30.0.14:59990" echo-5fb5d66d6-xhjw8.echo-tr-29 terminated
2026-05-27T15:47:28.367032Z	info	delta	ADS: new delta connection for node:echo-5fb5d66d6-xhjw8.echo-tr-31
2026-05-27T15:47:28.367183Z	info	delta	CDS: PUSH request for node:echo-5fb5d66d6-xhjw8.echo-tr resources:23 removed:0 size:24.1kB cached:19/19 filtered:0
2026-05-27T15:47:28.367552Z	info	delta	EDS: PUSH request for node:echo-5fb5d66d6-xhjw8.echo-tr resources:19 removed:0 size:4.0kB empty:0 cached:19/19 filtered:0
2026-05-27T15:47:28.368367Z	info	delta	LDS: PUSH request for node:echo-5fb5d66d6-xhjw8.echo-tr resources:20 removed:0 size:83.7kB filtered:0
2026-05-27T15:47:28.368530Z	info	delta	NDS: PUSH request for node:echo-5fb5d66d6-xhjw8.echo-tr resources:1 removed:0 size:1.2kB
2026-05-27T15:47:28.368656Z	info	delta	RDS: PUSH request for node:echo-5fb5d66d6-xhjw8.echo-tr resources:10 removed:0 size:8.6kB cached:8/10 filtered:0
2026-05-27T15:47:32.855454Z	info	sync complete	name=istiod analyzer attempt=1 time=25.416µs
2026-05-27T15:47:53.025498Z	info	sync complete	name=istiod analyzer attempt=1 time=25.792µs
2026-05-27T15:48:13.628576Z	info	sync complete	name=istiod analyzer attempt=1 time=27.583µs
2026-05-27T15:48:34.235547Z	info	sync complete	name=istiod analyzer attempt=1 time=29.584µs
2026-05-27T15:49:45.763939Z	info	sync complete	name=istiod analyzer attempt=1 time=36.792µs
2026-05-27T15:49:56.129937Z	info	sync complete	name=istiod analyzer attempt=1 time=36.458µs
2026-05-27T15:50:06.142808Z	info	sync complete	name=istiod analyzer attempt=1 time=31.75µs
2026-05-27T15:50:16.213902Z	info	sync complete	name=istiod analyzer attempt=1 time=24.666µs
2026-05-27T15:50:26.512792Z	info	sync complete	name=istiod analyzer attempt=1 time=28.5µs
2026-05-27T15:50:36.800002Z	info	sync complete	name=istiod analyzer attempt=1 time=25.333µs
2026-05-27T15:50:47.050825Z	info	sync complete	name=istiod analyzer attempt=1 time=32.625µs
2026-05-27T15:50:57.145287Z	info	sync complete	name=istiod analyzer attempt=1 time=39µs
2026-05-27T15:51:07.367040Z	info	sync complete	name=istiod analyzer attempt=1 time=23.791µs
2026-05-27T15:51:17.425527Z	info	sync complete	name=istiod analyzer attempt=1 time=50.292µs
2026-05-27T15:51:27.590153Z	info	sync complete	name=istiod analyzer attempt=1 time=26.708µs
2026-05-27T15:51:37.707612Z	info	sync complete	name=istiod analyzer attempt=1 time=31.584µs
2026-05-27T15:52:21.168727Z	info	delta	ADS: "10.30.0.15:40264" echo-tr-gateway-67dd96d555-q7s44.echo-tr-30 terminated
2026-05-27T15:52:21.628658Z	info	delta	ADS: new delta connection for node:echo-tr-gateway-67dd96d555-q7s44.echo-tr-32
2026-05-27T15:52:21.628988Z	info	delta	CDS: PUSH request for node:echo-tr-gateway-67dd96d555-q7s44.echo-tr resources:2 removed:0 size:1.1kB cached:1/1 filtered:0
2026-05-27T15:52:21.629566Z	info	delta	LDS: PUSH request for node:echo-tr-gateway-67dd96d555-q7s44.echo-tr resources:2 removed:0 size:11.3kB filtered:0
2026-05-27T15:52:21.630143Z	info	delta	EDS: PUSH request for node:echo-tr-gateway-67dd96d555-q7s44.echo-tr resources:1 removed:0 size:228B empty:0 cached:1/1 filtered:0
2026-05-27T15:52:21.630314Z	info	delta	RDS: PUSH request for node:echo-tr-gateway-67dd96d555-q7s44.echo-tr resources:2 removed:0 size:1.4kB cached:0/0 filtered:0
2026-05-27T15:52:39.264774Z	info	sync complete	name=istiod analyzer attempt=1 time=33.083µs
2026-05-27T15:52:49.419225Z	info	sync complete	name=istiod analyzer attempt=1 time=35.75µs
2026-05-27T15:53:20.374313Z	info	sync complete	name=istiod analyzer attempt=1 time=27.25µs
2026-05-27T15:53:30.505275Z	info	sync complete	name=istiod analyzer attempt=1 time=31.542µs
2026-05-27T15:54:10.849368Z	info	sync complete	name=istiod analyzer attempt=1 time=38.834µs
2026-05-27T15:54:21.094645Z	info	sync complete	name=istiod analyzer attempt=1 time=34.541µs
2026-05-27T15:55:01.648153Z	info	sync complete	name=istiod analyzer attempt=1 time=23.667µs
2026-05-27T15:55:11.850830Z	info	sync complete	name=istiod analyzer attempt=1 time=24.333µs
2026-05-27T15:56:23.414687Z	info	sync complete	name=istiod analyzer attempt=1 time=26.541µs
2026-05-27T15:56:33.729551Z	info	sync complete	name=istiod analyzer attempt=1 time=25.167µs
2026-05-27T15:57:55.071459Z	info	sync complete	name=istiod analyzer attempt=1 time=27.459µs
2026-05-27T15:58:05.260529Z	info	sync complete	name=istiod analyzer attempt=1 time=35.541µs
2026-05-27T15:58:56.121161Z	info	sync complete	name=istiod analyzer attempt=1 time=32.25µs
2026-05-27T15:59:06.341889Z	info	sync complete	name=istiod analyzer attempt=1 time=23.959µs
2026-05-27T15:59:16.431339Z	info	sync complete	name=istiod analyzer attempt=1 time=25.709µs
2026-05-27T15:59:26.817212Z	info	sync complete	name=istiod analyzer attempt=1 time=23.75µs
2026-05-27T16:00:17.811702Z	info	sync complete	name=istiod analyzer attempt=1 time=24.875µs
2026-05-27T16:00:27.960404Z	info	sync complete	name=istiod analyzer attempt=1 time=25.583µs
2026-05-27T16:00:38.210454Z	info	sync complete	name=istiod analyzer attempt=1 time=28.125µs
2026-05-27T16:00:48.307694Z	info	sync complete	name=istiod analyzer attempt=1 time=25.875µs
2026-05-27T16:01:29.034054Z	info	sync complete	name=istiod analyzer attempt=1 time=31.333µs
2026-05-27T16:01:39.362921Z	info	sync complete	name=istiod analyzer attempt=1 time=32.583µs
2026-05-27T16:01:49.660335Z	info	sync complete	name=istiod analyzer attempt=1 time=27.25µs
2026-05-27T16:01:59.824073Z	info	sync complete	name=istiod analyzer attempt=1 time=22.791µs
2026-05-27T16:02:09.867998Z	info	sync complete	name=istiod analyzer attempt=1 time=24.958µs
2026-05-27T16:02:30.386812Z	info	sync complete	name=istiod analyzer attempt=1 time=28.75µs
2026-05-27T16:03:42.453981Z	info	sync complete	name=istiod analyzer attempt=1 time=26.917µs
2026-05-27T16:03:52.666266Z	info	sync complete	name=istiod analyzer attempt=1 time=33.25µs
2026-05-27T16:04:03.045391Z	info	sync complete	name=istiod analyzer attempt=1 time=30.25µs
2026-05-27T16:04:13.172014Z	info	sync complete	name=istiod analyzer attempt=1 time=39.417µs
2026-05-27T16:05:35.018823Z	info	sync complete	name=istiod analyzer attempt=1 time=27.375µs
2026-05-27T16:05:55.600343Z	info	sync complete	name=istiod analyzer attempt=1 time=41.75µs
2026-05-27T16:06:46.339589Z	info	sync complete	name=istiod analyzer attempt=1 time=32.5µs
2026-05-27T16:06:56.679337Z	info	sync complete	name=istiod analyzer attempt=1 time=24.875µs
2026-05-27T16:07:27.663041Z	info	sync complete	name=istiod analyzer attempt=1 time=26.417µs
2026-05-27T16:07:38.048949Z	info	sync complete	name=istiod analyzer attempt=1 time=23.916µs
2026-05-27T16:07:48.088146Z	info	sync complete	name=istiod analyzer attempt=1 time=42.042µs
2026-05-27T16:07:58.260886Z	info	sync complete	name=istiod analyzer attempt=1 time=35.917µs
2026-05-27T16:08:59.787471Z	info	sync complete	name=istiod analyzer attempt=1 time=22.792µs
2026-05-27T16:09:09.873054Z	info	sync complete	name=istiod analyzer attempt=1 time=67.042µs
2026-05-27T16:09:20.113700Z	info	sync complete	name=istiod analyzer attempt=1 time=29.5µs
2026-05-27T16:09:30.201291Z	info	sync complete	name=istiod analyzer attempt=1 time=23.959µs
2026-05-27T16:09:50.396887Z	info	sync complete	name=istiod analyzer attempt=1 time=42.792µs
2026-05-27T16:10:00.760535Z	info	sync complete	name=istiod analyzer attempt=1 time=49.667µs
2026-05-27T16:10:21.169401Z	info	sync complete	name=istiod analyzer attempt=1 time=27.625µs
2026-05-27T16:10:31.254109Z	info	sync complete	name=istiod analyzer attempt=1 time=24.875µs
2026-05-27T16:10:51.584624Z	info	sync complete	name=istiod analyzer attempt=1 time=27.125µs
2026-05-27T16:11:12.020278Z	info	sync complete	name=istiod analyzer attempt=1 time=37.625µs
2026-05-27T16:11:32.223336Z	info	sync complete	name=istiod analyzer attempt=1 time=27.625µs
2026-05-27T16:11:42.625208Z	info	sync complete	name=istiod analyzer attempt=1 time=27.292µs
2026-05-27T16:12:12.810069Z	info	sync complete	name=istiod analyzer attempt=1 time=30.167µs
2026-05-27T16:12:22.851251Z	info	sync complete	name=istiod analyzer attempt=1 time=30.709µs
2026-05-27T16:12:33.100138Z	info	sync complete	name=istiod analyzer attempt=1 time=25.5µs
2026-05-27T16:12:43.497945Z	info	sync complete	name=istiod analyzer attempt=1 time=30.5µs
2026-05-27T16:13:03.994318Z	info	sync complete	name=istiod analyzer attempt=1 time=25.375µs
2026-05-27T16:13:14.189613Z	info	sync complete	name=istiod analyzer attempt=1 time=28.083µs
2026-05-27T16:13:24.395693Z	info	sync complete	name=istiod analyzer attempt=1 time=24.458µs
2026-05-27T16:13:34.658762Z	info	sync complete	name=istiod analyzer attempt=1 time=44.125µs
2026-05-27T16:14:15.425284Z	info	sync complete	name=istiod analyzer attempt=1 time=26.625µs
2026-05-27T16:14:25.522125Z	info	sync complete	name=istiod analyzer attempt=1 time=25.292µs
2026-05-27T16:15:16.223444Z	info	sync complete	name=istiod analyzer attempt=1 time=31.5µs
2026-05-27T16:15:26.383434Z	info	sync complete	name=istiod analyzer attempt=1 time=29.833µs
2026-05-27T16:15:36.600539Z	info	sync complete	name=istiod analyzer attempt=1 time=33.875µs
2026-05-27T16:16:27.382149Z	info	sync complete	name=istiod analyzer attempt=1 time=27.417µs
2026-05-27T16:16:37.714298Z	info	sync complete	name=istiod analyzer attempt=1 time=28.458µs
2026-05-27T16:16:41.629018Z	info	delta	ADS: "10.30.0.14:49850" echo-5fb5d66d6-xhjw8.echo-tr-31 terminated
2026-05-27T16:16:41.842720Z	info	delta	ADS: new delta connection for node:echo-5fb5d66d6-xhjw8.echo-tr-33
2026-05-27T16:16:41.842909Z	info	delta	CDS: PUSH request for node:echo-5fb5d66d6-xhjw8.echo-tr resources:23 removed:0 size:24.1kB cached:19/19 filtered:0
2026-05-27T16:16:41.843379Z	info	delta	EDS: PUSH request for node:echo-5fb5d66d6-xhjw8.echo-tr resources:19 removed:0 size:4.0kB empty:0 cached:19/19 filtered:0
2026-05-27T16:16:41.845159Z	info	delta	LDS: PUSH request for node:echo-5fb5d66d6-xhjw8.echo-tr resources:20 removed:0 size:83.7kB filtered:0
2026-05-27T16:16:41.845288Z	info	delta	NDS: PUSH request for node:echo-5fb5d66d6-xhjw8.echo-tr resources:1 removed:0 size:1.2kB
2026-05-27T16:16:41.845427Z	info	delta	RDS: PUSH request for node:echo-5fb5d66d6-xhjw8.echo-tr resources:10 removed:0 size:8.6kB cached:7/10 filtered:0
2026-05-27T16:16:48.015103Z	info	sync complete	name=istiod analyzer attempt=1 time=25.417µs
2026-05-27T16:16:58.134062Z	info	sync complete	name=istiod analyzer attempt=1 time=34.25µs
2026-05-27T16:17:59.107043Z	info	sync complete	name=istiod analyzer attempt=1 time=71.25µs
2026-05-27T16:18:09.318582Z	info	sync complete	name=istiod analyzer attempt=1 time=30.916µs
2026-05-27T16:19:10.707348Z	info	sync complete	name=istiod analyzer attempt=1 time=31.458µs
2026-05-27T16:19:21.113273Z	info	sync complete	name=istiod analyzer attempt=1 time=26.833µs
2026-05-27T16:19:31.385263Z	info	sync complete	name=istiod analyzer attempt=1 time=27.416µs
2026-05-27T16:19:41.561325Z	info	sync complete	name=istiod analyzer attempt=1 time=24.166µs
2026-05-27T16:20:12.503491Z	info	sync complete	name=istiod analyzer attempt=1 time=24.375µs
2026-05-27T16:20:22.522770Z	info	sync complete	name=istiod analyzer attempt=1 time=26.417µs
2026-05-27T16:21:23.320894Z	info	sync complete	name=istiod analyzer attempt=1 time=35.25µs
2026-05-27T16:21:33.445816Z	info	sync complete	name=istiod analyzer attempt=1 time=27.209µs
2026-05-27T16:21:43.495487Z	info	sync complete	name=istiod analyzer attempt=1 time=24.333µs
2026-05-27T16:21:53.702698Z	info	sync complete	name=istiod analyzer attempt=1 time=24.125µs
2026-05-27T16:23:25.807142Z	info	sync complete	name=istiod analyzer attempt=1 time=41.917µs
2026-05-27T16:23:35.865559Z	info	sync complete	name=istiod analyzer attempt=1 time=26.667µs
2026-05-27T16:23:56.153535Z	info	sync complete	name=istiod analyzer attempt=1 time=29.542µs
2026-05-27T16:24:06.203176Z	info	sync complete	name=istiod analyzer attempt=1 time=36.041µs
2026-05-27T16:24:47.185014Z	info	sync complete	name=istiod analyzer attempt=1 time=25.334µs
2026-05-27T16:25:07.522684Z	info	sync complete	name=istiod analyzer attempt=1 time=48.625µs
2026-05-27T16:25:08.555000Z	info	delta	ADS: "10.30.0.15:49856" echo-tr-gateway-67dd96d555-q7s44.echo-tr-32 terminated
2026-05-27T16:25:08.854173Z	info	delta	ADS: new delta connection for node:echo-tr-gateway-67dd96d555-q7s44.echo-tr-34
2026-05-27T16:25:08.854299Z	info	delta	CDS: PUSH request for node:echo-tr-gateway-67dd96d555-q7s44.echo-tr resources:2 removed:0 size:1.1kB cached:1/1 filtered:0
2026-05-27T16:25:08.855981Z	info	delta	LDS: PUSH request for node:echo-tr-gateway-67dd96d555-q7s44.echo-tr resources:2 removed:0 size:11.3kB filtered:0
2026-05-27T16:25:08.856320Z	info	delta	EDS: PUSH request for node:echo-tr-gateway-67dd96d555-q7s44.echo-tr resources:1 removed:0 size:228B empty:0 cached:1/1 filtered:0
2026-05-27T16:25:08.856422Z	info	delta	RDS: PUSH request for node:echo-tr-gateway-67dd96d555-q7s44.echo-tr resources:2 removed:0 size:1.4kB cached:0/0 filtered:0
2026-05-27T16:27:10.296219Z	info	sync complete	name=istiod analyzer attempt=1 time=30.583µs
2026-05-27T16:27:20.631726Z	info	sync complete	name=istiod analyzer attempt=1 time=45.125µs
2026-05-27T16:27:30.995641Z	info	sync complete	name=istiod analyzer attempt=1 time=40.375µs
2026-05-27T16:27:41.230382Z	info	sync complete	name=istiod analyzer attempt=1 time=29.459µs
2026-05-27T16:28:11.886086Z	info	sync complete	name=istiod analyzer attempt=1 time=33.583µs
2026-05-27T16:28:32.496535Z	info	sync complete	name=istiod analyzer attempt=1 time=51.083µs
2026-05-27T16:28:42.585461Z	info	sync complete	name=istiod analyzer attempt=1 time=25.792µs
2026-05-27T16:29:23.687007Z	info	sync complete	name=istiod analyzer attempt=1 time=27.958µs
2026-05-27T16:29:33.804449Z	info	sync complete	name=istiod analyzer attempt=1 time=25.083µs
2026-05-27T16:30:25.275576Z	info	sync complete	name=istiod analyzer attempt=1 time=31.042µs
2026-05-27T16:30:35.370627Z	info	sync complete	name=istiod analyzer attempt=1 time=25.459µs
2026-05-27T16:31:05.631403Z	info	sync complete	name=istiod analyzer attempt=1 time=28µs
2026-05-27T16:31:15.827701Z	info	sync complete	name=istiod analyzer attempt=1 time=28.208µs
2026-05-27T16:31:36.310546Z	info	sync complete	name=istiod analyzer attempt=1 time=26.25µs
2026-05-27T16:31:46.427235Z	info	sync complete	name=istiod analyzer attempt=1 time=24.042µs
2026-05-27T16:32:26.971020Z	info	sync complete	name=istiod analyzer attempt=1 time=29.334µs
2026-05-27T16:32:37.238278Z	info	sync complete	name=istiod analyzer attempt=1 time=49.917µs
2026-05-27T16:33:18.284114Z	info	sync complete	name=istiod analyzer attempt=1 time=27.959µs
2026-05-27T16:33:28.654029Z	info	sync complete	name=istiod analyzer attempt=1 time=25.916µs
2026-05-27T16:33:39.035134Z	info	sync complete	name=istiod analyzer attempt=1 time=28.625µs
2026-05-27T16:33:49.383183Z	info	sync complete	name=istiod analyzer attempt=1 time=27.416µs
2026-05-27T16:33:59.504869Z	info	sync complete	name=istiod analyzer attempt=1 time=23.375µs
2026-05-27T16:34:40.751283Z	info	sync complete	name=istiod analyzer attempt=1 time=41.542µs
2026-05-27T16:34:50.859553Z	info	sync complete	name=istiod analyzer attempt=1 time=29.542µs
2026-05-27T16:35:21.971844Z	info	sync complete	name=istiod analyzer attempt=1 time=26.125µs
2026-05-27T16:35:32.152200Z	info	sync complete	name=istiod analyzer attempt=1 time=32.667µs
2026-05-27T16:35:52.302950Z	info	sync complete	name=istiod analyzer attempt=1 time=32.167µs
2026-05-27T16:36:02.482315Z	info	sync complete	name=istiod analyzer attempt=1 time=29.959µs
2026-05-27T16:37:34.665240Z	info	sync complete	name=istiod analyzer attempt=1 time=30.25µs
2026-05-27T16:37:44.958498Z	info	sync complete	name=istiod analyzer attempt=1 time=29.625µs
2026-05-27T16:37:54.977474Z	info	sync complete	name=istiod analyzer attempt=1 time=29.417µs
2026-05-27T16:39:27.196257Z	info	sync complete	name=istiod analyzer attempt=1 time=29.458µs
2026-05-27T16:39:37.438782Z	info	sync complete	name=istiod analyzer attempt=1 time=35.083µs
2026-05-27T16:39:47.581210Z	info	sync complete	name=istiod analyzer attempt=1 time=32.292µs
2026-05-27T16:39:57.599341Z	info	sync complete	name=istiod analyzer attempt=1 time=32.833µs
2026-05-27T16:40:17.939057Z	info	sync complete	name=istiod analyzer attempt=1 time=30.792µs
2026-05-27T16:40:28.160735Z	info	sync complete	name=istiod analyzer attempt=1 time=30.25µs
2026-05-27T16:41:39.422195Z	info	sync complete	name=istiod analyzer attempt=1 time=40.292µs
2026-05-27T16:41:49.711709Z	info	sync complete	name=istiod analyzer attempt=1 time=29.125µs
2026-05-27T16:41:59.901719Z	info	sync complete	name=istiod analyzer attempt=1 time=36.25µs
2026-05-27T16:42:10.012419Z	info	sync complete	name=istiod analyzer attempt=1 time=24.5µs
2026-05-27T16:43:41.598249Z	info	sync complete	name=istiod analyzer attempt=1 time=26.167µs
2026-05-27T16:43:51.676163Z	info	sync complete	name=istiod analyzer attempt=1 time=25.458µs
2026-05-27T16:44:22.273411Z	info	sync complete	name=istiod analyzer attempt=1 time=28.416µs
2026-05-27T16:44:42.376707Z	info	sync complete	name=istiod analyzer attempt=1 time=26.875µs
2026-05-27T16:45:18.984158Z	info	delta	ADS: "10.30.0.14:60038" echo-5fb5d66d6-xhjw8.echo-tr-33 terminated
2026-05-27T16:45:19.308624Z	info	delta	ADS: new delta connection for node:echo-5fb5d66d6-xhjw8.echo-tr-35
2026-05-27T16:45:19.309024Z	info	delta	CDS: PUSH request for node:echo-5fb5d66d6-xhjw8.echo-tr resources:23 removed:0 size:24.1kB cached:19/19 filtered:0
2026-05-27T16:45:19.309346Z	info	delta	EDS: PUSH request for node:echo-5fb5d66d6-xhjw8.echo-tr resources:19 removed:0 size:4.0kB empty:0 cached:19/19 filtered:0
2026-05-27T16:45:19.310910Z	info	delta	LDS: PUSH request for node:echo-5fb5d66d6-xhjw8.echo-tr resources:20 removed:0 size:83.7kB filtered:0
2026-05-27T16:45:19.311023Z	info	delta	NDS: PUSH request for node:echo-5fb5d66d6-xhjw8.echo-tr resources:1 removed:0 size:1.2kB
2026-05-27T16:45:19.311201Z	info	delta	RDS: PUSH request for node:echo-5fb5d66d6-xhjw8.echo-tr resources:10 removed:0 size:8.6kB cached:7/10 filtered:0
2026-05-27T16:46:03.739677Z	info	sync complete	name=istiod analyzer attempt=1 time=70.125µs
2026-05-27T16:46:14.086078Z	info	sync complete	name=istiod analyzer attempt=1 time=26.708µs
2026-05-27T16:46:24.207798Z	info	sync complete	name=istiod analyzer attempt=1 time=39.25µs
2026-05-27T16:46:54.865735Z	info	sync complete	name=istiod analyzer attempt=1 time=29.875µs
2026-05-27T16:47:05.042070Z	info	sync complete	name=istiod analyzer attempt=1 time=29.209µs
2026-05-27T16:47:45.604370Z	info	sync complete	name=istiod analyzer attempt=1 time=25.583µs
2026-05-27T16:47:55.794733Z	info	sync complete	name=istiod analyzer attempt=1 time=31.041µs
2026-05-27T16:48:06.162519Z	info	sync complete	name=istiod analyzer attempt=1 time=28.458µs
2026-05-27T16:48:36.886222Z	info	sync complete	name=istiod analyzer attempt=1 time=59.333µs
2026-05-27T16:48:47.104193Z	info	sync complete	name=istiod analyzer attempt=1 time=42.5µs
2026-05-27T16:49:27.950257Z	info	sync complete	name=istiod analyzer attempt=1 time=39.208µs
2026-05-27T16:49:38.073261Z	info	sync complete	name=istiod analyzer attempt=1 time=53.25µs
2026-05-27T16:50:18.919732Z	info	sync complete	name=istiod analyzer attempt=1 time=25.75µs
2026-05-27T16:50:28.970106Z	info	sync complete	name=istiod analyzer attempt=1 time=36.167µs
2026-05-27T16:51:50.466492Z	info	sync complete	name=istiod analyzer attempt=1 time=31.417µs
2026-05-27T16:52:00.576311Z	info	sync complete	name=istiod analyzer attempt=1 time=30.75µs
2026-05-27T16:52:29.396873Z	info	delta	ADS: "10.30.0.15:39210" echo-tr-gateway-67dd96d555-q7s44.echo-tr-34 terminated
2026-05-27T16:52:29.408044Z	info	delta	ADS: new delta connection for node:echo-tr-gateway-67dd96d555-q7s44.echo-tr-36
2026-05-27T16:52:29.408158Z	info	delta	CDS: PUSH request for node:echo-tr-gateway-67dd96d555-q7s44.echo-tr resources:2 removed:0 size:1.1kB cached:1/1 filtered:0
2026-05-27T16:52:29.409785Z	info	delta	LDS: PUSH request for node:echo-tr-gateway-67dd96d555-q7s44.echo-tr resources:2 removed:0 size:11.3kB filtered:0
2026-05-27T16:52:29.410434Z	info	delta	EDS: PUSH request for node:echo-tr-gateway-67dd96d555-q7s44.echo-tr resources:1 removed:0 size:228B empty:0 cached:1/1 filtered:0
2026-05-27T16:52:29.410549Z	info	delta	RDS: PUSH request for node:echo-tr-gateway-67dd96d555-q7s44.echo-tr resources:2 removed:0 size:1.4kB cached:0/0 filtered:0
2026-05-27T16:52:31.549884Z	info	sync complete	name=istiod analyzer attempt=1 time=26.583µs
2026-05-27T16:52:41.604851Z	info	sync complete	name=istiod analyzer attempt=1 time=29.209µs
2026-05-27T16:53:22.253630Z	info	sync complete	name=istiod analyzer attempt=1 time=29µs
2026-05-27T16:53:32.594633Z	info	sync complete	name=istiod analyzer attempt=1 time=23.541µs
2026-05-27T16:53:42.710850Z	info	sync complete	name=istiod analyzer attempt=1 time=24.667µs
2026-05-27T16:54:13.422159Z	info	sync complete	name=istiod analyzer attempt=1 time=32.042µs
2026-05-27T16:54:23.522395Z	info	sync complete	name=istiod analyzer attempt=1 time=29.583µs
2026-05-27T16:55:55.236165Z	info	sync complete	name=istiod analyzer attempt=1 time=28.833µs
2026-05-27T16:56:05.388146Z	info	sync complete	name=istiod analyzer attempt=1 time=26.375µs
2026-05-27T16:56:35.922909Z	info	sync complete	name=istiod analyzer attempt=1 time=35.625µs
2026-05-27T16:56:46.060102Z	info	sync complete	name=istiod analyzer attempt=1 time=34.375µs
2026-05-27T16:56:56.249744Z	info	sync complete	name=istiod analyzer attempt=1 time=31µs
2026-05-27T16:57:16.495081Z	info	sync complete	name=istiod analyzer attempt=1 time=27.125µs
2026-05-27T16:57:26.813235Z	info	sync complete	name=istiod analyzer attempt=1 time=25.334µs
2026-05-27T16:57:37.150322Z	info	sync complete	name=istiod analyzer attempt=1 time=22.791µs
2026-05-27T16:57:47.247595Z	info	sync complete	name=istiod analyzer attempt=1 time=29.875µs
2026-05-27T16:58:48.930285Z	info	sync complete	name=istiod analyzer attempt=1 time=25µs
2026-05-27T16:58:59.296086Z	info	sync complete	name=istiod analyzer attempt=1 time=51.75µs
2026-05-27T17:00:10.672725Z	info	sync complete	name=istiod analyzer attempt=1 time=37.417µs
2026-05-27T17:00:20.885172Z	info	sync complete	name=istiod analyzer attempt=1 time=36.583µs
2026-05-27T17:00:51.262964Z	info	sync complete	name=istiod analyzer attempt=1 time=27.417µs
2026-05-27T17:01:01.514649Z	info	sync complete	name=istiod analyzer attempt=1 time=25.167µs
2026-05-27T17:01:11.605375Z	info	sync complete	name=istiod analyzer attempt=1 time=26.875µs
2026-05-27T17:02:12.571910Z	info	sync complete	name=istiod analyzer attempt=1 time=26.375µs
2026-05-27T17:02:22.696514Z	info	sync complete	name=istiod analyzer attempt=1 time=27.875µs
2026-05-27T17:03:33.913312Z	info	sync complete	name=istiod analyzer attempt=1 time=25.333µs
2026-05-27T17:03:54.297192Z	info	sync complete	name=istiod analyzer attempt=1 time=35.625µs
2026-05-27T17:04:14.715556Z	info	sync complete	name=istiod analyzer attempt=1 time=26.542µs
2026-05-27T17:04:25.060840Z	info	sync complete	name=istiod analyzer attempt=1 time=25.542µs
2026-05-27T17:07:19.143777Z	info	sync complete	name=istiod analyzer attempt=1 time=29.709µs
2026-05-27T17:07:29.315934Z	info	sync complete	name=istiod analyzer attempt=1 time=37.709µs
2026-05-27T17:08:10.228151Z	info	sync complete	name=istiod analyzer attempt=1 time=32.584µs
2026-05-27T17:08:20.445092Z	info	sync complete	name=istiod analyzer attempt=1 time=25.25µs
2026-05-27T17:08:40.890103Z	info	sync complete	name=istiod analyzer attempt=1 time=29.25µs
2026-05-27T17:08:50.903983Z	info	sync complete	name=istiod analyzer attempt=1 time=27.166µs
2026-05-27T17:09:41.786837Z	info	sync complete	name=istiod analyzer attempt=1 time=54.042µs
2026-05-27T17:09:52.019994Z	info	sync complete	name=istiod analyzer attempt=1 time=55.75µs
2026-05-27T17:12:24.933084Z	info	sync complete	name=istiod analyzer attempt=1 time=29.875µs
2026-05-27T17:12:35.216177Z	info	sync complete	name=istiod analyzer attempt=1 time=28.084µs
2026-05-27T17:13:05.962236Z	info	sync complete	name=istiod analyzer attempt=1 time=26.084µs
2026-05-27T17:13:16.281725Z	info	sync complete	name=istiod analyzer attempt=1 time=28.25µs
2026-05-27T17:13:26.640386Z	info	sync complete	name=istiod analyzer attempt=1 time=24.25µs
2026-05-27T17:13:36.787538Z	info	sync complete	name=istiod analyzer attempt=1 time=25.875µs
2026-05-27T17:13:47.130504Z	info	sync complete	name=istiod analyzer attempt=1 time=25.667µs
2026-05-27T17:14:38.336666Z	info	sync complete	name=istiod analyzer attempt=1 time=27.084µs
2026-05-27T17:14:58.953021Z	info	sync complete	name=istiod analyzer attempt=1 time=24.291µs
2026-05-27T17:15:19.364445Z	info	sync complete	name=istiod analyzer attempt=1 time=27.541µs
2026-05-27T17:15:29.612538Z	info	sync complete	name=istiod analyzer attempt=1 time=29.708µs
2026-05-27T17:16:40.562407Z	info	sync complete	name=istiod analyzer attempt=1 time=28.875µs
2026-05-27T17:16:50.655689Z	info	sync complete	name=istiod analyzer attempt=1 time=28.666µs
2026-05-27T17:17:21.103997Z	info	sync complete	name=istiod analyzer attempt=1 time=32.625µs
2026-05-27T17:17:31.297921Z	info	sync complete	name=istiod analyzer attempt=1 time=25.625µs
2026-05-27T17:17:38.391079Z	info	delta	ADS: "10.30.0.14:59216" echo-5fb5d66d6-xhjw8.echo-tr-35 terminated
2026-05-27T17:17:38.506269Z	info	delta	ADS: new delta connection for node:echo-5fb5d66d6-xhjw8.echo-tr-37
2026-05-27T17:17:38.506600Z	info	delta	CDS: PUSH request for node:echo-5fb5d66d6-xhjw8.echo-tr resources:23 removed:0 size:24.1kB cached:19/19 filtered:0
2026-05-27T17:17:38.507954Z	info	delta	EDS: PUSH request for node:echo-5fb5d66d6-xhjw8.echo-tr resources:19 removed:0 size:4.0kB empty:0 cached:19/19 filtered:0
2026-05-27T17:17:38.509643Z	info	delta	LDS: PUSH request for node:echo-5fb5d66d6-xhjw8.echo-tr resources:20 removed:0 size:83.7kB filtered:0
2026-05-27T17:17:38.509791Z	info	delta	NDS: PUSH request for node:echo-5fb5d66d6-xhjw8.echo-tr resources:1 removed:0 size:1.2kB
2026-05-27T17:17:38.509953Z	info	delta	RDS: PUSH request for node:echo-5fb5d66d6-xhjw8.echo-tr resources:10 removed:0 size:8.6kB cached:8/10 filtered:0
2026-05-27T17:18:01.580302Z	info	sync complete	name=istiod analyzer attempt=1 time=67.583µs
2026-05-27T17:18:11.683417Z	info	sync complete	name=istiod analyzer attempt=1 time=29.416µs
2026-05-27T17:18:52.938450Z	info	sync complete	name=istiod analyzer attempt=1 time=29.625µs
2026-05-27T17:19:03.336937Z	info	sync complete	name=istiod analyzer attempt=1 time=26.292µs
2026-05-27T17:19:23.874030Z	info	sync complete	name=istiod analyzer attempt=1 time=27.625µs
2026-05-27T17:19:34.099785Z	info	sync complete	name=istiod analyzer attempt=1 time=24.75µs
2026-05-27T17:19:44.452969Z	info	sync complete	name=istiod analyzer attempt=1 time=28.25µs
2026-05-27T17:19:54.636100Z	info	sync complete	name=istiod analyzer attempt=1 time=24µs
2026-05-27T17:20:15.284095Z	info	sync complete	name=istiod analyzer attempt=1 time=24.458µs
2026-05-27T17:20:25.653094Z	info	sync complete	name=istiod analyzer attempt=1 time=41.792µs
2026-05-27T17:20:56.151349Z	info	sync complete	name=istiod analyzer attempt=1 time=33.084µs
2026-05-27T17:21:06.275725Z	info	sync complete	name=istiod analyzer attempt=1 time=42.125µs
2026-05-27T17:23:59.034451Z	info	sync complete	name=istiod analyzer attempt=1 time=42.292µs
2026-05-27T17:24:09.261604Z	info	sync complete	name=istiod analyzer attempt=1 time=28.292µs
2026-05-27T17:24:19.609626Z	info	sync complete	name=istiod analyzer attempt=1 time=30.459µs
2026-05-27T17:24:29.777125Z	info	sync complete	name=istiod analyzer attempt=1 time=28.916µs
2026-05-27T17:24:39.477949Z	info	delta	ADS: "10.30.0.15:49782" echo-tr-gateway-67dd96d555-q7s44.echo-tr-36 terminated
2026-05-27T17:24:39.815006Z	info	delta	ADS: new delta connection for node:echo-tr-gateway-67dd96d555-q7s44.echo-tr-38
2026-05-27T17:24:39.815143Z	info	delta	CDS: PUSH request for node:echo-tr-gateway-67dd96d555-q7s44.echo-tr resources:2 removed:0 size:1.1kB cached:1/1 filtered:0
2026-05-27T17:24:39.817535Z	info	delta	LDS: PUSH request for node:echo-tr-gateway-67dd96d555-q7s44.echo-tr resources:2 removed:0 size:11.3kB filtered:0
2026-05-27T17:24:39.817922Z	info	delta	EDS: PUSH request for node:echo-tr-gateway-67dd96d555-q7s44.echo-tr resources:1 removed:0 size:228B empty:0 cached:1/1 filtered:0
2026-05-27T17:24:39.818036Z	info	delta	RDS: PUSH request for node:echo-tr-gateway-67dd96d555-q7s44.echo-tr resources:2 removed:0 size:1.4kB cached:0/0 filtered:0
2026-05-27T17:24:49.961112Z	info	sync complete	name=istiod analyzer attempt=1 time=26.042µs
2026-05-27T17:25:00.340122Z	info	sync complete	name=istiod analyzer attempt=1 time=38.958µs
2026-05-27T17:25:41.059401Z	info	sync complete	name=istiod analyzer attempt=1 time=31.583µs
2026-05-27T17:25:51.403120Z	info	sync complete	name=istiod analyzer attempt=1 time=29.25µs
2026-05-27T17:26:22.409543Z	info	sync complete	name=istiod analyzer attempt=1 time=36.958µs
2026-05-27T17:26:32.533922Z	info	sync complete	name=istiod analyzer attempt=1 time=53.708µs
2026-05-27T17:26:53.062716Z	info	sync complete	name=istiod analyzer attempt=1 time=39µs
2026-05-27T17:27:13.492413Z	info	sync complete	name=istiod analyzer attempt=1 time=26.75µs
2026-05-27T17:28:14.854993Z	info	sync complete	name=istiod analyzer attempt=1 time=30.458µs
2026-05-27T17:28:24.943285Z	info	sync complete	name=istiod analyzer attempt=1 time=25.292µs
2026-05-27T17:28:35.015074Z	info	sync complete	name=istiod analyzer attempt=1 time=34.5µs
2026-05-27T17:28:55.695321Z	info	sync complete	name=istiod analyzer attempt=1 time=28.375µs
2026-05-27T17:29:36.919636Z	info	sync complete	name=istiod analyzer attempt=1 time=26.209µs
2026-05-27T17:29:57.103269Z	info	sync complete	name=istiod analyzer attempt=1 time=51.208µs
2026-05-27T17:30:07.284106Z	info	sync complete	name=istiod analyzer attempt=1 time=25.042µs
2026-05-27T17:30:17.581701Z	info	sync complete	name=istiod analyzer attempt=1 time=29.584µs
2026-05-27T17:30:27.643621Z	info	sync complete	name=istiod analyzer attempt=1 time=43.459µs
2026-05-27T17:30:58.200772Z	info	sync complete	name=istiod analyzer attempt=1 time=27.292µs
2026-05-27T17:31:08.368804Z	info	sync complete	name=istiod analyzer attempt=1 time=27.208µs
2026-05-27T17:31:18.510868Z	info	sync complete	name=istiod analyzer attempt=1 time=27.084µs
2026-05-27T17:31:28.601093Z	info	sync complete	name=istiod analyzer attempt=1 time=31.917µs
2026-05-27T17:31:59.161557Z	info	sync complete	name=istiod analyzer attempt=1 time=38µs
2026-05-27T17:32:09.172942Z	info	sync complete	name=istiod analyzer attempt=1 time=22.875µs
2026-05-27T17:32:29.403364Z	info	sync complete	name=istiod analyzer attempt=1 time=24.958µs
2026-05-27T17:32:39.611550Z	info	sync complete	name=istiod analyzer attempt=1 time=27.125µs
2026-05-27T17:32:49.619933Z	info	sync complete	name=istiod analyzer attempt=1 time=36.042µs
2026-05-27T17:33:30.188760Z	info	sync complete	name=istiod analyzer attempt=1 time=25.167µs
2026-05-27T17:33:40.252064Z	info	sync complete	name=istiod analyzer attempt=1 time=24.625µs
2026-05-27T17:33:50.495126Z	info	sync complete	name=istiod analyzer attempt=1 time=55.667µs
2026-05-27T17:34:00.546400Z	info	sync complete	name=istiod analyzer attempt=1 time=31.167µs
2026-05-27T17:34:41.553526Z	info	sync complete	name=istiod analyzer attempt=1 time=29.208µs
2026-05-27T17:35:01.718691Z	info	sync complete	name=istiod analyzer attempt=1 time=35.375µs
2026-05-27T17:36:13.190651Z	info	sync complete	name=istiod analyzer attempt=1 time=27.75µs
2026-05-27T17:36:23.412953Z	info	sync complete	name=istiod analyzer attempt=1 time=28.834µs
2026-05-27T17:36:43.916314Z	info	sync complete	name=istiod analyzer attempt=1 time=30.417µs
2026-05-27T17:36:54.133730Z	info	sync complete	name=istiod analyzer attempt=1 time=24.917µs
2026-05-27T17:37:04.197806Z	info	sync complete	name=istiod analyzer attempt=1 time=25.959µs
2026-05-27T17:37:24.582143Z	info	sync complete	name=istiod analyzer attempt=1 time=26.25µs
2026-05-27T17:37:34.963063Z	info	sync complete	name=istiod analyzer attempt=1 time=37.209µs
2026-05-27T17:38:35.936951Z	info	sync complete	name=istiod analyzer attempt=1 time=22.5µs
2026-05-27T17:38:46.076012Z	info	sync complete	name=istiod analyzer attempt=1 time=27.75µs
2026-05-27T17:39:06.628831Z	info	sync complete	name=istiod analyzer attempt=1 time=24.875µs
2026-05-27T17:39:16.965315Z	info	sync complete	name=istiod analyzer attempt=1 time=25.666µs
2026-05-27T17:39:27.369509Z	info	sync complete	name=istiod analyzer attempt=1 time=24.333µs
2026-05-27T17:39:37.430791Z	info	sync complete	name=istiod analyzer attempt=1 time=30.833µs
2026-05-27T17:39:47.663608Z	info	sync complete	name=istiod analyzer attempt=1 time=23.75µs
2026-05-27T17:40:18.239171Z	info	sync complete	name=istiod analyzer attempt=1 time=24.584µs
2026-05-27T17:40:28.337923Z	info	sync complete	name=istiod analyzer attempt=1 time=38.625µs
2026-05-27T17:41:39.056542Z	info	sync complete	name=istiod analyzer attempt=1 time=27.708µs
2026-05-27T17:41:49.300799Z	info	sync complete	name=istiod analyzer attempt=1 time=25.791µs
2026-05-27T17:42:40.501021Z	info	sync complete	name=istiod analyzer attempt=1 time=26.459µs
2026-05-27T17:42:50.799989Z	info	sync complete	name=istiod analyzer attempt=1 time=35.083µs
2026-05-27T17:43:11.232935Z	info	sync complete	name=istiod analyzer attempt=1 time=26.958µs
2026-05-27T17:43:21.334535Z	info	sync complete	name=istiod analyzer attempt=1 time=32.667µs
2026-05-27T17:44:01.628105Z	info	sync complete	name=istiod analyzer attempt=1 time=30.584µs
2026-05-27T17:44:11.681065Z	info	sync complete	name=istiod analyzer attempt=1 time=27.667µs
2026-05-27T17:44:21.751350Z	info	sync complete	name=istiod analyzer attempt=1 time=26.667µs
2026-05-27T17:44:31.864122Z	info	sync complete	name=istiod analyzer attempt=1 time=28.458µs
2026-05-27T17:45:02.105922Z	info	sync complete	name=istiod analyzer attempt=1 time=33.625µs
2026-05-27T17:45:12.114113Z	info	sync complete	name=istiod analyzer attempt=1 time=31.375µs
2026-05-27T17:45:22.255931Z	info	sync complete	name=istiod analyzer attempt=1 time=27.708µs
2026-05-27T17:45:32.414841Z	info	sync complete	name=istiod analyzer attempt=1 time=26.917µs
2026-05-27T17:45:42.789869Z	info	sync complete	name=istiod analyzer attempt=1 time=25.25µs
2026-05-27T17:45:53.176507Z	info	sync complete	name=istiod analyzer attempt=1 time=30.542µs
2026-05-27T17:46:03.367277Z	info	sync complete	name=istiod analyzer attempt=1 time=27.25µs
2026-05-27T17:46:13.672532Z	info	sync complete	name=istiod analyzer attempt=1 time=28.084µs
2026-05-27T17:46:21.823837Z	info	delta	ADS: "10.30.0.14:38788" echo-5fb5d66d6-xhjw8.echo-tr-37 terminated
2026-05-27T17:46:21.883259Z	info	delta	ADS: new delta connection for node:echo-5fb5d66d6-xhjw8.echo-tr-39
2026-05-27T17:46:21.883604Z	info	delta	CDS: PUSH request for node:echo-5fb5d66d6-xhjw8.echo-tr resources:23 removed:0 size:24.1kB cached:19/19 filtered:0
2026-05-27T17:46:21.883855Z	info	delta	EDS: PUSH request for node:echo-5fb5d66d6-xhjw8.echo-tr resources:19 removed:0 size:4.0kB empty:0 cached:19/19 filtered:0
2026-05-27T17:46:21.886971Z	info	delta	LDS: PUSH request for node:echo-5fb5d66d6-xhjw8.echo-tr resources:20 removed:0 size:83.7kB filtered:0
2026-05-27T17:46:21.887088Z	info	delta	NDS: PUSH request for node:echo-5fb5d66d6-xhjw8.echo-tr resources:1 removed:0 size:1.2kB
2026-05-27T17:46:21.887258Z	info	delta	RDS: PUSH request for node:echo-5fb5d66d6-xhjw8.echo-tr resources:10 removed:0 size:8.6kB cached:8/10 filtered:0
2026-05-27T17:46:23.771319Z	info	sync complete	name=istiod analyzer attempt=1 time=24.75µs
2026-05-27T17:46:34.019560Z	info	sync complete	name=istiod analyzer attempt=1 time=30.458µs
2026-05-27T17:46:54.541057Z	info	sync complete	name=istiod analyzer attempt=1 time=29.833µs
2026-05-27T17:47:04.732760Z	info	sync complete	name=istiod analyzer attempt=1 time=45.834µs
2026-05-27T17:47:14.766403Z	info	sync complete	name=istiod analyzer attempt=1 time=40.042µs
2026-05-27T17:47:24.865299Z	info	sync complete	name=istiod analyzer attempt=1 time=25.5µs
2026-05-27T17:48:05.719762Z	info	sync complete	name=istiod analyzer attempt=1 time=25.167µs
2026-05-27T17:48:15.923138Z	info	sync complete	name=istiod analyzer attempt=1 time=44.209µs
2026-05-27T17:48:47.063481Z	info	sync complete	name=istiod analyzer attempt=1 time=29.833µs
2026-05-27T17:48:57.458398Z	info	sync complete	name=istiod analyzer attempt=1 time=26.708µs
2026-05-27T17:49:27.738848Z	info	sync complete	name=istiod analyzer attempt=1 time=27.125µs
2026-05-27T17:49:48.472069Z	info	sync complete	name=istiod analyzer attempt=1 time=29.791µs
2026-05-27T17:49:58.779928Z	info	sync complete	name=istiod analyzer attempt=1 time=27.75µs
2026-05-27T17:50:19.417830Z	info	sync complete	name=istiod analyzer attempt=1 time=34.958µs
2026-05-27T17:50:29.757546Z	info	sync complete	name=istiod analyzer attempt=1 time=27.583µs
2026-05-27T17:51:00.428762Z	info	sync complete	name=istiod analyzer attempt=1 time=27.792µs
2026-05-27T17:51:10.605569Z	info	sync complete	name=istiod analyzer attempt=1 time=31.25µs
2026-05-27T17:51:20.837160Z	info	sync complete	name=istiod analyzer attempt=1 time=31.167µs
2026-05-27T17:51:31.077101Z	info	sync complete	name=istiod analyzer attempt=1 time=28.708µs
2026-05-27T17:51:41.344899Z	info	sync complete	name=istiod analyzer attempt=1 time=28.375µs
2026-05-27T17:52:42.241473Z	info	sync complete	name=istiod analyzer attempt=1 time=25.083µs
2026-05-27T17:53:02.777311Z	info	sync complete	name=istiod analyzer attempt=1 time=24.875µs
2026-05-27T17:53:13.104170Z	info	sync complete	name=istiod analyzer attempt=1 time=26.958µs
2026-05-27T17:53:23.430497Z	info	sync complete	name=istiod analyzer attempt=1 time=24.667µs
2026-05-27T17:53:54.302824Z	info	sync complete	name=istiod analyzer attempt=1 time=26.708µs
2026-05-27T17:54:04.481781Z	info	sync complete	name=istiod analyzer attempt=1 time=28.458µs
2026-05-27T17:54:14.669857Z	info	sync complete	name=istiod analyzer attempt=1 time=30.958µs
2026-05-27T17:54:24.791138Z	info	sync complete	name=istiod analyzer attempt=1 time=26.625µs
2026-05-27T17:54:34.933148Z	info	sync complete	name=istiod analyzer attempt=1 time=27.125µs
2026-05-27T17:54:55.445641Z	info	sync complete	name=istiod analyzer attempt=1 time=25.5µs
2026-05-27T17:55:05.695393Z	info	sync complete	name=istiod analyzer attempt=1 time=26.666µs
2026-05-27T17:55:15.788891Z	info	sync complete	name=istiod analyzer attempt=1 time=27.209µs
2026-05-27T17:55:26.102924Z	info	sync complete	name=istiod analyzer attempt=1 time=28.625µs
2026-05-27T17:55:38.177912Z	info	delta	ADS: "10.30.0.15:58968" echo-tr-gateway-67dd96d555-q7s44.echo-tr-38 terminated
2026-05-27T17:55:38.297654Z	info	delta	ADS: new delta connection for node:echo-tr-gateway-67dd96d555-q7s44.echo-tr-40
2026-05-27T17:55:38.297779Z	info	delta	CDS: PUSH request for node:echo-tr-gateway-67dd96d555-q7s44.echo-tr resources:2 removed:0 size:1.1kB cached:1/1 filtered:0
2026-05-27T17:55:38.298301Z	info	delta	LDS: PUSH request for node:echo-tr-gateway-67dd96d555-q7s44.echo-tr resources:2 removed:0 size:11.3kB filtered:0
2026-05-27T17:55:38.298628Z	info	delta	EDS: PUSH request for node:echo-tr-gateway-67dd96d555-q7s44.echo-tr resources:1 removed:0 size:228B empty:0 cached:1/1 filtered:0
2026-05-27T17:55:38.298731Z	info	delta	RDS: PUSH request for node:echo-tr-gateway-67dd96d555-q7s44.echo-tr resources:2 removed:0 size:1.4kB cached:0/0 filtered:0
2026-05-27T17:56:06.914204Z	info	sync complete	name=istiod analyzer attempt=1 time=27.25µs
2026-05-27T17:56:27.154866Z	info	sync complete	name=istiod analyzer attempt=1 time=27.166µs
2026-05-27T17:57:07.900564Z	info	sync complete	name=istiod analyzer attempt=1 time=41.042µs
2026-05-27T17:57:18.113200Z	info	sync complete	name=istiod analyzer attempt=1 time=26.167µs
2026-05-27T17:57:38.452014Z	info	sync complete	name=istiod analyzer attempt=1 time=27.542µs
2026-05-27T17:57:48.477424Z	info	sync complete	name=istiod analyzer attempt=1 time=29.708µs
2026-05-27T17:58:49.547980Z	info	sync complete	name=istiod analyzer attempt=1 time=24.917µs
2026-05-27T17:58:59.952320Z	info	sync complete	name=istiod analyzer attempt=1 time=27.25µs
2026-05-27T17:59:10.012452Z	info	sync complete	name=istiod analyzer attempt=1 time=32.291µs
2026-05-27T18:00:32.217554Z	info	sync complete	name=istiod analyzer attempt=1 time=40.958µs
2026-05-27T18:00:42.365345Z	info	sync complete	name=istiod analyzer attempt=1 time=34.709µs
2026-05-27T18:01:12.673270Z	info	sync complete	name=istiod analyzer attempt=1 time=27.375µs
2026-05-27T18:01:23.070176Z	info	sync complete	name=istiod analyzer attempt=1 time=26.125µs
2026-05-27T18:02:03.789660Z	info	sync complete	name=istiod analyzer attempt=1 time=36.75µs
2026-05-27T18:02:13.888924Z	info	sync complete	name=istiod analyzer attempt=1 time=28.125µs
2026-05-27T18:02:24.025084Z	info	sync complete	name=istiod analyzer attempt=1 time=23.458µs
2026-05-27T18:02:34.084796Z	info	sync complete	name=istiod analyzer attempt=1 time=35.5µs
2026-05-27T18:03:35.421474Z	info	sync complete	name=istiod analyzer attempt=1 time=38.709µs
2026-05-27T18:03:45.759929Z	info	sync complete	name=istiod analyzer attempt=1 time=24.125µs
2026-05-27T18:03:56.007068Z	info	sync complete	name=istiod analyzer attempt=1 time=27.25µs
2026-05-27T18:04:16.426412Z	info	sync complete	name=istiod analyzer attempt=1 time=38.75µs
2026-05-27T18:04:26.703284Z	info	sync complete	name=istiod analyzer attempt=1 time=31.5µs
2026-05-27T18:04:37.043000Z	info	sync complete	name=istiod analyzer attempt=1 time=48.25µs
2026-05-27T18:04:47.323948Z	info	sync complete	name=istiod analyzer attempt=1 time=44.209µs
2026-05-27T18:04:57.356743Z	info	sync complete	name=istiod analyzer attempt=1 time=31.125µs
2026-05-27T18:05:07.489610Z	info	sync complete	name=istiod analyzer attempt=1 time=42.833µs
2026-05-27T18:05:17.571271Z	info	sync complete	name=istiod analyzer attempt=1 time=32µs
2026-05-27T18:05:48.131314Z	info	sync complete	name=istiod analyzer attempt=1 time=33.375µs
2026-05-27T18:05:58.458608Z	info	sync complete	name=istiod analyzer attempt=1 time=30.792µs
2026-05-27T18:06:39.648428Z	info	sync complete	name=istiod analyzer attempt=1 time=24.167µs
2026-05-27T18:06:49.785442Z	info	sync complete	name=istiod analyzer attempt=1 time=25.875µs
2026-05-27T18:07:30.606647Z	info	sync complete	name=istiod analyzer attempt=1 time=27.583µs
2026-05-27T18:07:40.627913Z	info	sync complete	name=istiod analyzer attempt=1 time=27.208µs
2026-05-27T18:07:51.000557Z	info	sync complete	name=istiod analyzer attempt=1 time=23.459µs
2026-05-27T18:08:11.157376Z	info	sync complete	name=istiod analyzer attempt=1 time=28.167µs
2026-05-27T18:08:21.235375Z	info	sync complete	name=istiod analyzer attempt=1 time=24.833µs
2026-05-27T18:08:41.757600Z	info	sync complete	name=istiod analyzer attempt=1 time=31.792µs
2026-05-27T18:08:51.817956Z	info	sync complete	name=istiod analyzer attempt=1 time=25.291µs
2026-05-27T18:09:02.177738Z	info	sync complete	name=istiod analyzer attempt=1 time=34.333µs
2026-05-27T18:09:12.290858Z	info	sync complete	name=istiod analyzer attempt=1 time=24.375µs
2026-05-27T18:09:32.769123Z	info	sync complete	name=istiod analyzer attempt=1 time=25µs
2026-05-27T18:09:42.785762Z	info	sync complete	name=istiod analyzer attempt=1 time=36.917µs
2026-05-27T18:10:13.504045Z	info	sync complete	name=istiod analyzer attempt=1 time=23.5µs
2026-05-27T18:10:23.573778Z	info	sync complete	name=istiod analyzer attempt=1 time=28.292µs
2026-05-27T18:10:33.704712Z	info	sync complete	name=istiod analyzer attempt=1 time=36.958µs
2026-05-27T18:10:54.471985Z	info	sync complete	name=istiod analyzer attempt=1 time=30.333µs
2026-05-27T18:11:04.756215Z	info	sync complete	name=istiod analyzer attempt=1 time=25.5µs
2026-05-27T18:11:25.231748Z	info	sync complete	name=istiod analyzer attempt=1 time=25.792µs
2026-05-27T18:11:35.347199Z	info	sync complete	name=istiod analyzer attempt=1 time=24.5µs
2026-05-27T18:11:55.875009Z	info	sync complete	name=istiod analyzer attempt=1 time=25.875µs
2026-05-27T18:12:47.133220Z	info	sync complete	name=istiod analyzer attempt=1 time=27.875µs
2026-05-27T18:12:57.448127Z	info	sync complete	name=istiod analyzer attempt=1 time=28.5µs
2026-05-27T18:13:07.718847Z	info	sync complete	name=istiod analyzer attempt=1 time=31.25µs
2026-05-27T18:13:17.898287Z	info	sync complete	name=istiod analyzer attempt=1 time=33µs
2026-05-27T18:14:28.780844Z	info	sync complete	name=istiod analyzer attempt=1 time=26.333µs
2026-05-27T18:14:38.903023Z	info	sync complete	name=istiod analyzer attempt=1 time=28.292µs
2026-05-27T18:15:09.461427Z	info	sync complete	name=istiod analyzer attempt=1 time=30.542µs
2026-05-27T18:15:19.585995Z	info	sync complete	name=istiod analyzer attempt=1 time=26.333µs
2026-05-27T18:15:29.729800Z	info	sync complete	name=istiod analyzer attempt=1 time=29.916µs
2026-05-27T18:15:40.053092Z	info	sync complete	name=istiod analyzer attempt=1 time=22.459µs
2026-05-27T18:16:20.628891Z	info	sync complete	name=istiod analyzer attempt=1 time=36.583µs
2026-05-27T18:16:30.728840Z	info	sync complete	name=istiod analyzer attempt=1 time=25.834µs
2026-05-27T18:16:51.072312Z	info	sync complete	name=istiod analyzer attempt=1 time=30.375µs
2026-05-27T18:17:01.197037Z	info	sync complete	name=istiod analyzer attempt=1 time=28.292µs
2026-05-27T18:17:11.294314Z	info	sync complete	name=istiod analyzer attempt=1 time=34.584µs
2026-05-27T18:17:21.362341Z	info	sync complete	name=istiod analyzer attempt=1 time=29.584µs
2026-05-27T18:17:41.890909Z	info	delta	ADS: "10.30.0.14:33208" echo-5fb5d66d6-xhjw8.echo-tr-39 terminated
2026-05-27T18:17:42.226296Z	info	delta	ADS: new delta connection for node:echo-5fb5d66d6-xhjw8.echo-tr-41
2026-05-27T18:17:42.226952Z	info	delta	CDS: PUSH request for node:echo-5fb5d66d6-xhjw8.echo-tr resources:23 removed:0 size:24.1kB cached:19/19 filtered:0
2026-05-27T18:17:42.227628Z	info	delta	EDS: PUSH request for node:echo-5fb5d66d6-xhjw8.echo-tr resources:19 removed:0 size:4.0kB empty:0 cached:19/19 filtered:0
2026-05-27T18:17:42.229436Z	info	delta	LDS: PUSH request for node:echo-5fb5d66d6-xhjw8.echo-tr resources:20 removed:0 size:83.7kB filtered:0
2026-05-27T18:17:42.229574Z	info	delta	NDS: PUSH request for node:echo-5fb5d66d6-xhjw8.echo-tr resources:1 removed:0 size:1.2kB
2026-05-27T18:17:42.229843Z	info	delta	RDS: PUSH request for node:echo-5fb5d66d6-xhjw8.echo-tr resources:10 removed:0 size:8.6kB cached:8/10 filtered:0
2026-05-27T18:17:52.326153Z	info	sync complete	name=istiod analyzer attempt=1 time=59.541µs
2026-05-27T18:18:02.466027Z	info	sync complete	name=istiod analyzer attempt=1 time=34.709µs
2026-05-27T18:18:33.096988Z	info	sync complete	name=istiod analyzer attempt=1 time=27.042µs
2026-05-27T18:18:43.442947Z	info	sync complete	name=istiod analyzer attempt=1 time=33µs
2026-05-27T18:19:14.097959Z	info	sync complete	name=istiod analyzer attempt=1 time=32.458µs
2026-05-27T18:19:24.263777Z	info	sync complete	name=istiod analyzer attempt=1 time=25.833µs
2026-05-27T18:20:25.596398Z	info	sync complete	name=istiod analyzer attempt=1 time=29.291µs
2026-05-27T18:20:35.664283Z	info	sync complete	name=istiod analyzer attempt=1 time=37.458µs
2026-05-27T18:21:16.777532Z	info	sync complete	name=istiod analyzer attempt=1 time=33.625µs
2026-05-27T18:21:26.988698Z	info	sync complete	name=istiod analyzer attempt=1 time=25.083µs
2026-05-27T18:21:57.428975Z	info	sync complete	name=istiod analyzer attempt=1 time=24.375µs
2026-05-27T18:22:07.433803Z	info	sync complete	name=istiod analyzer attempt=1 time=28.875µs
2026-05-27T18:22:27.942268Z	info	sync complete	name=istiod analyzer attempt=1 time=28.375µs
2026-05-27T18:22:38.226490Z	info	sync complete	name=istiod analyzer attempt=1 time=25.042µs
2026-05-27T18:23:28.641205Z	info	sync complete	name=istiod analyzer attempt=1 time=25.041µs
2026-05-27T18:23:38.764434Z	info	sync complete	name=istiod analyzer attempt=1 time=33.292µs
2026-05-27T18:23:48.948730Z	info	sync complete	name=istiod analyzer attempt=1 time=26.167µs
2026-05-27T18:23:59.251867Z	info	sync complete	name=istiod analyzer attempt=1 time=25.25µs
2026-05-27T18:24:29.998895Z	info	sync complete	name=istiod analyzer attempt=1 time=32.292µs
2026-05-27T18:24:40.159138Z	info	sync complete	name=istiod analyzer attempt=1 time=27.75µs
2026-05-27T18:24:50.414072Z	info	sync complete	name=istiod analyzer attempt=1 time=51.334µs
2026-05-27T18:25:00.754565Z	info	sync complete	name=istiod analyzer attempt=1 time=29.458µs
2026-05-27T18:25:11.006266Z	info	sync complete	name=istiod analyzer attempt=1 time=27.75µs
2026-05-27T18:26:52.523637Z	info	sync complete	name=istiod analyzer attempt=1 time=29.083µs
2026-05-27T18:27:02.802613Z	info	sync complete	name=istiod analyzer attempt=1 time=41.166µs
2026-05-27T18:27:15.220493Z	info	delta	ADS: "10.30.0.15:52854" echo-tr-gateway-67dd96d555-q7s44.echo-tr-40 terminated
2026-05-27T18:27:15.253488Z	info	delta	ADS: new delta connection for node:echo-tr-gateway-67dd96d555-q7s44.echo-tr-42
2026-05-27T18:27:15.253602Z	info	delta	CDS: PUSH request for node:echo-tr-gateway-67dd96d555-q7s44.echo-tr resources:2 removed:0 size:1.1kB cached:1/1 filtered:0
2026-05-27T18:27:15.254454Z	info	delta	LDS: PUSH request for node:echo-tr-gateway-67dd96d555-q7s44.echo-tr resources:2 removed:0 size:11.3kB filtered:0
2026-05-27T18:27:15.255502Z	info	delta	EDS: PUSH request for node:echo-tr-gateway-67dd96d555-q7s44.echo-tr resources:1 removed:0 size:228B empty:0 cached:1/1 filtered:0
2026-05-27T18:27:15.255616Z	info	delta	RDS: PUSH request for node:echo-tr-gateway-67dd96d555-q7s44.echo-tr resources:2 removed:0 size:1.4kB cached:0/0 filtered:0
2026-05-27T18:27:22.988150Z	info	sync complete	name=istiod analyzer attempt=1 time=27.792µs
2026-05-27T18:27:33.369440Z	info	sync complete	name=istiod analyzer attempt=1 time=30.667µs
2026-05-27T18:27:43.634221Z	info	sync complete	name=istiod analyzer attempt=1 time=35.333µs
2026-05-27T18:27:53.741971Z	info	sync complete	name=istiod analyzer attempt=1 time=37.209µs
2026-05-27T18:28:03.815330Z	info	sync complete	name=istiod analyzer attempt=1 time=30.5µs
2026-05-27T18:28:24.159819Z	info	sync complete	name=istiod analyzer attempt=1 time=27.042µs
2026-05-27T18:28:34.435146Z	info	sync complete	name=istiod analyzer attempt=1 time=96.875µs
2026-05-27T18:28:44.514313Z	info	sync complete	name=istiod analyzer attempt=1 time=33.959µs
2026-05-27T18:28:54.862316Z	info	sync complete	name=istiod analyzer attempt=1 time=31.792µs
2026-05-27T18:29:35.364518Z	info	sync complete	name=istiod analyzer attempt=1 time=30.208µs
2026-05-27T18:29:45.468465Z	info	sync complete	name=istiod analyzer attempt=1 time=28.042µs
2026-05-27T18:30:15.985823Z	info	sync complete	name=istiod analyzer attempt=1 time=33.125µs
2026-05-27T18:30:26.157919Z	info	sync complete	name=istiod analyzer attempt=1 time=28.375µs
2026-05-27T18:31:47.795484Z	info	sync complete	name=istiod analyzer attempt=1 time=27.25µs
2026-05-27T18:32:08.179881Z	info	sync complete	name=istiod analyzer attempt=1 time=34.583µs
2026-05-27T18:32:18.283899Z	info	sync complete	name=istiod analyzer attempt=1 time=26.208µs
2026-05-27T18:32:28.597863Z	info	sync complete	name=istiod analyzer attempt=1 time=32.584µs
2026-05-27T18:32:38.679020Z	info	sync complete	name=istiod analyzer attempt=1 time=27.292µs
2026-05-27T18:32:48.778929Z	info	sync complete	name=istiod analyzer attempt=1 time=27.542µs
2026-05-27T18:33:29.744408Z	info	sync complete	name=istiod analyzer attempt=1 time=31.625µs
2026-05-27T18:33:39.987213Z	info	sync complete	name=istiod analyzer attempt=1 time=29.083µs
2026-05-27T18:34:00.360977Z	info	sync complete	name=istiod analyzer attempt=1 time=39.916µs
2026-05-27T18:34:20.708795Z	info	sync complete	name=istiod analyzer attempt=1 time=30.833µs
2026-05-27T18:34:40.821933Z	info	sync complete	name=istiod analyzer attempt=1 time=42.75µs
2026-05-27T18:34:51.188947Z	info	sync complete	name=istiod analyzer attempt=1 time=24.25µs
2026-05-27T18:35:41.815294Z	info	sync complete	name=istiod analyzer attempt=1 time=27.75µs
2026-05-27T18:35:51.918143Z	info	sync complete	name=istiod analyzer attempt=1 time=25.208µs
2026-05-27T18:36:12.422078Z	info	sync complete	name=istiod analyzer attempt=1 time=29.583µs
2026-05-27T18:36:22.756610Z	info	sync complete	name=istiod analyzer attempt=1 time=25.625µs
2026-05-27T18:36:32.878837Z	info	sync complete	name=istiod analyzer attempt=1 time=27.792µs
2026-05-27T18:36:42.895755Z	info	sync complete	name=istiod analyzer attempt=1 time=31.5µs
2026-05-27T18:37:33.584252Z	info	sync complete	name=istiod analyzer attempt=1 time=27.333µs
2026-05-27T18:37:54.050306Z	info	sync complete	name=istiod analyzer attempt=1 time=38.417µs
2026-05-27T18:39:05.432642Z	info	sync complete	name=istiod analyzer attempt=1 time=71.875µs
2026-05-27T18:39:15.562106Z	info	sync complete	name=istiod analyzer attempt=1 time=24.875µs
2026-05-27T18:40:17.384427Z	info	sync complete	name=istiod analyzer attempt=1 time=24.958µs
2026-05-27T18:40:27.611358Z	info	sync complete	name=istiod analyzer attempt=1 time=35.25µs
2026-05-27T18:41:49.190622Z	info	sync complete	name=istiod analyzer attempt=1 time=26.542µs
2026-05-27T18:41:59.444647Z	info	sync complete	name=istiod analyzer attempt=1 time=26.791µs
2026-05-27T18:42:50.779994Z	info	sync complete	name=istiod analyzer attempt=1 time=87.042µs
2026-05-27T18:43:00.926689Z	info	sync complete	name=istiod analyzer attempt=1 time=37.667µs
2026-05-27T18:43:11.311863Z	info	sync complete	name=istiod analyzer attempt=1 time=24.292µs
2026-05-27T18:43:21.629103Z	info	sync complete	name=istiod analyzer attempt=1 time=28µs
2026-05-27T18:44:32.865101Z	info	sync complete	name=istiod analyzer attempt=1 time=30.25µs
2026-05-27T18:44:43.120246Z	info	sync complete	name=istiod analyzer attempt=1 time=25.416µs
2026-05-27T18:44:53.325912Z	info	sync complete	name=istiod analyzer attempt=1 time=25.666µs
2026-05-27T18:45:34.049760Z	info	sync complete	name=istiod analyzer attempt=1 time=26.334µs
2026-05-27T18:45:44.349002Z	info	sync complete	name=istiod analyzer attempt=1 time=27.292µs
2026-05-27T18:45:51.827155Z	info	delta	ADS: "10.30.0.14:55604" echo-5fb5d66d6-xhjw8.echo-tr-41 terminated
2026-05-27T18:45:52.065315Z	info	delta	ADS: new delta connection for node:echo-5fb5d66d6-xhjw8.echo-tr-43
2026-05-27T18:45:52.065819Z	info	delta	CDS: PUSH request for node:echo-5fb5d66d6-xhjw8.echo-tr resources:23 removed:0 size:24.1kB cached:19/19 filtered:0
2026-05-27T18:45:52.065893Z	info	delta	EDS: PUSH request for node:echo-5fb5d66d6-xhjw8.echo-tr resources:19 removed:0 size:4.0kB empty:0 cached:19/19 filtered:0
2026-05-27T18:45:52.067620Z	info	delta	LDS: PUSH request for node:echo-5fb5d66d6-xhjw8.echo-tr resources:20 removed:0 size:83.7kB filtered:0
2026-05-27T18:45:52.067725Z	info	delta	NDS: PUSH request for node:echo-5fb5d66d6-xhjw8.echo-tr resources:1 removed:0 size:1.2kB
2026-05-27T18:45:52.067925Z	info	delta	RDS: PUSH request for node:echo-5fb5d66d6-xhjw8.echo-tr resources:10 removed:0 size:8.6kB cached:8/10 filtered:0
2026-05-27T18:45:54.477227Z	info	sync complete	name=istiod analyzer attempt=1 time=26.458µs
2026-05-27T18:46:04.843167Z	info	sync complete	name=istiod analyzer attempt=1 time=26.125µs
2026-05-27T18:46:15.080000Z	info	sync complete	name=istiod analyzer attempt=1 time=24.917µs
2026-05-27T18:46:25.192266Z	info	sync complete	name=istiod analyzer attempt=1 time=47.25µs
2026-05-27T18:47:26.317404Z	info	sync complete	name=istiod analyzer attempt=1 time=26.417µs
2026-05-27T18:47:36.653257Z	info	sync complete	name=istiod analyzer attempt=1 time=25.75µs
2026-05-27T18:48:17.502706Z	info	sync complete	name=istiod analyzer attempt=1 time=25.583µs
2026-05-27T18:48:27.508512Z	info	sync complete	name=istiod analyzer attempt=1 time=24.875µs
2026-05-27T18:49:18.306945Z	info	sync complete	name=istiod analyzer attempt=1 time=31.75µs
2026-05-27T18:49:28.409158Z	info	sync complete	name=istiod analyzer attempt=1 time=33.375µs
2026-05-27T18:49:48.824005Z	info	sync complete	name=istiod analyzer attempt=1 time=57.25µs
2026-05-27T18:49:58.848908Z	info	sync complete	name=istiod analyzer attempt=1 time=29µs
2026-05-27T18:50:09.087132Z	info	sync complete	name=istiod analyzer attempt=1 time=58.959µs
2026-05-27T18:50:19.405721Z	info	sync complete	name=istiod analyzer attempt=1 time=34.5µs
2026-05-27T18:52:01.254470Z	info	sync complete	name=istiod analyzer attempt=1 time=34.375µs
2026-05-27T18:52:11.303544Z	info	sync complete	name=istiod analyzer attempt=1 time=27.541µs
2026-05-27T18:53:02.264538Z	info	sync complete	name=istiod analyzer attempt=1 time=28.25µs
2026-05-27T18:53:12.528716Z	info	sync complete	name=istiod analyzer attempt=1 time=25.75µs
2026-05-27T18:53:32.698960Z	info	sync complete	name=istiod analyzer attempt=1 time=27µs
2026-05-27T18:53:42.845643Z	info	sync complete	name=istiod analyzer attempt=1 time=25.75µs
2026-05-27T18:54:13.608100Z	info	sync complete	name=istiod analyzer attempt=1 time=24.834µs
2026-05-27T18:54:23.815354Z	info	sync complete	name=istiod analyzer attempt=1 time=24.542µs
2026-05-27T18:54:44.323293Z	info	sync complete	name=istiod analyzer attempt=1 time=36µs
2026-05-27T18:55:04.865152Z	info	sync complete	name=istiod analyzer attempt=1 time=24.583µs
2026-05-27T18:55:14.949307Z	info	sync complete	name=istiod analyzer attempt=1 time=31.208µs
2026-05-27T18:55:25.085058Z	info	sync complete	name=istiod analyzer attempt=1 time=25.042µs
2026-05-27T18:55:35.154087Z	info	sync complete	name=istiod analyzer attempt=1 time=54.458µs
2026-05-27T18:55:55.423500Z	info	sync complete	name=istiod analyzer attempt=1 time=27.459µs
2026-05-27T18:56:26.015587Z	info	sync complete	name=istiod analyzer attempt=1 time=27.959µs
2026-05-27T18:56:46.547812Z	info	sync complete	name=istiod analyzer attempt=1 time=27.708µs
2026-05-27T18:58:07.915739Z	info	sync complete	name=istiod analyzer attempt=1 time=43.875µs
2026-05-27T18:58:18.299245Z	info	sync complete	name=istiod analyzer attempt=1 time=26.541µs
2026-05-27T18:58:49.165188Z	info	sync complete	name=istiod analyzer attempt=1 time=27.375µs
2026-05-27T18:58:59.313031Z	info	sync complete	name=istiod analyzer attempt=1 time=51.667µs
2026-05-27T18:59:32.789310Z	info	delta	ADS: "10.30.0.15:36402" echo-tr-gateway-67dd96d555-q7s44.echo-tr-42 terminated
2026-05-27T18:59:33.151969Z	info	delta	ADS: new delta connection for node:echo-tr-gateway-67dd96d555-q7s44.echo-tr-44
2026-05-27T18:59:33.152316Z	info	delta	CDS: PUSH request for node:echo-tr-gateway-67dd96d555-q7s44.echo-tr resources:2 removed:0 size:1.1kB cached:1/1 filtered:0
2026-05-27T18:59:33.152753Z	info	delta	LDS: PUSH request for node:echo-tr-gateway-67dd96d555-q7s44.echo-tr resources:2 removed:0 size:11.3kB filtered:0
2026-05-27T18:59:33.153445Z	info	delta	EDS: PUSH request for node:echo-tr-gateway-67dd96d555-q7s44.echo-tr resources:1 removed:0 size:228B empty:0 cached:1/1 filtered:0
2026-05-27T18:59:33.153574Z	info	delta	RDS: PUSH request for node:echo-tr-gateway-67dd96d555-q7s44.echo-tr resources:2 removed:0 size:1.4kB cached:0/0 filtered:0
2026-05-27T19:00:20.827303Z	info	sync complete	name=istiod analyzer attempt=1 time=23.584µs
2026-05-27T19:00:31.113438Z	info	sync complete	name=istiod analyzer attempt=1 time=32.541µs
2026-05-27T19:02:02.343029Z	info	sync complete	name=istiod analyzer attempt=1 time=24.084µs
2026-05-27T19:02:12.619964Z	info	sync complete	name=istiod analyzer attempt=1 time=35.291µs
2026-05-27T19:02:33.268183Z	info	sync complete	name=istiod analyzer attempt=1 time=28.667µs
2026-05-27T19:02:53.350387Z	info	sync complete	name=istiod analyzer attempt=1 time=33.208µs
2026-05-27T19:03:03.481746Z	info	sync complete	name=istiod analyzer attempt=1 time=25.75µs
2026-05-27T19:03:13.740832Z	info	sync complete	name=istiod analyzer attempt=1 time=23.875µs
2026-05-27T19:03:54.639862Z	info	sync complete	name=istiod analyzer attempt=1 time=33.459µs
2026-05-27T19:04:04.809136Z	info	sync complete	name=istiod analyzer attempt=1 time=39.25µs
2026-05-27T19:04:25.372048Z	info	sync complete	name=istiod analyzer attempt=1 time=29.417µs
2026-05-27T19:04:35.568898Z	info	sync complete	name=istiod analyzer attempt=1 time=23.959µs
2026-05-27T19:04:45.910624Z	info	sync complete	name=istiod analyzer attempt=1 time=30.541µs
2026-05-27T19:04:56.071368Z	info	sync complete	name=istiod analyzer attempt=1 time=28.167µs
2026-05-27T19:05:46.768886Z	info	sync complete	name=istiod analyzer attempt=1 time=26.125µs
2026-05-27T19:05:57.011640Z	info	sync complete	name=istiod analyzer attempt=1 time=25.167µs
2026-05-27T19:06:07.125903Z	info	sync complete	name=istiod analyzer attempt=1 time=32.458µs
2026-05-27T19:07:28.444464Z	info	sync complete	name=istiod analyzer attempt=1 time=28.292µs
2026-05-27T19:07:38.828659Z	info	sync complete	name=istiod analyzer attempt=1 time=24.916µs
2026-05-27T19:09:00.603064Z	info	sync complete	name=istiod analyzer attempt=1 time=31.125µs
2026-05-27T19:09:10.739927Z	info	sync complete	name=istiod analyzer attempt=1 time=28.959µs
2026-05-27T19:09:31.121322Z	info	sync complete	name=istiod analyzer attempt=1 time=26.708µs
2026-05-27T19:12:15.410701Z	info	sync complete	name=istiod analyzer attempt=1 time=34.166µs
2026-05-27T19:12:25.730578Z	info	sync complete	name=istiod analyzer attempt=1 time=36.458µs
2026-05-27T19:12:46.398856Z	info	sync complete	name=istiod analyzer attempt=1 time=28.208µs
2026-05-27T19:13:06.654774Z	info	sync complete	name=istiod analyzer attempt=1 time=30.625µs
2026-05-27T19:13:16.702982Z	info	sync complete	name=istiod analyzer attempt=1 time=27.042µs
2026-05-27T19:13:26.995147Z	info	sync complete	name=istiod analyzer attempt=1 time=25.791µs
2026-05-27T19:13:37.305002Z	info	sync complete	name=istiod analyzer attempt=1 time=28.542µs
2026-05-27T19:13:47.493062Z	info	sync complete	name=istiod analyzer attempt=1 time=25.583µs
2026-05-27T19:15:58.507160Z	info	delta	ADS: "10.30.0.14:36686" echo-5fb5d66d6-xhjw8.echo-tr-43 terminated
2026-05-27T19:15:58.577949Z	info	delta	ADS: new delta connection for node:echo-5fb5d66d6-xhjw8.echo-tr-45
2026-05-27T19:15:58.578335Z	info	delta	CDS: PUSH request for node:echo-5fb5d66d6-xhjw8.echo-tr resources:23 removed:0 size:24.1kB cached:19/19 filtered:0
2026-05-27T19:15:58.579669Z	info	delta	EDS: PUSH request for node:echo-5fb5d66d6-xhjw8.echo-tr resources:19 removed:0 size:4.0kB empty:0 cached:19/19 filtered:0
2026-05-27T19:15:58.580637Z	info	delta	LDS: PUSH request for node:echo-5fb5d66d6-xhjw8.echo-tr resources:20 removed:0 size:83.7kB filtered:0
2026-05-27T19:15:58.580768Z	info	delta	NDS: PUSH request for node:echo-5fb5d66d6-xhjw8.echo-tr resources:1 removed:0 size:1.2kB
2026-05-27T19:15:58.581230Z	info	delta	RDS: PUSH request for node:echo-5fb5d66d6-xhjw8.echo-tr resources:10 removed:0 size:8.6kB cached:8/10 filtered:0
2026-05-27T19:15:59.853999Z	info	sync complete	name=istiod analyzer attempt=1 time=52.125µs
2026-05-27T19:16:09.903867Z	info	sync complete	name=istiod analyzer attempt=1 time=24.875µs
2026-05-27T19:17:11.439209Z	info	sync complete	name=istiod analyzer attempt=1 time=27.041µs
2026-05-27T19:17:21.550121Z	info	sync complete	name=istiod analyzer attempt=1 time=29.75µs
2026-05-27T19:17:31.613373Z	info	sync complete	name=istiod analyzer attempt=1 time=23.708µs
2026-05-27T19:17:41.900100Z	info	sync complete	name=istiod analyzer attempt=1 time=33.125µs
2026-05-27T19:17:52.226402Z	info	sync complete	name=istiod analyzer attempt=1 time=36.167µs
2026-05-27T19:18:02.248543Z	info	sync complete	name=istiod analyzer attempt=1 time=35.042µs
2026-05-27T19:18:12.564800Z	info	sync complete	name=istiod analyzer attempt=1 time=23.583µs
2026-05-27T19:18:32.911700Z	info	sync complete	name=istiod analyzer attempt=1 time=27.375µs
2026-05-27T19:18:42.945896Z	info	sync complete	name=istiod analyzer attempt=1 time=32.958µs
2026-05-27T19:19:44.228774Z	info	sync complete	name=istiod analyzer attempt=1 time=39.959µs
2026-05-27T19:19:54.335522Z	info	sync complete	name=istiod analyzer attempt=1 time=23.833µs
2026-05-27T19:22:07.320650Z	info	sync complete	name=istiod analyzer attempt=1 time=29.292µs
2026-05-27T19:22:17.599894Z	info	sync complete	name=istiod analyzer attempt=1 time=25.917µs
2026-05-27T19:23:09.094434Z	info	sync complete	name=istiod analyzer attempt=1 time=34.417µs
2026-05-27T19:23:19.450487Z	info	sync complete	name=istiod analyzer attempt=1 time=35.083µs
2026-05-27T19:23:39.856530Z	info	sync complete	name=istiod analyzer attempt=1 time=31.125µs
2026-05-27T19:23:49.969749Z	info	sync complete	name=istiod analyzer attempt=1 time=28.083µs
2026-05-27T19:24:00.013964Z	info	sync complete	name=istiod analyzer attempt=1 time=28.375µs
2026-05-27T19:24:10.198886Z	info	sync complete	name=istiod analyzer attempt=1 time=26.709µs
2026-05-27T19:25:01.193555Z	info	sync complete	name=istiod analyzer attempt=1 time=31.708µs
2026-05-27T19:25:11.401523Z	info	sync complete	name=istiod analyzer attempt=1 time=27.792µs
2026-05-27T19:25:21.524807Z	info	sync complete	name=istiod analyzer attempt=1 time=27.375µs
2026-05-27T19:25:31.822626Z	info	sync complete	name=istiod analyzer attempt=1 time=29.875µs
2026-05-27T19:26:53.478351Z	info	sync complete	name=istiod analyzer attempt=1 time=27.916µs
2026-05-27T19:27:03.512087Z	info	sync complete	name=istiod analyzer attempt=1 time=26.708µs
2026-05-27T19:27:50.702852Z	info	delta	ADS: "10.30.0.15:39908" echo-tr-gateway-67dd96d555-q7s44.echo-tr-44 terminated
2026-05-27T19:27:50.808144Z	info	delta	ADS: new delta connection for node:echo-tr-gateway-67dd96d555-q7s44.echo-tr-46
2026-05-27T19:27:50.808270Z	info	delta	CDS: PUSH request for node:echo-tr-gateway-67dd96d555-q7s44.echo-tr resources:2 removed:0 size:1.1kB cached:1/1 filtered:0
2026-05-27T19:27:50.810609Z	info	delta	LDS: PUSH request for node:echo-tr-gateway-67dd96d555-q7s44.echo-tr resources:2 removed:0 size:11.3kB filtered:0
2026-05-27T19:27:50.811097Z	info	delta	EDS: PUSH request for node:echo-tr-gateway-67dd96d555-q7s44.echo-tr resources:1 removed:0 size:228B empty:0 cached:1/1 filtered:0
2026-05-27T19:27:50.811474Z	info	delta	RDS: PUSH request for node:echo-tr-gateway-67dd96d555-q7s44.echo-tr resources:2 removed:0 size:1.4kB cached:0/0 filtered:0
2026-05-27T19:28:56.223367Z	info	sync complete	name=istiod analyzer attempt=1 time=28µs
2026-05-27T19:29:16.694054Z	info	sync complete	name=istiod analyzer attempt=1 time=28.792µs
2026-05-27T19:29:47.062031Z	info	sync complete	name=istiod analyzer attempt=1 time=28.375µs
2026-05-27T19:30:07.361833Z	info	sync complete	name=istiod analyzer attempt=1 time=38.208µs
2026-05-27T19:30:17.372151Z	info	sync complete	name=istiod analyzer attempt=1 time=26.708µs
2026-05-27T19:30:47.969762Z	info	sync complete	name=istiod analyzer attempt=1 time=28.5µs
2026-05-27T19:30:58.271827Z	info	sync complete	name=istiod analyzer attempt=1 time=39.083µs
2026-05-27T19:31:08.602500Z	info	sync complete	name=istiod analyzer attempt=1 time=35.209µs
2026-05-27T19:31:29.088880Z	info	sync complete	name=istiod analyzer attempt=1 time=27.458µs
2026-05-27T19:31:39.103691Z	info	sync complete	name=istiod analyzer attempt=1 time=24.459µs
2026-05-27T19:31:59.677116Z	info	sync complete	name=istiod analyzer attempt=1 time=27.542µs
2026-05-27T19:32:09.972272Z	info	sync complete	name=istiod analyzer attempt=1 time=33.584µs
2026-05-27T19:32:20.115429Z	info	sync complete	name=istiod analyzer attempt=1 time=28.042µs
2026-05-27T19:32:30.233888Z	info	sync complete	name=istiod analyzer attempt=1 time=27.042µs
2026-05-27T19:33:11.304443Z	info	sync complete	name=istiod analyzer attempt=1 time=27.083µs
2026-05-27T19:33:21.537557Z	info	sync complete	name=istiod analyzer attempt=1 time=24.666µs
2026-05-27T19:33:31.710576Z	info	sync complete	name=istiod analyzer attempt=1 time=23.875µs
2026-05-27T19:33:42.014870Z	info	sync complete	name=istiod analyzer attempt=1 time=35.167µs
2026-05-27T19:34:42.799584Z	info	sync complete	name=istiod analyzer attempt=1 time=30.125µs
2026-05-27T19:34:52.956891Z	info	sync complete	name=istiod analyzer attempt=1 time=63.584µs
2026-05-27T19:35:03.006863Z	info	sync complete	name=istiod analyzer attempt=1 time=38.708µs
2026-05-27T19:35:13.328719Z	info	sync complete	name=istiod analyzer attempt=1 time=26.709µs
2026-05-27T19:36:14.546713Z	info	sync complete	name=istiod analyzer attempt=1 time=26.916µs
2026-05-27T19:36:24.828512Z	info	sync complete	name=istiod analyzer attempt=1 time=26.417µs
2026-05-27T19:36:35.048873Z	info	sync complete	name=istiod analyzer attempt=1 time=32.416µs
2026-05-27T19:36:55.542119Z	info	sync complete	name=istiod analyzer attempt=1 time=30.125µs
2026-05-27T19:37:05.881961Z	info	sync complete	name=istiod analyzer attempt=1 time=33.959µs
2026-05-27T19:37:16.246267Z	info	sync complete	name=istiod analyzer attempt=1 time=23.417µs
2026-05-27T19:37:26.468153Z	info	sync complete	name=istiod analyzer attempt=1 time=31.917µs
2026-05-27T19:38:07.405802Z	info	sync complete	name=istiod analyzer attempt=1 time=26.542µs
2026-05-27T19:38:17.645671Z	info	sync complete	name=istiod analyzer attempt=1 time=35.041µs
2026-05-27T19:38:48.298071Z	info	sync complete	name=istiod analyzer attempt=1 time=39.833µs
2026-05-27T19:38:58.315420Z	info	sync complete	name=istiod analyzer attempt=1 time=35.542µs
2026-05-27T19:39:49.121665Z	info	sync complete	name=istiod analyzer attempt=1 time=29.833µs
2026-05-27T19:39:59.453869Z	info	sync complete	name=istiod analyzer attempt=1 time=33.208µs
2026-05-27T19:40:09.657781Z	info	sync complete	name=istiod analyzer attempt=1 time=28.375µs
2026-05-27T19:40:30.025106Z	info	sync complete	name=istiod analyzer attempt=1 time=30.167µs
2026-05-27T19:40:40.057830Z	info	sync complete	name=istiod analyzer attempt=1 time=28.125µs
2026-05-27T19:40:50.448649Z	info	sync complete	name=istiod analyzer attempt=1 time=25.541µs
2026-05-27T19:41:00.680659Z	info	sync complete	name=istiod analyzer attempt=1 time=25.708µs
2026-05-27T19:41:11.084505Z	info	sync complete	name=istiod analyzer attempt=1 time=35.959µs
2026-05-27T19:41:52.071320Z	info	sync complete	name=istiod analyzer attempt=1 time=34.583µs
2026-05-27T19:42:02.417873Z	info	sync complete	name=istiod analyzer attempt=1 time=27.875µs
2026-05-27T19:42:42.855639Z	info	sync complete	name=istiod analyzer attempt=1 time=28.792µs
2026-05-27T19:42:53.235475Z	info	sync complete	name=istiod analyzer attempt=1 time=34.541µs
2026-05-27T19:43:33.990949Z	info	sync complete	name=istiod analyzer attempt=1 time=44µs
2026-05-27T19:43:44.264461Z	info	sync complete	name=istiod analyzer attempt=1 time=25.958µs
2026-05-27T19:44:25.024902Z	info	sync complete	name=istiod analyzer attempt=1 time=54.208µs
2026-05-27T19:44:35.324513Z	info	sync complete	name=istiod analyzer attempt=1 time=24.125µs
2026-05-27T19:45:15.829753Z	info	sync complete	name=istiod analyzer attempt=1 time=25.458µs
2026-05-27T19:45:25.934340Z	info	sync complete	name=istiod analyzer attempt=1 time=36.792µs
2026-05-27T19:45:46.229713Z	info	sync complete	name=istiod analyzer attempt=1 time=24.667µs
2026-05-27T19:46:06.860607Z	info	sync complete	name=istiod analyzer attempt=1 time=26.125µs
2026-05-27T19:46:17.141761Z	info	sync complete	name=istiod analyzer attempt=1 time=30.083µs
2026-05-27T19:46:27.180770Z	info	sync complete	name=istiod analyzer attempt=1 time=27.667µs
2026-05-27T19:46:37.535966Z	info	sync complete	name=istiod analyzer attempt=1 time=26.5µs
2026-05-27T19:47:08.101991Z	info	sync complete	name=istiod analyzer attempt=1 time=24.5µs
2026-05-27T19:47:18.507408Z	info	sync complete	name=istiod analyzer attempt=1 time=37.292µs
2026-05-27T19:47:38.678708Z	info	sync complete	name=istiod analyzer attempt=1 time=26.75µs
2026-05-27T19:47:59.159531Z	info	sync complete	name=istiod analyzer attempt=1 time=37.583µs
2026-05-27T19:48:50.063278Z	info	sync complete	name=istiod analyzer attempt=1 time=26.792µs
2026-05-27T19:49:01.676633Z	info	delta	ADS: "10.30.0.14:44688" echo-5fb5d66d6-xhjw8.echo-tr-45 terminated
2026-05-27T19:49:02.117522Z	info	delta	ADS: new delta connection for node:echo-5fb5d66d6-xhjw8.echo-tr-47
2026-05-27T19:49:02.117914Z	info	delta	CDS: PUSH request for node:echo-5fb5d66d6-xhjw8.echo-tr resources:23 removed:0 size:24.1kB cached:19/19 filtered:0
2026-05-27T19:49:02.119027Z	info	delta	EDS: PUSH request for node:echo-5fb5d66d6-xhjw8.echo-tr resources:19 removed:0 size:4.0kB empty:0 cached:19/19 filtered:0
2026-05-27T19:49:02.120867Z	info	delta	LDS: PUSH request for node:echo-5fb5d66d6-xhjw8.echo-tr resources:20 removed:0 size:83.7kB filtered:0
2026-05-27T19:49:02.120972Z	info	delta	NDS: PUSH request for node:echo-5fb5d66d6-xhjw8.echo-tr resources:1 removed:0 size:1.2kB
2026-05-27T19:49:02.121236Z	info	delta	RDS: PUSH request for node:echo-5fb5d66d6-xhjw8.echo-tr resources:10 removed:0 size:8.6kB cached:7/10 filtered:0
2026-05-27T19:49:10.788514Z	info	sync complete	name=istiod analyzer attempt=1 time=28.584µs
2026-05-27T19:49:31.061792Z	info	sync complete	name=istiod analyzer attempt=1 time=29.459µs
2026-05-27T19:49:41.387516Z	info	sync complete	name=istiod analyzer attempt=1 time=32.667µs
2026-05-27T19:50:01.957813Z	info	sync complete	name=istiod analyzer attempt=1 time=37.5µs
2026-05-27T19:50:12.309516Z	info	sync complete	name=istiod analyzer attempt=1 time=43.083µs
2026-05-27T19:51:54.307623Z	info	sync complete	name=istiod analyzer attempt=1 time=27.292µs
2026-05-27T19:52:04.441572Z	info	sync complete	name=istiod analyzer attempt=1 time=26.667µs
2026-05-27T19:52:35.023152Z	info	sync complete	name=istiod analyzer attempt=1 time=47.666µs
2026-05-27T19:52:45.216999Z	info	sync complete	name=istiod analyzer attempt=1 time=34.75µs
2026-05-27T19:54:06.525257Z	info	sync complete	name=istiod analyzer attempt=1 time=52.25µs
2026-05-27T19:54:16.767126Z	info	sync complete	name=istiod analyzer attempt=1 time=28.459µs
2026-05-27T19:54:26.795658Z	info	sync complete	name=istiod analyzer attempt=1 time=35.958µs
2026-05-27T19:54:47.253766Z	info	sync complete	name=istiod analyzer attempt=1 time=25.708µs
2026-05-27T19:54:57.595253Z	info	sync complete	name=istiod analyzer attempt=1 time=26.084µs
2026-05-27T19:55:07.938973Z	info	sync complete	name=istiod analyzer attempt=1 time=29.25µs
2026-05-27T19:55:18.324507Z	info	sync complete	name=istiod analyzer attempt=1 time=30.667µs
2026-05-27T19:55:28.634164Z	info	sync complete	name=istiod analyzer attempt=1 time=31.875µs
2026-05-27T19:55:38.919395Z	info	sync complete	name=istiod analyzer attempt=1 time=26.708µs
2026-05-27T19:55:49.307682Z	info	sync complete	name=istiod analyzer attempt=1 time=29.167µs
2026-05-27T19:55:59.637767Z	info	sync complete	name=istiod analyzer attempt=1 time=44.375µs
2026-05-27T19:56:09.818893Z	info	sync complete	name=istiod analyzer attempt=1 time=24.583µs
2026-05-27T19:56:50.684103Z	info	sync complete	name=istiod analyzer attempt=1 time=27.625µs
2026-05-27T19:57:00.993289Z	info	sync complete	name=istiod analyzer attempt=1 time=24.541µs
2026-05-27T19:57:09.579536Z	info	delta	ADS: "10.30.0.15:43938" echo-tr-gateway-67dd96d555-q7s44.echo-tr-46 terminated
2026-05-27T19:57:09.926088Z	info	delta	ADS: new delta connection for node:echo-tr-gateway-67dd96d555-q7s44.echo-tr-48
2026-05-27T19:57:09.926206Z	info	delta	CDS: PUSH request for node:echo-tr-gateway-67dd96d555-q7s44.echo-tr resources:2 removed:0 size:1.1kB cached:1/1 filtered:0
2026-05-27T19:57:09.927848Z	info	delta	LDS: PUSH request for node:echo-tr-gateway-67dd96d555-q7s44.echo-tr resources:2 removed:0 size:11.3kB filtered:0
2026-05-27T19:57:09.928396Z	info	delta	EDS: PUSH request for node:echo-tr-gateway-67dd96d555-q7s44.echo-tr resources:1 removed:0 size:228B empty:0 cached:1/1 filtered:0
2026-05-27T19:57:09.928510Z	info	delta	RDS: PUSH request for node:echo-tr-gateway-67dd96d555-q7s44.echo-tr resources:2 removed:0 size:1.4kB cached:0/0 filtered:0
2026-05-27T19:57:21.458917Z	info	sync complete	name=istiod analyzer attempt=1 time=33.417µs
2026-05-27T19:57:31.465272Z	info	sync complete	name=istiod analyzer attempt=1 time=27µs
2026-05-27T19:58:02.130285Z	info	sync complete	name=istiod analyzer attempt=1 time=26.75µs
2026-05-27T19:58:22.720435Z	info	sync complete	name=istiod analyzer attempt=1 time=27.708µs
2026-05-27T19:59:13.981308Z	info	sync complete	name=istiod analyzer attempt=1 time=41.625µs
2026-05-27T19:59:24.258753Z	info	sync complete	name=istiod analyzer attempt=1 time=25.417µs
2026-05-27T19:59:34.475145Z	info	sync complete	name=istiod analyzer attempt=1 time=35.583µs
2026-05-27T19:59:44.529335Z	info	sync complete	name=istiod analyzer attempt=1 time=28.167µs
2026-05-27T20:00:05.203447Z	info	sync complete	name=istiod analyzer attempt=1 time=29.708µs
2026-05-27T20:00:15.366724Z	info	sync complete	name=istiod analyzer attempt=1 time=36.125µs
2026-05-27T20:01:57.273151Z	info	sync complete	name=istiod analyzer attempt=1 time=27.041µs
2026-05-27T20:02:07.424520Z	info	sync complete	name=istiod analyzer attempt=1 time=31.375µs
2026-05-27T20:02:37.992970Z	info	sync complete	name=istiod analyzer attempt=1 time=24.375µs
2026-05-27T20:02:48.184924Z	info	sync complete	name=istiod analyzer attempt=1 time=31.209µs
2026-05-27T20:02:58.496802Z	info	sync complete	name=istiod analyzer attempt=1 time=23.25µs
2026-05-27T20:03:08.757791Z	info	sync complete	name=istiod analyzer attempt=1 time=32.208µs
2026-05-27T20:03:19.098630Z	info	sync complete	name=istiod analyzer attempt=1 time=25.959µs
2026-05-27T20:03:29.368199Z	info	sync complete	name=istiod analyzer attempt=1 time=28.375µs
2026-05-27T20:04:31.040133Z	info	sync complete	name=istiod analyzer attempt=1 time=29.875µs
2026-05-27T20:04:41.179823Z	info	sync complete	name=istiod analyzer attempt=1 time=25.792µs
2026-05-27T20:04:51.267584Z	info	sync complete	name=istiod analyzer attempt=1 time=25.458µs
2026-05-27T20:05:11.945268Z	info	sync complete	name=istiod analyzer attempt=1 time=28.25µs
2026-05-27T20:05:22.140710Z	info	sync complete	name=istiod analyzer attempt=1 time=29.084µs
2026-05-27T20:05:32.155571Z	info	sync complete	name=istiod analyzer attempt=1 time=27.75µs
2026-05-27T20:05:42.370349Z	info	sync complete	name=istiod analyzer attempt=1 time=28.417µs
2026-05-27T20:06:02.675777Z	info	sync complete	name=istiod analyzer attempt=1 time=24.042µs
2026-05-27T20:06:12.749409Z	info	sync complete	name=istiod analyzer attempt=1 time=25.417µs
2026-05-27T20:06:23.026093Z	info	sync complete	name=istiod analyzer attempt=1 time=24.125µs
2026-05-27T20:07:34.966083Z	info	sync complete	name=istiod analyzer attempt=1 time=28.125µs
2026-05-27T20:07:45.230408Z	info	sync complete	name=istiod analyzer attempt=1 time=29.917µs
2026-05-27T20:08:16.109127Z	info	sync complete	name=istiod analyzer attempt=1 time=24.458µs
2026-05-27T20:08:26.324734Z	info	sync complete	name=istiod analyzer attempt=1 time=27.084µs
2026-05-27T20:08:46.768705Z	info	sync complete	name=istiod analyzer attempt=1 time=30.834µs
2026-05-27T20:09:07.282999Z	info	sync complete	name=istiod analyzer attempt=1 time=42.834µs
2026-05-27T20:10:08.443087Z	info	sync complete	name=istiod analyzer attempt=1 time=26.333µs
2026-05-27T20:10:18.652951Z	info	sync complete	name=istiod analyzer attempt=1 time=23.834µs
2026-05-27T20:12:41.657687Z	info	sync complete	name=istiod analyzer attempt=1 time=31.625µs
2026-05-27T20:12:52.008988Z	info	sync complete	name=istiod analyzer attempt=1 time=59.208µs
2026-05-27T20:13:02.144298Z	info	sync complete	name=istiod analyzer attempt=1 time=27.166µs
2026-05-27T20:14:02.868538Z	info	sync complete	name=istiod analyzer attempt=1 time=29.209µs
2026-05-27T20:14:23.187500Z	info	sync complete	name=istiod analyzer attempt=1 time=25.125µs
2026-05-27T20:15:54.799768Z	info	sync complete	name=istiod analyzer attempt=1 time=32.375µs
2026-05-27T20:16:04.920022Z	info	sync complete	name=istiod analyzer attempt=1 time=24.084µs
2026-05-27T20:17:16.224913Z	info	sync complete	name=istiod analyzer attempt=1 time=24.208µs
2026-05-27T20:17:26.356749Z	info	sync complete	name=istiod analyzer attempt=1 time=24.917µs
2026-05-27T20:18:27.614144Z	info	sync complete	name=istiod analyzer attempt=1 time=24.333µs
2026-05-27T20:18:37.780073Z	info	sync complete	name=istiod analyzer attempt=1 time=24.542µs
2026-05-27T20:19:08.336318Z	info	sync complete	name=istiod analyzer attempt=1 time=27.166µs
2026-05-27T20:19:18.478389Z	info	sync complete	name=istiod analyzer attempt=1 time=24.625µs
2026-05-27T20:19:59.383227Z	info	sync complete	name=istiod analyzer attempt=1 time=29µs
2026-05-27T20:20:09.443909Z	info	sync complete	name=istiod analyzer attempt=1 time=28.625µs
2026-05-27T20:20:40.449538Z	info	sync complete	name=istiod analyzer attempt=1 time=25.958µs
2026-05-27T20:20:50.850673Z	info	sync complete	name=istiod analyzer attempt=1 time=26.125µs
2026-05-27T20:21:41.815028Z	info	sync complete	name=istiod analyzer attempt=1 time=27.125µs
2026-05-27T20:21:42.912506Z	info	delta	ADS: "10.30.0.14:58654" echo-5fb5d66d6-xhjw8.echo-tr-47 terminated
2026-05-27T20:21:43.120793Z	info	delta	ADS: new delta connection for node:echo-5fb5d66d6-xhjw8.echo-tr-49
2026-05-27T20:21:43.120979Z	info	delta	CDS: PUSH request for node:echo-5fb5d66d6-xhjw8.echo-tr resources:23 removed:0 size:24.1kB cached:19/19 filtered:0
2026-05-27T20:21:43.121336Z	info	delta	EDS: PUSH request for node:echo-5fb5d66d6-xhjw8.echo-tr resources:19 removed:0 size:4.0kB empty:0 cached:19/19 filtered:0
2026-05-27T20:21:43.122471Z	info	delta	LDS: PUSH request for node:echo-5fb5d66d6-xhjw8.echo-tr resources:20 removed:0 size:83.7kB filtered:0
2026-05-27T20:21:43.122563Z	info	delta	NDS: PUSH request for node:echo-5fb5d66d6-xhjw8.echo-tr resources:1 removed:0 size:1.2kB
2026-05-27T20:21:43.122840Z	info	delta	RDS: PUSH request for node:echo-5fb5d66d6-xhjw8.echo-tr resources:10 removed:0 size:8.6kB cached:7/10 filtered:0
2026-05-27T20:21:52.197310Z	info	sync complete	name=istiod analyzer attempt=1 time=25.542µs
2026-05-27T20:24:04.667445Z	info	sync complete	name=istiod analyzer attempt=1 time=32.084µs
2026-05-27T20:24:14.924081Z	info	sync complete	name=istiod analyzer attempt=1 time=24.542µs
2026-05-27T20:25:15.755217Z	info	sync complete	name=istiod analyzer attempt=1 time=24µs
2026-05-27T20:25:26.021261Z	info	sync complete	name=istiod analyzer attempt=1 time=31.542µs
2026-05-27T20:26:37.192719Z	info	sync complete	name=istiod analyzer attempt=1 time=27.709µs
2026-05-27T20:26:47.528640Z	info	sync complete	name=istiod analyzer attempt=1 time=29.667µs
2026-05-27T20:26:57.676732Z	info	sync complete	name=istiod analyzer attempt=1 time=35.333µs
2026-05-27T20:27:07.863118Z	info	sync complete	name=istiod analyzer attempt=1 time=25.917µs
2026-05-27T20:27:18.250153Z	info	sync complete	name=istiod analyzer attempt=1 time=35.041µs
2026-05-27T20:27:28.541341Z	info	sync complete	name=istiod analyzer attempt=1 time=29.709µs
2026-05-27T20:28:40.018485Z	info	sync complete	name=istiod analyzer attempt=1 time=27.375µs
2026-05-27T20:28:50.133957Z	info	sync complete	name=istiod analyzer attempt=1 time=32.208µs
2026-05-27T20:29:20.951124Z	info	sync complete	name=istiod analyzer attempt=1 time=26.917µs
2026-05-27T20:29:41.258461Z	info	sync complete	name=istiod analyzer attempt=1 time=25.75µs
2026-05-27T20:29:51.267084Z	info	sync complete	name=istiod analyzer attempt=1 time=25.375µs
2026-05-27T20:30:01.344367Z	info	sync complete	name=istiod analyzer attempt=1 time=38.833µs
2026-05-27T20:30:08.919545Z	info	delta	ADS: "10.30.0.15:52870" echo-tr-gateway-67dd96d555-q7s44.echo-tr-48 terminated
2026-05-27T20:30:09.233393Z	info	delta	ADS: new delta connection for node:echo-tr-gateway-67dd96d555-q7s44.echo-tr-50
2026-05-27T20:30:09.233638Z	info	delta	CDS: PUSH request for node:echo-tr-gateway-67dd96d555-q7s44.echo-tr resources:2 removed:0 size:1.1kB cached:1/1 filtered:0
2026-05-27T20:30:09.234681Z	info	delta	LDS: PUSH request for node:echo-tr-gateway-67dd96d555-q7s44.echo-tr resources:2 removed:0 size:11.3kB filtered:0
2026-05-27T20:30:09.235018Z	info	delta	EDS: PUSH request for node:echo-tr-gateway-67dd96d555-q7s44.echo-tr resources:1 removed:0 size:228B empty:0 cached:1/1 filtered:0
2026-05-27T20:30:09.235186Z	info	delta	RDS: PUSH request for node:echo-tr-gateway-67dd96d555-q7s44.echo-tr resources:2 removed:0 size:1.4kB cached:0/0 filtered:0
2026-05-27T20:30:11.405703Z	info	sync complete	name=istiod analyzer attempt=1 time=39.666µs
2026-05-27T20:30:21.577731Z	info	sync complete	name=istiod analyzer attempt=1 time=27.292µs
2026-05-27T20:32:43.842786Z	info	sync complete	name=istiod analyzer attempt=1 time=29.25µs
2026-05-27T20:32:53.936146Z	info	sync complete	name=istiod analyzer attempt=1 time=65.042µs
2026-05-27T20:33:24.714175Z	info	sync complete	name=istiod analyzer attempt=1 time=29.5µs
2026-05-27T20:33:35.044894Z	info	sync complete	name=istiod analyzer attempt=1 time=29.875µs
2026-05-27T20:33:45.335442Z	info	sync complete	name=istiod analyzer attempt=1 time=24.875µs
2026-05-27T20:33:55.451162Z	info	sync complete	name=istiod analyzer attempt=1 time=32.75µs
2026-05-27T20:35:16.960099Z	info	sync complete	name=istiod analyzer attempt=1 time=48.375µs
2026-05-27T20:35:27.333345Z	info	sync complete	name=istiod analyzer attempt=1 time=26.125µs
2026-05-27T20:35:37.444116Z	info	sync complete	name=istiod analyzer attempt=1 time=31.25µs
2026-05-27T20:36:28.439010Z	info	sync complete	name=istiod analyzer attempt=1 time=24.125µs
2026-05-27T20:36:38.825123Z	info	sync complete	name=istiod analyzer attempt=1 time=29.292µs
2026-05-27T20:38:51.041657Z	info	sync complete	name=istiod analyzer attempt=1 time=57.042µs
2026-05-27T20:39:01.268531Z	info	sync complete	name=istiod analyzer attempt=1 time=28.042µs
2026-05-27T20:39:21.760508Z	info	sync complete	name=istiod analyzer attempt=1 time=24µs
2026-05-27T20:39:42.293497Z	info	sync complete	name=istiod analyzer attempt=1 time=30.125µs
2026-05-27T20:41:34.786252Z	info	sync complete	name=istiod analyzer attempt=1 time=25.917µs
2026-05-27T20:41:45.027357Z	info	sync complete	name=istiod analyzer attempt=1 time=23.458µs
2026-05-27T20:41:55.079224Z	info	sync complete	name=istiod analyzer attempt=1 time=25.208µs
2026-05-27T20:42:05.193891Z	info	sync complete	name=istiod analyzer attempt=1 time=33.125µs
2026-05-27T20:42:35.613040Z	info	sync complete	name=istiod analyzer attempt=1 time=26.458µs
2026-05-27T20:42:45.819281Z	info	sync complete	name=istiod analyzer attempt=1 time=23.875µs
2026-05-27T20:43:16.219590Z	info	sync complete	name=istiod analyzer attempt=1 time=37.333µs
2026-05-27T20:43:26.522586Z	info	sync complete	name=istiod analyzer attempt=1 time=38.75µs
2026-05-27T20:43:36.630276Z	info	sync complete	name=istiod analyzer attempt=1 time=40.375µs
2026-05-27T20:43:57.021677Z	info	sync complete	name=istiod analyzer attempt=1 time=24.125µs
2026-05-27T20:44:38.265889Z	info	sync complete	name=istiod analyzer attempt=1 time=22.875µs
2026-05-27T20:44:48.585674Z	info	sync complete	name=istiod analyzer attempt=1 time=24.334µs
2026-05-27T20:45:09.264583Z	info	sync complete	name=istiod analyzer attempt=1 time=32.333µs
2026-05-27T20:45:19.463881Z	info	sync complete	name=istiod analyzer attempt=1 time=30.25µs
2026-05-27T20:47:32.654519Z	info	sync complete	name=istiod analyzer attempt=1 time=38.458µs
2026-05-27T20:47:43.056320Z	info	sync complete	name=istiod analyzer attempt=1 time=36.25µs
2026-05-27T20:48:13.445463Z	info	sync complete	name=istiod analyzer attempt=1 time=26.875µs
2026-05-27T20:48:23.761703Z	info	sync complete	name=istiod analyzer attempt=1 time=25.917µs
2026-05-27T20:48:33.843471Z	info	sync complete	name=istiod analyzer attempt=1 time=24.125µs
2026-05-27T20:48:44.154577Z	info	sync complete	name=istiod analyzer attempt=1 time=25.209µs
2026-05-27T20:49:44.018626Z	info	delta	ADS: "10.30.0.14:34000" echo-5fb5d66d6-xhjw8.echo-tr-49 terminated
2026-05-27T20:49:44.496528Z	info	delta	ADS: new delta connection for node:echo-5fb5d66d6-xhjw8.echo-tr-51
2026-05-27T20:49:44.496748Z	info	delta	CDS: PUSH request for node:echo-5fb5d66d6-xhjw8.echo-tr resources:23 removed:0 size:24.1kB cached:19/19 filtered:0
2026-05-27T20:49:44.497118Z	info	delta	EDS: PUSH request for node:echo-5fb5d66d6-xhjw8.echo-tr resources:19 removed:0 size:4.0kB empty:0 cached:19/19 filtered:0
2026-05-27T20:49:44.498137Z	info	delta	LDS: PUSH request for node:echo-5fb5d66d6-xhjw8.echo-tr resources:20 removed:0 size:83.7kB filtered:0
2026-05-27T20:49:44.498262Z	info	delta	NDS: PUSH request for node:echo-5fb5d66d6-xhjw8.echo-tr resources:1 removed:0 size:1.2kB
2026-05-27T20:49:44.498423Z	info	delta	RDS: PUSH request for node:echo-5fb5d66d6-xhjw8.echo-tr resources:10 removed:0 size:8.6kB cached:7/10 filtered:0
2026-05-27T20:49:45.451704Z	info	sync complete	name=istiod analyzer attempt=1 time=38.5µs
2026-05-27T20:49:55.659918Z	info	sync complete	name=istiod analyzer attempt=1 time=25µs
2026-05-27T20:50:05.908834Z	info	sync complete	name=istiod analyzer attempt=1 time=25.083µs
2026-05-27T20:50:16.150734Z	info	sync complete	name=istiod analyzer attempt=1 time=55.709µs
2026-05-27T20:50:26.324962Z	info	sync complete	name=istiod analyzer attempt=1 time=31.75µs
2026-05-27T20:50:46.862926Z	info	sync complete	name=istiod analyzer attempt=1 time=26.083µs
2026-05-27T20:52:18.875512Z	info	sync complete	name=istiod analyzer attempt=1 time=29.625µs
2026-05-27T20:52:29.118301Z	info	sync complete	name=istiod analyzer attempt=1 time=33.583µs
2026-05-27T20:54:10.679976Z	info	sync complete	name=istiod analyzer attempt=1 time=24.917µs
2026-05-27T20:54:20.787103Z	info	sync complete	name=istiod analyzer attempt=1 time=26.792µs
2026-05-27T20:54:30.829129Z	info	sync complete	name=istiod analyzer attempt=1 time=25.792µs
2026-05-27T20:54:41.045164Z	info	sync complete	name=istiod analyzer attempt=1 time=27.083µs
2026-05-27T20:54:51.150636Z	info	sync complete	name=istiod analyzer attempt=1 time=24.792µs
2026-05-27T20:55:01.476631Z	info	sync complete	name=istiod analyzer attempt=1 time=26.458µs
2026-05-27T20:55:22.121793Z	info	sync complete	name=istiod analyzer attempt=1 time=27µs
2026-05-27T20:55:32.406696Z	info	sync complete	name=istiod analyzer attempt=1 time=27.375µs
2026-05-27T20:55:53.023223Z	info	sync complete	name=istiod analyzer attempt=1 time=41.334µs
2026-05-27T20:56:03.159218Z	info	sync complete	name=istiod analyzer attempt=1 time=33.917µs
2026-05-27T20:56:13.514387Z	info	sync complete	name=istiod analyzer attempt=1 time=29.583µs
2026-05-27T20:56:23.757978Z	info	sync complete	name=istiod analyzer attempt=1 time=34.083µs
2026-05-27T20:56:33.837938Z	info	sync complete	name=istiod analyzer attempt=1 time=33.666µs
2026-05-27T20:56:44.216094Z	info	sync complete	name=istiod analyzer attempt=1 time=28.166µs
2026-05-27T20:57:04.712037Z	info	sync complete	name=istiod analyzer attempt=1 time=27.333µs
2026-05-27T20:57:14.886460Z	info	sync complete	name=istiod analyzer attempt=1 time=28.666µs
2026-05-27T20:57:25.251549Z	info	sync complete	name=istiod analyzer attempt=1 time=47.417µs
2026-05-27T20:57:31.089245Z	info	delta	ADS: "10.30.0.15:60802" echo-tr-gateway-67dd96d555-q7s44.echo-tr-50 terminated
2026-05-27T20:57:31.447516Z	info	delta	ADS: new delta connection for node:echo-tr-gateway-67dd96d555-q7s44.echo-tr-52
2026-05-27T20:57:31.447723Z	info	delta	CDS: PUSH request for node:echo-tr-gateway-67dd96d555-q7s44.echo-tr resources:2 removed:0 size:1.1kB cached:1/1 filtered:0
2026-05-27T20:57:31.448169Z	info	delta	LDS: PUSH request for node:echo-tr-gateway-67dd96d555-q7s44.echo-tr resources:2 removed:0 size:11.3kB filtered:0
2026-05-27T20:57:31.448569Z	info	delta	EDS: PUSH request for node:echo-tr-gateway-67dd96d555-q7s44.echo-tr resources:1 removed:0 size:228B empty:0 cached:1/1 filtered:0
2026-05-27T20:57:31.448691Z	info	delta	RDS: PUSH request for node:echo-tr-gateway-67dd96d555-q7s44.echo-tr resources:2 removed:0 size:1.4kB cached:0/0 filtered:0
2026-05-27T20:57:35.402048Z	info	sync complete	name=istiod analyzer attempt=1 time=27.959µs
2026-05-27T20:57:45.427375Z	info	sync complete	name=istiod analyzer attempt=1 time=23.292µs
2026-05-27T20:58:57.054716Z	info	sync complete	name=istiod analyzer attempt=1 time=25.5µs
2026-05-27T20:59:17.408349Z	info	sync complete	name=istiod analyzer attempt=1 time=26.916µs
2026-05-27T20:59:58.674157Z	info	sync complete	name=istiod analyzer attempt=1 time=37µs
2026-05-27T21:00:08.710836Z	info	sync complete	name=istiod analyzer attempt=1 time=28.125µs
2026-05-27T21:00:29.021659Z	info	sync complete	name=istiod analyzer attempt=1 time=29.708µs
2026-05-27T21:00:39.424577Z	info	sync complete	name=istiod analyzer attempt=1 time=25.167µs
2026-05-27T21:00:59.817446Z	info	sync complete	name=istiod analyzer attempt=1 time=33.458µs
2026-05-27T21:01:09.958480Z	info	sync complete	name=istiod analyzer attempt=1 time=31.917µs
2026-05-27T21:01:20.147755Z	info	sync complete	name=istiod analyzer attempt=1 time=44.125µs
2026-05-27T21:01:30.417032Z	info	sync complete	name=istiod analyzer attempt=1 time=27.916µs
2026-05-27T21:02:00.918960Z	info	sync complete	name=istiod analyzer attempt=1 time=28.708µs
2026-05-27T21:02:10.971183Z	info	sync complete	name=istiod analyzer attempt=1 time=33.417µs
2026-05-27T21:03:11.986191Z	info	sync complete	name=istiod analyzer attempt=1 time=34.542µs
2026-05-27T21:03:22.240891Z	info	sync complete	name=istiod analyzer attempt=1 time=26.208µs
2026-05-27T21:07:07.064036Z	info	sync complete	name=istiod analyzer attempt=1 time=26.583µs
2026-05-27T21:07:17.432101Z	info	sync complete	name=istiod analyzer attempt=1 time=36.459µs
2026-05-27T21:07:48.085002Z	info	sync complete	name=istiod analyzer attempt=1 time=29.417µs
2026-05-27T21:07:58.296193Z	info	sync complete	name=istiod analyzer attempt=1 time=42.75µs
2026-05-27T21:09:09.948118Z	info	sync complete	name=istiod analyzer attempt=1 time=27.542µs
2026-05-27T21:09:20.117696Z	info	sync complete	name=istiod analyzer attempt=1 time=22.75µs
2026-05-27T21:10:01.162716Z	info	sync complete	name=istiod analyzer attempt=1 time=28.291µs
2026-05-27T21:10:11.566728Z	info	sync complete	name=istiod analyzer attempt=1 time=26.042µs
2026-05-27T21:11:02.448913Z	info	sync complete	name=istiod analyzer attempt=1 time=28.958µs
2026-05-27T21:11:12.561128Z	info	sync complete	name=istiod analyzer attempt=1 time=34.875µs
2026-05-27T21:12:13.853849Z	info	sync complete	name=istiod analyzer attempt=1 time=32.917µs
2026-05-27T21:12:24.050137Z	info	sync complete	name=istiod analyzer attempt=1 time=25µs
2026-05-27T21:12:34.315497Z	info	sync complete	name=istiod analyzer attempt=1 time=25.125µs
2026-05-27T21:12:44.438339Z	info	sync complete	name=istiod analyzer attempt=1 time=26.75µs
2026-05-27T21:12:54.811291Z	info	sync complete	name=istiod analyzer attempt=1 time=25.792µs
2026-05-27T21:13:04.892356Z	info	sync complete	name=istiod analyzer attempt=1 time=33.75µs
2026-05-27T21:13:15.258477Z	info	sync complete	name=istiod analyzer attempt=1 time=30.667µs
2026-05-27T21:13:45.757829Z	info	sync complete	name=istiod analyzer attempt=1 time=57.084µs
2026-05-27T21:13:55.844570Z	info	sync complete	name=istiod analyzer attempt=1 time=27.417µs
2026-05-27T21:14:26.405470Z	info	sync complete	name=istiod analyzer attempt=1 time=24.75µs
2026-05-27T21:14:36.785149Z	info	sync complete	name=istiod analyzer attempt=1 time=36.75µs
2026-05-27T21:14:46.961863Z	info	sync complete	name=istiod analyzer attempt=1 time=29.25µs
2026-05-27T21:15:07.211228Z	info	sync complete	name=istiod analyzer attempt=1 time=66µs
2026-05-27T21:15:17.558721Z	info	sync complete	name=istiod analyzer attempt=1 time=24.792µs
2026-05-27T21:16:18.824192Z	info	sync complete	name=istiod analyzer attempt=1 time=50.958µs
2026-05-27T21:16:28.981354Z	info	sync complete	name=istiod analyzer attempt=1 time=27.125µs
2026-05-27T21:16:49.068782Z	info	sync complete	name=istiod analyzer attempt=1 time=30.667µs
2026-05-27T21:16:59.157450Z	info	sync complete	name=istiod analyzer attempt=1 time=33.375µs
2026-05-27T21:17:29.752343Z	info	sync complete	name=istiod analyzer attempt=1 time=28.167µs
2026-05-27T21:17:39.877768Z	info	sync complete	name=istiod analyzer attempt=1 time=25.833µs
2026-05-27T21:17:49.986812Z	info	sync complete	name=istiod analyzer attempt=1 time=25.458µs
2026-05-27T21:17:53.216154Z	info	delta	ADS: "10.30.0.14:52794" echo-5fb5d66d6-xhjw8.echo-tr-51 terminated
2026-05-27T21:17:53.672330Z	info	delta	ADS: new delta connection for node:echo-5fb5d66d6-xhjw8.echo-tr-53
2026-05-27T21:17:53.672792Z	info	delta	CDS: PUSH request for node:echo-5fb5d66d6-xhjw8.echo-tr resources:23 removed:0 size:24.1kB cached:19/19 filtered:0
2026-05-27T21:17:53.673104Z	info	delta	EDS: PUSH request for node:echo-5fb5d66d6-xhjw8.echo-tr resources:19 removed:0 size:4.0kB empty:0 cached:19/19 filtered:0
2026-05-27T21:17:53.675305Z	info	delta	LDS: PUSH request for node:echo-5fb5d66d6-xhjw8.echo-tr resources:20 removed:0 size:83.7kB filtered:0
2026-05-27T21:17:53.675444Z	info	delta	NDS: PUSH request for node:echo-5fb5d66d6-xhjw8.echo-tr resources:1 removed:0 size:1.2kB
2026-05-27T21:17:53.675891Z	info	delta	RDS: PUSH request for node:echo-5fb5d66d6-xhjw8.echo-tr resources:10 removed:0 size:8.6kB cached:8/10 filtered:0
2026-05-27T21:20:02.519242Z	info	sync complete	name=istiod analyzer attempt=1 time=28.208µs
2026-05-27T21:20:12.655491Z	info	sync complete	name=istiod analyzer attempt=1 time=24.917µs
2026-05-27T21:20:22.798729Z	info	sync complete	name=istiod analyzer attempt=1 time=26.042µs
2026-05-27T21:20:43.178439Z	info	sync complete	name=istiod analyzer attempt=1 time=28.25µs
2026-05-27T21:20:53.448557Z	info	sync complete	name=istiod analyzer attempt=1 time=26.416µs
2026-05-27T21:21:03.692801Z	info	sync complete	name=istiod analyzer attempt=1 time=24.667µs
2026-05-27T21:22:35.909185Z	info	sync complete	name=istiod analyzer attempt=1 time=29.292µs
2026-05-27T21:22:46.257636Z	info	sync complete	name=istiod analyzer attempt=1 time=23.417µs
2026-05-27T21:22:56.329893Z	info	sync complete	name=istiod analyzer attempt=1 time=38µs
2026-05-27T21:23:06.474229Z	info	sync complete	name=istiod analyzer attempt=1 time=35.75µs
2026-05-27T21:24:07.750203Z	info	sync complete	name=istiod analyzer attempt=1 time=26.542µs
2026-05-27T21:24:17.911195Z	info	sync complete	name=istiod analyzer attempt=1 time=36.417µs
2026-05-27T21:24:58.665780Z	info	sync complete	name=istiod analyzer attempt=1 time=34.5µs
2026-05-27T21:25:09.013955Z	info	sync complete	name=istiod analyzer attempt=1 time=27.833µs
2026-05-27T21:27:04.686550Z	info	delta	ADS: "10.30.0.15:49724" echo-tr-gateway-67dd96d555-q7s44.echo-tr-52 terminated
2026-05-27T21:27:05.102838Z	info	delta	ADS: new delta connection for node:echo-tr-gateway-67dd96d555-q7s44.echo-tr-54
2026-05-27T21:27:05.103020Z	info	delta	CDS: PUSH request for node:echo-tr-gateway-67dd96d555-q7s44.echo-tr resources:2 removed:0 size:1.1kB cached:1/1 filtered:0
2026-05-27T21:27:05.103538Z	info	delta	LDS: PUSH request for node:echo-tr-gateway-67dd96d555-q7s44.echo-tr resources:2 removed:0 size:11.3kB filtered:0
2026-05-27T21:27:05.103865Z	info	delta	EDS: PUSH request for node:echo-tr-gateway-67dd96d555-q7s44.echo-tr resources:1 removed:0 size:228B empty:0 cached:1/1 filtered:0
2026-05-27T21:27:05.103996Z	info	delta	RDS: PUSH request for node:echo-tr-gateway-67dd96d555-q7s44.echo-tr resources:2 removed:0 size:1.4kB cached:0/0 filtered:0
2026-05-27T21:27:30.827532Z	info	sync complete	name=istiod analyzer attempt=1 time=28.833µs
2026-05-27T21:27:40.911476Z	info	sync complete	name=istiod analyzer attempt=1 time=25.458µs
2026-05-27T21:28:01.615811Z	info	sync complete	name=istiod analyzer attempt=1 time=26.916µs
2026-05-27T21:28:11.758340Z	info	sync complete	name=istiod analyzer attempt=1 time=25.375µs
2026-05-27T21:28:21.986796Z	info	sync complete	name=istiod analyzer attempt=1 time=24.666µs
2026-05-27T21:29:02.949631Z	info	sync complete	name=istiod analyzer attempt=1 time=26µs
2026-05-27T21:29:13.141750Z	info	sync complete	name=istiod analyzer attempt=1 time=24.167µs
2026-05-27T21:29:43.707977Z	info	sync complete	name=istiod analyzer attempt=1 time=31.375µs
2026-05-27T21:29:53.842718Z	info	sync complete	name=istiod analyzer attempt=1 time=36.625µs
2026-05-27T21:30:24.289312Z	info	sync complete	name=istiod analyzer attempt=1 time=35.209µs
2026-05-27T21:30:34.578938Z	info	sync complete	name=istiod analyzer attempt=1 time=26.959µs
2026-05-27T21:31:05.313406Z	info	sync complete	name=istiod analyzer attempt=1 time=29.292µs
2026-05-27T21:31:15.674117Z	info	sync complete	name=istiod analyzer attempt=1 time=32.75µs
2026-05-27T21:31:35.845227Z	info	sync complete	name=istiod analyzer attempt=1 time=35.5µs
2026-05-27T21:31:46.145614Z	info	sync complete	name=istiod analyzer attempt=1 time=28.5µs
2026-05-27T21:31:56.261329Z	info	sync complete	name=istiod analyzer attempt=1 time=26.917µs
2026-05-27T21:32:06.333346Z	info	sync complete	name=istiod analyzer attempt=1 time=24.292µs
2026-05-27T21:32:26.776367Z	info	sync complete	name=istiod analyzer attempt=1 time=27.041µs
2026-05-27T21:32:37.010555Z	info	sync complete	name=istiod analyzer attempt=1 time=38.792µs
2026-05-27T21:32:47.362536Z	info	sync complete	name=istiod analyzer attempt=1 time=24.459µs
2026-05-27T21:32:57.615929Z	info	sync complete	name=istiod analyzer attempt=1 time=29.458µs
2026-05-27T21:33:28.165589Z	info	sync complete	name=istiod analyzer attempt=1 time=37.333µs
2026-05-27T21:33:38.305248Z	info	sync complete	name=istiod analyzer attempt=1 time=23.958µs
2026-05-27T21:33:48.417823Z	info	sync complete	name=istiod analyzer attempt=1 time=25.041µs
2026-05-27T21:33:58.648349Z	info	sync complete	name=istiod analyzer attempt=1 time=32.833µs
2026-05-27T21:34:49.718137Z	info	sync complete	name=istiod analyzer attempt=1 time=24.667µs
2026-05-27T21:34:59.953222Z	info	sync complete	name=istiod analyzer attempt=1 time=25.791µs
2026-05-27T21:35:40.862900Z	info	sync complete	name=istiod analyzer attempt=1 time=24.541µs
2026-05-27T21:35:51.213191Z	info	sync complete	name=istiod analyzer attempt=1 time=28.584µs
2026-05-27T21:36:01.356332Z	info	sync complete	name=istiod analyzer attempt=1 time=24µs
2026-05-27T21:36:11.422604Z	info	sync complete	name=istiod analyzer attempt=1 time=28.333µs
2026-05-27T21:36:21.700526Z	info	sync complete	name=istiod analyzer attempt=1 time=40.875µs
2026-05-27T21:36:52.545019Z	info	sync complete	name=istiod analyzer attempt=1 time=27.708µs
2026-05-27T21:37:02.839298Z	info	sync complete	name=istiod analyzer attempt=1 time=28.208µs
2026-05-27T21:38:44.519977Z	info	sync complete	name=istiod analyzer attempt=1 time=25.292µs
2026-05-27T21:38:54.531434Z	info	sync complete	name=istiod analyzer attempt=1 time=24.75µs
2026-05-27T21:39:04.721217Z	info	sync complete	name=istiod analyzer attempt=1 time=31µs
2026-05-27T21:39:25.196294Z	info	sync complete	name=istiod analyzer attempt=1 time=29µs
2026-05-27T21:40:06.173624Z	info	sync complete	name=istiod analyzer attempt=1 time=29.583µs
2026-05-27T21:40:16.580045Z	info	sync complete	name=istiod analyzer attempt=1 time=26.458µs
2026-05-27T21:40:26.690254Z	info	sync complete	name=istiod analyzer attempt=1 time=24.25µs
2026-05-27T21:41:07.600529Z	info	sync complete	name=istiod analyzer attempt=1 time=37.333µs
2026-05-27T21:41:17.763121Z	info	sync complete	name=istiod analyzer attempt=1 time=24.958µs
2026-05-27T21:42:29.046631Z	info	sync complete	name=istiod analyzer attempt=1 time=30.458µs
2026-05-27T21:42:39.246613Z	info	sync complete	name=istiod analyzer attempt=1 time=30.709µs
2026-05-27T21:43:20.301940Z	info	sync complete	name=istiod analyzer attempt=1 time=24.417µs
2026-05-27T21:43:40.650099Z	info	sync complete	name=istiod analyzer attempt=1 time=27.958µs
2026-05-27T21:45:12.390624Z	info	sync complete	name=istiod analyzer attempt=1 time=36.292µs
2026-05-27T21:45:22.567787Z	info	sync complete	name=istiod analyzer attempt=1 time=29.375µs
2026-05-27T21:45:42.750007Z	info	sync complete	name=istiod analyzer attempt=1 time=34.041µs
2026-05-27T21:45:52.818098Z	info	sync complete	name=istiod analyzer attempt=1 time=28.834µs
2026-05-27T21:46:13.183220Z	info	sync complete	name=istiod analyzer attempt=1 time=27.667µs
2026-05-27T21:46:23.249085Z	info	sync complete	name=istiod analyzer attempt=1 time=26.875µs
2026-05-27T21:46:33.258008Z	info	sync complete	name=istiod analyzer attempt=1 time=29.791µs
2026-05-27T21:46:53.873464Z	info	sync complete	name=istiod analyzer attempt=1 time=23.916µs
2026-05-27T21:47:04.244553Z	info	sync complete	name=istiod analyzer attempt=1 time=28.542µs
2026-05-27T21:47:14.450598Z	info	sync complete	name=istiod analyzer attempt=1 time=26.417µs
2026-05-27T21:47:34.950354Z	info	sync complete	name=istiod analyzer attempt=1 time=27.125µs
2026-05-27T21:47:45.256682Z	info	sync complete	name=istiod analyzer attempt=1 time=29.75µs
2026-05-27T21:47:55.572940Z	info	sync complete	name=istiod analyzer attempt=1 time=31.5µs
2026-05-27T21:48:25.801869Z	info	sync complete	name=istiod analyzer attempt=1 time=36.5µs
2026-05-27T21:48:36.132933Z	info	sync complete	name=istiod analyzer attempt=1 time=30.916µs
2026-05-27T21:49:06.636271Z	info	delta	ADS: "10.30.0.14:42084" echo-5fb5d66d6-xhjw8.echo-tr-53 terminated
2026-05-27T21:49:07.108134Z	info	delta	ADS: new delta connection for node:echo-5fb5d66d6-xhjw8.echo-tr-55
2026-05-27T21:49:07.108553Z	info	delta	CDS: PUSH request for node:echo-5fb5d66d6-xhjw8.echo-tr resources:23 removed:0 size:24.1kB cached:19/19 filtered:0
2026-05-27T21:49:07.108615Z	info	delta	EDS: PUSH request for node:echo-5fb5d66d6-xhjw8.echo-tr resources:19 removed:0 size:4.0kB empty:0 cached:19/19 filtered:0
2026-05-27T21:49:07.110663Z	info	delta	LDS: PUSH request for node:echo-5fb5d66d6-xhjw8.echo-tr resources:20 removed:0 size:83.7kB filtered:0
2026-05-27T21:49:07.110775Z	info	delta	NDS: PUSH request for node:echo-5fb5d66d6-xhjw8.echo-tr resources:1 removed:0 size:1.2kB
2026-05-27T21:49:07.110976Z	info	delta	RDS: PUSH request for node:echo-5fb5d66d6-xhjw8.echo-tr resources:10 removed:0 size:8.6kB cached:8/10 filtered:0
2026-05-27T21:49:36.983527Z	info	sync complete	name=istiod analyzer attempt=1 time=48.208µs
2026-05-27T21:49:47.004543Z	info	sync complete	name=istiod analyzer attempt=1 time=25.667µs
2026-05-27T21:50:07.466380Z	info	sync complete	name=istiod analyzer attempt=1 time=25.667µs
2026-05-27T21:50:17.804444Z	info	sync complete	name=istiod analyzer attempt=1 time=34.292µs
2026-05-27T21:52:19.677648Z	info	sync complete	name=istiod analyzer attempt=1 time=27.666µs
2026-05-27T21:52:29.941433Z	info	sync complete	name=istiod analyzer attempt=1 time=29.209µs
2026-05-27T21:52:40.187824Z	info	sync complete	name=istiod analyzer attempt=1 time=40.041µs
2026-05-27T21:52:50.316545Z	info	sync complete	name=istiod analyzer attempt=1 time=39.417µs
2026-05-27T21:54:01.271808Z	info	sync complete	name=istiod analyzer attempt=1 time=30.375µs
2026-05-27T21:54:11.518975Z	info	sync complete	name=istiod analyzer attempt=1 time=26.834µs
2026-05-27T21:54:21.596492Z	info	sync complete	name=istiod analyzer attempt=1 time=25.042µs
2026-05-27T21:55:58.707071Z	info	delta	ADS: "10.30.0.15:55486" echo-tr-gateway-67dd96d555-q7s44.echo-tr-54 terminated
2026-05-27T21:55:58.898653Z	info	delta	ADS: new delta connection for node:echo-tr-gateway-67dd96d555-q7s44.echo-tr-56
2026-05-27T21:55:58.898769Z	info	delta	CDS: PUSH request for node:echo-tr-gateway-67dd96d555-q7s44.echo-tr resources:2 removed:0 size:1.1kB cached:1/1 filtered:0
2026-05-27T21:55:58.900488Z	info	delta	LDS: PUSH request for node:echo-tr-gateway-67dd96d555-q7s44.echo-tr resources:2 removed:0 size:11.3kB filtered:0
2026-05-27T21:55:58.901059Z	info	delta	EDS: PUSH request for node:echo-tr-gateway-67dd96d555-q7s44.echo-tr resources:1 removed:0 size:228B empty:0 cached:1/1 filtered:0
2026-05-27T21:55:58.901175Z	info	delta	RDS: PUSH request for node:echo-tr-gateway-67dd96d555-q7s44.echo-tr resources:2 removed:0 size:1.4kB cached:0/0 filtered:0
2026-05-27T21:56:03.335812Z	info	sync complete	name=istiod analyzer attempt=1 time=31.709µs
2026-05-27T21:56:13.363886Z	info	sync complete	name=istiod analyzer attempt=1 time=33.709µs
2026-05-27T21:56:23.721629Z	info	sync complete	name=istiod analyzer attempt=1 time=29.583µs
2026-05-27T21:57:24.713215Z	info	sync complete	name=istiod analyzer attempt=1 time=61.5µs
2026-05-27T21:57:34.731330Z	info	sync complete	name=istiod analyzer attempt=1 time=30.625µs
2026-05-27T21:57:44.793072Z	info	sync complete	name=istiod analyzer attempt=1 time=41.458µs
2026-05-27T21:58:04.896277Z	info	sync complete	name=istiod analyzer attempt=1 time=25.25µs
2026-05-27T21:58:14.920432Z	info	sync complete	name=istiod analyzer attempt=1 time=28.542µs
2026-05-27T21:58:55.687485Z	info	sync complete	name=istiod analyzer attempt=1 time=25.458µs
2026-05-27T21:59:06.014194Z	info	sync complete	name=istiod analyzer attempt=1 time=30.458µs
2026-05-27T22:01:18.873778Z	info	sync complete	name=istiod analyzer attempt=1 time=27.875µs
2026-05-27T22:01:29.205973Z	info	sync complete	name=istiod analyzer attempt=1 time=37.458µs
2026-05-27T22:01:39.233818Z	info	sync complete	name=istiod analyzer attempt=1 time=38.917µs
2026-05-27T22:02:30.151069Z	info	sync complete	name=istiod analyzer attempt=1 time=24.541µs
2026-05-27T22:02:40.513207Z	info	sync complete	name=istiod analyzer attempt=1 time=54.833µs
2026-05-27T22:03:11.076278Z	info	sync complete	name=istiod analyzer attempt=1 time=34.708µs
2026-05-27T22:03:21.384070Z	info	sync complete	name=istiod analyzer attempt=1 time=23.25µs
2026-05-27T22:03:31.451116Z	info	sync complete	name=istiod analyzer attempt=1 time=28.709µs
2026-05-27T22:03:41.802590Z	info	sync complete	name=istiod analyzer attempt=1 time=27.625µs
2026-05-27T22:04:02.211511Z	info	sync complete	name=istiod analyzer attempt=1 time=36.167µs
2026-05-27T22:04:12.349180Z	info	sync complete	name=istiod analyzer attempt=1 time=28.542µs
2026-05-27T22:05:14.092648Z	info	sync complete	name=istiod analyzer attempt=1 time=25.667µs
2026-05-27T22:05:24.458853Z	info	sync complete	name=istiod analyzer attempt=1 time=25.333µs
2026-05-27T22:05:54.922671Z	info	sync complete	name=istiod analyzer attempt=1 time=29.458µs
2026-05-27T22:06:05.033791Z	info	sync complete	name=istiod analyzer attempt=1 time=36.042µs
2026-05-27T22:06:45.719103Z	info	sync complete	name=istiod analyzer attempt=1 time=24.458µs
2026-05-27T22:06:56.011866Z	info	sync complete	name=istiod analyzer attempt=1 time=25.208µs
2026-05-27T22:07:06.212957Z	info	sync complete	name=istiod analyzer attempt=1 time=33.625µs
2026-05-27T22:07:16.259119Z	info	sync complete	name=istiod analyzer attempt=1 time=30.5µs
2026-05-27T22:07:26.333079Z	info	sync complete	name=istiod analyzer attempt=1 time=28.5µs
2026-05-27T22:07:46.631187Z	info	sync complete	name=istiod analyzer attempt=1 time=24.458µs
2026-05-27T22:07:56.798135Z	info	sync complete	name=istiod analyzer attempt=1 time=27.667µs
2026-05-27T22:08:06.912155Z	info	sync complete	name=istiod analyzer attempt=1 time=29µs
2026-05-27T22:08:57.632629Z	info	sync complete	name=istiod analyzer attempt=1 time=25.25µs
2026-05-27T22:09:08.030439Z	info	sync complete	name=istiod analyzer attempt=1 time=31.709µs
2026-05-27T22:09:28.490311Z	info	sync complete	name=istiod analyzer attempt=1 time=26.667µs
2026-05-27T22:09:38.745660Z	info	sync complete	name=istiod analyzer attempt=1 time=27.5µs
2026-05-27T22:09:58.791622Z	info	sync complete	name=istiod analyzer attempt=1 time=25.958µs
2026-05-27T22:10:08.962717Z	info	sync complete	name=istiod analyzer attempt=1 time=33.208µs
2026-05-27T22:10:19.090716Z	info	sync complete	name=istiod analyzer attempt=1 time=32.833µs
2026-05-27T22:10:29.174779Z	info	sync complete	name=istiod analyzer attempt=1 time=25.542µs
2026-05-27T22:12:31.533624Z	info	sync complete	name=istiod analyzer attempt=1 time=29.375µs
2026-05-27T22:12:41.611099Z	info	sync complete	name=istiod analyzer attempt=1 time=23.75µs
2026-05-27T22:12:51.856278Z	info	sync complete	name=istiod analyzer attempt=1 time=55.792µs
2026-05-27T22:13:01.935202Z	info	sync complete	name=istiod analyzer attempt=1 time=33.917µs
2026-05-27T22:13:12.192262Z	info	sync complete	name=istiod analyzer attempt=1 time=33.125µs
2026-05-27T22:13:22.406153Z	info	sync complete	name=istiod analyzer attempt=1 time=26.208µs
2026-05-27T22:14:44.654542Z	info	sync complete	name=istiod analyzer attempt=1 time=29.5µs
2026-05-27T22:14:54.923884Z	info	sync complete	name=istiod analyzer attempt=1 time=25µs
2026-05-27T22:15:05.193872Z	info	sync complete	name=istiod analyzer attempt=1 time=29.25µs
2026-05-27T22:15:15.358221Z	info	sync complete	name=istiod analyzer attempt=1 time=23.75µs
2026-05-27T22:16:48.024667Z	info	sync complete	name=istiod analyzer attempt=1 time=41.917µs
2026-05-27T22:17:08.649186Z	info	sync complete	name=istiod analyzer attempt=1 time=30.708µs
2026-05-27T22:18:19.907613Z	info	sync complete	name=istiod analyzer attempt=1 time=25.375µs
2026-05-27T22:18:30.302397Z	info	sync complete	name=istiod analyzer attempt=1 time=27.125µs
2026-05-27T22:18:38.551252Z	info	delta	ADS: "10.30.0.14:57102" echo-5fb5d66d6-xhjw8.echo-tr-55 terminated
2026-05-27T22:18:38.899867Z	info	delta	ADS: new delta connection for node:echo-5fb5d66d6-xhjw8.echo-tr-57
2026-05-27T22:18:38.900068Z	info	delta	CDS: PUSH request for node:echo-5fb5d66d6-xhjw8.echo-tr resources:23 removed:0 size:24.1kB cached:19/19 filtered:0
2026-05-27T22:18:38.900949Z	info	delta	EDS: PUSH request for node:echo-5fb5d66d6-xhjw8.echo-tr resources:19 removed:0 size:4.0kB empty:0 cached:19/19 filtered:0
2026-05-27T22:18:38.901878Z	info	delta	LDS: PUSH request for node:echo-5fb5d66d6-xhjw8.echo-tr resources:20 removed:0 size:83.7kB filtered:0
2026-05-27T22:18:38.902003Z	info	delta	NDS: PUSH request for node:echo-5fb5d66d6-xhjw8.echo-tr resources:1 removed:0 size:1.2kB
2026-05-27T22:18:38.902293Z	info	delta	RDS: PUSH request for node:echo-5fb5d66d6-xhjw8.echo-tr resources:10 removed:0 size:8.6kB cached:7/10 filtered:0
2026-05-27T22:18:40.505588Z	info	sync complete	name=istiod analyzer attempt=1 time=39.375µs
2026-05-27T22:19:00.984774Z	info	sync complete	name=istiod analyzer attempt=1 time=27.625µs
2026-05-27T22:19:11.314962Z	info	sync complete	name=istiod analyzer attempt=1 time=26.167µs
2026-05-27T22:19:21.421468Z	info	sync complete	name=istiod analyzer attempt=1 time=26.75µs
2026-05-27T22:19:31.628377Z	info	sync complete	name=istiod analyzer attempt=1 time=30.792µs
2026-05-27T22:20:32.783301Z	info	sync complete	name=istiod analyzer attempt=1 time=88.5µs
2026-05-27T22:21:03.167657Z	info	sync complete	name=istiod analyzer attempt=1 time=27.417µs
2026-05-27T22:21:23.665037Z	info	sync complete	name=istiod analyzer attempt=1 time=35.167µs
2026-05-27T22:21:34.032089Z	info	sync complete	name=istiod analyzer attempt=1 time=28.292µs
2026-05-27T22:21:54.374152Z	info	sync complete	name=istiod analyzer attempt=1 time=27.292µs
2026-05-27T22:22:04.426222Z	info	sync complete	name=istiod analyzer attempt=1 time=39.292µs
2026-05-27T22:22:45.167492Z	info	sync complete	name=istiod analyzer attempt=1 time=24.417µs
2026-05-27T22:22:55.443421Z	info	sync complete	name=istiod analyzer attempt=1 time=37.417µs
2026-05-27T22:23:05.743427Z	info	sync complete	name=istiod analyzer attempt=1 time=30.417µs
2026-05-27T22:23:16.023340Z	info	sync complete	name=istiod analyzer attempt=1 time=24.542µs
2026-05-27T22:24:17.190795Z	info	sync complete	name=istiod analyzer attempt=1 time=26.292µs
2026-05-27T22:24:27.295535Z	info	sync complete	name=istiod analyzer attempt=1 time=37.166µs
2026-05-27T22:25:20.450960Z	info	delta	ADS: "10.30.0.15:56834" echo-tr-gateway-67dd96d555-q7s44.echo-tr-56 terminated
2026-05-27T22:25:20.651651Z	info	delta	ADS: new delta connection for node:echo-tr-gateway-67dd96d555-q7s44.echo-tr-58
2026-05-27T22:25:20.651883Z	info	delta	CDS: PUSH request for node:echo-tr-gateway-67dd96d555-q7s44.echo-tr resources:2 removed:0 size:1.1kB cached:1/1 filtered:0
2026-05-27T22:25:20.652951Z	info	delta	LDS: PUSH request for node:echo-tr-gateway-67dd96d555-q7s44.echo-tr resources:2 removed:0 size:11.3kB filtered:0
2026-05-27T22:25:20.653375Z	info	delta	EDS: PUSH request for node:echo-tr-gateway-67dd96d555-q7s44.echo-tr resources:1 removed:0 size:228B empty:0 cached:1/1 filtered:0
2026-05-27T22:25:20.653908Z	info	delta	RDS: PUSH request for node:echo-tr-gateway-67dd96d555-q7s44.echo-tr resources:2 removed:0 size:1.4kB cached:0/0 filtered:0
2026-05-27T22:25:49.004037Z	info	sync complete	name=istiod analyzer attempt=1 time=36.666µs
2026-05-27T22:25:59.378247Z	info	sync complete	name=istiod analyzer attempt=1 time=30.708µs
2026-05-27T22:26:09.468996Z	info	sync complete	name=istiod analyzer attempt=1 time=24.167µs
2026-05-27T22:26:19.764020Z	info	sync complete	name=istiod analyzer attempt=1 time=28.834µs
2026-05-27T22:27:00.371185Z	info	sync complete	name=istiod analyzer attempt=1 time=25.75µs
2026-05-27T22:27:10.750318Z	info	sync complete	name=istiod analyzer attempt=1 time=31.916µs
2026-05-27T22:27:31.457173Z	info	sync complete	name=istiod analyzer attempt=1 time=27.833µs
2026-05-27T22:27:41.737152Z	info	sync complete	name=istiod analyzer attempt=1 time=39.042µs
2026-05-27T22:28:32.809556Z	info	sync complete	name=istiod analyzer attempt=1 time=26.208µs
2026-05-27T22:28:42.831728Z	info	sync complete	name=istiod analyzer attempt=1 time=26.083µs
2026-05-27T22:29:13.254098Z	info	sync complete	name=istiod analyzer attempt=1 time=33.625µs
2026-05-27T22:29:23.612284Z	info	sync complete	name=istiod analyzer attempt=1 time=28.958µs
2026-05-27T22:29:44.377721Z	info	sync complete	name=istiod analyzer attempt=1 time=36.708µs
2026-05-27T22:29:54.552221Z	info	sync complete	name=istiod analyzer attempt=1 time=24.834µs
2026-05-27T22:30:45.391272Z	info	sync complete	name=istiod analyzer attempt=1 time=23.208µs
2026-05-27T22:30:55.649279Z	info	sync complete	name=istiod analyzer attempt=1 time=27.292µs
2026-05-27T22:31:05.668137Z	info	sync complete	name=istiod analyzer attempt=1 time=24.958µs
2026-05-27T22:31:26.136278Z	info	sync complete	name=istiod analyzer attempt=1 time=24.75µs
2026-05-27T22:31:36.265321Z	info	sync complete	name=istiod analyzer attempt=1 time=26.791µs
2026-05-27T22:32:17.056345Z	info	sync complete	name=istiod analyzer attempt=1 time=24.75µs
2026-05-27T22:32:27.459139Z	info	sync complete	name=istiod analyzer attempt=1 time=25.292µs
2026-05-27T22:32:47.731556Z	info	sync complete	name=istiod analyzer attempt=1 time=41.208µs
2026-05-27T22:32:58.072308Z	info	sync complete	name=istiod analyzer attempt=1 time=27.208µs
2026-05-27T22:33:59.095252Z	info	sync complete	name=istiod analyzer attempt=1 time=29.292µs
2026-05-27T22:34:09.159481Z	info	sync complete	name=istiod analyzer attempt=1 time=28.208µs
2026-05-27T22:34:29.707609Z	info	sync complete	name=istiod analyzer attempt=1 time=28.917µs
2026-05-27T22:34:40.062464Z	info	sync complete	name=istiod analyzer attempt=1 time=27.208µs
2026-05-27T22:34:50.144261Z	info	sync complete	name=istiod analyzer attempt=1 time=23.625µs
2026-05-27T22:35:00.278870Z	info	sync complete	name=istiod analyzer attempt=1 time=24.083µs
2026-05-27T22:35:30.852354Z	info	sync complete	name=istiod analyzer attempt=1 time=25.209µs
2026-05-27T22:35:40.931912Z	info	sync complete	name=istiod analyzer attempt=1 time=27.167µs
2026-05-27T22:36:11.541551Z	info	sync complete	name=istiod analyzer attempt=1 time=25.833µs
2026-05-27T22:36:21.917549Z	info	sync complete	name=istiod analyzer attempt=1 time=27.916µs
2026-05-27T22:36:31.934574Z	info	sync complete	name=istiod analyzer attempt=1 time=24.75µs
2026-05-27T22:36:52.340826Z	info	sync complete	name=istiod analyzer attempt=1 time=24.417µs
2026-05-27T22:37:12.690946Z	info	sync complete	name=istiod analyzer attempt=1 time=29.333µs
2026-05-27T22:37:22.833122Z	info	sync complete	name=istiod analyzer attempt=1 time=26.959µs
2026-05-27T22:38:13.384523Z	info	sync complete	name=istiod analyzer attempt=1 time=38.166µs
2026-05-27T22:38:23.453591Z	info	sync complete	name=istiod analyzer attempt=1 time=38.292µs
2026-05-27T22:39:04.351546Z	info	sync complete	name=istiod analyzer attempt=1 time=36µs
2026-05-27T22:39:14.665001Z	info	sync complete	name=istiod analyzer attempt=1 time=42.5µs
2026-05-27T22:39:44.994380Z	info	sync complete	name=istiod analyzer attempt=1 time=26.375µs
2026-05-27T22:39:55.049261Z	info	sync complete	name=istiod analyzer attempt=1 time=28.959µs
2026-05-27T22:40:05.174754Z	info	sync complete	name=istiod analyzer attempt=1 time=28.209µs
2026-05-27T22:40:15.538425Z	info	sync complete	name=istiod analyzer attempt=1 time=24.792µs
2026-05-27T22:40:25.570520Z	info	sync complete	name=istiod analyzer attempt=1 time=28.459µs
2026-05-27T22:40:35.696310Z	info	sync complete	name=istiod analyzer attempt=1 time=31.958µs
2026-05-27T22:43:18.223887Z	info	sync complete	name=istiod analyzer attempt=1 time=26.458µs
2026-05-27T22:43:28.288603Z	info	sync complete	name=istiod analyzer attempt=1 time=25.583µs
2026-05-27T22:46:01.186682Z	info	sync complete	name=istiod analyzer attempt=1 time=26.291µs
2026-05-27T22:46:21.479902Z	info	sync complete	name=istiod analyzer attempt=1 time=26.75µs
2026-05-27T22:46:31.524549Z	info	sync complete	name=istiod analyzer attempt=1 time=26.208µs
2026-05-27T22:46:41.667797Z	info	sync complete	name=istiod analyzer attempt=1 time=29.875µs
2026-05-27T22:47:22.667013Z	info	sync complete	name=istiod analyzer attempt=1 time=25.375µs
2026-05-27T22:47:32.911764Z	info	sync complete	name=istiod analyzer attempt=1 time=37.792µs
2026-05-27T22:47:43.307683Z	info	sync complete	name=istiod analyzer attempt=1 time=38.708µs
2026-05-27T22:47:53.379680Z	info	sync complete	name=istiod analyzer attempt=1 time=44.709µs
2026-05-27T22:48:03.682125Z	info	sync complete	name=istiod analyzer attempt=1 time=27.542µs
2026-05-27T22:48:54.623402Z	info	delta	ADS: "10.30.0.14:38616" echo-5fb5d66d6-xhjw8.echo-tr-57 terminated
2026-05-27T22:48:54.632656Z	info	delta	ADS: new delta connection for node:echo-5fb5d66d6-xhjw8.echo-tr-59
2026-05-27T22:48:54.632823Z	info	delta	CDS: PUSH request for node:echo-5fb5d66d6-xhjw8.echo-tr resources:23 removed:0 size:24.1kB cached:19/19 filtered:0
2026-05-27T22:48:54.634257Z	info	delta	EDS: PUSH request for node:echo-5fb5d66d6-xhjw8.echo-tr resources:19 removed:0 size:4.0kB empty:0 cached:19/19 filtered:0
2026-05-27T22:48:54.635014Z	info	delta	LDS: PUSH request for node:echo-5fb5d66d6-xhjw8.echo-tr resources:20 removed:0 size:83.7kB filtered:0
2026-05-27T22:48:54.635124Z	info	delta	NDS: PUSH request for node:echo-5fb5d66d6-xhjw8.echo-tr resources:1 removed:0 size:1.2kB
2026-05-27T22:48:54.635391Z	info	delta	RDS: PUSH request for node:echo-5fb5d66d6-xhjw8.echo-tr resources:10 removed:0 size:8.6kB cached:8/10 filtered:0
2026-05-27T22:49:36.023396Z	info	sync complete	name=istiod analyzer attempt=1 time=30.75µs
2026-05-27T22:49:46.242472Z	info	sync complete	name=istiod analyzer attempt=1 time=84.167µs
2026-05-27T22:49:56.447584Z	info	sync complete	name=istiod analyzer attempt=1 time=27.459µs
2026-05-27T22:50:06.581475Z	info	sync complete	name=istiod analyzer attempt=1 time=30.375µs
2026-05-27T22:50:36.894675Z	info	sync complete	name=istiod analyzer attempt=1 time=29.917µs
2026-05-27T22:50:47.029858Z	info	sync complete	name=istiod analyzer attempt=1 time=29.792µs
2026-05-27T22:50:57.330518Z	info	sync complete	name=istiod analyzer attempt=1 time=28.958µs
2026-05-27T22:51:17.753274Z	info	sync complete	name=istiod analyzer attempt=1 time=35.417µs
2026-05-27T22:52:39.072475Z	info	sync complete	name=istiod analyzer attempt=1 time=33.792µs
2026-05-27T22:52:49.457493Z	info	sync complete	name=istiod analyzer attempt=1 time=33.916µs
2026-05-27T22:54:00.793008Z	info	sync complete	name=istiod analyzer attempt=1 time=26.917µs
2026-05-27T22:54:11.045705Z	info	sync complete	name=istiod analyzer attempt=1 time=33.959µs
2026-05-27T22:54:21.120830Z	info	sync complete	name=istiod analyzer attempt=1 time=34.542µs
2026-05-27T22:55:01.369903Z	info	sync complete	name=istiod analyzer attempt=1 time=25.5µs
2026-05-27T22:55:11.605234Z	info	sync complete	name=istiod analyzer attempt=1 time=30.625µs
2026-05-27T22:55:32.095658Z	info	sync complete	name=istiod analyzer attempt=1 time=27.875µs
2026-05-27T22:55:42.266440Z	info	sync complete	name=istiod analyzer attempt=1 time=30.666µs
2026-05-27T22:56:02.904454Z	info	sync complete	name=istiod analyzer attempt=1 time=25.833µs
2026-05-27T22:56:10.172219Z	info	delta	ADS: "10.30.0.15:51766" echo-tr-gateway-67dd96d555-q7s44.echo-tr-58 terminated
2026-05-27T22:56:10.521881Z	info	delta	ADS: new delta connection for node:echo-tr-gateway-67dd96d555-q7s44.echo-tr-60
2026-05-27T22:56:10.521995Z	info	delta	CDS: PUSH request for node:echo-tr-gateway-67dd96d555-q7s44.echo-tr resources:2 removed:0 size:1.1kB cached:1/1 filtered:0
2026-05-27T22:56:10.523179Z	info	delta	LDS: PUSH request for node:echo-tr-gateway-67dd96d555-q7s44.echo-tr resources:2 removed:0 size:11.3kB filtered:0
2026-05-27T22:56:10.523656Z	info	delta	EDS: PUSH request for node:echo-tr-gateway-67dd96d555-q7s44.echo-tr resources:1 removed:0 size:228B empty:0 cached:1/1 filtered:0
2026-05-27T22:56:10.523802Z	info	delta	RDS: PUSH request for node:echo-tr-gateway-67dd96d555-q7s44.echo-tr resources:2 removed:0 size:1.4kB cached:0/0 filtered:0
2026-05-27T22:56:13.184210Z	info	sync complete	name=istiod analyzer attempt=1 time=36.875µs
2026-05-27T22:56:23.275445Z	info	sync complete	name=istiod analyzer attempt=1 time=25µs
2026-05-27T22:56:53.766165Z	info	sync complete	name=istiod analyzer attempt=1 time=34.666µs
2026-05-27T22:57:04.116233Z	info	sync complete	name=istiod analyzer attempt=1 time=27.042µs
2026-05-27T22:57:14.137333Z	info	sync complete	name=istiod analyzer attempt=1 time=39.417µs
2026-05-27T22:57:24.275155Z	info	sync complete	name=istiod analyzer attempt=1 time=26.667µs
2026-05-27T22:58:15.235072Z	info	sync complete	name=istiod analyzer attempt=1 time=28.125µs
2026-05-27T22:58:25.351250Z	info	sync complete	name=istiod analyzer attempt=1 time=27.959µs
2026-05-27T22:58:55.883607Z	info	sync complete	name=istiod analyzer attempt=1 time=25.292µs
2026-05-27T22:59:06.255687Z	info	sync complete	name=istiod analyzer attempt=1 time=25.125µs
2026-05-27T22:59:57.117806Z	info	sync complete	name=istiod analyzer attempt=1 time=26.083µs
2026-05-27T23:00:07.223039Z	info	sync complete	name=istiod analyzer attempt=1 time=36.333µs
2026-05-27T23:00:48.100437Z	info	sync complete	name=istiod analyzer attempt=1 time=25.208µs
2026-05-27T23:00:58.133359Z	info	sync complete	name=istiod analyzer attempt=1 time=31µs
2026-05-27T23:02:19.676412Z	info	sync complete	name=istiod analyzer attempt=1 time=26.75µs
2026-05-27T23:02:30.078580Z	info	sync complete	name=istiod analyzer attempt=1 time=28.75µs
2026-05-27T23:03:21.384571Z	info	sync complete	name=istiod analyzer attempt=1 time=71.916µs
2026-05-27T23:03:31.670638Z	info	sync complete	name=istiod analyzer attempt=1 time=27.208µs
2026-05-27T23:03:52.138312Z	info	sync complete	name=istiod analyzer attempt=1 time=57.167µs
2026-05-27T23:04:52.858611Z	info	sync complete	name=istiod analyzer attempt=1 time=29.292µs
2026-05-27T23:05:03.217681Z	info	sync complete	name=istiod analyzer attempt=1 time=35.375µs
2026-05-27T23:05:13.381259Z	info	sync complete	name=istiod analyzer attempt=1 time=26.917µs
2026-05-27T23:05:23.498850Z	info	sync complete	name=istiod analyzer attempt=1 time=23.583µs
2026-05-27T23:05:33.862988Z	info	sync complete	name=istiod analyzer attempt=1 time=30.333µs
2026-05-27T23:05:43.879813Z	info	sync complete	name=istiod analyzer attempt=1 time=22.625µs
2026-05-27T23:06:55.474630Z	info	sync complete	name=istiod analyzer attempt=1 time=24.625µs
2026-05-27T23:07:05.590510Z	info	sync complete	name=istiod analyzer attempt=1 time=35.584µs
2026-05-27T23:09:38.502832Z	info	sync complete	name=istiod analyzer attempt=1 time=44.791µs
2026-05-27T23:09:48.829056Z	info	sync complete	name=istiod analyzer attempt=1 time=29.041µs
2026-05-27T23:09:58.908317Z	info	sync complete	name=istiod analyzer attempt=1 time=39.75µs
2026-05-27T23:10:09.194386Z	info	sync complete	name=istiod analyzer attempt=1 time=24.042µs
2026-05-27T23:10:29.671815Z	info	sync complete	name=istiod analyzer attempt=1 time=25.875µs
2026-05-27T23:10:49.878599Z	info	sync complete	name=istiod analyzer attempt=1 time=27.125µs
2026-05-27T23:11:00.057959Z	info	sync complete	name=istiod analyzer attempt=1 time=25.959µs
2026-05-27T23:11:40.808810Z	info	sync complete	name=istiod analyzer attempt=1 time=26.209µs
2026-05-27T23:11:50.972283Z	info	sync complete	name=istiod analyzer attempt=1 time=23µs
2026-05-27T23:12:01.304338Z	info	sync complete	name=istiod analyzer attempt=1 time=26.875µs
2026-05-27T23:12:11.552554Z	info	sync complete	name=istiod analyzer attempt=1 time=23.917µs
2026-05-27T23:12:21.613733Z	info	sync complete	name=istiod analyzer attempt=1 time=26.667µs
2026-05-27T23:12:52.060949Z	info	sync complete	name=istiod analyzer attempt=1 time=25.833µs
2026-05-27T23:13:02.223625Z	info	sync complete	name=istiod analyzer attempt=1 time=33.666µs
2026-05-27T23:14:34.264983Z	info	sync complete	name=istiod analyzer attempt=1 time=28µs
2026-05-27T23:14:44.601991Z	info	sync complete	name=istiod analyzer attempt=1 time=26µs
2026-05-27T23:15:25.214185Z	info	sync complete	name=istiod analyzer attempt=1 time=31.875µs
2026-05-27T23:15:35.288119Z	info	sync complete	name=istiod analyzer attempt=1 time=26.166µs
2026-05-27T23:15:45.372811Z	info	sync complete	name=istiod analyzer attempt=1 time=26.875µs
2026-05-27T23:15:55.762940Z	info	sync complete	name=istiod analyzer attempt=1 time=36.416µs
2026-05-27T23:16:46.560500Z	info	sync complete	name=istiod analyzer attempt=1 time=28.042µs
2026-05-27T23:16:56.782741Z	info	sync complete	name=istiod analyzer attempt=1 time=26.667µs
2026-05-27T23:17:07.122518Z	info	sync complete	name=istiod analyzer attempt=1 time=28.458µs
2026-05-27T23:17:17.516739Z	info	sync complete	name=istiod analyzer attempt=1 time=25.625µs
2026-05-27T23:17:27.644456Z	info	sync complete	name=istiod analyzer attempt=1 time=35.959µs
2026-05-27T23:17:48.109040Z	info	sync complete	name=istiod analyzer attempt=1 time=35.917µs
2026-05-27T23:17:58.296267Z	info	sync complete	name=istiod analyzer attempt=1 time=29.667µs
2026-05-27T23:18:18.924398Z	info	sync complete	name=istiod analyzer attempt=1 time=30.875µs
2026-05-27T23:18:49.036637Z	info	sync complete	name=istiod analyzer attempt=1 time=24.75µs
2026-05-27T23:18:59.044736Z	info	sync complete	name=istiod analyzer attempt=1 time=34.209µs
2026-05-27T23:19:11.190761Z	info	delta	ADS: "10.30.0.14:44572" echo-5fb5d66d6-xhjw8.echo-tr-59 terminated
2026-05-27T23:19:11.571819Z	info	delta	ADS: new delta connection for node:echo-5fb5d66d6-xhjw8.echo-tr-61
2026-05-27T23:19:11.572171Z	info	delta	CDS: PUSH request for node:echo-5fb5d66d6-xhjw8.echo-tr resources:23 removed:0 size:24.1kB cached:19/19 filtered:0
2026-05-27T23:19:11.572767Z	info	delta	EDS: PUSH request for node:echo-5fb5d66d6-xhjw8.echo-tr resources:19 removed:0 size:4.0kB empty:0 cached:19/19 filtered:0
2026-05-27T23:19:11.574276Z	info	delta	LDS: PUSH request for node:echo-5fb5d66d6-xhjw8.echo-tr resources:20 removed:0 size:83.7kB filtered:0
2026-05-27T23:19:11.574379Z	info	delta	NDS: PUSH request for node:echo-5fb5d66d6-xhjw8.echo-tr resources:1 removed:0 size:1.2kB
2026-05-27T23:19:11.574582Z	info	delta	RDS: PUSH request for node:echo-5fb5d66d6-xhjw8.echo-tr resources:10 removed:0 size:8.6kB cached:8/10 filtered:0
2026-05-27T23:19:19.543178Z	info	sync complete	name=istiod analyzer attempt=1 time=28.708µs
2026-05-27T23:19:29.627003Z	info	sync complete	name=istiod analyzer attempt=1 time=25.792µs
2026-05-27T23:19:40.015168Z	info	sync complete	name=istiod analyzer attempt=1 time=28.75µs
2026-05-27T23:19:50.136601Z	info	sync complete	name=istiod analyzer attempt=1 time=28.083µs
2026-05-27T23:20:51.106998Z	info	sync complete	name=istiod analyzer attempt=1 time=24.583µs
2026-05-27T23:21:01.286234Z	info	sync complete	name=istiod analyzer attempt=1 time=26.292µs
2026-05-27T23:21:11.587790Z	info	sync complete	name=istiod analyzer attempt=1 time=28.25µs
2026-05-27T23:21:21.602429Z	info	sync complete	name=istiod analyzer attempt=1 time=50.458µs
2026-05-27T23:22:02.062484Z	info	sync complete	name=istiod analyzer attempt=1 time=28.667µs
2026-05-27T23:22:12.244814Z	info	sync complete	name=istiod analyzer attempt=1 time=28.459µs
2026-05-27T23:22:22.396952Z	info	sync complete	name=istiod analyzer attempt=1 time=25.833µs
2026-05-27T23:22:42.900856Z	info	sync complete	name=istiod analyzer attempt=1 time=32.833µs
2026-05-27T23:23:03.127329Z	info	sync complete	name=istiod analyzer attempt=1 time=36.583µs
2026-05-27T23:23:13.202551Z	info	sync complete	name=istiod analyzer attempt=1 time=28.458µs
2026-05-27T23:23:23.548562Z	info	sync complete	name=istiod analyzer attempt=1 time=26.291µs
2026-05-27T23:23:43.963571Z	info	sync complete	name=istiod analyzer attempt=1 time=29.375µs
2026-05-27T23:23:54.021749Z	info	sync complete	name=istiod analyzer attempt=1 time=32.417µs
2026-05-27T23:24:34.803136Z	info	sync complete	name=istiod analyzer attempt=1 time=27.875µs
2026-05-27T23:24:45.069783Z	info	sync complete	name=istiod analyzer attempt=1 time=25.75µs
2026-05-27T23:26:17.292482Z	info	sync complete	name=istiod analyzer attempt=1 time=37.084µs
2026-05-27T23:26:37.421732Z	info	sync complete	name=istiod analyzer attempt=1 time=25.334µs
2026-05-27T23:27:18.450480Z	info	sync complete	name=istiod analyzer attempt=1 time=27.125µs
2026-05-27T23:27:28.690883Z	info	sync complete	name=istiod analyzer attempt=1 time=27.208µs
2026-05-27T23:27:59.544093Z	info	sync complete	name=istiod analyzer attempt=1 time=69µs
2026-05-27T23:28:09.863803Z	info	sync complete	name=istiod analyzer attempt=1 time=28.875µs
2026-05-27T23:28:11.584048Z	info	delta	ADS: "10.30.0.15:54486" echo-tr-gateway-67dd96d555-q7s44.echo-tr-60 terminated
2026-05-27T23:28:11.965933Z	info	delta	ADS: new delta connection for node:echo-tr-gateway-67dd96d555-q7s44.echo-tr-62
2026-05-27T23:28:11.966262Z	info	delta	CDS: PUSH request for node:echo-tr-gateway-67dd96d555-q7s44.echo-tr resources:2 removed:0 size:1.1kB cached:1/1 filtered:0
2026-05-27T23:28:11.967461Z	info	delta	LDS: PUSH request for node:echo-tr-gateway-67dd96d555-q7s44.echo-tr resources:2 removed:0 size:11.3kB filtered:0
2026-05-27T23:28:11.967722Z	info	delta	EDS: PUSH request for node:echo-tr-gateway-67dd96d555-q7s44.echo-tr resources:1 removed:0 size:228B empty:0 cached:1/1 filtered:0
2026-05-27T23:28:11.968082Z	info	delta	RDS: PUSH request for node:echo-tr-gateway-67dd96d555-q7s44.echo-tr resources:2 removed:0 size:1.4kB cached:0/0 filtered:0
2026-05-27T23:28:20.113997Z	info	sync complete	name=istiod analyzer attempt=1 time=26.125µs
2026-05-27T23:28:30.356312Z	info	sync complete	name=istiod analyzer attempt=1 time=28.917µs
2026-05-27T23:28:40.528529Z	info	sync complete	name=istiod analyzer attempt=1 time=34.375µs
2026-05-27T23:29:21.511442Z	info	sync complete	name=istiod analyzer attempt=1 time=28.75µs
2026-05-27T23:29:31.776477Z	info	sync complete	name=istiod analyzer attempt=1 time=28.708µs
2026-05-27T23:29:51.877070Z	info	sync complete	name=istiod analyzer attempt=1 time=24.083µs
2026-05-27T23:30:02.072964Z	info	sync complete	name=istiod analyzer attempt=1 time=83µs
2026-05-27T23:30:12.394179Z	info	sync complete	name=istiod analyzer attempt=1 time=29.875µs
2026-05-27T23:30:22.716284Z	info	sync complete	name=istiod analyzer attempt=1 time=34.75µs
2026-05-27T23:30:33.036559Z	info	sync complete	name=istiod analyzer attempt=1 time=38.375µs
2026-05-27T23:30:53.292497Z	info	sync complete	name=istiod analyzer attempt=1 time=28.291µs
2026-05-27T23:31:03.305600Z	info	sync complete	name=istiod analyzer attempt=1 time=32.292µs
2026-05-27T23:31:13.391820Z	info	sync complete	name=istiod analyzer attempt=1 time=27.667µs
2026-05-27T23:31:23.573815Z	info	sync complete	name=istiod analyzer attempt=1 time=25.458µs
2026-05-27T23:31:33.783407Z	info	sync complete	name=istiod analyzer attempt=1 time=27.084µs
2026-05-27T23:32:55.495567Z	info	sync complete	name=istiod analyzer attempt=1 time=24.667µs
2026-05-27T23:33:05.511551Z	info	sync complete	name=istiod analyzer attempt=1 time=25.875µs
2026-05-27T23:33:15.630794Z	info	sync complete	name=istiod analyzer attempt=1 time=40.709µs
2026-05-27T23:34:06.805926Z	info	sync complete	name=istiod analyzer attempt=1 time=30.541µs
2026-05-27T23:34:17.148620Z	info	sync complete	name=istiod analyzer attempt=1 time=33.125µs
2026-05-27T23:34:58.411180Z	info	sync complete	name=istiod analyzer attempt=1 time=27.25µs
2026-05-27T23:35:08.660267Z	info	sync complete	name=istiod analyzer attempt=1 time=26.458µs
2026-05-27T23:35:18.812687Z	info	sync complete	name=istiod analyzer attempt=1 time=25.292µs
2026-05-27T23:35:28.939474Z	info	sync complete	name=istiod analyzer attempt=1 time=27.792µs
2026-05-27T23:35:39.103633Z	info	sync complete	name=istiod analyzer attempt=1 time=26µs
2026-05-27T23:35:49.301008Z	info	sync complete	name=istiod analyzer attempt=1 time=27.583µs
2026-05-27T23:36:20.234525Z	info	sync complete	name=istiod analyzer attempt=1 time=27.083µs
2026-05-27T23:36:40.710607Z	info	sync complete	name=istiod analyzer attempt=1 time=27.958µs
2026-05-27T23:37:01.489418Z	info	sync complete	name=istiod analyzer attempt=1 time=31µs
2026-05-27T23:37:11.623864Z	info	sync complete	name=istiod analyzer attempt=1 time=41.958µs
2026-05-27T23:38:02.450458Z	info	sync complete	name=istiod analyzer attempt=1 time=41.792µs
2026-05-27T23:38:12.529444Z	info	sync complete	name=istiod analyzer attempt=1 time=55.125µs
2026-05-27T23:38:22.752741Z	info	sync complete	name=istiod analyzer attempt=1 time=27.709µs
2026-05-27T23:38:32.968109Z	info	sync complete	name=istiod analyzer attempt=1 time=27.792µs
2026-05-27T23:38:43.036770Z	info	sync complete	name=istiod analyzer attempt=1 time=25.916µs
2026-05-27T23:40:14.195480Z	info	sync complete	name=istiod analyzer attempt=1 time=33.459µs
2026-05-27T23:40:24.330203Z	info	sync complete	name=istiod analyzer attempt=1 time=28.917µs
2026-05-27T23:41:14.893091Z	info	sync complete	name=istiod analyzer attempt=1 time=28.042µs
2026-05-27T23:41:25.266517Z	info	sync complete	name=istiod analyzer attempt=1 time=29µs
2026-05-27T23:41:56.014728Z	info	sync complete	name=istiod analyzer attempt=1 time=39.083µs
2026-05-27T23:42:06.112625Z	info	sync complete	name=istiod analyzer attempt=1 time=25.708µs
2026-05-27T23:42:26.305959Z	info	sync complete	name=istiod analyzer attempt=1 time=27.084µs
2026-05-27T23:42:36.511768Z	info	sync complete	name=istiod analyzer attempt=1 time=29.25µs
2026-05-27T23:42:46.845309Z	info	sync complete	name=istiod analyzer attempt=1 time=31.208µs
2026-05-27T23:44:39.041043Z	info	sync complete	name=istiod analyzer attempt=1 time=26.5µs
2026-05-27T23:44:49.166009Z	info	sync complete	name=istiod analyzer attempt=1 time=24.084µs
2026-05-27T23:45:09.563744Z	info	sync complete	name=istiod analyzer attempt=1 time=26.333µs
2026-05-27T23:45:19.675182Z	info	sync complete	name=istiod analyzer attempt=1 time=37.5µs
2026-05-27T23:46:10.891837Z	info	sync complete	name=istiod analyzer attempt=1 time=24.458µs
2026-05-27T23:46:31.290887Z	info	sync complete	name=istiod analyzer attempt=1 time=27.667µs
2026-05-27T23:46:41.375699Z	info	sync complete	name=istiod analyzer attempt=1 time=25.292µs
2026-05-27T23:47:12.110589Z	info	sync complete	name=istiod analyzer attempt=1 time=24.083µs
2026-05-27T23:47:22.290053Z	info	sync complete	name=istiod analyzer attempt=1 time=26.375µs
2026-05-27T23:47:53.300239Z	info	sync complete	name=istiod analyzer attempt=1 time=23.75µs
2026-05-27T23:48:13.588008Z	info	sync complete	name=istiod analyzer attempt=1 time=24.5µs
2026-05-27T23:48:23.915075Z	info	sync complete	name=istiod analyzer attempt=1 time=39.334µs
2026-05-27T23:48:34.085475Z	info	sync complete	name=istiod analyzer attempt=1 time=24.875µs
2026-05-27T23:48:44.346550Z	info	sync complete	name=istiod analyzer attempt=1 time=25.625µs
2026-05-27T23:49:14.964751Z	info	sync complete	name=istiod analyzer attempt=1 time=27.875µs
2026-05-27T23:49:25.254296Z	info	sync complete	name=istiod analyzer attempt=1 time=26.542µs
2026-05-27T23:50:36.346515Z	info	delta	ADS: "10.30.0.14:43498" echo-5fb5d66d6-xhjw8.echo-tr-61 terminated
2026-05-27T23:50:36.690834Z	info	delta	ADS: new delta connection for node:echo-5fb5d66d6-xhjw8.echo-tr-63
2026-05-27T23:50:36.691154Z	info	delta	CDS: PUSH request for node:echo-5fb5d66d6-xhjw8.echo-tr resources:23 removed:0 size:24.1kB cached:19/19 filtered:0
2026-05-27T23:50:36.692292Z	info	delta	EDS: PUSH request for node:echo-5fb5d66d6-xhjw8.echo-tr resources:19 removed:0 size:4.0kB empty:0 cached:19/19 filtered:0
2026-05-27T23:50:36.693706Z	info	delta	LDS: PUSH request for node:echo-5fb5d66d6-xhjw8.echo-tr resources:20 removed:0 size:83.7kB filtered:0
2026-05-27T23:50:36.693832Z	info	delta	NDS: PUSH request for node:echo-5fb5d66d6-xhjw8.echo-tr resources:1 removed:0 size:1.2kB
2026-05-27T23:50:36.694060Z	info	delta	RDS: PUSH request for node:echo-5fb5d66d6-xhjw8.echo-tr resources:10 removed:0 size:8.6kB cached:8/10 filtered:0
2026-05-27T23:51:48.311420Z	info	sync complete	name=istiod analyzer attempt=1 time=27.125µs
2026-05-27T23:51:58.673414Z	info	sync complete	name=istiod analyzer attempt=1 time=24.584µs
2026-05-27T23:52:29.188608Z	info	sync complete	name=istiod analyzer attempt=1 time=28.375µs
2026-05-27T23:52:39.244890Z	info	sync complete	name=istiod analyzer attempt=1 time=33.667µs
2026-05-27T23:53:40.593957Z	info	sync complete	name=istiod analyzer attempt=1 time=28.667µs
2026-05-27T23:53:50.852239Z	info	sync complete	name=istiod analyzer attempt=1 time=26.25µs
2026-05-27T23:54:01.095955Z	info	sync complete	name=istiod analyzer attempt=1 time=26.375µs
2026-05-27T23:54:11.142058Z	info	sync complete	name=istiod analyzer attempt=1 time=25.417µs
2026-05-27T23:54:21.510237Z	info	sync complete	name=istiod analyzer attempt=1 time=25.291µs
2026-05-27T23:54:31.624109Z	info	sync complete	name=istiod analyzer attempt=1 time=23.208µs
2026-05-27T23:54:52.198515Z	info	sync complete	name=istiod analyzer attempt=1 time=25.5µs
2026-05-27T23:55:12.568514Z	info	sync complete	name=istiod analyzer attempt=1 time=36.666µs
2026-05-27T23:55:33.040144Z	info	sync complete	name=istiod analyzer attempt=1 time=37.916µs
2026-05-27T23:55:43.345505Z	info	sync complete	name=istiod analyzer attempt=1 time=25.25µs
2026-05-27T23:56:13.860500Z	info	sync complete	name=istiod analyzer attempt=1 time=24.917µs
2026-05-27T23:56:24.243106Z	info	sync complete	name=istiod analyzer attempt=1 time=28.375µs
2026-05-27T23:56:34.416289Z	info	sync complete	name=istiod analyzer attempt=1 time=26.5µs
2026-05-27T23:58:27.217195Z	info	sync complete	name=istiod analyzer attempt=1 time=28.042µs
2026-05-27T23:58:47.583173Z	info	sync complete	name=istiod analyzer attempt=1 time=26.459µs
2026-05-27T23:59:07.681299Z	info	sync complete	name=istiod analyzer attempt=1 time=23.958µs
2026-05-27T23:59:17.449813Z	info	delta	ADS: "10.30.0.15:38836" echo-tr-gateway-67dd96d555-q7s44.echo-tr-62 terminated
2026-05-27T23:59:17.706016Z	info	delta	ADS: new delta connection for node:echo-tr-gateway-67dd96d555-q7s44.echo-tr-64
2026-05-27T23:59:17.706139Z	info	delta	CDS: PUSH request for node:echo-tr-gateway-67dd96d555-q7s44.echo-tr resources:2 removed:0 size:1.1kB cached:1/1 filtered:0
2026-05-27T23:59:17.707344Z	info	delta	LDS: PUSH request for node:echo-tr-gateway-67dd96d555-q7s44.echo-tr resources:2 removed:0 size:11.3kB filtered:0
2026-05-27T23:59:17.707585Z	info	delta	EDS: PUSH request for node:echo-tr-gateway-67dd96d555-q7s44.echo-tr resources:1 removed:0 size:228B empty:0 cached:1/1 filtered:0
2026-05-27T23:59:17.708416Z	info	delta	RDS: PUSH request for node:echo-tr-gateway-67dd96d555-q7s44.echo-tr resources:2 removed:0 size:1.4kB cached:0/0 filtered:0
2026-05-27T23:59:28.155951Z	info	sync complete	name=istiod analyzer attempt=1 time=31.708µs
2026-05-27T23:59:48.529662Z	info	sync complete	name=istiod analyzer attempt=1 time=24.083µs
2026-05-28T00:00:29.230693Z	info	sync complete	name=istiod analyzer attempt=1 time=30.792µs
2026-05-28T00:00:39.511319Z	info	sync complete	name=istiod analyzer attempt=1 time=26.75µs
2026-05-28T00:01:10.307993Z	info	sync complete	name=istiod analyzer attempt=1 time=28.042µs
2026-05-28T00:01:20.426220Z	info	sync complete	name=istiod analyzer attempt=1 time=26.209µs
2026-05-28T00:01:30.578161Z	info	sync complete	name=istiod analyzer attempt=1 time=25.209µs
2026-05-28T00:01:40.803313Z	info	sync complete	name=istiod analyzer attempt=1 time=71.625µs
2026-05-28T00:01:50.901205Z	info	sync complete	name=istiod analyzer attempt=1 time=34.041µs
2026-05-28T00:02:00.952013Z	info	sync complete	name=istiod analyzer attempt=1 time=38.959µs
2026-05-28T00:02:11.243960Z	info	sync complete	name=istiod analyzer attempt=1 time=25.042µs
2026-05-28T00:03:22.681102Z	info	sync complete	name=istiod analyzer attempt=1 time=26.5µs
2026-05-28T00:03:32.734268Z	info	sync complete	name=istiod analyzer attempt=1 time=33.375µs
2026-05-28T00:06:16.186865Z	info	sync complete	name=istiod analyzer attempt=1 time=44.042µs
2026-05-28T00:06:26.508805Z	info	sync complete	name=istiod analyzer attempt=1 time=30.125µs
2026-05-28T00:06:36.777996Z	info	sync complete	name=istiod analyzer attempt=1 time=27.667µs
2026-05-28T00:06:47.148241Z	info	sync complete	name=istiod analyzer attempt=1 time=26.583µs
2026-05-28T00:06:57.498569Z	info	sync complete	name=istiod analyzer attempt=1 time=25.667µs
2026-05-28T00:07:58.877122Z	info	sync complete	name=istiod analyzer attempt=1 time=29.333µs
2026-05-28T00:08:39.675449Z	info	sync complete	name=istiod analyzer attempt=1 time=33.541µs
2026-05-28T00:08:49.734912Z	info	sync complete	name=istiod analyzer attempt=1 time=31.625µs
2026-05-28T00:08:59.810483Z	info	sync complete	name=istiod analyzer attempt=1 time=27.375µs
2026-05-28T00:09:19.984049Z	info	sync complete	name=istiod analyzer attempt=1 time=23.5µs
2026-05-28T00:09:30.032149Z	info	sync complete	name=istiod analyzer attempt=1 time=27.25µs
2026-05-28T00:10:41.704399Z	info	sync complete	name=istiod analyzer attempt=1 time=25.25µs
2026-05-28T00:10:52.037909Z	info	sync complete	name=istiod analyzer attempt=1 time=23µs
2026-05-28T00:11:43.034203Z	info	sync complete	name=istiod analyzer attempt=1 time=41.875µs
2026-05-28T00:11:53.090923Z	info	sync complete	name=istiod analyzer attempt=1 time=32.541µs
2026-05-28T00:12:03.129000Z	info	sync complete	name=istiod analyzer attempt=1 time=28.042µs
2026-05-28T00:12:23.363001Z	info	sync complete	name=istiod analyzer attempt=1 time=38.542µs
2026-05-28T00:12:44.011949Z	info	sync complete	name=istiod analyzer attempt=1 time=26.875µs
2026-05-28T00:14:46.754362Z	info	sync complete	name=istiod analyzer attempt=1 time=44.292µs
2026-05-28T00:14:56.899244Z	info	sync complete	name=istiod analyzer attempt=1 time=25.541µs
2026-05-28T00:16:18.609230Z	info	sync complete	name=istiod analyzer attempt=1 time=30.292µs
2026-05-28T00:16:29.000601Z	info	sync complete	name=istiod analyzer attempt=1 time=35.167µs
2026-05-28T00:16:49.395693Z	info	sync complete	name=istiod analyzer attempt=1 time=26.417µs
2026-05-28T00:16:59.682749Z	info	sync complete	name=istiod analyzer attempt=1 time=61.458µs
2026-05-28T00:17:09.800654Z	info	sync complete	name=istiod analyzer attempt=1 time=23.292µs
2026-05-28T00:17:19.860239Z	info	sync complete	name=istiod analyzer attempt=1 time=27.042µs
2026-05-28T00:17:29.951346Z	info	sync complete	name=istiod analyzer attempt=1 time=27.417µs
2026-05-28T00:17:40.231558Z	info	sync complete	name=istiod analyzer attempt=1 time=27.125µs
2026-05-28T00:18:00.691174Z	info	sync complete	name=istiod analyzer attempt=1 time=32.709µs
2026-05-28T00:18:10.934343Z	info	sync complete	name=istiod analyzer attempt=1 time=26.917µs
2026-05-28T00:18:21.182175Z	info	sync complete	name=istiod analyzer attempt=1 time=25.916µs
2026-05-28T00:18:31.576556Z	info	sync complete	name=istiod analyzer attempt=1 time=30.25µs
2026-05-28T00:19:12.637680Z	info	sync complete	name=istiod analyzer attempt=1 time=26.667µs
2026-05-28T00:19:22.889267Z	info	sync complete	name=istiod analyzer attempt=1 time=29.041µs
2026-05-28T00:20:55.260289Z	info	sync complete	name=istiod analyzer attempt=1 time=31.208µs
2026-05-28T00:21:05.274103Z	info	sync complete	name=istiod analyzer attempt=1 time=26.5µs
2026-05-28T00:21:17.642648Z	info	delta	ADS: "10.30.0.14:32946" echo-5fb5d66d6-xhjw8.echo-tr-63 terminated
2026-05-28T00:21:17.957119Z	info	delta	ADS: new delta connection for node:echo-5fb5d66d6-xhjw8.echo-tr-65
2026-05-28T00:21:17.957460Z	info	delta	CDS: PUSH request for node:echo-5fb5d66d6-xhjw8.echo-tr resources:23 removed:0 size:24.1kB cached:19/19 filtered:0
2026-05-28T00:21:17.958201Z	info	delta	EDS: PUSH request for node:echo-5fb5d66d6-xhjw8.echo-tr resources:19 removed:0 size:4.0kB empty:0 cached:19/19 filtered:0
2026-05-28T00:21:17.959559Z	info	delta	LDS: PUSH request for node:echo-5fb5d66d6-xhjw8.echo-tr resources:20 removed:0 size:83.7kB filtered:0
2026-05-28T00:21:17.959661Z	info	delta	NDS: PUSH request for node:echo-5fb5d66d6-xhjw8.echo-tr resources:1 removed:0 size:1.2kB
2026-05-28T00:21:17.959963Z	info	delta	RDS: PUSH request for node:echo-5fb5d66d6-xhjw8.echo-tr resources:10 removed:0 size:8.6kB cached:7/10 filtered:0
2026-05-28T00:21:56.479096Z	info	sync complete	name=istiod analyzer attempt=1 time=29.833µs
2026-05-28T00:22:06.792197Z	info	sync complete	name=istiod analyzer attempt=1 time=26.25µs
2026-05-28T00:22:47.590653Z	info	sync complete	name=istiod analyzer attempt=1 time=26.542µs
2026-05-28T00:22:57.780799Z	info	sync complete	name=istiod analyzer attempt=1 time=24.042µs
2026-05-28T00:23:49.157457Z	info	sync complete	name=istiod analyzer attempt=1 time=27.5µs
2026-05-28T00:24:09.889034Z	info	sync complete	name=istiod analyzer attempt=1 time=34.459µs
2026-05-28T00:25:31.877610Z	info	sync complete	name=istiod analyzer attempt=1 time=26.042µs
2026-05-28T00:25:42.038430Z	info	sync complete	name=istiod analyzer attempt=1 time=25.5µs
2026-05-28T00:25:52.255444Z	info	sync complete	name=istiod analyzer attempt=1 time=25.625µs
2026-05-28T00:26:02.362818Z	info	sync complete	name=istiod analyzer attempt=1 time=58.708µs
2026-05-28T00:26:12.393910Z	info	sync complete	name=istiod analyzer attempt=1 time=59.708µs
2026-05-28T00:26:22.408481Z	info	sync complete	name=istiod analyzer attempt=1 time=26.875µs
2026-05-28T00:26:32.434280Z	info	sync complete	name=istiod analyzer attempt=1 time=30.334µs
2026-05-28T00:27:54.016717Z	info	sync complete	name=istiod analyzer attempt=1 time=26.583µs
2026-05-28T00:28:04.149327Z	info	sync complete	name=istiod analyzer attempt=1 time=28.584µs
2026-05-28T00:28:29.143673Z	info	delta	ADS: "10.30.0.15:38528" echo-tr-gateway-67dd96d555-q7s44.echo-tr-64 terminated
2026-05-28T00:28:29.585106Z	info	delta	ADS: new delta connection for node:echo-tr-gateway-67dd96d555-q7s44.echo-tr-66
2026-05-28T00:28:29.585212Z	info	delta	CDS: PUSH request for node:echo-tr-gateway-67dd96d555-q7s44.echo-tr resources:2 removed:0 size:1.1kB cached:1/1 filtered:0
2026-05-28T00:28:29.585789Z	info	delta	LDS: PUSH request for node:echo-tr-gateway-67dd96d555-q7s44.echo-tr resources:2 removed:0 size:11.3kB filtered:0
2026-05-28T00:28:29.585970Z	info	delta	EDS: PUSH request for node:echo-tr-gateway-67dd96d555-q7s44.echo-tr resources:1 removed:0 size:228B empty:0 cached:1/1 filtered:0
2026-05-28T00:28:29.587620Z	info	delta	RDS: PUSH request for node:echo-tr-gateway-67dd96d555-q7s44.echo-tr resources:2 removed:0 size:1.4kB cached:0/0 filtered:0
2026-05-28T00:28:34.710470Z	info	sync complete	name=istiod analyzer attempt=1 time=32.084µs
2026-05-28T00:28:45.089065Z	info	sync complete	name=istiod analyzer attempt=1 time=27.666µs
2026-05-28T00:29:15.722145Z	info	sync complete	name=istiod analyzer attempt=1 time=25.75µs
2026-05-28T00:29:25.997215Z	info	sync complete	name=istiod analyzer attempt=1 time=24µs
2026-05-28T00:29:36.136140Z	info	sync complete	name=istiod analyzer attempt=1 time=28.667µs
2026-05-28T00:29:46.389742Z	info	sync complete	name=istiod analyzer attempt=1 time=24.5µs
2026-05-28T00:29:56.789820Z	info	sync complete	name=istiod analyzer attempt=1 time=24.167µs
2026-05-28T00:30:17.269361Z	info	sync complete	name=istiod analyzer attempt=1 time=29.416µs
2026-05-28T00:30:47.985332Z	info	sync complete	name=istiod analyzer attempt=1 time=26.75µs
2026-05-28T00:30:58.185639Z	info	sync complete	name=istiod analyzer attempt=1 time=26.458µs
2026-05-28T00:31:08.247151Z	info	sync complete	name=istiod analyzer attempt=1 time=53.416µs
2026-05-28T00:31:38.936030Z	info	sync complete	name=istiod analyzer attempt=1 time=26.25µs
2026-05-28T00:31:49.190025Z	info	sync complete	name=istiod analyzer attempt=1 time=24.5µs
2026-05-28T00:31:59.460638Z	info	sync complete	name=istiod analyzer attempt=1 time=41.834µs
2026-05-28T00:32:09.792849Z	info	sync complete	name=istiod analyzer attempt=1 time=26.417µs
2026-05-28T00:32:30.208104Z	info	sync complete	name=istiod analyzer attempt=1 time=23.959µs
2026-05-28T00:32:40.539496Z	info	sync complete	name=istiod analyzer attempt=1 time=38.292µs
2026-05-28T00:32:50.711891Z	info	sync complete	name=istiod analyzer attempt=1 time=26.666µs
2026-05-28T00:33:00.724877Z	info	sync complete	name=istiod analyzer attempt=1 time=33.459µs
2026-05-28T00:34:12.361414Z	info	sync complete	name=istiod analyzer attempt=1 time=32.5µs
2026-05-28T00:34:22.711983Z	info	sync complete	name=istiod analyzer attempt=1 time=27µs
2026-05-28T00:34:32.857984Z	info	sync complete	name=istiod analyzer attempt=1 time=24.291µs
2026-05-28T00:34:43.237856Z	info	sync complete	name=istiod analyzer attempt=1 time=29.084µs
2026-05-28T00:35:13.738371Z	info	sync complete	name=istiod analyzer attempt=1 time=32.292µs
2026-05-28T00:35:33.820578Z	info	sync complete	name=istiod analyzer attempt=1 time=28.917µs
2026-05-28T00:36:04.739713Z	info	sync complete	name=istiod analyzer attempt=1 time=37.75µs
2026-05-28T00:36:14.919313Z	info	sync complete	name=istiod analyzer attempt=1 time=25.667µs
2026-05-28T00:36:25.147393Z	info	sync complete	name=istiod analyzer attempt=1 time=26.875µs
2026-05-28T00:36:35.156505Z	info	sync complete	name=istiod analyzer attempt=1 time=25.958µs
2026-05-28T00:37:46.888281Z	info	sync complete	name=istiod analyzer attempt=1 time=55.125µs
2026-05-28T00:37:56.966563Z	info	sync complete	name=istiod analyzer attempt=1 time=26.583µs
2026-05-28T00:39:08.043412Z	info	sync complete	name=istiod analyzer attempt=1 time=44.166µs
2026-05-28T00:39:18.050740Z	info	sync complete	name=istiod analyzer attempt=1 time=28.041µs
2026-05-28T00:39:58.526293Z	info	sync complete	name=istiod analyzer attempt=1 time=67.125µs
2026-05-28T00:40:08.617306Z	info	sync complete	name=istiod analyzer attempt=1 time=27.083µs
2026-05-28T00:40:18.829412Z	info	sync complete	name=istiod analyzer attempt=1 time=25.542µs
2026-05-28T00:40:29.095629Z	info	sync complete	name=istiod analyzer attempt=1 time=26.833µs
2026-05-28T00:40:39.127625Z	info	sync complete	name=istiod analyzer attempt=1 time=25.916µs
2026-05-28T00:40:49.520024Z	info	sync complete	name=istiod analyzer attempt=1 time=36.708µs
2026-05-28T00:40:59.820304Z	info	sync complete	name=istiod analyzer attempt=1 time=27.625µs
2026-05-28T00:42:01.139747Z	info	sync complete	name=istiod analyzer attempt=1 time=82.209µs
2026-05-28T00:42:11.265595Z	info	sync complete	name=istiod analyzer attempt=1 time=41.875µs
2026-05-28T00:42:31.849103Z	info	sync complete	name=istiod analyzer attempt=1 time=31.417µs
2026-05-28T00:42:52.453478Z	info	sync complete	name=istiod analyzer attempt=1 time=29.167µs
2026-05-28T00:43:33.036941Z	info	sync complete	name=istiod analyzer attempt=1 time=35.25µs
2026-05-28T00:43:43.101970Z	info	sync complete	name=istiod analyzer attempt=1 time=26.833µs
2026-05-28T00:45:24.987052Z	info	sync complete	name=istiod analyzer attempt=1 time=26.542µs
2026-05-28T00:45:35.079118Z	info	sync complete	name=istiod analyzer attempt=1 time=39.125µs
2026-05-28T00:46:15.831864Z	info	sync complete	name=istiod analyzer attempt=1 time=26.292µs
2026-05-28T00:46:26.135879Z	info	sync complete	name=istiod analyzer attempt=1 time=29.75µs
2026-05-28T00:47:06.949171Z	info	sync complete	name=istiod analyzer attempt=1 time=25.875µs
2026-05-28T00:47:17.325923Z	info	sync complete	name=istiod analyzer attempt=1 time=24µs
2026-05-28T00:47:27.573761Z	info	sync complete	name=istiod analyzer attempt=1 time=26.417µs
2026-05-28T00:47:37.917608Z	info	sync complete	name=istiod analyzer attempt=1 time=44.167µs
2026-05-28T00:48:18.882372Z	info	sync complete	name=istiod analyzer attempt=1 time=24.417µs
2026-05-28T00:48:29.251415Z	info	sync complete	name=istiod analyzer attempt=1 time=27.416µs
2026-05-28T00:48:49.469463Z	info	sync complete	name=istiod analyzer attempt=1 time=24.541µs
2026-05-28T00:48:59.747404Z	info	sync complete	name=istiod analyzer attempt=1 time=26.041µs
2026-05-28T00:50:01.058492Z	info	sync complete	name=istiod analyzer attempt=1 time=33.084µs
2026-05-28T00:50:11.099621Z	info	sync complete	name=istiod analyzer attempt=1 time=36.167µs
2026-05-28T00:50:41.489914Z	info	sync complete	name=istiod analyzer attempt=1 time=37.333µs
2026-05-28T00:51:01.999328Z	info	sync complete	name=istiod analyzer attempt=1 time=27.375µs
2026-05-28T00:51:52.806982Z	info	sync complete	name=istiod analyzer attempt=1 time=26.334µs
2026-05-28T00:52:02.969977Z	info	sync complete	name=istiod analyzer attempt=1 time=28.292µs
2026-05-28T00:52:33.638246Z	info	sync complete	name=istiod analyzer attempt=1 time=44.25µs
2026-05-28T00:52:43.930246Z	info	sync complete	name=istiod analyzer attempt=1 time=32.625µs
2026-05-28T00:53:32.650921Z	info	delta	ADS: "10.30.0.14:41590" echo-5fb5d66d6-xhjw8.echo-tr-65 terminated
2026-05-28T00:53:33.026056Z	info	delta	ADS: new delta connection for node:echo-5fb5d66d6-xhjw8.echo-tr-67
2026-05-28T00:53:33.026437Z	info	delta	CDS: PUSH request for node:echo-5fb5d66d6-xhjw8.echo-tr resources:23 removed:0 size:24.1kB cached:19/19 filtered:0
2026-05-28T00:53:33.027275Z	info	delta	EDS: PUSH request for node:echo-5fb5d66d6-xhjw8.echo-tr resources:19 removed:0 size:4.0kB empty:0 cached:19/19 filtered:0
2026-05-28T00:53:33.028272Z	info	delta	LDS: PUSH request for node:echo-5fb5d66d6-xhjw8.echo-tr resources:20 removed:0 size:83.7kB filtered:0
2026-05-28T00:53:33.028398Z	info	delta	NDS: PUSH request for node:echo-5fb5d66d6-xhjw8.echo-tr resources:1 removed:0 size:1.2kB
2026-05-28T00:53:33.028692Z	info	delta	RDS: PUSH request for node:echo-5fb5d66d6-xhjw8.echo-tr resources:10 removed:0 size:8.6kB cached:7/10 filtered:0
2026-05-28T00:54:25.638617Z	info	sync complete	name=istiod analyzer attempt=1 time=28.291µs
2026-05-28T00:54:36.042540Z	info	sync complete	name=istiod analyzer attempt=1 time=27.375µs
2026-05-28T00:54:46.350188Z	info	sync complete	name=istiod analyzer attempt=1 time=34.125µs
2026-05-28T00:54:56.705198Z	info	sync complete	name=istiod analyzer attempt=1 time=25.667µs
2026-05-28T00:55:17.149342Z	info	sync complete	name=istiod analyzer attempt=1 time=53.125µs
2026-05-28T00:55:27.326208Z	info	sync complete	name=istiod analyzer attempt=1 time=24.75µs
2026-05-28T00:55:47.899889Z	info	sync complete	name=istiod analyzer attempt=1 time=27.667µs
2026-05-28T00:55:58.078854Z	info	sync complete	name=istiod analyzer attempt=1 time=26.792µs
2026-05-28T00:56:48.514402Z	info	sync complete	name=istiod analyzer attempt=1 time=36.333µs
2026-05-28T00:56:58.559823Z	info	sync complete	name=istiod analyzer attempt=1 time=25.416µs
2026-05-28T00:57:39.657174Z	info	sync complete	name=istiod analyzer attempt=1 time=27.375µs
2026-05-28T00:57:46.618181Z	info	delta	ADS: "10.30.0.15:58732" echo-tr-gateway-67dd96d555-q7s44.echo-tr-66 terminated
2026-05-28T00:57:46.680147Z	info	delta	ADS: new delta connection for node:echo-tr-gateway-67dd96d555-q7s44.echo-tr-68
2026-05-28T00:57:46.680269Z	info	delta	CDS: PUSH request for node:echo-tr-gateway-67dd96d555-q7s44.echo-tr resources:2 removed:0 size:1.1kB cached:1/1 filtered:0
2026-05-28T00:57:46.681707Z	info	delta	LDS: PUSH request for node:echo-tr-gateway-67dd96d555-q7s44.echo-tr resources:2 removed:0 size:11.3kB filtered:0
2026-05-28T00:57:46.682138Z	info	delta	EDS: PUSH request for node:echo-tr-gateway-67dd96d555-q7s44.echo-tr resources:1 removed:0 size:228B empty:0 cached:1/1 filtered:0
2026-05-28T00:57:46.682264Z	info	delta	RDS: PUSH request for node:echo-tr-gateway-67dd96d555-q7s44.echo-tr resources:2 removed:0 size:1.4kB cached:0/0 filtered:0
2026-05-28T00:57:50.020063Z	info	sync complete	name=istiod analyzer attempt=1 time=28.291µs
2026-05-28T00:58:20.722641Z	info	sync complete	name=istiod analyzer attempt=1 time=36.292µs
2026-05-28T00:58:31.023799Z	info	sync complete	name=istiod analyzer attempt=1 time=27.458µs
2026-05-28T01:00:02.997738Z	info	sync complete	name=istiod analyzer attempt=1 time=24.5µs
2026-05-28T01:00:23.255079Z	info	sync complete	name=istiod analyzer attempt=1 time=28µs
2026-05-28T01:01:34.653862Z	info	sync complete	name=istiod analyzer attempt=1 time=26.5µs
2026-05-28T01:01:44.742087Z	info	sync complete	name=istiod analyzer attempt=1 time=24.375µs
2026-05-28T01:03:16.599401Z	info	sync complete	name=istiod analyzer attempt=1 time=30.916µs
2026-05-28T01:03:26.784080Z	info	sync complete	name=istiod analyzer attempt=1 time=24.333µs
2026-05-28T01:03:57.161899Z	info	sync complete	name=istiod analyzer attempt=1 time=42µs
2026-05-28T01:04:07.218959Z	info	sync complete	name=istiod analyzer attempt=1 time=37.667µs
2026-05-28T01:04:37.749927Z	info	sync complete	name=istiod analyzer attempt=1 time=28.958µs
2026-05-28T01:04:47.816854Z	info	sync complete	name=istiod analyzer attempt=1 time=28.667µs
2026-05-28T01:04:58.094311Z	info	sync complete	name=istiod analyzer attempt=1 time=24.208µs
2026-05-28T01:05:08.431822Z	info	sync complete	name=istiod analyzer attempt=1 time=34.667µs
2026-05-28T01:05:38.991426Z	info	sync complete	name=istiod analyzer attempt=1 time=29.792µs
2026-05-28T01:05:59.372408Z	info	sync complete	name=istiod analyzer attempt=1 time=27.917µs
2026-05-28T01:07:31.343632Z	info	sync complete	name=istiod analyzer attempt=1 time=26.416µs
2026-05-28T01:07:41.453761Z	info	sync complete	name=istiod analyzer attempt=1 time=26.583µs
2026-05-28T01:07:51.545492Z	info	sync complete	name=istiod analyzer attempt=1 time=31.042µs
2026-05-28T01:08:01.787729Z	info	sync complete	name=istiod analyzer attempt=1 time=36.375µs
2026-05-28T01:08:42.390191Z	info	sync complete	name=istiod analyzer attempt=1 time=26.833µs
2026-05-28T01:08:52.546722Z	info	sync complete	name=istiod analyzer attempt=1 time=36.667µs
2026-05-28T01:09:23.315726Z	info	sync complete	name=istiod analyzer attempt=1 time=36.959µs
2026-05-28T01:09:33.477852Z	info	sync complete	name=istiod analyzer attempt=1 time=33.584µs
2026-05-28T01:12:07.455341Z	info	sync complete	name=istiod analyzer attempt=1 time=26.042µs
2026-05-28T01:12:17.627975Z	info	sync complete	name=istiod analyzer attempt=1 time=54.75µs
2026-05-28T01:12:27.999746Z	info	sync complete	name=istiod analyzer attempt=1 time=33.75µs
2026-05-28T01:12:38.223952Z	info	sync complete	name=istiod analyzer attempt=1 time=27.959µs
2026-05-28T01:15:00.788950Z	info	sync complete	name=istiod analyzer attempt=1 time=88.041µs
2026-05-28T01:15:10.829027Z	info	sync complete	name=istiod analyzer attempt=1 time=44.375µs
2026-05-28T01:15:20.887713Z	info	sync complete	name=istiod analyzer attempt=1 time=28.708µs
2026-05-28T01:15:41.427574Z	info	sync complete	name=istiod analyzer attempt=1 time=27.875µs
2026-05-28T01:15:51.484070Z	info	sync complete	name=istiod analyzer attempt=1 time=27.583µs
2026-05-28T01:17:13.456843Z	info	sync complete	name=istiod analyzer attempt=1 time=37.334µs
2026-05-28T01:17:23.776051Z	info	sync complete	name=istiod analyzer attempt=1 time=26.125µs
2026-05-28T01:17:33.954922Z	info	sync complete	name=istiod analyzer attempt=1 time=24.667µs
2026-05-28T01:17:44.179139Z	info	sync complete	name=istiod analyzer attempt=1 time=27.125µs
2026-05-28T01:17:54.544117Z	info	sync complete	name=istiod analyzer attempt=1 time=24.292µs
2026-05-28T01:18:04.673613Z	info	sync complete	name=istiod analyzer attempt=1 time=37.333µs
2026-05-28T01:18:14.829830Z	info	sync complete	name=istiod analyzer attempt=1 time=36.958µs
2026-05-28T01:18:24.845848Z	info	sync complete	name=istiod analyzer attempt=1 time=29.167µs
2026-05-28T01:18:45.300283Z	info	sync complete	name=istiod analyzer attempt=1 time=23.625µs
2026-05-28T01:18:55.468995Z	info	sync complete	name=istiod analyzer attempt=1 time=40.708µs
2026-05-28T01:19:05.740215Z	info	sync complete	name=istiod analyzer attempt=1 time=25.459µs
2026-05-28T01:19:15.997674Z	info	sync complete	name=istiod analyzer attempt=1 time=43.291µs
2026-05-28T01:19:57.019589Z	info	sync complete	name=istiod analyzer attempt=1 time=40.75µs
2026-05-28T01:20:07.100020Z	info	sync complete	name=istiod analyzer attempt=1 time=26µs
2026-05-28T01:20:17.495798Z	info	sync complete	name=istiod analyzer attempt=1 time=26.167µs
2026-05-28T01:21:39.025054Z	info	sync complete	name=istiod analyzer attempt=1 time=28.541µs
2026-05-28T01:21:46.696594Z	info	delta	ADS: "10.30.0.14:42778" echo-5fb5d66d6-xhjw8.echo-tr-67 terminated
2026-05-28T01:21:47.087942Z	info	delta	ADS: new delta connection for node:echo-5fb5d66d6-xhjw8.echo-tr-69
2026-05-28T01:21:47.088410Z	info	delta	CDS: PUSH request for node:echo-5fb5d66d6-xhjw8.echo-tr resources:23 removed:0 size:24.1kB cached:19/19 filtered:0
2026-05-28T01:21:47.088903Z	info	delta	EDS: PUSH request for node:echo-5fb5d66d6-xhjw8.echo-tr resources:19 removed:0 size:4.0kB empty:0 cached:19/19 filtered:0
2026-05-28T01:21:47.090938Z	info	delta	LDS: PUSH request for node:echo-5fb5d66d6-xhjw8.echo-tr resources:20 removed:0 size:83.7kB filtered:0
2026-05-28T01:21:47.091158Z	info	delta	NDS: PUSH request for node:echo-5fb5d66d6-xhjw8.echo-tr resources:1 removed:0 size:1.2kB
2026-05-28T01:21:47.091390Z	info	delta	RDS: PUSH request for node:echo-5fb5d66d6-xhjw8.echo-tr resources:10 removed:0 size:8.6kB cached:8/10 filtered:0
2026-05-28T01:21:49.401597Z	info	sync complete	name=istiod analyzer attempt=1 time=38.584µs
2026-05-28T01:22:20.041361Z	info	sync complete	name=istiod analyzer attempt=1 time=34µs
2026-05-28T01:22:30.233503Z	info	sync complete	name=istiod analyzer attempt=1 time=28.5µs
2026-05-28T01:24:01.885345Z	info	sync complete	name=istiod analyzer attempt=1 time=25.167µs
2026-05-28T01:24:12.029878Z	info	sync complete	name=istiod analyzer attempt=1 time=24.75µs
2026-05-28T01:24:32.407921Z	info	sync complete	name=istiod analyzer attempt=1 time=43.292µs
2026-05-28T01:24:42.766674Z	info	sync complete	name=istiod analyzer attempt=1 time=29.333µs
2026-05-28T01:24:52.846444Z	info	sync complete	name=istiod analyzer attempt=1 time=24.583µs
2026-05-28T01:25:03.225611Z	info	sync complete	name=istiod analyzer attempt=1 time=34.25µs
2026-05-28T01:26:04.604848Z	info	sync complete	name=istiod analyzer attempt=1 time=43.708µs
2026-05-28T01:26:14.952093Z	info	sync complete	name=istiod analyzer attempt=1 time=24.333µs
2026-05-28T01:26:25.287042Z	info	sync complete	name=istiod analyzer attempt=1 time=28.708µs
2026-05-28T01:26:35.675245Z	info	sync complete	name=istiod analyzer attempt=1 time=24.958µs
2026-05-28T01:27:46.553296Z	info	sync complete	name=istiod analyzer attempt=1 time=44.042µs
2026-05-28T01:27:56.828457Z	info	sync complete	name=istiod analyzer attempt=1 time=27.209µs
2026-05-28T01:28:37.714138Z	info	sync complete	name=istiod analyzer attempt=1 time=35.875µs
2026-05-28T01:28:47.879410Z	info	sync complete	name=istiod analyzer attempt=1 time=26.75µs
2026-05-28T01:28:58.110159Z	info	sync complete	name=istiod analyzer attempt=1 time=34.583µs
2026-05-28T01:29:08.117243Z	info	sync complete	name=istiod analyzer attempt=1 time=24.417µs
2026-05-28T01:29:42.709672Z	info	delta	ADS: "10.30.0.15:42164" echo-tr-gateway-67dd96d555-q7s44.echo-tr-68 terminated
2026-05-28T01:29:42.820682Z	info	delta	ADS: new delta connection for node:echo-tr-gateway-67dd96d555-q7s44.echo-tr-70
2026-05-28T01:29:42.820812Z	info	delta	CDS: PUSH request for node:echo-tr-gateway-67dd96d555-q7s44.echo-tr resources:2 removed:0 size:1.1kB cached:1/1 filtered:0
2026-05-28T01:29:42.822948Z	info	delta	LDS: PUSH request for node:echo-tr-gateway-67dd96d555-q7s44.echo-tr resources:2 removed:0 size:11.3kB filtered:0
2026-05-28T01:29:42.823475Z	info	delta	EDS: PUSH request for node:echo-tr-gateway-67dd96d555-q7s44.echo-tr resources:1 removed:0 size:228B empty:0 cached:1/1 filtered:0
2026-05-28T01:29:42.823627Z	info	delta	RDS: PUSH request for node:echo-tr-gateway-67dd96d555-q7s44.echo-tr resources:2 removed:0 size:1.4kB cached:0/0 filtered:0
2026-05-28T01:29:49.187871Z	info	sync complete	name=istiod analyzer attempt=1 time=27.042µs
2026-05-28T01:30:09.330592Z	info	sync complete	name=istiod analyzer attempt=1 time=31.125µs
2026-05-28T01:31:10.589945Z	info	sync complete	name=istiod analyzer attempt=1 time=29.375µs
2026-05-28T01:31:20.746407Z	info	sync complete	name=istiod analyzer attempt=1 time=28.667µs
2026-05-28T01:31:30.984529Z	info	sync complete	name=istiod analyzer attempt=1 time=27.708µs
2026-05-28T01:32:01.650731Z	info	sync complete	name=istiod analyzer attempt=1 time=24.875µs
2026-05-28T01:32:11.985902Z	info	sync complete	name=istiod analyzer attempt=1 time=31.833µs
2026-05-28T01:32:22.153061Z	info	sync complete	name=istiod analyzer attempt=1 time=26µs
2026-05-28T01:32:32.233946Z	info	sync complete	name=istiod analyzer attempt=1 time=26.208µs
2026-05-28T01:32:42.440069Z	info	sync complete	name=istiod analyzer attempt=1 time=29.041µs
2026-05-28T01:33:03.110260Z	info	sync complete	name=istiod analyzer attempt=1 time=24.458µs
2026-05-28T01:33:43.865518Z	info	sync complete	name=istiod analyzer attempt=1 time=39.709µs
2026-05-28T01:33:53.980647Z	info	sync complete	name=istiod analyzer attempt=1 time=26.959µs
2026-05-28T01:34:04.265480Z	info	sync complete	name=istiod analyzer attempt=1 time=26.375µs
2026-05-28T01:34:14.339616Z	info	sync complete	name=istiod analyzer attempt=1 time=22.459µs
2026-05-28T01:34:34.996958Z	info	sync complete	name=istiod analyzer attempt=1 time=38µs
2026-05-28T01:34:45.288138Z	info	sync complete	name=istiod analyzer attempt=1 time=27.584µs
2026-05-28T01:35:15.909479Z	info	sync complete	name=istiod analyzer attempt=1 time=27.416µs
2026-05-28T01:35:25.940301Z	info	sync complete	name=istiod analyzer attempt=1 time=30.208µs
2026-05-28T01:35:46.440748Z	info	sync complete	name=istiod analyzer attempt=1 time=25.958µs
2026-05-28T01:35:56.542765Z	info	sync complete	name=istiod analyzer attempt=1 time=37.166µs
2026-05-28T01:36:06.608440Z	info	sync complete	name=istiod analyzer attempt=1 time=28.917µs
2026-05-28T01:36:16.968671Z	info	sync complete	name=istiod analyzer attempt=1 time=24.709µs
2026-05-28T01:36:27.205908Z	info	sync complete	name=istiod analyzer attempt=1 time=26.166µs
2026-05-28T01:37:18.050232Z	info	sync complete	name=istiod analyzer attempt=1 time=41.25µs
2026-05-28T01:37:28.116531Z	info	sync complete	name=istiod analyzer attempt=1 time=25.667µs
2026-05-28T01:37:58.910287Z	info	sync complete	name=istiod analyzer attempt=1 time=26.959µs
2026-05-28T01:38:19.534670Z	info	sync complete	name=istiod analyzer attempt=1 time=48.875µs
2026-05-28T01:38:39.878838Z	info	sync complete	name=istiod analyzer attempt=1 time=28.583µs
2026-05-28T01:39:00.124877Z	info	sync complete	name=istiod analyzer attempt=1 time=32.125µs
2026-05-28T01:39:20.633312Z	info	sync complete	name=istiod analyzer attempt=1 time=25.083µs
2026-05-28T01:39:30.948138Z	info	sync complete	name=istiod analyzer attempt=1 time=26.875µs
2026-05-28T01:39:51.011618Z	info	sync complete	name=istiod analyzer attempt=1 time=31.75µs
2026-05-28T01:40:11.627438Z	info	sync complete	name=istiod analyzer attempt=1 time=26.834µs
2026-05-28T01:40:31.934044Z	info	sync complete	name=istiod analyzer attempt=1 time=30.417µs
2026-05-28T01:40:52.247078Z	info	sync complete	name=istiod analyzer attempt=1 time=24.917µs
2026-05-28T01:41:12.867090Z	info	sync complete	name=istiod analyzer attempt=1 time=45.834µs
2026-05-28T01:41:23.034183Z	info	sync complete	name=istiod analyzer attempt=1 time=29.125µs
2026-05-28T01:41:33.351364Z	info	sync complete	name=istiod analyzer attempt=1 time=32.459µs
2026-05-28T01:42:04.114262Z	info	sync complete	name=istiod analyzer attempt=1 time=26.916µs
2026-05-28T01:42:14.147493Z	info	sync complete	name=istiod analyzer attempt=1 time=27.333µs
2026-05-28T01:42:44.679911Z	info	sync complete	name=istiod analyzer attempt=1 time=33.584µs
2026-05-28T01:43:05.396587Z	info	sync complete	name=istiod analyzer attempt=1 time=30.666µs
2026-05-28T01:43:36.178558Z	info	sync complete	name=istiod analyzer attempt=1 time=34.417µs
2026-05-28T01:43:46.505371Z	info	sync complete	name=istiod analyzer attempt=1 time=87.542µs
2026-05-28T01:43:56.771688Z	info	sync complete	name=istiod analyzer attempt=1 time=39.792µs
2026-05-28T01:44:17.196898Z	info	sync complete	name=istiod analyzer attempt=1 time=48.833µs
2026-05-28T01:44:27.398093Z	info	sync complete	name=istiod analyzer attempt=1 time=36µs
2026-05-28T01:45:18.237064Z	info	sync complete	name=istiod analyzer attempt=1 time=25.042µs
2026-05-28T01:45:28.442375Z	info	sync complete	name=istiod analyzer attempt=1 time=27.208µs
2026-05-28T01:45:59.173338Z	info	sync complete	name=istiod analyzer attempt=1 time=27.125µs
2026-05-28T01:46:09.402441Z	info	sync complete	name=istiod analyzer attempt=1 time=25.375µs
2026-05-28T01:46:19.702513Z	info	sync complete	name=istiod analyzer attempt=1 time=26.959µs
2026-05-28T01:47:00.585747Z	info	sync complete	name=istiod analyzer attempt=1 time=29.291µs
2026-05-28T01:47:20.915445Z	info	sync complete	name=istiod analyzer attempt=1 time=26.208µs
2026-05-28T01:47:31.079858Z	info	sync complete	name=istiod analyzer attempt=1 time=37.917µs
2026-05-28T01:47:41.154584Z	info	sync complete	name=istiod analyzer attempt=1 time=27.75µs
2026-05-28T01:48:22.017870Z	info	sync complete	name=istiod analyzer attempt=1 time=34.625µs
2026-05-28T01:48:32.287129Z	info	sync complete	name=istiod analyzer attempt=1 time=24.583µs
2026-05-28T01:48:52.853216Z	info	sync complete	name=istiod analyzer attempt=1 time=33.708µs
2026-05-28T01:49:02.900210Z	info	sync complete	name=istiod analyzer attempt=1 time=27.25µs
2026-05-28T01:50:45.145397Z	info	sync complete	name=istiod analyzer attempt=1 time=25.792µs
2026-05-28T01:50:55.166289Z	info	sync complete	name=istiod analyzer attempt=1 time=28.458µs
2026-05-28T01:51:56.247817Z	info	sync complete	name=istiod analyzer attempt=1 time=26.875µs
2026-05-28T01:52:06.337784Z	info	sync complete	name=istiod analyzer attempt=1 time=25.375µs
2026-05-28T01:52:26.606210Z	info	sync complete	name=istiod analyzer attempt=1 time=38.792µs
2026-05-28T01:52:36.676223Z	info	sync complete	name=istiod analyzer attempt=1 time=33.917µs
2026-05-28T01:52:40.363334Z	info	delta	ADS: "10.30.0.14:43802" echo-5fb5d66d6-xhjw8.echo-tr-69 terminated
2026-05-28T01:52:40.399955Z	info	delta	ADS: new delta connection for node:echo-5fb5d66d6-xhjw8.echo-tr-71
2026-05-28T01:52:40.400309Z	info	delta	CDS: PUSH request for node:echo-5fb5d66d6-xhjw8.echo-tr resources:23 removed:0 size:24.1kB cached:19/19 filtered:0
2026-05-28T01:52:40.400923Z	info	delta	EDS: PUSH request for node:echo-5fb5d66d6-xhjw8.echo-tr resources:19 removed:0 size:4.0kB empty:0 cached:19/19 filtered:0
2026-05-28T01:52:40.402263Z	info	delta	LDS: PUSH request for node:echo-5fb5d66d6-xhjw8.echo-tr resources:20 removed:0 size:83.7kB filtered:0
2026-05-28T01:52:40.402364Z	info	delta	NDS: PUSH request for node:echo-5fb5d66d6-xhjw8.echo-tr resources:1 removed:0 size:1.2kB
2026-05-28T01:52:40.402572Z	info	delta	RDS: PUSH request for node:echo-5fb5d66d6-xhjw8.echo-tr resources:10 removed:0 size:8.6kB cached:8/10 filtered:0
2026-05-28T01:52:46.864353Z	info	sync complete	name=istiod analyzer attempt=1 time=24.708µs
2026-05-28T01:52:57.051454Z	info	sync complete	name=istiod analyzer attempt=1 time=29.75µs
2026-05-28T01:53:07.250113Z	info	sync complete	name=istiod analyzer attempt=1 time=26.458µs
2026-05-28T01:53:17.280518Z	info	sync complete	name=istiod analyzer attempt=1 time=25.708µs
2026-05-28T01:54:59.283074Z	info	sync complete	name=istiod analyzer attempt=1 time=26.417µs
2026-05-28T01:55:09.434642Z	info	sync complete	name=istiod analyzer attempt=1 time=42.5µs
2026-05-28T01:55:29.625922Z	info	sync complete	name=istiod analyzer attempt=1 time=30.959µs
2026-05-28T01:55:39.713041Z	info	sync complete	name=istiod analyzer attempt=1 time=30µs
2026-05-28T01:56:10.187461Z	info	sync complete	name=istiod analyzer attempt=1 time=32.5µs
2026-05-28T01:56:20.224741Z	info	sync complete	name=istiod analyzer attempt=1 time=28.208µs
2026-05-28T01:57:10.706896Z	info	sync complete	name=istiod analyzer attempt=1 time=27.292µs
2026-05-28T01:57:20.913925Z	info	sync complete	name=istiod analyzer attempt=1 time=27.417µs
2026-05-28T01:57:41.468075Z	info	sync complete	name=istiod analyzer attempt=1 time=29.541µs
2026-05-28T01:57:51.579513Z	info	sync complete	name=istiod analyzer attempt=1 time=26.375µs
2026-05-28T01:58:22.070589Z	info	sync complete	name=istiod analyzer attempt=1 time=23.417µs
2026-05-28T01:58:42.407311Z	info	sync complete	name=istiod analyzer attempt=1 time=40.5µs
2026-05-28T01:58:50.769463Z	info	delta	ADS: "10.30.0.15:41758" echo-tr-gateway-67dd96d555-q7s44.echo-tr-70 terminated
2026-05-28T01:58:50.841905Z	info	delta	ADS: new delta connection for node:echo-tr-gateway-67dd96d555-q7s44.echo-tr-72
2026-05-28T01:58:50.842037Z	info	delta	CDS: PUSH request for node:echo-tr-gateway-67dd96d555-q7s44.echo-tr resources:2 removed:0 size:1.1kB cached:1/1 filtered:0
2026-05-28T01:58:50.843997Z	info	delta	LDS: PUSH request for node:echo-tr-gateway-67dd96d555-q7s44.echo-tr resources:2 removed:0 size:11.3kB filtered:0
2026-05-28T01:58:50.844030Z	info	delta	EDS: PUSH request for node:echo-tr-gateway-67dd96d555-q7s44.echo-tr resources:1 removed:0 size:228B empty:0 cached:1/1 filtered:0
2026-05-28T01:58:50.844119Z	info	delta	RDS: PUSH request for node:echo-tr-gateway-67dd96d555-q7s44.echo-tr resources:2 removed:0 size:1.4kB cached:0/0 filtered:0
2026-05-28T01:59:03.041692Z	info	sync complete	name=istiod analyzer attempt=1 time=60.792µs
2026-05-28T01:59:13.156899Z	info	sync complete	name=istiod analyzer attempt=1 time=35.208µs
2026-05-28T01:59:33.525547Z	info	sync complete	name=istiod analyzer attempt=1 time=24.958µs
2026-05-28T01:59:54.098277Z	info	sync complete	name=istiod analyzer attempt=1 time=37.666µs
2026-05-28T02:00:04.291174Z	info	sync complete	name=istiod analyzer attempt=1 time=34.958µs
2026-05-28T02:00:24.852412Z	info	sync complete	name=istiod analyzer attempt=1 time=30.667µs
2026-05-28T02:00:34.974461Z	info	sync complete	name=istiod analyzer attempt=1 time=31.416µs
2026-05-28T02:00:55.473320Z	info	sync complete	name=istiod analyzer attempt=1 time=27.792µs
2026-05-28T02:01:15.593778Z	info	sync complete	name=istiod analyzer attempt=1 time=34.791µs
2026-05-28T02:01:25.825885Z	info	sync complete	name=istiod analyzer attempt=1 time=25.125µs
2026-05-28T02:02:17.059166Z	info	sync complete	name=istiod analyzer attempt=1 time=37.25µs
2026-05-28T02:02:27.113701Z	info	sync complete	name=istiod analyzer attempt=1 time=34.875µs
2026-05-28T02:02:47.606133Z	info	sync complete	name=istiod analyzer attempt=1 time=27.625µs
2026-05-28T02:02:57.781441Z	info	sync complete	name=istiod analyzer attempt=1 time=28.959µs
2026-05-28T02:04:30.057937Z	info	sync complete	name=istiod analyzer attempt=1 time=30.333µs
2026-05-28T02:04:40.218779Z	info	sync complete	name=istiod analyzer attempt=1 time=29.375µs
2026-05-28T02:04:50.609138Z	info	sync complete	name=istiod analyzer attempt=1 time=27.084µs
2026-05-28T02:05:10.820057Z	info	sync complete	name=istiod analyzer attempt=1 time=31.084µs
2026-05-28T02:05:20.845422Z	info	sync complete	name=istiod analyzer attempt=1 time=26.667µs
2026-05-28T02:05:51.374849Z	info	sync complete	name=istiod analyzer attempt=1 time=52.958µs
2026-05-28T02:06:01.499066Z	info	sync complete	name=istiod analyzer attempt=1 time=32.375µs
2026-05-28T02:06:11.570582Z	info	sync complete	name=istiod analyzer attempt=1 time=24.667µs
2026-05-28T02:06:21.848066Z	info	sync complete	name=istiod analyzer attempt=1 time=34.833µs
2026-05-28T02:06:32.180228Z	info	sync complete	name=istiod analyzer attempt=1 time=25.875µs
2026-05-28T02:07:22.927943Z	info	sync complete	name=istiod analyzer attempt=1 time=30.75µs
2026-05-28T02:07:33.164172Z	info	sync complete	name=istiod analyzer attempt=1 time=24.291µs
2026-05-28T02:07:43.534286Z	info	sync complete	name=istiod analyzer attempt=1 time=53.125µs
2026-05-28T02:07:53.918302Z	info	sync complete	name=istiod analyzer attempt=1 time=25.25µs
2026-05-28T02:09:45.639894Z	info	sync complete	name=istiod analyzer attempt=1 time=31.25µs
2026-05-28T02:09:55.794896Z	info	sync complete	name=istiod analyzer attempt=1 time=25.083µs
2026-05-28T02:10:26.692084Z	info	sync complete	name=istiod analyzer attempt=1 time=30.084µs
2026-05-28T02:10:36.765190Z	info	sync complete	name=istiod analyzer attempt=1 time=24.709µs
2026-05-28T02:10:46.840412Z	info	sync complete	name=istiod analyzer attempt=1 time=26.833µs
2026-05-28T02:10:57.221506Z	info	sync complete	name=istiod analyzer attempt=1 time=34.333µs
2026-05-28T02:11:07.351598Z	info	sync complete	name=istiod analyzer attempt=1 time=24.542µs
2026-05-28T02:11:17.508848Z	info	sync complete	name=istiod analyzer attempt=1 time=31.291µs
2026-05-28T02:11:58.514927Z	info	sync complete	name=istiod analyzer attempt=1 time=25.417µs
2026-05-28T02:12:19.096265Z	info	sync complete	name=istiod analyzer attempt=1 time=39.208µs
2026-05-28T02:12:29.177288Z	info	sync complete	name=istiod analyzer attempt=1 time=27.208µs
2026-05-28T02:12:39.433385Z	info	sync complete	name=istiod analyzer attempt=1 time=31.583µs
2026-05-28T02:12:49.647049Z	info	sync complete	name=istiod analyzer attempt=1 time=33.542µs
2026-05-28T02:12:59.765146Z	info	sync complete	name=istiod analyzer attempt=1 time=25.667µs
2026-05-28T02:13:30.475132Z	info	sync complete	name=istiod analyzer attempt=1 time=24.625µs
2026-05-28T02:13:40.676171Z	info	sync complete	name=istiod analyzer attempt=1 time=26.291µs
2026-05-28T02:14:00.919572Z	info	sync complete	name=istiod analyzer attempt=1 time=28.417µs
2026-05-28T02:14:11.162392Z	info	sync complete	name=istiod analyzer attempt=1 time=31.75µs
2026-05-28T02:14:21.272720Z	info	sync complete	name=istiod analyzer attempt=1 time=25.583µs
2026-05-28T02:14:31.291703Z	info	sync complete	name=istiod analyzer attempt=1 time=61.25µs
2026-05-28T02:14:51.779374Z	info	sync complete	name=istiod analyzer attempt=1 time=34.958µs
2026-05-28T02:15:02.035864Z	info	sync complete	name=istiod analyzer attempt=1 time=45.75µs
2026-05-28T02:15:52.740583Z	info	sync complete	name=istiod analyzer attempt=1 time=30.167µs
2026-05-28T02:16:03.083444Z	info	sync complete	name=istiod analyzer attempt=1 time=29.875µs
2026-05-28T02:16:23.457080Z	info	sync complete	name=istiod analyzer attempt=1 time=32.791µs
2026-05-28T02:16:33.749934Z	info	sync complete	name=istiod analyzer attempt=1 time=38.709µs
2026-05-28T02:17:14.290238Z	info	sync complete	name=istiod analyzer attempt=1 time=29.208µs
2026-05-28T02:17:24.362201Z	info	sync complete	name=istiod analyzer attempt=1 time=28.291µs
2026-05-28T02:18:45.444130Z	info	sync complete	name=istiod analyzer attempt=1 time=26.458µs
2026-05-28T02:18:55.762039Z	info	sync complete	name=istiod analyzer attempt=1 time=25.083µs
2026-05-28T02:19:15.987150Z	info	sync complete	name=istiod analyzer attempt=1 time=27.5µs
2026-05-28T02:19:26.287120Z	info	sync complete	name=istiod analyzer attempt=1 time=25.792µs
2026-05-28T02:19:36.523234Z	info	sync complete	name=istiod analyzer attempt=1 time=30.833µs
2026-05-28T02:19:46.758356Z	info	sync complete	name=istiod analyzer attempt=1 time=31.125µs
2026-05-28T02:19:57.079691Z	info	sync complete	name=istiod analyzer attempt=1 time=25.416µs
2026-05-28T02:20:17.297228Z	info	sync complete	name=istiod analyzer attempt=1 time=60.708µs
2026-05-28T02:20:37.706974Z	info	sync complete	name=istiod analyzer attempt=1 time=33.959µs
2026-05-28T02:20:58.491033Z	info	sync complete	name=istiod analyzer attempt=1 time=25.167µs
2026-05-28T02:21:08.648943Z	info	sync complete	name=istiod analyzer attempt=1 time=27.667µs
2026-05-28T02:22:10.301536Z	info	sync complete	name=istiod analyzer attempt=1 time=29.75µs
2026-05-28T02:22:20.361851Z	info	sync complete	name=istiod analyzer attempt=1 time=26.292µs
2026-05-28T02:22:31.325638Z	info	delta	ADS: "10.30.0.14:40778" echo-5fb5d66d6-xhjw8.echo-tr-71 terminated
2026-05-28T02:22:31.393405Z	info	delta	ADS: new delta connection for node:echo-5fb5d66d6-xhjw8.echo-tr-73
2026-05-28T02:22:31.393763Z	info	delta	CDS: PUSH request for node:echo-5fb5d66d6-xhjw8.echo-tr resources:23 removed:0 size:24.1kB cached:19/19 filtered:0
2026-05-28T02:22:31.395189Z	info	delta	EDS: PUSH request for node:echo-5fb5d66d6-xhjw8.echo-tr resources:19 removed:0 size:4.0kB empty:0 cached:19/19 filtered:0
2026-05-28T02:22:31.396200Z	info	delta	LDS: PUSH request for node:echo-5fb5d66d6-xhjw8.echo-tr resources:20 removed:0 size:83.7kB filtered:0
2026-05-28T02:22:31.396326Z	info	delta	NDS: PUSH request for node:echo-5fb5d66d6-xhjw8.echo-tr resources:1 removed:0 size:1.2kB
2026-05-28T02:22:31.396625Z	info	delta	RDS: PUSH request for node:echo-5fb5d66d6-xhjw8.echo-tr resources:10 removed:0 size:8.6kB cached:7/10 filtered:0
2026-05-28T02:24:02.419566Z	info	sync complete	name=istiod analyzer attempt=1 time=28.459µs
2026-05-28T02:24:12.698529Z	info	sync complete	name=istiod analyzer attempt=1 time=27.541µs
2026-05-28T02:24:22.743608Z	info	sync complete	name=istiod analyzer attempt=1 time=26.458µs
2026-05-28T02:24:32.910678Z	info	sync complete	name=istiod analyzer attempt=1 time=24.583µs
2026-05-28T02:25:13.471148Z	info	sync complete	name=istiod analyzer attempt=1 time=50.583µs
2026-05-28T02:25:23.615171Z	info	sync complete	name=istiod analyzer attempt=1 time=26.417µs
2026-05-28T02:26:14.428694Z	info	sync complete	name=istiod analyzer attempt=1 time=59.708µs
2026-05-28T02:26:24.771348Z	info	sync complete	name=istiod analyzer attempt=1 time=24.542µs
2026-05-28T02:26:45.186454Z	info	sync complete	name=istiod analyzer attempt=1 time=39.125µs
2026-05-28T02:26:55.202765Z	info	sync complete	name=istiod analyzer attempt=1 time=30.792µs
2026-05-28T02:28:26.303660Z	info	sync complete	name=istiod analyzer attempt=1 time=26.208µs
2026-05-28T02:28:36.506653Z	info	sync complete	name=istiod analyzer attempt=1 time=26µs
2026-05-28T02:29:37.956712Z	info	sync complete	name=istiod analyzer attempt=1 time=26µs
2026-05-28T02:29:41.235458Z	info	delta	ADS: "10.30.0.15:55548" echo-tr-gateway-67dd96d555-q7s44.echo-tr-72 terminated
2026-05-28T02:29:41.269736Z	info	delta	ADS: new delta connection for node:echo-tr-gateway-67dd96d555-q7s44.echo-tr-74
2026-05-28T02:29:41.270168Z	info	delta	CDS: PUSH request for node:echo-tr-gateway-67dd96d555-q7s44.echo-tr resources:2 removed:0 size:1.1kB cached:1/1 filtered:0
2026-05-28T02:29:41.271260Z	info	delta	LDS: PUSH request for node:echo-tr-gateway-67dd96d555-q7s44.echo-tr resources:2 removed:0 size:11.3kB filtered:0
2026-05-28T02:29:41.273233Z	info	delta	EDS: PUSH request for node:echo-tr-gateway-67dd96d555-q7s44.echo-tr resources:1 removed:0 size:228B empty:0 cached:1/1 filtered:0
2026-05-28T02:29:41.273638Z	info	delta	RDS: PUSH request for node:echo-tr-gateway-67dd96d555-q7s44.echo-tr resources:2 removed:0 size:1.4kB cached:0/0 filtered:0
2026-05-28T02:29:48.191973Z	info	sync complete	name=istiod analyzer attempt=1 time=23.542µs
2026-05-28T02:31:29.645068Z	info	sync complete	name=istiod analyzer attempt=1 time=57.375µs
2026-05-28T02:31:39.725867Z	info	sync complete	name=istiod analyzer attempt=1 time=35.5µs
2026-05-28T02:31:50.046009Z	info	sync complete	name=istiod analyzer attempt=1 time=28.375µs
2026-05-28T02:32:00.258277Z	info	sync complete	name=istiod analyzer attempt=1 time=32.667µs
2026-05-28T02:32:41.226184Z	info	sync complete	name=istiod analyzer attempt=1 time=37.75µs
2026-05-28T02:32:51.428513Z	info	sync complete	name=istiod analyzer attempt=1 time=26.417µs
2026-05-28T02:33:11.816510Z	info	sync complete	name=istiod analyzer attempt=1 time=29µs
2026-05-28T02:33:21.945896Z	info	sync complete	name=istiod analyzer attempt=1 time=27.833µs
2026-05-28T02:33:32.152019Z	info	sync complete	name=istiod analyzer attempt=1 time=40.083µs
2026-05-28T02:33:42.286036Z	info	sync complete	name=istiod analyzer attempt=1 time=31.5µs
2026-05-28T02:33:52.317034Z	info	sync complete	name=istiod analyzer attempt=1 time=29.333µs
2026-05-28T02:34:22.925339Z	info	sync complete	name=istiod analyzer attempt=1 time=26.042µs
2026-05-28T02:34:33.081408Z	info	sync complete	name=istiod analyzer attempt=1 time=49.208µs
2026-05-28T02:34:43.277690Z	info	sync complete	name=istiod analyzer attempt=1 time=35.917µs
2026-05-28T02:35:13.751812Z	info	sync complete	name=istiod analyzer attempt=1 time=42.209µs
2026-05-28T02:35:23.792957Z	info	sync complete	name=istiod analyzer attempt=1 time=25.709µs
2026-05-28T02:37:15.163980Z	info	sync complete	name=istiod analyzer attempt=1 time=28µs
2026-05-28T02:37:25.383410Z	info	sync complete	name=istiod analyzer attempt=1 time=39.667µs
2026-05-28T02:38:57.346939Z	info	sync complete	name=istiod analyzer attempt=1 time=28.375µs
2026-05-28T02:39:07.681687Z	info	sync complete	name=istiod analyzer attempt=1 time=27.125µs
2026-05-28T02:39:17.904137Z	info	sync complete	name=istiod analyzer attempt=1 time=24.792µs
2026-05-28T02:39:27.995431Z	info	sync complete	name=istiod analyzer attempt=1 time=23.625µs
2026-05-28T02:40:18.832685Z	info	sync complete	name=istiod analyzer attempt=1 time=26.208µs
2026-05-28T02:40:29.019860Z	info	sync complete	name=istiod analyzer attempt=1 time=25.458µs
2026-05-28T02:40:39.257717Z	info	sync complete	name=istiod analyzer attempt=1 time=28µs
2026-05-28T02:40:49.311361Z	info	sync complete	name=istiod analyzer attempt=1 time=25.208µs
2026-05-28T02:40:59.711039Z	info	sync complete	name=istiod analyzer attempt=1 time=32.625µs
2026-05-28T02:41:09.812179Z	info	sync complete	name=istiod analyzer attempt=1 time=34.042µs
2026-05-28T02:41:30.527177Z	info	sync complete	name=istiod analyzer attempt=1 time=24.792µs
2026-05-28T02:41:40.690179Z	info	sync complete	name=istiod analyzer attempt=1 time=36.166µs
2026-05-28T02:41:51.067871Z	info	sync complete	name=istiod analyzer attempt=1 time=24.458µs
2026-05-28T02:42:01.168351Z	info	sync complete	name=istiod analyzer attempt=1 time=32.792µs
2026-05-28T02:42:11.410602Z	info	sync complete	name=istiod analyzer attempt=1 time=29.916µs
2026-05-28T02:42:41.601868Z	info	sync complete	name=istiod analyzer attempt=1 time=30.167µs
2026-05-28T02:42:51.969220Z	info	sync complete	name=istiod analyzer attempt=1 time=24.917µs
2026-05-28T02:43:53.491588Z	info	sync complete	name=istiod analyzer attempt=1 time=28.042µs
2026-05-28T02:44:03.571713Z	info	sync complete	name=istiod analyzer attempt=1 time=24.792µs
2026-05-28T02:44:13.815650Z	info	sync complete	name=istiod analyzer attempt=1 time=26.25µs
2026-05-28T02:44:34.241416Z	info	sync complete	name=istiod analyzer attempt=1 time=25.541µs
2026-05-28T02:44:54.937112Z	info	sync complete	name=istiod analyzer attempt=1 time=25.042µs
2026-05-28T02:45:05.319393Z	info	sync complete	name=istiod analyzer attempt=1 time=23.708µs
2026-05-28T02:45:25.735282Z	info	sync complete	name=istiod analyzer attempt=1 time=24.958µs
2026-05-28T02:45:35.994315Z	info	sync complete	name=istiod analyzer attempt=1 time=31.375µs
2026-05-28T02:45:56.226660Z	info	sync complete	name=istiod analyzer attempt=1 time=28.917µs
2026-05-28T02:46:06.559891Z	info	sync complete	name=istiod analyzer attempt=1 time=28.75µs
2026-05-28T02:46:16.870935Z	info	sync complete	name=istiod analyzer attempt=1 time=43µs
2026-05-28T02:46:37.170825Z	info	sync complete	name=istiod analyzer attempt=1 time=31.667µs
2026-05-28T02:46:47.235040Z	info	sync complete	name=istiod analyzer attempt=1 time=23.958µs
2026-05-28T02:47:38.203961Z	info	sync complete	name=istiod analyzer attempt=1 time=33.292µs
2026-05-28T02:47:48.344525Z	info	sync complete	name=istiod analyzer attempt=1 time=26.625µs
2026-05-28T02:49:40.609743Z	info	sync complete	name=istiod analyzer attempt=1 time=28.75µs
2026-05-28T02:49:50.832981Z	info	sync complete	name=istiod analyzer attempt=1 time=28.583µs
2026-05-28T02:51:12.433434Z	info	sync complete	name=istiod analyzer attempt=1 time=29.333µs
2026-05-28T02:51:22.786746Z	info	sync complete	name=istiod analyzer attempt=1 time=36.709µs
2026-05-28T02:51:25.703781Z	info	delta	ADS: "10.30.0.14:54992" echo-5fb5d66d6-xhjw8.echo-tr-73 terminated
2026-05-28T02:51:26.132276Z	info	delta	ADS: new delta connection for node:echo-5fb5d66d6-xhjw8.echo-tr-75
2026-05-28T02:51:26.132845Z	info	delta	CDS: PUSH request for node:echo-5fb5d66d6-xhjw8.echo-tr resources:23 removed:0 size:24.1kB cached:19/19 filtered:0
2026-05-28T02:51:26.133559Z	info	delta	EDS: PUSH request for node:echo-5fb5d66d6-xhjw8.echo-tr resources:19 removed:0 size:4.0kB empty:0 cached:19/19 filtered:0
2026-05-28T02:51:26.134932Z	info	delta	LDS: PUSH request for node:echo-5fb5d66d6-xhjw8.echo-tr resources:20 removed:0 size:83.7kB filtered:0
2026-05-28T02:51:26.135028Z	info	delta	NDS: PUSH request for node:echo-5fb5d66d6-xhjw8.echo-tr resources:1 removed:0 size:1.2kB
2026-05-28T02:51:26.135341Z	info	delta	RDS: PUSH request for node:echo-5fb5d66d6-xhjw8.echo-tr resources:10 removed:0 size:8.6kB cached:8/10 filtered:0
2026-05-28T02:51:33.190191Z	info	sync complete	name=istiod analyzer attempt=1 time=34.75µs
2026-05-28T02:51:53.511712Z	info	sync complete	name=istiod analyzer attempt=1 time=24.625µs
2026-05-28T02:52:03.585869Z	info	sync complete	name=istiod analyzer attempt=1 time=23.625µs
2026-05-28T02:52:34.146671Z	info	sync complete	name=istiod analyzer attempt=1 time=24.208µs
2026-05-28T02:54:46.809738Z	info	sync complete	name=istiod analyzer attempt=1 time=31.916µs
2026-05-28T02:54:57.055530Z	info	sync complete	name=istiod analyzer attempt=1 time=26.833µs
2026-05-28T02:56:18.941281Z	info	sync complete	name=istiod analyzer attempt=1 time=55.667µs
2026-05-28T02:56:39.555907Z	info	sync complete	name=istiod analyzer attempt=1 time=36.041µs
2026-05-28T02:56:49.918233Z	info	sync complete	name=istiod analyzer attempt=1 time=24.625µs
2026-05-28T02:56:59.952073Z	info	sync complete	name=istiod analyzer attempt=1 time=33.667µs
2026-05-28T02:57:40.260447Z	info	sync complete	name=istiod analyzer attempt=1 time=26.416µs
2026-05-28T02:57:50.595903Z	info	sync complete	name=istiod analyzer attempt=1 time=39.375µs
2026-05-28T02:58:11.338639Z	info	sync complete	name=istiod analyzer attempt=1 time=28.208µs
2026-05-28T02:58:21.581893Z	info	sync complete	name=istiod analyzer attempt=1 time=27.667µs
2026-05-28T02:58:48.113662Z	info	delta	ADS: "10.30.0.15:54856" echo-tr-gateway-67dd96d555-q7s44.echo-tr-74 terminated
2026-05-28T02:58:48.281350Z	info	delta	ADS: new delta connection for node:echo-tr-gateway-67dd96d555-q7s44.echo-tr-76
2026-05-28T02:58:48.281472Z	info	delta	CDS: PUSH request for node:echo-tr-gateway-67dd96d555-q7s44.echo-tr resources:2 removed:0 size:1.1kB cached:1/1 filtered:0
2026-05-28T02:58:48.282134Z	info	delta	LDS: PUSH request for node:echo-tr-gateway-67dd96d555-q7s44.echo-tr resources:2 removed:0 size:11.3kB filtered:0
2026-05-28T02:58:48.282366Z	info	delta	EDS: PUSH request for node:echo-tr-gateway-67dd96d555-q7s44.echo-tr resources:1 removed:0 size:228B empty:0 cached:1/1 filtered:0
2026-05-28T02:58:48.282822Z	info	delta	RDS: PUSH request for node:echo-tr-gateway-67dd96d555-q7s44.echo-tr resources:2 removed:0 size:1.4kB cached:0/0 filtered:0
2026-05-28T02:59:02.650956Z	info	sync complete	name=istiod analyzer attempt=1 time=31.75µs
2026-05-28T02:59:12.868821Z	info	sync complete	name=istiod analyzer attempt=1 time=37.125µs
2026-05-28T03:00:03.984740Z	info	sync complete	name=istiod analyzer attempt=1 time=25.375µs
2026-05-28T03:00:14.341851Z	info	sync complete	name=istiod analyzer attempt=1 time=25.083µs
2026-05-28T03:00:45.093336Z	info	sync complete	name=istiod analyzer attempt=1 time=24.959µs
2026-05-28T03:01:05.575478Z	info	sync complete	name=istiod analyzer attempt=1 time=28.542µs
2026-05-28T03:01:15.593967Z	info	sync complete	name=istiod analyzer attempt=1 time=27µs
2026-05-28T03:01:25.638971Z	info	sync complete	name=istiod analyzer attempt=1 time=28.333µs
2026-05-28T03:02:16.174327Z	info	sync complete	name=istiod analyzer attempt=1 time=30.167µs
2026-05-28T03:02:26.376371Z	info	sync complete	name=istiod analyzer attempt=1 time=25.291µs
2026-05-28T03:04:18.964570Z	info	sync complete	name=istiod analyzer attempt=1 time=29.042µs
2026-05-28T03:04:28.973561Z	info	sync complete	name=istiod analyzer attempt=1 time=28.042µs
2026-05-28T03:05:09.619353Z	info	sync complete	name=istiod analyzer attempt=1 time=30.208µs
2026-05-28T03:05:19.742452Z	info	sync complete	name=istiod analyzer attempt=1 time=25.25µs
2026-05-28T03:05:40.073906Z	info	sync complete	name=istiod analyzer attempt=1 time=30µs
2026-05-28T03:05:50.287941Z	info	sync complete	name=istiod analyzer attempt=1 time=30.959µs
2026-05-28T03:07:01.380862Z	info	sync complete	name=istiod analyzer attempt=1 time=25.625µs
2026-05-28T03:07:11.458510Z	info	sync complete	name=istiod analyzer attempt=1 time=25.334µs
2026-05-28T03:07:21.640772Z	info	sync complete	name=istiod analyzer attempt=1 time=31.75µs
2026-05-28T03:08:22.621906Z	info	sync complete	name=istiod analyzer attempt=1 time=36.375µs
2026-05-28T03:08:32.659254Z	info	sync complete	name=istiod analyzer attempt=1 time=28.083µs
2026-05-28T03:08:53.014074Z	info	sync complete	name=istiod analyzer attempt=1 time=27.125µs
2026-05-28T03:09:03.105795Z	info	sync complete	name=istiod analyzer attempt=1 time=74.791µs
2026-05-28T03:09:13.347873Z	info	sync complete	name=istiod analyzer attempt=1 time=26.25µs
2026-05-28T03:10:04.532155Z	info	sync complete	name=istiod analyzer attempt=1 time=33.083µs
2026-05-28T03:10:14.791132Z	info	sync complete	name=istiod analyzer attempt=1 time=23.917µs
2026-05-28T03:11:05.804230Z	info	sync complete	name=istiod analyzer attempt=1 time=24.333µs
2026-05-28T03:11:16.091009Z	info	sync complete	name=istiod analyzer attempt=1 time=31.042µs
2026-05-28T03:12:07.176444Z	info	sync complete	name=istiod analyzer attempt=1 time=35.292µs
2026-05-28T03:12:27.658333Z	info	sync complete	name=istiod analyzer attempt=1 time=27.708µs
2026-05-28T03:14:20.016489Z	info	sync complete	name=istiod analyzer attempt=1 time=29.542µs
2026-05-28T03:14:30.083700Z	info	sync complete	name=istiod analyzer attempt=1 time=28.583µs
2026-05-28T03:15:00.918818Z	info	sync complete	name=istiod analyzer attempt=1 time=30.833µs
2026-05-28T03:15:11.238410Z	info	sync complete	name=istiod analyzer attempt=1 time=29.167µs
2026-05-28T03:17:14.054513Z	info	sync complete	name=istiod analyzer attempt=1 time=30.291µs
2026-05-28T03:17:24.059408Z	info	sync complete	name=istiod analyzer attempt=1 time=24.708µs
2026-05-28T03:17:34.249425Z	info	sync complete	name=istiod analyzer attempt=1 time=26.917µs
2026-05-28T03:17:44.410704Z	info	sync complete	name=istiod analyzer attempt=1 time=100.584µs
2026-05-28T03:20:58.671789Z	info	sync complete	name=istiod analyzer attempt=1 time=34.417µs
2026-05-28T03:21:08.712849Z	info	sync complete	name=istiod analyzer attempt=1 time=43.333µs
2026-05-28T03:21:18.931734Z	info	sync complete	name=istiod analyzer attempt=1 time=38.5µs
2026-05-28T03:21:26.772937Z	info	delta	ADS: "10.30.0.14:54150" echo-5fb5d66d6-xhjw8.echo-tr-75 terminated
2026-05-28T03:21:27.001199Z	info	delta	ADS: new delta connection for node:echo-5fb5d66d6-xhjw8.echo-tr-77
2026-05-28T03:21:27.001601Z	info	delta	CDS: PUSH request for node:echo-5fb5d66d6-xhjw8.echo-tr resources:23 removed:0 size:24.1kB cached:19/19 filtered:0
2026-05-28T03:21:27.002138Z	info	delta	EDS: PUSH request for node:echo-5fb5d66d6-xhjw8.echo-tr resources:19 removed:0 size:4.0kB empty:0 cached:19/19 filtered:0
2026-05-28T03:21:27.003338Z	info	delta	LDS: PUSH request for node:echo-5fb5d66d6-xhjw8.echo-tr resources:20 removed:0 size:83.7kB filtered:0
2026-05-28T03:21:27.003464Z	info	delta	NDS: PUSH request for node:echo-5fb5d66d6-xhjw8.echo-tr resources:1 removed:0 size:1.2kB
2026-05-28T03:21:27.003802Z	info	delta	RDS: PUSH request for node:echo-5fb5d66d6-xhjw8.echo-tr resources:10 removed:0 size:8.6kB cached:7/10 filtered:0
2026-05-28T03:21:29.316957Z	info	sync complete	name=istiod analyzer attempt=1 time=25.541µs
2026-05-28T03:21:49.639762Z	info	sync complete	name=istiod analyzer attempt=1 time=41µs
2026-05-28T03:21:59.843056Z	info	sync complete	name=istiod analyzer attempt=1 time=34µs
2026-05-28T03:22:50.644618Z	info	sync complete	name=istiod analyzer attempt=1 time=35.5µs
2026-05-28T03:23:00.923673Z	info	sync complete	name=istiod analyzer attempt=1 time=35.958µs
2026-05-28T03:23:11.099900Z	info	sync complete	name=istiod analyzer attempt=1 time=39.458µs
2026-05-28T03:23:21.296955Z	info	sync complete	name=istiod analyzer attempt=1 time=30.75µs
2026-05-28T03:24:02.690381Z	info	sync complete	name=istiod analyzer attempt=1 time=26.459µs
2026-05-28T03:24:12.754460Z	info	sync complete	name=istiod analyzer attempt=1 time=37.5µs
2026-05-28T03:26:36.206191Z	info	sync complete	name=istiod analyzer attempt=1 time=26.25µs
2026-05-28T03:26:46.264692Z	info	sync complete	name=istiod analyzer attempt=1 time=29.417µs
2026-05-28T03:27:27.081712Z	info	sync complete	name=istiod analyzer attempt=1 time=31.041µs
2026-05-28T03:27:37.232530Z	info	sync complete	name=istiod analyzer attempt=1 time=24.208µs
2026-05-28T03:27:42.258761Z	info	delta	ADS: "10.30.0.15:36482" echo-tr-gateway-67dd96d555-q7s44.echo-tr-76 terminated
2026-05-28T03:27:42.321862Z	info	delta	ADS: new delta connection for node:echo-tr-gateway-67dd96d555-q7s44.echo-tr-78
2026-05-28T03:27:42.321988Z	info	delta	CDS: PUSH request for node:echo-tr-gateway-67dd96d555-q7s44.echo-tr resources:2 removed:0 size:1.1kB cached:1/1 filtered:0
2026-05-28T03:27:42.323281Z	info	delta	LDS: PUSH request for node:echo-tr-gateway-67dd96d555-q7s44.echo-tr resources:2 removed:0 size:11.3kB filtered:0
2026-05-28T03:27:42.323603Z	info	delta	EDS: PUSH request for node:echo-tr-gateway-67dd96d555-q7s44.echo-tr resources:1 removed:0 size:228B empty:0 cached:1/1 filtered:0
2026-05-28T03:27:42.323710Z	info	delta	RDS: PUSH request for node:echo-tr-gateway-67dd96d555-q7s44.echo-tr resources:2 removed:0 size:1.4kB cached:0/0 filtered:0
2026-05-28T03:27:47.328739Z	info	sync complete	name=istiod analyzer attempt=1 time=27µs
2026-05-28T03:27:57.707646Z	info	sync complete	name=istiod analyzer attempt=1 time=25µs
2026-05-28T03:28:07.975522Z	info	sync complete	name=istiod analyzer attempt=1 time=38.084µs
2026-05-28T03:28:18.199134Z	info	sync complete	name=istiod analyzer attempt=1 time=30.708µs
2026-05-28T03:28:28.357999Z	info	sync complete	name=istiod analyzer attempt=1 time=24.5µs
2026-05-28T03:28:38.454896Z	info	sync complete	name=istiod analyzer attempt=1 time=30.5µs
2026-05-28T03:28:48.740579Z	info	sync complete	name=istiod analyzer attempt=1 time=45.791µs
2026-05-28T03:30:01.001779Z	info	sync complete	name=istiod analyzer attempt=1 time=34.458µs
2026-05-28T03:30:11.134757Z	info	sync complete	name=istiod analyzer attempt=1 time=28.792µs
2026-05-28T03:30:41.817997Z	info	sync complete	name=istiod analyzer attempt=1 time=29.959µs
2026-05-28T03:30:51.927620Z	info	sync complete	name=istiod analyzer attempt=1 time=28.625µs
2026-05-28T03:31:53.390787Z	info	sync complete	name=istiod analyzer attempt=1 time=30.041µs
2026-05-28T03:32:03.700724Z	info	sync complete	name=istiod analyzer attempt=1 time=35.875µs
2026-05-28T03:32:24.443776Z	info	sync complete	name=istiod analyzer attempt=1 time=29.917µs
2026-05-28T03:32:34.550138Z	info	sync complete	name=istiod analyzer attempt=1 time=27.5µs
2026-05-28T03:33:05.409316Z	info	sync complete	name=istiod analyzer attempt=1 time=36.209µs
2026-05-28T03:33:15.511560Z	info	sync complete	name=istiod analyzer attempt=1 time=31.958µs
2026-05-28T03:34:37.144161Z	info	sync complete	name=istiod analyzer attempt=1 time=24.625µs
2026-05-28T03:34:47.171176Z	info	sync complete	name=istiod analyzer attempt=1 time=25.5µs
2026-05-28T03:36:18.991465Z	info	sync complete	name=istiod analyzer attempt=1 time=25.041µs
2026-05-28T03:36:29.201289Z	info	sync complete	name=istiod analyzer attempt=1 time=24.125µs
2026-05-28T03:36:49.489536Z	info	sync complete	name=istiod analyzer attempt=1 time=30.917µs
2026-05-28T03:37:09.993598Z	info	sync complete	name=istiod analyzer attempt=1 time=34.208µs
2026-05-28T03:37:20.337521Z	info	sync complete	name=istiod analyzer attempt=1 time=31.375µs
2026-05-28T03:37:30.441682Z	info	sync complete	name=istiod analyzer attempt=1 time=27.417µs
2026-05-28T03:37:40.729183Z	info	sync complete	name=istiod analyzer attempt=1 time=26.75µs
2026-05-28T03:37:50.836714Z	info	sync complete	name=istiod analyzer attempt=1 time=27.584µs
2026-05-28T03:38:00.855118Z	info	sync complete	name=istiod analyzer attempt=1 time=37.875µs
2026-05-28T03:38:31.401632Z	info	sync complete	name=istiod analyzer attempt=1 time=24.5µs
2026-05-28T03:38:41.456608Z	info	sync complete	name=istiod analyzer attempt=1 time=26.041µs
2026-05-28T03:39:21.707805Z	info	sync complete	name=istiod analyzer attempt=1 time=26.625µs
2026-05-28T03:39:31.761519Z	info	sync complete	name=istiod analyzer attempt=1 time=26.084µs
2026-05-28T03:40:12.480146Z	info	sync complete	name=istiod analyzer attempt=1 time=26.834µs
2026-05-28T03:40:22.503145Z	info	sync complete	name=istiod analyzer attempt=1 time=27.333µs
2026-05-28T03:40:42.907334Z	info	sync complete	name=istiod analyzer attempt=1 time=28.667µs
2026-05-28T03:40:53.304696Z	info	sync complete	name=istiod analyzer attempt=1 time=26µs
2026-05-28T03:41:03.656352Z	info	sync complete	name=istiod analyzer attempt=1 time=32.584µs
2026-05-28T03:41:14.057014Z	info	sync complete	name=istiod analyzer attempt=1 time=32µs
2026-05-28T03:41:24.337467Z	info	sync complete	name=istiod analyzer attempt=1 time=24.667µs
2026-05-28T03:41:34.383501Z	info	sync complete	name=istiod analyzer attempt=1 time=27.667µs
2026-05-28T03:41:44.776665Z	info	sync complete	name=istiod analyzer attempt=1 time=36.667µs
2026-05-28T03:41:54.956548Z	info	sync complete	name=istiod analyzer attempt=1 time=39µs
2026-05-28T03:42:05.022743Z	info	sync complete	name=istiod analyzer attempt=1 time=38.333µs
2026-05-28T03:42:15.411523Z	info	sync complete	name=istiod analyzer attempt=1 time=26.292µs
2026-05-28T03:42:25.447781Z	info	sync complete	name=istiod analyzer attempt=1 time=33.75µs
2026-05-28T03:43:16.333790Z	info	sync complete	name=istiod analyzer attempt=1 time=34.25µs
2026-05-28T03:43:26.635685Z	info	sync complete	name=istiod analyzer attempt=1 time=26.333µs
2026-05-28T03:45:08.633400Z	info	sync complete	name=istiod analyzer attempt=1 time=56.042µs
2026-05-28T03:45:18.734849Z	info	sync complete	name=istiod analyzer attempt=1 time=26.75µs
2026-05-28T03:45:49.616147Z	info	sync complete	name=istiod analyzer attempt=1 time=30.958µs
2026-05-28T03:46:10.235372Z	info	sync complete	name=istiod analyzer attempt=1 time=28.042µs
2026-05-28T03:46:20.553285Z	info	sync complete	name=istiod analyzer attempt=1 time=26.667µs
2026-05-28T03:46:40.806501Z	info	sync complete	name=istiod analyzer attempt=1 time=34.25µs
2026-05-28T03:46:51.195788Z	info	sync complete	name=istiod analyzer attempt=1 time=26.042µs
2026-05-28T03:48:12.871793Z	info	sync complete	name=istiod analyzer attempt=1 time=28.041µs
2026-05-28T03:48:23.003687Z	info	sync complete	name=istiod analyzer attempt=1 time=35.875µs
2026-05-28T03:48:33.341952Z	info	sync complete	name=istiod analyzer attempt=1 time=28.708µs
2026-05-28T03:48:43.418636Z	info	sync complete	name=istiod analyzer attempt=1 time=26.209µs
2026-05-28T03:48:53.431589Z	info	sync complete	name=istiod analyzer attempt=1 time=28.666µs
2026-05-28T03:49:03.684572Z	info	sync complete	name=istiod analyzer attempt=1 time=27.125µs
2026-05-28T03:50:15.018392Z	info	sync complete	name=istiod analyzer attempt=1 time=87.75µs
2026-05-28T03:50:25.079682Z	info	sync complete	name=istiod analyzer attempt=1 time=32.125µs
2026-05-28T03:50:47.919845Z	info	delta	ADS: "10.30.0.14:58862" echo-5fb5d66d6-xhjw8.echo-tr-77 terminated
2026-05-28T03:50:48.009316Z	info	delta	ADS: new delta connection for node:echo-5fb5d66d6-xhjw8.echo-tr-79
2026-05-28T03:50:48.009688Z	info	delta	CDS: PUSH request for node:echo-5fb5d66d6-xhjw8.echo-tr resources:23 removed:0 size:24.1kB cached:19/19 filtered:0
2026-05-28T03:50:48.010106Z	info	delta	EDS: PUSH request for node:echo-5fb5d66d6-xhjw8.echo-tr resources:19 removed:0 size:4.0kB empty:0 cached:19/19 filtered:0
2026-05-28T03:50:48.011570Z	info	delta	LDS: PUSH request for node:echo-5fb5d66d6-xhjw8.echo-tr resources:20 removed:0 size:83.7kB filtered:0
2026-05-28T03:50:48.011791Z	info	delta	NDS: PUSH request for node:echo-5fb5d66d6-xhjw8.echo-tr resources:1 removed:0 size:1.2kB
2026-05-28T03:50:48.011974Z	info	delta	RDS: PUSH request for node:echo-5fb5d66d6-xhjw8.echo-tr resources:10 removed:0 size:8.6kB cached:8/10 filtered:0
2026-05-28T03:51:16.403607Z	info	sync complete	name=istiod analyzer attempt=1 time=32.542µs
2026-05-28T03:51:26.786563Z	info	sync complete	name=istiod analyzer attempt=1 time=31.458µs
2026-05-28T03:52:57.940659Z	info	sync complete	name=istiod analyzer attempt=1 time=35.875µs
2026-05-28T03:53:08.124664Z	info	sync complete	name=istiod analyzer attempt=1 time=26.916µs
2026-05-28T03:54:59.433309Z	info	sync complete	name=istiod analyzer attempt=1 time=33.375µs
2026-05-28T03:55:09.510470Z	info	sync complete	name=istiod analyzer attempt=1 time=34.833µs
2026-05-28T03:55:40.054277Z	info	sync complete	name=istiod analyzer attempt=1 time=27.208µs
2026-05-28T03:55:50.348591Z	info	sync complete	name=istiod analyzer attempt=1 time=41.083µs
2026-05-28T03:56:00.468447Z	info	sync complete	name=istiod analyzer attempt=1 time=27.209µs
2026-05-28T03:56:10.716627Z	info	sync complete	name=istiod analyzer attempt=1 time=27.125µs
2026-05-28T03:56:20.742912Z	info	sync complete	name=istiod analyzer attempt=1 time=23.333µs
2026-05-28T03:56:41.238889Z	info	sync complete	name=istiod analyzer attempt=1 time=24.875µs
2026-05-28T03:57:32.193838Z	info	sync complete	name=istiod analyzer attempt=1 time=25.834µs
2026-05-28T03:57:52.612814Z	info	sync complete	name=istiod analyzer attempt=1 time=67.583µs
2026-05-28T03:58:02.662491Z	info	sync complete	name=istiod analyzer attempt=1 time=23.875µs
2026-05-28T03:58:12.968293Z	info	sync complete	name=istiod analyzer attempt=1 time=25.75µs
2026-05-28T03:58:23.218771Z	info	sync complete	name=istiod analyzer attempt=1 time=28.083µs
2026-05-28T03:58:43.814338Z	info	sync complete	name=istiod analyzer attempt=1 time=26.25µs
2026-05-28T03:58:54.074918Z	info	sync complete	name=istiod analyzer attempt=1 time=28.25µs
2026-05-28T03:59:14.178179Z	info	sync complete	name=istiod analyzer attempt=1 time=34.5µs
2026-05-28T03:59:28.764034Z	info	delta	ADS: "10.30.0.15:49854" echo-tr-gateway-67dd96d555-q7s44.echo-tr-78 terminated
2026-05-28T03:59:28.998777Z	info	delta	ADS: new delta connection for node:echo-tr-gateway-67dd96d555-q7s44.echo-tr-80
2026-05-28T03:59:28.999081Z	info	delta	CDS: PUSH request for node:echo-tr-gateway-67dd96d555-q7s44.echo-tr resources:2 removed:0 size:1.1kB cached:1/1 filtered:0
2026-05-28T03:59:29.000100Z	info	delta	LDS: PUSH request for node:echo-tr-gateway-67dd96d555-q7s44.echo-tr resources:2 removed:0 size:11.3kB filtered:0
2026-05-28T03:59:29.000476Z	info	delta	EDS: PUSH request for node:echo-tr-gateway-67dd96d555-q7s44.echo-tr resources:1 removed:0 size:228B empty:0 cached:1/1 filtered:0
2026-05-28T03:59:29.000667Z	info	delta	RDS: PUSH request for node:echo-tr-gateway-67dd96d555-q7s44.echo-tr resources:2 removed:0 size:1.4kB cached:0/0 filtered:0
2026-05-28T03:59:34.913257Z	info	sync complete	name=istiod analyzer attempt=1 time=46.542µs
2026-05-28T04:00:56.288686Z	info	sync complete	name=istiod analyzer attempt=1 time=27.083µs
2026-05-28T04:01:06.674164Z	info	sync complete	name=istiod analyzer attempt=1 time=24.417µs
2026-05-28T04:01:16.778444Z	info	sync complete	name=istiod analyzer attempt=1 time=27.208µs
2026-05-28T04:01:26.997016Z	info	sync complete	name=istiod analyzer attempt=1 time=51.209µs
2026-05-28T04:01:47.429753Z	info	sync complete	name=istiod analyzer attempt=1 time=52.625µs
2026-05-28T04:01:57.557104Z	info	sync complete	name=istiod analyzer attempt=1 time=71.958µs
2026-05-28T04:02:07.923929Z	info	sync complete	name=istiod analyzer attempt=1 time=98µs
2026-05-28T04:02:18.084226Z	info	sync complete	name=istiod analyzer attempt=1 time=35.75µs
2026-05-28T04:02:38.537272Z	info	sync complete	name=istiod analyzer attempt=1 time=23.875µs
2026-05-28T04:02:48.723603Z	info	sync complete	name=istiod analyzer attempt=1 time=67.792µs
2026-05-28T04:03:09.192953Z	info	sync complete	name=istiod analyzer attempt=1 time=260µs
2026-05-28T04:03:29.686347Z	info	sync complete	name=istiod analyzer attempt=1 time=36.083µs
2026-05-28T04:03:49.915894Z	info	sync complete	name=istiod analyzer attempt=1 time=48.958µs
2026-05-28T04:04:00.195756Z	info	sync complete	name=istiod analyzer attempt=1 time=27.667µs
2026-05-28T04:04:10.217877Z	info	sync complete	name=istiod analyzer attempt=1 time=39.917µs
2026-05-28T04:04:40.796109Z	info	sync complete	name=istiod analyzer attempt=1 time=85.541µs
2026-05-28T04:05:01.274322Z	info	sync complete	name=istiod analyzer attempt=1 time=232.208µs
2026-05-28T04:05:42.086601Z	info	sync complete	name=istiod analyzer attempt=1 time=60.417µs
2026-05-28T04:05:52.304154Z	info	sync complete	name=istiod analyzer attempt=1 time=25.333µs
2026-05-28T04:06:02.642327Z	info	sync complete	name=istiod analyzer attempt=1 time=63.041µs
2026-05-28T04:07:24.170847Z	info	sync complete	name=istiod analyzer attempt=1 time=88.625µs
2026-05-28T04:07:34.182745Z	info	sync complete	name=istiod analyzer attempt=1 time=51.75µs
2026-05-28T04:08:04.895996Z	info	sync complete	name=istiod analyzer attempt=1 time=36.375µs
2026-05-28T04:08:15.162960Z	info	sync complete	name=istiod analyzer attempt=1 time=33.125µs
2026-05-28T04:09:36.777560Z	info	sync complete	name=istiod analyzer attempt=1 time=96.75µs
2026-05-28T04:09:47.147984Z	info	sync complete	name=istiod analyzer attempt=1 time=72.625µs
2026-05-28T04:10:17.773503Z	info	sync complete	name=istiod analyzer attempt=1 time=41.25µs
2026-05-28T04:10:27.835809Z	info	sync complete	name=istiod analyzer attempt=1 time=59µs
2026-05-28T04:10:37.840805Z	info	sync complete	name=istiod analyzer attempt=1 time=35.875µs
2026-05-28T04:14:01.457314Z	info	sync complete	name=istiod analyzer attempt=1 time=68.084µs
2026-05-28T04:14:11.559464Z	info	sync complete	name=istiod analyzer attempt=1 time=142.083µs
2026-05-28T04:17:36.194120Z	info	sync complete	name=istiod analyzer attempt=1 time=152.959µs
2026-05-28T04:17:46.432455Z	info	sync complete	name=istiod analyzer attempt=1 time=43.917µs
2026-05-28T04:18:27.084812Z	info	sync complete	name=istiod analyzer attempt=1 time=207µs
2026-05-28T04:18:29.288252Z	info	delta	ADS: "10.30.0.14:33544" echo-5fb5d66d6-xhjw8.echo-tr-79 terminated
2026-05-28T04:18:29.394394Z	info	delta	ADS: new delta connection for node:echo-5fb5d66d6-xhjw8.echo-tr-81
2026-05-28T04:18:29.395795Z	info	delta	CDS: PUSH request for node:echo-5fb5d66d6-xhjw8.echo-tr resources:23 removed:0 size:24.1kB cached:19/19 filtered:0
2026-05-28T04:18:29.396945Z	info	delta	EDS: PUSH request for node:echo-5fb5d66d6-xhjw8.echo-tr resources:19 removed:0 size:4.0kB empty:0 cached:19/19 filtered:0
2026-05-28T04:18:29.400208Z	info	delta	LDS: PUSH request for node:echo-5fb5d66d6-xhjw8.echo-tr resources:20 removed:0 size:83.7kB filtered:0
2026-05-28T04:18:29.400415Z	info	delta	NDS: PUSH request for node:echo-5fb5d66d6-xhjw8.echo-tr resources:1 removed:0 size:1.2kB
2026-05-28T04:18:29.401002Z	info	delta	RDS: PUSH request for node:echo-5fb5d66d6-xhjw8.echo-tr resources:10 removed:0 size:8.6kB cached:7/10 filtered:0
2026-05-28T04:18:37.493084Z	info	sync complete	name=istiod analyzer attempt=1 time=36.334µs
2026-05-28T04:18:58.066248Z	info	sync complete	name=istiod analyzer attempt=1 time=43.958µs
2026-05-28T04:19:08.466712Z	info	sync complete	name=istiod analyzer attempt=1 time=93.083µs
2026-05-28T04:19:18.785372Z	info	sync complete	name=istiod analyzer attempt=1 time=41.333µs
2026-05-28T04:19:29.115483Z	info	sync complete	name=istiod analyzer attempt=1 time=35.583µs
2026-05-28T04:19:49.486670Z	info	sync complete	name=istiod analyzer attempt=1 time=80.834µs
2026-05-28T04:20:09.587615Z	info	sync complete	name=istiod analyzer attempt=1 time=80.083µs
2026-05-28T04:20:29.839701Z	info	sync complete	name=istiod analyzer attempt=1 time=31.333µs
2026-05-28T04:20:50.482799Z	info	sync complete	name=istiod analyzer attempt=1 time=45.375µs
2026-05-28T04:21:00.660758Z	info	sync complete	name=istiod analyzer attempt=1 time=39.792µs
2026-05-28T04:21:21.148184Z	info	sync complete	name=istiod analyzer attempt=1 time=102.416µs
2026-05-28T04:21:31.313932Z	info	sync complete	name=istiod analyzer attempt=1 time=48.334µs
2026-05-28T04:21:41.338204Z	info	sync complete	name=istiod analyzer attempt=1 time=43µs
2026-05-28T04:21:51.521644Z	info	sync complete	name=istiod analyzer attempt=1 time=52.583µs
2026-05-28T04:22:01.841048Z	info	sync complete	name=istiod analyzer attempt=1 time=151.417µs
2026-05-28T04:22:12.104322Z	info	sync complete	name=istiod analyzer attempt=1 time=57.959µs
2026-05-28T04:22:22.490629Z	info	sync complete	name=istiod analyzer attempt=1 time=67.833µs
2026-05-28T04:22:53.177966Z	info	sync complete	name=istiod analyzer attempt=1 time=132.375µs
2026-05-28T04:23:03.328903Z	info	sync complete	name=istiod analyzer attempt=1 time=242.75µs
2026-05-28T04:23:34.001990Z	info	sync complete	name=istiod analyzer attempt=1 time=42.125µs
2026-05-28T04:23:54.232937Z	info	sync complete	name=istiod analyzer attempt=1 time=93.458µs
2026-05-28T04:24:14.613239Z	info	sync complete	name=istiod analyzer attempt=1 time=47.25µs
2026-05-28T04:24:34.886334Z	info	sync complete	name=istiod analyzer attempt=1 time=38.625µs
2026-05-28T04:24:44.969469Z	info	sync complete	name=istiod analyzer attempt=1 time=48.042µs
2026-05-28T04:24:54.982615Z	info	sync complete	name=istiod analyzer attempt=1 time=62.166µs
2026-05-28T04:26:26.496368Z	info	sync complete	name=istiod analyzer attempt=1 time=109µs
2026-05-28T04:26:36.524347Z	info	sync complete	name=istiod analyzer attempt=1 time=88.708µs
2026-05-28T04:27:27.767357Z	info	sync complete	name=istiod analyzer attempt=1 time=220.417µs
2026-05-28T04:27:37.948585Z	info	sync complete	name=istiod analyzer attempt=1 time=45.791µs
2026-05-28T04:29:19.654402Z	info	sync complete	name=istiod analyzer attempt=1 time=127.875µs
2026-05-28T04:29:29.666084Z	info	sync complete	name=istiod analyzer attempt=1 time=27.166µs
2026-05-28T04:29:48.653108Z	info	delta	ADS: "10.30.0.15:34794" echo-tr-gateway-67dd96d555-q7s44.echo-tr-80 terminated
2026-05-28T04:29:48.823773Z	info	delta	ADS: new delta connection for node:echo-tr-gateway-67dd96d555-q7s44.echo-tr-82
2026-05-28T04:29:48.824141Z	info	delta	CDS: PUSH request for node:echo-tr-gateway-67dd96d555-q7s44.echo-tr resources:2 removed:0 size:1.1kB cached:1/1 filtered:0
2026-05-28T04:29:48.825596Z	info	delta	LDS: PUSH request for node:echo-tr-gateway-67dd96d555-q7s44.echo-tr resources:2 removed:0 size:11.3kB filtered:0
2026-05-28T04:29:48.826004Z	info	delta	EDS: PUSH request for node:echo-tr-gateway-67dd96d555-q7s44.echo-tr resources:1 removed:0 size:228B empty:0 cached:1/1 filtered:0
2026-05-28T04:29:48.826200Z	info	delta	RDS: PUSH request for node:echo-tr-gateway-67dd96d555-q7s44.echo-tr resources:2 removed:0 size:1.4kB cached:0/0 filtered:0
2026-05-28T04:29:49.843159Z	info	sync complete	name=istiod analyzer attempt=1 time=30.25µs
2026-05-28T04:30:00.053167Z	info	sync complete	name=istiod analyzer attempt=1 time=115.042µs
2026-05-28T04:30:10.153243Z	info	sync complete	name=istiod analyzer attempt=1 time=81.75µs
2026-05-28T04:30:40.507072Z	info	sync complete	name=istiod analyzer attempt=1 time=206.125µs
2026-05-28T04:30:50.525344Z	info	sync complete	name=istiod analyzer attempt=1 time=31µs
2026-05-28T04:31:00.822289Z	info	sync complete	name=istiod analyzer attempt=1 time=34.459µs
2026-05-28T04:31:10.871543Z	info	sync complete	name=istiod analyzer attempt=1 time=138.167µs
2026-05-28T04:32:12.278175Z	info	sync complete	name=istiod analyzer attempt=1 time=31.458µs
2026-05-28T04:32:22.338129Z	info	sync complete	name=istiod analyzer attempt=1 time=26.542µs
2026-05-28T04:32:42.734646Z	info	sync complete	name=istiod analyzer attempt=1 time=115.083µs
2026-05-28T04:32:52.959616Z	info	sync complete	name=istiod analyzer attempt=1 time=88.5µs
2026-05-28T04:33:13.238714Z	info	sync complete	name=istiod analyzer attempt=1 time=37.167µs
2026-05-28T04:33:23.490382Z	info	sync complete	name=istiod analyzer attempt=1 time=35.333µs
2026-05-28T04:33:54.229934Z	info	sync complete	name=istiod analyzer attempt=1 time=53.5µs
2026-05-28T04:34:04.568699Z	info	sync complete	name=istiod analyzer attempt=1 time=26.209µs
2026-05-28T04:34:14.938791Z	info	sync complete	name=istiod analyzer attempt=1 time=25µs
2026-05-28T04:34:25.088061Z	info	sync complete	name=istiod analyzer attempt=1 time=98.75µs
2026-05-28T04:34:35.305149Z	info	sync complete	name=istiod analyzer attempt=1 time=53.916µs
2026-05-28T04:35:47.361640Z	info	sync complete	name=istiod analyzer attempt=1 time=80.708µs
2026-05-28T04:35:57.422633Z	info	sync complete	name=istiod analyzer attempt=1 time=27.333µs
2026-05-28T04:36:17.794266Z	info	sync complete	name=istiod analyzer attempt=1 time=35.208µs
2026-05-28T04:36:28.006358Z	info	sync complete	name=istiod analyzer attempt=1 time=33.125µs
2026-05-28T04:36:38.265463Z	info	sync complete	name=istiod analyzer attempt=1 time=46.875µs
2026-05-28T04:38:20.179258Z	info	sync complete	name=istiod analyzer attempt=1 time=76.792µs
2026-05-28T04:38:30.541328Z	info	sync complete	name=istiod analyzer attempt=1 time=53.875µs
2026-05-28T04:38:40.547240Z	info	sync complete	name=istiod analyzer attempt=1 time=31.125µs
2026-05-28T04:38:50.638608Z	info	sync complete	name=istiod analyzer attempt=1 time=32.083µs
2026-05-28T04:39:20.978797Z	info	sync complete	name=istiod analyzer attempt=1 time=40.041µs
2026-05-28T04:39:51.309394Z	info	sync complete	name=istiod analyzer attempt=1 time=34.958µs
2026-05-28T04:40:01.461099Z	info	sync complete	name=istiod analyzer attempt=1 time=26.334µs
2026-05-28T04:40:11.701127Z	info	sync complete	name=istiod analyzer attempt=1 time=67.75µs
2026-05-28T04:40:42.463384Z	info	sync complete	name=istiod analyzer attempt=1 time=41µs
2026-05-28T04:41:02.577391Z	info	sync complete	name=istiod analyzer attempt=1 time=42.625µs
2026-05-28T04:42:13.886294Z	info	sync complete	name=istiod analyzer attempt=1 time=62.958µs
2026-05-28T04:42:24.110286Z	info	sync complete	name=istiod analyzer attempt=1 time=28.375µs
2026-05-28T04:42:34.438395Z	info	sync complete	name=istiod analyzer attempt=1 time=25.584µs
2026-05-28T04:42:44.493200Z	info	sync complete	name=istiod analyzer attempt=1 time=26.666µs
2026-05-28T04:43:04.628644Z	info	sync complete	name=istiod analyzer attempt=1 time=44.75µs
2026-05-28T04:43:14.670463Z	info	sync complete	name=istiod analyzer attempt=1 time=27.917µs
2026-05-28T04:43:55.454412Z	info	sync complete	name=istiod analyzer attempt=1 time=73.209µs
2026-05-28T04:44:05.762194Z	info	sync complete	name=istiod analyzer attempt=1 time=27.416µs
2026-05-28T04:44:16.101449Z	info	sync complete	name=istiod analyzer attempt=1 time=32.416µs
2026-05-28T04:44:26.113442Z	info	sync complete	name=istiod analyzer attempt=1 time=38.166µs
2026-05-28T04:44:36.272591Z	info	sync complete	name=istiod analyzer attempt=1 time=67.458µs
2026-05-28T04:44:46.570864Z	info	sync complete	name=istiod analyzer attempt=1 time=46.25µs
2026-05-28T04:46:08.478139Z	info	sync complete	name=istiod analyzer attempt=1 time=59.083µs
2026-05-28T04:46:18.652019Z	info	sync complete	name=istiod analyzer attempt=1 time=94.291µs
2026-05-28T04:46:28.891004Z	info	sync complete	name=istiod analyzer attempt=1 time=30.25µs
2026-05-28T04:46:49.379467Z	info	sync complete	name=istiod analyzer attempt=1 time=37.042µs
2026-05-28T04:48:01.045494Z	info	sync complete	name=istiod analyzer attempt=1 time=64.417µs
2026-05-28T04:48:11.416311Z	info	sync complete	name=istiod analyzer attempt=1 time=69.208µs
2026-05-28T04:49:02.638221Z	info	sync complete	name=istiod analyzer attempt=1 time=124.459µs
2026-05-28T04:49:12.767842Z	info	sync complete	name=istiod analyzer attempt=1 time=47.417µs
2026-05-28T04:49:23.142126Z	info	sync complete	name=istiod analyzer attempt=1 time=71.417µs
2026-05-28T04:50:07.695248Z	info	delta	ADS: "10.30.0.14:50966" echo-5fb5d66d6-xhjw8.echo-tr-81 terminated
2026-05-28T04:50:07.860889Z	info	delta	ADS: new delta connection for node:echo-5fb5d66d6-xhjw8.echo-tr-83
2026-05-28T04:50:07.861413Z	info	delta	CDS: PUSH request for node:echo-5fb5d66d6-xhjw8.echo-tr resources:23 removed:0 size:24.1kB cached:19/19 filtered:0
2026-05-28T04:50:07.863017Z	info	delta	EDS: PUSH request for node:echo-5fb5d66d6-xhjw8.echo-tr resources:19 removed:0 size:4.0kB empty:0 cached:19/19 filtered:0
2026-05-28T04:50:07.864395Z	info	delta	LDS: PUSH request for node:echo-5fb5d66d6-xhjw8.echo-tr resources:20 removed:0 size:83.7kB filtered:0
2026-05-28T04:50:07.864514Z	info	delta	NDS: PUSH request for node:echo-5fb5d66d6-xhjw8.echo-tr resources:1 removed:0 size:1.2kB
2026-05-28T04:50:07.864888Z	info	delta	RDS: PUSH request for node:echo-5fb5d66d6-xhjw8.echo-tr resources:10 removed:0 size:8.6kB cached:7/10 filtered:0
2026-05-28T04:50:24.614899Z	info	sync complete	name=istiod analyzer attempt=1 time=90.666µs
2026-05-28T04:50:34.782678Z	info	sync complete	name=istiod analyzer attempt=1 time=115.667µs
2026-05-28T04:51:25.939296Z	info	sync complete	name=istiod analyzer attempt=1 time=79.75µs
2026-05-28T04:51:35.982450Z	info	sync complete	name=istiod analyzer attempt=1 time=43.333µs
2026-05-28T04:51:46.162823Z	info	sync complete	name=istiod analyzer attempt=1 time=30.25µs
2026-05-28T04:51:56.437721Z	info	sync complete	name=istiod analyzer attempt=1 time=25µs
2026-05-28T04:53:17.960854Z	info	sync complete	name=istiod analyzer attempt=1 time=105.25µs
2026-05-28T04:53:28.109774Z	info	sync complete	name=istiod analyzer attempt=1 time=30.375µs
2026-05-28T04:53:48.652584Z	info	sync complete	name=istiod analyzer attempt=1 time=26.167µs
2026-05-28T04:53:59.001638Z	info	sync complete	name=istiod analyzer attempt=1 time=83.75µs
2026-05-28T04:54:09.319871Z	info	sync complete	name=istiod analyzer attempt=1 time=81.625µs
2026-05-28T04:54:19.654729Z	info	sync complete	name=istiod analyzer attempt=1 time=39.25µs
2026-05-28T04:54:50.364294Z	info	sync complete	name=istiod analyzer attempt=1 time=131.083µs
2026-05-28T04:55:00.524989Z	info	sync complete	name=istiod analyzer attempt=1 time=28µs
2026-05-28T04:55:20.846686Z	info	sync complete	name=istiod analyzer attempt=1 time=33.667µs
2026-05-28T04:55:31.069894Z	info	sync complete	name=istiod analyzer attempt=1 time=45.416µs
2026-05-28T04:55:41.451952Z	info	sync complete	name=istiod analyzer attempt=1 time=71.417µs
2026-05-28T04:55:51.646052Z	info	sync complete	name=istiod analyzer attempt=1 time=44.667µs
2026-05-28T04:56:01.842365Z	info	sync complete	name=istiod analyzer attempt=1 time=32.417µs
2026-05-28T04:56:11.879161Z	info	sync complete	name=istiod analyzer attempt=1 time=25.209µs
2026-05-28T04:56:22.178504Z	info	sync complete	name=istiod analyzer attempt=1 time=128.917µs
2026-05-28T04:56:32.443317Z	info	sync complete	name=istiod analyzer attempt=1 time=49.542µs
2026-05-28T04:57:23.372452Z	info	sync complete	name=istiod analyzer attempt=1 time=40.375µs
2026-05-28T04:57:33.450620Z	info	sync complete	name=istiod analyzer attempt=1 time=64.208µs
2026-05-28T05:00:06.581094Z	info	sync complete	name=istiod analyzer attempt=1 time=80.375µs
2026-05-28T05:00:16.859872Z	info	sync complete	name=istiod analyzer attempt=1 time=28.583µs
2026-05-28T05:00:24.231314Z	info	delta	ADS: "10.30.0.15:52326" echo-tr-gateway-67dd96d555-q7s44.echo-tr-82 terminated
2026-05-28T05:00:24.427915Z	info	delta	ADS: new delta connection for node:echo-tr-gateway-67dd96d555-q7s44.echo-tr-84
2026-05-28T05:00:24.428529Z	info	delta	CDS: PUSH request for node:echo-tr-gateway-67dd96d555-q7s44.echo-tr resources:2 removed:0 size:1.1kB cached:1/1 filtered:0
2026-05-28T05:00:24.430462Z	info	delta	LDS: PUSH request for node:echo-tr-gateway-67dd96d555-q7s44.echo-tr resources:2 removed:0 size:11.3kB filtered:0
2026-05-28T05:00:24.431025Z	info	delta	EDS: PUSH request for node:echo-tr-gateway-67dd96d555-q7s44.echo-tr resources:1 removed:0 size:228B empty:0 cached:1/1 filtered:0
2026-05-28T05:00:24.431793Z	info	delta	RDS: PUSH request for node:echo-tr-gateway-67dd96d555-q7s44.echo-tr resources:2 removed:0 size:1.4kB cached:0/0 filtered:0
2026-05-28T05:01:07.793265Z	info	sync complete	name=istiod analyzer attempt=1 time=48.334µs
2026-05-28T05:01:17.932295Z	info	sync complete	name=istiod analyzer attempt=1 time=53.25µs
2026-05-28T05:03:20.755574Z	info	sync complete	name=istiod analyzer attempt=1 time=86.792µs
2026-05-28T05:03:30.957481Z	info	sync complete	name=istiod analyzer attempt=1 time=30.125µs
2026-05-28T05:04:52.324141Z	info	sync complete	name=istiod analyzer attempt=1 time=92.083µs
2026-05-28T05:05:02.557930Z	info	sync complete	name=istiod analyzer attempt=1 time=77.75µs
2026-05-28T05:06:24.023650Z	info	sync complete	name=istiod analyzer attempt=1 time=152.75µs
2026-05-28T05:06:34.363424Z	info	sync complete	name=istiod analyzer attempt=1 time=39.292µs
2026-05-28T05:07:25.358733Z	info	sync complete	name=istiod analyzer attempt=1 time=102.166µs
2026-05-28T05:07:35.698361Z	info	sync complete	name=istiod analyzer attempt=1 time=40.458µs
2026-05-28T05:09:07.378120Z	info	sync complete	name=istiod analyzer attempt=1 time=95.959µs
2026-05-28T05:09:38.185399Z	info	sync complete	name=istiod analyzer attempt=1 time=196.125µs
2026-05-28T05:10:59.408497Z	info	sync complete	name=istiod analyzer attempt=1 time=130.375µs
2026-05-28T05:11:09.748138Z	info	sync complete	name=istiod analyzer attempt=1 time=32.292µs
2026-05-28T05:11:20.080326Z	info	sync complete	name=istiod analyzer attempt=1 time=33.209µs
2026-05-28T05:11:30.265391Z	info	sync complete	name=istiod analyzer attempt=1 time=45.167µs
2026-05-28T05:11:40.498246Z	info	sync complete	name=istiod analyzer attempt=1 time=42.125µs
2026-05-28T05:13:22.343054Z	info	sync complete	name=istiod analyzer attempt=1 time=185.625µs
2026-05-28T05:13:32.622421Z	info	sync complete	name=istiod analyzer attempt=1 time=54.167µs
2026-05-28T05:13:42.932704Z	info	sync complete	name=istiod analyzer attempt=1 time=30.708µs
2026-05-28T05:14:34.014540Z	info	sync complete	name=istiod analyzer attempt=1 time=67.792µs
2026-05-28T05:14:44.047492Z	info	sync complete	name=istiod analyzer attempt=1 time=38.291µs
2026-05-28T05:15:35.188124Z	info	sync complete	name=istiod analyzer attempt=1 time=38.083µs
2026-05-28T05:15:45.204890Z	info	sync complete	name=istiod analyzer attempt=1 time=39.958µs
2026-05-28T05:15:55.584846Z	info	sync complete	name=istiod analyzer attempt=1 time=32.042µs
2026-05-28T05:16:05.672762Z	info	sync complete	name=istiod analyzer attempt=1 time=27.125µs
2026-05-28T05:17:06.696668Z	info	sync complete	name=istiod analyzer attempt=1 time=57.583µs
2026-05-28T05:17:17.045610Z	info	sync complete	name=istiod analyzer attempt=1 time=29.166µs
2026-05-28T05:17:37.712368Z	info	sync complete	name=istiod analyzer attempt=1 time=54.833µs
2026-05-28T05:17:39.003431Z	info	delta	ADS: "10.30.0.14:34020" echo-5fb5d66d6-xhjw8.echo-tr-83 terminated
2026-05-28T05:17:39.183636Z	info	delta	ADS: new delta connection for node:echo-5fb5d66d6-xhjw8.echo-tr-85
2026-05-28T05:17:39.184388Z	info	delta	CDS: PUSH request for node:echo-5fb5d66d6-xhjw8.echo-tr resources:23 removed:0 size:24.1kB cached:19/19 filtered:0
2026-05-28T05:17:39.185647Z	info	delta	EDS: PUSH request for node:echo-5fb5d66d6-xhjw8.echo-tr resources:19 removed:0 size:4.0kB empty:0 cached:19/19 filtered:0
2026-05-28T05:17:39.187410Z	info	delta	LDS: PUSH request for node:echo-5fb5d66d6-xhjw8.echo-tr resources:20 removed:0 size:83.7kB filtered:0
2026-05-28T05:17:39.187598Z	info	delta	NDS: PUSH request for node:echo-5fb5d66d6-xhjw8.echo-tr resources:1 removed:0 size:1.2kB
2026-05-28T05:17:39.188112Z	info	delta	RDS: PUSH request for node:echo-5fb5d66d6-xhjw8.echo-tr resources:10 removed:0 size:8.6kB cached:8/10 filtered:0
2026-05-28T05:17:47.962155Z	info	sync complete	name=istiod analyzer attempt=1 time=25.292µs
2026-05-28T05:17:58.251132Z	info	sync complete	name=istiod analyzer attempt=1 time=27.458µs
2026-05-28T05:18:18.714529Z	info	sync complete	name=istiod analyzer attempt=1 time=70.958µs
2026-05-28T05:18:29.049245Z	info	sync complete	name=istiod analyzer attempt=1 time=30.584µs
2026-05-28T05:18:39.167408Z	info	sync complete	name=istiod analyzer attempt=1 time=71.542µs
2026-05-28T05:18:59.581265Z	info	sync complete	name=istiod analyzer attempt=1 time=42.209µs
2026-05-28T05:19:09.708371Z	info	sync complete	name=istiod analyzer attempt=1 time=49.375µs
2026-05-28T05:19:30.172232Z	info	sync complete	name=istiod analyzer attempt=1 time=45µs
2026-05-28T05:19:40.334315Z	info	sync complete	name=istiod analyzer attempt=1 time=42.125µs
2026-05-28T05:20:00.933619Z	info	sync complete	name=istiod analyzer attempt=1 time=109.75µs
2026-05-28T05:20:11.075376Z	info	sync complete	name=istiod analyzer attempt=1 time=30.917µs
2026-05-28T05:21:01.824501Z	info	sync complete	name=istiod analyzer attempt=1 time=44.542µs
2026-05-28T05:21:12.066561Z	info	sync complete	name=istiod analyzer attempt=1 time=30.125µs
2026-05-28T05:21:42.439798Z	info	sync complete	name=istiod analyzer attempt=1 time=52.25µs
2026-05-28T05:21:52.455610Z	info	sync complete	name=istiod analyzer attempt=1 time=36.291µs
2026-05-28T05:23:24.282687Z	info	sync complete	name=istiod analyzer attempt=1 time=46.5µs
2026-05-28T05:23:44.627713Z	info	sync complete	name=istiod analyzer attempt=1 time=32.209µs
2026-05-28T05:24:25.540849Z	info	sync complete	name=istiod analyzer attempt=1 time=50.333µs
2026-05-28T05:24:35.766631Z	info	sync complete	name=istiod analyzer attempt=1 time=37.709µs
2026-05-28T05:24:55.944129Z	info	sync complete	name=istiod analyzer attempt=1 time=89.959µs
2026-05-28T05:25:05.958823Z	info	sync complete	name=istiod analyzer attempt=1 time=37µs
2026-05-28T05:25:36.299861Z	info	sync complete	name=istiod analyzer attempt=1 time=35.917µs
2026-05-28T05:25:46.488744Z	info	sync complete	name=istiod analyzer attempt=1 time=37.75µs
2026-05-28T05:27:48.712353Z	info	sync complete	name=istiod analyzer attempt=1 time=96.958µs
2026-05-28T05:27:59.107007Z	info	sync complete	name=istiod analyzer attempt=1 time=28.792µs
2026-05-28T05:29:10.094545Z	info	sync complete	name=istiod analyzer attempt=1 time=90.458µs
2026-05-28T05:29:20.163919Z	info	sync complete	name=istiod analyzer attempt=1 time=31.166µs
2026-05-28T05:29:40.618041Z	info	sync complete	name=istiod analyzer attempt=1 time=45.25µs
2026-05-28T05:29:50.974836Z	info	sync complete	name=istiod analyzer attempt=1 time=28.333µs
2026-05-28T05:30:01.168596Z	info	sync complete	name=istiod analyzer attempt=1 time=32.125µs
2026-05-28T05:30:21.393057Z	info	sync complete	name=istiod analyzer attempt=1 time=64.5µs
2026-05-28T05:30:31.461999Z	info	sync complete	name=istiod analyzer attempt=1 time=47.291µs
2026-05-28T05:30:31.965988Z	info	delta	ADS: "10.30.0.15:58054" echo-tr-gateway-67dd96d555-q7s44.echo-tr-84 terminated
2026-05-28T05:30:32.025751Z	info	delta	ADS: new delta connection for node:echo-tr-gateway-67dd96d555-q7s44.echo-tr-86
2026-05-28T05:30:32.026071Z	info	delta	CDS: PUSH request for node:echo-tr-gateway-67dd96d555-q7s44.echo-tr resources:2 removed:0 size:1.1kB cached:1/1 filtered:0
2026-05-28T05:30:32.028176Z	info	delta	LDS: PUSH request for node:echo-tr-gateway-67dd96d555-q7s44.echo-tr resources:2 removed:0 size:11.3kB filtered:0
2026-05-28T05:30:32.028617Z	info	delta	EDS: PUSH request for node:echo-tr-gateway-67dd96d555-q7s44.echo-tr resources:1 removed:0 size:228B empty:0 cached:1/1 filtered:0
2026-05-28T05:30:32.028838Z	info	delta	RDS: PUSH request for node:echo-tr-gateway-67dd96d555-q7s44.echo-tr resources:2 removed:0 size:1.4kB cached:0/0 filtered:0
2026-05-28T05:31:12.000141Z	info	sync complete	name=istiod analyzer attempt=1 time=58.917µs
2026-05-28T05:31:32.590656Z	info	sync complete	name=istiod analyzer attempt=1 time=56.708µs
2026-05-28T05:33:04.327011Z	info	sync complete	name=istiod analyzer attempt=1 time=68.75µs
2026-05-28T05:33:14.565077Z	info	sync complete	name=istiod analyzer attempt=1 time=59.458µs
2026-05-28T05:33:55.103043Z	info	sync complete	name=istiod analyzer attempt=1 time=35.75µs
2026-05-28T05:34:05.259161Z	info	sync complete	name=istiod analyzer attempt=1 time=38.667µs
2026-05-28T05:34:15.665328Z	info	sync complete	name=istiod analyzer attempt=1 time=29.125µs
2026-05-28T05:34:26.019524Z	info	sync complete	name=istiod analyzer attempt=1 time=34.875µs
2026-05-28T05:35:06.384572Z	info	sync complete	name=istiod analyzer attempt=1 time=29.083µs
2026-05-28T05:35:16.397810Z	info	sync complete	name=istiod analyzer attempt=1 time=44.416µs
2026-05-28T05:35:36.524792Z	info	sync complete	name=istiod analyzer attempt=1 time=34.417µs
2026-05-28T05:35:46.875677Z	info	sync complete	name=istiod analyzer attempt=1 time=26.458µs
2026-05-28T05:36:07.397774Z	info	sync complete	name=istiod analyzer attempt=1 time=71.875µs
2026-05-28T05:36:17.523879Z	info	sync complete	name=istiod analyzer attempt=1 time=26.416µs
2026-05-28T05:36:38.077035Z	info	sync complete	name=istiod analyzer attempt=1 time=23.5µs
2026-05-28T05:36:48.291203Z	info	sync complete	name=istiod analyzer attempt=1 time=31.042µs
2026-05-28T05:38:10.546684Z	info	sync complete	name=istiod analyzer attempt=1 time=29.25µs
2026-05-28T05:38:20.763978Z	info	sync complete	name=istiod analyzer attempt=1 time=27.292µs
2026-05-28T05:38:51.647184Z	info	sync complete	name=istiod analyzer attempt=1 time=89.75µs
2026-05-28T05:39:01.971918Z	info	sync complete	name=istiod analyzer attempt=1 time=33.584µs
2026-05-28T05:41:55.550080Z	info	sync complete	name=istiod analyzer attempt=1 time=57µs
2026-05-28T05:42:05.750983Z	info	sync complete	name=istiod analyzer attempt=1 time=45.208µs
2026-05-28T05:42:16.062077Z	info	sync complete	name=istiod analyzer attempt=1 time=29.417µs
2026-05-28T05:42:36.454412Z	info	sync complete	name=istiod analyzer attempt=1 time=27.542µs
2026-05-28T05:43:07.121803Z	info	sync complete	name=istiod analyzer attempt=1 time=68.75µs
2026-05-28T05:43:17.185964Z	info	sync complete	name=istiod analyzer attempt=1 time=34.084µs
2026-05-28T05:43:27.255520Z	info	sync complete	name=istiod analyzer attempt=1 time=39.25µs
2026-05-28T05:43:37.311884Z	info	sync complete	name=istiod analyzer attempt=1 time=41.292µs
2026-05-28T05:43:47.498137Z	info	sync complete	name=istiod analyzer attempt=1 time=33.667µs
2026-05-28T05:44:38.309916Z	info	sync complete	name=istiod analyzer attempt=1 time=69.375µs
2026-05-28T05:44:48.693701Z	info	sync complete	name=istiod analyzer attempt=1 time=43.208µs
2026-05-28T05:45:19.616846Z	info	sync complete	name=istiod analyzer attempt=1 time=31.375µs
2026-05-28T05:45:29.756556Z	info	sync complete	name=istiod analyzer attempt=1 time=36.875µs
2026-05-28T05:46:30.797219Z	info	sync complete	name=istiod analyzer attempt=1 time=59.25µs
2026-05-28T05:46:41.085513Z	info	sync complete	name=istiod analyzer attempt=1 time=26.584µs
2026-05-28T05:46:51.403751Z	info	sync complete	name=istiod analyzer attempt=1 time=23.083µs
2026-05-28T05:47:01.686757Z	info	sync complete	name=istiod analyzer attempt=1 time=34.167µs
2026-05-28T05:48:33.090576Z	info	sync complete	name=istiod analyzer attempt=1 time=42.584µs
2026-05-28T05:48:43.191347Z	info	sync complete	name=istiod analyzer attempt=1 time=28.292µs
2026-05-28T05:49:16.532387Z	info	delta	ADS: "10.30.0.14:55792" echo-5fb5d66d6-xhjw8.echo-tr-85 terminated
2026-05-28T05:49:16.598289Z	info	delta	ADS: new delta connection for node:echo-5fb5d66d6-xhjw8.echo-tr-87
2026-05-28T05:49:16.598882Z	info	delta	CDS: PUSH request for node:echo-5fb5d66d6-xhjw8.echo-tr resources:23 removed:0 size:24.1kB cached:19/19 filtered:0
2026-05-28T05:49:16.599578Z	info	delta	EDS: PUSH request for node:echo-5fb5d66d6-xhjw8.echo-tr resources:19 removed:0 size:4.0kB empty:0 cached:19/19 filtered:0
2026-05-28T05:49:16.601782Z	info	delta	LDS: PUSH request for node:echo-5fb5d66d6-xhjw8.echo-tr resources:20 removed:0 size:83.7kB filtered:0
2026-05-28T05:49:16.601948Z	info	delta	NDS: PUSH request for node:echo-5fb5d66d6-xhjw8.echo-tr resources:1 removed:0 size:1.2kB
2026-05-28T05:49:16.602532Z	info	delta	RDS: PUSH request for node:echo-5fb5d66d6-xhjw8.echo-tr resources:10 removed:0 size:8.6kB cached:8/10 filtered:0
2026-05-28T05:50:14.903030Z	info	sync complete	name=istiod analyzer attempt=1 time=25.458µs
2026-05-28T05:50:24.999474Z	info	sync complete	name=istiod analyzer attempt=1 time=26.333µs
2026-05-28T05:51:26.285114Z	info	sync complete	name=istiod analyzer attempt=1 time=29.917µs
2026-05-28T05:51:36.677145Z	info	sync complete	name=istiod analyzer attempt=1 time=71µs
2026-05-28T05:51:56.891266Z	info	sync complete	name=istiod analyzer attempt=1 time=30.042µs
2026-05-28T05:52:07.234245Z	info	sync complete	name=istiod analyzer attempt=1 time=38µs
2026-05-28T05:53:59.437312Z	info	sync complete	name=istiod analyzer attempt=1 time=40µs
2026-05-28T05:54:09.482429Z	info	sync complete	name=istiod analyzer attempt=1 time=41.25µs
2026-05-28T05:55:30.237107Z	info	sync complete	name=istiod analyzer attempt=1 time=31.583µs
2026-05-28T05:55:40.493156Z	info	sync complete	name=istiod analyzer attempt=1 time=28.667µs
2026-05-28T05:55:50.559985Z	info	sync complete	name=istiod analyzer attempt=1 time=24.458µs
2026-05-28T05:56:31.054692Z	info	sync complete	name=istiod analyzer attempt=1 time=60.625µs
2026-05-28T05:56:41.262643Z	info	sync complete	name=istiod analyzer attempt=1 time=27.209µs
2026-05-28T05:57:21.703793Z	info	sync complete	name=istiod analyzer attempt=1 time=44.75µs
2026-05-28T05:57:31.713444Z	info	sync complete	name=istiod analyzer attempt=1 time=23.125µs
2026-05-28T05:57:52.367728Z	info	sync complete	name=istiod analyzer attempt=1 time=25.541µs
2026-05-28T05:58:02.522743Z	info	sync complete	name=istiod analyzer attempt=1 time=49.333µs
2026-05-28T05:59:44.017437Z	info	sync complete	name=istiod analyzer attempt=1 time=73.083µs
2026-05-28T06:00:04.407639Z	info	sync complete	name=istiod analyzer attempt=1 time=35.459µs
2026-05-28T06:00:14.461430Z	info	sync complete	name=istiod analyzer attempt=1 time=30.167µs
2026-05-28T06:00:24.737653Z	info	sync complete	name=istiod analyzer attempt=1 time=26.417µs
2026-05-28T06:00:45.082877Z	info	sync complete	name=istiod analyzer attempt=1 time=37.791µs
2026-05-28T06:00:55.216047Z	info	sync complete	name=istiod analyzer attempt=1 time=32.875µs
2026-05-28T06:01:05.361053Z	info	sync complete	name=istiod analyzer attempt=1 time=36.416µs
2026-05-28T06:01:15.613328Z	info	sync complete	name=istiod analyzer attempt=1 time=29.75µs
2026-05-28T06:01:43.110452Z	info	delta	ADS: "10.30.0.15:38888" echo-tr-gateway-67dd96d555-q7s44.echo-tr-86 terminated
2026-05-28T06:01:43.418124Z	info	delta	ADS: new delta connection for node:echo-tr-gateway-67dd96d555-q7s44.echo-tr-88
2026-05-28T06:01:43.418512Z	info	delta	CDS: PUSH request for node:echo-tr-gateway-67dd96d555-q7s44.echo-tr resources:2 removed:0 size:1.1kB cached:1/1 filtered:0
2026-05-28T06:01:43.420081Z	info	delta	LDS: PUSH request for node:echo-tr-gateway-67dd96d555-q7s44.echo-tr resources:2 removed:0 size:11.3kB filtered:0
2026-05-28T06:01:43.420523Z	info	delta	EDS: PUSH request for node:echo-tr-gateway-67dd96d555-q7s44.echo-tr resources:1 removed:0 size:228B empty:0 cached:1/1 filtered:0
2026-05-28T06:01:43.420723Z	info	delta	RDS: PUSH request for node:echo-tr-gateway-67dd96d555-q7s44.echo-tr resources:2 removed:0 size:1.4kB cached:0/0 filtered:0
2026-05-28T06:02:06.335493Z	info	sync complete	name=istiod analyzer attempt=1 time=71.084µs
2026-05-28T06:02:16.644612Z	info	sync complete	name=istiod analyzer attempt=1 time=37.25µs
2026-05-28T06:02:26.654680Z	info	sync complete	name=istiod analyzer attempt=1 time=39.375µs
2026-05-28T06:02:56.865927Z	info	sync complete	name=istiod analyzer attempt=1 time=37.125µs
2026-05-28T06:03:07.219898Z	info	sync complete	name=istiod analyzer attempt=1 time=33.958µs
2026-05-28T06:03:58.321211Z	info	sync complete	name=istiod analyzer attempt=1 time=30.459µs
2026-05-28T06:04:08.455252Z	info	sync complete	name=istiod analyzer attempt=1 time=24.25µs
2026-05-28T06:05:19.555022Z	info	sync complete	name=istiod analyzer attempt=1 time=31.208µs
2026-05-28T06:05:29.727032Z	info	sync complete	name=istiod analyzer attempt=1 time=30.5µs
2026-05-28T06:05:39.971872Z	info	sync complete	name=istiod analyzer attempt=1 time=28.125µs
2026-05-28T06:05:50.099043Z	info	sync complete	name=istiod analyzer attempt=1 time=24.458µs
2026-05-28T06:06:51.073718Z	info	sync complete	name=istiod analyzer attempt=1 time=63.333µs
2026-05-28T06:07:01.472482Z	info	sync complete	name=istiod analyzer attempt=1 time=34.125µs
2026-05-28T06:07:32.029432Z	info	sync complete	name=istiod analyzer attempt=1 time=52.833µs
2026-05-28T06:07:42.037224Z	info	sync complete	name=istiod analyzer attempt=1 time=34.208µs
2026-05-28T06:08:12.364128Z	info	ads	Push debounce stable[10] 5 for config AuthorizationPolicy/echo-tr/allow and 4 more configs: 100.503583ms since last change, 120.029959ms since last push, full=true
2026-05-28T06:08:12.364566Z	info	ads	XDS: Pushing Services:12 ConnectedEndpoints:2 Version:2026-05-28T06:08:12Z/9
2026-05-28T06:08:12.365513Z	info	delta	CDS: PUSH for node:echo-5fb5d66d6-xhjw8.echo-tr resources:23 removed:0 size:24.1kB cached:0/19
2026-05-28T06:08:12.365580Z	info	delta	EDS: PUSH for node:echo-5fb5d66d6-xhjw8.echo-tr resources:19 removed:0 size:4.0kB empty:0 cached:19/19
2026-05-28T06:08:12.366967Z	info	delta	LDS: PUSH for node:echo-5fb5d66d6-xhjw8.echo-tr resources:20 removed:0 size:83.7kB
2026-05-28T06:08:12.367382Z	info	delta	RDS: PUSH for node:echo-5fb5d66d6-xhjw8.echo-tr resources:10 removed:0 size:8.6kB cached:0/10
2026-05-28T06:08:12.367474Z	info	delta	CDS: PUSH for node:echo-tr-gateway-67dd96d555-q7s44.echo-tr resources:1 removed:1 size:50B
2026-05-28T06:08:12.367498Z	info	delta	EDS: PUSH for node:echo-tr-gateway-67dd96d555-q7s44.echo-tr resources:1 removed:0 size:228B empty:0 cached:1/1
2026-05-28T06:08:12.367516Z	info	delta	LDS: PUSH for node:echo-tr-gateway-67dd96d555-q7s44.echo-tr resources:0 removed:2 size:0B
2026-05-28T06:08:12.367529Z	warn	buildGatewayRoutes: no gateways for router echo-tr-gateway-67dd96d555-q7s44.echo-tr
2026-05-28T06:08:12.367532Z	warn	buildGatewayRoutes: no gateways for router echo-tr-gateway-67dd96d555-q7s44.echo-tr
2026-05-28T06:08:12.367540Z	info	delta	RDS: PUSH for node:echo-tr-gateway-67dd96d555-q7s44.echo-tr resources:2 removed:0 size:60B cached:0/0
2026-05-28T06:08:13.264057Z	info	sync complete	name=istiod analyzer attempt=1 time=29.542µs
2026-05-28T06:08:13.387005Z	info	ads	Push debounce stable[11] 2 for config DestinationRule/xcp-multicluster/global-gateway-transit-tetrate-io and 1 more configs: 100.403542ms since last change, 103.024375ms since last push, full=true
2026-05-28T06:08:13.387226Z	info	ads	XDS: Pushing Services:11 ConnectedEndpoints:2 Version:2026-05-28T06:08:13Z/10
2026-05-28T06:08:13.387393Z	info	delta	CDS: PUSH for node:echo-5fb5d66d6-xhjw8.echo-tr resources:4 removed:1 size:1.0kB
2026-05-28T06:08:13.387447Z	info	delta	EDS: PUSH for node:echo-5fb5d66d6-xhjw8.echo-tr resources:19 removed:0 size:3.9kB empty:1 cached:18/19
2026-05-28T06:08:13.388205Z	info	delta	LDS: PUSH for node:echo-5fb5d66d6-xhjw8.echo-tr resources:20 removed:0 size:83.7kB
2026-05-28T06:08:13.388518Z	info	delta	RDS: PUSH for node:echo-5fb5d66d6-xhjw8.echo-tr resources:10 removed:0 size:8.0kB cached:6/10
2026-05-28T06:08:13.388551Z	info	delta	NDS: PUSH for node:echo-5fb5d66d6-xhjw8.echo-tr resources:1 removed:0 size:1.2kB
2026-05-28T06:08:13.388624Z	info	delta	CDS: PUSH for node:echo-tr-gateway-67dd96d555-q7s44.echo-tr resources:1 removed:0 size:50B
2026-05-28T06:08:13.388643Z	info	delta	LDS: PUSH for node:echo-tr-gateway-67dd96d555-q7s44.echo-tr resources:0 removed:0 size:0B
2026-05-28T06:08:13.388651Z	warn	buildGatewayRoutes: no gateways for router echo-tr-gateway-67dd96d555-q7s44.echo-tr
2026-05-28T06:08:13.388655Z	warn	buildGatewayRoutes: no gateways for router echo-tr-gateway-67dd96d555-q7s44.echo-tr
2026-05-28T06:08:13.388660Z	info	delta	RDS: PUSH for node:echo-tr-gateway-67dd96d555-q7s44.echo-tr resources:2 removed:0 size:60B cached:0/0
2026-05-28T06:08:14.287055Z	info	sync complete	name=istiod analyzer attempt=1 time=37.708µs
2026-05-28T06:08:22.637761Z	info	sync complete	name=istiod analyzer attempt=1 time=28.291µs
2026-05-28T06:08:35.589244Z	info	model	reloading network gateways
2026-05-28T06:08:35.589346Z	info	model	gateways changed, triggering push
2026-05-28T06:08:35.596451Z	info	model	Incremental push, service echo-tr-gateway.echo-tr.svc.cluster.local at shard Kubernetes/cluster-2 has no endpoints
2026-05-28T06:08:35.697304Z	info	ads	Push debounce stable[12] 4 for config ServiceEntry/echo-tr/echo-tr-gateway.echo-tr.svc.cluster.local: 100.77ms since last change, 107.610709ms since last push, full=true
2026-05-28T06:08:35.701047Z	info	ads	XDS: Pushing Services:10 ConnectedEndpoints:2 Version:2026-05-28T06:08:35Z/11
2026-05-28T06:08:35.702152Z	info	delta	CDS: PUSH for node:echo-5fb5d66d6-xhjw8.echo-tr resources:20 removed:2 size:20.5kB cached:0/16
2026-05-28T06:08:35.702382Z	info	delta	EDS: PUSH for node:echo-5fb5d66d6-xhjw8.echo-tr resources:18 removed:0 size:3.6kB empty:2 cached:0/18
2026-05-28T06:08:35.703517Z	info	delta	LDS: PUSH for node:echo-5fb5d66d6-xhjw8.echo-tr resources:18 removed:2 size:77.8kB
2026-05-28T06:08:35.704158Z	info	delta	RDS: PUSH for node:echo-5fb5d66d6-xhjw8.echo-tr resources:10 removed:0 size:7.5kB cached:0/10
2026-05-28T06:08:35.704261Z	info	delta	NDS: PUSH for node:echo-5fb5d66d6-xhjw8.echo-tr resources:1 removed:0 size:1.1kB
2026-05-28T06:08:35.704565Z	info	delta	CDS: PUSH for node:echo-tr-gateway-67dd96d555-q7s44.echo-tr resources:1 removed:0 size:50B
2026-05-28T06:08:35.704610Z	info	delta	LDS: PUSH for node:echo-tr-gateway-67dd96d555-q7s44.echo-tr resources:0 removed:0 size:0B
2026-05-28T06:08:35.704630Z	warn	buildGatewayRoutes: no gateways for router echo-tr-gateway-67dd96d555-q7s44.echo-tr
2026-05-28T06:08:35.704635Z	warn	buildGatewayRoutes: no gateways for router echo-tr-gateway-67dd96d555-q7s44.echo-tr
2026-05-28T06:08:35.704653Z	info	delta	RDS: PUSH for node:echo-tr-gateway-67dd96d555-q7s44.echo-tr resources:2 removed:0 size:60B cached:0/0
2026-05-28T06:08:36.589472Z	info	sync complete	name=istiod analyzer attempt=1 time=84.542µs
2026-05-28T06:08:43.089235Z	info	sync complete	name=istiod analyzer attempt=1 time=35µs
2026-05-28T06:08:46.608368Z	info	sync complete	name=istiod analyzer attempt=1 time=26.125µs
2026-05-28T06:08:51.617831Z	info	delta	ADS: "10.30.0.15:38214" echo-tr-gateway-67dd96d555-q7s44.echo-tr-88 terminated
2026-05-28T06:08:53.119452Z	info	sync complete	name=istiod analyzer attempt=1 time=34.667µs
2026-05-28T06:08:54.919064Z	info	model	reloading network gateways
2026-05-28T06:08:54.920261Z	info	model	gateways changed, triggering push
2026-05-28T06:08:54.925086Z	info	model	Incremental push, service ew-gateway.echo-tr.svc.cluster.local at shard Kubernetes/cluster-2 has no endpoints
2026-05-28T06:08:54.945577Z	info	Process sidecar injection request	path=/inject pod=echo-tr/ew-gateway-85dd7d74c8-***** (actual name not yet known)
2026-05-28T06:08:55.027340Z	info	ads	Push debounce stable[13] 5 for config ServiceEntry/echo-tr/ew-gateway.echo-tr.svc.cluster.local: 102.027167ms since last change, 121.371417ms since last push, full=true
2026-05-28T06:08:55.029414Z	info	ads	XDS: Pushing Services:11 ConnectedEndpoints:1 Version:2026-05-28T06:08:55Z/12
2026-05-28T06:08:55.030058Z	info	delta	CDS: PUSH for node:echo-5fb5d66d6-xhjw8.echo-tr resources:21 removed:0 size:21.6kB cached:0/17
2026-05-28T06:08:55.030205Z	info	delta	EDS: PUSH for node:echo-5fb5d66d6-xhjw8.echo-tr resources:16 removed:0 size:3.5kB empty:0 cached:0/16
2026-05-28T06:08:55.031349Z	info	delta	LDS: PUSH for node:echo-5fb5d66d6-xhjw8.echo-tr resources:19 removed:0 size:79.2kB
2026-05-28T06:08:55.031745Z	info	delta	RDS: PUSH for node:echo-5fb5d66d6-xhjw8.echo-tr resources:10 removed:0 size:7.5kB cached:0/10
2026-05-28T06:08:55.031774Z	info	delta	NDS: PUSH for node:echo-5fb5d66d6-xhjw8.echo-tr resources:1 removed:0 size:1.1kB
2026-05-28T06:08:55.037641Z	info	delta	EDS: PUSH request for node:echo-5fb5d66d6-xhjw8.echo-tr resources:1 removed:0 size:54B empty:1 cached:0/1 filtered:16
2026-05-28T06:08:55.544967Z	info	delta	ADS: new delta connection for node:ew-gateway-85dd7d74c8-ngqjc.echo-tr-89
2026-05-28T06:08:55.545051Z	info	delta	CDS: PUSH request for node:ew-gateway-85dd7d74c8-ngqjc.echo-tr resources:1 removed:0 size:50B
2026-05-28T06:08:55.546916Z	info	delta	LDS: PUSH request for node:ew-gateway-85dd7d74c8-ngqjc.echo-tr resources:0 removed:0 size:0B
2026-05-28T06:08:55.994409Z	info	sync complete	name=istiod analyzer attempt=1 time=43.25µs
2026-05-28T06:08:56.126316Z	info	model	Full push, new service echo-tr/ew-gateway.echo-tr.svc.cluster.local
2026-05-28T06:08:56.132852Z	info	delta	CDS: PUSH for node:ew-gateway-85dd7d74c8-ngqjc.echo-tr resources:1 removed:0 size:50B
2026-05-28T06:08:56.132979Z	info	delta	LDS: PUSH for node:ew-gateway-85dd7d74c8-ngqjc.echo-tr resources:0 removed:0 size:0B
2026-05-28T06:08:56.239449Z	info	ads	Push debounce stable[14] 2 for config ServiceEntry/echo-tr/ew-gateway.echo-tr.svc.cluster.local: 100.114625ms since last change, 113.090208ms since last push, full=true
2026-05-28T06:08:56.239645Z	info	ads	XDS: Pushing Services:11 ConnectedEndpoints:2 Version:2026-05-28T06:08:56Z/13
2026-05-28T06:08:56.239853Z	info	delta	CDS: PUSH for node:echo-5fb5d66d6-xhjw8.echo-tr resources:5 removed:0 size:2.2kB cached:0/1
2026-05-28T06:08:56.239897Z	info	delta	EDS: PUSH INC for node:echo-5fb5d66d6-xhjw8.echo-tr resources:1 removed:0 size:200B empty:0 cached:0/1
2026-05-28T06:08:56.240498Z	info	delta	LDS: PUSH for node:echo-5fb5d66d6-xhjw8.echo-tr resources:19 removed:0 size:79.2kB
2026-05-28T06:08:56.240752Z	info	delta	RDS: PUSH for node:echo-5fb5d66d6-xhjw8.echo-tr resources:10 removed:0 size:7.5kB cached:7/10
2026-05-28T06:08:56.240796Z	info	delta	NDS: PUSH for node:echo-5fb5d66d6-xhjw8.echo-tr resources:1 removed:0 size:1.1kB
2026-05-28T06:08:56.240877Z	info	delta	CDS: PUSH for node:ew-gateway-85dd7d74c8-ngqjc.echo-tr resources:1 removed:0 size:50B
2026-05-28T06:08:56.240897Z	info	delta	LDS: PUSH for node:ew-gateway-85dd7d74c8-ngqjc.echo-tr resources:0 removed:0 size:0B
2026-05-28T06:08:57.148558Z	info	sync complete	name=istiod analyzer attempt=1 time=58.542µs
2026-05-28T06:08:58.093541Z	info	model	Cache Update, new service xcp-multicluster/echo.echo-tr.svc.cluster.local
2026-05-28T06:08:58.201285Z	info	ads	Push debounce stable[15] 3 for config ServiceEntry/xcp-multicluster/echo.echo-tr.svc.cluster.local and 1 more configs: 100.435ms since last change, 107.695583ms since last push, full=true
2026-05-28T06:08:58.201461Z	info	ads	XDS: Pushing Services:12 ConnectedEndpoints:2 Version:2026-05-28T06:08:58Z/14
2026-05-28T06:08:58.201624Z	info	delta	CDS: PUSH for node:ew-gateway-85dd7d74c8-ngqjc.echo-tr resources:1 removed:0 size:50B
2026-05-28T06:08:58.201660Z	info	delta	LDS: PUSH for node:ew-gateway-85dd7d74c8-ngqjc.echo-tr resources:0 removed:0 size:0B
2026-05-28T06:08:59.101478Z	info	sync complete	name=istiod analyzer attempt=1 time=38.708µs
2026-05-28T06:09:03.323431Z	info	sync complete	name=istiod analyzer attempt=1 time=27.375µs
2026-05-28T06:09:13.636508Z	info	sync complete	name=istiod analyzer attempt=1 time=42.75µs
2026-05-28T06:09:23.664813Z	info	sync complete	name=istiod analyzer attempt=1 time=49.75µs
2026-05-28T06:09:33.954688Z	info	sync complete	name=istiod analyzer attempt=1 time=26.333µs
2026-05-28T06:09:44.083568Z	info	sync complete	name=istiod analyzer attempt=1 time=31.083µs
2026-05-28T06:09:54.156813Z	info	sync complete	name=istiod analyzer attempt=1 time=27.75µs
2026-05-28T06:10:14.343807Z	info	sync complete	name=istiod analyzer attempt=1 time=25.542µs
2026-05-28T06:10:24.651094Z	info	sync complete	name=istiod analyzer attempt=1 time=27.458µs
2026-05-28T06:11:21.907362Z	info	ads	Push debounce stable[16] 3 for config ServiceEntry/echo-tr/echo.echo-tr.svc.cluster.local and 2 more configs: 100.093542ms since last change, 120.166417ms since last push, full=true
2026-05-28T06:11:21.908135Z	info	ads	XDS: Pushing Services:12 ConnectedEndpoints:2 Version:2026-05-28T06:11:21Z/15
2026-05-28T06:11:21.909169Z	info	delta	CDS: PUSH for node:echo-5fb5d66d6-xhjw8.echo-tr resources:5 removed:0 size:2.1kB cached:0/1
2026-05-28T06:11:21.909314Z	info	delta	EDS: PUSH INC for node:echo-5fb5d66d6-xhjw8.echo-tr resources:1 removed:0 size:228B empty:0 cached:0/1
2026-05-28T06:11:21.911097Z	info	delta	LDS: PUSH for node:echo-5fb5d66d6-xhjw8.echo-tr resources:19 removed:0 size:79.2kB
2026-05-28T06:11:21.911622Z	info	delta	RDS: PUSH for node:echo-5fb5d66d6-xhjw8.echo-tr resources:9 removed:0 size:7.4kB cached:7/9
2026-05-28T06:11:21.911703Z	info	delta	NDS: PUSH for node:echo-5fb5d66d6-xhjw8.echo-tr resources:1 removed:0 size:1.1kB
2026-05-28T06:11:21.911982Z	info	delta	CDS: PUSH for node:ew-gateway-85dd7d74c8-ngqjc.echo-tr resources:3 removed:0 size:1.6kB cached:0/1
2026-05-28T06:11:21.912122Z	info	delta	LDS: PUSH for node:ew-gateway-85dd7d74c8-ngqjc.echo-tr resources:1 removed:0 size:2.7kB
2026-05-28T06:11:21.920277Z	info	delta	EDS: PUSH request for node:ew-gateway-85dd7d74c8-ngqjc.echo-tr resources:2 removed:0 size:459B empty:0 cached:0/2 filtered:0
2026-05-28T06:11:22.807592Z	info	sync complete	name=istiod analyzer attempt=1 time=42.75µs
2026-05-28T06:11:22.915663Z	info	ads	Push debounce stable[17] 1 for config DestinationRule/echo-tr/dr-ew-echo-echo-tr-svc-cluster-local: 100.164875ms since last change, 100.164833ms since last push, full=true
2026-05-28T06:11:22.915794Z	info	ads	XDS: Pushing Services:12 ConnectedEndpoints:2 Version:2026-05-28T06:11:22Z/16
2026-05-28T06:11:22.915994Z	info	delta	CDS: PUSH for node:echo-5fb5d66d6-xhjw8.echo-tr resources:5 removed:0 size:2.2kB cached:0/1
2026-05-28T06:11:22.916071Z	info	delta	EDS: PUSH for node:echo-5fb5d66d6-xhjw8.echo-tr resources:17 removed:0 size:3.7kB empty:0 cached:16/17
2026-05-28T06:11:22.916872Z	info	delta	LDS: PUSH for node:echo-5fb5d66d6-xhjw8.echo-tr resources:19 removed:0 size:79.2kB
2026-05-28T06:11:22.917075Z	info	delta	RDS: PUSH for node:echo-5fb5d66d6-xhjw8.echo-tr resources:9 removed:0 size:7.4kB cached:9/9
2026-05-28T06:11:22.917173Z	info	delta	CDS: PUSH for node:ew-gateway-85dd7d74c8-ngqjc.echo-tr resources:3 removed:0 size:1.7kB cached:0/1
2026-05-28T06:11:22.917219Z	info	delta	EDS: PUSH for node:ew-gateway-85dd7d74c8-ngqjc.echo-tr resources:2 removed:0 size:459B empty:0 cached:0/2
2026-05-28T06:11:22.917346Z	info	delta	LDS: PUSH for node:ew-gateway-85dd7d74c8-ngqjc.echo-tr resources:1 removed:0 size:2.7kB
2026-05-28T06:11:23.817524Z	info	sync complete	name=istiod analyzer attempt=1 time=24.667µs
2026-05-28T06:11:26.388460Z	info	sync complete	name=istiod analyzer attempt=1 time=24.459µs
2026-05-28T06:11:36.471492Z	info	sync complete	name=istiod analyzer attempt=1 time=388.458µs
2026-05-28T06:11:46.673331Z	info	sync complete	name=istiod analyzer attempt=1 time=78.125µs
2026-05-28T06:11:56.797173Z	info	sync complete	name=istiod analyzer attempt=1 time=31.667µs
2026-05-28T06:12:17.217218Z	info	sync complete	name=istiod analyzer attempt=1 time=25.666µs
2026-05-28T06:12:27.342012Z	info	sync complete	name=istiod analyzer attempt=1 time=264.541µs
2026-05-28T06:13:38.546702Z	info	sync complete	name=istiod analyzer attempt=1 time=44.542µs
2026-05-28T06:13:48.931683Z	info	sync complete	name=istiod analyzer attempt=1 time=32.917µs
2026-05-28T06:15:30.893151Z	info	sync complete	name=istiod analyzer attempt=1 time=113.208µs
2026-05-28T06:15:41.091937Z	info	sync complete	name=istiod analyzer attempt=1 time=26.458µs
2026-05-28T06:16:01.709910Z	info	sync complete	name=istiod analyzer attempt=1 time=31.917µs
2026-05-28T06:16:21.907305Z	info	sync complete	name=istiod analyzer attempt=1 time=34.375µs
2026-05-28T06:16:36.521429Z	info	model	reloading network gateways
2026-05-28T06:16:36.521509Z	info	model	gateways changed, triggering push
2026-05-28T06:16:36.528646Z	info	model	Incremental push, service ew-gateway.echo-tr.svc.cluster.local at shard Kubernetes/cluster-2 has no endpoints
2026-05-28T06:16:36.655042Z	info	ads	Push debounce stable[18] 7 for config DestinationRule/echo-tr/dr-ew-echo-echo-tr-svc-cluster-local and 3 more configs: 100.772083ms since last change, 133.283625ms since last push, full=true
2026-05-28T06:16:36.657294Z	info	ads	XDS: Pushing Services:11 ConnectedEndpoints:2 Version:2026-05-28T06:16:36Z/17
2026-05-28T06:16:36.658089Z	info	delta	CDS: PUSH for node:echo-5fb5d66d6-xhjw8.echo-tr resources:20 removed:1 size:20.5kB cached:0/16
2026-05-28T06:16:36.658240Z	info	delta	EDS: PUSH for node:echo-5fb5d66d6-xhjw8.echo-tr resources:17 removed:0 size:3.5kB empty:1 cached:0/17
2026-05-28T06:16:36.659307Z	info	delta	LDS: PUSH for node:echo-5fb5d66d6-xhjw8.echo-tr resources:18 removed:1 size:77.8kB
2026-05-28T06:16:36.659661Z	info	delta	RDS: PUSH for node:echo-5fb5d66d6-xhjw8.echo-tr resources:9 removed:0 size:7.4kB cached:0/9
2026-05-28T06:16:36.659708Z	info	delta	NDS: PUSH for node:echo-5fb5d66d6-xhjw8.echo-tr resources:1 removed:0 size:1.1kB
2026-05-28T06:16:36.659808Z	info	delta	CDS: PUSH for node:ew-gateway-85dd7d74c8-ngqjc.echo-tr resources:1 removed:2 size:50B
2026-05-28T06:16:36.659845Z	info	delta	EDS: PUSH for node:ew-gateway-85dd7d74c8-ngqjc.echo-tr resources:2 removed:0 size:459B empty:0 cached:0/2
2026-05-28T06:16:36.659886Z	info	delta	LDS: PUSH for node:ew-gateway-85dd7d74c8-ngqjc.echo-tr resources:0 removed:1 size:0B
2026-05-28T06:16:37.555262Z	info	sync complete	name=istiod analyzer attempt=1 time=74.458µs
2026-05-28T06:16:41.815565Z	info	model	Incremental push, service echo-tr-gateway.echo-tr.svc.cluster.local at shard Kubernetes/cluster-2 has no endpoints
2026-05-28T06:16:41.819665Z	info	Process sidecar injection request	path=/inject pod=echo-tr/echo-tr-gateway-67dd96d555-***** (actual name not yet known)
2026-05-28T06:16:41.824603Z	info	model	reloading network gateways
2026-05-28T06:16:41.824629Z	info	model	gateways changed, triggering push
2026-05-28T06:16:41.924968Z	info	ads	Push debounce stable[19] 5 for config ServiceEntry/echo-tr/echo-tr-gateway.echo-tr.svc.cluster.local: 100.300542ms since last change, 113.627041ms since last push, full=true
2026-05-28T06:16:41.926184Z	info	ads	XDS: Pushing Services:12 ConnectedEndpoints:2 Version:2026-05-28T06:16:41Z/18
2026-05-28T06:16:41.926303Z	info	delta	CDS: PUSH for node:ew-gateway-85dd7d74c8-ngqjc.echo-tr resources:1 removed:0 size:50B
2026-05-28T06:16:41.926328Z	info	delta	LDS: PUSH for node:ew-gateway-85dd7d74c8-ngqjc.echo-tr resources:0 removed:0 size:0B
2026-05-28T06:16:41.926710Z	info	delta	CDS: PUSH for node:echo-5fb5d66d6-xhjw8.echo-tr resources:22 removed:0 size:22.9kB cached:0/18
2026-05-28T06:16:41.926828Z	info	delta	EDS: PUSH for node:echo-5fb5d66d6-xhjw8.echo-tr resources:16 removed:0 size:3.5kB empty:0 cached:0/16
2026-05-28T06:16:41.927535Z	info	delta	LDS: PUSH for node:echo-5fb5d66d6-xhjw8.echo-tr resources:20 removed:0 size:83.7kB
2026-05-28T06:16:41.927807Z	info	delta	RDS: PUSH for node:echo-5fb5d66d6-xhjw8.echo-tr resources:9 removed:0 size:7.4kB cached:0/9
2026-05-28T06:16:41.927838Z	info	delta	NDS: PUSH for node:echo-5fb5d66d6-xhjw8.echo-tr resources:1 removed:0 size:1.2kB
2026-05-28T06:16:41.935367Z	info	delta	EDS: PUSH request for node:echo-5fb5d66d6-xhjw8.echo-tr resources:2 removed:0 size:118B empty:2 cached:0/2 filtered:16
2026-05-28T06:16:41.936383Z	info	delta	RDS: PUSH request for node:echo-5fb5d66d6-xhjw8.echo-tr resources:1 removed:0 size:627B cached:0/1 filtered:9
2026-05-28T06:16:42.633376Z	info	delta	ADS: new delta connection for node:echo-tr-gateway-67dd96d555-w9bgv.echo-tr-90
2026-05-28T06:16:42.633491Z	info	delta	CDS: PUSH request for node:echo-tr-gateway-67dd96d555-w9bgv.echo-tr resources:1 removed:0 size:50B
2026-05-28T06:16:42.637227Z	info	delta	LDS: PUSH request for node:echo-tr-gateway-67dd96d555-w9bgv.echo-tr resources:0 removed:0 size:0B
2026-05-28T06:16:42.656212Z	info	ads	Push Status: {
    "pilot_eds_no_instances": {
        "outbound|15021||echo-tr-gateway.echo-tr.svc.cluster.local": {},
        "outbound|15443||echo-tr-gateway.echo-tr.svc.cluster.local": {}
    }
}
2026-05-28T06:16:42.878274Z	info	sync complete	name=istiod analyzer attempt=1 time=28.625µs
2026-05-28T06:16:43.050854Z	info	model	Full push, new service echo-tr/echo-tr-gateway.echo-tr.svc.cluster.local
2026-05-28T06:16:43.054005Z	info	delta	CDS: PUSH for node:echo-tr-gateway-67dd96d555-w9bgv.echo-tr resources:1 removed:0 size:50B
2026-05-28T06:16:43.054043Z	info	delta	LDS: PUSH for node:echo-tr-gateway-67dd96d555-w9bgv.echo-tr resources:0 removed:0 size:0B
2026-05-28T06:16:43.181149Z	info	ads	Push debounce stable[20] 7 for config VirtualService/echo-tr/vs-echo-echo-tr-svc-cluster-local and 5 more configs: 100.982917ms since last change, 130.238042ms since last push, full=true
2026-05-28T06:16:43.182063Z	info	ads	XDS: Pushing Services:12 ConnectedEndpoints:3 Version:2026-05-28T06:16:43Z/19
2026-05-28T06:16:43.182675Z	info	delta	CDS: PUSH for node:echo-tr-gateway-67dd96d555-w9bgv.echo-tr resources:2 removed:0 size:1.1kB cached:0/1
2026-05-28T06:16:43.183246Z	info	delta	LDS: PUSH for node:echo-tr-gateway-67dd96d555-w9bgv.echo-tr resources:2 removed:0 size:11.4kB
2026-05-28T06:16:43.183386Z	info	delta	CDS: PUSH for node:ew-gateway-85dd7d74c8-ngqjc.echo-tr resources:1 removed:0 size:72B
2026-05-28T06:16:43.183408Z	info	delta	LDS: PUSH for node:ew-gateway-85dd7d74c8-ngqjc.echo-tr resources:0 removed:0 size:0B
2026-05-28T06:16:43.183877Z	info	delta	CDS: PUSH for node:echo-5fb5d66d6-xhjw8.echo-tr resources:22 removed:0 size:23.0kB cached:0/18
2026-05-28T06:16:43.183971Z	info	delta	EDS: PUSH for node:echo-5fb5d66d6-xhjw8.echo-tr resources:18 removed:0 size:3.9kB empty:0 cached:16/18
2026-05-28T06:16:43.185083Z	info	delta	LDS: PUSH for node:echo-5fb5d66d6-xhjw8.echo-tr resources:20 removed:0 size:83.7kB
2026-05-28T06:16:43.185591Z	info	delta	RDS: PUSH for node:echo-5fb5d66d6-xhjw8.echo-tr resources:10 removed:0 size:8.0kB cached:0/10
2026-05-28T06:16:43.185661Z	info	delta	NDS: PUSH for node:echo-5fb5d66d6-xhjw8.echo-tr resources:1 removed:0 size:1.2kB
2026-05-28T06:16:43.190822Z	info	delta	EDS: PUSH request for node:echo-tr-gateway-67dd96d555-w9bgv.echo-tr resources:1 removed:0 size:228B empty:0 cached:0/1 filtered:0
2026-05-28T06:16:43.190996Z	info	delta	RDS: PUSH request for node:echo-tr-gateway-67dd96d555-w9bgv.echo-tr resources:2 removed:0 size:1.5kB cached:0/0 filtered:0
2026-05-28T06:16:44.082205Z	info	sync complete	name=istiod analyzer attempt=1 time=34.834µs
2026-05-28T06:16:44.193118Z	info	ads	Push debounce stable[21] 3 for config EnvoyFilter/echo-tr/default-allow-transit-backend-gw-external-batch0 and 2 more configs: 100.795958ms since last change, 102.153292ms since last push, full=true
2026-05-28T06:16:44.193697Z	info	ads	XDS: Pushing Services:12 ConnectedEndpoints:3 Version:2026-05-28T06:16:44Z/20
2026-05-28T06:16:44.193848Z	info	delta	CDS: PUSH for node:echo-tr-gateway-67dd96d555-w9bgv.echo-tr resources:2 removed:0 size:1.1kB cached:0/1
2026-05-28T06:16:44.193869Z	info	delta	EDS: PUSH for node:echo-tr-gateway-67dd96d555-w9bgv.echo-tr resources:1 removed:0 size:228B empty:0 cached:1/1
2026-05-28T06:16:44.194191Z	info	delta	LDS: PUSH for node:echo-tr-gateway-67dd96d555-w9bgv.echo-tr resources:2 removed:0 size:11.4kB
2026-05-28T06:16:44.194277Z	info	delta	RDS: PUSH for node:echo-tr-gateway-67dd96d555-w9bgv.echo-tr resources:2 removed:0 size:1.5kB cached:0/0
2026-05-28T06:16:44.194389Z	info	delta	CDS: PUSH for node:ew-gateway-85dd7d74c8-ngqjc.echo-tr resources:1 removed:0 size:72B
2026-05-28T06:16:44.194409Z	info	delta	LDS: PUSH for node:ew-gateway-85dd7d74c8-ngqjc.echo-tr resources:0 removed:0 size:0B
2026-05-28T06:16:44.194756Z	info	delta	CDS: PUSH for node:echo-5fb5d66d6-xhjw8.echo-tr resources:22 removed:0 size:23.0kB cached:0/18
2026-05-28T06:16:44.194801Z	info	delta	EDS: PUSH for node:echo-5fb5d66d6-xhjw8.echo-tr resources:18 removed:0 size:3.9kB empty:0 cached:18/18
2026-05-28T06:16:44.195770Z	info	delta	LDS: PUSH for node:echo-5fb5d66d6-xhjw8.echo-tr resources:20 removed:0 size:83.7kB
2026-05-28T06:16:44.196113Z	info	delta	RDS: PUSH for node:echo-5fb5d66d6-xhjw8.echo-tr resources:10 removed:0 size:8.0kB cached:0/10
2026-05-28T06:16:45.093133Z	info	sync complete	name=istiod analyzer attempt=1 time=40.917µs
2026-05-28T06:16:47.533488Z	info	sync complete	name=istiod analyzer attempt=1 time=41.167µs
2026-05-28T06:16:47.873458Z	info	ads	Push debounce stable[22] 1 for config ServiceEntry/xcp-multicluster/echo.echo-tr.svc.cluster.local: 100.019833ms since last change, 100.01975ms since last push, full=true
2026-05-28T06:16:47.873736Z	info	ads	XDS: Pushing Services:12 ConnectedEndpoints:3 Version:2026-05-28T06:16:47Z/21
2026-05-28T06:16:47.873931Z	info	delta	CDS: PUSH for node:echo-tr-gateway-67dd96d555-w9bgv.echo-tr resources:2 removed:0 size:1.1kB cached:1/1
2026-05-28T06:16:47.873958Z	info	delta	EDS: PUSH INC for node:echo-tr-gateway-67dd96d555-w9bgv.echo-tr resources:1 removed:0 size:228B empty:0 cached:1/1
2026-05-28T06:16:47.874803Z	info	delta	LDS: PUSH for node:echo-tr-gateway-67dd96d555-w9bgv.echo-tr resources:2 removed:0 size:11.4kB
2026-05-28T06:16:47.874939Z	info	delta	RDS: PUSH for node:echo-tr-gateway-67dd96d555-w9bgv.echo-tr resources:2 removed:0 size:1.5kB cached:0/0
2026-05-28T06:16:48.773567Z	info	sync complete	name=istiod analyzer attempt=1 time=52.292µs
2026-05-28T06:16:52.534021Z	info	delta	ADS: "10.30.0.16:57420" ew-gateway-85dd7d74c8-ngqjc.echo-tr-89 terminated
2026-05-28T06:16:54.076093Z	info	sync complete	name=istiod analyzer attempt=1 time=60.583µs
2026-05-28T06:17:12.983605Z	info	sync complete	name=istiod analyzer attempt=1 time=28.709µs
2026-05-28T06:17:22.999115Z	info	sync complete	name=istiod analyzer attempt=1 time=35.958µs
2026-05-28T06:18:03.508103Z	info	sync complete	name=istiod analyzer attempt=1 time=44.042µs
2026-05-28T06:18:13.597271Z	info	sync complete	name=istiod analyzer attempt=1 time=28.083µs
2026-05-28T06:18:54.213084Z	info	sync complete	name=istiod analyzer attempt=1 time=42.667µs
2026-05-28T06:19:04.281927Z	info	sync complete	name=istiod analyzer attempt=1 time=72.291µs
2026-05-28T06:20:05.447623Z	info	sync complete	name=istiod analyzer attempt=1 time=120.541µs
2026-05-28T06:20:15.542400Z	info	sync complete	name=istiod analyzer attempt=1 time=53.5µs
2026-05-28T06:20:35.848660Z	info	sync complete	name=istiod analyzer attempt=1 time=39.917µs
2026-05-28T06:20:46.001815Z	info	sync complete	name=istiod analyzer attempt=1 time=30.375µs
2026-05-28T06:20:56.083730Z	info	sync complete	name=istiod analyzer attempt=1 time=42.75µs
2026-05-28T06:21:06.473709Z	info	sync complete	name=istiod analyzer attempt=1 time=34.875µs
2026-05-28T06:21:36.942034Z	info	sync complete	name=istiod analyzer attempt=1 time=30.708µs
2026-05-28T06:21:47.133201Z	info	sync complete	name=istiod analyzer attempt=1 time=29.084µs
2026-05-28T06:21:56.441340Z	info	delta	ADS: "10.30.0.14:42506" echo-5fb5d66d6-xhjw8.echo-tr-87 terminated
2026-05-28T06:21:56.929418Z	info	delta	ADS: new delta connection for node:echo-5fb5d66d6-xhjw8.echo-tr-91
2026-05-28T06:21:56.931234Z	info	delta	CDS: PUSH request for node:echo-5fb5d66d6-xhjw8.echo-tr resources:22 removed:0 size:23.0kB cached:18/18 filtered:0
2026-05-28T06:21:56.932182Z	info	delta	EDS: PUSH request for node:echo-5fb5d66d6-xhjw8.echo-tr resources:18 removed:0 size:3.9kB empty:0 cached:18/18 filtered:0
2026-05-28T06:21:56.936147Z	info	delta	LDS: PUSH request for node:echo-5fb5d66d6-xhjw8.echo-tr resources:20 removed:0 size:83.7kB filtered:0
2026-05-28T06:21:56.936353Z	info	delta	NDS: PUSH request for node:echo-5fb5d66d6-xhjw8.echo-tr resources:1 removed:0 size:1.2kB
2026-05-28T06:21:56.936519Z	info	delta	RDS: PUSH request for node:echo-5fb5d66d6-xhjw8.echo-tr resources:10 removed:0 size:8.0kB cached:10/10 filtered:0
2026-05-28T06:22:07.344392Z	info	sync complete	name=istiod analyzer attempt=1 time=56.875µs
2026-05-28T06:22:27.592775Z	info	sync complete	name=istiod analyzer attempt=1 time=109.125µs
2026-05-28T06:22:48.033893Z	info	sync complete	name=istiod analyzer attempt=1 time=93.458µs
2026-05-28T06:22:58.319771Z	info	sync complete	name=istiod analyzer attempt=1 time=53µs
2026-05-28T06:23:29.136617Z	info	sync complete	name=istiod analyzer attempt=1 time=75.084µs
2026-05-28T06:23:39.400297Z	info	sync complete	name=istiod analyzer attempt=1 time=25.583µs
2026-05-28T06:23:49.518856Z	info	sync complete	name=istiod analyzer attempt=1 time=27.25µs
2026-05-28T06:24:09.864653Z	info	sync complete	name=istiod analyzer attempt=1 time=61.792µs
2026-05-28T06:24:20.210119Z	info	sync complete	name=istiod analyzer attempt=1 time=40.792µs
2026-05-28T06:24:40.405048Z	info	sync complete	name=istiod analyzer attempt=1 time=73.917µs
2026-05-28T06:24:50.612197Z	info	sync complete	name=istiod analyzer attempt=1 time=41.291µs
2026-05-28T06:26:12.151692Z	info	sync complete	name=istiod analyzer attempt=1 time=119.125µs
2026-05-28T06:26:22.237709Z	info	sync complete	name=istiod analyzer attempt=1 time=32.208µs
2026-05-28T06:26:42.876764Z	info	sync complete	name=istiod analyzer attempt=1 time=56.209µs
2026-05-28T06:26:53.243990Z	info	sync complete	name=istiod analyzer attempt=1 time=26.792µs
2026-05-28T06:27:33.826388Z	info	sync complete	name=istiod analyzer attempt=1 time=82.25µs
2026-05-28T06:27:43.851840Z	info	sync complete	name=istiod analyzer attempt=1 time=49.292µs
2026-05-28T06:28:34.722384Z	info	sync complete	name=istiod analyzer attempt=1 time=72.333µs
2026-05-28T06:28:44.788395Z	info	sync complete	name=istiod analyzer attempt=1 time=32.791µs
2026-05-28T06:28:54.929974Z	info	sync complete	name=istiod analyzer attempt=1 time=27.833µs
2026-05-28T06:29:05.089906Z	info	sync complete	name=istiod analyzer attempt=1 time=36.459µs
2026-05-28T06:29:15.397982Z	info	sync complete	name=istiod analyzer attempt=1 time=47.917µs
2026-05-28T06:29:35.764125Z	info	sync complete	name=istiod analyzer attempt=1 time=50.417µs
2026-05-28T06:31:18.240109Z	info	sync complete	name=istiod analyzer attempt=1 time=76µs
2026-05-28T06:31:28.579092Z	info	sync complete	name=istiod analyzer attempt=1 time=26.625µs
2026-05-28T06:31:38.709917Z	info	sync complete	name=istiod analyzer attempt=1 time=26.917µs
2026-05-28T06:31:49.043241Z	info	sync complete	name=istiod analyzer attempt=1 time=30.333µs
2026-05-28T06:32:49.721877Z	info	sync complete	name=istiod analyzer attempt=1 time=88.583µs
2026-05-28T06:32:59.833829Z	info	sync complete	name=istiod analyzer attempt=1 time=52.667µs
2026-05-28T06:33:50.747407Z	info	sync complete	name=istiod analyzer attempt=1 time=75.791µs
2026-05-28T06:34:00.943296Z	info	sync complete	name=istiod analyzer attempt=1 time=51.541µs
2026-05-28T06:34:11.246553Z	info	sync complete	name=istiod analyzer attempt=1 time=37.875µs
2026-05-28T06:34:21.549413Z	info	sync complete	name=istiod analyzer attempt=1 time=30.333µs
2026-05-28T06:35:43.445951Z	info	sync complete	name=istiod analyzer attempt=1 time=37.666µs
2026-05-28T06:35:53.661234Z	info	sync complete	name=istiod analyzer attempt=1 time=57.167µs
2026-05-28T06:36:24.324603Z	info	sync complete	name=istiod analyzer attempt=1 time=49.667µs
2026-05-28T06:36:34.537405Z	info	sync complete	name=istiod analyzer attempt=1 time=37.875µs
2026-05-28T06:37:25.703313Z	info	sync complete	name=istiod analyzer attempt=1 time=215.958µs
2026-05-28T06:37:36.043484Z	info	sync complete	name=istiod analyzer attempt=1 time=144.75µs
2026-05-28T06:37:46.325070Z	info	sync complete	name=istiod analyzer attempt=1 time=106.625µs
2026-05-28T06:38:57.638642Z	info	sync complete	name=istiod analyzer attempt=1 time=70.875µs
2026-05-28T06:39:07.852527Z	info	sync complete	name=istiod analyzer attempt=1 time=27.334µs
2026-05-28T06:39:18.211320Z	info	sync complete	name=istiod analyzer attempt=1 time=25.542µs
2026-05-28T06:39:28.455738Z	info	sync complete	name=istiod analyzer attempt=1 time=26.875µs
2026-05-28T06:39:38.852929Z	info	sync complete	name=istiod analyzer attempt=1 time=76.292µs
2026-05-28T06:39:49.049962Z	info	sync complete	name=istiod analyzer attempt=1 time=68.167µs
2026-05-28T06:40:50.425660Z	info	sync complete	name=istiod analyzer attempt=1 time=46.084µs
2026-05-28T06:41:00.783624Z	info	sync complete	name=istiod analyzer attempt=1 time=608.167µs
2026-05-28T06:41:41.338679Z	info	sync complete	name=istiod analyzer attempt=1 time=71.541µs
2026-05-28T06:41:51.593601Z	info	sync complete	name=istiod analyzer attempt=1 time=27.5µs
2026-05-28T06:42:42.990143Z	info	sync complete	name=istiod analyzer attempt=1 time=59.292µs
2026-05-28T06:42:52.998439Z	info	sync complete	name=istiod analyzer attempt=1 time=25.791µs
2026-05-28T06:43:03.044443Z	info	sync complete	name=istiod analyzer attempt=1 time=30.417µs
2026-05-28T06:43:23.514745Z	info	sync complete	name=istiod analyzer attempt=1 time=27.25µs
2026-05-28T06:43:33.656605Z	info	sync complete	name=istiod analyzer attempt=1 time=39.667µs
2026-05-28T06:43:53.834972Z	info	sync complete	name=istiod analyzer attempt=1 time=42.25µs
2026-05-28T06:44:04.124194Z	info	sync complete	name=istiod analyzer attempt=1 time=24.417µs
2026-05-28T06:44:14.460012Z	info	sync complete	name=istiod analyzer attempt=1 time=24.5µs
2026-05-28T06:44:34.779141Z	info	sync complete	name=istiod analyzer attempt=1 time=30.375µs
2026-05-28T06:44:44.911066Z	info	sync complete	name=istiod analyzer attempt=1 time=29.667µs
2026-05-28T06:44:55.235695Z	info	sync complete	name=istiod analyzer attempt=1 time=26.75µs
2026-05-28T06:45:03.681838Z	info	delta	ADS: "10.30.0.17:45694" echo-tr-gateway-67dd96d555-w9bgv.echo-tr-90 terminated
2026-05-28T06:45:03.917117Z	info	delta	ADS: new delta connection for node:echo-tr-gateway-67dd96d555-w9bgv.echo-tr-92
2026-05-28T06:45:03.917383Z	info	delta	CDS: PUSH request for node:echo-tr-gateway-67dd96d555-w9bgv.echo-tr resources:2 removed:0 size:1.1kB cached:1/1 filtered:0
2026-05-28T06:45:03.919677Z	info	delta	LDS: PUSH request for node:echo-tr-gateway-67dd96d555-w9bgv.echo-tr resources:2 removed:0 size:11.4kB filtered:0
2026-05-28T06:45:03.920451Z	info	delta	EDS: PUSH request for node:echo-tr-gateway-67dd96d555-w9bgv.echo-tr resources:1 removed:0 size:228B empty:0 cached:1/1 filtered:0
2026-05-28T06:45:03.920688Z	info	delta	RDS: PUSH request for node:echo-tr-gateway-67dd96d555-w9bgv.echo-tr resources:2 removed:0 size:1.5kB cached:0/0 filtered:0
2026-05-28T06:45:05.567683Z	info	sync complete	name=istiod analyzer attempt=1 time=25.375µs
2026-05-28T06:45:15.777674Z	info	sync complete	name=istiod analyzer attempt=1 time=47.125µs
2026-05-28T06:45:26.119081Z	info	sync complete	name=istiod analyzer attempt=1 time=60.375µs
2026-05-28T06:46:07.517989Z	info	sync complete	name=istiod analyzer attempt=1 time=24.958µs
2026-05-28T06:46:17.820938Z	info	sync complete	name=istiod analyzer attempt=1 time=28.292µs
2026-05-28T06:46:28.063985Z	info	sync complete	name=istiod analyzer attempt=1 time=24.625µs
2026-05-28T06:46:38.118068Z	info	sync complete	name=istiod analyzer attempt=1 time=26.958µs
2026-05-28T06:46:58.685321Z	info	sync complete	name=istiod analyzer attempt=1 time=55.958µs
2026-05-28T06:47:08.840424Z	info	sync complete	name=istiod analyzer attempt=1 time=25.791µs
2026-05-28T06:47:49.686587Z	info	sync complete	name=istiod analyzer attempt=1 time=34.208µs
2026-05-28T06:47:59.840538Z	info	sync complete	name=istiod analyzer attempt=1 time=29.416µs
2026-05-28T06:48:40.341887Z	info	sync complete	name=istiod analyzer attempt=1 time=34.291µs
2026-05-28T06:48:50.432927Z	info	sync complete	name=istiod analyzer attempt=1 time=29.125µs
2026-05-28T06:49:21.234121Z	info	sync complete	name=istiod analyzer attempt=1 time=39.375µs
2026-05-28T06:49:31.290104Z	info	sync complete	name=istiod analyzer attempt=1 time=76.583µs
2026-05-28T06:50:01.650194Z	info	sync complete	name=istiod analyzer attempt=1 time=30.375µs
2026-05-28T06:50:11.736249Z	info	sync complete	name=istiod analyzer attempt=1 time=31.292µs
2026-05-28T06:50:21.980881Z	info	sync complete	name=istiod analyzer attempt=1 time=30.5µs
2026-05-28T06:50:32.101897Z	info	sync complete	name=istiod analyzer attempt=1 time=24.583µs
2026-05-28T06:50:42.187871Z	info	sync complete	name=istiod analyzer attempt=1 time=39.541µs
2026-05-28T06:50:52.419550Z	info	sync complete	name=istiod analyzer attempt=1 time=37.125µs
2026-05-28T06:50:57.107862Z	info	delta	ADS: "10.30.0.14:39844" echo-5fb5d66d6-xhjw8.echo-tr-91 terminated
2026-05-28T06:50:57.134947Z	info	delta	ADS: new delta connection for node:echo-5fb5d66d6-xhjw8.echo-tr-93
2026-05-28T06:50:57.135519Z	info	delta	CDS: PUSH request for node:echo-5fb5d66d6-xhjw8.echo-tr resources:22 removed:0 size:23.0kB cached:18/18 filtered:0
2026-05-28T06:50:57.136268Z	info	delta	EDS: PUSH request for node:echo-5fb5d66d6-xhjw8.echo-tr resources:18 removed:0 size:3.9kB empty:0 cached:18/18 filtered:0
2026-05-28T06:50:57.138915Z	info	delta	LDS: PUSH request for node:echo-5fb5d66d6-xhjw8.echo-tr resources:20 removed:0 size:83.7kB filtered:0
2026-05-28T06:50:57.139066Z	info	delta	NDS: PUSH request for node:echo-5fb5d66d6-xhjw8.echo-tr resources:1 removed:0 size:1.2kB
2026-05-28T06:50:57.139341Z	info	delta	RDS: PUSH request for node:echo-5fb5d66d6-xhjw8.echo-tr resources:10 removed:0 size:8.0kB cached:10/10 filtered:0
2026-05-28T06:52:13.836561Z	info	sync complete	name=istiod analyzer attempt=1 time=65.167µs
2026-05-28T06:52:24.155667Z	info	sync complete	name=istiod analyzer attempt=1 time=25.417µs
2026-05-28T06:52:34.365627Z	info	sync complete	name=istiod analyzer attempt=1 time=27.333µs
2026-05-28T06:52:44.472884Z	info	sync complete	name=istiod analyzer attempt=1 time=43.416µs
2026-05-28T06:53:35.484467Z	info	sync complete	name=istiod analyzer attempt=1 time=53.75µs
2026-05-28T06:53:45.495440Z	info	sync complete	name=istiod analyzer attempt=1 time=25.333µs
2026-05-28T06:53:55.892584Z	info	sync complete	name=istiod analyzer attempt=1 time=78.083µs
2026-05-28T06:54:26.764123Z	info	sync complete	name=istiod analyzer attempt=1 time=24.916µs
2026-05-28T06:54:36.841742Z	info	sync complete	name=istiod analyzer attempt=1 time=24.875µs
2026-05-28T06:55:07.214720Z	info	sync complete	name=istiod analyzer attempt=1 time=29.667µs
2026-05-28T06:55:13.845637Z	info	ads	Push debounce stable[23] 1 for config Secret/kube-system/bootstrap-token-abcdef: 100.230625ms since last change, 100.230542ms since last push, full=false
2026-05-28T06:55:13.845766Z	info	ads	XDS: Incremental Pushing ConnectedEndpoints:2 Version:2026-05-28T06:16:47Z/21
2026-05-28T06:55:14.745916Z	info	sync complete	name=istiod analyzer attempt=1 time=27.833µs
2026-05-28T06:55:17.312029Z	info	sync complete	name=istiod analyzer attempt=1 time=28.292µs
2026-05-28T06:56:07.845342Z	info	sync complete	name=istiod analyzer attempt=1 time=61.208µs
2026-05-28T06:56:18.177287Z	info	sync complete	name=istiod analyzer attempt=1 time=36.208µs
2026-05-28T06:56:38.531396Z	info	sync complete	name=istiod analyzer attempt=1 time=23.625µs
2026-05-28T06:56:58.902437Z	info	sync complete	name=istiod analyzer attempt=1 time=39.708µs
2026-05-28T06:57:19.259841Z	info	sync complete	name=istiod analyzer attempt=1 time=34.292µs
2026-05-28T06:57:29.643857Z	info	sync complete	name=istiod analyzer attempt=1 time=48.166µs
2026-05-28T06:57:40.017814Z	info	sync complete	name=istiod analyzer attempt=1 time=33.25µs
2026-05-28T06:58:00.648903Z	info	sync complete	name=istiod analyzer attempt=1 time=28.541µs
2026-05-28T06:58:10.829849Z	info	sync complete	name=istiod analyzer attempt=1 time=26.959µs
2026-05-28T06:58:21.116115Z	info	sync complete	name=istiod analyzer attempt=1 time=36.459µs
2026-05-28T06:58:41.464888Z	info	sync complete	name=istiod analyzer attempt=1 time=30.375µs
2026-05-28T06:58:51.848210Z	info	sync complete	name=istiod analyzer attempt=1 time=24.458µs
2026-05-28T06:59:12.164141Z	info	sync complete	name=istiod analyzer attempt=1 time=48.875µs
2026-05-28T06:59:22.169855Z	info	sync complete	name=istiod analyzer attempt=1 time=38.833µs
2026-05-28T06:59:32.289756Z	info	sync complete	name=istiod analyzer attempt=1 time=36.167µs
2026-05-28T06:59:42.446783Z	info	sync complete	name=istiod analyzer attempt=1 time=26.584µs
2026-05-28T07:00:13.124318Z	info	sync complete	name=istiod analyzer attempt=1 time=33.959µs
2026-05-28T07:00:23.447216Z	info	sync complete	name=istiod analyzer attempt=1 time=37.125µs
2026-05-28T07:00:54.284135Z	info	sync complete	name=istiod analyzer attempt=1 time=37.459µs
2026-05-28T07:01:04.657310Z	info	sync complete	name=istiod analyzer attempt=1 time=65.625µs
2026-05-28T07:04:08.119842Z	info	sync complete	name=istiod analyzer attempt=1 time=71.375µs
2026-05-28T07:04:18.361848Z	info	sync complete	name=istiod analyzer attempt=1 time=26µs
2026-05-28T07:04:28.540192Z	info	sync complete	name=istiod analyzer attempt=1 time=27.667µs
2026-05-28T07:04:38.716106Z	info	sync complete	name=istiod analyzer attempt=1 time=26.75µs
2026-05-28T07:05:19.200917Z	info	sync complete	name=istiod analyzer attempt=1 time=134.583µs
2026-05-28T07:05:29.338249Z	info	sync complete	name=istiod analyzer attempt=1 time=29.833µs
2026-05-28T07:05:39.507392Z	info	sync complete	name=istiod analyzer attempt=1 time=28.792µs
2026-05-28T07:05:49.831030Z	info	sync complete	name=istiod analyzer attempt=1 time=28.166µs
2026-05-28T07:06:30.751006Z	info	sync complete	name=istiod analyzer attempt=1 time=23.917µs
2026-05-28T07:06:40.866974Z	info	sync complete	name=istiod analyzer attempt=1 time=27.375µs
2026-05-28T07:07:21.681263Z	info	sync complete	name=istiod analyzer attempt=1 time=52.167µs
2026-05-28T07:07:31.918812Z	info	sync complete	name=istiod analyzer attempt=1 time=132.292µs
2026-05-28T07:07:42.168333Z	info	sync complete	name=istiod analyzer attempt=1 time=26.458µs
2026-05-28T07:07:52.189600Z	info	sync complete	name=istiod analyzer attempt=1 time=36.042µs
2026-05-28T07:08:02.422438Z	info	sync complete	name=istiod analyzer attempt=1 time=25.541µs
2026-05-28T07:08:12.446624Z	info	sync complete	name=istiod analyzer attempt=1 time=29.917µs
2026-05-28T07:09:03.309307Z	info	sync complete	name=istiod analyzer attempt=1 time=36.834µs
2026-05-28T07:09:13.455253Z	info	sync complete	name=istiod analyzer attempt=1 time=43.208µs
2026-05-28T07:09:53.749787Z	info	sync complete	name=istiod analyzer attempt=1 time=46.791µs
2026-05-28T07:10:03.766537Z	info	sync complete	name=istiod analyzer attempt=1 time=30.084µs
2026-05-28T07:11:56.116577Z	info	sync complete	name=istiod analyzer attempt=1 time=28.25µs
2026-05-28T07:12:06.460471Z	info	sync complete	name=istiod analyzer attempt=1 time=25.125µs
2026-05-28T07:12:16.615537Z	info	sync complete	name=istiod analyzer attempt=1 time=24.208µs
2026-05-28T07:13:28.009450Z	info	sync complete	name=istiod analyzer attempt=1 time=40.791µs
2026-05-28T07:13:48.243737Z	info	sync complete	name=istiod analyzer attempt=1 time=27.541µs
2026-05-28T07:14:18.633001Z	info	sync complete	name=istiod analyzer attempt=1 time=26µs
2026-05-28T07:14:22.600093Z	info	delta	ADS: "10.30.0.17:55748" echo-tr-gateway-67dd96d555-w9bgv.echo-tr-92 terminated
2026-05-28T07:14:22.755273Z	info	delta	ADS: new delta connection for node:echo-tr-gateway-67dd96d555-w9bgv.echo-tr-94
2026-05-28T07:14:22.755535Z	info	delta	CDS: PUSH request for node:echo-tr-gateway-67dd96d555-w9bgv.echo-tr resources:2 removed:0 size:1.1kB cached:1/1 filtered:0
2026-05-28T07:14:22.757149Z	info	delta	LDS: PUSH request for node:echo-tr-gateway-67dd96d555-w9bgv.echo-tr resources:2 removed:0 size:11.4kB filtered:0
2026-05-28T07:14:22.757199Z	info	delta	EDS: PUSH request for node:echo-tr-gateway-67dd96d555-w9bgv.echo-tr resources:1 removed:0 size:228B empty:0 cached:1/1 filtered:0
2026-05-28T07:14:22.757379Z	info	delta	RDS: PUSH request for node:echo-tr-gateway-67dd96d555-w9bgv.echo-tr resources:2 removed:0 size:1.5kB cached:0/0 filtered:0
2026-05-28T07:14:28.837987Z	info	sync complete	name=istiod analyzer attempt=1 time=25.791µs
2026-05-28T07:14:49.264233Z	info	sync complete	name=istiod analyzer attempt=1 time=26.666µs
2026-05-28T07:14:59.335158Z	info	sync complete	name=istiod analyzer attempt=1 time=28.625µs
2026-05-28T07:15:19.873510Z	info	sync complete	name=istiod analyzer attempt=1 time=26.458µs
2026-05-28T07:15:40.030780Z	info	sync complete	name=istiod analyzer attempt=1 time=50.375µs
2026-05-28T07:17:11.702505Z	info	sync complete	name=istiod analyzer attempt=1 time=42.083µs
2026-05-28T07:17:32.207312Z	info	sync complete	name=istiod analyzer attempt=1 time=27.792µs
2026-05-28T07:17:52.536384Z	info	sync complete	name=istiod analyzer attempt=1 time=31.292µs
2026-05-28T07:18:02.744412Z	info	sync complete	name=istiod analyzer attempt=1 time=23.958µs
2026-05-28T07:18:52.934867Z	info	delta	ADS: "10.30.0.14:40592" echo-5fb5d66d6-xhjw8.echo-tr-93 terminated
2026-05-28T07:18:53.171629Z	info	delta	ADS: new delta connection for node:echo-5fb5d66d6-xhjw8.echo-tr-95
2026-05-28T07:18:53.171961Z	info	delta	CDS: PUSH request for node:echo-5fb5d66d6-xhjw8.echo-tr resources:22 removed:0 size:23.0kB cached:18/18 filtered:0
2026-05-28T07:18:53.173490Z	info	delta	EDS: PUSH request for node:echo-5fb5d66d6-xhjw8.echo-tr resources:18 removed:0 size:3.9kB empty:0 cached:18/18 filtered:0
2026-05-28T07:18:53.175884Z	info	delta	LDS: PUSH request for node:echo-5fb5d66d6-xhjw8.echo-tr resources:20 removed:0 size:83.7kB filtered:0
2026-05-28T07:18:53.176023Z	info	delta	NDS: PUSH request for node:echo-5fb5d66d6-xhjw8.echo-tr resources:1 removed:0 size:1.2kB
2026-05-28T07:18:53.176519Z	info	delta	RDS: PUSH request for node:echo-5fb5d66d6-xhjw8.echo-tr resources:10 removed:0 size:8.0kB cached:10/10 filtered:0
2026-05-28T07:18:53.858786Z	info	sync complete	name=istiod analyzer attempt=1 time=24.583µs
2026-05-28T07:19:04.186973Z	info	sync complete	name=istiod analyzer attempt=1 time=90.333µs
2026-05-28T07:19:14.458879Z	info	sync complete	name=istiod analyzer attempt=1 time=38.958µs
2026-05-28T07:19:24.678497Z	info	sync complete	name=istiod analyzer attempt=1 time=27.333µs
2026-05-28T07:20:16.298098Z	info	sync complete	name=istiod analyzer attempt=1 time=52.083µs
2026-05-28T07:20:26.564942Z	info	sync complete	name=istiod analyzer attempt=1 time=24.333µs
2026-05-28T07:20:46.880105Z	info	sync complete	name=istiod analyzer attempt=1 time=26.417µs
2026-05-28T07:20:57.200344Z	info	sync complete	name=istiod analyzer attempt=1 time=56.625µs
2026-05-28T07:21:07.264335Z	info	sync complete	name=istiod analyzer attempt=1 time=68.084µs
2026-05-28T07:21:17.329538Z	info	sync complete	name=istiod analyzer attempt=1 time=26.042µs
2026-05-28T07:21:37.778551Z	info	sync complete	name=istiod analyzer attempt=1 time=41.541µs
2026-05-28T07:22:18.483543Z	info	sync complete	name=istiod analyzer attempt=1 time=27.917µs
2026-05-28T07:22:28.635394Z	info	sync complete	name=istiod analyzer attempt=1 time=31.75µs
2026-05-28T07:22:39.000674Z	info	sync complete	name=istiod analyzer attempt=1 time=33.959µs
2026-05-28T07:22:49.341511Z	info	sync complete	name=istiod analyzer attempt=1 time=24.916µs
2026-05-28T07:22:59.405808Z	info	sync complete	name=istiod analyzer attempt=1 time=23.875µs
2026-05-28T07:23:19.808646Z	info	sync complete	name=istiod analyzer attempt=1 time=35.875µs
2026-05-28T07:23:29.838774Z	info	sync complete	name=istiod analyzer attempt=1 time=32.166µs
2026-05-28T07:24:00.583045Z	info	sync complete	name=istiod analyzer attempt=1 time=30.709µs
2026-05-28T07:24:10.694073Z	info	sync complete	name=istiod analyzer attempt=1 time=61.5µs
2026-05-28T07:24:20.857126Z	info	sync complete	name=istiod analyzer attempt=1 time=24.458µs
2026-05-28T07:24:31.020630Z	info	sync complete	name=istiod analyzer attempt=1 time=24.792µs
2026-05-28T07:25:12.270520Z	info	sync complete	name=istiod analyzer attempt=1 time=39.292µs
2026-05-28T07:25:22.308413Z	info	sync complete	name=istiod analyzer attempt=1 time=32.125µs
2026-05-28T07:26:34.292445Z	info	sync complete	name=istiod analyzer attempt=1 time=40.083µs
2026-05-28T07:26:44.464238Z	info	sync complete	name=istiod analyzer attempt=1 time=24.958µs
2026-05-28T07:27:04.829611Z	info	sync complete	name=istiod analyzer attempt=1 time=31.208µs
2026-05-28T07:29:48.106562Z	info	sync complete	name=istiod analyzer attempt=1 time=26.375µs
2026-05-28T07:29:58.365555Z	info	sync complete	name=istiod analyzer attempt=1 time=27.375µs
2026-05-28T07:31:40.110647Z	info	sync complete	name=istiod analyzer attempt=1 time=31.958µs
2026-05-28T07:32:00.579287Z	info	sync complete	name=istiod analyzer attempt=1 time=28.625µs
2026-05-28T07:32:10.980948Z	info	sync complete	name=istiod analyzer attempt=1 time=37.334µs
2026-05-28T07:32:21.078142Z	info	sync complete	name=istiod analyzer attempt=1 time=27.584µs
2026-05-28T07:33:01.957479Z	info	sync complete	name=istiod analyzer attempt=1 time=38.125µs
2026-05-28T07:33:12.197730Z	info	sync complete	name=istiod analyzer attempt=1 time=56.791µs
2026-05-28T07:33:22.454688Z	info	sync complete	name=istiod analyzer attempt=1 time=24.541µs
2026-05-28T07:33:32.703636Z	info	sync complete	name=istiod analyzer attempt=1 time=26.583µs
2026-05-28T07:34:03.393772Z	info	sync complete	name=istiod analyzer attempt=1 time=37.708µs
2026-05-28T07:34:13.642436Z	info	sync complete	name=istiod analyzer attempt=1 time=24.209µs
2026-05-28T07:34:44.121996Z	info	sync complete	name=istiod analyzer attempt=1 time=38.333µs
2026-05-28T07:34:54.452173Z	info	sync complete	name=istiod analyzer attempt=1 time=57.166µs
2026-05-28T07:35:04.477573Z	info	sync complete	name=istiod analyzer attempt=1 time=26.5µs
2026-05-28T07:35:14.634722Z	info	sync complete	name=istiod analyzer attempt=1 time=25.541µs
2026-05-28T07:35:24.679802Z	info	sync complete	name=istiod analyzer attempt=1 time=25.958µs
2026-05-28T07:35:35.053066Z	info	sync complete	name=istiod analyzer attempt=1 time=34.083µs
2026-05-28T07:37:06.571627Z	info	sync complete	name=istiod analyzer attempt=1 time=50.084µs
2026-05-28T07:37:16.664274Z	info	sync complete	name=istiod analyzer attempt=1 time=46.459µs
2026-05-28T07:38:07.755588Z	info	sync complete	name=istiod analyzer attempt=1 time=37.75µs
2026-05-28T07:38:18.150514Z	info	sync complete	name=istiod analyzer attempt=1 time=26.292µs
2026-05-28T07:39:30.161742Z	info	sync complete	name=istiod analyzer attempt=1 time=27.375µs
2026-05-28T07:39:50.326054Z	info	sync complete	name=istiod analyzer attempt=1 time=35.292µs
2026-05-28T07:40:41.247007Z	info	sync complete	name=istiod analyzer attempt=1 time=28.084µs
2026-05-28T07:40:51.637254Z	info	sync complete	name=istiod analyzer attempt=1 time=28.084µs
2026-05-28T07:41:12.237969Z	info	sync complete	name=istiod analyzer attempt=1 time=32.5µs
2026-05-28T07:41:22.363536Z	info	sync complete	name=istiod analyzer attempt=1 time=28.667µs
2026-05-28T07:41:32.599104Z	info	sync complete	name=istiod analyzer attempt=1 time=28.292µs
2026-05-28T07:41:42.806379Z	info	sync complete	name=istiod analyzer attempt=1 time=24.25µs
2026-05-28T07:42:33.649829Z	info	sync complete	name=istiod analyzer attempt=1 time=32.542µs
2026-05-28T07:42:43.938105Z	info	sync complete	name=istiod analyzer attempt=1 time=31.667µs
2026-05-28T07:43:35.253665Z	info	sync complete	name=istiod analyzer attempt=1 time=27.75µs
2026-05-28T07:43:45.532823Z	info	sync complete	name=istiod analyzer attempt=1 time=27.625µs
2026-05-28T07:43:55.638830Z	info	sync complete	name=istiod analyzer attempt=1 time=28.083µs
2026-05-28T07:44:16.131693Z	info	sync complete	name=istiod analyzer attempt=1 time=24.833µs
2026-05-28T07:44:26.172793Z	info	sync complete	name=istiod analyzer attempt=1 time=29.625µs
2026-05-28T07:44:36.368347Z	info	sync complete	name=istiod analyzer attempt=1 time=25.083µs
2026-05-28T07:44:46.676735Z	info	sync complete	name=istiod analyzer attempt=1 time=26.833µs
2026-05-28T07:44:57.074895Z	info	sync complete	name=istiod analyzer attempt=1 time=27.125µs
2026-05-28T07:45:07.378193Z	info	sync complete	name=istiod analyzer attempt=1 time=45.209µs
2026-05-28T07:45:17.571919Z	info	sync complete	name=istiod analyzer attempt=1 time=29.542µs
2026-05-28T07:45:48.640336Z	info	sync complete	name=istiod analyzer attempt=1 time=24.375µs
2026-05-28T07:45:58.699089Z	info	sync complete	name=istiod analyzer attempt=1 time=30.5µs
2026-05-28T07:47:03.567293Z	info	delta	ADS: "10.30.0.14:37686" echo-5fb5d66d6-xhjw8.echo-tr-95 terminated
2026-05-28T07:47:03.667815Z	info	delta	ADS: new delta connection for node:echo-5fb5d66d6-xhjw8.echo-tr-96
2026-05-28T07:47:03.668226Z	info	delta	CDS: PUSH request for node:echo-5fb5d66d6-xhjw8.echo-tr resources:22 removed:0 size:23.0kB cached:18/18 filtered:0
2026-05-28T07:47:03.668844Z	info	delta	EDS: PUSH request for node:echo-5fb5d66d6-xhjw8.echo-tr resources:18 removed:0 size:3.9kB empty:0 cached:18/18 filtered:0
2026-05-28T07:47:03.670809Z	info	delta	LDS: PUSH request for node:echo-5fb5d66d6-xhjw8.echo-tr resources:20 removed:0 size:83.7kB filtered:0
2026-05-28T07:47:03.670936Z	info	delta	NDS: PUSH request for node:echo-5fb5d66d6-xhjw8.echo-tr resources:1 removed:0 size:1.2kB
2026-05-28T07:47:03.671223Z	info	delta	RDS: PUSH request for node:echo-5fb5d66d6-xhjw8.echo-tr resources:10 removed:0 size:8.0kB cached:10/10 filtered:0
2026-05-28T07:47:04.328491Z	info	delta	ADS: "10.30.0.17:60924" echo-tr-gateway-67dd96d555-w9bgv.echo-tr-94 terminated
2026-05-28T07:47:04.623074Z	info	delta	ADS: new delta connection for node:echo-tr-gateway-67dd96d555-w9bgv.echo-tr-97
2026-05-28T07:47:04.623289Z	info	delta	CDS: PUSH request for node:echo-tr-gateway-67dd96d555-w9bgv.echo-tr resources:2 removed:0 size:1.1kB cached:1/1 filtered:0
2026-05-28T07:47:04.623917Z	info	delta	LDS: PUSH request for node:echo-tr-gateway-67dd96d555-w9bgv.echo-tr resources:2 removed:0 size:11.4kB filtered:0
2026-05-28T07:47:04.624381Z	info	delta	EDS: PUSH request for node:echo-tr-gateway-67dd96d555-w9bgv.echo-tr resources:1 removed:0 size:228B empty:0 cached:1/1 filtered:0
2026-05-28T07:47:04.624631Z	info	delta	RDS: PUSH request for node:echo-tr-gateway-67dd96d555-w9bgv.echo-tr resources:2 removed:0 size:1.5kB cached:0/0 filtered:0
2026-05-28T07:48:21.928974Z	info	sync complete	name=istiod analyzer attempt=1 time=28.792µs
2026-05-28T07:48:32.171560Z	info	sync complete	name=istiod analyzer attempt=1 time=23.583µs
2026-05-28T07:49:53.765490Z	info	sync complete	name=istiod analyzer attempt=1 time=26.708µs
2026-05-28T07:50:04.009678Z	info	sync complete	name=istiod analyzer attempt=1 time=53µs
2026-05-28T07:50:14.350518Z	info	sync complete	name=istiod analyzer attempt=1 time=33.792µs
2026-05-28T07:50:24.375810Z	info	sync complete	name=istiod analyzer attempt=1 time=28.417µs
2026-05-28T07:50:44.844081Z	info	sync complete	name=istiod analyzer attempt=1 time=31.083µs
2026-05-28T07:50:54.888114Z	info	sync complete	name=istiod analyzer attempt=1 time=23.875µs
2026-05-28T07:52:36.726731Z	info	sync complete	name=istiod analyzer attempt=1 time=29.208µs
2026-05-28T07:52:46.794328Z	info	sync complete	name=istiod analyzer attempt=1 time=37.292µs
2026-05-28T07:53:17.225044Z	info	sync complete	name=istiod analyzer attempt=1 time=24.583µs
2026-05-28T07:53:27.382363Z	info	sync complete	name=istiod analyzer attempt=1 time=28.792µs
2026-05-28T07:53:47.552528Z	info	sync complete	name=istiod analyzer attempt=1 time=31.459µs
2026-05-28T07:54:59.571694Z	info	sync complete	name=istiod analyzer attempt=1 time=34.375µs
2026-05-28T07:55:09.977891Z	info	sync complete	name=istiod analyzer attempt=1 time=24.75µs
2026-05-28T07:57:02.244104Z	info	sync complete	name=istiod analyzer attempt=1 time=35.208µs
2026-05-28T07:57:22.539014Z	info	sync complete	name=istiod analyzer attempt=1 time=29.375µs
2026-05-28T07:57:53.222978Z	info	sync complete	name=istiod analyzer attempt=1 time=33.042µs
2026-05-28T07:58:13.467914Z	info	sync complete	name=istiod analyzer attempt=1 time=45.583µs
2026-05-28T07:58:43.798312Z	info	sync complete	name=istiod analyzer attempt=1 time=36µs
2026-05-28T07:58:54.093803Z	info	sync complete	name=istiod analyzer attempt=1 time=25.875µs
2026-05-28T07:59:04.257639Z	info	sync complete	name=istiod analyzer attempt=1 time=26.958µs
2026-05-28T07:59:34.782745Z	info	sync complete	name=istiod analyzer attempt=1 time=30.75µs
2026-05-28T07:59:44.919487Z	info	sync complete	name=istiod analyzer attempt=1 time=23.792µs
2026-05-28T08:00:05.166815Z	info	sync complete	name=istiod analyzer attempt=1 time=30.042µs
2026-05-28T08:00:15.300947Z	info	sync complete	name=istiod analyzer attempt=1 time=25.583µs
2026-05-28T08:00:25.526261Z	info	sync complete	name=istiod analyzer attempt=1 time=54.583µs
2026-05-28T08:00:35.647234Z	info	sync complete	name=istiod analyzer attempt=1 time=26.042µs
2026-05-28T08:00:55.714170Z	info	sync complete	name=istiod analyzer attempt=1 time=32.667µs
2026-05-28T08:01:05.825593Z	info	sync complete	name=istiod analyzer attempt=1 time=39.75µs
2026-05-28T08:01:15.997372Z	info	sync complete	name=istiod analyzer attempt=1 time=25.417µs
2026-05-28T08:01:26.246535Z	info	sync complete	name=istiod analyzer attempt=1 time=33.5µs
2026-05-28T08:05:09.768615Z	info	sync complete	name=istiod analyzer attempt=1 time=51.417µs
2026-05-28T08:05:19.869279Z	info	sync complete	name=istiod analyzer attempt=1 time=28.375µs
2026-05-28T08:07:22.440058Z	info	sync complete	name=istiod analyzer attempt=1 time=33.25µs
2026-05-28T08:07:32.589946Z	info	sync complete	name=istiod analyzer attempt=1 time=38.208µs
2026-05-28T08:07:52.930864Z	info	sync complete	name=istiod analyzer attempt=1 time=25.541µs
2026-05-28T08:08:03.245989Z	info	sync complete	name=istiod analyzer attempt=1 time=32.875µs
2026-05-28T08:08:13.266140Z	info	sync complete	name=istiod analyzer attempt=1 time=37.875µs
2026-05-28T08:08:33.403358Z	info	sync complete	name=istiod analyzer attempt=1 time=44.833µs
2026-05-28T08:08:43.428416Z	info	sync complete	name=istiod analyzer attempt=1 time=24.083µs
2026-05-28T08:09:24.051612Z	info	sync complete	name=istiod analyzer attempt=1 time=28.75µs
2026-05-28T08:09:34.410612Z	info	sync complete	name=istiod analyzer attempt=1 time=29.167µs
2026-05-28T08:10:05.245399Z	info	sync complete	name=istiod analyzer attempt=1 time=29.042µs
2026-05-28T08:10:25.375432Z	info	sync complete	name=istiod analyzer attempt=1 time=43.417µs
2026-05-28T08:10:45.831413Z	info	sync complete	name=istiod analyzer attempt=1 time=24.666µs
2026-05-28T08:11:06.444843Z	info	sync complete	name=istiod analyzer attempt=1 time=25.5µs
2026-05-28T08:13:09.290564Z	info	sync complete	name=istiod analyzer attempt=1 time=32.666µs
2026-05-28T08:13:19.502209Z	info	sync complete	name=istiod analyzer attempt=1 time=26.208µs
2026-05-28T08:14:00.387928Z	info	sync complete	name=istiod analyzer attempt=1 time=42.583µs
2026-05-28T08:14:10.711842Z	info	sync complete	name=istiod analyzer attempt=1 time=25.375µs
2026-05-28T08:15:11.942141Z	info	sync complete	name=istiod analyzer attempt=1 time=48.917µs
2026-05-28T08:15:32.121969Z	info	sync complete	name=istiod analyzer attempt=1 time=28.792µs
2026-05-28T08:15:42.459184Z	info	sync complete	name=istiod analyzer attempt=1 time=29.125µs
2026-05-28T08:15:52.745062Z	info	sync complete	name=istiod analyzer attempt=1 time=36.75µs
2026-05-28T08:16:14.045403Z	info	delta	ADS: "10.30.0.17:41518" echo-tr-gateway-67dd96d555-w9bgv.echo-tr-97 terminated
2026-05-28T08:16:14.282471Z	info	delta	ADS: new delta connection for node:echo-tr-gateway-67dd96d555-w9bgv.echo-tr-98
2026-05-28T08:16:14.282774Z	info	delta	CDS: PUSH request for node:echo-tr-gateway-67dd96d555-w9bgv.echo-tr resources:2 removed:0 size:1.1kB cached:1/1 filtered:0
2026-05-28T08:16:14.284359Z	info	delta	LDS: PUSH request for node:echo-tr-gateway-67dd96d555-w9bgv.echo-tr resources:2 removed:0 size:11.4kB filtered:0
2026-05-28T08:16:14.284402Z	info	delta	EDS: PUSH request for node:echo-tr-gateway-67dd96d555-w9bgv.echo-tr resources:1 removed:0 size:228B empty:0 cached:1/1 filtered:0
2026-05-28T08:16:14.284573Z	info	delta	RDS: PUSH request for node:echo-tr-gateway-67dd96d555-w9bgv.echo-tr resources:2 removed:0 size:1.5kB cached:0/0 filtered:0
2026-05-28T08:16:33.616143Z	info	sync complete	name=istiod analyzer attempt=1 time=29.792µs
2026-05-28T08:16:43.743498Z	info	sync complete	name=istiod analyzer attempt=1 time=24.792µs
2026-05-28T08:17:04.336600Z	info	sync complete	name=istiod analyzer attempt=1 time=28.625µs
2026-05-28T08:17:14.377399Z	info	sync complete	name=istiod analyzer attempt=1 time=39.417µs
2026-05-28T08:17:24.700915Z	info	sync complete	name=istiod analyzer attempt=1 time=58.042µs
2026-05-28T08:17:34.830615Z	info	sync complete	name=istiod analyzer attempt=1 time=50.833µs
2026-05-28T08:18:05.057630Z	info	sync complete	name=istiod analyzer attempt=1 time=31.167µs
2026-05-28T08:18:15.267876Z	info	sync complete	name=istiod analyzer attempt=1 time=25.084µs
2026-05-28T08:18:35.881479Z	info	sync complete	name=istiod analyzer attempt=1 time=25.417µs
2026-05-28T08:18:45.900738Z	info	sync complete	name=istiod analyzer attempt=1 time=38.792µs
2026-05-28T08:19:06.623231Z	info	sync complete	name=istiod analyzer attempt=1 time=28.958µs
2026-05-28T08:19:16.703127Z	info	sync complete	name=istiod analyzer attempt=1 time=25.291µs
2026-05-28T08:19:26.996435Z	info	sync complete	name=istiod analyzer attempt=1 time=23.042µs
2026-05-28T08:20:06.578113Z	info	delta	ADS: "10.30.0.14:33396" echo-5fb5d66d6-xhjw8.echo-tr-96 terminated
2026-05-28T08:20:07.001968Z	info	delta	ADS: new delta connection for node:echo-5fb5d66d6-xhjw8.echo-tr-99
2026-05-28T08:20:07.002132Z	info	delta	CDS: PUSH request for node:echo-5fb5d66d6-xhjw8.echo-tr resources:22 removed:0 size:23.0kB cached:18/18 filtered:0
2026-05-28T08:20:07.002347Z	info	delta	EDS: PUSH request for node:echo-5fb5d66d6-xhjw8.echo-tr resources:18 removed:0 size:3.9kB empty:0 cached:18/18 filtered:0
2026-05-28T08:20:07.003740Z	info	delta	LDS: PUSH request for node:echo-5fb5d66d6-xhjw8.echo-tr resources:20 removed:0 size:83.7kB filtered:0
2026-05-28T08:20:07.003838Z	info	delta	NDS: PUSH request for node:echo-5fb5d66d6-xhjw8.echo-tr resources:1 removed:0 size:1.2kB
2026-05-28T08:20:07.003933Z	info	delta	RDS: PUSH request for node:echo-5fb5d66d6-xhjw8.echo-tr resources:10 removed:0 size:8.0kB cached:10/10 filtered:0
2026-05-28T08:20:38.546953Z	info	sync complete	name=istiod analyzer attempt=1 time=25.084µs
2026-05-28T08:20:48.787968Z	info	sync complete	name=istiod analyzer attempt=1 time=27.917µs
2026-05-28T08:21:09.286308Z	info	sync complete	name=istiod analyzer attempt=1 time=24.958µs
2026-05-28T08:21:19.438110Z	info	sync complete	name=istiod analyzer attempt=1 time=57.625µs
2026-05-28T08:21:29.723381Z	info	sync complete	name=istiod analyzer attempt=1 time=27.333µs
2026-05-28T08:21:50.389331Z	info	sync complete	name=istiod analyzer attempt=1 time=23.75µs
2026-05-28T08:22:10.702201Z	info	sync complete	name=istiod analyzer attempt=1 time=25.042µs
2026-05-28T08:22:21.096730Z	info	sync complete	name=istiod analyzer attempt=1 time=23.25µs
2026-05-28T08:22:31.133368Z	info	sync complete	name=istiod analyzer attempt=1 time=38.5µs
2026-05-28T08:22:51.676107Z	info	sync complete	name=istiod analyzer attempt=1 time=34.875µs
2026-05-28T08:23:01.865087Z	info	sync complete	name=istiod analyzer attempt=1 time=53.333µs
2026-05-28T08:23:12.185060Z	info	sync complete	name=istiod analyzer attempt=1 time=36.791µs
2026-05-28T08:23:22.501120Z	info	sync complete	name=istiod analyzer attempt=1 time=27.208µs
2026-05-28T08:24:23.388548Z	info	sync complete	name=istiod analyzer attempt=1 time=31.833µs
2026-05-28T08:24:33.786582Z	info	sync complete	name=istiod analyzer attempt=1 time=25.875µs
2026-05-28T08:24:54.250408Z	info	sync complete	name=istiod analyzer attempt=1 time=24.375µs
2026-05-28T08:25:04.308634Z	info	sync complete	name=istiod analyzer attempt=1 time=30.042µs
2026-05-28T08:26:05.510510Z	info	sync complete	name=istiod analyzer attempt=1 time=45µs
2026-05-28T08:26:15.880715Z	info	sync complete	name=istiod analyzer attempt=1 time=31.792µs
2026-05-28T08:27:06.761599Z	info	sync complete	name=istiod analyzer attempt=1 time=33.292µs
2026-05-28T08:27:17.077090Z	info	sync complete	name=istiod analyzer attempt=1 time=24.959µs
2026-05-28T08:28:18.303064Z	info	sync complete	name=istiod analyzer attempt=1 time=32.416µs
2026-05-28T08:28:28.551020Z	info	sync complete	name=istiod analyzer attempt=1 time=26.167µs
2026-05-28T08:30:00.089260Z	info	sync complete	name=istiod analyzer attempt=1 time=30.083µs
2026-05-28T08:30:10.270257Z	info	sync complete	name=istiod analyzer attempt=1 time=28.25µs
2026-05-28T08:30:20.425009Z	info	sync complete	name=istiod analyzer attempt=1 time=24.625µs
2026-05-28T08:30:30.496240Z	info	sync complete	name=istiod analyzer attempt=1 time=41.75µs
2026-05-28T08:31:00.869332Z	info	sync complete	name=istiod analyzer attempt=1 time=30.625µs
2026-05-28T08:31:21.408325Z	info	sync complete	name=istiod analyzer attempt=1 time=25.5µs
2026-05-28T08:31:31.812519Z	info	sync complete	name=istiod analyzer attempt=1 time=23.083µs
2026-05-28T08:31:42.069588Z	info	sync complete	name=istiod analyzer attempt=1 time=28.959µs
2026-05-28T08:32:23.215996Z	info	sync complete	name=istiod analyzer attempt=1 time=28.292µs
2026-05-28T08:32:33.432299Z	info	sync complete	name=istiod analyzer attempt=1 time=40.458µs
2026-05-28T08:33:04.255284Z	info	sync complete	name=istiod analyzer attempt=1 time=25.333µs
2026-05-28T08:33:14.622546Z	info	sync complete	name=istiod analyzer attempt=1 time=27.459µs
2026-05-28T08:35:06.415024Z	info	sync complete	name=istiod analyzer attempt=1 time=57.792µs
2026-05-28T08:35:26.729858Z	info	sync complete	name=istiod analyzer attempt=1 time=24.916µs
2026-05-28T08:35:46.945824Z	info	sync complete	name=istiod analyzer attempt=1 time=33.708µs
2026-05-28T08:35:56.994899Z	info	sync complete	name=istiod analyzer attempt=1 time=24.875µs
2026-05-28T08:37:08.750729Z	info	sync complete	name=istiod analyzer attempt=1 time=25.75µs
2026-05-28T08:37:18.965560Z	info	sync complete	name=istiod analyzer attempt=1 time=23.625µs
2026-05-28T08:37:59.791495Z	info	sync complete	name=istiod analyzer attempt=1 time=29.291µs
2026-05-28T08:38:09.986444Z	info	sync complete	name=istiod analyzer attempt=1 time=28.584µs
2026-05-28T08:39:21.523684Z	info	sync complete	name=istiod analyzer attempt=1 time=36.666µs
2026-05-28T08:39:31.768679Z	info	sync complete	name=istiod analyzer attempt=1 time=28.667µs
2026-05-28T08:39:42.011762Z	info	sync complete	name=istiod analyzer attempt=1 time=25.916µs
2026-05-28T08:39:52.387342Z	info	sync complete	name=istiod analyzer attempt=1 time=26.209µs
2026-05-28T08:40:02.722327Z	info	sync complete	name=istiod analyzer attempt=1 time=27.709µs
2026-05-28T08:40:12.903392Z	info	sync complete	name=istiod analyzer attempt=1 time=24.209µs
2026-05-28T08:40:33.238962Z	info	sync complete	name=istiod analyzer attempt=1 time=33.083µs
2026-05-28T08:40:43.476277Z	info	sync complete	name=istiod analyzer attempt=1 time=27.125µs
2026-05-28T08:40:53.491463Z	info	sync complete	name=istiod analyzer attempt=1 time=23.875µs
2026-05-28T08:41:03.896617Z	info	sync complete	name=istiod analyzer attempt=1 time=40.125µs
2026-05-28T08:41:14.259363Z	info	sync complete	name=istiod analyzer attempt=1 time=32.791µs
2026-05-28T08:41:34.686397Z	info	sync complete	name=istiod analyzer attempt=1 time=27.667µs
2026-05-28T08:41:44.781059Z	info	sync complete	name=istiod analyzer attempt=1 time=23.334µs
2026-05-28T08:42:05.507946Z	info	sync complete	name=istiod analyzer attempt=1 time=33.333µs
2026-05-28T08:42:15.862980Z	info	sync complete	name=istiod analyzer attempt=1 time=32.625µs
2026-05-28T08:42:26.118812Z	info	sync complete	name=istiod analyzer attempt=1 time=24.167µs
2026-05-28T08:42:36.224715Z	info	sync complete	name=istiod analyzer attempt=1 time=24.5µs
2026-05-28T08:44:29.227828Z	info	sync complete	name=istiod analyzer attempt=1 time=28.875µs
2026-05-28T08:44:39.440719Z	info	sync complete	name=istiod analyzer attempt=1 time=25.833µs
2026-05-28T08:44:59.882596Z	info	sync complete	name=istiod analyzer attempt=1 time=24.208µs
2026-05-28T08:45:09.931606Z	info	sync complete	name=istiod analyzer attempt=1 time=52.458µs
2026-05-28T08:45:40.573780Z	info	sync complete	name=istiod analyzer attempt=1 time=26.667µs
2026-05-28T08:45:50.617698Z	info	sync complete	name=istiod analyzer attempt=1 time=27.875µs
2026-05-28T08:46:10.861921Z	info	sync complete	name=istiod analyzer attempt=1 time=25.041µs
2026-05-28T08:46:20.905634Z	info	sync complete	name=istiod analyzer attempt=1 time=29.25µs
2026-05-28T08:46:31.254311Z	info	sync complete	name=istiod analyzer attempt=1 time=25µs
2026-05-28T08:46:41.609896Z	info	sync complete	name=istiod analyzer attempt=1 time=32.459µs
2026-05-28T08:46:51.834998Z	info	sync complete	name=istiod analyzer attempt=1 time=26.875µs
2026-05-28T08:47:01.942969Z	info	sync complete	name=istiod analyzer attempt=1 time=39.167µs
2026-05-28T08:48:29.875204Z	info	delta	ADS: "10.30.0.17:41900" echo-tr-gateway-67dd96d555-w9bgv.echo-tr-98 terminated
2026-05-28T08:48:30.326689Z	info	delta	ADS: new delta connection for node:echo-tr-gateway-67dd96d555-w9bgv.echo-tr-100
2026-05-28T08:48:30.327013Z	info	delta	CDS: PUSH request for node:echo-tr-gateway-67dd96d555-w9bgv.echo-tr resources:2 removed:0 size:1.1kB cached:1/1 filtered:0
2026-05-28T08:48:30.328573Z	info	delta	LDS: PUSH request for node:echo-tr-gateway-67dd96d555-w9bgv.echo-tr resources:2 removed:0 size:11.4kB filtered:0
2026-05-28T08:48:30.328613Z	info	delta	EDS: PUSH request for node:echo-tr-gateway-67dd96d555-w9bgv.echo-tr resources:1 removed:0 size:228B empty:0 cached:1/1 filtered:0
2026-05-28T08:48:30.328917Z	info	delta	RDS: PUSH request for node:echo-tr-gateway-67dd96d555-w9bgv.echo-tr resources:2 removed:0 size:1.5kB cached:0/0 filtered:0
2026-05-28T08:48:33.688747Z	info	sync complete	name=istiod analyzer attempt=1 time=26.667µs
2026-05-28T08:48:39.219783Z	info	delta	ADS: "10.30.0.14:54628" echo-5fb5d66d6-xhjw8.echo-tr-99 terminated
2026-05-28T08:48:39.613246Z	info	delta	ADS: new delta connection for node:echo-5fb5d66d6-xhjw8.echo-tr-101
2026-05-28T08:48:39.613427Z	info	delta	CDS: PUSH request for node:echo-5fb5d66d6-xhjw8.echo-tr resources:22 removed:0 size:23.0kB cached:18/18 filtered:0
2026-05-28T08:48:39.613816Z	info	delta	EDS: PUSH request for node:echo-5fb5d66d6-xhjw8.echo-tr resources:18 removed:0 size:3.9kB empty:0 cached:18/18 filtered:0
2026-05-28T08:48:39.615029Z	info	delta	LDS: PUSH request for node:echo-5fb5d66d6-xhjw8.echo-tr resources:20 removed:0 size:83.7kB filtered:0
2026-05-28T08:48:39.615124Z	info	delta	NDS: PUSH request for node:echo-5fb5d66d6-xhjw8.echo-tr resources:1 removed:0 size:1.2kB
2026-05-28T08:48:39.615211Z	info	delta	RDS: PUSH request for node:echo-5fb5d66d6-xhjw8.echo-tr resources:10 removed:0 size:8.0kB cached:10/10 filtered:0
2026-05-28T08:48:43.967892Z	info	sync complete	name=istiod analyzer attempt=1 time=23.667µs
2026-05-28T08:49:55.203637Z	info	sync complete	name=istiod analyzer attempt=1 time=29.125µs
2026-05-28T08:50:05.290879Z	info	sync complete	name=istiod analyzer attempt=1 time=33.167µs
2026-05-28T08:50:45.921967Z	info	sync complete	name=istiod analyzer attempt=1 time=24.375µs
2026-05-28T08:50:56.185850Z	info	sync complete	name=istiod analyzer attempt=1 time=31.917µs
2026-05-28T08:51:16.549609Z	info	sync complete	name=istiod analyzer attempt=1 time=24.709µs
2026-05-28T08:51:26.673465Z	info	sync complete	name=istiod analyzer attempt=1 time=27.791µs
2026-05-28T08:51:47.141499Z	info	sync complete	name=istiod analyzer attempt=1 time=33.292µs
2026-05-28T08:51:57.229794Z	info	sync complete	name=istiod analyzer attempt=1 time=34.834µs
2026-05-28T08:52:27.831278Z	info	sync complete	name=istiod analyzer attempt=1 time=28µs
2026-05-28T08:52:38.214227Z	info	sync complete	name=istiod analyzer attempt=1 time=32.584µs
2026-05-28T08:52:48.508738Z	info	sync complete	name=istiod analyzer attempt=1 time=31.333µs
2026-05-28T08:52:58.873855Z	info	sync complete	name=istiod analyzer attempt=1 time=30.625µs
2026-05-28T08:53:49.652740Z	info	sync complete	name=istiod analyzer attempt=1 time=27.25µs
2026-05-28T08:53:59.858297Z	info	sync complete	name=istiod analyzer attempt=1 time=26.25µs
2026-05-28T08:54:20.257822Z	info	sync complete	name=istiod analyzer attempt=1 time=29.583µs
2026-05-28T08:54:30.605561Z	info	sync complete	name=istiod analyzer attempt=1 time=23.792µs
2026-05-28T08:56:32.833444Z	info	sync complete	name=istiod analyzer attempt=1 time=28.458µs
2026-05-28T08:56:43.226189Z	info	sync complete	name=istiod analyzer attempt=1 time=40.125µs
2026-05-28T08:56:53.390345Z	info	sync complete	name=istiod analyzer attempt=1 time=34.625µs
2026-05-28T08:57:13.859587Z	info	sync complete	name=istiod analyzer attempt=1 time=26.166µs
2026-05-28T08:57:24.256804Z	info	sync complete	name=istiod analyzer attempt=1 time=24.75µs
2026-05-28T08:57:34.424811Z	info	sync complete	name=istiod analyzer attempt=1 time=24.792µs
2026-05-28T08:58:25.483799Z	info	sync complete	name=istiod analyzer attempt=1 time=32.166µs
2026-05-28T08:58:35.561208Z	info	sync complete	name=istiod analyzer attempt=1 time=24.459µs
2026-05-28T08:59:16.408355Z	info	sync complete	name=istiod analyzer attempt=1 time=31.666µs
2026-05-28T08:59:36.822000Z	info	sync complete	name=istiod analyzer attempt=1 time=43.583µs
2026-05-28T09:00:07.370876Z	info	sync complete	name=istiod analyzer attempt=1 time=32.167µs
2026-05-28T09:00:17.654821Z	info	sync complete	name=istiod analyzer attempt=1 time=28.208µs
2026-05-28T09:02:29.870203Z	info	sync complete	name=istiod analyzer attempt=1 time=29.875µs
2026-05-28T09:02:40.159418Z	info	sync complete	name=istiod analyzer attempt=1 time=26.208µs
2026-05-28T09:03:30.702860Z	info	sync complete	name=istiod analyzer attempt=1 time=27.333µs
2026-05-28T09:03:50.790637Z	info	sync complete	name=istiod analyzer attempt=1 time=27.459µs
2026-05-28T09:04:20.917845Z	info	sync complete	name=istiod analyzer attempt=1 time=25.125µs
2026-05-28T09:04:31.175690Z	info	sync complete	name=istiod analyzer attempt=1 time=40.416µs
2026-05-28T09:04:41.424591Z	info	sync complete	name=istiod analyzer attempt=1 time=30.916µs
2026-05-28T09:05:32.850921Z	info	sync complete	name=istiod analyzer attempt=1 time=29.25µs
2026-05-28T09:05:42.996438Z	info	sync complete	name=istiod analyzer attempt=1 time=27.75µs
2026-05-28T09:05:53.110475Z	info	sync complete	name=istiod analyzer attempt=1 time=27.583µs
2026-05-28T09:06:03.416560Z	info	sync complete	name=istiod analyzer attempt=1 time=26.417µs
2026-05-28T09:06:23.919024Z	info	sync complete	name=istiod analyzer attempt=1 time=31.958µs
2026-05-28T09:06:34.011779Z	info	sync complete	name=istiod analyzer attempt=1 time=25.708µs
2026-05-28T09:06:44.121400Z	info	sync complete	name=istiod analyzer attempt=1 time=23.75µs
2026-05-28T09:06:54.452825Z	info	sync complete	name=istiod analyzer attempt=1 time=24.625µs
2026-05-28T09:07:04.791523Z	info	sync complete	name=istiod analyzer attempt=1 time=24.625µs
2026-05-28T09:07:15.085887Z	info	sync complete	name=istiod analyzer attempt=1 time=33.75µs
2026-05-28T09:07:25.451816Z	info	sync complete	name=istiod analyzer attempt=1 time=25.042µs
2026-05-28T09:07:35.536804Z	info	sync complete	name=istiod analyzer attempt=1 time=26.875µs
2026-05-28T09:07:45.734149Z	info	sync complete	name=istiod analyzer attempt=1 time=37.875µs
2026-05-28T09:08:26.314395Z	info	sync complete	name=istiod analyzer attempt=1 time=26.958µs
2026-05-28T09:08:36.543947Z	info	sync complete	name=istiod analyzer attempt=1 time=44.417µs
2026-05-28T09:08:56.831963Z	info	sync complete	name=istiod analyzer attempt=1 time=29.291µs
2026-05-28T09:09:06.899935Z	info	sync complete	name=istiod analyzer attempt=1 time=34.625µs
2026-05-28T09:09:16.992927Z	info	sync complete	name=istiod analyzer attempt=1 time=29.875µs
2026-05-28T09:09:27.360132Z	info	sync complete	name=istiod analyzer attempt=1 time=27.125µs
2026-05-28T09:12:10.010785Z	info	sync complete	name=istiod analyzer attempt=1 time=52.167µs
2026-05-28T09:12:20.274729Z	info	sync complete	name=istiod analyzer attempt=1 time=28.5µs
2026-05-28T09:12:50.840484Z	info	sync complete	name=istiod analyzer attempt=1 time=24.125µs
2026-05-28T09:13:01.098459Z	info	sync complete	name=istiod analyzer attempt=1 time=32.792µs
2026-05-28T09:13:31.889401Z	info	sync complete	name=istiod analyzer attempt=1 time=26.959µs
2026-05-28T09:13:42.223094Z	info	sync complete	name=istiod analyzer attempt=1 time=35.584µs
2026-05-28T09:13:52.540727Z	info	sync complete	name=istiod analyzer attempt=1 time=32.375µs
2026-05-28T09:14:02.649324Z	info	sync complete	name=istiod analyzer attempt=1 time=27.167µs
2026-05-28T09:14:23.260207Z	info	sync complete	name=istiod analyzer attempt=1 time=25.583µs
2026-05-28T09:14:43.428280Z	info	sync complete	name=istiod analyzer attempt=1 time=26.959µs
2026-05-28T09:14:53.506391Z	info	sync complete	name=istiod analyzer attempt=1 time=32.167µs
2026-05-28T09:15:03.740095Z	info	sync complete	name=istiod analyzer attempt=1 time=24.75µs
2026-05-28T09:15:13.791403Z	info	sync complete	name=istiod analyzer attempt=1 time=25.25µs
2026-05-28T09:15:23.984440Z	info	sync complete	name=istiod analyzer attempt=1 time=25.584µs
2026-05-28T09:16:52.148850Z	info	delta	ADS: "10.30.0.14:33544" echo-5fb5d66d6-xhjw8.echo-tr-101 terminated
2026-05-28T09:16:52.583966Z	info	delta	ADS: new delta connection for node:echo-5fb5d66d6-xhjw8.echo-tr-102
2026-05-28T09:16:52.584287Z	info	delta	CDS: PUSH request for node:echo-5fb5d66d6-xhjw8.echo-tr resources:22 removed:0 size:23.0kB cached:18/18 filtered:0
2026-05-28T09:16:52.584930Z	info	delta	EDS: PUSH request for node:echo-5fb5d66d6-xhjw8.echo-tr resources:18 removed:0 size:3.9kB empty:0 cached:18/18 filtered:0
2026-05-28T09:16:52.586382Z	info	delta	LDS: PUSH request for node:echo-5fb5d66d6-xhjw8.echo-tr resources:20 removed:0 size:83.7kB filtered:0
2026-05-28T09:16:52.586481Z	info	delta	NDS: PUSH request for node:echo-5fb5d66d6-xhjw8.echo-tr resources:1 removed:0 size:1.2kB
2026-05-28T09:16:52.586575Z	info	delta	RDS: PUSH request for node:echo-5fb5d66d6-xhjw8.echo-tr resources:10 removed:0 size:8.0kB cached:10/10 filtered:0
2026-05-28T09:17:36.141530Z	info	sync complete	name=istiod analyzer attempt=1 time=25.708µs
2026-05-28T09:17:46.350694Z	info	sync complete	name=istiod analyzer attempt=1 time=27µs
2026-05-28T09:17:56.515888Z	info	sync complete	name=istiod analyzer attempt=1 time=32.167µs
2026-05-28T09:18:16.796119Z	info	sync complete	name=istiod analyzer attempt=1 time=25.916µs
2026-05-28T09:19:18.844246Z	info	delta	ADS: "10.30.0.17:32822" echo-tr-gateway-67dd96d555-w9bgv.echo-tr-100 terminated
2026-05-28T09:19:19.032359Z	info	delta	ADS: new delta connection for node:echo-tr-gateway-67dd96d555-w9bgv.echo-tr-103
2026-05-28T09:19:19.032476Z	info	delta	CDS: PUSH request for node:echo-tr-gateway-67dd96d555-w9bgv.echo-tr resources:2 removed:0 size:1.1kB cached:1/1 filtered:0
2026-05-28T09:19:19.033349Z	info	delta	LDS: PUSH request for node:echo-tr-gateway-67dd96d555-w9bgv.echo-tr resources:2 removed:0 size:11.4kB filtered:0
2026-05-28T09:19:19.033689Z	info	delta	EDS: PUSH request for node:echo-tr-gateway-67dd96d555-w9bgv.echo-tr resources:1 removed:0 size:228B empty:0 cached:1/1 filtered:0
2026-05-28T09:19:19.033802Z	info	delta	RDS: PUSH request for node:echo-tr-gateway-67dd96d555-w9bgv.echo-tr resources:2 removed:0 size:1.5kB cached:0/0 filtered:0
2026-05-28T09:19:38.503419Z	info	sync complete	name=istiod analyzer attempt=1 time=25.875µs
2026-05-28T09:19:48.695385Z	info	sync complete	name=istiod analyzer attempt=1 time=25.208µs
2026-05-28T09:21:41.097776Z	info	sync complete	name=istiod analyzer attempt=1 time=50.291µs
2026-05-28T09:21:51.237150Z	info	sync complete	name=istiod analyzer attempt=1 time=27.75µs
2026-05-28T09:22:31.805665Z	info	sync complete	name=istiod analyzer attempt=1 time=47µs
2026-05-28T09:22:41.880687Z	info	sync complete	name=istiod analyzer attempt=1 time=26.292µs
2026-05-28T09:22:51.888842Z	info	sync complete	name=istiod analyzer attempt=1 time=30.5µs
2026-05-28T09:23:12.156751Z	info	sync complete	name=istiod analyzer attempt=1 time=31.917µs
2026-05-28T09:23:22.248954Z	info	sync complete	name=istiod analyzer attempt=1 time=28.167µs
2026-05-28T09:23:32.514182Z	info	sync complete	name=istiod analyzer attempt=1 time=24.958µs
2026-05-28T09:23:42.819305Z	info	sync complete	name=istiod analyzer attempt=1 time=25.292µs
2026-05-28T09:24:03.321300Z	info	sync complete	name=istiod analyzer attempt=1 time=31.917µs
2026-05-28T09:24:23.739511Z	info	sync complete	name=istiod analyzer attempt=1 time=34.041µs
2026-05-28T09:24:54.450525Z	info	sync complete	name=istiod analyzer attempt=1 time=26µs
2026-05-28T09:25:04.846461Z	info	sync complete	name=istiod analyzer attempt=1 time=35.417µs
2026-05-28T09:25:25.483979Z	info	sync complete	name=istiod analyzer attempt=1 time=38.583µs
2026-05-28T09:25:35.763811Z	info	sync complete	name=istiod analyzer attempt=1 time=25µs
2026-05-28T09:25:46.067953Z	info	sync complete	name=istiod analyzer attempt=1 time=26.792µs
2026-05-28T09:25:56.152358Z	info	sync complete	name=istiod analyzer attempt=1 time=24.792µs
2026-05-28T09:26:26.949076Z	info	sync complete	name=istiod analyzer attempt=1 time=24µs
2026-05-28T09:26:37.202329Z	info	sync complete	name=istiod analyzer attempt=1 time=27.584µs
2026-05-28T09:26:57.610993Z	info	sync complete	name=istiod analyzer attempt=1 time=24.5µs
2026-05-28T09:27:07.667715Z	info	sync complete	name=istiod analyzer attempt=1 time=25.125µs
2026-05-28T09:27:27.805314Z	info	sync complete	name=istiod analyzer attempt=1 time=27.541µs
2026-05-28T09:27:37.981535Z	info	sync complete	name=istiod analyzer attempt=1 time=27.541µs
2026-05-28T09:28:18.590921Z	info	sync complete	name=istiod analyzer attempt=1 time=26.917µs
2026-05-28T09:28:38.910990Z	info	sync complete	name=istiod analyzer attempt=1 time=29.042µs
2026-05-28T09:28:49.156318Z	info	sync complete	name=istiod analyzer attempt=1 time=26.25µs
2026-05-28T09:28:59.426116Z	info	sync complete	name=istiod analyzer attempt=1 time=31.083µs
2026-05-28T09:30:51.369887Z	info	sync complete	name=istiod analyzer attempt=1 time=29.375µs
2026-05-28T09:31:01.723903Z	info	sync complete	name=istiod analyzer attempt=1 time=27.834µs
2026-05-28T09:32:33.408195Z	info	sync complete	name=istiod analyzer attempt=1 time=26.459µs
2026-05-28T09:32:43.648986Z	info	sync complete	name=istiod analyzer attempt=1 time=29.083µs
2026-05-28T09:32:53.859267Z	info	sync complete	name=istiod analyzer attempt=1 time=25.667µs
2026-05-28T09:33:04.253190Z	info	sync complete	name=istiod analyzer attempt=1 time=33.291µs
2026-05-28T09:33:44.858771Z	info	sync complete	name=istiod analyzer attempt=1 time=27.625µs
2026-05-28T09:33:55.087926Z	info	sync complete	name=istiod analyzer attempt=1 time=24.959µs
2026-05-28T09:34:36.008323Z	info	sync complete	name=istiod analyzer attempt=1 time=27.75µs
2026-05-28T09:34:46.403571Z	info	sync complete	name=istiod analyzer attempt=1 time=25.458µs
2026-05-28T09:36:38.396660Z	info	sync complete	name=istiod analyzer attempt=1 time=35.292µs
2026-05-28T09:36:48.789062Z	info	sync complete	name=istiod analyzer attempt=1 time=29.084µs
2026-05-28T09:37:29.264755Z	info	sync complete	name=istiod analyzer attempt=1 time=29.25µs
2026-05-28T09:37:39.361310Z	info	sync complete	name=istiod analyzer attempt=1 time=26.083µs
2026-05-28T09:40:22.746297Z	info	sync complete	name=istiod analyzer attempt=1 time=27.833µs
2026-05-28T09:40:33.086388Z	info	sync complete	name=istiod analyzer attempt=1 time=25.459µs
2026-05-28T09:41:03.433274Z	info	sync complete	name=istiod analyzer attempt=1 time=24.959µs
2026-05-28T09:41:13.721026Z	info	sync complete	name=istiod analyzer attempt=1 time=24.916µs
2026-05-28T09:41:33.946636Z	info	sync complete	name=istiod analyzer attempt=1 time=36.625µs
2026-05-28T09:41:54.277895Z	info	sync complete	name=istiod analyzer attempt=1 time=27µs
2026-05-28T09:42:25.364586Z	info	sync complete	name=istiod analyzer attempt=1 time=25.292µs
2026-05-28T09:42:35.614240Z	info	sync complete	name=istiod analyzer attempt=1 time=29.708µs
2026-05-28T09:43:16.157589Z	info	sync complete	name=istiod analyzer attempt=1 time=29.417µs
2026-05-28T09:43:26.523305Z	info	sync complete	name=istiod analyzer attempt=1 time=29.167µs
2026-05-28T09:44:58.087330Z	info	sync complete	name=istiod analyzer attempt=1 time=122.958µs
2026-05-28T09:45:18.526799Z	info	sync complete	name=istiod analyzer attempt=1 time=33.458µs
2026-05-28T09:45:28.888095Z	info	sync complete	name=istiod analyzer attempt=1 time=26.958µs
2026-05-28T09:45:39.126860Z	info	sync complete	name=istiod analyzer attempt=1 time=26.792µs
2026-05-28T09:45:49.334342Z	info	sync complete	name=istiod analyzer attempt=1 time=37.417µs
2026-05-28T09:47:52.291095Z	info	sync complete	name=istiod analyzer attempt=1 time=44.333µs
2026-05-28T09:48:02.677928Z	info	sync complete	name=istiod analyzer attempt=1 time=26.917µs
2026-05-28T09:48:23.338535Z	info	sync complete	name=istiod analyzer attempt=1 time=24.834µs
2026-05-28T09:48:29.803211Z	info	delta	ADS: "10.30.0.14:32836" echo-5fb5d66d6-xhjw8.echo-tr-102 terminated
2026-05-28T09:48:29.983379Z	info	delta	ADS: new delta connection for node:echo-5fb5d66d6-xhjw8.echo-tr-104
2026-05-28T09:48:29.983759Z	info	delta	CDS: PUSH request for node:echo-5fb5d66d6-xhjw8.echo-tr resources:22 removed:0 size:23.0kB cached:18/18 filtered:0
2026-05-28T09:48:29.984024Z	info	delta	EDS: PUSH request for node:echo-5fb5d66d6-xhjw8.echo-tr resources:18 removed:0 size:3.9kB empty:0 cached:18/18 filtered:0
2026-05-28T09:48:29.985415Z	info	delta	LDS: PUSH request for node:echo-5fb5d66d6-xhjw8.echo-tr resources:20 removed:0 size:83.7kB filtered:0
2026-05-28T09:48:29.985514Z	info	delta	NDS: PUSH request for node:echo-5fb5d66d6-xhjw8.echo-tr resources:1 removed:0 size:1.2kB
2026-05-28T09:48:29.985610Z	info	delta	RDS: PUSH request for node:echo-5fb5d66d6-xhjw8.echo-tr resources:10 removed:0 size:8.0kB cached:10/10 filtered:0
2026-05-28T09:48:33.739256Z	info	sync complete	name=istiod analyzer attempt=1 time=45.042µs
2026-05-28T09:48:35.617518Z	info	delta	ADS: "10.30.0.17:33122" echo-tr-gateway-67dd96d555-w9bgv.echo-tr-103 terminated
2026-05-28T09:48:35.999722Z	info	delta	ADS: new delta connection for node:echo-tr-gateway-67dd96d555-w9bgv.echo-tr-105
2026-05-28T09:48:35.999847Z	info	delta	CDS: PUSH request for node:echo-tr-gateway-67dd96d555-w9bgv.echo-tr resources:2 removed:0 size:1.1kB cached:1/1 filtered:0
2026-05-28T09:48:36.000756Z	info	delta	LDS: PUSH request for node:echo-tr-gateway-67dd96d555-w9bgv.echo-tr resources:2 removed:0 size:11.4kB filtered:0
2026-05-28T09:48:36.000997Z	info	delta	EDS: PUSH request for node:echo-tr-gateway-67dd96d555-w9bgv.echo-tr resources:1 removed:0 size:228B empty:0 cached:1/1 filtered:0
2026-05-28T09:48:36.001280Z	info	delta	RDS: PUSH request for node:echo-tr-gateway-67dd96d555-w9bgv.echo-tr resources:2 removed:0 size:1.5kB cached:0/0 filtered:0
2026-05-28T09:49:14.355635Z	info	sync complete	name=istiod analyzer attempt=1 time=26.916µs
2026-05-28T09:49:24.393382Z	info	sync complete	name=istiod analyzer attempt=1 time=30.542µs
2026-05-28T09:49:44.519062Z	info	sync complete	name=istiod analyzer attempt=1 time=24.292µs
2026-05-28T09:49:54.648901Z	info	sync complete	name=istiod analyzer attempt=1 time=32.375µs
2026-05-28T09:50:04.731824Z	info	sync complete	name=istiod analyzer attempt=1 time=31.917µs
2026-05-28T09:50:25.086828Z	info	sync complete	name=istiod analyzer attempt=1 time=25.125µs
2026-05-28T09:50:35.486975Z	info	sync complete	name=istiod analyzer attempt=1 time=23.75µs
2026-05-28T09:50:45.807939Z	info	sync complete	name=istiod analyzer attempt=1 time=26.083µs
2026-05-28T09:50:56.142825Z	info	sync complete	name=istiod analyzer attempt=1 time=30.916µs
2026-05-28T09:51:47.444983Z	info	sync complete	name=istiod analyzer attempt=1 time=33.083µs
2026-05-28T09:51:57.801140Z	info	sync complete	name=istiod analyzer attempt=1 time=25.875µs
2026-05-28T09:52:18.325854Z	info	sync complete	name=istiod analyzer attempt=1 time=25.25µs
2026-05-28T09:52:28.462691Z	info	sync complete	name=istiod analyzer attempt=1 time=25.708µs
2026-05-28T09:52:59.379870Z	info	sync complete	name=istiod analyzer attempt=1 time=29.125µs
2026-05-28T09:53:09.393482Z	info	sync complete	name=istiod analyzer attempt=1 time=25.792µs
2026-05-28T09:54:20.463445Z	info	sync complete	name=istiod analyzer attempt=1 time=54.916µs
2026-05-28T09:54:30.834866Z	info	sync complete	name=istiod analyzer attempt=1 time=39.166µs
2026-05-28T09:54:41.216221Z	info	sync complete	name=istiod analyzer attempt=1 time=26.125µs
2026-05-28T09:54:51.237059Z	info	sync complete	name=istiod analyzer attempt=1 time=24.166µs
2026-05-28T09:56:53.109219Z	info	sync complete	name=istiod analyzer attempt=1 time=26.042µs
2026-05-28T09:57:03.138073Z	info	sync complete	name=istiod analyzer attempt=1 time=27.708µs
2026-05-28T09:57:23.498366Z	info	sync complete	name=istiod analyzer attempt=1 time=46.042µs
2026-05-28T09:57:33.510524Z	info	sync complete	name=istiod analyzer attempt=1 time=26.375µs
2026-05-28T09:57:43.697416Z	info	sync complete	name=istiod analyzer attempt=1 time=28.917µs
2026-05-28T09:57:53.843141Z	info	sync complete	name=istiod analyzer attempt=1 time=41.667µs
2026-05-28T09:58:04.215553Z	info	sync complete	name=istiod analyzer attempt=1 time=30.458µs
2026-05-28T09:58:54.863874Z	info	sync complete	name=istiod analyzer attempt=1 time=35.417µs
2026-05-28T09:59:04.894062Z	info	sync complete	name=istiod analyzer attempt=1 time=25.208µs
2026-05-28T09:59:14.905774Z	info	sync complete	name=istiod analyzer attempt=1 time=28.5µs
2026-05-28T09:59:25.132998Z	info	sync complete	name=istiod analyzer attempt=1 time=25.625µs
2026-05-28T10:01:07.240198Z	info	sync complete	name=istiod analyzer attempt=1 time=30.958µs
2026-05-28T10:01:17.253457Z	info	sync complete	name=istiod analyzer attempt=1 time=33.292µs
2026-05-28T10:01:58.501074Z	info	sync complete	name=istiod analyzer attempt=1 time=25.042µs
2026-05-28T10:02:08.560335Z	info	sync complete	name=istiod analyzer attempt=1 time=35.375µs
2026-05-28T10:02:49.450708Z	info	sync complete	name=istiod analyzer attempt=1 time=33.667µs
2026-05-28T10:02:59.576895Z	info	sync complete	name=istiod analyzer attempt=1 time=25.083µs
2026-05-28T10:03:09.707909Z	info	sync complete	name=istiod analyzer attempt=1 time=25.916µs
2026-05-28T10:03:19.809207Z	info	sync complete	name=istiod analyzer attempt=1 time=26.5µs
2026-05-28T10:03:29.837464Z	info	sync complete	name=istiod analyzer attempt=1 time=26.542µs
2026-05-28T10:03:40.134334Z	info	sync complete	name=istiod analyzer attempt=1 time=64.458µs
2026-05-28T10:04:31.074830Z	info	sync complete	name=istiod analyzer attempt=1 time=38.125µs
2026-05-28T10:04:41.349225Z	info	sync complete	name=istiod analyzer attempt=1 time=26.292µs
2026-05-28T10:04:51.504022Z	info	sync complete	name=istiod analyzer attempt=1 time=22.959µs
2026-05-28T10:05:42.329845Z	info	sync complete	name=istiod analyzer attempt=1 time=55.542µs
2026-05-28T10:05:52.452236Z	info	sync complete	name=istiod analyzer attempt=1 time=29.666µs
2026-05-28T10:06:02.553023Z	info	sync complete	name=istiod analyzer attempt=1 time=30.541µs
2026-05-28T10:06:12.851292Z	info	sync complete	name=istiod analyzer attempt=1 time=32.417µs
2026-05-28T10:06:23.384328Z	info	sync complete	name=istiod analyzer attempt=1 time=38.041µs
2026-05-28T10:06:33.731506Z	info	sync complete	name=istiod analyzer attempt=1 time=25.958µs
2026-05-28T10:07:45.113260Z	info	sync complete	name=istiod analyzer attempt=1 time=48.875µs
2026-05-28T10:07:55.381536Z	info	sync complete	name=istiod analyzer attempt=1 time=46.667µs
2026-05-28T10:09:06.705042Z	info	sync complete	name=istiod analyzer attempt=1 time=139.833µs
2026-05-28T10:09:27.145913Z	info	sync complete	name=istiod analyzer attempt=1 time=28.625µs
2026-05-28T10:09:57.833538Z	info	sync complete	name=istiod analyzer attempt=1 time=38.709µs
2026-05-28T10:10:07.971519Z	info	sync complete	name=istiod analyzer attempt=1 time=38.667µs
2026-05-28T10:10:18.281765Z	info	sync complete	name=istiod analyzer attempt=1 time=28.625µs
2026-05-28T10:10:28.318642Z	info	sync complete	name=istiod analyzer attempt=1 time=24.75µs
2026-05-28T10:11:19.317345Z	info	sync complete	name=istiod analyzer attempt=1 time=29.791µs
2026-05-28T10:11:39.779666Z	info	sync complete	name=istiod analyzer attempt=1 time=32.625µs
2026-05-28T10:12:30.660381Z	info	sync complete	name=istiod analyzer attempt=1 time=29.167µs
2026-05-28T10:12:50.965185Z	info	sync complete	name=istiod analyzer attempt=1 time=27.042µs
2026-05-28T10:13:01.109347Z	info	sync complete	name=istiod analyzer attempt=1 time=30.5µs
2026-05-28T10:13:11.449047Z	info	sync complete	name=istiod analyzer attempt=1 time=25.541µs
2026-05-28T10:13:21.619214Z	info	sync complete	name=istiod analyzer attempt=1 time=27.25µs
2026-05-28T10:14:02.509919Z	info	sync complete	name=istiod analyzer attempt=1 time=28.667µs
2026-05-28T10:14:12.646114Z	info	sync complete	name=istiod analyzer attempt=1 time=24.417µs
2026-05-28T10:14:22.794252Z	info	sync complete	name=istiod analyzer attempt=1 time=27.25µs
2026-05-28T10:14:43.220592Z	info	sync complete	name=istiod analyzer attempt=1 time=25.25µs
2026-05-28T10:14:53.255049Z	info	sync complete	name=istiod analyzer attempt=1 time=27.458µs
2026-05-28T10:15:33.963139Z	info	sync complete	name=istiod analyzer attempt=1 time=23.208µs
2026-05-28T10:15:44.224920Z	info	sync complete	name=istiod analyzer attempt=1 time=25.125µs
2026-05-28T10:15:54.235778Z	info	sync complete	name=istiod analyzer attempt=1 time=28.167µs
2026-05-28T10:16:04.296880Z	info	sync complete	name=istiod analyzer attempt=1 time=27.709µs
2026-05-28T10:16:14.487765Z	info	sync complete	name=istiod analyzer attempt=1 time=26.417µs
2026-05-28T10:16:24.834856Z	info	sync complete	name=istiod analyzer attempt=1 time=25.625µs
2026-05-28T10:16:45.317861Z	info	sync complete	name=istiod analyzer attempt=1 time=31.25µs
2026-05-28T10:16:55.466561Z	info	sync complete	name=istiod analyzer attempt=1 time=25.791µs
2026-05-28T10:17:05.859593Z	info	sync complete	name=istiod analyzer attempt=1 time=26.166µs
2026-05-28T10:18:07.471255Z	info	sync complete	name=istiod analyzer attempt=1 time=46.333µs
2026-05-28T10:18:17.736441Z	info	sync complete	name=istiod analyzer attempt=1 time=24.292µs
2026-05-28T10:19:08.553018Z	info	sync complete	name=istiod analyzer attempt=1 time=24.5µs
2026-05-28T10:19:18.748535Z	info	sync complete	name=istiod analyzer attempt=1 time=32.375µs
2026-05-28T10:19:29.006432Z	info	sync complete	name=istiod analyzer attempt=1 time=26.25µs
2026-05-28T10:19:34.415786Z	info	delta	ADS: "10.30.0.14:33202" echo-5fb5d66d6-xhjw8.echo-tr-104 terminated
2026-05-28T10:19:34.788623Z	info	delta	ADS: new delta connection for node:echo-5fb5d66d6-xhjw8.echo-tr-106
2026-05-28T10:19:34.789013Z	info	delta	CDS: PUSH request for node:echo-5fb5d66d6-xhjw8.echo-tr resources:22 removed:0 size:23.0kB cached:18/18 filtered:0
2026-05-28T10:19:34.789715Z	info	delta	EDS: PUSH request for node:echo-5fb5d66d6-xhjw8.echo-tr resources:18 removed:0 size:3.9kB empty:0 cached:18/18 filtered:0
2026-05-28T10:19:34.791025Z	info	delta	LDS: PUSH request for node:echo-5fb5d66d6-xhjw8.echo-tr resources:20 removed:0 size:83.7kB filtered:0
2026-05-28T10:19:34.791164Z	info	delta	NDS: PUSH request for node:echo-5fb5d66d6-xhjw8.echo-tr resources:1 removed:0 size:1.2kB
2026-05-28T10:19:34.791533Z	info	delta	RDS: PUSH request for node:echo-5fb5d66d6-xhjw8.echo-tr resources:10 removed:0 size:8.0kB cached:10/10 filtered:0
2026-05-28T10:20:09.934900Z	info	sync complete	name=istiod analyzer attempt=1 time=56.167µs
2026-05-28T10:20:20.306698Z	info	sync complete	name=istiod analyzer attempt=1 time=24.75µs
2026-05-28T10:20:30.566288Z	info	sync complete	name=istiod analyzer attempt=1 time=25.708µs
2026-05-28T10:20:40.656951Z	info	sync complete	name=istiod analyzer attempt=1 time=32.459µs
2026-05-28T10:20:47.098174Z	info	delta	ADS: "10.30.0.17:50588" echo-tr-gateway-67dd96d555-w9bgv.echo-tr-105 terminated
2026-05-28T10:20:47.185301Z	info	delta	ADS: new delta connection for node:echo-tr-gateway-67dd96d555-w9bgv.echo-tr-107
2026-05-28T10:20:47.185575Z	info	delta	CDS: PUSH request for node:echo-tr-gateway-67dd96d555-w9bgv.echo-tr resources:2 removed:0 size:1.1kB cached:1/1 filtered:0
2026-05-28T10:20:47.186071Z	info	delta	LDS: PUSH request for node:echo-tr-gateway-67dd96d555-w9bgv.echo-tr resources:2 removed:0 size:11.4kB filtered:0
2026-05-28T10:20:47.186974Z	info	delta	EDS: PUSH request for node:echo-tr-gateway-67dd96d555-w9bgv.echo-tr resources:1 removed:0 size:228B empty:0 cached:1/1 filtered:0
2026-05-28T10:20:47.187119Z	info	delta	RDS: PUSH request for node:echo-tr-gateway-67dd96d555-w9bgv.echo-tr resources:2 removed:0 size:1.5kB cached:0/0 filtered:0
2026-05-28T10:22:12.472724Z	info	sync complete	name=istiod analyzer attempt=1 time=72.875µs
2026-05-28T10:22:22.549864Z	info	sync complete	name=istiod analyzer attempt=1 time=25.375µs
2026-05-28T10:22:43.013696Z	info	sync complete	name=istiod analyzer attempt=1 time=25.542µs
2026-05-28T10:22:53.104509Z	info	sync complete	name=istiod analyzer attempt=1 time=25.792µs
2026-05-28T10:23:03.440626Z	info	sync complete	name=istiod analyzer attempt=1 time=38.083µs
2026-05-28T10:23:13.509423Z	info	sync complete	name=istiod analyzer attempt=1 time=27.166µs
2026-05-28T10:23:23.603115Z	info	sync complete	name=istiod analyzer attempt=1 time=23.541µs
2026-05-28T10:23:33.635030Z	info	sync complete	name=istiod analyzer attempt=1 time=30.167µs
2026-05-28T10:23:54.149198Z	info	sync complete	name=istiod analyzer attempt=1 time=25.917µs
2026-05-28T10:24:04.234351Z	info	sync complete	name=istiod analyzer attempt=1 time=29.209µs
2026-05-28T10:24:24.873884Z	info	sync complete	name=istiod analyzer attempt=1 time=24.958µs
2026-05-28T10:24:35.076012Z	info	sync complete	name=istiod analyzer attempt=1 time=24.5µs
2026-05-28T10:25:36.068511Z	info	sync complete	name=istiod analyzer attempt=1 time=47.667µs
2026-05-28T10:25:46.459446Z	info	sync complete	name=istiod analyzer attempt=1 time=23.708µs
2026-05-28T10:25:56.503196Z	info	sync complete	name=istiod analyzer attempt=1 time=25.667µs
2026-05-28T10:27:18.020273Z	info	sync complete	name=istiod analyzer attempt=1 time=30.416µs
2026-05-28T10:27:28.280115Z	info	sync complete	name=istiod analyzer attempt=1 time=28.916µs
2026-05-28T10:27:38.292434Z	info	sync complete	name=istiod analyzer attempt=1 time=28.209µs
2026-05-28T10:28:39.279066Z	info	sync complete	name=istiod analyzer attempt=1 time=25.875µs
2026-05-28T10:28:59.444701Z	info	sync complete	name=istiod analyzer attempt=1 time=24.875µs
2026-05-28T10:30:41.454222Z	info	sync complete	name=istiod analyzer attempt=1 time=57.958µs
2026-05-28T10:30:51.463455Z	info	sync complete	name=istiod analyzer attempt=1 time=29.166µs
2026-05-28T10:31:01.615203Z	info	sync complete	name=istiod analyzer attempt=1 time=29.667µs
2026-05-28T10:31:11.822514Z	info	sync complete	name=istiod analyzer attempt=1 time=24.25µs
2026-05-28T10:31:42.648617Z	info	sync complete	name=istiod analyzer attempt=1 time=25.792µs
2026-05-28T10:31:52.837174Z	info	sync complete	name=istiod analyzer attempt=1 time=31.459µs
2026-05-28T10:32:03.059193Z	info	sync complete	name=istiod analyzer attempt=1 time=29.5µs
2026-05-28T10:32:13.383019Z	info	sync complete	name=istiod analyzer attempt=1 time=24.333µs
2026-05-28T10:33:04.449549Z	info	sync complete	name=istiod analyzer attempt=1 time=57.959µs
2026-05-28T10:33:14.640543Z	info	sync complete	name=istiod analyzer attempt=1 time=25.083µs
2026-05-28T10:33:55.525985Z	info	sync complete	name=istiod analyzer attempt=1 time=30.5µs
2026-05-28T10:34:05.566385Z	info	sync complete	name=istiod analyzer attempt=1 time=58.583µs
2026-05-28T10:34:46.182506Z	info	sync complete	name=istiod analyzer attempt=1 time=26.416µs
2026-05-28T10:34:56.356641Z	info	sync complete	name=istiod analyzer attempt=1 time=31.292µs
2026-05-28T10:35:06.534640Z	info	sync complete	name=istiod analyzer attempt=1 time=60.167µs
2026-05-28T10:35:16.584607Z	info	sync complete	name=istiod analyzer attempt=1 time=46.625µs
2026-05-28T10:35:26.989140Z	info	sync complete	name=istiod analyzer attempt=1 time=26.75µs
2026-05-28T10:36:38.080576Z	info	sync complete	name=istiod analyzer attempt=1 time=25.417µs
2026-05-28T10:36:48.377632Z	info	sync complete	name=istiod analyzer attempt=1 time=24.625µs
2026-05-28T10:38:50.546027Z	info	sync complete	name=istiod analyzer attempt=1 time=40.333µs
2026-05-28T10:39:00.791990Z	info	sync complete	name=istiod analyzer attempt=1 time=26.625µs
2026-05-28T10:39:21.490904Z	info	sync complete	name=istiod analyzer attempt=1 time=27.75µs
2026-05-28T10:39:31.724178Z	info	sync complete	name=istiod analyzer attempt=1 time=30.333µs
2026-05-28T10:40:32.763742Z	info	sync complete	name=istiod analyzer attempt=1 time=28.75µs
2026-05-28T10:40:42.906650Z	info	sync complete	name=istiod analyzer attempt=1 time=24.583µs
2026-05-28T10:40:53.149178Z	info	sync complete	name=istiod analyzer attempt=1 time=29.625µs
2026-05-28T10:41:03.297320Z	info	sync complete	name=istiod analyzer attempt=1 time=26.291µs
2026-05-28T10:41:13.583094Z	info	sync complete	name=istiod analyzer attempt=1 time=120.708µs
2026-05-28T10:41:23.600069Z	info	sync complete	name=istiod analyzer attempt=1 time=24.583µs
2026-05-28T10:42:45.067896Z	info	sync complete	name=istiod analyzer attempt=1 time=29.5µs
2026-05-28T10:42:55.223031Z	info	sync complete	name=istiod analyzer attempt=1 time=24.917µs
2026-05-28T10:43:05.269780Z	info	sync complete	name=istiod analyzer attempt=1 time=38.25µs
2026-05-28T10:43:15.391906Z	info	sync complete	name=istiod analyzer attempt=1 time=33.917µs
2026-05-28T10:43:25.540622Z	info	sync complete	name=istiod analyzer attempt=1 time=38.542µs
2026-05-28T10:43:35.566807Z	info	sync complete	name=istiod analyzer attempt=1 time=27.708µs
2026-05-28T10:45:57.415727Z	info	sync complete	name=istiod analyzer attempt=1 time=27.25µs
2026-05-28T10:46:07.566837Z	info	sync complete	name=istiod analyzer attempt=1 time=49.917µs
2026-05-28T10:46:17.807551Z	info	sync complete	name=istiod analyzer attempt=1 time=31.333µs
2026-05-28T10:46:27.828038Z	info	sync complete	name=istiod analyzer attempt=1 time=27.042µs
2026-05-28T10:46:48.385309Z	info	sync complete	name=istiod analyzer attempt=1 time=33.334µs
2026-05-28T10:46:58.786690Z	info	sync complete	name=istiod analyzer attempt=1 time=25.375µs
2026-05-28T10:47:09.074379Z	info	sync complete	name=istiod analyzer attempt=1 time=25.167µs
2026-05-28T10:47:19.385385Z	info	sync complete	name=istiod analyzer attempt=1 time=31.417µs
2026-05-28T10:47:29.786207Z	info	sync complete	name=istiod analyzer attempt=1 time=35.958µs
2026-05-28T10:47:40.107214Z	info	sync complete	name=istiod analyzer attempt=1 time=25.625µs
2026-05-28T10:48:10.914371Z	info	sync complete	name=istiod analyzer attempt=1 time=25.417µs
2026-05-28T10:48:21.146749Z	info	sync complete	name=istiod analyzer attempt=1 time=22.708µs
2026-05-28T10:49:01.979864Z	info	sync complete	name=istiod analyzer attempt=1 time=24.958µs
2026-05-28T10:49:22.218237Z	info	sync complete	name=istiod analyzer attempt=1 time=37.333µs
2026-05-28T10:50:33.505253Z	info	sync complete	name=istiod analyzer attempt=1 time=34.5µs
2026-05-28T10:50:43.740362Z	info	sync complete	name=istiod analyzer attempt=1 time=30.416µs
2026-05-28T10:51:04.302615Z	info	sync complete	name=istiod analyzer attempt=1 time=29.083µs
2026-05-28T10:51:24.956733Z	info	sync complete	name=istiod analyzer attempt=1 time=23.625µs
2026-05-28T10:52:00.299610Z	info	delta	ADS: "10.30.0.17:44482" echo-tr-gateway-67dd96d555-w9bgv.echo-tr-107 terminated
2026-05-28T10:52:00.552151Z	info	delta	ADS: "10.30.0.14:57210" echo-5fb5d66d6-xhjw8.echo-tr-106 terminated
2026-05-28T10:52:00.648938Z	info	delta	ADS: new delta connection for node:echo-tr-gateway-67dd96d555-w9bgv.echo-tr-108
2026-05-28T10:52:00.649157Z	info	delta	CDS: PUSH request for node:echo-tr-gateway-67dd96d555-w9bgv.echo-tr resources:2 removed:0 size:1.1kB cached:1/1 filtered:0
2026-05-28T10:52:00.650504Z	info	delta	LDS: PUSH request for node:echo-tr-gateway-67dd96d555-w9bgv.echo-tr resources:2 removed:0 size:11.4kB filtered:0
2026-05-28T10:52:00.650544Z	info	delta	EDS: PUSH request for node:echo-tr-gateway-67dd96d555-w9bgv.echo-tr resources:1 removed:0 size:228B empty:0 cached:1/1 filtered:0
2026-05-28T10:52:00.650683Z	info	delta	RDS: PUSH request for node:echo-tr-gateway-67dd96d555-w9bgv.echo-tr resources:2 removed:0 size:1.5kB cached:0/0 filtered:0
2026-05-28T10:52:00.943312Z	info	delta	ADS: new delta connection for node:echo-5fb5d66d6-xhjw8.echo-tr-109
2026-05-28T10:52:00.943522Z	info	delta	CDS: PUSH request for node:echo-5fb5d66d6-xhjw8.echo-tr resources:22 removed:0 size:23.0kB cached:18/18 filtered:0
2026-05-28T10:52:00.943774Z	info	delta	EDS: PUSH request for node:echo-5fb5d66d6-xhjw8.echo-tr resources:18 removed:0 size:3.9kB empty:0 cached:18/18 filtered:0
2026-05-28T10:52:00.945036Z	info	delta	LDS: PUSH request for node:echo-5fb5d66d6-xhjw8.echo-tr resources:20 removed:0 size:83.7kB filtered:0
2026-05-28T10:52:00.945149Z	info	delta	NDS: PUSH request for node:echo-5fb5d66d6-xhjw8.echo-tr resources:1 removed:0 size:1.2kB
2026-05-28T10:52:00.946482Z	info	delta	RDS: PUSH request for node:echo-5fb5d66d6-xhjw8.echo-tr resources:10 removed:0 size:8.0kB cached:10/10 filtered:0
2026-05-28T10:52:05.739908Z	info	sync complete	name=istiod analyzer attempt=1 time=55.625µs
2026-05-28T10:52:16.092480Z	info	sync complete	name=istiod analyzer attempt=1 time=25.417µs
2026-05-28T10:52:47.105138Z	info	sync complete	name=istiod analyzer attempt=1 time=27.125µs
2026-05-28T10:52:57.292309Z	info	sync complete	name=istiod analyzer attempt=1 time=30.083µs
2026-05-28T10:55:30.134269Z	info	sync complete	name=istiod analyzer attempt=1 time=28.917µs
2026-05-28T10:56:00.583557Z	info	sync complete	name=istiod analyzer attempt=1 time=25.75µs
2026-05-28T10:56:10.632357Z	info	sync complete	name=istiod analyzer attempt=1 time=39.791µs
2026-05-28T10:56:20.985544Z	info	sync complete	name=istiod analyzer attempt=1 time=26.084µs
2026-05-28T10:57:21.977190Z	info	sync complete	name=istiod analyzer attempt=1 time=48.375µs
2026-05-28T10:57:32.046425Z	info	sync complete	name=istiod analyzer attempt=1 time=23.792µs
2026-05-28T10:57:42.319023Z	info	sync complete	name=istiod analyzer attempt=1 time=24.791µs
2026-05-28T10:57:52.449318Z	info	sync complete	name=istiod analyzer attempt=1 time=32.083µs
2026-05-28T10:59:13.901313Z	info	sync complete	name=istiod analyzer attempt=1 time=25.792µs
2026-05-28T10:59:24.193800Z	info	sync complete	name=istiod analyzer attempt=1 time=30.375µs
2026-05-28T10:59:34.463509Z	info	sync complete	name=istiod analyzer attempt=1 time=26.417µs
2026-05-28T10:59:44.800538Z	info	sync complete	name=istiod analyzer attempt=1 time=36.417µs
2026-05-28T11:00:05.386502Z	info	sync complete	name=istiod analyzer attempt=1 time=24.5µs
2026-05-28T11:00:15.724053Z	info	sync complete	name=istiod analyzer attempt=1 time=33.041µs
2026-05-28T11:01:37.210088Z	info	sync complete	name=istiod analyzer attempt=1 time=57.417µs
2026-05-28T11:01:47.274880Z	info	sync complete	name=istiod analyzer attempt=1 time=45.917µs
2026-05-28T11:02:07.606396Z	info	sync complete	name=istiod analyzer attempt=1 time=25.791µs
2026-05-28T11:02:17.856195Z	info	sync complete	name=istiod analyzer attempt=1 time=31.625µs
2026-05-28T11:02:48.309325Z	info	sync complete	name=istiod analyzer attempt=1 time=29.167µs
2026-05-28T11:02:58.323601Z	info	sync complete	name=istiod analyzer attempt=1 time=26.584µs
2026-05-28T11:03:29.072543Z	info	sync complete	name=istiod analyzer attempt=1 time=28.583µs
2026-05-28T11:03:39.309909Z	info	sync complete	name=istiod analyzer attempt=1 time=25.292µs
2026-05-28T11:03:49.321403Z	info	sync complete	name=istiod analyzer attempt=1 time=25.166µs
2026-05-28T11:03:59.612107Z	info	sync complete	name=istiod analyzer attempt=1 time=36.583µs
2026-05-28T11:04:19.914757Z	info	sync complete	name=istiod analyzer attempt=1 time=34.375µs
2026-05-28T11:04:30.317115Z	info	sync complete	name=istiod analyzer attempt=1 time=27.25µs
2026-05-28T11:04:50.614968Z	info	sync complete	name=istiod analyzer attempt=1 time=23.333µs
2026-05-28T11:05:00.761110Z	info	sync complete	name=istiod analyzer attempt=1 time=33.334µs
2026-05-28T11:05:31.470442Z	info	sync complete	name=istiod analyzer attempt=1 time=35.542µs
2026-05-28T11:05:41.689439Z	info	sync complete	name=istiod analyzer attempt=1 time=25.75µs
2026-05-28T11:06:01.875522Z	info	sync complete	name=istiod analyzer attempt=1 time=36.167µs
2026-05-28T11:06:22.260603Z	info	sync complete	name=istiod analyzer attempt=1 time=57.75µs
2026-05-28T11:06:42.437701Z	info	sync complete	name=istiod analyzer attempt=1 time=25.917µs
2026-05-28T11:06:52.462020Z	info	sync complete	name=istiod analyzer attempt=1 time=25.917µs
2026-05-28T11:07:33.372003Z	info	sync complete	name=istiod analyzer attempt=1 time=26.125µs
2026-05-28T11:07:43.726692Z	info	sync complete	name=istiod analyzer attempt=1 time=35.583µs
2026-05-28T11:08:04.183143Z	info	sync complete	name=istiod analyzer attempt=1 time=29.209µs
2026-05-28T11:08:14.497326Z	info	sync complete	name=istiod analyzer attempt=1 time=29.125µs
2026-05-28T11:08:34.764044Z	info	sync complete	name=istiod analyzer attempt=1 time=28.042µs
2026-05-28T11:08:44.931056Z	info	sync complete	name=istiod analyzer attempt=1 time=47.125µs
2026-05-28T11:09:15.622449Z	info	sync complete	name=istiod analyzer attempt=1 time=25.792µs
2026-05-28T11:09:25.796156Z	info	sync complete	name=istiod analyzer attempt=1 time=32.333µs
2026-05-28T11:10:06.515892Z	info	sync complete	name=istiod analyzer attempt=1 time=28.291µs
2026-05-28T11:10:16.741177Z	info	sync complete	name=istiod analyzer attempt=1 time=27.458µs
2026-05-28T11:10:37.387585Z	info	sync complete	name=istiod analyzer attempt=1 time=25.25µs
2026-05-28T11:10:58.077845Z	info	sync complete	name=istiod analyzer attempt=1 time=30.459µs
2026-05-28T11:11:08.415870Z	info	sync complete	name=istiod analyzer attempt=1 time=24.5µs
2026-05-28T11:11:18.452905Z	info	sync complete	name=istiod analyzer attempt=1 time=30.042µs
2026-05-28T11:11:28.578139Z	info	sync complete	name=istiod analyzer attempt=1 time=24.875µs
2026-05-28T11:11:38.790850Z	info	sync complete	name=istiod analyzer attempt=1 time=63.667µs
2026-05-28T11:11:49.149376Z	info	sync complete	name=istiod analyzer attempt=1 time=33.208µs
2026-05-28T11:11:59.329220Z	info	sync complete	name=istiod analyzer attempt=1 time=40.125µs
2026-05-28T11:12:09.510111Z	info	sync complete	name=istiod analyzer attempt=1 time=36.125µs
2026-05-28T11:12:50.334649Z	info	sync complete	name=istiod analyzer attempt=1 time=32.833µs
2026-05-28T11:13:00.725252Z	info	sync complete	name=istiod analyzer attempt=1 time=25.417µs
2026-05-28T11:13:20.997435Z	info	sync complete	name=istiod analyzer attempt=1 time=35.916µs
2026-05-28T11:13:31.334465Z	info	sync complete	name=istiod analyzer attempt=1 time=30.125µs
2026-05-28T11:13:41.492566Z	info	sync complete	name=istiod analyzer attempt=1 time=25.416µs
2026-05-28T11:14:11.896042Z	info	sync complete	name=istiod analyzer attempt=1 time=26.75µs
2026-05-28T11:14:22.028136Z	info	sync complete	name=istiod analyzer attempt=1 time=42.209µs
2026-05-28T11:15:23.497170Z	info	sync complete	name=istiod analyzer attempt=1 time=51.334µs
2026-05-28T11:15:33.723980Z	info	sync complete	name=istiod analyzer attempt=1 time=30.791µs
2026-05-28T11:15:44.055771Z	info	sync complete	name=istiod analyzer attempt=1 time=29.875µs
2026-05-28T11:15:54.241595Z	info	sync complete	name=istiod analyzer attempt=1 time=33.709µs
2026-05-28T11:16:55.528256Z	info	sync complete	name=istiod analyzer attempt=1 time=25.166µs
2026-05-28T11:17:05.672558Z	info	sync complete	name=istiod analyzer attempt=1 time=28.708µs
2026-05-28T11:17:36.486919Z	info	sync complete	name=istiod analyzer attempt=1 time=46.791µs
2026-05-28T11:17:56.878783Z	info	sync complete	name=istiod analyzer attempt=1 time=47.25µs
2026-05-28T11:18:07.160126Z	info	sync complete	name=istiod analyzer attempt=1 time=27.042µs
2026-05-28T11:20:01.310152Z	info	delta	ADS: "10.30.0.17:51222" echo-tr-gateway-67dd96d555-w9bgv.echo-tr-108 terminated
2026-05-28T11:20:01.500335Z	info	delta	ADS: new delta connection for node:echo-tr-gateway-67dd96d555-w9bgv.echo-tr-110
2026-05-28T11:20:01.500613Z	info	delta	CDS: PUSH request for node:echo-tr-gateway-67dd96d555-w9bgv.echo-tr resources:2 removed:0 size:1.1kB cached:1/1 filtered:0
2026-05-28T11:20:01.502988Z	info	delta	LDS: PUSH request for node:echo-tr-gateway-67dd96d555-w9bgv.echo-tr resources:2 removed:0 size:11.4kB filtered:0
2026-05-28T11:20:01.503493Z	info	delta	EDS: PUSH request for node:echo-tr-gateway-67dd96d555-w9bgv.echo-tr resources:1 removed:0 size:228B empty:0 cached:1/1 filtered:0
2026-05-28T11:20:01.504265Z	info	delta	RDS: PUSH request for node:echo-tr-gateway-67dd96d555-w9bgv.echo-tr resources:2 removed:0 size:1.5kB cached:0/0 filtered:0
2026-05-28T11:20:09.767716Z	info	sync complete	name=istiod analyzer attempt=1 time=26.958µs
2026-05-28T11:20:20.011041Z	info	sync complete	name=istiod analyzer attempt=1 time=24.541µs
2026-05-28T11:20:30.071266Z	info	sync complete	name=istiod analyzer attempt=1 time=23.625µs
2026-05-28T11:20:40.228124Z	info	sync complete	name=istiod analyzer attempt=1 time=27.625µs
2026-05-28T11:20:50.328364Z	info	sync complete	name=istiod analyzer attempt=1 time=35.292µs
2026-05-28T11:21:00.656310Z	info	sync complete	name=istiod analyzer attempt=1 time=30.042µs
2026-05-28T11:21:10.959161Z	info	sync complete	name=istiod analyzer attempt=1 time=25.75µs
2026-05-28T11:21:21.262267Z	info	sync complete	name=istiod analyzer attempt=1 time=28.25µs
2026-05-28T11:21:31.404702Z	info	sync complete	name=istiod analyzer attempt=1 time=43.667µs
2026-05-28T11:21:37.401805Z	info	delta	ADS: "10.30.0.14:45672" echo-5fb5d66d6-xhjw8.echo-tr-109 terminated
2026-05-28T11:21:37.829183Z	info	delta	ADS: new delta connection for node:echo-5fb5d66d6-xhjw8.echo-tr-111
2026-05-28T11:21:37.829450Z	info	delta	CDS: PUSH request for node:echo-5fb5d66d6-xhjw8.echo-tr resources:22 removed:0 size:23.0kB cached:18/18 filtered:0
2026-05-28T11:21:37.831027Z	info	delta	EDS: PUSH request for node:echo-5fb5d66d6-xhjw8.echo-tr resources:18 removed:0 size:3.9kB empty:0 cached:18/18 filtered:0
2026-05-28T11:21:37.831895Z	info	delta	LDS: PUSH request for node:echo-5fb5d66d6-xhjw8.echo-tr resources:20 removed:0 size:83.7kB filtered:0
2026-05-28T11:21:37.832033Z	info	delta	NDS: PUSH request for node:echo-5fb5d66d6-xhjw8.echo-tr resources:1 removed:0 size:1.2kB
2026-05-28T11:21:37.832320Z	info	delta	RDS: PUSH request for node:echo-5fb5d66d6-xhjw8.echo-tr resources:10 removed:0 size:8.0kB cached:10/10 filtered:0
2026-05-28T11:22:22.471329Z	info	sync complete	name=istiod analyzer attempt=1 time=57.75µs
2026-05-28T11:22:32.515672Z	info	sync complete	name=istiod analyzer attempt=1 time=32.584µs
2026-05-28T11:22:42.547921Z	info	sync complete	name=istiod analyzer attempt=1 time=34.584µs
2026-05-28T11:22:52.910558Z	info	sync complete	name=istiod analyzer attempt=1 time=28.375µs
2026-05-28T11:23:03.187566Z	info	sync complete	name=istiod analyzer attempt=1 time=28.333µs
2026-05-28T11:23:13.576474Z	info	sync complete	name=istiod analyzer attempt=1 time=34.292µs
2026-05-28T11:23:23.943343Z	info	sync complete	name=istiod analyzer attempt=1 time=27.583µs
2026-05-28T11:23:34.000290Z	info	sync complete	name=istiod analyzer attempt=1 time=29.5µs
2026-05-28T11:23:54.371918Z	info	sync complete	name=istiod analyzer attempt=1 time=26.375µs
2026-05-28T11:24:04.609616Z	info	sync complete	name=istiod analyzer attempt=1 time=72.625µs
2026-05-28T11:24:14.881459Z	info	sync complete	name=istiod analyzer attempt=1 time=27.625µs
2026-05-28T11:24:45.557129Z	info	sync complete	name=istiod analyzer attempt=1 time=24.625µs
2026-05-28T11:25:05.856539Z	info	sync complete	name=istiod analyzer attempt=1 time=25.917µs
2026-05-28T11:25:26.200950Z	info	sync complete	name=istiod analyzer attempt=1 time=32.917µs
2026-05-28T11:25:36.420408Z	info	sync complete	name=istiod analyzer attempt=1 time=26.375µs
2026-05-28T11:26:07.348923Z	info	sync complete	name=istiod analyzer attempt=1 time=26.375µs
2026-05-28T11:26:17.425606Z	info	sync complete	name=istiod analyzer attempt=1 time=32.583µs
2026-05-28T11:26:58.411985Z	info	sync complete	name=istiod analyzer attempt=1 time=34.542µs
2026-05-28T11:27:18.744363Z	info	sync complete	name=istiod analyzer attempt=1 time=32.375µs
2026-05-28T11:27:29.102743Z	info	sync complete	name=istiod analyzer attempt=1 time=25.667µs
2026-05-28T11:27:39.125079Z	info	sync complete	name=istiod analyzer attempt=1 time=33.333µs
2026-05-28T11:27:59.425656Z	info	sync complete	name=istiod analyzer attempt=1 time=28.542µs
2026-05-28T11:28:09.708787Z	info	sync complete	name=istiod analyzer attempt=1 time=23.791µs
2026-05-28T11:29:10.601031Z	info	sync complete	name=istiod analyzer attempt=1 time=36.708µs
2026-05-28T11:29:20.678671Z	info	sync complete	name=istiod analyzer attempt=1 time=25.667µs
2026-05-28T11:30:11.855696Z	info	sync complete	name=istiod analyzer attempt=1 time=32.458µs
2026-05-28T11:30:21.882876Z	info	sync complete	name=istiod analyzer attempt=1 time=26.458µs
2026-05-28T11:31:23.333637Z	info	sync complete	name=istiod analyzer attempt=1 time=60.5µs
2026-05-28T11:31:33.696512Z	info	sync complete	name=istiod analyzer attempt=1 time=27.916µs
2026-05-28T11:33:05.359566Z	info	sync complete	name=istiod analyzer attempt=1 time=25µs
2026-05-28T11:33:15.392289Z	info	sync complete	name=istiod analyzer attempt=1 time=29.375µs
2026-05-28T11:34:16.134183Z	info	sync complete	name=istiod analyzer attempt=1 time=32.958µs
2026-05-28T11:34:26.411522Z	info	sync complete	name=istiod analyzer attempt=1 time=23.791µs
2026-05-28T11:34:36.783593Z	info	sync complete	name=istiod analyzer attempt=1 time=31.459µs
2026-05-28T11:35:27.693916Z	info	sync complete	name=istiod analyzer attempt=1 time=27.75µs
2026-05-28T11:35:37.886935Z	info	sync complete	name=istiod analyzer attempt=1 time=24.791µs
2026-05-28T11:35:48.147071Z	info	sync complete	name=istiod analyzer attempt=1 time=27µs
2026-05-28T11:35:58.544149Z	info	sync complete	name=istiod analyzer attempt=1 time=40.834µs
2026-05-28T11:36:08.944174Z	info	sync complete	name=istiod analyzer attempt=1 time=28.333µs
2026-05-28T11:36:19.138476Z	info	sync complete	name=istiod analyzer attempt=1 time=26.125µs
2026-05-28T11:36:29.444629Z	info	sync complete	name=istiod analyzer attempt=1 time=27.208µs
2026-05-28T11:36:39.518620Z	info	sync complete	name=istiod analyzer attempt=1 time=26.041µs
2026-05-28T11:38:11.157664Z	info	sync complete	name=istiod analyzer attempt=1 time=25.625µs
2026-05-28T11:38:21.553572Z	info	sync complete	name=istiod analyzer attempt=1 time=24.416µs
2026-05-28T11:39:32.853530Z	info	sync complete	name=istiod analyzer attempt=1 time=24.208µs
2026-05-28T11:39:43.175515Z	info	sync complete	name=istiod analyzer attempt=1 time=36.458µs
2026-05-28T11:40:14.144087Z	info	sync complete	name=istiod analyzer attempt=1 time=26.792µs
2026-05-28T11:40:24.189751Z	info	sync complete	name=istiod analyzer attempt=1 time=22.459µs
2026-05-28T11:40:54.832878Z	info	sync complete	name=istiod analyzer attempt=1 time=29.417µs
2026-05-28T11:41:05.086224Z	info	sync complete	name=istiod analyzer attempt=1 time=37.583µs
2026-05-28T11:41:15.213888Z	info	sync complete	name=istiod analyzer attempt=1 time=42.917µs
2026-05-28T11:42:06.293019Z	info	sync complete	name=istiod analyzer attempt=1 time=48.416µs
2026-05-28T11:42:16.604002Z	info	sync complete	name=istiod analyzer attempt=1 time=40.292µs
2026-05-28T11:42:26.963067Z	info	sync complete	name=istiod analyzer attempt=1 time=25.625µs
2026-05-28T11:42:37.188360Z	info	sync complete	name=istiod analyzer attempt=1 time=33.375µs
2026-05-28T11:42:47.367282Z	info	sync complete	name=istiod analyzer attempt=1 time=29.209µs
2026-05-28T11:42:57.496500Z	info	sync complete	name=istiod analyzer attempt=1 time=23.25µs
2026-05-28T11:43:38.250600Z	info	sync complete	name=istiod analyzer attempt=1 time=29.375µs
2026-05-28T11:43:48.343862Z	info	sync complete	name=istiod analyzer attempt=1 time=25.917µs
2026-05-28T11:43:58.441111Z	info	sync complete	name=istiod analyzer attempt=1 time=36.667µs
2026-05-28T11:44:19.020028Z	info	sync complete	name=istiod analyzer attempt=1 time=25.125µs
2026-05-28T11:44:29.417112Z	info	sync complete	name=istiod analyzer attempt=1 time=29.834µs
2026-05-28T11:45:10.060126Z	info	sync complete	name=istiod analyzer attempt=1 time=25.917µs
2026-05-28T11:45:30.236653Z	info	sync complete	name=istiod analyzer attempt=1 time=49.417µs
2026-05-28T11:45:40.577963Z	info	sync complete	name=istiod analyzer attempt=1 time=25.084µs
2026-05-28T11:45:50.819359Z	info	sync complete	name=istiod analyzer attempt=1 time=30.333µs
2026-05-28T11:46:01.025297Z	info	sync complete	name=istiod analyzer attempt=1 time=25.083µs
2026-05-28T11:46:11.227084Z	info	sync complete	name=istiod analyzer attempt=1 time=34.459µs
2026-05-28T11:46:31.681455Z	info	sync complete	name=istiod analyzer attempt=1 time=23.25µs
2026-05-28T11:47:02.174929Z	info	sync complete	name=istiod analyzer attempt=1 time=33µs
2026-05-28T11:47:43.257711Z	info	sync complete	name=istiod analyzer attempt=1 time=37.667µs
2026-05-28T11:47:53.636113Z	info	sync complete	name=istiod analyzer attempt=1 time=27.542µs
2026-05-28T11:48:03.726980Z	info	sync complete	name=istiod analyzer attempt=1 time=36.583µs
2026-05-28T11:48:13.917642Z	info	sync complete	name=istiod analyzer attempt=1 time=24.584µs
2026-05-28T11:49:04.597886Z	info	sync complete	name=istiod analyzer attempt=1 time=60.208µs
2026-05-28T11:49:24.894809Z	info	sync complete	name=istiod analyzer attempt=1 time=28.542µs
2026-05-28T11:49:45.661656Z	info	sync complete	name=istiod analyzer attempt=1 time=41.583µs
2026-05-28T11:50:06.056665Z	info	sync complete	name=istiod analyzer attempt=1 time=26.541µs
2026-05-28T11:50:46.129939Z	info	delta	ADS: "10.30.0.17:35692" echo-tr-gateway-67dd96d555-w9bgv.echo-tr-110 terminated
2026-05-28T11:50:46.158163Z	info	delta	ADS: new delta connection for node:echo-tr-gateway-67dd96d555-w9bgv.echo-tr-112
2026-05-28T11:50:46.158473Z	info	delta	CDS: PUSH request for node:echo-tr-gateway-67dd96d555-w9bgv.echo-tr resources:2 removed:0 size:1.1kB cached:1/1 filtered:0
2026-05-28T11:50:46.159627Z	info	delta	LDS: PUSH request for node:echo-tr-gateway-67dd96d555-w9bgv.echo-tr resources:2 removed:0 size:11.4kB filtered:0
2026-05-28T11:50:46.160065Z	info	delta	EDS: PUSH request for node:echo-tr-gateway-67dd96d555-w9bgv.echo-tr resources:1 removed:0 size:228B empty:0 cached:1/1 filtered:0
2026-05-28T11:50:46.160295Z	info	delta	RDS: PUSH request for node:echo-tr-gateway-67dd96d555-w9bgv.echo-tr resources:2 removed:0 size:1.5kB cached:0/0 filtered:0
2026-05-28T11:52:08.438342Z	info	sync complete	name=istiod analyzer attempt=1 time=27.917µs
2026-05-28T11:52:18.626710Z	info	sync complete	name=istiod analyzer attempt=1 time=23.375µs
2026-05-28T11:52:35.110328Z	info	delta	ADS: "10.30.0.14:52636" echo-5fb5d66d6-xhjw8.echo-tr-111 terminated
2026-05-28T11:52:35.361633Z	info	delta	ADS: new delta connection for node:echo-5fb5d66d6-xhjw8.echo-tr-113
2026-05-28T11:52:35.361809Z	info	delta	CDS: PUSH request for node:echo-5fb5d66d6-xhjw8.echo-tr resources:22 removed:0 size:23.0kB cached:18/18 filtered:0
2026-05-28T11:52:35.363831Z	info	delta	EDS: PUSH request for node:echo-5fb5d66d6-xhjw8.echo-tr resources:18 removed:0 size:3.9kB empty:0 cached:18/18 filtered:0
2026-05-28T11:52:35.364716Z	info	delta	LDS: PUSH request for node:echo-5fb5d66d6-xhjw8.echo-tr resources:20 removed:0 size:83.7kB filtered:0
2026-05-28T11:52:35.364816Z	info	delta	NDS: PUSH request for node:echo-5fb5d66d6-xhjw8.echo-tr resources:1 removed:0 size:1.2kB
2026-05-28T11:52:35.365042Z	info	delta	RDS: PUSH request for node:echo-5fb5d66d6-xhjw8.echo-tr resources:10 removed:0 size:8.0kB cached:10/10 filtered:0
2026-05-28T11:54:20.815741Z	info	sync complete	name=istiod analyzer attempt=1 time=25.625µs
2026-05-28T11:54:30.984669Z	info	sync complete	name=istiod analyzer attempt=1 time=30.875µs
2026-05-28T11:56:02.881140Z	info	sync complete	name=istiod analyzer attempt=1 time=26.75µs
2026-05-28T11:56:13.020707Z	info	sync complete	name=istiod analyzer attempt=1 time=29.75µs
2026-05-28T11:56:23.366485Z	info	sync complete	name=istiod analyzer attempt=1 time=68.125µs
2026-05-28T11:56:53.721432Z	info	sync complete	name=istiod analyzer attempt=1 time=34.625µs
2026-05-28T11:57:03.772387Z	info	sync complete	name=istiod analyzer attempt=1 time=35.416µs
2026-05-28T11:58:14.981296Z	info	sync complete	name=istiod analyzer attempt=1 time=29µs
2026-05-28T11:58:25.144283Z	info	sync complete	name=istiod analyzer attempt=1 time=26.875µs
2026-05-28T11:58:55.628906Z	info	sync complete	name=istiod analyzer attempt=1 time=25.916µs
2026-05-28T11:59:05.878808Z	info	sync complete	name=istiod analyzer attempt=1 time=28.458µs
2026-05-28T11:59:16.252947Z	info	sync complete	name=istiod analyzer attempt=1 time=37.208µs
2026-05-28T11:59:26.372056Z	info	sync complete	name=istiod analyzer attempt=1 time=32.333µs
2026-05-28T11:59:36.723452Z	info	sync complete	name=istiod analyzer attempt=1 time=28.958µs
2026-05-28T11:59:47.017409Z	info	sync complete	name=istiod analyzer attempt=1 time=49.375µs
2026-05-28T12:01:19.416637Z	info	sync complete	name=istiod analyzer attempt=1 time=43.083µs
2026-05-28T12:01:29.654663Z	info	sync complete	name=istiod analyzer attempt=1 time=28.875µs
2026-05-28T12:01:39.881496Z	info	sync complete	name=istiod analyzer attempt=1 time=33.459µs
2026-05-28T12:01:50.075113Z	info	sync complete	name=istiod analyzer attempt=1 time=35.708µs
2026-05-28T12:02:00.223932Z	info	sync complete	name=istiod analyzer attempt=1 time=26.5µs
2026-05-28T12:02:41.580399Z	info	sync complete	name=istiod analyzer attempt=1 time=39.5µs
2026-05-28T12:03:01.999754Z	info	sync complete	name=istiod analyzer attempt=1 time=26.291µs
2026-05-28T12:03:12.105790Z	info	sync complete	name=istiod analyzer attempt=1 time=47.166µs
2026-05-28T12:03:22.286948Z	info	sync complete	name=istiod analyzer attempt=1 time=61µs
2026-05-28T12:03:32.570738Z	info	sync complete	name=istiod analyzer attempt=1 time=23.291µs
2026-05-28T12:04:03.355447Z	info	sync complete	name=istiod analyzer attempt=1 time=34.167µs
2026-05-28T12:04:13.761289Z	info	sync complete	name=istiod analyzer attempt=1 time=29.5µs
2026-05-28T12:05:55.320477Z	info	sync complete	name=istiod analyzer attempt=1 time=26.667µs
2026-05-28T12:06:05.624134Z	info	sync complete	name=istiod analyzer attempt=1 time=26.917µs
2026-05-28T12:06:46.257590Z	info	sync complete	name=istiod analyzer attempt=1 time=33.834µs
2026-05-28T12:06:56.577559Z	info	sync complete	name=istiod analyzer attempt=1 time=25.208µs
2026-05-28T12:07:06.934561Z	info	sync complete	name=istiod analyzer attempt=1 time=29.5µs
2026-05-28T12:07:17.208196Z	info	sync complete	name=istiod analyzer attempt=1 time=31.625µs
2026-05-28T12:08:07.914806Z	info	sync complete	name=istiod analyzer attempt=1 time=26.625µs
2026-05-28T12:08:18.244981Z	info	sync complete	name=istiod analyzer attempt=1 time=31.459µs
2026-05-28T12:09:50.192634Z	info	sync complete	name=istiod analyzer attempt=1 time=67.125µs
2026-05-28T12:10:00.221681Z	info	sync complete	name=istiod analyzer attempt=1 time=37.417µs
2026-05-28T12:10:10.451483Z	info	sync complete	name=istiod analyzer attempt=1 time=47.584µs
2026-05-28T12:10:20.591025Z	info	sync complete	name=istiod analyzer attempt=1 time=24.125µs
2026-05-28T12:10:30.758867Z	info	sync complete	name=istiod analyzer attempt=1 time=26.167µs
2026-05-28T12:10:51.276710Z	info	sync complete	name=istiod analyzer attempt=1 time=44.208µs
2026-05-28T12:11:11.710053Z	info	sync complete	name=istiod analyzer attempt=1 time=44.375µs
2026-05-28T12:11:21.805905Z	info	sync complete	name=istiod analyzer attempt=1 time=23.834µs
2026-05-28T12:11:31.982159Z	info	sync complete	name=istiod analyzer attempt=1 time=39.5µs
2026-05-28T12:12:12.709358Z	info	sync complete	name=istiod analyzer attempt=1 time=28.125µs
2026-05-28T12:12:23.033438Z	info	sync complete	name=istiod analyzer attempt=1 time=28.333µs
2026-05-28T12:13:04.272461Z	info	sync complete	name=istiod analyzer attempt=1 time=50.791µs
2026-05-28T12:13:14.406244Z	info	sync complete	name=istiod analyzer attempt=1 time=30.292µs
2026-05-28T12:13:34.738505Z	info	sync complete	name=istiod analyzer attempt=1 time=24.417µs
2026-05-28T12:13:55.319628Z	info	sync complete	name=istiod analyzer attempt=1 time=24.417µs
2026-05-28T12:14:05.471825Z	info	sync complete	name=istiod analyzer attempt=1 time=25.041µs
2026-05-28T12:14:15.507567Z	info	sync complete	name=istiod analyzer attempt=1 time=32.875µs
2026-05-28T12:14:35.764137Z	info	sync complete	name=istiod analyzer attempt=1 time=24.958µs
2026-05-28T12:14:46.074022Z	info	sync complete	name=istiod analyzer attempt=1 time=26.75µs
2026-05-28T12:14:56.240934Z	info	sync complete	name=istiod analyzer attempt=1 time=32.041µs
2026-05-28T12:15:06.323681Z	info	sync complete	name=istiod analyzer attempt=1 time=30.458µs
2026-05-28T12:15:16.460946Z	info	sync complete	name=istiod analyzer attempt=1 time=23.625µs
2026-05-28T12:15:37.060328Z	info	sync complete	name=istiod analyzer attempt=1 time=30.125µs
2026-05-28T12:15:47.207373Z	info	sync complete	name=istiod analyzer attempt=1 time=29.5µs
2026-05-28T12:16:17.639740Z	info	sync complete	name=istiod analyzer attempt=1 time=46.875µs
2026-05-28T12:16:27.925549Z	info	sync complete	name=istiod analyzer attempt=1 time=26.375µs
2026-05-28T12:17:19.150040Z	info	sync complete	name=istiod analyzer attempt=1 time=24.667µs
2026-05-28T12:17:29.390912Z	info	sync complete	name=istiod analyzer attempt=1 time=50.25µs
2026-05-28T12:19:41.435751Z	info	sync complete	name=istiod analyzer attempt=1 time=30.417µs
2026-05-28T12:19:51.512148Z	info	sync complete	name=istiod analyzer attempt=1 time=27.5µs
2026-05-28T12:20:22.038838Z	info	sync complete	name=istiod analyzer attempt=1 time=25.959µs
2026-05-28T12:20:32.309648Z	info	sync complete	name=istiod analyzer attempt=1 time=24.625µs
2026-05-28T12:21:13.512396Z	info	sync complete	name=istiod analyzer attempt=1 time=36.75µs
2026-05-28T12:21:33.652770Z	info	sync complete	name=istiod analyzer attempt=1 time=25.125µs
2026-05-28T12:21:43.851753Z	info	sync complete	name=istiod analyzer attempt=1 time=24.833µs
2026-05-28T12:21:54.093513Z	info	sync complete	name=istiod analyzer attempt=1 time=27.25µs
2026-05-28T12:22:34.924881Z	info	sync complete	name=istiod analyzer attempt=1 time=27.458µs
2026-05-28T12:22:45.253900Z	info	sync complete	name=istiod analyzer attempt=1 time=24.334µs
2026-05-28T12:23:05.073599Z	info	delta	ADS: "10.30.0.17:37722" echo-tr-gateway-67dd96d555-w9bgv.echo-tr-112 terminated
2026-05-28T12:23:05.386442Z	info	delta	ADS: new delta connection for node:echo-tr-gateway-67dd96d555-w9bgv.echo-tr-114
2026-05-28T12:23:05.386899Z	info	delta	CDS: PUSH request for node:echo-tr-gateway-67dd96d555-w9bgv.echo-tr resources:2 removed:0 size:1.1kB cached:1/1 filtered:0
2026-05-28T12:23:05.388795Z	info	delta	LDS: PUSH request for node:echo-tr-gateway-67dd96d555-w9bgv.echo-tr resources:2 removed:0 size:11.4kB filtered:0
2026-05-28T12:23:05.389028Z	info	delta	EDS: PUSH request for node:echo-tr-gateway-67dd96d555-w9bgv.echo-tr resources:1 removed:0 size:228B empty:0 cached:1/1 filtered:0
2026-05-28T12:23:05.389386Z	info	delta	RDS: PUSH request for node:echo-tr-gateway-67dd96d555-w9bgv.echo-tr resources:2 removed:0 size:1.5kB cached:0/0 filtered:0
2026-05-28T12:23:05.566911Z	info	sync complete	name=istiod analyzer attempt=1 time=27.541µs
2026-05-28T12:23:15.621811Z	info	sync complete	name=istiod analyzer attempt=1 time=25.417µs
2026-05-28T12:23:25.855361Z	info	sync complete	name=istiod analyzer attempt=1 time=23.75µs
2026-05-28T12:23:35.994344Z	info	sync complete	name=istiod analyzer attempt=1 time=48.875µs
2026-05-28T12:23:46.118292Z	info	sync complete	name=istiod analyzer attempt=1 time=25.875µs
2026-05-28T12:23:56.344130Z	info	sync complete	name=istiod analyzer attempt=1 time=39.542µs
2026-05-28T12:24:06.421943Z	info	sync complete	name=istiod analyzer attempt=1 time=41.709µs
2026-05-28T12:24:16.472203Z	info	sync complete	name=istiod analyzer attempt=1 time=27.875µs
2026-05-28T12:24:37.191469Z	info	sync complete	name=istiod analyzer attempt=1 time=27.709µs
2026-05-28T12:24:57.477560Z	info	sync complete	name=istiod analyzer attempt=1 time=24.666µs
2026-05-28T12:25:28.246002Z	info	sync complete	name=istiod analyzer attempt=1 time=31.5µs
2026-05-28T12:25:38.596682Z	info	sync complete	name=istiod analyzer attempt=1 time=33.208µs
2026-05-28T12:25:40.668736Z	info	delta	ADS: "10.30.0.14:38638" echo-5fb5d66d6-xhjw8.echo-tr-113 terminated
2026-05-28T12:25:41.042393Z	info	delta	ADS: new delta connection for node:echo-5fb5d66d6-xhjw8.echo-tr-115
2026-05-28T12:25:41.042735Z	info	delta	CDS: PUSH request for node:echo-5fb5d66d6-xhjw8.echo-tr resources:22 removed:0 size:23.0kB cached:18/18 filtered:0
2026-05-28T12:25:41.042941Z	info	delta	EDS: PUSH request for node:echo-5fb5d66d6-xhjw8.echo-tr resources:18 removed:0 size:3.9kB empty:0 cached:18/18 filtered:0
2026-05-28T12:25:41.044255Z	info	delta	LDS: PUSH request for node:echo-5fb5d66d6-xhjw8.echo-tr resources:20 removed:0 size:83.7kB filtered:0
2026-05-28T12:25:41.044421Z	info	delta	NDS: PUSH request for node:echo-5fb5d66d6-xhjw8.echo-tr resources:1 removed:0 size:1.2kB
2026-05-28T12:25:41.044776Z	info	delta	RDS: PUSH request for node:echo-5fb5d66d6-xhjw8.echo-tr resources:10 removed:0 size:8.0kB cached:10/10 filtered:0
2026-05-28T12:27:40.735838Z	info	sync complete	name=istiod analyzer attempt=1 time=33.084µs
2026-05-28T12:27:51.034242Z	info	sync complete	name=istiod analyzer attempt=1 time=27.667µs
2026-05-28T12:28:11.205919Z	info	sync complete	name=istiod analyzer attempt=1 time=41.5µs
2026-05-28T12:28:21.439411Z	info	sync complete	name=istiod analyzer attempt=1 time=23.875µs
2026-05-28T12:30:13.948132Z	info	sync complete	name=istiod analyzer attempt=1 time=30.75µs
2026-05-28T12:30:24.058941Z	info	sync complete	name=istiod analyzer attempt=1 time=29.542µs
2026-05-28T12:31:56.240275Z	info	sync complete	name=istiod analyzer attempt=1 time=36.083µs
2026-05-28T12:32:06.438972Z	info	sync complete	name=istiod analyzer attempt=1 time=32.041µs
2026-05-28T12:32:16.711134Z	info	sync complete	name=istiod analyzer attempt=1 time=24.375µs
2026-05-28T12:33:18.060371Z	info	sync complete	name=istiod analyzer attempt=1 time=29.292µs
2026-05-28T12:33:28.166172Z	info	sync complete	name=istiod analyzer attempt=1 time=24.666µs
2026-05-28T12:33:38.182615Z	info	sync complete	name=istiod analyzer attempt=1 time=24.916µs
2026-05-28T12:33:48.574873Z	info	sync complete	name=istiod analyzer attempt=1 time=30.542µs
2026-05-28T12:36:11.551017Z	info	sync complete	name=istiod analyzer attempt=1 time=45.25µs
2026-05-28T12:36:21.657610Z	info	sync complete	name=istiod analyzer attempt=1 time=27.75µs
2026-05-28T12:38:03.635474Z	info	sync complete	name=istiod analyzer attempt=1 time=28.042µs
2026-05-28T12:38:13.810267Z	info	sync complete	name=istiod analyzer attempt=1 time=40.584µs
2026-05-28T12:38:44.602546Z	info	sync complete	name=istiod analyzer attempt=1 time=27.5µs
2026-05-28T12:38:54.691860Z	info	sync complete	name=istiod analyzer attempt=1 time=26.958µs
2026-05-28T12:39:25.187135Z	info	sync complete	name=istiod analyzer attempt=1 time=27.75µs
2026-05-28T12:39:35.474203Z	info	sync complete	name=istiod analyzer attempt=1 time=34.875µs
2026-05-28T12:41:58.419664Z	info	sync complete	name=istiod analyzer attempt=1 time=49.375µs
2026-05-28T12:42:08.447553Z	info	sync complete	name=istiod analyzer attempt=1 time=34µs
2026-05-28T12:43:09.931190Z	info	sync complete	name=istiod analyzer attempt=1 time=25.916µs
2026-05-28T12:43:20.160007Z	info	sync complete	name=istiod analyzer attempt=1 time=29µs
2026-05-28T12:43:30.332783Z	info	sync complete	name=istiod analyzer attempt=1 time=25.833µs
2026-05-28T12:43:40.475806Z	info	sync complete	name=istiod analyzer attempt=1 time=40.417µs
2026-05-28T12:43:50.717808Z	info	sync complete	name=istiod analyzer attempt=1 time=24.25µs
2026-05-28T12:44:31.215311Z	info	sync complete	name=istiod analyzer attempt=1 time=27.583µs
2026-05-28T12:44:41.372074Z	info	sync complete	name=istiod analyzer attempt=1 time=25.083µs
2026-05-28T12:45:01.863721Z	info	sync complete	name=istiod analyzer attempt=1 time=53µs
2026-05-28T12:45:52.984043Z	info	sync complete	name=istiod analyzer attempt=1 time=25.125µs
2026-05-28T12:46:03.309322Z	info	sync complete	name=istiod analyzer attempt=1 time=34.458µs
2026-05-28T12:46:13.611003Z	info	sync complete	name=istiod analyzer attempt=1 time=29.667µs
2026-05-28T12:46:54.591791Z	info	sync complete	name=istiod analyzer attempt=1 time=29.625µs
2026-05-28T12:47:15.226612Z	info	sync complete	name=istiod analyzer attempt=1 time=36.292µs
2026-05-28T12:47:46.099642Z	info	sync complete	name=istiod analyzer attempt=1 time=30.166µs
2026-05-28T12:47:56.259475Z	info	sync complete	name=istiod analyzer attempt=1 time=33.542µs
2026-05-28T12:48:47.005759Z	info	sync complete	name=istiod analyzer attempt=1 time=58.417µs
2026-05-28T12:49:07.206786Z	info	sync complete	name=istiod analyzer attempt=1 time=27.75µs
2026-05-28T12:49:17.335176Z	info	sync complete	name=istiod analyzer attempt=1 time=36.708µs
2026-05-28T12:49:27.431403Z	info	sync complete	name=istiod analyzer attempt=1 time=27.208µs
2026-05-28T12:49:57.613471Z	info	sync complete	name=istiod analyzer attempt=1 time=30.584µs
2026-05-28T12:50:07.836038Z	info	sync complete	name=istiod analyzer attempt=1 time=39.125µs
2026-05-28T12:50:48.955807Z	info	sync complete	name=istiod analyzer attempt=1 time=23.5µs
2026-05-28T12:50:59.185237Z	info	sync complete	name=istiod analyzer attempt=1 time=31µs
2026-05-28T12:53:26.170620Z	info	delta	ADS: "10.30.0.14:46400" echo-5fb5d66d6-xhjw8.echo-tr-115 terminated
2026-05-28T12:53:26.511696Z	info	delta	ADS: new delta connection for node:echo-5fb5d66d6-xhjw8.echo-tr-116
2026-05-28T12:53:26.512127Z	info	delta	CDS: PUSH request for node:echo-5fb5d66d6-xhjw8.echo-tr resources:22 removed:0 size:23.0kB cached:18/18 filtered:0
2026-05-28T12:53:26.512903Z	info	delta	EDS: PUSH request for node:echo-5fb5d66d6-xhjw8.echo-tr resources:18 removed:0 size:3.9kB empty:0 cached:18/18 filtered:0
2026-05-28T12:53:26.514304Z	info	delta	LDS: PUSH request for node:echo-5fb5d66d6-xhjw8.echo-tr resources:20 removed:0 size:83.7kB filtered:0
2026-05-28T12:53:26.514414Z	info	delta	NDS: PUSH request for node:echo-5fb5d66d6-xhjw8.echo-tr resources:1 removed:0 size:1.2kB
2026-05-28T12:53:26.514677Z	info	delta	RDS: PUSH request for node:echo-5fb5d66d6-xhjw8.echo-tr resources:10 removed:0 size:8.0kB cached:10/10 filtered:0
2026-05-28T12:54:33.230288Z	info	sync complete	name=istiod analyzer attempt=1 time=29.833µs
2026-05-28T12:54:43.390198Z	info	sync complete	name=istiod analyzer attempt=1 time=33.75µs
2026-05-28T12:55:07.511480Z	info	delta	ADS: "10.30.0.17:54052" echo-tr-gateway-67dd96d555-w9bgv.echo-tr-114 terminated
2026-05-28T12:55:07.876925Z	info	delta	ADS: new delta connection for node:echo-tr-gateway-67dd96d555-w9bgv.echo-tr-117
2026-05-28T12:55:07.877078Z	info	delta	CDS: PUSH request for node:echo-tr-gateway-67dd96d555-w9bgv.echo-tr resources:2 removed:0 size:1.1kB cached:1/1 filtered:0
2026-05-28T12:55:07.878823Z	info	delta	LDS: PUSH request for node:echo-tr-gateway-67dd96d555-w9bgv.echo-tr resources:2 removed:0 size:11.4kB filtered:0
2026-05-28T12:55:07.879106Z	info	delta	EDS: PUSH request for node:echo-tr-gateway-67dd96d555-w9bgv.echo-tr resources:1 removed:0 size:228B empty:0 cached:1/1 filtered:0
2026-05-28T12:55:07.879444Z	info	delta	RDS: PUSH request for node:echo-tr-gateway-67dd96d555-w9bgv.echo-tr resources:2 removed:0 size:1.5kB cached:0/0 filtered:0
2026-05-28T12:55:34.170540Z	info	sync complete	name=istiod analyzer attempt=1 time=28µs
2026-05-28T12:55:44.186603Z	info	sync complete	name=istiod analyzer attempt=1 time=25.209µs
2026-05-28T12:56:14.504136Z	info	sync complete	name=istiod analyzer attempt=1 time=25.792µs
2026-05-28T12:56:24.898441Z	info	sync complete	name=istiod analyzer attempt=1 time=31.209µs
2026-05-28T12:56:56.056913Z	info	sync complete	name=istiod analyzer attempt=1 time=44.333µs
2026-05-28T12:57:06.442758Z	info	sync complete	name=istiod analyzer attempt=1 time=29.708µs
2026-05-28T12:57:26.638199Z	info	sync complete	name=istiod analyzer attempt=1 time=25.209µs
2026-05-28T12:57:36.988860Z	info	sync complete	name=istiod analyzer attempt=1 time=27.417µs
2026-05-28T12:58:28.148545Z	info	sync complete	name=istiod analyzer attempt=1 time=27.5µs
2026-05-28T12:58:38.542563Z	info	sync complete	name=istiod analyzer attempt=1 time=28.75µs
2026-05-28T12:58:48.674792Z	info	sync complete	name=istiod analyzer attempt=1 time=44.334µs
2026-05-28T12:58:58.902722Z	info	sync complete	name=istiod analyzer attempt=1 time=40.959µs
2026-05-28T12:59:39.567096Z	info	sync complete	name=istiod analyzer attempt=1 time=27µs
2026-05-28T12:59:49.705585Z	info	sync complete	name=istiod analyzer attempt=1 time=28.459µs
2026-05-28T13:01:31.310548Z	info	sync complete	name=istiod analyzer attempt=1 time=53.042µs
2026-05-28T13:01:41.662097Z	info	sync complete	name=istiod analyzer attempt=1 time=30.791µs
2026-05-28T13:02:02.236874Z	info	sync complete	name=istiod analyzer attempt=1 time=73.5µs
2026-05-28T13:02:12.536132Z	info	sync complete	name=istiod analyzer attempt=1 time=25.292µs
2026-05-28T13:03:13.458548Z	info	sync complete	name=istiod analyzer attempt=1 time=32.417µs
2026-05-28T13:03:23.600754Z	info	sync complete	name=istiod analyzer attempt=1 time=29.5µs
2026-05-28T13:03:33.698997Z	info	sync complete	name=istiod analyzer attempt=1 time=29.959µs
2026-05-28T13:04:14.249478Z	info	sync complete	name=istiod analyzer attempt=1 time=28.834µs
2026-05-28T13:04:34.701541Z	info	sync complete	name=istiod analyzer attempt=1 time=24.792µs
2026-05-28T13:04:44.874550Z	info	sync complete	name=istiod analyzer attempt=1 time=27.334µs
2026-05-28T13:04:55.270822Z	info	sync complete	name=istiod analyzer attempt=1 time=26.208µs
2026-05-28T13:07:07.353423Z	info	sync complete	name=istiod analyzer attempt=1 time=45.75µs
2026-05-28T13:07:17.678410Z	info	sync complete	name=istiod analyzer attempt=1 time=27.708µs
2026-05-28T13:07:27.770767Z	info	sync complete	name=istiod analyzer attempt=1 time=27.958µs
2026-05-28T13:07:37.952705Z	info	sync complete	name=istiod analyzer attempt=1 time=28µs
2026-05-28T13:07:47.971545Z	info	sync complete	name=istiod analyzer attempt=1 time=24.208µs
2026-05-28T13:07:58.065330Z	info	sync complete	name=istiod analyzer attempt=1 time=34.25µs
2026-05-28T13:09:09.222954Z	info	sync complete	name=istiod analyzer attempt=1 time=29.042µs
2026-05-28T13:09:19.313170Z	info	sync complete	name=istiod analyzer attempt=1 time=30.5µs
2026-05-28T13:09:29.551250Z	info	sync complete	name=istiod analyzer attempt=1 time=23.917µs
2026-05-28T13:09:39.620349Z	info	sync complete	name=istiod analyzer attempt=1 time=24.333µs
2026-05-28T13:10:10.412003Z	info	sync complete	name=istiod analyzer attempt=1 time=32.167µs
2026-05-28T13:10:20.759881Z	info	sync complete	name=istiod analyzer attempt=1 time=31.459µs
2026-05-28T13:10:30.979586Z	info	sync complete	name=istiod analyzer attempt=1 time=35.084µs
2026-05-28T13:11:01.735955Z	info	sync complete	name=istiod analyzer attempt=1 time=26.042µs
2026-05-28T13:11:11.894641Z	info	sync complete	name=istiod analyzer attempt=1 time=29.292µs
2026-05-28T13:11:52.555600Z	info	sync complete	name=istiod analyzer attempt=1 time=26.792µs
2026-05-28T13:12:02.786544Z	info	sync complete	name=istiod analyzer attempt=1 time=27.333µs
2026-05-28T13:12:33.097564Z	info	sync complete	name=istiod analyzer attempt=1 time=26.5µs
2026-05-28T13:12:43.344668Z	info	sync complete	name=istiod analyzer attempt=1 time=24.75µs
2026-05-28T13:13:24.158068Z	info	sync complete	name=istiod analyzer attempt=1 time=26.959µs
2026-05-28T13:13:34.239837Z	info	sync complete	name=istiod analyzer attempt=1 time=23.916µs
2026-05-28T13:14:15.042313Z	info	sync complete	name=istiod analyzer attempt=1 time=27.041µs
2026-05-28T13:14:25.113534Z	info	sync complete	name=istiod analyzer attempt=1 time=26.042µs
2026-05-28T13:14:35.206695Z	info	sync complete	name=istiod analyzer attempt=1 time=23.209µs
2026-05-28T13:14:45.473280Z	info	sync complete	name=istiod analyzer attempt=1 time=32.833µs
2026-05-28T13:14:55.830916Z	info	sync complete	name=istiod analyzer attempt=1 time=41.5µs
2026-05-28T13:16:17.569224Z	info	sync complete	name=istiod analyzer attempt=1 time=25.208µs
2026-05-28T13:16:27.677280Z	info	sync complete	name=istiod analyzer attempt=1 time=40.958µs
2026-05-28T13:17:08.591713Z	info	sync complete	name=istiod analyzer attempt=1 time=37.459µs
2026-05-28T13:17:18.850988Z	info	sync complete	name=istiod analyzer attempt=1 time=27.083µs
2026-05-28T13:17:39.190684Z	info	sync complete	name=istiod analyzer attempt=1 time=47.083µs
2026-05-28T13:17:49.469922Z	info	sync complete	name=istiod analyzer attempt=1 time=28.625µs
2026-05-28T13:18:09.871077Z	info	sync complete	name=istiod analyzer attempt=1 time=37µs
2026-05-28T13:18:20.178403Z	info	sync complete	name=istiod analyzer attempt=1 time=23.708µs
2026-05-28T13:18:51.043265Z	info	sync complete	name=istiod analyzer attempt=1 time=36.25µs
2026-05-28T13:19:11.292501Z	info	sync complete	name=istiod analyzer attempt=1 time=23.25µs
2026-05-28T13:20:33.217228Z	info	sync complete	name=istiod analyzer attempt=1 time=26µs
2026-05-28T13:20:43.478666Z	info	sync complete	name=istiod analyzer attempt=1 time=23.583µs
2026-05-28T13:21:03.807369Z	info	sync complete	name=istiod analyzer attempt=1 time=60.667µs
2026-05-28T13:21:14.046372Z	info	sync complete	name=istiod analyzer attempt=1 time=25.625µs
2026-05-28T13:22:15.008183Z	info	sync complete	name=istiod analyzer attempt=1 time=24.625µs
2026-05-28T13:22:25.102874Z	info	sync complete	name=istiod analyzer attempt=1 time=25.375µs
2026-05-28T13:22:35.137193Z	info	sync complete	name=istiod analyzer attempt=1 time=34.5µs
2026-05-28T13:22:38.976336Z	info	delta	ADS: "10.30.0.17:52880" echo-tr-gateway-67dd96d555-w9bgv.echo-tr-117 terminated
2026-05-28T13:22:39.474915Z	info	delta	ADS: new delta connection for node:echo-tr-gateway-67dd96d555-w9bgv.echo-tr-118
2026-05-28T13:22:39.475178Z	info	delta	CDS: PUSH request for node:echo-tr-gateway-67dd96d555-w9bgv.echo-tr resources:2 removed:0 size:1.1kB cached:1/1 filtered:0
2026-05-28T13:22:39.476147Z	info	delta	LDS: PUSH request for node:echo-tr-gateway-67dd96d555-w9bgv.echo-tr resources:2 removed:0 size:11.4kB filtered:0
2026-05-28T13:22:39.476384Z	info	delta	EDS: PUSH request for node:echo-tr-gateway-67dd96d555-w9bgv.echo-tr resources:1 removed:0 size:228B empty:0 cached:1/1 filtered:0
2026-05-28T13:22:39.476702Z	info	delta	RDS: PUSH request for node:echo-tr-gateway-67dd96d555-w9bgv.echo-tr resources:2 removed:0 size:1.5kB cached:0/0 filtered:0
2026-05-28T13:22:45.209186Z	info	sync complete	name=istiod analyzer attempt=1 time=26.25µs
2026-05-28T13:23:05.654497Z	info	sync complete	name=istiod analyzer attempt=1 time=32.708µs
2026-05-28T13:23:15.991164Z	info	sync complete	name=istiod analyzer attempt=1 time=28.875µs
2026-05-28T13:23:16.676325Z	info	delta	ADS: "10.30.0.14:43430" echo-5fb5d66d6-xhjw8.echo-tr-116 terminated
2026-05-28T13:23:16.799796Z	info	delta	ADS: new delta connection for node:echo-5fb5d66d6-xhjw8.echo-tr-119
2026-05-28T13:23:16.800089Z	info	delta	CDS: PUSH request for node:echo-5fb5d66d6-xhjw8.echo-tr resources:22 removed:0 size:23.0kB cached:18/18 filtered:0
2026-05-28T13:23:16.800337Z	info	delta	EDS: PUSH request for node:echo-5fb5d66d6-xhjw8.echo-tr resources:18 removed:0 size:3.9kB empty:0 cached:18/18 filtered:0
2026-05-28T13:23:16.802249Z	info	delta	LDS: PUSH request for node:echo-5fb5d66d6-xhjw8.echo-tr resources:20 removed:0 size:83.7kB filtered:0
2026-05-28T13:23:16.802357Z	info	delta	NDS: PUSH request for node:echo-5fb5d66d6-xhjw8.echo-tr resources:1 removed:0 size:1.2kB
2026-05-28T13:23:16.802452Z	info	delta	RDS: PUSH request for node:echo-5fb5d66d6-xhjw8.echo-tr resources:10 removed:0 size:8.0kB cached:10/10 filtered:0
2026-05-28T13:25:08.349845Z	info	sync complete	name=istiod analyzer attempt=1 time=55.625µs
2026-05-28T13:25:18.481672Z	info	sync complete	name=istiod analyzer attempt=1 time=25.375µs
2026-05-28T13:25:28.604656Z	info	sync complete	name=istiod analyzer attempt=1 time=29.542µs
2026-05-28T13:25:49.145925Z	info	sync complete	name=istiod analyzer attempt=1 time=27.25µs
2026-05-28T13:26:09.367849Z	info	sync complete	name=istiod analyzer attempt=1 time=43.333µs
2026-05-28T13:26:19.657236Z	info	sync complete	name=istiod analyzer attempt=1 time=37.792µs
2026-05-28T13:26:30.054995Z	info	sync complete	name=istiod analyzer attempt=1 time=48.042µs
2026-05-28T13:26:40.257300Z	info	sync complete	name=istiod analyzer attempt=1 time=45µs
2026-05-28T13:26:50.368081Z	info	sync complete	name=istiod analyzer attempt=1 time=34.166µs
2026-05-28T13:27:00.521164Z	info	sync complete	name=istiod analyzer attempt=1 time=27.542µs
2026-05-28T13:28:22.156196Z	info	sync complete	name=istiod analyzer attempt=1 time=26µs
2026-05-28T13:28:42.640739Z	info	sync complete	name=istiod analyzer attempt=1 time=36.084µs
2026-05-28T13:29:43.538076Z	info	sync complete	name=istiod analyzer attempt=1 time=88.416µs
2026-05-28T13:29:53.766044Z	info	sync complete	name=istiod analyzer attempt=1 time=63.417µs
2026-05-28T13:30:04.161842Z	info	sync complete	name=istiod analyzer attempt=1 time=51.417µs
2026-05-28T13:30:14.508015Z	info	sync complete	name=istiod analyzer attempt=1 time=23.625µs
2026-05-28T13:30:34.847120Z	info	sync complete	name=istiod analyzer attempt=1 time=33.375µs
2026-05-28T13:30:44.886861Z	info	sync complete	name=istiod analyzer attempt=1 time=45.5µs
2026-05-28T13:32:36.871718Z	info	sync complete	name=istiod analyzer attempt=1 time=52.708µs
2026-05-28T13:32:46.906299Z	info	sync complete	name=istiod analyzer attempt=1 time=30µs
2026-05-28T13:32:57.200552Z	info	sync complete	name=istiod analyzer attempt=1 time=32.041µs
2026-05-28T13:33:17.765721Z	info	sync complete	name=istiod analyzer attempt=1 time=35.458µs
2026-05-28T13:33:27.970847Z	info	sync complete	name=istiod analyzer attempt=1 time=29.708µs
2026-05-28T13:34:18.692468Z	info	sync complete	name=istiod analyzer attempt=1 time=29.917µs
2026-05-28T13:34:29.043911Z	info	sync complete	name=istiod analyzer attempt=1 time=27.416µs
2026-05-28T13:34:49.395996Z	info	sync complete	name=istiod analyzer attempt=1 time=29.416µs
2026-05-28T13:34:59.629056Z	info	sync complete	name=istiod analyzer attempt=1 time=27.417µs
2026-05-28T13:35:20.263141Z	info	sync complete	name=istiod analyzer attempt=1 time=25.416µs
2026-05-28T13:35:30.440589Z	info	sync complete	name=istiod analyzer attempt=1 time=32.042µs
2026-05-28T13:36:11.218761Z	info	sync complete	name=istiod analyzer attempt=1 time=33.375µs
2026-05-28T13:36:21.539698Z	info	sync complete	name=istiod analyzer attempt=1 time=26.375µs
2026-05-28T13:36:41.854921Z	info	sync complete	name=istiod analyzer attempt=1 time=32.541µs
2026-05-28T13:36:52.023188Z	info	sync complete	name=istiod analyzer attempt=1 time=23.459µs
2026-05-28T13:37:12.336816Z	info	sync complete	name=istiod analyzer attempt=1 time=44.375µs
2026-05-28T13:37:22.443788Z	info	sync complete	name=istiod analyzer attempt=1 time=32.625µs
2026-05-28T13:37:32.827564Z	info	sync complete	name=istiod analyzer attempt=1 time=36.084µs
2026-05-28T13:37:42.918877Z	info	sync complete	name=istiod analyzer attempt=1 time=40.708µs
2026-05-28T13:38:44.123281Z	info	sync complete	name=istiod analyzer attempt=1 time=129.333µs
2026-05-28T13:38:54.241045Z	info	sync complete	name=istiod analyzer attempt=1 time=32.834µs
2026-05-28T13:39:35.069457Z	info	sync complete	name=istiod analyzer attempt=1 time=126.792µs
2026-05-28T13:39:45.359072Z	info	sync complete	name=istiod analyzer attempt=1 time=52.667µs
2026-05-28T13:41:37.832653Z	info	sync complete	name=istiod analyzer attempt=1 time=121.875µs
2026-05-28T13:41:48.170599Z	info	sync complete	name=istiod analyzer attempt=1 time=128.041µs
2026-05-28T13:41:58.215794Z	info	sync complete	name=istiod analyzer attempt=1 time=63µs
2026-05-28T13:42:08.384909Z	info	sync complete	name=istiod analyzer attempt=1 time=58.667µs
2026-05-28T13:42:28.676001Z	info	sync complete	name=istiod analyzer attempt=1 time=652.875µs
2026-05-28T13:42:49.181970Z	info	sync complete	name=istiod analyzer attempt=1 time=116.459µs
2026-05-28T13:42:59.398935Z	info	sync complete	name=istiod analyzer attempt=1 time=48.042µs
2026-05-28T13:43:30.009923Z	info	sync complete	name=istiod analyzer attempt=1 time=279.167µs
2026-05-28T13:43:40.226650Z	info	sync complete	name=istiod analyzer attempt=1 time=54.167µs
2026-05-28T13:44:21.211143Z	info	sync complete	name=istiod analyzer attempt=1 time=179.167µs
2026-05-28T13:44:31.625344Z	info	sync complete	name=istiod analyzer attempt=1 time=127.542µs
2026-05-28T13:46:23.881737Z	info	sync complete	name=istiod analyzer attempt=1 time=61.083µs
2026-05-28T13:46:33.978733Z	info	sync complete	name=istiod analyzer attempt=1 time=74.833µs
2026-05-28T13:47:14.628833Z	info	sync complete	name=istiod analyzer attempt=1 time=471.542µs
2026-05-28T13:47:24.772180Z	info	sync complete	name=istiod analyzer attempt=1 time=173.583µs
2026-05-28T13:48:36.067320Z	info	sync complete	name=istiod analyzer attempt=1 time=461.583µs
2026-05-28T13:48:46.452573Z	info	sync complete	name=istiod analyzer attempt=1 time=118.667µs
2026-05-28T13:50:03.160966Z	info	delta	ADS: "10.30.0.17:57292" echo-tr-gateway-67dd96d555-w9bgv.echo-tr-118 terminated
2026-05-28T13:50:03.388522Z	info	delta	ADS: new delta connection for node:echo-tr-gateway-67dd96d555-w9bgv.echo-tr-120
2026-05-28T13:50:03.388832Z	info	delta	CDS: PUSH request for node:echo-tr-gateway-67dd96d555-w9bgv.echo-tr resources:2 removed:0 size:1.1kB cached:1/1 filtered:0
2026-05-28T13:50:03.390606Z	info	delta	LDS: PUSH request for node:echo-tr-gateway-67dd96d555-w9bgv.echo-tr resources:2 removed:0 size:11.4kB filtered:0
2026-05-28T13:50:03.390987Z	info	delta	EDS: PUSH request for node:echo-tr-gateway-67dd96d555-w9bgv.echo-tr resources:1 removed:0 size:228B empty:0 cached:1/1 filtered:0
2026-05-28T13:50:03.391346Z	info	delta	RDS: PUSH request for node:echo-tr-gateway-67dd96d555-w9bgv.echo-tr resources:2 removed:0 size:1.5kB cached:0/0 filtered:0
2026-05-28T13:50:17.703860Z	info	sync complete	name=istiod analyzer attempt=1 time=52.417µs
2026-05-28T13:50:28.039029Z	info	sync complete	name=istiod analyzer attempt=1 time=49.042µs
2026-05-28T13:51:08.414120Z	info	sync complete	name=istiod analyzer attempt=1 time=29.916µs
2026-05-28T13:51:28.991549Z	info	sync complete	name=istiod analyzer attempt=1 time=39.75µs
2026-05-28T13:51:39.327780Z	info	sync complete	name=istiod analyzer attempt=1 time=38.041µs
2026-05-28T13:51:49.639850Z	info	sync complete	name=istiod analyzer attempt=1 time=25.667µs
2026-05-28T13:51:59.786346Z	info	sync complete	name=istiod analyzer attempt=1 time=26.084µs
2026-05-28T13:52:10.151906Z	info	sync complete	name=istiod analyzer attempt=1 time=27.792µs
2026-05-28T13:52:50.787640Z	info	sync complete	name=istiod analyzer attempt=1 time=23.833µs
2026-05-28T13:53:01.178363Z	info	sync complete	name=istiod analyzer attempt=1 time=25.292µs
2026-05-28T13:53:21.583602Z	info	sync complete	name=istiod analyzer attempt=1 time=35µs
2026-05-28T13:53:29.095823Z	info	delta	ADS: "10.30.0.14:49732" echo-5fb5d66d6-xhjw8.echo-tr-119 terminated
2026-05-28T13:53:29.313548Z	info	delta	ADS: new delta connection for node:echo-5fb5d66d6-xhjw8.echo-tr-121
2026-05-28T13:53:29.313727Z	info	delta	CDS: PUSH request for node:echo-5fb5d66d6-xhjw8.echo-tr resources:22 removed:0 size:23.0kB cached:18/18 filtered:0
2026-05-28T13:53:29.315779Z	info	delta	EDS: PUSH request for node:echo-5fb5d66d6-xhjw8.echo-tr resources:18 removed:0 size:3.9kB empty:0 cached:18/18 filtered:0
2026-05-28T13:53:29.317018Z	info	delta	LDS: PUSH request for node:echo-5fb5d66d6-xhjw8.echo-tr resources:20 removed:0 size:83.7kB filtered:0
2026-05-28T13:53:29.317110Z	info	delta	NDS: PUSH request for node:echo-5fb5d66d6-xhjw8.echo-tr resources:1 removed:0 size:1.2kB
2026-05-28T13:53:29.317200Z	info	delta	RDS: PUSH request for node:echo-5fb5d66d6-xhjw8.echo-tr resources:10 removed:0 size:8.0kB cached:10/10 filtered:0
2026-05-28T13:53:31.817546Z	info	sync complete	name=istiod analyzer attempt=1 time=28.625µs
2026-05-28T13:54:12.528703Z	info	sync complete	name=istiod analyzer attempt=1 time=28.25µs
2026-05-28T13:54:22.811822Z	info	sync complete	name=istiod analyzer attempt=1 time=30.708µs
2026-05-28T13:54:32.930892Z	info	sync complete	name=istiod analyzer attempt=1 time=30.292µs
2026-05-28T13:54:43.031176Z	info	sync complete	name=istiod analyzer attempt=1 time=63.791µs
2026-05-28T13:55:03.303117Z	info	sync complete	name=istiod analyzer attempt=1 time=63.334µs
2026-05-28T13:55:13.603108Z	info	sync complete	name=istiod analyzer attempt=1 time=28.625µs
2026-05-28T13:55:34.134347Z	info	sync complete	name=istiod analyzer attempt=1 time=30.209µs
2026-05-28T13:55:44.362403Z	info	sync complete	name=istiod analyzer attempt=1 time=48.667µs
2026-05-28T13:57:47.337264Z	info	sync complete	name=istiod analyzer attempt=1 time=98.375µs
2026-05-28T13:57:57.651215Z	info	sync complete	name=istiod analyzer attempt=1 time=34.291µs
2026-05-28T13:59:49.312504Z	info	sync complete	name=istiod analyzer attempt=1 time=24.542µs
2026-05-28T13:59:59.430746Z	info	sync complete	name=istiod analyzer attempt=1 time=27.125µs
2026-05-28T14:02:43.182805Z	info	sync complete	name=istiod analyzer attempt=1 time=28.709µs
2026-05-28T14:02:53.445063Z	info	sync complete	name=istiod analyzer attempt=1 time=33.584µs
2026-05-28T14:04:56.252164Z	info	sync complete	name=istiod analyzer attempt=1 time=28.083µs
2026-05-28T14:05:06.270111Z	info	sync complete	name=istiod analyzer attempt=1 time=33.75µs
2026-05-28T14:05:57.169886Z	info	sync complete	name=istiod analyzer attempt=1 time=25.375µs
2026-05-28T14:06:07.550626Z	info	sync complete	name=istiod analyzer attempt=1 time=25.917µs
2026-05-28T14:06:48.142067Z	info	sync complete	name=istiod analyzer attempt=1 time=32.042µs
2026-05-28T14:06:58.288206Z	info	sync complete	name=istiod analyzer attempt=1 time=30.667µs
2026-05-28T14:07:39.112734Z	info	sync complete	name=istiod analyzer attempt=1 time=64.792µs
2026-05-28T14:07:49.326821Z	info	sync complete	name=istiod analyzer attempt=1 time=41.459µs
2026-05-28T14:08:19.745028Z	info	sync complete	name=istiod analyzer attempt=1 time=25.834µs
2026-05-28T14:08:30.018181Z	info	sync complete	name=istiod analyzer attempt=1 time=26.917µs
2026-05-28T14:09:21.038451Z	info	sync complete	name=istiod analyzer attempt=1 time=41.125µs
2026-05-28T14:09:31.204409Z	info	sync complete	name=istiod analyzer attempt=1 time=31.291µs
2026-05-28T14:10:11.944631Z	info	sync complete	name=istiod analyzer attempt=1 time=41.667µs
2026-05-28T14:10:22.002045Z	info	sync complete	name=istiod analyzer attempt=1 time=66.542µs
2026-05-28T14:10:42.460881Z	info	sync complete	name=istiod analyzer attempt=1 time=38.833µs
2026-05-28T14:10:52.815525Z	info	sync complete	name=istiod analyzer attempt=1 time=35.125µs
2026-05-28T14:11:03.009706Z	info	sync complete	name=istiod analyzer attempt=1 time=38.541µs
2026-05-28T14:11:33.368315Z	info	sync complete	name=istiod analyzer attempt=1 time=94µs
2026-05-28T14:11:43.602018Z	info	sync complete	name=istiod analyzer attempt=1 time=25.417µs
2026-05-28T14:11:53.915493Z	info	sync complete	name=istiod analyzer attempt=1 time=103.75µs
2026-05-28T14:12:04.034464Z	info	sync complete	name=istiod analyzer attempt=1 time=27.541µs
2026-05-28T14:12:14.413331Z	info	sync complete	name=istiod analyzer attempt=1 time=60.458µs
2026-05-28T14:12:24.644731Z	info	sync complete	name=istiod analyzer attempt=1 time=28µs
2026-05-28T14:12:55.436327Z	info	sync complete	name=istiod analyzer attempt=1 time=44.334µs
2026-05-28T14:13:05.727346Z	info	sync complete	name=istiod analyzer attempt=1 time=50.834µs
2026-05-28T14:13:16.131330Z	info	sync complete	name=istiod analyzer attempt=1 time=63.208µs
2026-05-28T14:14:27.488983Z	info	sync complete	name=istiod analyzer attempt=1 time=33.917µs
2026-05-28T14:14:37.576017Z	info	sync complete	name=istiod analyzer attempt=1 time=60.042µs
2026-05-28T14:15:28.855029Z	info	sync complete	name=istiod analyzer attempt=1 time=131.875µs
2026-05-28T14:15:39.100721Z	info	sync complete	name=istiod analyzer attempt=1 time=32.959µs
2026-05-28T14:17:41.728626Z	info	sync complete	name=istiod analyzer attempt=1 time=119.292µs
2026-05-28T14:17:52.068132Z	info	sync complete	name=istiod analyzer attempt=1 time=43.833µs
2026-05-28T14:18:02.165617Z	info	sync complete	name=istiod analyzer attempt=1 time=96µs
2026-05-28T14:18:12.367283Z	info	sync complete	name=istiod analyzer attempt=1 time=83.792µs
2026-05-28T14:18:22.473424Z	info	sync complete	name=istiod analyzer attempt=1 time=55.916µs
2026-05-28T14:18:32.731690Z	info	sync complete	name=istiod analyzer attempt=1 time=62µs
2026-05-28T14:18:43.173634Z	info	delta	ADS: "10.30.0.17:44550" echo-tr-gateway-67dd96d555-w9bgv.echo-tr-120 terminated
2026-05-28T14:18:43.500431Z	info	delta	ADS: new delta connection for node:echo-tr-gateway-67dd96d555-w9bgv.echo-tr-122
2026-05-28T14:18:43.501657Z	info	delta	CDS: PUSH request for node:echo-tr-gateway-67dd96d555-w9bgv.echo-tr resources:2 removed:0 size:1.1kB cached:1/1 filtered:0
2026-05-28T14:18:43.505508Z	info	delta	LDS: PUSH request for node:echo-tr-gateway-67dd96d555-w9bgv.echo-tr resources:2 removed:0 size:11.4kB filtered:0
2026-05-28T14:18:43.505671Z	info	delta	EDS: PUSH request for node:echo-tr-gateway-67dd96d555-w9bgv.echo-tr resources:1 removed:0 size:228B empty:0 cached:1/1 filtered:0
2026-05-28T14:18:43.506996Z	info	delta	RDS: PUSH request for node:echo-tr-gateway-67dd96d555-w9bgv.echo-tr resources:2 removed:0 size:1.5kB cached:0/0 filtered:0
2026-05-28T14:20:25.050088Z	info	sync complete	name=istiod analyzer attempt=1 time=101.791µs
2026-05-28T14:20:35.224057Z	info	sync complete	name=istiod analyzer attempt=1 time=38.709µs
2026-05-28T14:20:55.695701Z	info	sync complete	name=istiod analyzer attempt=1 time=26.542µs
2026-05-28T14:21:05.853904Z	info	sync complete	name=istiod analyzer attempt=1 time=27.291µs
2026-05-28T14:21:36.768521Z	info	sync complete	name=istiod analyzer attempt=1 time=71.708µs
2026-05-28T14:21:47.173262Z	info	sync complete	name=istiod analyzer attempt=1 time=24.708µs
2026-05-28T14:22:07.846481Z	info	sync complete	name=istiod analyzer attempt=1 time=56.25µs
2026-05-28T14:22:18.120572Z	info	sync complete	name=istiod analyzer attempt=1 time=172.75µs
2026-05-28T14:22:28.435657Z	info	sync complete	name=istiod analyzer attempt=1 time=44.083µs
2026-05-28T14:22:38.454987Z	info	sync complete	name=istiod analyzer attempt=1 time=99.75µs
2026-05-28T14:23:29.306916Z	info	sync complete	name=istiod analyzer attempt=1 time=81.042µs
2026-05-28T14:23:39.612450Z	info	sync complete	name=istiod analyzer attempt=1 time=31.459µs
2026-05-28T14:23:49.713920Z	info	sync complete	name=istiod analyzer attempt=1 time=34.25µs
2026-05-28T14:24:10.450106Z	info	sync complete	name=istiod analyzer attempt=1 time=36.292µs
2026-05-28T14:24:20.593285Z	info	sync complete	name=istiod analyzer attempt=1 time=24.834µs
2026-05-28T14:24:41.058445Z	info	sync complete	name=istiod analyzer attempt=1 time=81.334µs
2026-05-28T14:24:51.233629Z	info	sync complete	name=istiod analyzer attempt=1 time=30µs
2026-05-28T14:25:01.317697Z	info	sync complete	name=istiod analyzer attempt=1 time=45.5µs
2026-05-28T14:25:11.452508Z	info	sync complete	name=istiod analyzer attempt=1 time=27.667µs
2026-05-28T14:25:29.245071Z	info	delta	ADS: "10.30.0.14:50824" echo-5fb5d66d6-xhjw8.echo-tr-121 terminated
2026-05-28T14:25:29.260612Z	info	delta	ADS: new delta connection for node:echo-5fb5d66d6-xhjw8.echo-tr-123
2026-05-28T14:25:29.261070Z	info	delta	CDS: PUSH request for node:echo-5fb5d66d6-xhjw8.echo-tr resources:22 removed:0 size:23.0kB cached:18/18 filtered:0
2026-05-28T14:25:29.263472Z	info	delta	EDS: PUSH request for node:echo-5fb5d66d6-xhjw8.echo-tr resources:18 removed:0 size:3.9kB empty:0 cached:18/18 filtered:0
2026-05-28T14:25:29.264925Z	info	delta	LDS: PUSH request for node:echo-5fb5d66d6-xhjw8.echo-tr resources:20 removed:0 size:83.7kB filtered:0
2026-05-28T14:25:29.265031Z	info	delta	NDS: PUSH request for node:echo-5fb5d66d6-xhjw8.echo-tr resources:1 removed:0 size:1.2kB
2026-05-28T14:25:29.265248Z	info	delta	RDS: PUSH request for node:echo-5fb5d66d6-xhjw8.echo-tr resources:10 removed:0 size:8.0kB cached:10/10 filtered:0
2026-05-28T14:26:22.911697Z	info	sync complete	name=istiod analyzer attempt=1 time=32µs
2026-05-28T14:26:33.098490Z	info	sync complete	name=istiod analyzer attempt=1 time=32.25µs
2026-05-28T14:26:43.168642Z	info	sync complete	name=istiod analyzer attempt=1 time=31.375µs
2026-05-28T14:26:53.197188Z	info	sync complete	name=istiod analyzer attempt=1 time=25.083µs
2026-05-28T14:27:13.833994Z	info	sync complete	name=istiod analyzer attempt=1 time=26.5µs
2026-05-28T14:27:24.154252Z	info	sync complete	name=istiod analyzer attempt=1 time=28.333µs
2026-05-28T14:27:54.582241Z	info	sync complete	name=istiod analyzer attempt=1 time=35.042µs
2026-05-28T14:28:04.655507Z	info	sync complete	name=istiod analyzer attempt=1 time=68.708µs
2026-05-28T14:28:45.434639Z	info	sync complete	name=istiod analyzer attempt=1 time=39.042µs
2026-05-28T14:28:55.646609Z	info	sync complete	name=istiod analyzer attempt=1 time=30.75µs
2026-05-28T14:29:26.297960Z	info	sync complete	name=istiod analyzer attempt=1 time=25.125µs
2026-05-28T14:29:36.450949Z	info	sync complete	name=istiod analyzer attempt=1 time=29.5µs
2026-05-28T14:30:17.010153Z	info	sync complete	name=istiod analyzer attempt=1 time=25.875µs
2026-05-28T14:30:27.233215Z	info	sync complete	name=istiod analyzer attempt=1 time=25.875µs
2026-05-28T14:30:37.317374Z	info	sync complete	name=istiod analyzer attempt=1 time=35.375µs
2026-05-28T14:30:47.533255Z	info	sync complete	name=istiod analyzer attempt=1 time=25.917µs
2026-05-28T14:30:57.794387Z	info	sync complete	name=istiod analyzer attempt=1 time=31.958µs
2026-05-28T14:31:07.984609Z	info	sync complete	name=istiod analyzer attempt=1 time=27.834µs
2026-05-28T14:31:32.955524Z	info	model	Incremental push, service echo.echo-tr.svc.cluster.local at shard Kubernetes/cluster-2 has no endpoints
2026-05-28T14:31:33.020617Z	info	delta	ADS: "10.30.0.14:53234" echo-5fb5d66d6-xhjw8.echo-tr-123 terminated
2026-05-28T14:31:33.057543Z	info	ads	Push debounce stable[24] 2 for config ServiceEntry/echo-tr/echo.echo-tr.svc.cluster.local: 101.967417ms since last change, 107.337625ms since last push, full=true
2026-05-28T14:31:33.057929Z	info	ads	XDS: Pushing Services:11 ConnectedEndpoints:1 Version:2026-05-28T14:31:33Z/22
2026-05-28T14:31:33.058986Z	info	delta	CDS: PUSH for node:echo-tr-gateway-67dd96d555-w9bgv.echo-tr resources:2 removed:0 size:1.3kB cached:0/1
2026-05-28T14:31:33.059098Z	info	delta	EDS: PUSH INC for node:echo-tr-gateway-67dd96d555-w9bgv.echo-tr resources:1 removed:0 size:157B empty:0 cached:0/1
2026-05-28T14:31:33.059998Z	info	delta	LDS: PUSH for node:echo-tr-gateway-67dd96d555-w9bgv.echo-tr resources:2 removed:0 size:11.4kB
2026-05-28T14:31:33.060195Z	info	delta	RDS: PUSH for node:echo-tr-gateway-67dd96d555-w9bgv.echo-tr resources:2 removed:0 size:1.5kB cached:0/0
2026-05-28T14:31:33.106556Z	info	model	reloading network gateways
2026-05-28T14:31:33.106586Z	info	model	gateways changed, triggering push
2026-05-28T14:31:33.116897Z	info	model	Incremental push, service echo-tr-gateway.echo-tr.svc.cluster.local at shard Kubernetes/cluster-2 has no endpoints
2026-05-28T14:31:33.237526Z	info	ads	Push debounce stable[25] 8 for config ServiceEntry/echo-tr/echo-tr-gateway.echo-tr.svc.cluster.local and 4 more configs: 100.335833ms since last change, 130.903666ms since last push, full=true
2026-05-28T14:31:33.238983Z	info	ads	XDS: Pushing Services:10 ConnectedEndpoints:1 Version:2026-05-28T14:31:33Z/23
2026-05-28T14:31:33.239103Z	info	delta	CDS: PUSH for node:echo-tr-gateway-67dd96d555-w9bgv.echo-tr resources:1 removed:1 size:72B
2026-05-28T14:31:33.239146Z	info	delta	EDS: PUSH for node:echo-tr-gateway-67dd96d555-w9bgv.echo-tr resources:1 removed:0 size:159B empty:0 cached:0/1
2026-05-28T14:31:33.239169Z	info	delta	LDS: PUSH for node:echo-tr-gateway-67dd96d555-w9bgv.echo-tr resources:0 removed:2 size:0B
2026-05-28T14:31:33.239181Z	warn	buildGatewayRoutes: no gateways for router echo-tr-gateway-67dd96d555-w9bgv.echo-tr
2026-05-28T14:31:33.239188Z	warn	buildGatewayRoutes: no gateways for router echo-tr-gateway-67dd96d555-w9bgv.echo-tr
2026-05-28T14:31:33.239194Z	info	delta	RDS: PUSH for node:echo-tr-gateway-67dd96d555-w9bgv.echo-tr resources:2 removed:0 size:76B cached:0/0
2026-05-28T14:31:34.251685Z	info	ads	Push debounce stable[26] 4 for config EnvoyFilter/echo-tr/transit-backend-gg-default-upstream-traffic-setting and 3 more configs: 100.818375ms since last change, 105.467125ms since last push, full=true
2026-05-28T14:31:34.251825Z	info	ads	XDS: Pushing Services:10 ConnectedEndpoints:1 Version:2026-05-28T14:31:34Z/24
2026-05-28T14:31:34.251936Z	info	delta	CDS: PUSH for node:echo-tr-gateway-67dd96d555-w9bgv.echo-tr resources:1 removed:0 size:50B
2026-05-28T14:31:34.251959Z	info	delta	LDS: PUSH for node:echo-tr-gateway-67dd96d555-w9bgv.echo-tr resources:0 removed:0 size:0B
2026-05-28T14:31:34.251971Z	warn	buildGatewayRoutes: no gateways for router echo-tr-gateway-67dd96d555-w9bgv.echo-tr
2026-05-28T14:31:34.251977Z	warn	buildGatewayRoutes: no gateways for router echo-tr-gateway-67dd96d555-w9bgv.echo-tr
2026-05-28T14:31:34.251982Z	info	delta	RDS: PUSH for node:echo-tr-gateway-67dd96d555-w9bgv.echo-tr resources:2 removed:0 size:76B cached:0/0
2026-05-28T14:31:35.152337Z	info	sync complete	name=istiod analyzer attempt=1 time=25.375µs
2026-05-28T14:31:38.968852Z	info	sync complete	name=istiod analyzer attempt=1 time=32.083µs
2026-05-28T14:31:43.970474Z	info	delta	ADS: "10.30.0.17:56974" echo-tr-gateway-67dd96d555-w9bgv.echo-tr-122 terminated
2026-05-28T14:31:43.975788Z	info	sync complete	name=istiod analyzer attempt=1 time=24.291µs
2026-05-28T14:31:45.701810Z	info	sync complete	name=istiod analyzer attempt=1 time=28.917µs
2026-05-28T14:31:45.814728Z	info	ads	Push debounce stable[27] 1 for config ConfigMap/echo-tr/kube-root-ca.crt: 100.166334ms since last change, 100.166292ms since last push, full=false
2026-05-28T14:31:45.814782Z	info	ads	XDS: Incremental Pushing ConnectedEndpoints:0 Version:2026-05-28T14:31:34Z/24
2026-05-28T14:31:46.794678Z	info	sync complete	name=istiod analyzer attempt=1 time=28.5µs
2026-05-28T14:31:48.704655Z	info	sync complete	name=istiod analyzer attempt=1 time=24.083µs
2026-05-28T14:32:19.576230Z	info	sync complete	name=istiod analyzer attempt=1 time=27.167µs
2026-05-28T14:32:40.104222Z	info	sync complete	name=istiod analyzer attempt=1 time=34.292µs
2026-05-28T14:33:08.900985Z	info	model	Cache Update, new service xcp-multicluster/echo.tetrate.io
2026-05-28T14:33:09.008051Z	info	ads	Push debounce stable[28] 4 for config ServiceEntry/xcp-multicluster/echo.echo-tr.svc.cluster.local and 2 more configs: 100.094292ms since last change, 107.013916ms since last push, full=true
2026-05-28T14:33:09.008235Z	info	ads	XDS: Pushing Services:10 ConnectedEndpoints:0 Version:2026-05-28T14:33:09Z/25
2026-05-28T14:33:09.908176Z	info	sync complete	name=istiod analyzer attempt=1 time=35.875µs
2026-05-28T14:33:20.718490Z	info	sync complete	name=istiod analyzer attempt=1 time=33.541µs
2026-05-28T14:33:30.923494Z	info	sync complete	name=istiod analyzer attempt=1 time=32.584µs
2026-05-28T14:35:53.771290Z	info	sync complete	name=istiod analyzer attempt=1 time=28.084µs
2026-05-28T14:36:04.065917Z	info	sync complete	name=istiod analyzer attempt=1 time=27.209µs
2026-05-28T14:37:05.273008Z	info	sync complete	name=istiod analyzer attempt=1 time=31.25µs
2026-05-28T14:37:15.428048Z	info	sync complete	name=istiod analyzer attempt=1 time=28.75µs
2026-05-28T14:37:25.591225Z	info	sync complete	name=istiod analyzer attempt=1 time=40.542µs
2026-05-28T14:37:35.749398Z	info	sync complete	name=istiod analyzer attempt=1 time=27.458µs
2026-05-28T14:37:45.986139Z	info	sync complete	name=istiod analyzer attempt=1 time=24.209µs
2026-05-28T14:37:56.276276Z	info	sync complete	name=istiod analyzer attempt=1 time=25.209µs
2026-05-28T14:38:16.519283Z	info	sync complete	name=istiod analyzer attempt=1 time=24.792µs
2026-05-28T14:38:46.916483Z	info	sync complete	name=istiod analyzer attempt=1 time=38.292µs
2026-05-28T14:38:57.169019Z	info	sync complete	name=istiod analyzer attempt=1 time=25.875µs
2026-05-28T14:39:27.630174Z	info	sync complete	name=istiod analyzer attempt=1 time=27.5µs
2026-05-28T14:39:37.942599Z	info	sync complete	name=istiod analyzer attempt=1 time=28.833µs
2026-05-28T14:39:48.275920Z	info	ads	Push debounce stable[29] 1 for config ServiceEntry/xcp-multicluster/echo.tetrate.io: 100.56725ms since last change, 100.567208ms since last push, full=true
2026-05-28T14:39:48.276766Z	info	ads	XDS: Pushing Services:9 ConnectedEndpoints:0 Version:2026-05-28T14:39:48Z/26
2026-05-28T14:39:49.176994Z	info	sync complete	name=istiod analyzer attempt=1 time=73.25µs
2026-05-28T14:39:58.236194Z	info	sync complete	name=istiod analyzer attempt=1 time=26.708µs
2026-05-28T14:40:38.629632Z	info	sync complete	name=istiod analyzer attempt=1 time=25.958µs
2026-05-28T14:40:58.990687Z	info	sync complete	name=istiod analyzer attempt=1 time=28.875µs
2026-05-28T14:41:19.619755Z	info	sync complete	name=istiod analyzer attempt=1 time=27.75µs
2026-05-28T14:41:29.971052Z	info	sync complete	name=istiod analyzer attempt=1 time=34.542µs
2026-05-28T14:41:50.217015Z	info	sync complete	name=istiod analyzer attempt=1 time=24.584µs
2026-05-28T14:42:00.416067Z	info	sync complete	name=istiod analyzer attempt=1 time=35.292µs
2026-05-28T14:42:51.518397Z	info	sync complete	name=istiod analyzer attempt=1 time=26.875µs
2026-05-28T14:43:01.576663Z	info	sync complete	name=istiod analyzer attempt=1 time=24.833µs
2026-05-28T14:43:11.697061Z	info	sync complete	name=istiod analyzer attempt=1 time=29.625µs
2026-05-28T14:43:21.730667Z	info	sync complete	name=istiod analyzer attempt=1 time=25.084µs
2026-05-28T14:44:02.923667Z	info	sync complete	name=istiod analyzer attempt=1 time=28.875µs
2026-05-28T14:44:13.300987Z	info	sync complete	name=istiod analyzer attempt=1 time=30.542µs
2026-05-28T14:44:47.611972Z	info	model	Cache Update, new service xcp-multicluster/echo-term.tetrate.io
2026-05-28T14:44:47.721025Z	info	ads	Push debounce stable[30] 3 for config DestinationRule/xcp-multicluster/global-gateway-echo-term-tetrate-io and 1 more configs: 101.95425ms since last change, 108.91375ms since last push, full=true
2026-05-28T14:44:47.721316Z	info	ads	XDS: Pushing Services:10 ConnectedEndpoints:0 Version:2026-05-28T14:44:47Z/27
2026-05-28T14:44:48.620193Z	info	sync complete	name=istiod analyzer attempt=1 time=36.125µs
2026-05-28T14:45:54.761332Z	info	sync complete	name=istiod analyzer attempt=1 time=29.75µs
2026-05-28T14:46:05.002416Z	info	sync complete	name=istiod analyzer attempt=1 time=25.25µs
2026-05-28T14:46:25.262723Z	info	sync complete	name=istiod analyzer attempt=1 time=39.792µs
2026-05-28T14:46:35.665773Z	info	sync complete	name=istiod analyzer attempt=1 time=30.375µs
2026-05-28T14:46:45.704696Z	info	sync complete	name=istiod analyzer attempt=1 time=38.208µs
2026-05-28T14:47:30.911868Z	info	model	Cache Update, new service xcp-multicluster/backend.backend-c1.svc.cluster.local
2026-05-28T14:47:31.020008Z	info	ads	Push debounce stable[31] 5 for config ServiceEntry/xcp-multicluster/echo-term.tetrate.io and 3 more configs: 100.951125ms since last change, 109.713458ms since last push, full=true
2026-05-28T14:47:31.020298Z	info	ads	XDS: Pushing Services:10 ConnectedEndpoints:0 Version:2026-05-28T14:47:31Z/28
2026-05-28T14:47:31.920530Z	info	sync complete	name=istiod analyzer attempt=1 time=25.125µs
2026-05-28T14:48:47.917450Z	info	sync complete	name=istiod analyzer attempt=1 time=38.333µs
2026-05-28T14:48:58.283161Z	info	sync complete	name=istiod analyzer attempt=1 time=29.791µs
2026-05-28T14:49:08.353213Z	info	sync complete	name=istiod analyzer attempt=1 time=30.584µs
2026-05-28T14:49:18.522619Z	info	sync complete	name=istiod analyzer attempt=1 time=32.541µs
2026-05-28T14:49:48.605774Z	info	ads	Push debounce stable[32] 2 for config ServiceEntry/xcp-multicluster/backend.backend-c1.svc.cluster.local and 1 more configs: 101.089208ms since last change, 102.618875ms since last push, full=true
2026-05-28T14:49:48.605928Z	info	ads	XDS: Pushing Services:9 ConnectedEndpoints:0 Version:2026-05-28T14:49:48Z/29
2026-05-28T14:49:49.505939Z	info	sync complete	name=istiod analyzer attempt=1 time=24.708µs
2026-05-28T14:50:11.128321Z	info	model	Incremental push, service echo.echo-tr.svc.cluster.local at shard Kubernetes/cluster-2 has no endpoints
2026-05-28T14:50:11.129547Z	info	Process sidecar injection request	path=/inject pod=echo-tr/echo-5fb5d66d6-***** (actual name not yet known)
2026-05-28T14:50:11.228700Z	info	ads	Push debounce stable[33] 3 for config ConfigMap/echo-tr/kube-root-ca.crt and 1 more configs: 100.343458ms since last change, 133.304459ms since last push, full=true
2026-05-28T14:50:11.228896Z	info	ads	XDS: Pushing Services:10 ConnectedEndpoints:0 Version:2026-05-28T14:50:11Z/30
2026-05-28T14:50:11.262153Z	info	Process sidecar injection request	path=/inject pod=echo-tr/echo-tr-gateway-67dd96d555-***** (actual name not yet known)
2026-05-28T14:50:11.266856Z	info	model	Incremental push, service echo-tr-gateway.echo-tr.svc.cluster.local at shard Kubernetes/cluster-2 has no endpoints
2026-05-28T14:50:11.266945Z	info	model	reloading network gateways
2026-05-28T14:50:11.266959Z	info	model	gateways changed, triggering push
2026-05-28T14:50:11.367558Z	info	ads	Push debounce stable[34] 5 for config ServiceEntry/echo-tr/echo-tr-gateway.echo-tr.svc.cluster.local: 100.572125ms since last change, 111.595583ms since last push, full=true
2026-05-28T14:50:11.368852Z	info	ads	XDS: Pushing Services:11 ConnectedEndpoints:0 Version:2026-05-28T14:50:11Z/31
2026-05-28T14:50:11.651169Z	info	model	Full push, new service echo-tr/echo.echo-tr.svc.cluster.local
2026-05-28T14:50:11.752539Z	info	ads	Push debounce stable[35] 1 for config ServiceEntry/echo-tr/echo.echo-tr.svc.cluster.local: 101.340125ms since last change, 101.340042ms since last push, full=true
2026-05-28T14:50:11.752661Z	info	ads	XDS: Pushing Services:11 ConnectedEndpoints:0 Version:2026-05-28T14:50:11Z/32
2026-05-28T14:50:12.199770Z	info	delta	ADS: new delta connection for node:echo-tr-gateway-67dd96d555-vg7b7.echo-tr-124
2026-05-28T14:50:12.199893Z	info	delta	CDS: PUSH request for node:echo-tr-gateway-67dd96d555-vg7b7.echo-tr resources:1 removed:0 size:50B
2026-05-28T14:50:12.201792Z	info	delta	LDS: PUSH request for node:echo-tr-gateway-67dd96d555-vg7b7.echo-tr resources:0 removed:0 size:0B
2026-05-28T14:50:12.648708Z	info	sync complete	name=istiod analyzer attempt=1 time=24.333µs
2026-05-28T14:50:12.670488Z	info	delta	CDS: PUSH for node:echo-tr-gateway-67dd96d555-vg7b7.echo-tr resources:1 removed:0 size:50B
2026-05-28T14:50:12.670563Z	info	delta	LDS: PUSH for node:echo-tr-gateway-67dd96d555-vg7b7.echo-tr resources:0 removed:0 size:0B
2026-05-28T14:50:12.678050Z	info	model	Full push, new service echo-tr/echo-tr-gateway.echo-tr.svc.cluster.local
2026-05-28T14:50:12.799871Z	info	ads	Push debounce stable[36] 8 for config EnvoyFilter/echo-tr/default-upstream-traffic-setting and 7 more configs: 100.132625ms since last change, 121.784958ms since last push, full=true
2026-05-28T14:50:12.800667Z	info	ads	XDS: Pushing Services:11 ConnectedEndpoints:1 Version:2026-05-28T14:50:12Z/33
2026-05-28T14:50:12.800894Z	info	delta	CDS: PUSH for node:echo-tr-gateway-67dd96d555-vg7b7.echo-tr resources:2 removed:0 size:1.1kB cached:0/1
2026-05-28T14:50:12.801332Z	info	delta	LDS: PUSH for node:echo-tr-gateway-67dd96d555-vg7b7.echo-tr resources:2 removed:0 size:11.4kB
2026-05-28T14:50:12.808974Z	info	delta	EDS: PUSH request for node:echo-tr-gateway-67dd96d555-vg7b7.echo-tr resources:1 removed:0 size:45B empty:1 cached:0/1 filtered:0
2026-05-28T14:50:12.809136Z	info	delta	RDS: PUSH request for node:echo-tr-gateway-67dd96d555-vg7b7.echo-tr resources:2 removed:0 size:1.5kB cached:0/0 filtered:0
2026-05-28T14:50:12.871921Z	info	ads	Push Status: {
    "pilot_eds_no_instances": {
        "outbound|80||echo.echo-tr.svc.cluster.local": {}
    }
}
2026-05-28T14:50:12.983216Z	info	delta	ADS: new delta connection for node:echo-5fb5d66d6-d4f5s.echo-tr-125
2026-05-28T14:50:12.983585Z	info	delta	CDS: PUSH request for node:echo-5fb5d66d6-d4f5s.echo-tr resources:22 removed:0 size:23.0kB cached:0/18
2026-05-28T14:50:12.990445Z	info	delta	EDS: PUSH request for node:echo-5fb5d66d6-d4f5s.echo-tr resources:18 removed:0 size:3.7kB empty:1 cached:0/18 filtered:0
2026-05-28T14:50:12.996610Z	info	delta	LDS: PUSH request for node:echo-5fb5d66d6-d4f5s.echo-tr resources:20 removed:0 size:83.7kB
2026-05-28T14:50:12.996705Z	info	delta	NDS: PUSH request for node:echo-5fb5d66d6-d4f5s.echo-tr resources:1 removed:0 size:1.2kB
2026-05-28T14:50:13.009847Z	info	delta	RDS: PUSH request for node:echo-5fb5d66d6-d4f5s.echo-tr resources:10 removed:0 size:8.0kB cached:0/10 filtered:0
2026-05-28T14:50:13.715942Z	info	model	Cache Update, new service xcp-multicluster/echo.echo-tr.svc.cluster.local
2026-05-28T14:50:13.820859Z	info	ads	Push debounce stable[37] 3 for config ServiceEntry/xcp-multicluster/echo.echo-tr.svc.cluster.local and 1 more configs: 100.855583ms since last change, 104.883209ms since last push, full=true
2026-05-28T14:50:13.821042Z	info	ads	XDS: Pushing Services:12 ConnectedEndpoints:2 Version:2026-05-28T14:50:13Z/34
2026-05-28T14:50:13.821200Z	info	delta	CDS: PUSH for node:echo-tr-gateway-67dd96d555-vg7b7.echo-tr resources:2 removed:0 size:1.1kB cached:1/1
2026-05-28T14:50:13.821221Z	info	delta	EDS: PUSH for node:echo-tr-gateway-67dd96d555-vg7b7.echo-tr resources:1 removed:0 size:45B empty:0 cached:1/1
2026-05-28T14:50:13.821837Z	info	delta	LDS: PUSH for node:echo-tr-gateway-67dd96d555-vg7b7.echo-tr resources:2 removed:0 size:11.4kB
2026-05-28T14:50:13.821992Z	info	delta	RDS: PUSH for node:echo-tr-gateway-67dd96d555-vg7b7.echo-tr resources:2 removed:0 size:1.5kB cached:0/0
2026-05-28T14:50:15.659369Z	info	delta	CDS: PUSH for node:echo-5fb5d66d6-d4f5s.echo-tr resources:22 removed:0 size:23.0kB cached:0/18
2026-05-28T14:50:15.659569Z	info	delta	EDS: PUSH for node:echo-5fb5d66d6-d4f5s.echo-tr resources:18 removed:0 size:3.7kB empty:1 cached:0/18
2026-05-28T14:50:15.660267Z	info	delta	LDS: PUSH for node:echo-5fb5d66d6-d4f5s.echo-tr resources:20 removed:0 size:83.7kB
2026-05-28T14:50:15.660590Z	info	delta	RDS: PUSH for node:echo-5fb5d66d6-d4f5s.echo-tr resources:10 removed:0 size:8.0kB cached:0/10
2026-05-28T14:50:15.660618Z	info	delta	NDS: PUSH for node:echo-5fb5d66d6-d4f5s.echo-tr resources:1 removed:0 size:1.2kB
2026-05-28T14:50:15.763005Z	info	ads	Push debounce stable[38] 1 for config ServiceEntry/echo-tr/echo.echo-tr.svc.cluster.local: 101.628833ms since last change, 101.628791ms since last push, full=false
2026-05-28T14:50:15.763051Z	info	ads	XDS: Incremental Pushing ConnectedEndpoints:2 Version:2026-05-28T14:50:13Z/34
2026-05-28T14:50:16.665886Z	info	sync complete	name=istiod analyzer attempt=1 time=27.167µs
2026-05-28T14:50:16.782546Z	info	ads	Push debounce stable[39] 4 for config Gateway/echo-tr/transit-backend-gw and 3 more configs: 100.854666ms since last change, 105.3665ms since last push, full=true
2026-05-28T14:50:16.783584Z	info	ads	XDS: Pushing Services:12 ConnectedEndpoints:2 Version:2026-05-28T14:50:16Z/35
2026-05-28T14:50:16.783954Z	info	delta	CDS: PUSH for node:echo-5fb5d66d6-d4f5s.echo-tr resources:22 removed:0 size:23.0kB cached:0/18
2026-05-28T14:50:16.783994Z	info	delta	EDS: PUSH for node:echo-5fb5d66d6-d4f5s.echo-tr resources:18 removed:0 size:3.9kB empty:0 cached:18/18
2026-05-28T14:50:16.784838Z	info	delta	LDS: PUSH for node:echo-5fb5d66d6-d4f5s.echo-tr resources:20 removed:0 size:83.7kB
2026-05-28T14:50:16.785235Z	info	delta	RDS: PUSH for node:echo-5fb5d66d6-d4f5s.echo-tr resources:10 removed:0 size:8.0kB cached:0/10
2026-05-28T14:50:16.785341Z	info	delta	CDS: PUSH for node:echo-tr-gateway-67dd96d555-vg7b7.echo-tr resources:2 removed:0 size:1.1kB cached:0/1
2026-05-28T14:50:16.785357Z	info	delta	EDS: PUSH for node:echo-tr-gateway-67dd96d555-vg7b7.echo-tr resources:1 removed:0 size:228B empty:0 cached:1/1
2026-05-28T14:50:16.785707Z	info	delta	LDS: PUSH for node:echo-tr-gateway-67dd96d555-vg7b7.echo-tr resources:2 removed:0 size:11.4kB
2026-05-28T14:50:16.785776Z	info	delta	RDS: PUSH for node:echo-tr-gateway-67dd96d555-vg7b7.echo-tr resources:2 removed:0 size:1.5kB cached:0/0
2026-05-28T14:50:17.682727Z	info	sync complete	name=istiod analyzer attempt=1 time=27.291µs
2026-05-28T14:50:39.646960Z	info	sync complete	name=istiod analyzer attempt=1 time=29.084µs
