2026-05-20T18:17:34.279916Z	info	FLAG: --caCertFile=""
2026-05-20T18:17:34.279993Z	info	FLAG: --clusterAliases="[]"
2026-05-20T18:17:34.279996Z	info	FLAG: --clusterID="cluster-0"
2026-05-20T18:17:34.279998Z	info	FLAG: --clusterRegistriesNamespace="istio-system"
2026-05-20T18:17:34.280005Z	info	FLAG: --cniNamespace="istio-system"
2026-05-20T18:17:34.280007Z	info	FLAG: --configDir=""
2026-05-20T18:17:34.280009Z	info	FLAG: --ctrlz_address="localhost"
2026-05-20T18:17:34.280012Z	info	FLAG: --ctrlz_port="9876"
2026-05-20T18:17:34.280017Z	info	FLAG: --domain="cluster.local"
2026-05-20T18:17:34.280019Z	info	FLAG: --grpcAddr=":15010"
2026-05-20T18:17:34.280022Z	info	FLAG: --help="false"
2026-05-20T18:17:34.280023Z	info	FLAG: --httpAddr=":8080"
2026-05-20T18:17:34.280025Z	info	FLAG: --httpsAddr=":15017"
2026-05-20T18:17:34.280032Z	info	FLAG: --keepaliveInterval="30s"
2026-05-20T18:17:34.280079Z	info	FLAG: --keepaliveMaxServerConnectionAge="30m0s"
2026-05-20T18:17:34.280088Z	info	FLAG: --keepaliveTimeout="10s"
2026-05-20T18:17:34.280091Z	info	FLAG: --kubeconfig=""
2026-05-20T18:17:34.280100Z	info	FLAG: --kubernetesApiBurst="160"
2026-05-20T18:17:34.280132Z	info	FLAG: --kubernetesApiQPS="80"
2026-05-20T18:17:34.280142Z	info	FLAG: --log_as_json="false"
2026-05-20T18:17:34.280144Z	info	FLAG: --log_caller=""
2026-05-20T18:17:34.280145Z	info	FLAG: --log_output_level="default:info"
2026-05-20T18:17:34.280149Z	info	FLAG: --log_stacktrace_level="default:none"
2026-05-20T18:17:34.280153Z	info	FLAG: --log_target="[stdout]"
2026-05-20T18:17:34.280154Z	info	FLAG: --meshConfig="./etc/istio/config/mesh"
2026-05-20T18:17:34.280155Z	info	FLAG: --monitoringAddr=":15014"
2026-05-20T18:17:34.280157Z	info	FLAG: --namespace="istio-system"
2026-05-20T18:17:34.280158Z	info	FLAG: --networksConfig="./etc/istio/config/meshNetworks"
2026-05-20T18:17:34.280159Z	info	FLAG: --profile="true"
2026-05-20T18:17:34.280162Z	info	FLAG: --registries="[Kubernetes]"
2026-05-20T18:17:34.280163Z	info	FLAG: --secureGRPCAddr=":15012"
2026-05-20T18:17:34.280165Z	info	FLAG: --shutdownDuration="10s"
2026-05-20T18:17:34.280205Z	info	FLAG: --tls-cipher-suites="[]"
2026-05-20T18:17:34.280206Z	info	FLAG: --tlsCertFile=""
2026-05-20T18:17:34.280206Z	info	FLAG: --tlsKeyFile=""
2026-05-20T18:17:34.280210Z	info	FLAG: --vklog="0"
2026-05-20T18:17:34.294485Z	info	initializing Istiod admin server
2026-05-20T18:17:34.300476Z	info	initializing mesh configuration ./etc/istio/config/mesh
2026-05-20T18:17:34.300610Z	info	sync complete	name=MeshConfig attempt=1 time=541ns
2026-05-20T18:17:34.300641Z	info	sync complete	name=MeshConfig attempt=1 time=125ns
2026-05-20T18:17:34.300674Z	info	starting HTTP service at [::]:8080
2026-05-20T18:17:34.300961Z	info	sync complete	name=ConfigMap_istio-stable_mesh attempt=1 time=209ns
2026-05-20T18:17:34.301403Z	info	sync complete	name=ConfigMap_istio-stable_mesh attempt=1 time=625ns
2026-05-20T18:17:34.316066Z	info	sync complete	name=ConfigMap_istio-stable attempt=4 time=15.36275ms
2026-05-20T18:17:34.316251Z	info	krt	ConfigMap_istio-stable synced	owner=ConfigMap_istio-stable
2026-05-20T18:17:34.320039Z	info	sync complete	name=ConfigMap_istio-stable handler attempt=2 time=3.668542ms
2026-05-20T18:17:34.320113Z	info	krt	ConfigMap_istio-stable_mesh synced (uid 4)	owner=ConfigMap_istio-stable_mesh
2026-05-20T18:17:34.322225Z	info	krt	MeshConfig synced (uid 6)	owner=MeshConfig
2026-05-20T18:17:34.323190Z	info	mesh configuration: accessLogFile: /dev/stdout
accessLogFormat: |
  [%START_TIME%] "%REQ(:METHOD)% %REQ(X-ENVOY-ORIGINAL-PATH?:PATH)% %PROTOCOL%" %RESPONSE_CODE% %RESPONSE_FLAGS% %RESPONSE_CODE_DETAILS% %CONNECTION_TERMINATION_DETAILS% "%UPSTREAM_TRANSPORT_FAILURE_REASON%" %BYTES_RECEIVED% %BYTES_SENT% %DURATION% %RESP(X-ENVOY-UPSTREAM-SERVICE-TIME)% "%REQ(X-FORWARDED-FOR)%" "%REQ(USER-AGENT)%" "%REQ(X-REQUEST-ID)%" "%REQ(:AUTHORITY)%" "%UPSTREAM_HOST%" %UPSTREAM_CLUSTER% %UPSTREAM_LOCAL_ADDRESS% %DOWNSTREAM_LOCAL_ADDRESS% %DOWNSTREAM_REMOTE_ADDRESS% %REQUESTED_SERVER_NAME% %ROUTE_NAME%
connectTimeout: 10s
defaultConfig:
  binaryPath: /usr/local/bin/envoy
  configPath: ./etc/istio/proxy
  controlPlaneAuthPolicy: MUTUAL_TLS
  discoveryAddress: istiod-stable.istio-system.svc:15012
  drainDuration: 45s
  holdApplicationUntilProxyStarts: true
  proxyAdminPort: 15000
  proxyMetadata:
    EXIT_ON_ZERO_ACTIVE_CONNECTIONS: "true"
    ISTIO_META_DNS_CAPTURE: "true"
  serviceCluster: istio-proxy
  statNameLength: 189
  statusPort: 15020
  terminationDrainDuration: 5s
  tracing:
    customTags:
      cluster:
        literal:
          value: cluster-0
defaultDestinationRuleExportTo:
- '*'
defaultProviders:
  metrics:
  - prometheus
defaultServiceExportTo:
- '*'
defaultVirtualServiceExportTo:
- '*'
discoverySelectors:
- matchLabels:
    istio.io/rev: stable
- matchLabels:
    tetrate.io/rev: stable
- matchExpressions:
  - key: istio.io/rev
    operator: DoesNotExist
dnsRefreshRate: 60s
enableAutoMtls: true
enableEnvoyAccessLogService: true
enablePrometheusMerge: true
enableTracing: true
extensionProviders:
- name: prometheus
  prometheus: {}
- name: stackdriver
  stackdriver: {}
- envoyFileAccessLog:
    path: /dev/stdout
  name: envoy
inboundTrafficPolicy: {}
ingressClass: istio
ingressControllerMode: STRICT
ingressService: istio-ingressgateway
localityLbSetting:
  enabled: true
outboundTrafficPolicy:
  mode: ALLOW_ANY
protocolDetectionTimeout: 0s
proxyInboundListenPort: 15006
proxyListenPort: 15001
rootNamespace: istio-system
trustDomain: cluster.local
trustDomainAliases:
- cluster.local

2026-05-20T18:17:34.323231Z	info	version: 1.28.3-3b82a7d635-3b82a7d6352fc165489aa5c5be1077c6b705b4c9-Clean
2026-05-20T18:17:34.323741Z	info	flags: CniNamespace: istio-system
CtrlZOptions:
  Address: localhost
  EnablePprof: false
  Port: 9876
DiscoveryRevisions:
  global: {}
  stable: {}
InjectionOptions:
  InjectionDirectory: ./var/lib/istio/inject
JwtRule: ""
KeepaliveOptions:
  MaxServerConnectionAge: 1800000000000
  MaxServerConnectionAgeGrace: 10000000000
  Time: 30000000000
  Timeout: 10000000000
MeshConfigFile: ./etc/istio/config/mesh
Namespace: istio-system
NetworksConfigFile: ./etc/istio/config/meshNetworks
PodName: istiod-stable-65bd95ccc-pqdvh
RegistryOptions:
  ClusterRegistriesNamespace: istio-system
  FileDir: ""
  KubeConfig: ""
  KubeOptions:
    ClusterAliases: {}
    ClusterID: cluster-0
    CniNamespace: ""
    ConfigCluster: false
    DiscoveryRevisions:
      global: {}
      stable: {}
    DomainSuffix: cluster.local
    KrtDebugger: null
    KubernetesAPIBurst: 160
    KubernetesAPIQPS: 80
    MeshNetworksWatcher: null
    MeshServiceController: null
    MeshWatcher: null
    Metrics: null
    Revision: stable
    StatusWritingEnabled: null
    SyncTimeout: 0
    SystemNamespace: ""
    XDSUpdater: null
  Registries:
  - Kubernetes
Revision: stable
ServerOptions:
  EnableProfiling: true
  GRPCAddr: :15010
  HTTPAddr: :8080
  HTTPSAddr: :15017
  MonitoringAddr: :15014
  SecureGRPCAddr: :15012
  TLSOptions:
    CaCertFile: ""
    CertFile: ""
    CipherSuites: null
    KeyFile: ""
    TLSCipherSuites: null
ShutdownDuration: 10000000000

2026-05-20T18:17:34.330344Z	info	sync complete	name=discovery filter attempt=3 time=6.463959ms
2026-05-20T18:17:34.330472Z	info	initializing mesh networks configuration ./etc/istio/config/meshNetworks
2026-05-20T18:17:34.330661Z	info	sync complete	name=MeshNetworks attempt=1 time=375ns
2026-05-20T18:17:34.330734Z	info	sync complete	name=MeshNetworks attempt=1 time=125ns
2026-05-20T18:17:34.330779Z	info	sync complete	name=ConfigMap_istio-stable attempt=1 time=1.917µs
2026-05-20T18:17:34.330792Z	info	krt	ConfigMap_istio-stable synced	owner=ConfigMap_istio-stable
2026-05-20T18:17:34.330808Z	info	sync complete	name=ConfigMap_istio-stable_meshNetworks attempt=1 time=125ns
2026-05-20T18:17:34.330828Z	info	sync complete	name=ConfigMap_istio-stable_meshNetworks attempt=1 time=166ns
2026-05-20T18:17:34.334291Z	info	sync complete	name=ConfigMap_istio-stable handler attempt=2 time=3.403959ms
2026-05-20T18:17:34.334425Z	info	krt	ConfigMap_istio-stable_meshNetworks synced (uid 9)	owner=ConfigMap_istio-stable_meshNetworks
2026-05-20T18:17:34.334793Z	info	krt	MeshNetworks synced (uid 11)	owner=MeshNetworks
2026-05-20T18:17:34.334887Z	info	mesh networks configuration: {}

2026-05-20T18:17:34.334927Z	info	initializing mesh handlers
2026-05-20T18:17:34.335050Z	info	model	reloading network gateways
2026-05-20T18:17:34.335059Z	info	creating CA and initializing public key
2026-05-20T18:17:34.335079Z	info	Using istiod file format for signing ca files
2026-05-20T18:17:34.335103Z	info	Use local CA certificate
2026-05-20T18:17:34.336223Z	info	Added cacerts files watcher at ./etc/cacerts
2026-05-20T18:17:34.336301Z	info	initializing controllers
2026-05-20T18:17:34.337716Z	info	sync complete	name=gateway/informer/Namespaces attempt=1 time=1.208µs
2026-05-20T18:17:34.337796Z	info	krt	gateway/informer/Namespaces synced	owner=gateway/informer/Namespaces
2026-05-20T18:17:34.337999Z	info	krt	gateway/ListenerSets synced (uid 99)	owner=gateway/ListenerSets
2026-05-20T18:17:34.338059Z	info	krt	gateway/InferenceExtension synced (uid 104)	owner=gateway/InferenceExtension
2026-05-20T18:17:34.338098Z	info	krt	gateway/TCPRoute/count synced (uid 106)	owner=gateway/TCPRoute/count
2026-05-20T18:17:34.338144Z	info	krt	gateway/TCPAncestors synced (uid 107)	owner=gateway/TCPAncestors
2026-05-20T18:17:34.338170Z	info	krt	gateway/TCPRoute synced (uid 109)	owner=gateway/TCPRoute
2026-05-20T18:17:34.338204Z	info	krt	gateway/TLSRoute/count synced (uid 110)	owner=gateway/TLSRoute/count
2026-05-20T18:17:34.338227Z	info	krt	gateway/TLSAncestors synced (uid 111)	owner=gateway/TLSAncestors
2026-05-20T18:17:34.338263Z	info	krt	gateway/TLSRoute synced (uid 113)	owner=gateway/TLSRoute
2026-05-20T18:17:34.338581Z	info	krt	gateway/BackendTrafficPolicy synced (uid 133)	owner=gateway/BackendTrafficPolicy
2026-05-20T18:17:34.341918Z	info	Adding Kubernetes registry adapter
2026-05-20T18:17:34.342152Z	info	Discover server subject alt names: [istio-pilot.istio-system.svc istiod-remote.istio-system.svc istiod-stable.istio-system.svc istiod.istio-system.svc]
2026-05-20T18:17:34.342193Z	info	initializing Istiod DNS certificates host: istiod-stable.istio-system.svc, custom host: 
2026-05-20T18:17:34.355810Z	info	Generating istiod-signed cert for [istio-pilot.istio-system.svc istiod-remote.istio-system.svc istiod-stable.istio-system.svc istiod.istio-system.svc]:
 -----BEGIN CERTIFICATE-----
MIIDsDCCApigAwIBAgIQMT1rDIyooHBT077bDIttKDANBgkqhkiG9w0BAQsFADA+
MRIwEAYDVQQHEwljbHVzdGVyLTAxDjAMBgNVBAoTBUlzdGlvMRgwFgYDVQQDEw9J
bnRlcm1lZGlhdGUgQ0EwHhcNMjYwNTIwMTgxNTM0WhcNMzYwNTE3MTgxNzM0WjAA
MIIBIjANBgkqhkiG9w0BAQEFAAOCAQ8AMIIBCgKCAQEAovs0b/33hiNmo6apDh80
tJhp7L4wDEvrYaJk63rFhvG3d8aIpik+ZQXRf8n4se9TOc+HiXuLNkOtDj9HwL0Q
U2BjvGUGhLn/ReBtmsqUMhpwEjWacSftDUUlpTnEzdkuY2ZA3e3CjjUmrcfg9HWR
YhnwaJI+GvUifw6+v3avAfmnCjl/ElJo21X5P1W20ie4if2/m8qRZo1xySBXzCrI
LbsqOlvVY2FAff5tozXGveNTgRCVtptIKKxI58nPmJTSgtcy+OogHQ+38WQdjDKK
uZc7VvVvdDW2vvtXVGeNj1atLNJueGv8QgswxVYarXEvcB0yf7ofSQI4GRG8kTKP
3wIDAQABo4HnMIHkMA4GA1UdDwEB/wQEAwIFoDAdBgNVHSUEFjAUBggrBgEFBQcD
AQYIKwYBBQUHAwIwDAYDVR0TAQH/BAIwADAfBgNVHSMEGDAWgBQG9GYjfpue1VCL
N7bE5QtUKzD55TCBgwYDVR0RAQH/BHkwd4IcaXN0aW8tcGlsb3QuaXN0aW8tc3lz
dGVtLnN2Y4IeaXN0aW9kLXJlbW90ZS5pc3Rpby1zeXN0ZW0uc3Zjgh5pc3Rpb2Qt
c3RhYmxlLmlzdGlvLXN5c3RlbS5zdmOCF2lzdGlvZC5pc3Rpby1zeXN0ZW0uc3Zj
MA0GCSqGSIb3DQEBCwUAA4IBAQCTlG6SCQxsJdjL9tE4DQOb68hv9Td32f9M8YEf
tTzGIZeb0cWJ/XRhl9UYGkDZzj6MQnLd28qnSeES1HKPFhqkGmawe61tbQOciqdO
cKMlQpaaDyPSWqoagV/096xGYYpJpkfvhlivOTwr2VlxeiSPEGGtOqdTUCnwiNh8
cKNqNVQ3LrspJgO8Hrhe6uW3bP5OrGO6ypgcir3Ph8u8Y4KK/j8n90ViJ7vzCU1r
/3DhvbbA18yHwtnwwiDXJHLMIJwGYuFvxrqRbfhze/m81C48KhZUEgoofeJcwUvF
n4HnSM3EOTTOUYdZLHJl5PyKG/LsrIEljauXGlyUDAqwraYe
-----END CERTIFICATE-----
-----BEGIN CERTIFICATE-----
MIIDUjCCAjqgAwIBAgIRAKju5suFd1LddhaxSIWLWg4wDQYJKoZIhvcNAQELBQAw
ADAeFw0yNjA1MjAxODE2MjZaFw0yNzA1MjAxODE2MjZaMD4xEjAQBgNVBAcTCWNs
dXN0ZXItMDEOMAwGA1UEChMFSXN0aW8xGDAWBgNVBAMTD0ludGVybWVkaWF0ZSBD
QTCCASIwDQYJKoZIhvcNAQEBBQADggEPADCCAQoCggEBAMAyq80Xvtq5G/44xAvz
0g9SUI1nPhZ/ituGVPgIy6l/CgUeOHV9nGjfJN3FJ6Jckuys6J33h+2/oVAdQBV9
j4jT9ruu5rtd4EeV431ccWvggEvDpe8X9c8uz87pRiVM3ejAdlud3HGs9U6DY1g8
9H/4WF7Hwr3VpwnW/ID1C+MVTN9YZLQzKA4rP2yESLRHRWF+g6GHM8Llz9gflZhD
PukCGpAw8mcscg1kH6WeMl28xqIRLxKBUQ+eUKwAC6oAKFEmNbKp1ER3dpv9DOAn
cZFgiYAk//m0qSEAIk30AQe93rqTXFwID4Uaw7Aqh5chxbBZKXMKfUbpHMJoFv1K
sKkCAwEAAaOBiDCBhTAOBgNVHQ8BAf8EBAMCAuQwDwYDVR0TAQH/BAUwAwEB/zAd
BgNVHQ4EFgQUBvRmI36bntVQize2xOULVCsw+eUwHwYDVR0jBBgwFoAURWAQ5WA5
mttPe4Ln8jaoeAWAH6YwIgYDVR0RBBswGYIXaXN0aW9kLmlzdGlvLXN5c3RlbS5z
dmMwDQYJKoZIhvcNAQELBQADggEBAE02m90h3O85nPII9xw5j6EL7NJo/nPVnz7E
hiZZsWYPU4d9UHBbqrKID3uSHtuQ5CV9v6GpopXjT3mgY7DLE8Q7K1+BxgYAhl4k
/INiSEK67VM/XwHh5Wz/XMfDRH+HOb+ov+6ltghDiTlfJUMgj8T7Qtdo8TYskJUM
moNES/k6zktItHauQR8zBrAepxjM69fljAeU28W8mHohVHhKGkyFhxWTdOsFyGoa
jz03Est5pvrWEn9qrOpVmKWacTceV8n0Hjd9KA5lA07TuIO59OkMED65LcGdY1BL
5YMZVk6B6ZSrntOfEqKWztom2h6ZvxsysaJiC9ZQMtE0HXQNB/s=
-----END CERTIFICATE-----

-----BEGIN CERTIFICATE-----
MIIDEjCCAfqgAwIBAgIQbgvP8M2vqN5M2UBBS9FcezANBgkqhkiG9w0BAQsFADAA
MB4XDTI2MDUyMDE4MTAyN1oXDTI3MDUyMDE4MTAyN1owADCCASIwDQYJKoZIhvcN
AQEBBQADggEPADCCAQoCggEBAMx8kCtoFSNzKNyDDJMdlVzHdZserXrrTqm6jWVt
cyIzX2LoDnu659MIwUlTPA3CUzCiu/GsUSB7dRfCLapMWOVHpHXEfPH8R3eIYcb4
s8iZFnr+J+zTPCPCrnIcUE07uYVOjaoD2treBBPfUes/ZR54d+lDUyHFYA0lMZ2J
54ykiAdcluLhMbbIZguMCQWWyxyJ07jNzGFd0whs01FrVb39uHz4u2YkEAXbjGdn
3+Q8dtB3uYQRni/V17nWvlvX/A63UJDq/7y5k+qMN6O6DMHubMbM534AhCiTUxLq
2pgTNuBKkBKO4jB4xxe5zlzM4TAPvsb0OGEUVf96WvcqX8kCAwEAAaOBhzCBhDAO
BgNVHQ8BAf8EBAMCAgQwDwYDVR0lBAgwBgYEVR0lADAPBgNVHRMBAf8EBTADAQH/
MB0GA1UdDgQWBBRFYBDlYDma2097gufyNqh4BYAfpjAxBgNVHREBAf8EJzAlhiNz
cGlmZmU6Ly94Y3AudGV0cmF0ZS5pby9pc3Rpb1Jvb3RDQTANBgkqhkiG9w0BAQsF
AAOCAQEAMN2WZG1xWOR6XfHUCTb7WnhBk6YnnzLW/gLYK+pdu6KFT5F+0j7K+enm
MgGOpPPXA0yG4vAzGK8N/mdC1Q/td15Lum4yS1UniZcr2upcx4zFav+0Xo8mINYi
QhodTep7BV2AdjimnTI07XTgBiT2VRTM46gEEcyXSs14/cwRy04nj5TlwixnD+A8
RDc/MfBN/CSK/lxEPFv6JcXfNrIQGF6gOZwia67DJcXa/chEWIxrqqRu8MdDECQu
tUAx4qU9RVp3Xch4FytGMRxidaQ0P3qe4WzHjvFGCN3+NhGHxWKLFMwZdO9j7zcy
FOVuKdR9ZWJvG/3ZZXyyR/zeHC62Tg==
-----END CERTIFICATE-----

2026-05-20T18:17:34.355917Z	info	Using istiod file format for signing ca files
2026-05-20T18:17:34.355943Z	info	Use root cert from etc/cacerts/root-cert.pem
2026-05-20T18:17:34.356660Z	info	x509 cert - Issuer: "CN=Intermediate CA,O=Istio,L=cluster-0", Subject: "", SN: 313d6b0c8ca8a07053d3bedb0c8b6d28, NotBefore: "2026-05-20T18:15:34Z", NotAfter: "2036-05-17T18:17:34Z"
2026-05-20T18:17:34.356731Z	info	x509 cert - Issuer: "", Subject: "CN=Intermediate CA,O=Istio,L=cluster-0", SN: a8eee6cb857752dd7616b148858b5a0e, NotBefore: "2026-05-20T18:16:26Z", NotAfter: "2027-05-20T18:16:26Z"
2026-05-20T18:17:34.356754Z	info	x509 cert - Issuer: "", Subject: "", SN: 6e0bcff0cdafa8de4cd940414bd15c7b, NotBefore: "2026-05-20T18:10:27Z", NotAfter: "2027-05-20T18:10:27Z"
2026-05-20T18:17:34.356760Z	info	Istiod certificates are reloaded
2026-05-20T18:17:34.356795Z	info	spiffe	Added 1 certs to trust domain cluster.local in peer cert verifier
2026-05-20T18:17:34.356801Z	info	initializing secure discovery service
2026-05-20T18:17:34.356824Z	info	initializing secure webhook server for istiod webhooks
2026-05-20T18:17:34.365322Z	info	initializing sidecar injector
2026-05-20T18:17:34.383759Z	info	initializing config validator
2026-05-20T18:17:34.383798Z	info	initializing registry event handlers
2026-05-20T18:17:34.383852Z	info	starting discovery service
2026-05-20T18:17:34.383858Z	info	initializing CA server with IstioD CA
2026-05-20T18:17:34.385212Z	info	Starting Istiod Server with primary cluster cluster-0
2026-05-20T18:17:34.385373Z	info	kube	Initializing Kubernetes service registry "cluster-0"
2026-05-20T18:17:34.385635Z	info	status	Starting status manager
2026-05-20T18:17:34.385652Z	info	status	Starting status manager
2026-05-20T18:17:34.385705Z	info	Starting validation controller
2026-05-20T18:17:34.385723Z	info	Starting ADS server
2026-05-20T18:17:34.385731Z	info	starting CA server
2026-05-20T18:17:34.385806Z	info	Istiod CA has started
2026-05-20T18:17:34.385838Z	info	cluster "cluster-0" kube client started
2026-05-20T18:17:34.385867Z	info	ControlZ available at 127.0.0.1:9876
2026-05-20T18:17:34.385989Z	info	Starting multicluster remote secrets controller
2026-05-20T18:17:34.386087Z	info	klog	attempting to acquire leader lease istio-system/istio-ip-autoallocate...
2026-05-20T18:17:34.386312Z	info	klog	attempting to acquire leader lease istio-system/istio-gateway-status-leader-stable...
2026-05-20T18:17:34.386407Z	info	klog	attempting to acquire leader lease istio-system/istio-gateway-deployment-stable...
2026-05-20T18:17:34.386473Z	info	klog	attempting to acquire leader lease istio-system/istio-analyze-leader...
2026-05-20T18:17:34.386573Z	info	klog	attempting to acquire leader lease istio-system/istio-leader...
2026-05-20T18:17:34.386736Z	info	Starting ingress controller
2026-05-20T18:17:34.386830Z	info	controllers	starting	controller=healthcheck
2026-05-20T18:17:34.388349Z	info	kube	Starting Pilot K8S CRD controller	controller=crd-controller
2026-05-20T18:17:34.388364Z	info	kube	controller "gateway.networking.k8s.io/v1/GRPCRoute" is syncing...	controller=crd-controller
2026-05-20T18:17:34.388401Z	info	controllers	starting	controller=auto-register existing connections
2026-05-20T18:17:34.388408Z	info	controllers	starting	controller=unregister_workloadentry
2026-05-20T18:17:34.388489Z	info	controllers	starting	controller=inference pool shadow service reconciler
2026-05-20T18:17:34.391289Z	info	kube	controller "security.istio.io/v1/AuthorizationPolicy" is syncing...	controller=crd-controller
2026-05-20T18:17:34.393574Z	info	sync complete	name=validation attempt=3 time=6.746917ms
2026-05-20T18:17:34.393661Z	info	controllers	starting	controller=validation
2026-05-20T18:17:34.396340Z	info	kube	controller "networking.istio.io/v1/WorkloadGroup" is syncing...	controller=crd-controller
2026-05-20T18:17:34.397359Z	info	sync complete	name=ingress/informer/Nodes attempt=5 time=55.688417ms
2026-05-20T18:17:34.397430Z	info	krt	ingress/informer/Nodes synced	owner=ingress/informer/Nodes
2026-05-20T18:17:34.400191Z	info	sync complete	name=multicluster remote secrets attempt=4 time=14.182ms
2026-05-20T18:17:34.400298Z	info	multicluster remote secrets controller cache synced in 14.307625ms
2026-05-20T18:17:34.400311Z	info	controllers	starting	controller=multicluster secret
2026-05-20T18:17:34.401065Z	info	sync complete	name=ingress/informer/IngressClasses attempt=5 time=59.408333ms
2026-05-20T18:17:34.401093Z	info	krt	ingress/informer/IngressClasses synced	owner=ingress/informer/IngressClasses
2026-05-20T18:17:34.401100Z	info	sync complete	name=ingress/informer/Ingresses attempt=5 time=59.438584ms
2026-05-20T18:17:34.401109Z	info	krt	ingress/informer/Ingresses synced	owner=ingress/informer/Ingresses
2026-05-20T18:17:34.401131Z	info	sync complete	name=ingress/informer/Ingresses handler attempt=1 time=500ns
2026-05-20T18:17:34.401169Z	info	krt	ingress/SupportedIngresses synced (uid 153)	owner=ingress/SupportedIngresses
2026-05-20T18:17:34.401683Z	info	krt	ingress/DerivedVirtualServices synced (uid 158)	owner=ingress/DerivedVirtualServices
2026-05-20T18:17:34.401736Z	info	krt	ingress/IngressRuleCollection synced (uid 154)	owner=ingress/IngressRuleCollection
2026-05-20T18:17:34.401761Z	info	krt	ingress/DerivedVirtualServices synced (uid 157)	owner=ingress/DerivedVirtualServices
2026-05-20T18:17:34.401852Z	info	sync complete	name=ingress/informer/Pods attempt=5 time=60.178209ms
2026-05-20T18:17:34.401870Z	info	krt	ingress/informer/Pods synced	owner=ingress/informer/Pods
2026-05-20T18:17:34.403250Z	info	sync complete	name=configmap istio-sidecar-injector-stable attempt=4 time=16.432166ms
2026-05-20T18:17:34.403341Z	info	controllers	starting	controller=configmap istio-sidecar-injector-stable
2026-05-20T18:17:34.403392Z	info	sync complete	name=default revision attempt=4 time=15.04325ms
2026-05-20T18:17:34.403479Z	info	controllers	starting	controller=default revision
2026-05-20T18:17:34.403656Z	info	klog	successfully acquired lease istio-system/istio-ip-autoallocate
2026-05-20T18:17:34.420770Z	info	sync complete	name=default revision attempt=4 time=32.44675ms
2026-05-20T18:17:34.420836Z	info	controllers	starting	controller=default revision
2026-05-20T18:17:34.420855Z	info	sync complete	name=default revision attempt=4 time=32.526417ms
2026-05-20T18:17:34.420998Z	info	controllers	starting	controller=default revision
2026-05-20T18:17:34.421049Z	info	sync complete	name=default revision attempt=4 time=32.708292ms
2026-05-20T18:17:34.421077Z	info	controllers	starting	controller=default revision
2026-05-20T18:17:34.421098Z	info	leader election lock obtained: istio-ip-autoallocate
2026-05-20T18:17:34.421220Z	info	sync complete	name=crd watcher attempt=4 time=35.372084ms
2026-05-20T18:17:34.421232Z	info	controllers	starting	controller=crd watcher
2026-05-20T18:17:34.421348Z	info	authorizationpolicies.security.istio.io is now ready, building client
2026-05-20T18:17:34.421376Z	info	backendtlspolicies.gateway.networking.k8s.io is now ready, building client
2026-05-20T18:17:34.421384Z	info	backendtlspolicies.gateway.networking.k8s.io is now ready, building client
2026-05-20T18:17:34.421396Z	info	destinationrules.networking.istio.io is now ready, building client
2026-05-20T18:17:34.421403Z	info	envoyfilters.networking.istio.io is now ready, building client
2026-05-20T18:17:34.421411Z	info	gatewayclasses.gateway.networking.k8s.io is now ready, building client
2026-05-20T18:17:34.421418Z	info	gatewayclasses.gateway.networking.k8s.io is now ready, building client
2026-05-20T18:17:34.421425Z	info	gateways.gateway.networking.k8s.io is now ready, building client
2026-05-20T18:17:34.421430Z	info	gateways.gateway.networking.k8s.io is now ready, building client
2026-05-20T18:17:34.421433Z	info	gateways.gateway.networking.k8s.io is now ready, building client
2026-05-20T18:17:34.421440Z	info	gateways.networking.istio.io is now ready, building client
2026-05-20T18:17:34.421449Z	info	grpcroutes.gateway.networking.k8s.io is now ready, building client
2026-05-20T18:17:34.421452Z	info	grpcroutes.gateway.networking.k8s.io is now ready, building client
2026-05-20T18:17:34.421458Z	info	httproutes.gateway.networking.k8s.io is now ready, building client
2026-05-20T18:17:34.421461Z	info	httproutes.gateway.networking.k8s.io is now ready, building client
2026-05-20T18:17:34.421471Z	info	peerauthentications.security.istio.io is now ready, building client
2026-05-20T18:17:34.421483Z	info	proxyconfigs.networking.istio.io is now ready, building client
2026-05-20T18:17:34.421493Z	info	referencegrants.gateway.networking.k8s.io is now ready, building client
2026-05-20T18:17:34.421498Z	info	referencegrants.gateway.networking.k8s.io is now ready, building client
2026-05-20T18:17:34.421507Z	info	requestauthentications.security.istio.io is now ready, building client
2026-05-20T18:17:34.421692Z	info	serviceentries.networking.istio.io is now ready, building client
2026-05-20T18:17:34.421710Z	info	serviceentries.networking.istio.io is now ready, building client
2026-05-20T18:17:34.421722Z	info	sidecars.networking.istio.io is now ready, building client
2026-05-20T18:17:34.421743Z	info	telemetries.telemetry.istio.io is now ready, building client
2026-05-20T18:17:34.421751Z	info	virtualservices.networking.istio.io is now ready, building client
2026-05-20T18:17:34.421761Z	info	wasmplugins.extensions.istio.io is now ready, building client
2026-05-20T18:17:34.421768Z	info	workloadentries.networking.istio.io is now ready, building client
2026-05-20T18:17:34.421853Z	info	workloadgroups.networking.istio.io is now ready, building client
2026-05-20T18:17:34.422218Z	info	kube	controller "security.istio.io/v1/PeerAuthentication" is syncing...	controller=crd-controller
2026-05-20T18:17:34.422252Z	info	sync complete	name=tag watcher attempt=4 time=33.765292ms
2026-05-20T18:17:34.422278Z	info	controllers	starting	controller=tag
2026-05-20T18:17:34.422296Z	info	sync complete	name=default revision attempt=4 time=33.958542ms
2026-05-20T18:17:34.422337Z	info	controllers	starting	controller=default revision
2026-05-20T18:17:34.422379Z	info	sync complete	name=tag watcher attempt=4 time=33.997459ms
2026-05-20T18:17:34.422397Z	info	controllers	starting	controller=tag
2026-05-20T18:17:34.423077Z	info	sync complete	name=crdclient/informer/Ingress attempt=6 time=85.370333ms
2026-05-20T18:17:34.423108Z	info	krt	crdclient/informer/Ingress synced	owner=crdclient/informer/Ingress
2026-05-20T18:17:34.423116Z	info	sync complete	name=gateway/informer/Secrets attempt=6 time=85.311541ms
2026-05-20T18:17:34.423131Z	info	krt	gateway/informer/Secrets synced	owner=gateway/informer/Secrets
2026-05-20T18:17:34.423138Z	info	sync complete	name=gateway/informer/ConfigMaps attempt=6 time=85.320042ms
2026-05-20T18:17:34.423152Z	info	krt	gateway/informer/ConfigMaps synced	owner=gateway/informer/ConfigMaps
2026-05-20T18:17:34.423157Z	info	sync complete	name=gateway/informer/Services attempt=6 time=85.334333ms
2026-05-20T18:17:34.423167Z	info	krt	gateway/informer/Services synced	owner=gateway/informer/Services
2026-05-20T18:17:34.423192Z	info	sync complete	name=ingress tag watcher attempt=5 time=36.430958ms
2026-05-20T18:17:34.423223Z	info	sync complete	name=tag watcher attempt=5 time=36.98625ms
2026-05-20T18:17:34.423256Z	info	controllers	starting	controller=tag
2026-05-20T18:17:34.423268Z	info	sync complete	name=webhook patcher attempt=5 time=36.4595ms
2026-05-20T18:17:34.423281Z	info	controllers	starting	controller=webhook patcher
2026-05-20T18:17:34.426553Z	info	sync complete	name=crd watcher attempt=1 time=1.167µs
2026-05-20T18:17:34.429279Z	info	validationController	Not ready to switch validation to fail-closed: dummy invalid config not rejected
2026-05-20T18:17:34.429633Z	info	klog	successfully acquired lease istio-system/istio-leader
2026-05-20T18:17:34.429856Z	info	klog	successfully acquired lease istio-system/istio-analyze-leader
2026-05-20T18:17:34.439504Z	info	sync complete	name=gateway tag watcher attempt=5 time=51.125666ms
2026-05-20T18:17:34.439671Z	info	klog	successfully acquired lease istio-system/istio-gateway-status-leader-stable
2026-05-20T18:17:34.440293Z	info	leader election lock obtained: istio-leader
2026-05-20T18:17:34.440313Z	info	Starting ingress status writer
2026-05-20T18:17:34.440342Z	info	leader election lock obtained: istio-analyze-leader
2026-05-20T18:17:34.440726Z	error	kube	translation function for core/v1alpha1/MeshNetworks not found	controller=analysis-controller
2026-05-20T18:17:34.440763Z	error	kube	translation function for core/v1alpha1/MeshConfig not found	controller=analysis-controller
2026-05-20T18:17:34.440851Z	info	sync complete	name=crd watcher attempt=1 time=875ns
2026-05-20T18:17:34.440983Z	info	klog	successfully acquired lease istio-system/istio-gateway-deployment-stable
2026-05-20T18:17:34.441087Z	info	sync complete	name=ingress/informer/Services attempt=6 time=99.42175ms
2026-05-20T18:17:34.441100Z	info	krt	ingress/informer/Services synced	owner=ingress/informer/Services
2026-05-20T18:17:34.441127Z	info	sync complete	name=crd watcher attempt=5 time=55.286084ms
2026-05-20T18:17:34.441385Z	info	kube	controller "security.istio.io/v1/AuthorizationPolicy" is syncing...	controller=crd-controller
2026-05-20T18:17:34.441395Z	info	leader election lock obtained: istio-gateway-status-leader-stable
2026-05-20T18:17:34.441425Z	info	waiting for gateway status writer activation
2026-05-20T18:17:34.441433Z	info	Starting gateway status writer for revision: stable
2026-05-20T18:17:34.446479Z	info	sync complete	name=crdclient/informer/Namespace attempt=1 time=1.583µs
2026-05-20T18:17:34.446532Z	info	krt	crdclient/informer/Namespace synced	owner=crdclient/informer/Namespace
2026-05-20T18:17:34.446588Z	info	sync complete	name=crdclient/informer/ConfigMap attempt=1 time=375ns
2026-05-20T18:17:34.446599Z	info	krt	crdclient/informer/ConfigMap synced	owner=crdclient/informer/ConfigMap
2026-05-20T18:17:34.446631Z	info	sync complete	name=crdclient/informer/Secret attempt=1 time=459ns
2026-05-20T18:17:34.446639Z	info	krt	crdclient/informer/Secret synced	owner=crdclient/informer/Secret
2026-05-20T18:17:34.446675Z	info	sync complete	name=crdclient/informer/Node attempt=1 time=375ns
2026-05-20T18:17:34.446684Z	info	krt	crdclient/informer/Node synced	owner=crdclient/informer/Node
2026-05-20T18:17:34.446708Z	info	sync complete	name=crdclient/informer/MutatingWebhookConfiguration attempt=1 time=333ns
2026-05-20T18:17:34.446716Z	info	krt	crdclient/informer/MutatingWebhookConfiguration synced	owner=crdclient/informer/MutatingWebhookConfiguration
2026-05-20T18:17:34.446736Z	info	sync complete	name=crdclient/informer/Service attempt=1 time=417ns
2026-05-20T18:17:34.446743Z	info	krt	crdclient/informer/Service synced	owner=crdclient/informer/Service
2026-05-20T18:17:34.446768Z	info	sync complete	name=crdclient/informer/Pod attempt=1 time=583ns
2026-05-20T18:17:34.446777Z	info	krt	crdclient/informer/Pod synced	owner=crdclient/informer/Pod
2026-05-20T18:17:34.447030Z	info	leader election lock obtained: istio-gateway-deployment-stable
2026-05-20T18:17:34.447213Z	info	sync complete	name=crd watcher attempt=1 time=375ns
2026-05-20T18:17:34.447474Z	info	sync complete	name=ingress/informer/Services handler attempt=3 time=6.352708ms
2026-05-20T18:17:34.447578Z	info	krt	ingress/ServiceWithPorts synced (uid 150)	owner=ingress/ServiceWithPorts
2026-05-20T18:17:34.453664Z	info	sync complete	name=kube controller attempt=6 time=65.276042ms
2026-05-20T18:17:34.453702Z	info	kube	kube controller for cluster-0 synced after 65.317292ms
2026-05-20T18:17:34.453862Z	info	model	Full push, new service istio-system/xcp-edge-internal.istio-system.svc.cluster.local
2026-05-20T18:17:34.453878Z	info	model	Full push, new service istio-system/xcp-operator-edge.istio-system.svc.cluster.local
2026-05-20T18:17:34.453890Z	info	model	Full push, new service kube-system/kube-dns.kube-system.svc.cluster.local
2026-05-20T18:17:34.453898Z	info	model	Full push, new service metallb-system/metallb-webhook-service.metallb-system.svc.cluster.local
2026-05-20T18:17:34.453906Z	info	model	Full push, new service xcp-system/xcp-central-headless.xcp-system.svc.cluster.local
2026-05-20T18:17:34.453915Z	info	model	Full push, new service default/kubernetes.default.svc.cluster.local
2026-05-20T18:17:34.453924Z	info	model	Full push, new service kube-system/metrics-server.kube-system.svc.cluster.local
2026-05-20T18:17:34.453932Z	info	model	Full push, new service xcp-system/xcp-central-internal.xcp-system.svc.cluster.local
2026-05-20T18:17:34.453942Z	info	model	Full push, new service xcp-system/xcp-central.xcp-system.svc.cluster.local
2026-05-20T18:17:34.453958Z	info	model	Full push, new service xcp-system/xcp-operator-central.xcp-system.svc.cluster.local
2026-05-20T18:17:34.453966Z	info	model	Full push, new service cert-manager/cert-manager.cert-manager.svc.cluster.local
2026-05-20T18:17:34.453974Z	info	model	Full push, new service cert-manager/cert-manager-webhook.cert-manager.svc.cluster.local
2026-05-20T18:17:34.453991Z	info	model	Incremental push, service istiod-stable.istio-system.svc.cluster.local at shard Kubernetes/cluster-0 has no endpoints
2026-05-20T18:17:34.453993Z	info	model	reloading network gateways
2026-05-20T18:17:34.454070Z	info	model	Incremental push, service istiod-stable.istio-system.svc.cluster.local at shard Kubernetes/cluster-0 has no endpoints
2026-05-20T18:17:34.454469Z	info	validationController	successfully updated	name=istio-validator-stable-istio-system resource version=2733
2026-05-20T18:17:34.454477Z	error	controllers	error handling istio-validator-stable-istio-system, retrying (retry count: 1): webhook is not ready, retry	controller=validation
2026-05-20T18:17:34.454576Z	info	sync complete	name=crdclient/informer/ValidatingWebhookConfiguration attempt=3 time=7.870917ms
2026-05-20T18:17:34.454588Z	info	krt	crdclient/informer/ValidatingWebhookConfiguration synced	owner=crdclient/informer/ValidatingWebhookConfiguration
2026-05-20T18:17:34.454593Z	info	sync complete	name=crdclient/informer/Deployment attempt=3 time=7.890459ms
2026-05-20T18:17:34.454597Z	info	krt	crdclient/informer/Deployment synced	owner=crdclient/informer/Deployment
2026-05-20T18:17:34.457809Z	info	sync complete	name=IP Autoallocator attempt=5 time=36.606917ms
2026-05-20T18:17:34.457847Z	info	controllers	starting	controller=IP Autoallocator
2026-05-20T18:17:34.460684Z	info	validationController	Not ready to switch validation to fail-closed: dummy invalid config not rejected
2026-05-20T18:17:34.462567Z	info	validationController	successfully updated	name=istio-validator-stable-istio-system resource version=2733
2026-05-20T18:17:34.462614Z	error	controllers	error handling istio-validator-stable-istio-system, retrying (retry count: 2): webhook is not ready, retry	controller=validation
2026-05-20T18:17:34.473483Z	info	kube	controller "networking.istio.io/v1/Gateway" is syncing...	controller=crd-controller
2026-05-20T18:17:34.495111Z	info	sync complete	name=gateway/informer/BackendTLSPolicies attempt=7 time=157.23375ms
2026-05-20T18:17:34.495147Z	info	krt	gateway/informer/BackendTLSPolicies synced	owner=gateway/informer/BackendTLSPolicies
2026-05-20T18:17:34.495167Z	info	sync complete	name=gateway/informer/BackendTLSPolicies handler attempt=1 time=500ns
2026-05-20T18:17:34.495198Z	info	krt	gateway/BackendTLSPolicy synced (uid 136)	owner=gateway/BackendTLSPolicy
2026-05-20T18:17:34.495209Z	info	sync complete	name=gateway/informer/ReferenceGrants attempt=7 time=157.334292ms
2026-05-20T18:17:34.495216Z	info	krt	gateway/informer/ReferenceGrants synced	owner=gateway/informer/ReferenceGrants
2026-05-20T18:17:34.495225Z	info	sync complete	name=gateway/informer/ReferenceGrants handler attempt=1 time=125ns
2026-05-20T18:17:34.495234Z	info	krt	gateway/ReferenceGrants synced (uid 96)	owner=gateway/ReferenceGrants
2026-05-20T18:17:34.495238Z	info	sync complete	name=gateway/informer/ServiceEntries attempt=7 time=157.3475ms
2026-05-20T18:17:34.495242Z	info	krt	gateway/informer/ServiceEntries synced	owner=gateway/informer/ServiceEntries
2026-05-20T18:17:34.495245Z	info	sync complete	name=crdclient/informer/AuthorizationPolicy attempt=7 time=157.591542ms
2026-05-20T18:17:34.495248Z	info	krt	crdclient/informer/AuthorizationPolicy synced	owner=crdclient/informer/AuthorizationPolicy
2026-05-20T18:17:34.495250Z	info	sync complete	name=crdclient/informer/BackendTLSPolicy attempt=7 time=157.58925ms
2026-05-20T18:17:34.495254Z	info	krt	crdclient/informer/BackendTLSPolicy synced	owner=crdclient/informer/BackendTLSPolicy
2026-05-20T18:17:34.495255Z	info	sync complete	name=crdclient/informer/DestinationRule attempt=7 time=157.591ms
2026-05-20T18:17:34.495258Z	info	krt	crdclient/informer/DestinationRule synced	owner=crdclient/informer/DestinationRule
2026-05-20T18:17:34.495260Z	info	sync complete	name=crdclient/informer/EnvoyFilter attempt=7 time=157.593917ms
2026-05-20T18:17:34.495264Z	info	krt	crdclient/informer/EnvoyFilter synced	owner=crdclient/informer/EnvoyFilter
2026-05-20T18:17:34.495270Z	info	sync complete	name=crdclient/informer/Gateway attempt=7 time=157.601208ms
2026-05-20T18:17:34.495273Z	info	krt	crdclient/informer/Gateway synced	owner=crdclient/informer/Gateway
2026-05-20T18:17:34.495275Z	info	sync complete	name=crdclient/informer/GatewayClass attempt=7 time=157.605333ms
2026-05-20T18:17:34.495279Z	info	krt	crdclient/informer/GatewayClass synced	owner=crdclient/informer/GatewayClass
2026-05-20T18:17:34.495283Z	info	sync complete	name=crdclient/informer/Gateway attempt=7 time=157.60925ms
2026-05-20T18:17:34.495286Z	info	krt	crdclient/informer/Gateway synced	owner=crdclient/informer/Gateway
2026-05-20T18:17:34.495289Z	info	sync complete	name=crdclient/informer/PeerAuthentication attempt=7 time=157.613584ms
2026-05-20T18:17:34.495292Z	info	krt	crdclient/informer/PeerAuthentication synced	owner=crdclient/informer/PeerAuthentication
2026-05-20T18:17:34.495294Z	info	sync complete	name=crdclient/informer/ProxyConfig attempt=7 time=157.617875ms
2026-05-20T18:17:34.495297Z	info	krt	crdclient/informer/ProxyConfig synced	owner=crdclient/informer/ProxyConfig
2026-05-20T18:17:34.495300Z	info	sync complete	name=crdclient/informer/ReferenceGrant attempt=7 time=157.62075ms
2026-05-20T18:17:34.495302Z	info	krt	crdclient/informer/ReferenceGrant synced	owner=crdclient/informer/ReferenceGrant
2026-05-20T18:17:34.495304Z	info	sync complete	name=crdclient/informer/RequestAuthentication attempt=7 time=157.620833ms
2026-05-20T18:17:34.495307Z	info	krt	crdclient/informer/RequestAuthentication synced	owner=crdclient/informer/RequestAuthentication
2026-05-20T18:17:34.495308Z	info	sync complete	name=crdclient/informer/ServiceEntry attempt=7 time=157.623875ms
2026-05-20T18:17:34.495311Z	info	krt	crdclient/informer/ServiceEntry synced	owner=crdclient/informer/ServiceEntry
2026-05-20T18:17:34.495314Z	info	sync complete	name=crdclient/informer/Sidecar attempt=7 time=157.624916ms
2026-05-20T18:17:34.495317Z	info	krt	crdclient/informer/Sidecar synced	owner=crdclient/informer/Sidecar
2026-05-20T18:17:34.495320Z	info	sync complete	name=crdclient/informer/Telemetry attempt=7 time=157.629958ms
2026-05-20T18:17:34.495323Z	info	krt	crdclient/informer/Telemetry synced	owner=crdclient/informer/Telemetry
2026-05-20T18:17:34.495325Z	info	sync complete	name=crdclient/informer/VirtualService attempt=7 time=157.625ms
2026-05-20T18:17:34.495328Z	info	krt	crdclient/informer/VirtualService synced	owner=crdclient/informer/VirtualService
2026-05-20T18:17:34.495329Z	info	sync complete	name=crdclient/informer/WasmPlugin attempt=7 time=157.627875ms
2026-05-20T18:17:34.495334Z	info	krt	crdclient/informer/WasmPlugin synced	owner=crdclient/informer/WasmPlugin
2026-05-20T18:17:34.495344Z	info	sync complete	name=crdclient/informer/WorkloadEntry attempt=7 time=157.641583ms
2026-05-20T18:17:34.495347Z	info	krt	crdclient/informer/WorkloadEntry synced	owner=crdclient/informer/WorkloadEntry
2026-05-20T18:17:34.495349Z	info	sync complete	name=crdclient/informer/WorkloadGroup attempt=7 time=157.644125ms
2026-05-20T18:17:34.495352Z	info	krt	crdclient/informer/WorkloadGroup synced	owner=crdclient/informer/WorkloadGroup
2026-05-20T18:17:34.495354Z	info	sync complete	name=gateway/informer/GatewayClasses attempt=7 time=157.526375ms
2026-05-20T18:17:34.495360Z	info	krt	gateway/informer/GatewayClasses synced	owner=gateway/informer/GatewayClasses
2026-05-20T18:17:34.499890Z	info	sync complete	name=gateway/informer/Gateways attempt=7 time=162.0335ms
2026-05-20T18:17:34.499971Z	info	krt	gateway/informer/Gateways synced	owner=gateway/informer/Gateways
2026-05-20T18:17:34.500006Z	info	sync complete	name=gateway/informer/Gateways handler attempt=1 time=708ns
2026-05-20T18:17:34.500053Z	info	krt	gateway/KubernetesGateway synced (uid 102)	owner=gateway/KubernetesGateway
2026-05-20T18:17:34.500103Z	info	krt	gateway/GatewayFinalStatus synced (uid 141)	owner=gateway/GatewayFinalStatus
2026-05-20T18:17:34.500182Z	info	krt	gateway/AllBackendPolicies synced
2026-05-20T18:17:34.500241Z	info	krt	gateway/BackendPolicyMerged synced (uid 140)	owner=gateway/BackendPolicyMerged
2026-05-20T18:17:34.500274Z	info	sync complete	name=gateway/informer/GatewayClasses handler attempt=1 time=833ns
2026-05-20T18:17:34.500306Z	info	krt	gateway/GatewayClasses synced (uid 95)	owner=gateway/GatewayClasses
2026-05-20T18:17:34.512127Z	info	sync complete	name=crdclient/informer/CustomResourceDefinition attempt=6 time=65.410375ms
2026-05-20T18:17:34.512205Z	info	krt	crdclient/informer/CustomResourceDefinition synced	owner=crdclient/informer/CustomResourceDefinition
2026-05-20T18:17:34.538196Z	info	kube	controller "gateway.networking.k8s.io/v1beta1/HTTPRoute" is syncing...	controller=crd-controller
2026-05-20T18:17:34.555705Z	info	ads	Push debounce stable[1] 62 for config Secret/cert-manager/cert-manager-webhook-ca and 45 more configs: 101.457167ms since last change, 164.256375ms since last push, full=true
2026-05-20T18:17:34.557514Z	info	ads	XDS: Pushing Services:13 ConnectedEndpoints:0 Version:2026-05-20T18:17:34Z/1
2026-05-20T18:17:34.562595Z	info	validationController	Not ready to switch validation to fail-closed: dummy invalid config not rejected
2026-05-20T18:17:34.564199Z	info	validationController	successfully updated	name=istio-validator-stable-istio-system resource version=2733
2026-05-20T18:17:34.564221Z	error	controllers	error handling istio-validator-stable-istio-system, retrying (retry count: 3): webhook is not ready, retry	controller=validation
2026-05-20T18:17:34.596276Z	info	sync complete	name=crdclient/informer/HTTPRoute attempt=8 time=258.595709ms
2026-05-20T18:17:34.596353Z	info	krt	crdclient/informer/HTTPRoute synced	owner=crdclient/informer/HTTPRoute
2026-05-20T18:17:34.596373Z	info	sync complete	name=crdclient/informer/GRPCRoute attempt=8 time=258.702417ms
2026-05-20T18:17:34.596390Z	info	krt	crdclient/informer/GRPCRoute synced	owner=crdclient/informer/GRPCRoute
2026-05-20T18:17:34.601330Z	info	sync complete	name=gateway/informer/GRPCRoutes attempt=8 time=263.451125ms
2026-05-20T18:17:34.601426Z	info	krt	gateway/informer/GRPCRoutes synced	owner=gateway/informer/GRPCRoutes
2026-05-20T18:17:34.601464Z	info	sync complete	name=gateway/informer/GRPCRoutes handler attempt=1 time=958ns
2026-05-20T18:17:34.601537Z	info	krt	gateway/GRPCRoute/count synced (uid 121)	owner=gateway/GRPCRoute/count
2026-05-20T18:17:34.601570Z	info	sync complete	name=gateway/informer/HTTPRoutes attempt=8 time=263.708625ms
2026-05-20T18:17:34.601588Z	info	krt	gateway/informer/HTTPRoutes synced	owner=gateway/informer/HTTPRoutes
2026-05-20T18:17:34.601597Z	info	sync complete	name=gateway/informer/HTTPRoutes handler attempt=1 time=208ns
2026-05-20T18:17:34.601609Z	info	krt	gateway/HTTPRoute/count synced (uid 114)	owner=gateway/HTTPRoute/count
2026-05-20T18:17:34.601615Z	info	krt	gateway/RouteAttachments synced
2026-05-20T18:17:34.601625Z	info	sync complete	name=gateway/informer/GRPCRoutes handler attempt=1 time=167ns
2026-05-20T18:17:34.601689Z	info	krt	gateway/GRPCRoute synced (uid 124)	owner=gateway/GRPCRoute
2026-05-20T18:17:34.601800Z	info	sync complete	name=gateway/informer/GRPCRoutes handler attempt=1 time=334ns
2026-05-20T18:17:34.601828Z	info	krt	gateway/GRPCAncestors synced (uid 122)	owner=gateway/GRPCAncestors
2026-05-20T18:17:34.601847Z	info	sync complete	name=gateway/informer/HTTPRoutes handler attempt=1 time=167ns
2026-05-20T18:17:34.601864Z	info	krt	gateway/HTTPRoute synced (uid 117)	owner=gateway/HTTPRoute
2026-05-20T18:17:34.601880Z	info	sync complete	name=gateway/informer/HTTPRoutes handler attempt=1 time=83ns
2026-05-20T18:17:34.601897Z	info	krt	gateway/HTTPAncestors synced (uid 115)	owner=gateway/HTTPAncestors
2026-05-20T18:17:34.601933Z	info	krt	gateway/GRPCRouteMerged synced (uid 127)	owner=gateway/GRPCRouteMerged
2026-05-20T18:17:34.601974Z	info	krt	gateway/HTTPRouteMerged synced (uid 120)	owner=gateway/HTTPRouteMerged
2026-05-20T18:17:34.601985Z	info	krt	gateway/Ancestors synced
2026-05-20T18:17:34.601992Z	info	krt	gateway/DerivedVirtualServices synced
2026-05-20T18:17:34.627452Z	info	controllers	starting	controller=gateway class
2026-05-20T18:17:34.640008Z	info	sync complete	name=crdclient attempt=8 time=251.647ms
2026-05-20T18:17:34.640030Z	info	kube	Pilot K8S CRD controller synced in 251.680958ms	controller=crd-controller
2026-05-20T18:17:34.641283Z	warn	kube	unknown type: security.istio.io/v1/AuthorizationPolicy	controller=analysis-controller
2026-05-20T18:17:34.641295Z	warn	kube	unknown type: gateway.networking.k8s.io/v1/BackendTLSPolicy	controller=analysis-controller
2026-05-20T18:17:34.641300Z	warn	kube	unknown type: networking.istio.io/v1/DestinationRule	controller=analysis-controller
2026-05-20T18:17:34.641312Z	warn	kube	unknown type: networking.istio.io/v1alpha3/EnvoyFilter	controller=analysis-controller
2026-05-20T18:17:34.641319Z	warn	kube	unknown type: gateway.networking.k8s.io/v1/GRPCRoute	controller=analysis-controller
2026-05-20T18:17:34.641322Z	warn	kube	unknown type: networking.istio.io/v1/Gateway	controller=analysis-controller
2026-05-20T18:17:34.641330Z	warn	kube	unknown type: gateway.networking.k8s.io/v1beta1/GatewayClass	controller=analysis-controller
2026-05-20T18:17:34.641334Z	warn	kube	unknown type: gateway.networking.k8s.io/v1beta1/HTTPRoute	controller=analysis-controller
2026-05-20T18:17:34.641338Z	warn	kube	unknown type: gateway.networking.k8s.io/v1beta1/Gateway	controller=analysis-controller
2026-05-20T18:17:34.641341Z	warn	kube	unknown type: security.istio.io/v1/PeerAuthentication	controller=analysis-controller
2026-05-20T18:17:34.641345Z	warn	kube	unknown type: networking.istio.io/v1beta1/ProxyConfig	controller=analysis-controller
2026-05-20T18:17:34.641352Z	warn	kube	unknown type: gateway.networking.k8s.io/v1beta1/ReferenceGrant	controller=analysis-controller
2026-05-20T18:17:34.641355Z	warn	kube	unknown type: security.istio.io/v1/RequestAuthentication	controller=analysis-controller
2026-05-20T18:17:34.641358Z	warn	kube	unknown type: networking.istio.io/v1/ServiceEntry	controller=analysis-controller
2026-05-20T18:17:34.641407Z	warn	kube	unknown type: networking.istio.io/v1/Sidecar	controller=analysis-controller
2026-05-20T18:17:34.641414Z	warn	kube	unknown type: telemetry.istio.io/v1/Telemetry	controller=analysis-controller
2026-05-20T18:17:34.641417Z	warn	kube	unknown type: networking.istio.io/v1/VirtualService	controller=analysis-controller
2026-05-20T18:17:34.641420Z	warn	kube	unknown type: extensions.istio.io/v1alpha1/WasmPlugin	controller=analysis-controller
2026-05-20T18:17:34.641423Z	warn	kube	unknown type: networking.istio.io/v1/WorkloadEntry	controller=analysis-controller
2026-05-20T18:17:34.641426Z	warn	kube	unknown type: networking.istio.io/v1/WorkloadGroup	controller=analysis-controller
2026-05-20T18:17:34.641429Z	warn	kube	unknown type: networking.k8s.io/v1/Ingress	controller=analysis-controller
2026-05-20T18:17:34.641483Z	warn	kube	unknown type: core/v1alpha1/MeshNetworks	controller=analysis-controller
2026-05-20T18:17:34.641500Z	warn	kube	unknown type: core/v1alpha1/MeshConfig	controller=analysis-controller
2026-05-20T18:17:34.641608Z	info	sync complete	name=gateway tag watcher attempt=1 time=333ns
2026-05-20T18:17:34.641622Z	info	kube	Starting Pilot K8S CRD controller	controller=analysis-controller
2026-05-20T18:17:34.641628Z	info	sync complete	name=crdclient attempt=1 time=1.958µs
2026-05-20T18:17:34.641635Z	info	kube	Pilot K8S CRD controller synced in 12.5µs	controller=analysis-controller
2026-05-20T18:17:34.641694Z	info	sync complete	name=crd watcher attempt=1 time=125ns
2026-05-20T18:17:34.641708Z	info	controllers	starting	controller=gateway class
2026-05-20T18:17:34.641726Z	info	sync complete	name=tag watcher attempt=1 time=7.125µs
2026-05-20T18:17:34.641737Z	info	controllers	starting	controller=tag
2026-05-20T18:17:34.641739Z	info	controllers	starting	controller=inference pool shadow service reconciler
2026-05-20T18:17:34.644473Z	info	Waiting for caches to be synced
2026-05-20T18:17:34.644520Z	info	sync complete	name=server attempt=1 time=28.25µs
2026-05-20T18:17:34.644525Z	info	All controller caches have been synced up in 52.459µs
2026-05-20T18:17:34.644527Z	info	sync complete	name=push context attempt=1 time=84ns
2026-05-20T18:17:34.644530Z	info	ads	All caches have been synced up in 367.017375ms, marking server ready
2026-05-20T18:17:34.645109Z	info	kube	joining leader-election for istio-namespace-controller-election in istio-system on cluster cluster-0
2026-05-20T18:17:34.645162Z	info	klog	attempting to acquire leader lease istio-system/istio-namespace-controller-election-stable...
2026-05-20T18:17:34.645266Z	info	starting secure gRPC discovery service at [::]:15012
2026-05-20T18:17:34.645318Z	info	starting gRPC discovery service at [::]:15010
2026-05-20T18:17:34.645333Z	info	starting webhook service at [::]:15017
2026-05-20T18:17:34.645427Z	info	sync complete	name=default revision attempt=1 time=7.666µs
2026-05-20T18:17:34.645440Z	info	controllers	starting	controller=default revision
2026-05-20T18:17:34.647559Z	info	klog	successfully acquired lease istio-system/istio-namespace-controller-election-stable
2026-05-20T18:17:34.647625Z	info	leader election lock obtained: istio-namespace-controller-election-stable
2026-05-20T18:17:34.647639Z	info	kube	starting namespace controller for cluster cluster-0
2026-05-20T18:17:34.647901Z	info	sync complete	name=crd watcher attempt=1 time=459ns
2026-05-20T18:17:34.648143Z	info	sync complete	name=tag watcher attempt=1 time=4.875µs
2026-05-20T18:17:34.648161Z	info	controllers	starting	controller=tag
2026-05-20T18:17:34.650341Z	info	sync complete	name=deployment controller attempt=2 time=2.212959ms
2026-05-20T18:17:34.650354Z	info	controllers	starting	controller=gateway deployment
2026-05-20T18:17:34.748068Z	info	sync complete	name=namespace controller attempt=1 time=4.333µs
2026-05-20T18:17:34.748116Z	info	controllers	starting	controller=namespace controller
2026-05-20T18:17:34.973189Z	info	validationController	Not ready to switch validation to fail-closed: dummy invalid config not rejected
2026-05-20T18:17:34.974918Z	info	validationController	successfully updated	name=istio-validator-stable-istio-system resource version=2733
2026-05-20T18:17:34.974942Z	error	controllers	error handling istio-validator-stable-istio-system, retrying (retry count: 4): webhook is not ready, retry	controller=validation
2026-05-20T18:17:35.245726Z	info	model	Full push, new service istio-system/istiod-stable.istio-system.svc.cluster.local
2026-05-20T18:17:35.355108Z	info	ads	Push debounce stable[2] 2 for config ServiceEntry/istio-system/istiod-stable.istio-system.svc.cluster.local: 101.501333ms since last change, 109.330292ms since last push, full=true
2026-05-20T18:17:35.355470Z	info	ads	XDS: Pushing Services:13 ConnectedEndpoints:0 Version:2026-05-20T18:17:35Z/2
2026-05-20T18:17:35.787772Z	info	validationController	Not ready to switch validation to fail-closed: dummy invalid config not rejected
2026-05-20T18:17:35.791779Z	info	validationController	successfully updated	name=istio-validator-stable-istio-system resource version=2733
2026-05-20T18:17:35.791840Z	error	controllers	error handling istio-validator-stable-istio-system, retrying (retry count: 5): webhook is not ready, retry	controller=validation
2026-05-20T18:17:36.262419Z	info	sync complete	name=istiod analyzer attempt=1 time=58.667µs
2026-05-20T18:17:36.374996Z	info	ads	Push debounce stable[3] 9 for config EnvoyFilter/istio-system/global-tcp-keepalive-envoy-filter and 8 more configs: 100.26125ms since last change, 104.929917ms since last push, full=true
2026-05-20T18:17:36.375874Z	info	ads	XDS: Pushing Services:13 ConnectedEndpoints:0 Version:2026-05-20T18:17:36Z/3
2026-05-20T18:17:37.275264Z	info	sync complete	name=istiod analyzer attempt=1 time=25.334µs
2026-05-20T18:17:37.402289Z	info	validationController	Endpoint successfully rejected invalid config. Switching to fail-close.
2026-05-20T18:17:37.406561Z	info	validationController	successfully updated	name=istio-validator-stable-istio-system resource version=2784
2026-05-20T18:17:38.406923Z	info	sync complete	name=istiod analyzer attempt=1 time=60.833µs
2026-05-20T18:18:05.324552Z	info	sync complete	name=istiod analyzer attempt=1 time=121.958µs
2026-05-20T18:23:11.367005Z	info	sync complete	name=istiod analyzer attempt=1 time=117.958µs
2026-05-20T18:26:40.676468Z	info	ads	Push debounce stable[4] 1 for config ConfigMap/tetrate/kube-root-ca.crt: 100.079667ms since last change, 100.079584ms since last push, full=false
2026-05-20T18:26:40.676614Z	info	ads	XDS: Incremental Pushing ConnectedEndpoints:0 Version:2026-05-20T18:17:36Z/3
2026-05-20T18:26:41.579404Z	info	sync complete	name=istiod analyzer attempt=1 time=68.375µs
2026-05-20T18:27:36.698085Z	info	sync complete	name=istiod analyzer attempt=1 time=34.791µs
2026-05-20T18:27:40.993106Z	info	ads	Push debounce stable[5] 1 for config ConfigMap/tetrate/kube-root-ca.crt: 100.171167ms since last change, 100.171084ms since last push, full=false
2026-05-20T18:27:40.993173Z	info	ads	XDS: Incremental Pushing ConnectedEndpoints:0 Version:2026-05-20T18:17:36Z/3
2026-05-20T18:27:41.910209Z	info	sync complete	name=istiod analyzer attempt=1 time=30.917µs
2026-05-20T18:28:17.619093Z	info	sync complete	name=istiod analyzer attempt=1 time=26.583µs
2026-05-20T18:33:24.557932Z	info	sync complete	name=istiod analyzer attempt=1 time=65.666µs
2026-05-20T18:38:08.860254Z	info	ads	Push debounce stable[6] 1 for config ConfigMap/echo/kube-root-ca.crt: 100.610458ms since last change, 100.610416ms since last push, full=false
2026-05-20T18:38:08.860421Z	info	ads	XDS: Incremental Pushing ConnectedEndpoints:0 Version:2026-05-20T18:17:36Z/3
2026-05-20T18:38:09.153487Z	info	Process sidecar injection request	path=/inject pod=echo/tier1-gateway-86bff4cfb-***** (actual name not yet known)
2026-05-20T18:38:09.162747Z	info	model	Incremental push, service tier1-gateway.echo.svc.cluster.local at shard Kubernetes/cluster-0 has no endpoints
2026-05-20T18:38:09.163591Z	info	model	reloading network gateways
2026-05-20T18:38:09.163654Z	info	model	gateways changed, triggering push
2026-05-20T18:38:09.264918Z	info	ads	Push debounce stable[7] 5 for config ServiceEntry/echo/tier1-gateway.echo.svc.cluster.local: 101.212667ms since last change, 102.253666ms since last push, full=true
2026-05-20T18:38:09.267776Z	info	ads	XDS: Pushing Services:14 ConnectedEndpoints:0 Version:2026-05-20T18:38:09Z/4
2026-05-20T18:38:09.343104Z	info	Process sidecar injection request	path=/inject pod=echo/echo-eastwestgateway-c58fcbbff-***** (actual name not yet known)
2026-05-20T18:38:09.346949Z	info	model	Incremental push, service echo-eastwestgateway.echo.svc.cluster.local at shard Kubernetes/cluster-0 has no endpoints
2026-05-20T18:38:09.347364Z	info	model	reloading network gateways
2026-05-20T18:38:09.347468Z	info	model	gateways changed, triggering push
2026-05-20T18:38:09.448042Z	info	ads	Push debounce stable[8] 5 for config ServiceEntry/echo/echo-eastwestgateway.echo.svc.cluster.local: 100.529875ms since last change, 105.527333ms since last push, full=true
2026-05-20T18:38:09.449308Z	info	ads	XDS: Pushing Services:15 ConnectedEndpoints:0 Version:2026-05-20T18:38:09Z/5
2026-05-20T18:38:10.372436Z	info	sync complete	name=istiod analyzer attempt=1 time=43.625µs
2026-05-20T18:38:10.672361Z	info	delta	ADS: new delta connection for node:echo-eastwestgateway-c58fcbbff-wtnqm.echo-1
2026-05-20T18:38:10.672561Z	info	delta	CDS: PUSH request for node:echo-eastwestgateway-c58fcbbff-wtnqm.echo resources:1 removed:0 size:50B
2026-05-20T18:38:10.674100Z	info	delta	LDS: PUSH request for node:echo-eastwestgateway-c58fcbbff-wtnqm.echo resources:0 removed:0 size:0B
2026-05-20T18:38:10.723485Z	info	delta	ADS: new delta connection for node:tier1-gateway-86bff4cfb-t477p.echo-2
2026-05-20T18:38:10.723560Z	info	delta	CDS: PUSH request for node:tier1-gateway-86bff4cfb-t477p.echo resources:1 removed:0 size:50B
2026-05-20T18:38:10.727212Z	info	delta	LDS: PUSH request for node:tier1-gateway-86bff4cfb-t477p.echo resources:0 removed:0 size:0B
2026-05-20T18:38:11.265087Z	info	ads	Push debounce stable[9] 8 for config EnvoyFilter/echo/tier1-gg-default-upstream-traffic-setting and 7 more configs: 100.538667ms since last change, 103.783834ms since last push, full=true
2026-05-20T18:38:11.266372Z	info	ads	XDS: Pushing Services:15 ConnectedEndpoints:2 Version:2026-05-20T18:38:11Z/6
2026-05-20T18:38:11.266536Z	info	delta	CDS: PUSH for node:tier1-gateway-86bff4cfb-t477p.echo resources:1 removed:0 size:72B
2026-05-20T18:38:11.267314Z	info	delta	LDS: PUSH for node:tier1-gateway-86bff4cfb-t477p.echo resources:1 removed:0 size:4.5kB
2026-05-20T18:38:11.267423Z	info	delta	CDS: PUSH for node:echo-eastwestgateway-c58fcbbff-wtnqm.echo resources:1 removed:0 size:72B
2026-05-20T18:38:11.267442Z	info	delta	LDS: PUSH for node:echo-eastwestgateway-c58fcbbff-wtnqm.echo resources:0 removed:0 size:0B
2026-05-20T18:38:11.272475Z	info	delta	RDS: PUSH request for node:tier1-gateway-86bff4cfb-t477p.echo resources:1 removed:0 size:700B cached:0/0 filtered:0
2026-05-20T18:38:11.446670Z	info	model	Full push, new service echo/tier1-gateway.echo.svc.cluster.local
2026-05-20T18:38:11.449373Z	info	delta	CDS: PUSH for node:echo-eastwestgateway-c58fcbbff-wtnqm.echo resources:1 removed:0 size:72B
2026-05-20T18:38:11.449412Z	info	delta	LDS: PUSH for node:echo-eastwestgateway-c58fcbbff-wtnqm.echo resources:0 removed:0 size:0B
2026-05-20T18:38:11.453421Z	info	model	Full push, new service echo/echo-eastwestgateway.echo.svc.cluster.local
2026-05-20T18:38:11.455859Z	info	delta	CDS: PUSH for node:tier1-gateway-86bff4cfb-t477p.echo resources:1 removed:0 size:72B
2026-05-20T18:38:11.456147Z	info	delta	LDS: PUSH for node:tier1-gateway-86bff4cfb-t477p.echo resources:1 removed:0 size:4.5kB
2026-05-20T18:38:11.456227Z	info	delta	RDS: PUSH for node:tier1-gateway-86bff4cfb-t477p.echo resources:1 removed:0 size:700B cached:0/0
2026-05-20T18:38:11.561860Z	info	ads	Push debounce stable[10] 3 for config ServiceEntry/echo/echo-eastwestgateway.echo.svc.cluster.local and 1 more configs: 100.796209ms since last change, 115.159083ms since last push, full=true
2026-05-20T18:38:11.562009Z	info	ads	XDS: Pushing Services:15 ConnectedEndpoints:2 Version:2026-05-20T18:38:11Z/7
2026-05-20T18:38:11.562124Z	info	delta	CDS: PUSH for node:echo-eastwestgateway-c58fcbbff-wtnqm.echo resources:1 removed:0 size:72B
2026-05-20T18:38:11.562145Z	info	delta	LDS: PUSH for node:echo-eastwestgateway-c58fcbbff-wtnqm.echo resources:0 removed:0 size:0B
2026-05-20T18:38:11.562206Z	info	delta	CDS: PUSH for node:tier1-gateway-86bff4cfb-t477p.echo resources:1 removed:0 size:72B
2026-05-20T18:38:11.562416Z	info	delta	LDS: PUSH for node:tier1-gateway-86bff4cfb-t477p.echo resources:1 removed:0 size:4.5kB
2026-05-20T18:38:11.562475Z	info	delta	RDS: PUSH for node:tier1-gateway-86bff4cfb-t477p.echo resources:1 removed:0 size:700B cached:0/0
2026-05-20T18:38:12.463983Z	info	sync complete	name=istiod analyzer attempt=1 time=37.125µs
2026-05-20T18:38:12.576926Z	info	ads	Push debounce stable[11] 5 for config EnvoyFilter/echo/default-upstream-traffic-setting and 4 more configs: 100.414084ms since last change, 104.542167ms since last push, full=true
2026-05-20T18:38:12.577556Z	info	ads	XDS: Pushing Services:15 ConnectedEndpoints:2 Version:2026-05-20T18:38:12Z/8
2026-05-20T18:38:12.577686Z	info	delta	CDS: PUSH for node:tier1-gateway-86bff4cfb-t477p.echo resources:1 removed:0 size:72B
2026-05-20T18:38:12.577930Z	info	delta	LDS: PUSH for node:tier1-gateway-86bff4cfb-t477p.echo resources:1 removed:0 size:4.5kB
2026-05-20T18:38:12.577993Z	info	delta	RDS: PUSH for node:tier1-gateway-86bff4cfb-t477p.echo resources:1 removed:0 size:700B cached:0/0
2026-05-20T18:38:12.578093Z	info	delta	CDS: PUSH for node:echo-eastwestgateway-c58fcbbff-wtnqm.echo resources:1 removed:0 size:72B
2026-05-20T18:38:12.578111Z	info	delta	LDS: PUSH for node:echo-eastwestgateway-c58fcbbff-wtnqm.echo resources:0 removed:0 size:0B
2026-05-20T18:38:13.477302Z	info	sync complete	name=istiod analyzer attempt=1 time=31.333µs
2026-05-20T18:38:29.906345Z	info	sync complete	name=istiod analyzer attempt=1 time=30.709µs
2026-05-20T18:38:39.978228Z	info	sync complete	name=istiod analyzer attempt=1 time=24.25µs
2026-05-20T18:38:42.233262Z	info	sync complete	name=istiod analyzer attempt=1 time=45.792µs
2026-05-20T18:38:49.500598Z	info	sync complete	name=istiod analyzer attempt=1 time=24.583µs
2026-05-20T18:38:50.585486Z	info	sync complete	name=istiod analyzer attempt=1 time=32.542µs
2026-05-20T18:39:10.747667Z	info	sync complete	name=istiod analyzer attempt=1 time=25.5µs
2026-05-20T18:43:54.987913Z	info	sync complete	name=istiod analyzer attempt=1 time=30.625µs
2026-05-20T18:43:56.070907Z	info	sync complete	name=istiod analyzer attempt=1 time=44.75µs
2026-05-20T18:44:15.802048Z	info	sync complete	name=istiod analyzer attempt=1 time=25µs
2026-05-20T18:49:22.285998Z	info	sync complete	name=istiod analyzer attempt=1 time=33µs
2026-05-20T18:49:34.581128Z	info	sync complete	name=istiod analyzer attempt=1 time=31.459µs
2026-05-20T18:49:35.657146Z	info	sync complete	name=istiod analyzer attempt=1 time=25.542µs
2026-05-20T18:49:43.597436Z	info	sync complete	name=istiod analyzer attempt=1 time=31.833µs
2026-05-20T18:49:44.655755Z	info	sync complete	name=istiod analyzer attempt=1 time=22.625µs
2026-05-20T18:51:09.631901Z	info	sync complete	name=istiod analyzer attempt=1 time=27.875µs
2026-05-20T18:51:10.741880Z	info	sync complete	name=istiod analyzer attempt=1 time=39.5µs
2026-05-20T18:51:11.806894Z	info	sync complete	name=istiod analyzer attempt=1 time=28.334µs
2026-05-20T18:53:33.094480Z	info	model	reloading network gateways
2026-05-20T18:53:33.094513Z	info	model	gateways changed, triggering push
2026-05-20T18:53:33.100360Z	info	model	Incremental push, service tier1-gateway.echo.svc.cluster.local at shard Kubernetes/cluster-0 has no endpoints
2026-05-20T18:53:33.200988Z	info	ads	Push debounce stable[12] 4 for config ServiceEntry/echo/tier1-gateway.echo.svc.cluster.local: 100.569167ms since last change, 106.434333ms since last push, full=true
2026-05-20T18:53:33.202232Z	info	ads	XDS: Pushing Services:14 ConnectedEndpoints:2 Version:2026-05-20T18:53:33Z/9
2026-05-20T18:53:33.202369Z	info	delta	CDS: PUSH for node:tier1-gateway-86bff4cfb-t477p.echo resources:1 removed:0 size:72B
2026-05-20T18:53:33.202565Z	info	delta	LDS: PUSH for node:tier1-gateway-86bff4cfb-t477p.echo resources:1 removed:0 size:4.5kB
2026-05-20T18:53:33.202632Z	info	delta	RDS: PUSH for node:tier1-gateway-86bff4cfb-t477p.echo resources:1 removed:0 size:700B cached:0/0
2026-05-20T18:53:33.202768Z	info	delta	CDS: PUSH for node:echo-eastwestgateway-c58fcbbff-wtnqm.echo resources:1 removed:0 size:72B
2026-05-20T18:53:33.202796Z	info	delta	LDS: PUSH for node:echo-eastwestgateway-c58fcbbff-wtnqm.echo resources:0 removed:0 size:0B
2026-05-20T18:53:33.321833Z	info	ads	Push debounce stable[13] 1 for config ConfigMap/tier1/kube-root-ca.crt: 101.795917ms since last change, 101.795875ms since last push, full=false
2026-05-20T18:53:33.321919Z	info	ads	XDS: Incremental Pushing ConnectedEndpoints:2 Version:2026-05-20T18:53:33Z/9
2026-05-20T18:53:33.501806Z	info	Process sidecar injection request	path=/inject pod=tier1/tier1-gateway-86bff4cfb-***** (actual name not yet known)
2026-05-20T18:53:33.509342Z	info	model	Incremental push, service tier1-gateway.tier1.svc.cluster.local at shard Kubernetes/cluster-0 has no endpoints
2026-05-20T18:53:33.509506Z	info	model	reloading network gateways
2026-05-20T18:53:33.509524Z	info	model	gateways changed, triggering push
2026-05-20T18:53:33.611049Z	info	ads	Push debounce stable[14] 5 for config ServiceEntry/tier1/tier1-gateway.tier1.svc.cluster.local: 101.498917ms since last change, 106.469084ms since last push, full=true
2026-05-20T18:53:33.612420Z	info	ads	XDS: Pushing Services:15 ConnectedEndpoints:2 Version:2026-05-20T18:53:33Z/10
2026-05-20T18:53:33.612558Z	info	delta	CDS: PUSH for node:tier1-gateway-86bff4cfb-t477p.echo resources:1 removed:0 size:72B
2026-05-20T18:53:33.612814Z	info	delta	LDS: PUSH for node:tier1-gateway-86bff4cfb-t477p.echo resources:1 removed:0 size:4.5kB
2026-05-20T18:53:33.612887Z	info	delta	RDS: PUSH for node:tier1-gateway-86bff4cfb-t477p.echo resources:1 removed:0 size:700B cached:0/0
2026-05-20T18:53:33.612982Z	info	delta	CDS: PUSH for node:echo-eastwestgateway-c58fcbbff-wtnqm.echo resources:1 removed:0 size:72B
2026-05-20T18:53:33.613000Z	info	delta	LDS: PUSH for node:echo-eastwestgateway-c58fcbbff-wtnqm.echo resources:0 removed:0 size:0B
2026-05-20T18:53:34.016585Z	info	delta	ADS: new delta connection for node:tier1-gateway-86bff4cfb-cmckw.tier1-3
2026-05-20T18:53:34.016655Z	info	delta	CDS: PUSH request for node:tier1-gateway-86bff4cfb-cmckw.tier1 resources:1 removed:0 size:50B
2026-05-20T18:53:34.018121Z	info	delta	LDS: PUSH request for node:tier1-gateway-86bff4cfb-cmckw.tier1 resources:0 removed:0 size:0B
2026-05-20T18:53:34.526987Z	info	sync complete	name=istiod analyzer attempt=1 time=38.208µs
2026-05-20T18:53:34.981730Z	info	model	Full push, new service tier1/tier1-gateway.tier1.svc.cluster.local
2026-05-20T18:53:34.986065Z	info	delta	CDS: PUSH for node:tier1-gateway-86bff4cfb-cmckw.tier1 resources:1 removed:0 size:50B
2026-05-20T18:53:34.986101Z	info	delta	LDS: PUSH for node:tier1-gateway-86bff4cfb-cmckw.tier1 resources:0 removed:0 size:0B
2026-05-20T18:53:35.111579Z	info	ads	Push debounce stable[15] 10 for config AuthorizationPolicy/tier1/allow and 8 more configs: 100.747708ms since last change, 129.682875ms since last push, full=true
2026-05-20T18:53:35.112396Z	info	ads	XDS: Pushing Services:15 ConnectedEndpoints:3 Version:2026-05-20T18:53:35Z/11
2026-05-20T18:53:35.112543Z	info	delta	CDS: PUSH for node:echo-eastwestgateway-c58fcbbff-wtnqm.echo resources:1 removed:0 size:72B
2026-05-20T18:53:35.112571Z	info	delta	LDS: PUSH for node:echo-eastwestgateway-c58fcbbff-wtnqm.echo resources:0 removed:0 size:0B
2026-05-20T18:53:35.112645Z	info	delta	CDS: PUSH for node:tier1-gateway-86bff4cfb-t477p.echo resources:1 removed:0 size:72B
2026-05-20T18:53:35.112885Z	info	delta	LDS: PUSH for node:tier1-gateway-86bff4cfb-t477p.echo resources:1 removed:0 size:4.5kB
2026-05-20T18:53:35.112958Z	info	delta	RDS: PUSH for node:tier1-gateway-86bff4cfb-t477p.echo resources:1 removed:0 size:700B cached:0/0
2026-05-20T18:53:35.113094Z	info	delta	CDS: PUSH for node:tier1-gateway-86bff4cfb-cmckw.tier1 resources:1 removed:0 size:72B
2026-05-20T18:53:35.113220Z	info	delta	LDS: PUSH for node:tier1-gateway-86bff4cfb-cmckw.tier1 resources:1 removed:0 size:4.5kB
2026-05-20T18:53:35.117858Z	info	delta	RDS: PUSH request for node:tier1-gateway-86bff4cfb-cmckw.tier1 resources:1 removed:0 size:701B cached:0/0 filtered:0
2026-05-20T18:53:36.011223Z	info	sync complete	name=istiod analyzer attempt=1 time=36.833µs
2026-05-20T18:53:36.124896Z	info	ads	Push debounce stable[16] 5 for config VirtualService/tier1/tier1-echo-gw-echo and 4 more configs: 100.130791ms since last change, 105.092042ms since last push, full=true
2026-05-20T18:53:36.125544Z	info	ads	XDS: Pushing Services:15 ConnectedEndpoints:3 Version:2026-05-20T18:53:36Z/12
2026-05-20T18:53:36.125649Z	info	delta	CDS: PUSH for node:tier1-gateway-86bff4cfb-cmckw.tier1 resources:1 removed:0 size:72B
2026-05-20T18:53:36.125871Z	info	delta	LDS: PUSH for node:tier1-gateway-86bff4cfb-cmckw.tier1 resources:1 removed:0 size:4.5kB
2026-05-20T18:53:36.126039Z	info	delta	RDS: PUSH for node:tier1-gateway-86bff4cfb-cmckw.tier1 resources:1 removed:0 size:701B cached:0/0
2026-05-20T18:53:36.126158Z	info	delta	CDS: PUSH for node:echo-eastwestgateway-c58fcbbff-wtnqm.echo resources:1 removed:0 size:72B
2026-05-20T18:53:36.126179Z	info	delta	LDS: PUSH for node:echo-eastwestgateway-c58fcbbff-wtnqm.echo resources:0 removed:0 size:0B
2026-05-20T18:53:36.126214Z	info	delta	CDS: PUSH for node:tier1-gateway-86bff4cfb-t477p.echo resources:1 removed:0 size:72B
2026-05-20T18:53:36.126350Z	info	delta	LDS: PUSH for node:tier1-gateway-86bff4cfb-t477p.echo resources:1 removed:0 size:4.5kB
2026-05-20T18:53:36.126390Z	info	delta	RDS: PUSH for node:tier1-gateway-86bff4cfb-t477p.echo resources:1 removed:0 size:700B cached:0/0
2026-05-20T18:53:37.024941Z	info	sync complete	name=istiod analyzer attempt=1 time=28.417µs
2026-05-20T18:53:38.195814Z	info	ads	Push debounce stable[17] 6 for config EnvoyFilter/echo/tier1-gg-default-upstream-traffic-setting and 5 more configs: 100.286166ms since last change, 110.211167ms since last push, full=true
2026-05-20T18:53:38.196056Z	info	ads	XDS: Pushing Services:15 ConnectedEndpoints:3 Version:2026-05-20T18:53:38Z/13
2026-05-20T18:53:38.196196Z	info	delta	CDS: PUSH for node:tier1-gateway-86bff4cfb-cmckw.tier1 resources:1 removed:0 size:72B
2026-05-20T18:53:38.196468Z	info	delta	LDS: PUSH for node:tier1-gateway-86bff4cfb-cmckw.tier1 resources:1 removed:0 size:4.5kB
2026-05-20T18:53:38.196549Z	info	delta	RDS: PUSH for node:tier1-gateway-86bff4cfb-cmckw.tier1 resources:1 removed:0 size:701B cached:0/0
2026-05-20T18:53:38.196640Z	info	delta	CDS: PUSH for node:echo-eastwestgateway-c58fcbbff-wtnqm.echo resources:1 removed:0 size:50B
2026-05-20T18:53:38.196656Z	info	delta	LDS: PUSH for node:echo-eastwestgateway-c58fcbbff-wtnqm.echo resources:0 removed:0 size:0B
2026-05-20T18:53:38.196681Z	info	delta	CDS: PUSH for node:tier1-gateway-86bff4cfb-t477p.echo resources:1 removed:0 size:50B
2026-05-20T18:53:38.196693Z	info	delta	LDS: PUSH for node:tier1-gateway-86bff4cfb-t477p.echo resources:0 removed:1 size:0B
2026-05-20T18:53:38.196704Z	warn	buildGatewayRoutes: no gateways for router tier1-gateway-86bff4cfb-t477p.echo
2026-05-20T18:53:38.196709Z	info	delta	RDS: PUSH for node:tier1-gateway-86bff4cfb-t477p.echo resources:1 removed:0 size:13B cached:0/0
2026-05-20T18:53:39.097109Z	info	sync complete	name=istiod analyzer attempt=1 time=27µs
2026-05-20T18:53:44.101761Z	info	sync complete	name=istiod analyzer attempt=1 time=26.542µs
2026-05-20T18:53:48.273867Z	info	ads	Push debounce stable[18] 1 for config ServiceEntry/echo/echo-eastwestgateway.echo.svc.cluster.local: 101.80775ms since last change, 101.807708ms since last push, full=false
2026-05-20T18:53:48.273925Z	info	ads	XDS: Incremental Pushing ConnectedEndpoints:3 Version:2026-05-20T18:53:38Z/13
2026-05-20T18:53:49.110573Z	info	delta	ADS: "10.10.0.16:49466" tier1-gateway-86bff4cfb-t477p.echo-2 terminated
2026-05-20T18:53:49.177771Z	info	sync complete	name=istiod analyzer attempt=1 time=24.083µs
2026-05-20T18:53:51.010834Z	info	sync complete	name=istiod analyzer attempt=1 time=30.625µs
2026-05-20T18:53:54.178030Z	info	delta	ADS: "10.10.0.17:43682" echo-eastwestgateway-c58fcbbff-wtnqm.echo-1 terminated
2026-05-20T18:53:54.187746Z	info	sync complete	name=istiod analyzer attempt=1 time=24.833µs
2026-05-20T18:53:54.261278Z	info	model	Incremental push, service echo-eastwestgateway.echo.svc.cluster.local at shard Kubernetes/cluster-0 has no endpoints
2026-05-20T18:53:54.361838Z	info	ads	Push debounce stable[19] 1 for config ServiceEntry/echo/echo-eastwestgateway.echo.svc.cluster.local: 100.527375ms since last change, 100.527292ms since last push, full=false
2026-05-20T18:53:54.361886Z	info	ads	XDS: Incremental Pushing ConnectedEndpoints:1 Version:2026-05-20T18:53:38Z/13
2026-05-20T18:53:56.019740Z	info	ads	Push debounce stable[20] 1 for config EnvoyFilter/echo/default-upstream-traffic-setting: 101.474709ms since last change, 101.474667ms since last push, full=true
2026-05-20T18:53:56.019958Z	info	ads	XDS: Pushing Services:15 ConnectedEndpoints:1 Version:2026-05-20T18:53:56Z/14
2026-05-20T18:53:56.020089Z	info	delta	CDS: PUSH for node:tier1-gateway-86bff4cfb-cmckw.tier1 resources:1 removed:0 size:72B
2026-05-20T18:53:56.020340Z	info	delta	LDS: PUSH for node:tier1-gateway-86bff4cfb-cmckw.tier1 resources:1 removed:0 size:4.5kB
2026-05-20T18:53:56.020412Z	info	delta	RDS: PUSH for node:tier1-gateway-86bff4cfb-cmckw.tier1 resources:1 removed:0 size:701B cached:0/0
2026-05-20T18:53:56.072420Z	info	model	reloading network gateways
2026-05-20T18:53:56.072477Z	info	model	gateways changed, triggering push
2026-05-20T18:53:56.076600Z	info	model	Incremental push, service echo-eastwestgateway.echo.svc.cluster.local at shard Kubernetes/cluster-0 has no endpoints
2026-05-20T18:53:56.176763Z	info	ads	Push debounce stable[21] 4 for config ServiceEntry/echo/echo-eastwestgateway.echo.svc.cluster.local: 100.054458ms since last change, 104.227459ms since last push, full=true
2026-05-20T18:53:56.178214Z	info	ads	XDS: Pushing Services:14 ConnectedEndpoints:1 Version:2026-05-20T18:53:56Z/15
2026-05-20T18:53:56.178342Z	info	delta	CDS: PUSH for node:tier1-gateway-86bff4cfb-cmckw.tier1 resources:1 removed:0 size:72B
2026-05-20T18:53:56.178541Z	info	delta	LDS: PUSH for node:tier1-gateway-86bff4cfb-cmckw.tier1 resources:1 removed:0 size:4.5kB
2026-05-20T18:53:56.178614Z	info	delta	RDS: PUSH for node:tier1-gateway-86bff4cfb-cmckw.tier1 resources:1 removed:0 size:701B cached:0/0
2026-05-20T18:53:56.309890Z	info	ads	Push debounce stable[22] 2 for config ConfigMap/echo/kube-root-ca.crt and 1 more configs: 100.222667ms since last change, 104.396917ms since last push, full=true
2026-05-20T18:53:56.310011Z	info	ads	XDS: Pushing Services:14 ConnectedEndpoints:1 Version:2026-05-20T18:53:56Z/16
2026-05-20T18:53:56.310132Z	info	delta	CDS: PUSH for node:tier1-gateway-86bff4cfb-cmckw.tier1 resources:1 removed:0 size:72B
2026-05-20T18:53:56.310349Z	info	delta	LDS: PUSH for node:tier1-gateway-86bff4cfb-cmckw.tier1 resources:1 removed:0 size:4.5kB
2026-05-20T18:53:56.310418Z	info	delta	RDS: PUSH for node:tier1-gateway-86bff4cfb-cmckw.tier1 resources:1 removed:0 size:701B cached:0/0
2026-05-20T18:53:56.422056Z	info	ads	Push debounce stable[23] 3 for config EnvoyFilter/echo/default-upstream-traffic-setting and 2 more configs: 100.477458ms since last change, 102.569125ms since last push, full=true
2026-05-20T18:53:56.422402Z	info	ads	XDS: Pushing Services:14 ConnectedEndpoints:1 Version:2026-05-20T18:53:56Z/17
2026-05-20T18:53:56.422498Z	info	delta	CDS: PUSH for node:tier1-gateway-86bff4cfb-cmckw.tier1 resources:1 removed:0 size:72B
2026-05-20T18:53:56.422710Z	info	delta	LDS: PUSH for node:tier1-gateway-86bff4cfb-cmckw.tier1 resources:1 removed:0 size:4.5kB
2026-05-20T18:53:56.422771Z	info	delta	RDS: PUSH for node:tier1-gateway-86bff4cfb-cmckw.tier1 resources:1 removed:0 size:701B cached:0/0
2026-05-20T18:53:57.327953Z	info	sync complete	name=istiod analyzer attempt=1 time=26.292µs
2026-05-20T18:53:57.438644Z	info	ads	Push debounce stable[24] 1 for config EnvoyFilter/echo/default-upstream-traffic-setting: 100.397166ms since last change, 100.397125ms since last push, full=true
2026-05-20T18:53:57.439158Z	info	ads	XDS: Pushing Services:14 ConnectedEndpoints:1 Version:2026-05-20T18:53:57Z/18
2026-05-20T18:53:57.439265Z	info	delta	CDS: PUSH for node:tier1-gateway-86bff4cfb-cmckw.tier1 resources:1 removed:0 size:72B
2026-05-20T18:53:57.439477Z	info	delta	LDS: PUSH for node:tier1-gateway-86bff4cfb-cmckw.tier1 resources:1 removed:0 size:4.5kB
2026-05-20T18:53:57.439540Z	info	delta	RDS: PUSH for node:tier1-gateway-86bff4cfb-cmckw.tier1 resources:1 removed:0 size:701B cached:0/0
2026-05-20T18:53:58.339161Z	info	sync complete	name=istiod analyzer attempt=1 time=26.375µs
2026-05-20T18:54:29.095841Z	info	sync complete	name=istiod analyzer attempt=1 time=34µs
2026-05-20T18:54:33.990044Z	info	model	reloading network gateways
2026-05-20T18:54:33.990076Z	info	model	gateways changed, triggering push
2026-05-20T18:54:33.996398Z	info	model	Incremental push, service echo-eastwestgateway.echo.svc.cluster.local at shard Kubernetes/cluster-0 has no endpoints
2026-05-20T18:54:33.998502Z	info	Process sidecar injection request	path=/inject pod=echo/echo-eastwestgateway-c58fcbbff-***** (actual name not yet known)
2026-05-20T18:54:34.096757Z	info	ads	Push debounce stable[25] 5 for config ServiceEntry/echo/echo-eastwestgateway.echo.svc.cluster.local: 100.22775ms since last change, 111.098041ms since last push, full=true
2026-05-20T18:54:34.098081Z	info	ads	XDS: Pushing Services:15 ConnectedEndpoints:1 Version:2026-05-20T18:54:34Z/19
2026-05-20T18:54:34.098228Z	info	delta	CDS: PUSH for node:tier1-gateway-86bff4cfb-cmckw.tier1 resources:1 removed:0 size:72B
2026-05-20T18:54:34.098430Z	info	delta	LDS: PUSH for node:tier1-gateway-86bff4cfb-cmckw.tier1 resources:1 removed:0 size:4.5kB
2026-05-20T18:54:34.098512Z	info	delta	RDS: PUSH for node:tier1-gateway-86bff4cfb-cmckw.tier1 resources:1 removed:0 size:701B cached:0/0
2026-05-20T18:54:34.702335Z	info	delta	ADS: new delta connection for node:echo-eastwestgateway-c58fcbbff-4s58v.echo-4
2026-05-20T18:54:34.702416Z	info	delta	CDS: PUSH request for node:echo-eastwestgateway-c58fcbbff-4s58v.echo resources:1 removed:0 size:50B
2026-05-20T18:54:34.704173Z	info	delta	LDS: PUSH request for node:echo-eastwestgateway-c58fcbbff-4s58v.echo resources:0 removed:0 size:0B
2026-05-20T18:54:35.020604Z	info	sync complete	name=istiod analyzer attempt=1 time=22.708µs
2026-05-20T18:54:35.076788Z	info	model	Full push, new service echo/echo-eastwestgateway.echo.svc.cluster.local
2026-05-20T18:54:35.079956Z	info	delta	CDS: PUSH for node:echo-eastwestgateway-c58fcbbff-4s58v.echo resources:1 removed:0 size:50B
2026-05-20T18:54:35.079993Z	info	delta	LDS: PUSH for node:echo-eastwestgateway-c58fcbbff-4s58v.echo resources:0 removed:0 size:0B
2026-05-20T18:54:35.183803Z	info	ads	Push debounce stable[26] 2 for config ServiceEntry/echo/echo-eastwestgateway.echo.svc.cluster.local: 100.49725ms since last change, 106.930166ms since last push, full=true
2026-05-20T18:54:35.183996Z	info	ads	XDS: Pushing Services:15 ConnectedEndpoints:2 Version:2026-05-20T18:54:35Z/20
2026-05-20T18:54:35.184151Z	info	delta	CDS: PUSH for node:echo-eastwestgateway-c58fcbbff-4s58v.echo resources:1 removed:0 size:50B
2026-05-20T18:54:35.184180Z	info	delta	LDS: PUSH for node:echo-eastwestgateway-c58fcbbff-4s58v.echo resources:0 removed:0 size:0B
2026-05-20T18:54:36.087710Z	info	sync complete	name=istiod analyzer attempt=1 time=27.208µs
2026-05-20T18:58:02.281035Z	info	sync complete	name=istiod analyzer attempt=1 time=24.75µs
2026-05-20T18:58:03.402407Z	info	sync complete	name=istiod analyzer attempt=1 time=34.458µs
2026-05-20T18:58:04.469958Z	info	sync complete	name=istiod analyzer attempt=1 time=26.625µs
2026-05-20T18:59:33.859568Z	info	sync complete	name=istiod analyzer attempt=1 time=37.083µs
2026-05-20T18:59:50.568550Z	info	ads	Push debounce stable[27] 2 for config VirtualService/tier1/tier1-echo-gw-echo and 1 more configs: 101.265375ms since last change, 101.604542ms since last push, full=true
2026-05-20T18:59:50.568728Z	info	ads	XDS: Pushing Services:15 ConnectedEndpoints:2 Version:2026-05-20T18:59:50Z/21
2026-05-20T18:59:50.568856Z	info	delta	CDS: PUSH for node:echo-eastwestgateway-c58fcbbff-4s58v.echo resources:1 removed:0 size:50B
2026-05-20T18:59:50.568882Z	info	delta	LDS: PUSH for node:echo-eastwestgateway-c58fcbbff-4s58v.echo resources:0 removed:0 size:0B
2026-05-20T18:59:50.568951Z	info	delta	CDS: PUSH for node:tier1-gateway-86bff4cfb-cmckw.tier1 resources:1 removed:0 size:72B
2026-05-20T18:59:50.569189Z	info	delta	LDS: PUSH for node:tier1-gateway-86bff4cfb-cmckw.tier1 resources:1 removed:0 size:4.5kB
2026-05-20T18:59:50.569261Z	info	delta	RDS: PUSH for node:tier1-gateway-86bff4cfb-cmckw.tier1 resources:1 removed:0 size:695B cached:0/0
2026-05-20T18:59:51.468898Z	info	sync complete	name=istiod analyzer attempt=1 time=32.458µs
2026-05-20T18:59:51.574635Z	info	ads	Push debounce stable[28] 2 for config DestinationRule/tier1/tier1-tier1-echo-gwecho-tetrate-io and 1 more configs: 100.479584ms since last change, 101.580833ms since last push, full=true
2026-05-20T18:59:51.574902Z	info	ads	XDS: Pushing Services:15 ConnectedEndpoints:2 Version:2026-05-20T18:59:51Z/22
2026-05-20T18:59:51.575057Z	info	delta	CDS: PUSH for node:tier1-gateway-86bff4cfb-cmckw.tier1 resources:1 removed:0 size:72B
2026-05-20T18:59:51.575299Z	info	delta	LDS: PUSH for node:tier1-gateway-86bff4cfb-cmckw.tier1 resources:1 removed:0 size:4.5kB
2026-05-20T18:59:51.575371Z	info	delta	RDS: PUSH for node:tier1-gateway-86bff4cfb-cmckw.tier1 resources:1 removed:0 size:695B cached:0/0
2026-05-20T18:59:51.575461Z	info	delta	CDS: PUSH for node:echo-eastwestgateway-c58fcbbff-4s58v.echo resources:1 removed:0 size:50B
2026-05-20T18:59:51.575475Z	info	delta	LDS: PUSH for node:echo-eastwestgateway-c58fcbbff-4s58v.echo resources:0 removed:0 size:0B
2026-05-20T18:59:52.474963Z	info	sync complete	name=istiod analyzer attempt=1 time=33.833µs
2026-05-20T19:00:25.294186Z	info	sync complete	name=istiod analyzer attempt=1 time=27.625µs
2026-05-20T19:00:25.865059Z	info	ads	Push debounce stable[29] 3 for config ServiceEntry/istio-system/xcp-edge-internal.istio-system.svc.cluster.local: 100.327583ms since last change, 209.597917ms since last push, full=false
2026-05-20T19:00:25.865111Z	info	ads	XDS: Incremental Pushing ConnectedEndpoints:2 Version:2026-05-20T18:59:51Z/22
2026-05-20T19:00:27.661142Z	info	sync complete	name=istiod analyzer attempt=1 time=35.542µs
2026-05-20T19:01:12.739459Z	info	sync complete	name=istiod analyzer attempt=1 time=34.708µs
2026-05-20T19:01:13.804018Z	info	sync complete	name=istiod analyzer attempt=1 time=31.666µs
2026-05-20T19:04:40.160327Z	info	sync complete	name=istiod analyzer attempt=1 time=50.917µs
2026-05-20T19:06:06.831966Z	info	model	Cache Update, new service xcp-multicluster/echo.tetrate.io
2026-05-20T19:06:06.942078Z	info	ads	Push debounce stable[30] 3 for config DestinationRule/xcp-multicluster/global-gateway-echo-tetrate-io and 1 more configs: 100.175291ms since last change, 110.021917ms since last push, full=true
2026-05-20T19:06:06.942979Z	info	ads	XDS: Pushing Services:16 ConnectedEndpoints:2 Version:2026-05-20T19:06:06Z/23
2026-05-20T19:06:06.943522Z	info	delta	CDS: PUSH for node:echo-eastwestgateway-c58fcbbff-4s58v.echo resources:1 removed:0 size:50B
2026-05-20T19:06:06.943564Z	info	delta	LDS: PUSH for node:echo-eastwestgateway-c58fcbbff-4s58v.echo resources:0 removed:0 size:0B
2026-05-20T19:06:06.943911Z	info	delta	CDS: PUSH for node:tier1-gateway-86bff4cfb-cmckw.tier1 resources:3 removed:0 size:2.4kB cached:0/2
2026-05-20T19:06:06.944300Z	info	delta	LDS: PUSH for node:tier1-gateway-86bff4cfb-cmckw.tier1 resources:1 removed:0 size:4.5kB
2026-05-20T19:06:06.944426Z	info	delta	RDS: PUSH for node:tier1-gateway-86bff4cfb-cmckw.tier1 resources:1 removed:0 size:695B cached:0/0
2026-05-20T19:06:06.954441Z	info	delta	EDS: PUSH request for node:tier1-gateway-86bff4cfb-cmckw.tier1 resources:2 removed:0 size:317B empty:0 cached:0/2 filtered:0
2026-05-20T19:06:07.843276Z	info	sync complete	name=istiod analyzer attempt=1 time=24.167µs
2026-05-20T19:06:07.951417Z	info	ads	Push debounce stable[31] 2 for config VirtualService/tier1/tier1-echo-gw-echo and 1 more configs: 100.727791ms since last change, 100.754375ms since last push, full=true
2026-05-20T19:06:07.951642Z	info	ads	XDS: Pushing Services:16 ConnectedEndpoints:2 Version:2026-05-20T19:06:07Z/24
2026-05-20T19:06:07.951857Z	info	delta	CDS: PUSH for node:tier1-gateway-86bff4cfb-cmckw.tier1 resources:3 removed:0 size:2.4kB cached:0/2
2026-05-20T19:06:07.951923Z	info	delta	EDS: PUSH for node:tier1-gateway-86bff4cfb-cmckw.tier1 resources:2 removed:0 size:317B empty:0 cached:0/2
2026-05-20T19:06:07.952241Z	info	delta	LDS: PUSH for node:tier1-gateway-86bff4cfb-cmckw.tier1 resources:1 removed:0 size:4.5kB
2026-05-20T19:06:07.952324Z	info	delta	RDS: PUSH for node:tier1-gateway-86bff4cfb-cmckw.tier1 resources:1 removed:0 size:695B cached:0/0
2026-05-20T19:06:07.952421Z	info	delta	CDS: PUSH for node:echo-eastwestgateway-c58fcbbff-4s58v.echo resources:1 removed:0 size:50B
2026-05-20T19:06:07.952434Z	info	delta	LDS: PUSH for node:echo-eastwestgateway-c58fcbbff-4s58v.echo resources:0 removed:0 size:0B
2026-05-20T19:06:08.851382Z	info	sync complete	name=istiod analyzer attempt=1 time=26µs
2026-05-20T19:06:46.043723Z	info	sync complete	name=istiod analyzer attempt=1 time=40.208µs
2026-05-20T19:06:47.316462Z	info	sync complete	name=istiod analyzer attempt=1 time=36.833µs
2026-05-20T19:06:48.381322Z	info	sync complete	name=istiod analyzer attempt=1 time=22.125µs
2026-05-20T19:07:11.363558Z	info	sync complete	name=istiod analyzer attempt=1 time=59.583µs
2026-05-20T19:07:13.375457Z	info	sync complete	name=istiod analyzer attempt=1 time=51.042µs
2026-05-20T19:07:15.375207Z	info	sync complete	name=istiod analyzer attempt=1 time=32.5µs
2026-05-20T19:07:16.446437Z	info	sync complete	name=istiod analyzer attempt=1 time=43µs
2026-05-20T19:09:46.404396Z	info	sync complete	name=istiod analyzer attempt=1 time=62.916µs
2026-05-20T19:14:52.717074Z	info	sync complete	name=istiod analyzer attempt=1 time=25.959µs
2026-05-20T19:17:37.387021Z	info	sync complete	name=istiod analyzer attempt=1 time=27.875µs
2026-05-20T19:17:38.454806Z	info	sync complete	name=istiod analyzer attempt=1 time=25.167µs
2026-05-20T19:18:10.122124Z	info	sync complete	name=istiod analyzer attempt=1 time=28.958µs
2026-05-20T19:18:11.443223Z	info	sync complete	name=istiod analyzer attempt=1 time=24.792µs
2026-05-20T19:18:12.515001Z	info	sync complete	name=istiod analyzer attempt=1 time=25.125µs
2026-05-20T19:19:58.145827Z	info	sync complete	name=istiod analyzer attempt=1 time=24.292µs
2026-05-20T19:22:20.867230Z	info	sync complete	name=istiod analyzer attempt=1 time=26.334µs
2026-05-20T19:22:21.937248Z	info	sync complete	name=istiod analyzer attempt=1 time=31.583µs
2026-05-20T19:24:56.721701Z	info	delta	ADS: "10.10.0.24:57504" echo-eastwestgateway-c58fcbbff-4s58v.echo-4 terminated
2026-05-20T19:24:57.013713Z	info	delta	ADS: "10.10.0.23:47186" tier1-gateway-86bff4cfb-cmckw.tier1-3 terminated
2026-05-20T19:24:57.117036Z	info	delta	ADS: new delta connection for node:echo-eastwestgateway-c58fcbbff-4s58v.echo-5
2026-05-20T19:24:57.117251Z	info	delta	CDS: PUSH request for node:echo-eastwestgateway-c58fcbbff-4s58v.echo resources:1 removed:0 size:50B filtered:0
2026-05-20T19:24:57.117274Z	info	delta	LDS: PUSH request for node:echo-eastwestgateway-c58fcbbff-4s58v.echo resources:0 removed:0 size:0B
2026-05-20T19:24:57.294557Z	info	delta	ADS: new delta connection for node:tier1-gateway-86bff4cfb-cmckw.tier1-6
2026-05-20T19:24:57.294712Z	info	delta	CDS: PUSH request for node:tier1-gateway-86bff4cfb-cmckw.tier1 resources:3 removed:0 size:2.4kB cached:2/2 filtered:0
2026-05-20T19:24:57.295853Z	info	delta	LDS: PUSH request for node:tier1-gateway-86bff4cfb-cmckw.tier1 resources:1 removed:0 size:4.5kB filtered:0
2026-05-20T19:24:57.296405Z	info	delta	RDS: PUSH request for node:tier1-gateway-86bff4cfb-cmckw.tier1 resources:1 removed:0 size:695B cached:0/0 filtered:0
2026-05-20T19:24:57.296432Z	info	delta	EDS: PUSH request for node:tier1-gateway-86bff4cfb-cmckw.tier1 resources:2 removed:0 size:317B empty:0 cached:2/2 filtered:0
2026-05-20T19:25:04.843703Z	info	sync complete	name=istiod analyzer attempt=1 time=30.292µs
2026-05-20T19:26:47.103569Z	info	ads	Push debounce stable[32] 2 for config ServiceEntry/xcp-multicluster/echo.tetrate.io and 1 more configs: 100.509625ms since last change, 103.025625ms since last push, full=true
2026-05-20T19:26:47.103856Z	info	ads	XDS: Pushing Services:15 ConnectedEndpoints:2 Version:2026-05-20T19:26:47Z/25
2026-05-20T19:26:47.104069Z	info	delta	CDS: PUSH for node:tier1-gateway-86bff4cfb-cmckw.tier1 resources:1 removed:2 size:72B
2026-05-20T19:26:47.104097Z	info	delta	EDS: PUSH for node:tier1-gateway-86bff4cfb-cmckw.tier1 resources:2 removed:0 size:89B empty:2 cached:0/2
2026-05-20T19:26:47.104361Z	info	delta	LDS: PUSH for node:tier1-gateway-86bff4cfb-cmckw.tier1 resources:1 removed:0 size:4.5kB
2026-05-20T19:26:47.104439Z	info	delta	RDS: PUSH for node:tier1-gateway-86bff4cfb-cmckw.tier1 resources:1 removed:0 size:695B cached:0/0
2026-05-20T19:26:47.104544Z	info	delta	CDS: PUSH for node:echo-eastwestgateway-c58fcbbff-4s58v.echo resources:1 removed:0 size:50B
2026-05-20T19:26:47.104559Z	info	delta	LDS: PUSH for node:echo-eastwestgateway-c58fcbbff-4s58v.echo resources:0 removed:0 size:0B
2026-05-20T19:26:48.003552Z	info	sync complete	name=istiod analyzer attempt=1 time=27.792µs
2026-05-20T19:26:48.110591Z	info	ads	Push debounce stable[33] 2 for config VirtualService/tier1/tier1-echo-gw-echo and 1 more configs: 101.916709ms since last change, 101.933125ms since last push, full=true
2026-05-20T19:26:48.110849Z	info	ads	XDS: Pushing Services:15 ConnectedEndpoints:2 Version:2026-05-20T19:26:48Z/26
2026-05-20T19:26:48.110975Z	info	delta	CDS: PUSH for node:tier1-gateway-86bff4cfb-cmckw.tier1 resources:1 removed:0 size:72B
2026-05-20T19:26:48.111235Z	info	delta	LDS: PUSH for node:tier1-gateway-86bff4cfb-cmckw.tier1 resources:1 removed:0 size:4.5kB
2026-05-20T19:26:48.111310Z	info	delta	RDS: PUSH for node:tier1-gateway-86bff4cfb-cmckw.tier1 resources:1 removed:0 size:695B cached:0/0
2026-05-20T19:26:48.111419Z	info	delta	CDS: PUSH for node:echo-eastwestgateway-c58fcbbff-4s58v.echo resources:1 removed:0 size:50B
2026-05-20T19:26:48.111436Z	info	delta	LDS: PUSH for node:echo-eastwestgateway-c58fcbbff-4s58v.echo resources:0 removed:0 size:0B
2026-05-20T19:26:49.009857Z	info	sync complete	name=istiod analyzer attempt=1 time=28.875µs
2026-05-20T19:26:54.331136Z	info	sync complete	name=istiod analyzer attempt=1 time=57.875µs
2026-05-20T19:26:55.403664Z	info	sync complete	name=istiod analyzer attempt=1 time=30.333µs
2026-05-20T19:28:13.494541Z	info	model	Cache Update, new service xcp-multicluster/echo.tetrate.io
2026-05-20T19:28:13.599942Z	info	ads	Push debounce stable[34] 3 for config DestinationRule/xcp-multicluster/global-gateway-echo-tetrate-io and 1 more configs: 100.629958ms since last change, 105.681667ms since last push, full=true
2026-05-20T19:28:13.600122Z	info	ads	XDS: Pushing Services:16 ConnectedEndpoints:2 Version:2026-05-20T19:28:13Z/27
2026-05-20T19:28:13.600349Z	info	delta	CDS: PUSH for node:tier1-gateway-86bff4cfb-cmckw.tier1 resources:3 removed:0 size:2.4kB cached:0/2
2026-05-20T19:28:13.600558Z	info	delta	LDS: PUSH for node:tier1-gateway-86bff4cfb-cmckw.tier1 resources:1 removed:0 size:4.5kB
2026-05-20T19:28:13.600625Z	info	delta	RDS: PUSH for node:tier1-gateway-86bff4cfb-cmckw.tier1 resources:1 removed:0 size:695B cached:0/0
2026-05-20T19:28:13.600713Z	info	delta	CDS: PUSH for node:echo-eastwestgateway-c58fcbbff-4s58v.echo resources:1 removed:0 size:50B
2026-05-20T19:28:13.600894Z	info	delta	LDS: PUSH for node:echo-eastwestgateway-c58fcbbff-4s58v.echo resources:0 removed:0 size:0B
2026-05-20T19:28:13.603827Z	info	delta	EDS: PUSH request for node:tier1-gateway-86bff4cfb-cmckw.tier1 resources:2 removed:0 size:317B empty:0 cached:0/2 filtered:0
2026-05-20T19:28:14.499925Z	info	sync complete	name=istiod analyzer attempt=1 time=36.25µs
2026-05-20T19:28:14.606800Z	info	ads	Push debounce stable[35] 2 for config VirtualService/tier1/tier1-echo-gw-echo and 1 more configs: 101.10125ms since last change, 102.692667ms since last push, full=true
2026-05-20T19:28:14.606984Z	info	ads	XDS: Pushing Services:16 ConnectedEndpoints:2 Version:2026-05-20T19:28:14Z/28
2026-05-20T19:28:14.607178Z	info	delta	CDS: PUSH for node:tier1-gateway-86bff4cfb-cmckw.tier1 resources:3 removed:0 size:2.4kB cached:0/2
2026-05-20T19:28:14.607234Z	info	delta	EDS: PUSH for node:tier1-gateway-86bff4cfb-cmckw.tier1 resources:2 removed:0 size:317B empty:0 cached:0/2
2026-05-20T19:28:14.607436Z	info	delta	LDS: PUSH for node:tier1-gateway-86bff4cfb-cmckw.tier1 resources:1 removed:0 size:4.5kB
2026-05-20T19:28:14.607494Z	info	delta	RDS: PUSH for node:tier1-gateway-86bff4cfb-cmckw.tier1 resources:1 removed:0 size:695B cached:0/0
2026-05-20T19:28:14.607575Z	info	delta	CDS: PUSH for node:echo-eastwestgateway-c58fcbbff-4s58v.echo resources:1 removed:0 size:50B
2026-05-20T19:28:14.607589Z	info	delta	LDS: PUSH for node:echo-eastwestgateway-c58fcbbff-4s58v.echo resources:0 removed:0 size:0B
2026-05-20T19:28:15.507010Z	info	sync complete	name=istiod analyzer attempt=1 time=27.917µs
2026-05-20T19:30:10.998454Z	info	sync complete	name=istiod analyzer attempt=1 time=26.708µs
2026-05-20T19:33:24.503692Z	info	sync complete	name=istiod analyzer attempt=1 time=25.75µs
2026-05-20T19:33:25.926685Z	info	sync complete	name=istiod analyzer attempt=1 time=24.75µs
2026-05-20T19:33:26.995813Z	info	sync complete	name=istiod analyzer attempt=1 time=26.334µs
2026-05-20T19:35:16.211582Z	info	sync complete	name=istiod analyzer attempt=1 time=82.375µs
2026-05-20T19:40:21.794440Z	info	sync complete	name=istiod analyzer attempt=1 time=25.041µs
2026-05-20T19:45:28.622524Z	info	sync complete	name=istiod analyzer attempt=1 time=27.125µs
2026-05-20T19:50:33.910805Z	info	sync complete	name=istiod analyzer attempt=1 time=27.25µs
2026-05-20T19:54:18.538616Z	info	delta	ADS: "10.10.0.23:57402" tier1-gateway-86bff4cfb-cmckw.tier1-6 terminated
2026-05-20T19:54:18.764675Z	info	delta	ADS: new delta connection for node:tier1-gateway-86bff4cfb-cmckw.tier1-7
2026-05-20T19:54:18.764793Z	info	delta	CDS: PUSH request for node:tier1-gateway-86bff4cfb-cmckw.tier1 resources:3 removed:0 size:2.4kB cached:2/2 filtered:0
2026-05-20T19:54:18.765940Z	info	delta	LDS: PUSH request for node:tier1-gateway-86bff4cfb-cmckw.tier1 resources:1 removed:0 size:4.5kB filtered:0
2026-05-20T19:54:18.766362Z	info	delta	RDS: PUSH request for node:tier1-gateway-86bff4cfb-cmckw.tier1 resources:1 removed:0 size:695B cached:0/0 filtered:0
2026-05-20T19:54:18.766629Z	info	delta	EDS: PUSH request for node:tier1-gateway-86bff4cfb-cmckw.tier1 resources:2 removed:0 size:317B empty:0 cached:2/2 filtered:0
2026-05-20T19:55:39.698584Z	info	sync complete	name=istiod analyzer attempt=1 time=46.042µs
2026-05-20T19:57:18.200790Z	info	delta	ADS: "10.10.0.24:41814" echo-eastwestgateway-c58fcbbff-4s58v.echo-5 terminated
2026-05-20T19:57:18.286391Z	info	delta	ADS: new delta connection for node:echo-eastwestgateway-c58fcbbff-4s58v.echo-8
2026-05-20T19:57:18.286639Z	info	delta	CDS: PUSH request for node:echo-eastwestgateway-c58fcbbff-4s58v.echo resources:1 removed:0 size:50B filtered:0
2026-05-20T19:57:18.286672Z	info	delta	LDS: PUSH request for node:echo-eastwestgateway-c58fcbbff-4s58v.echo resources:0 removed:0 size:0B
2026-05-20T20:00:46.626675Z	info	sync complete	name=istiod analyzer attempt=1 time=72.583µs
2026-05-20T20:54:45.006370Z	info	sync complete	name=istiod analyzer attempt=1 time=28.25µs
2026-05-20T21:31:07.169760Z	info	sync complete	name=istiod analyzer attempt=1 time=25.084µs
2026-05-20T21:58:31.580861Z	info	sync complete	name=istiod analyzer attempt=1 time=30.959µs
2026-05-20T22:19:03.140281Z	info	sync complete	name=istiod analyzer attempt=1 time=23.959µs
2026-05-20T22:20:40.850505Z	info	delta	ADS: "10.10.0.23:52624" tier1-gateway-86bff4cfb-cmckw.tier1-7 terminated
2026-05-20T22:20:41.101636Z	info	delta	ADS: new delta connection for node:tier1-gateway-86bff4cfb-cmckw.tier1-9
2026-05-20T22:20:41.101886Z	info	delta	CDS: PUSH request for node:tier1-gateway-86bff4cfb-cmckw.tier1 resources:3 removed:0 size:2.4kB cached:2/2 filtered:0
2026-05-20T22:20:41.102440Z	info	delta	LDS: PUSH request for node:tier1-gateway-86bff4cfb-cmckw.tier1 resources:1 removed:0 size:4.5kB filtered:0
2026-05-20T22:20:41.102839Z	info	delta	RDS: PUSH request for node:tier1-gateway-86bff4cfb-cmckw.tier1 resources:1 removed:0 size:695B cached:0/0 filtered:0
2026-05-20T22:20:41.102861Z	info	delta	EDS: PUSH request for node:tier1-gateway-86bff4cfb-cmckw.tier1 resources:2 removed:0 size:317B empty:0 cached:2/2 filtered:0
2026-05-20T22:38:52.012026Z	info	delta	ADS: "10.10.0.24:58900" echo-eastwestgateway-c58fcbbff-4s58v.echo-8 terminated
2026-05-20T22:38:52.417673Z	info	delta	ADS: new delta connection for node:echo-eastwestgateway-c58fcbbff-4s58v.echo-10
2026-05-20T22:38:52.418415Z	info	delta	CDS: PUSH request for node:echo-eastwestgateway-c58fcbbff-4s58v.echo resources:1 removed:0 size:50B filtered:0
2026-05-20T22:38:52.418654Z	info	delta	LDS: PUSH request for node:echo-eastwestgateway-c58fcbbff-4s58v.echo resources:0 removed:0 size:0B
2026-05-20T22:39:10.434436Z	info	sync complete	name=istiod analyzer attempt=1 time=78.125µs
2026-05-20T23:15:06.290852Z	info	sync complete	name=istiod analyzer attempt=1 time=28.125µs
2026-05-20T23:36:01.111992Z	info	sync complete	name=istiod analyzer attempt=1 time=23.875µs
2026-05-20T23:41:07.420736Z	info	sync complete	name=istiod analyzer attempt=1 time=55.041µs
2026-05-20T23:46:13.898984Z	info	sync complete	name=istiod analyzer attempt=1 time=25.542µs
2026-05-20T23:51:20.034749Z	info	sync complete	name=istiod analyzer attempt=1 time=33.375µs
2026-05-20T23:51:24.120394Z	info	delta	ADS: "10.10.0.23:35724" tier1-gateway-86bff4cfb-cmckw.tier1-9 terminated
2026-05-20T23:51:24.323175Z	info	delta	ADS: new delta connection for node:tier1-gateway-86bff4cfb-cmckw.tier1-11
2026-05-20T23:51:24.323295Z	info	delta	CDS: PUSH request for node:tier1-gateway-86bff4cfb-cmckw.tier1 resources:3 removed:0 size:2.4kB cached:2/2 filtered:0
2026-05-20T23:51:24.323809Z	info	delta	LDS: PUSH request for node:tier1-gateway-86bff4cfb-cmckw.tier1 resources:1 removed:0 size:4.5kB filtered:0
2026-05-20T23:51:24.324231Z	info	delta	RDS: PUSH request for node:tier1-gateway-86bff4cfb-cmckw.tier1 resources:1 removed:0 size:695B cached:0/0 filtered:0
2026-05-20T23:51:24.324258Z	info	delta	EDS: PUSH request for node:tier1-gateway-86bff4cfb-cmckw.tier1 resources:2 removed:0 size:317B empty:0 cached:2/2 filtered:0
2026-05-20T23:56:26.429121Z	info	sync complete	name=istiod analyzer attempt=1 time=32.667µs
2026-05-20T23:58:15.520725Z	info	delta	ADS: "10.10.0.24:42314" echo-eastwestgateway-c58fcbbff-4s58v.echo-10 terminated
2026-05-20T23:58:15.787729Z	info	delta	ADS: new delta connection for node:echo-eastwestgateway-c58fcbbff-4s58v.echo-12
2026-05-20T23:58:15.787915Z	info	delta	CDS: PUSH request for node:echo-eastwestgateway-c58fcbbff-4s58v.echo resources:1 removed:0 size:50B filtered:0
2026-05-20T23:58:15.787939Z	info	delta	LDS: PUSH request for node:echo-eastwestgateway-c58fcbbff-4s58v.echo resources:0 removed:0 size:0B
2026-05-21T00:01:32.152156Z	info	sync complete	name=istiod analyzer attempt=1 time=29.041µs
2026-05-21T00:06:37.738766Z	info	sync complete	name=istiod analyzer attempt=1 time=24.083µs
2026-05-21T00:11:43.411305Z	info	sync complete	name=istiod analyzer attempt=1 time=59.125µs
2026-05-21T00:16:49.434401Z	info	sync complete	name=istiod analyzer attempt=1 time=26.209µs
2026-05-21T00:20:58.177292Z	info	delta	ADS: "10.10.0.23:50954" tier1-gateway-86bff4cfb-cmckw.tier1-11 terminated
2026-05-21T00:20:58.270451Z	info	delta	ADS: new delta connection for node:tier1-gateway-86bff4cfb-cmckw.tier1-13
2026-05-21T00:20:58.270735Z	info	delta	CDS: PUSH request for node:tier1-gateway-86bff4cfb-cmckw.tier1 resources:3 removed:0 size:2.4kB cached:2/2 filtered:0
2026-05-21T00:20:58.271007Z	info	delta	LDS: PUSH request for node:tier1-gateway-86bff4cfb-cmckw.tier1 resources:1 removed:0 size:4.5kB filtered:0
2026-05-21T00:20:58.271802Z	info	delta	RDS: PUSH request for node:tier1-gateway-86bff4cfb-cmckw.tier1 resources:1 removed:0 size:695B cached:0/0 filtered:0
2026-05-21T00:20:58.271824Z	info	delta	EDS: PUSH request for node:tier1-gateway-86bff4cfb-cmckw.tier1 resources:2 removed:0 size:317B empty:0 cached:2/2 filtered:0
2026-05-21T00:21:55.715858Z	info	sync complete	name=istiod analyzer attempt=1 time=26.833µs
2026-05-21T00:26:17.055909Z	info	delta	ADS: "10.10.0.24:36456" echo-eastwestgateway-c58fcbbff-4s58v.echo-12 terminated
2026-05-21T00:26:17.168491Z	info	delta	ADS: new delta connection for node:echo-eastwestgateway-c58fcbbff-4s58v.echo-14
2026-05-21T00:26:17.168715Z	info	delta	CDS: PUSH request for node:echo-eastwestgateway-c58fcbbff-4s58v.echo resources:1 removed:0 size:50B filtered:0
2026-05-21T00:26:17.168743Z	info	delta	LDS: PUSH request for node:echo-eastwestgateway-c58fcbbff-4s58v.echo resources:0 removed:0 size:0B
2026-05-21T00:27:02.119004Z	info	sync complete	name=istiod analyzer attempt=1 time=27.834µs
2026-05-21T00:32:07.965046Z	info	sync complete	name=istiod analyzer attempt=1 time=29µs
2026-05-21T00:37:14.898523Z	info	sync complete	name=istiod analyzer attempt=1 time=24.208µs
2026-05-21T01:13:40.025162Z	info	sync complete	name=istiod analyzer attempt=1 time=40.375µs
2026-05-21T01:52:37.387454Z	info	sync complete	name=istiod analyzer attempt=1 time=70.458µs
2026-05-21T02:29:24.490746Z	info	sync complete	name=istiod analyzer attempt=1 time=39.042µs
2026-05-21T02:29:34.136048Z	info	delta	ADS: "10.10.0.23:38500" tier1-gateway-86bff4cfb-cmckw.tier1-13 terminated
2026-05-21T02:29:34.153369Z	info	delta	ADS: new delta connection for node:tier1-gateway-86bff4cfb-cmckw.tier1-15
2026-05-21T02:29:34.153492Z	info	delta	CDS: PUSH request for node:tier1-gateway-86bff4cfb-cmckw.tier1 resources:3 removed:0 size:2.4kB cached:2/2 filtered:0
2026-05-21T02:29:34.153971Z	info	delta	LDS: PUSH request for node:tier1-gateway-86bff4cfb-cmckw.tier1 resources:1 removed:0 size:4.5kB filtered:0
2026-05-21T02:29:34.155192Z	info	delta	RDS: PUSH request for node:tier1-gateway-86bff4cfb-cmckw.tier1 resources:1 removed:0 size:695B cached:0/0 filtered:0
2026-05-21T02:29:34.155453Z	info	delta	EDS: PUSH request for node:tier1-gateway-86bff4cfb-cmckw.tier1 resources:2 removed:0 size:317B empty:0 cached:2/2 filtered:0
2026-05-21T02:31:12.415062Z	info	delta	ADS: "10.10.0.24:40924" echo-eastwestgateway-c58fcbbff-4s58v.echo-14 terminated
2026-05-21T02:31:12.825644Z	info	delta	ADS: new delta connection for node:echo-eastwestgateway-c58fcbbff-4s58v.echo-16
2026-05-21T02:31:12.825879Z	info	delta	CDS: PUSH request for node:echo-eastwestgateway-c58fcbbff-4s58v.echo resources:1 removed:0 size:50B filtered:0
2026-05-21T02:31:12.827155Z	info	delta	LDS: PUSH request for node:echo-eastwestgateway-c58fcbbff-4s58v.echo resources:0 removed:0 size:0B
2026-05-21T02:51:22.709443Z	info	sync complete	name=istiod analyzer attempt=1 time=67.708µs
2026-05-21T03:21:26.214392Z	info	sync complete	name=istiod analyzer attempt=1 time=27.792µs
2026-05-21T03:43:17.857088Z	info	sync complete	name=istiod analyzer attempt=1 time=52.833µs
2026-05-21T03:55:53.324829Z	info	sync complete	name=istiod analyzer attempt=1 time=37.375µs
2026-05-21T04:00:59.523626Z	info	sync complete	name=istiod analyzer attempt=1 time=26.25µs
2026-05-21T04:01:52.580248Z	info	sync complete	name=istiod analyzer attempt=1 time=25.5µs
2026-05-21T04:01:53.657579Z	info	sync complete	name=istiod analyzer attempt=1 time=23.667µs
2026-05-21T04:02:09.608207Z	info	sync complete	name=istiod analyzer attempt=1 time=33.667µs
2026-05-21T04:02:10.683408Z	info	sync complete	name=istiod analyzer attempt=1 time=27.084µs
2026-05-21T04:05:12.693441Z	info	delta	ADS: "10.10.0.24:35900" echo-eastwestgateway-c58fcbbff-4s58v.echo-16 terminated
2026-05-21T04:05:13.069134Z	info	delta	ADS: new delta connection for node:echo-eastwestgateway-c58fcbbff-4s58v.echo-17
2026-05-21T04:05:13.069467Z	info	delta	CDS: PUSH request for node:echo-eastwestgateway-c58fcbbff-4s58v.echo resources:1 removed:0 size:50B filtered:0
2026-05-21T04:05:13.069535Z	info	delta	LDS: PUSH request for node:echo-eastwestgateway-c58fcbbff-4s58v.echo resources:0 removed:0 size:0B
2026-05-21T04:06:06.570575Z	info	sync complete	name=istiod analyzer attempt=1 time=62.834µs
2026-05-21T04:06:57.062307Z	info	delta	ADS: "10.10.0.23:47782" tier1-gateway-86bff4cfb-cmckw.tier1-15 terminated
2026-05-21T04:06:57.259241Z	info	delta	ADS: new delta connection for node:tier1-gateway-86bff4cfb-cmckw.tier1-18
2026-05-21T04:06:57.259440Z	info	delta	CDS: PUSH request for node:tier1-gateway-86bff4cfb-cmckw.tier1 resources:3 removed:0 size:2.4kB cached:2/2 filtered:0
2026-05-21T04:06:57.261596Z	info	delta	LDS: PUSH request for node:tier1-gateway-86bff4cfb-cmckw.tier1 resources:1 removed:0 size:4.5kB filtered:0
2026-05-21T04:06:57.262172Z	info	delta	RDS: PUSH request for node:tier1-gateway-86bff4cfb-cmckw.tier1 resources:1 removed:0 size:695B cached:0/0 filtered:0
2026-05-21T04:06:57.262224Z	info	delta	EDS: PUSH request for node:tier1-gateway-86bff4cfb-cmckw.tier1 resources:2 removed:0 size:317B empty:0 cached:2/2 filtered:0
2026-05-21T04:11:12.238715Z	info	sync complete	name=istiod analyzer attempt=1 time=30.916µs
2026-05-21T04:16:18.241475Z	info	sync complete	name=istiod analyzer attempt=1 time=30.791µs
2026-05-21T04:21:23.282245Z	info	sync complete	name=istiod analyzer attempt=1 time=114.625µs
2026-05-21T04:26:28.981944Z	info	sync complete	name=istiod analyzer attempt=1 time=25.416µs
2026-05-21T04:31:35.761831Z	info	sync complete	name=istiod analyzer attempt=1 time=34.125µs
2026-05-21T04:36:28.043637Z	info	delta	ADS: "10.10.0.24:60664" echo-eastwestgateway-c58fcbbff-4s58v.echo-17 terminated
2026-05-21T04:36:28.157544Z	info	delta	ADS: "10.10.0.23:51042" tier1-gateway-86bff4cfb-cmckw.tier1-18 terminated
2026-05-21T04:36:28.242541Z	info	delta	ADS: new delta connection for node:tier1-gateway-86bff4cfb-cmckw.tier1-19
2026-05-21T04:36:28.242857Z	info	delta	CDS: PUSH request for node:tier1-gateway-86bff4cfb-cmckw.tier1 resources:3 removed:0 size:2.4kB cached:2/2 filtered:0
2026-05-21T04:36:28.243841Z	info	delta	LDS: PUSH request for node:tier1-gateway-86bff4cfb-cmckw.tier1 resources:1 removed:0 size:4.5kB filtered:0
2026-05-21T04:36:28.244310Z	info	delta	RDS: PUSH request for node:tier1-gateway-86bff4cfb-cmckw.tier1 resources:1 removed:0 size:695B cached:0/0 filtered:0
2026-05-21T04:36:28.244347Z	info	delta	EDS: PUSH request for node:tier1-gateway-86bff4cfb-cmckw.tier1 resources:2 removed:0 size:317B empty:0 cached:2/2 filtered:0
2026-05-21T04:36:28.460884Z	info	delta	ADS: new delta connection for node:echo-eastwestgateway-c58fcbbff-4s58v.echo-20
2026-05-21T04:36:28.460970Z	info	delta	CDS: PUSH request for node:echo-eastwestgateway-c58fcbbff-4s58v.echo resources:1 removed:0 size:50B filtered:0
2026-05-21T04:36:28.461315Z	info	delta	LDS: PUSH request for node:echo-eastwestgateway-c58fcbbff-4s58v.echo resources:0 removed:0 size:0B
2026-05-21T04:36:42.062997Z	info	sync complete	name=istiod analyzer attempt=1 time=36.834µs
2026-05-21T04:41:47.693994Z	info	sync complete	name=istiod analyzer attempt=1 time=56.333µs
2026-05-21T04:46:53.609139Z	info	sync complete	name=istiod analyzer attempt=1 time=26.917µs
2026-05-21T04:51:59.005645Z	info	sync complete	name=istiod analyzer attempt=1 time=42.833µs
2026-05-21T04:57:04.967694Z	info	sync complete	name=istiod analyzer attempt=1 time=64.542µs
2026-05-21T05:02:11.644746Z	info	sync complete	name=istiod analyzer attempt=1 time=51.625µs
2026-05-21T05:05:33.048188Z	info	delta	ADS: "10.10.0.23:39462" tier1-gateway-86bff4cfb-cmckw.tier1-19 terminated
2026-05-21T05:05:33.086048Z	info	delta	ADS: new delta connection for node:tier1-gateway-86bff4cfb-cmckw.tier1-21
2026-05-21T05:05:33.086472Z	info	delta	CDS: PUSH request for node:tier1-gateway-86bff4cfb-cmckw.tier1 resources:3 removed:0 size:2.4kB cached:2/2 filtered:0
2026-05-21T05:05:33.087040Z	info	delta	LDS: PUSH request for node:tier1-gateway-86bff4cfb-cmckw.tier1 resources:1 removed:0 size:4.5kB filtered:0
2026-05-21T05:05:33.087584Z	info	delta	RDS: PUSH request for node:tier1-gateway-86bff4cfb-cmckw.tier1 resources:1 removed:0 size:695B cached:0/0 filtered:0
2026-05-21T05:05:33.087625Z	info	delta	EDS: PUSH request for node:tier1-gateway-86bff4cfb-cmckw.tier1 resources:2 removed:0 size:317B empty:0 cached:2/2 filtered:0
2026-05-21T05:07:18.932342Z	info	sync complete	name=istiod analyzer attempt=1 time=33.417µs
2026-05-21T05:08:28.502385Z	info	delta	ADS: "10.10.0.24:55012" echo-eastwestgateway-c58fcbbff-4s58v.echo-20 terminated
2026-05-21T05:08:28.825992Z	info	delta	ADS: new delta connection for node:echo-eastwestgateway-c58fcbbff-4s58v.echo-22
2026-05-21T05:08:28.826215Z	info	delta	CDS: PUSH request for node:echo-eastwestgateway-c58fcbbff-4s58v.echo resources:1 removed:0 size:50B filtered:0
2026-05-21T05:08:28.826241Z	info	delta	LDS: PUSH request for node:echo-eastwestgateway-c58fcbbff-4s58v.echo resources:0 removed:0 size:0B
2026-05-21T05:12:24.966747Z	info	sync complete	name=istiod analyzer attempt=1 time=26.709µs
2026-05-21T05:17:30.231572Z	info	sync complete	name=istiod analyzer attempt=1 time=144.958µs
2026-05-21T05:22:36.428777Z	info	sync complete	name=istiod analyzer attempt=1 time=24.5µs
2026-05-21T06:00:13.593048Z	info	sync complete	name=istiod analyzer attempt=1 time=35.75µs
2026-05-21T06:36:59.164515Z	info	sync complete	name=istiod analyzer attempt=1 time=24µs
2026-05-21T07:12:57.190671Z	info	delta	ADS: "10.10.0.23:55160" tier1-gateway-86bff4cfb-cmckw.tier1-21 terminated
2026-05-21T07:12:57.228719Z	info	delta	ADS: new delta connection for node:tier1-gateway-86bff4cfb-cmckw.tier1-23
2026-05-21T07:12:57.229211Z	info	delta	CDS: PUSH request for node:tier1-gateway-86bff4cfb-cmckw.tier1 resources:3 removed:0 size:2.4kB cached:2/2 filtered:0
2026-05-21T07:12:57.230742Z	info	delta	LDS: PUSH request for node:tier1-gateway-86bff4cfb-cmckw.tier1 resources:1 removed:0 size:4.5kB filtered:0
2026-05-21T07:12:57.231461Z	info	delta	RDS: PUSH request for node:tier1-gateway-86bff4cfb-cmckw.tier1 resources:1 removed:0 size:695B cached:0/0 filtered:0
2026-05-21T07:12:57.231507Z	info	delta	EDS: PUSH request for node:tier1-gateway-86bff4cfb-cmckw.tier1 resources:2 removed:0 size:317B empty:0 cached:2/2 filtered:0
2026-05-21T07:13:01.921732Z	info	sync complete	name=istiod analyzer attempt=1 time=63.708µs
2026-05-21T07:16:13.396296Z	info	delta	ADS: "10.10.0.24:34532" echo-eastwestgateway-c58fcbbff-4s58v.echo-22 terminated
2026-05-21T07:16:13.501475Z	info	delta	ADS: new delta connection for node:echo-eastwestgateway-c58fcbbff-4s58v.echo-24
2026-05-21T07:16:13.501938Z	info	delta	CDS: PUSH request for node:echo-eastwestgateway-c58fcbbff-4s58v.echo resources:1 removed:0 size:50B filtered:0
2026-05-21T07:16:13.502028Z	info	delta	LDS: PUSH request for node:echo-eastwestgateway-c58fcbbff-4s58v.echo resources:0 removed:0 size:0B
2026-05-21T07:18:07.605864Z	info	sync complete	name=istiod analyzer attempt=1 time=51.625µs
2026-05-21T07:23:13.048153Z	info	sync complete	name=istiod analyzer attempt=1 time=30.958µs
2026-05-21T07:28:19.708371Z	info	sync complete	name=istiod analyzer attempt=1 time=130.625µs
2026-05-21T07:33:25.987524Z	info	sync complete	name=istiod analyzer attempt=1 time=23.541µs
2026-05-21T07:38:31.606570Z	info	sync complete	name=istiod analyzer attempt=1 time=31.541µs
2026-05-21T07:43:37.783431Z	info	sync complete	name=istiod analyzer attempt=1 time=28.333µs
2026-05-21T07:45:56.931426Z	info	delta	ADS: "10.10.0.23:41526" tier1-gateway-86bff4cfb-cmckw.tier1-23 terminated
2026-05-21T07:45:57.168071Z	info	delta	ADS: new delta connection for node:tier1-gateway-86bff4cfb-cmckw.tier1-25
2026-05-21T07:45:57.168467Z	info	delta	CDS: PUSH request for node:tier1-gateway-86bff4cfb-cmckw.tier1 resources:3 removed:0 size:2.4kB cached:2/2 filtered:0
2026-05-21T07:45:57.169905Z	info	delta	LDS: PUSH request for node:tier1-gateway-86bff4cfb-cmckw.tier1 resources:1 removed:0 size:4.5kB filtered:0
2026-05-21T07:45:57.170186Z	info	delta	RDS: PUSH request for node:tier1-gateway-86bff4cfb-cmckw.tier1 resources:1 removed:0 size:695B cached:0/0 filtered:0
2026-05-21T07:45:57.170235Z	info	delta	EDS: PUSH request for node:tier1-gateway-86bff4cfb-cmckw.tier1 resources:2 removed:0 size:317B empty:0 cached:2/2 filtered:0
2026-05-21T07:48:40.685207Z	info	delta	ADS: "10.10.0.24:60000" echo-eastwestgateway-c58fcbbff-4s58v.echo-24 terminated
2026-05-21T07:48:41.033710Z	info	delta	ADS: new delta connection for node:echo-eastwestgateway-c58fcbbff-4s58v.echo-26
2026-05-21T07:48:41.033909Z	info	delta	CDS: PUSH request for node:echo-eastwestgateway-c58fcbbff-4s58v.echo resources:1 removed:0 size:50B filtered:0
2026-05-21T07:48:41.033932Z	info	delta	LDS: PUSH request for node:echo-eastwestgateway-c58fcbbff-4s58v.echo resources:0 removed:0 size:0B
2026-05-21T07:48:43.653184Z	info	sync complete	name=istiod analyzer attempt=1 time=54.834µs
2026-05-21T07:53:49.868132Z	info	sync complete	name=istiod analyzer attempt=1 time=110.917µs
2026-05-21T07:58:55.938360Z	info	sync complete	name=istiod analyzer attempt=1 time=36.208µs
2026-05-21T08:04:02.511928Z	info	sync complete	name=istiod analyzer attempt=1 time=34.959µs
2026-05-21T08:09:07.798907Z	info	sync complete	name=istiod analyzer attempt=1 time=53.166µs
2026-05-21T08:14:13.974873Z	info	sync complete	name=istiod analyzer attempt=1 time=24.042µs
2026-05-21T08:17:49.923060Z	info	delta	ADS: "10.10.0.23:36484" tier1-gateway-86bff4cfb-cmckw.tier1-25 terminated
2026-05-21T08:17:50.335549Z	info	delta	ADS: new delta connection for node:tier1-gateway-86bff4cfb-cmckw.tier1-27
2026-05-21T08:17:50.336202Z	info	delta	CDS: PUSH request for node:tier1-gateway-86bff4cfb-cmckw.tier1 resources:3 removed:0 size:2.4kB cached:2/2 filtered:0
2026-05-21T08:17:50.337040Z	info	delta	LDS: PUSH request for node:tier1-gateway-86bff4cfb-cmckw.tier1 resources:1 removed:0 size:4.5kB filtered:0
2026-05-21T08:17:50.337792Z	info	delta	RDS: PUSH request for node:tier1-gateway-86bff4cfb-cmckw.tier1 resources:1 removed:0 size:695B cached:0/0 filtered:0
2026-05-21T08:17:50.337851Z	info	delta	EDS: PUSH request for node:tier1-gateway-86bff4cfb-cmckw.tier1 resources:2 removed:0 size:317B empty:0 cached:2/2 filtered:0
2026-05-21T08:19:21.044159Z	info	sync complete	name=istiod analyzer attempt=1 time=42.083µs
2026-05-21T08:20:46.467065Z	info	delta	ADS: "10.10.0.24:44044" echo-eastwestgateway-c58fcbbff-4s58v.echo-26 terminated
2026-05-21T08:20:46.575120Z	info	delta	ADS: new delta connection for node:echo-eastwestgateway-c58fcbbff-4s58v.echo-28
2026-05-21T08:20:46.575317Z	info	delta	CDS: PUSH request for node:echo-eastwestgateway-c58fcbbff-4s58v.echo resources:1 removed:0 size:50B filtered:0
2026-05-21T08:20:46.575341Z	info	delta	LDS: PUSH request for node:echo-eastwestgateway-c58fcbbff-4s58v.echo resources:0 removed:0 size:0B
2026-05-21T08:24:27.233285Z	info	sync complete	name=istiod analyzer attempt=1 time=27.667µs
2026-05-21T08:29:33.811994Z	info	sync complete	name=istiod analyzer attempt=1 time=69.166µs
2026-05-21T08:34:38.574587Z	info	sync complete	name=istiod analyzer attempt=1 time=35.917µs
2026-05-21T08:39:46.140845Z	info	sync complete	name=istiod analyzer attempt=1 time=42.917µs
2026-05-21T08:44:51.728152Z	info	sync complete	name=istiod analyzer attempt=1 time=27.125µs
2026-05-21T08:48:19.092742Z	info	delta	ADS: "10.10.0.23:57932" tier1-gateway-86bff4cfb-cmckw.tier1-27 terminated
2026-05-21T08:48:19.344270Z	info	delta	ADS: new delta connection for node:tier1-gateway-86bff4cfb-cmckw.tier1-29
2026-05-21T08:48:19.344566Z	info	delta	CDS: PUSH request for node:tier1-gateway-86bff4cfb-cmckw.tier1 resources:3 removed:0 size:2.4kB cached:2/2 filtered:0
2026-05-21T08:48:19.345290Z	info	delta	LDS: PUSH request for node:tier1-gateway-86bff4cfb-cmckw.tier1 resources:1 removed:0 size:4.5kB filtered:0
2026-05-21T08:48:19.345755Z	info	delta	RDS: PUSH request for node:tier1-gateway-86bff4cfb-cmckw.tier1 resources:1 removed:0 size:695B cached:0/0 filtered:0
2026-05-21T08:48:19.345798Z	info	delta	EDS: PUSH request for node:tier1-gateway-86bff4cfb-cmckw.tier1 resources:2 removed:0 size:317B empty:0 cached:2/2 filtered:0
2026-05-21T08:49:58.457014Z	info	sync complete	name=istiod analyzer attempt=1 time=83.042µs
2026-05-21T08:50:11.850997Z	info	delta	ADS: "10.10.0.24:40812" echo-eastwestgateway-c58fcbbff-4s58v.echo-28 terminated
2026-05-21T08:50:12.248836Z	info	delta	ADS: new delta connection for node:echo-eastwestgateway-c58fcbbff-4s58v.echo-30
2026-05-21T08:50:12.249119Z	info	delta	CDS: PUSH request for node:echo-eastwestgateway-c58fcbbff-4s58v.echo resources:1 removed:0 size:50B filtered:0
2026-05-21T08:50:12.249147Z	info	delta	LDS: PUSH request for node:echo-eastwestgateway-c58fcbbff-4s58v.echo resources:0 removed:0 size:0B
2026-05-21T08:55:04.551149Z	info	sync complete	name=istiod analyzer attempt=1 time=32.958µs
2026-05-21T09:00:10.315477Z	info	sync complete	name=istiod analyzer attempt=1 time=80.917µs
2026-05-21T09:05:17.118607Z	info	sync complete	name=istiod analyzer attempt=1 time=54.125µs
2026-05-21T09:10:22.541619Z	info	sync complete	name=istiod analyzer attempt=1 time=44.792µs
2026-05-21T09:15:28.231798Z	info	sync complete	name=istiod analyzer attempt=1 time=27.042µs
2026-05-21T09:19:27.003425Z	info	delta	ADS: "10.10.0.24:45050" echo-eastwestgateway-c58fcbbff-4s58v.echo-30 terminated
2026-05-21T09:19:27.175514Z	info	delta	ADS: new delta connection for node:echo-eastwestgateway-c58fcbbff-4s58v.echo-31
2026-05-21T09:19:27.175844Z	info	delta	CDS: PUSH request for node:echo-eastwestgateway-c58fcbbff-4s58v.echo resources:1 removed:0 size:50B filtered:0
2026-05-21T09:19:27.175909Z	info	delta	LDS: PUSH request for node:echo-eastwestgateway-c58fcbbff-4s58v.echo resources:0 removed:0 size:0B
2026-05-21T09:20:34.525244Z	info	sync complete	name=istiod analyzer attempt=1 time=27.792µs
2026-05-21T09:21:24.910542Z	info	delta	ADS: "10.10.0.23:52596" tier1-gateway-86bff4cfb-cmckw.tier1-29 terminated
2026-05-21T09:21:24.924224Z	info	delta	ADS: new delta connection for node:tier1-gateway-86bff4cfb-cmckw.tier1-32
2026-05-21T09:21:24.924431Z	info	delta	CDS: PUSH request for node:tier1-gateway-86bff4cfb-cmckw.tier1 resources:3 removed:0 size:2.4kB cached:2/2 filtered:0
2026-05-21T09:21:24.926514Z	info	delta	LDS: PUSH request for node:tier1-gateway-86bff4cfb-cmckw.tier1 resources:1 removed:0 size:4.5kB filtered:0
2026-05-21T09:21:24.927382Z	info	delta	RDS: PUSH request for node:tier1-gateway-86bff4cfb-cmckw.tier1 resources:1 removed:0 size:695B cached:0/0 filtered:0
2026-05-21T09:21:24.927441Z	info	delta	EDS: PUSH request for node:tier1-gateway-86bff4cfb-cmckw.tier1 resources:2 removed:0 size:317B empty:0 cached:2/2 filtered:0
2026-05-21T09:25:40.998526Z	info	sync complete	name=istiod analyzer attempt=1 time=25.583µs
2026-05-21T09:30:47.738644Z	info	sync complete	name=istiod analyzer attempt=1 time=26.75µs
2026-05-21T09:35:53.956023Z	info	sync complete	name=istiod analyzer attempt=1 time=48.208µs
2026-05-21T09:41:00.736757Z	info	sync complete	name=istiod analyzer attempt=1 time=23.5µs
2026-05-21T09:46:06.403236Z	info	sync complete	name=istiod analyzer attempt=1 time=70.208µs
2026-05-21T09:47:27.879569Z	info	delta	ADS: "10.10.0.24:38752" echo-eastwestgateway-c58fcbbff-4s58v.echo-31 terminated
2026-05-21T09:47:27.985397Z	info	delta	ADS: new delta connection for node:echo-eastwestgateway-c58fcbbff-4s58v.echo-33
2026-05-21T09:47:27.985936Z	info	delta	CDS: PUSH request for node:echo-eastwestgateway-c58fcbbff-4s58v.echo resources:1 removed:0 size:50B filtered:0
2026-05-21T09:47:27.986021Z	info	delta	LDS: PUSH request for node:echo-eastwestgateway-c58fcbbff-4s58v.echo resources:0 removed:0 size:0B
2026-05-21T09:48:55.899510Z	info	delta	ADS: "10.10.0.23:60816" tier1-gateway-86bff4cfb-cmckw.tier1-32 terminated
2026-05-21T09:48:55.927862Z	info	delta	ADS: new delta connection for node:tier1-gateway-86bff4cfb-cmckw.tier1-34
2026-05-21T09:48:55.928125Z	info	delta	CDS: PUSH request for node:tier1-gateway-86bff4cfb-cmckw.tier1 resources:3 removed:0 size:2.4kB cached:2/2 filtered:0
2026-05-21T09:48:55.928667Z	info	delta	LDS: PUSH request for node:tier1-gateway-86bff4cfb-cmckw.tier1 resources:1 removed:0 size:4.5kB filtered:0
2026-05-21T09:48:55.929456Z	info	delta	RDS: PUSH request for node:tier1-gateway-86bff4cfb-cmckw.tier1 resources:1 removed:0 size:695B cached:0/0 filtered:0
2026-05-21T09:48:55.929636Z	info	delta	EDS: PUSH request for node:tier1-gateway-86bff4cfb-cmckw.tier1 resources:2 removed:0 size:317B empty:0 cached:2/2 filtered:0
2026-05-21T09:51:11.803854Z	info	sync complete	name=istiod analyzer attempt=1 time=47.667µs
2026-05-21T09:56:17.654703Z	info	sync complete	name=istiod analyzer attempt=1 time=42.625µs
2026-05-21T10:01:24.514073Z	info	sync complete	name=istiod analyzer attempt=1 time=31.417µs
2026-05-21T10:06:31.534301Z	info	sync complete	name=istiod analyzer attempt=1 time=30.792µs
2026-05-21T10:11:37.692928Z	info	sync complete	name=istiod analyzer attempt=1 time=39.209µs
2026-05-21T10:16:23.278274Z	info	delta	ADS: "10.10.0.24:48488" echo-eastwestgateway-c58fcbbff-4s58v.echo-33 terminated
2026-05-21T10:16:23.521532Z	info	delta	ADS: new delta connection for node:echo-eastwestgateway-c58fcbbff-4s58v.echo-35
2026-05-21T10:16:23.521874Z	info	delta	CDS: PUSH request for node:echo-eastwestgateway-c58fcbbff-4s58v.echo resources:1 removed:0 size:50B filtered:0
2026-05-21T10:16:23.522130Z	info	delta	LDS: PUSH request for node:echo-eastwestgateway-c58fcbbff-4s58v.echo resources:0 removed:0 size:0B
2026-05-21T10:16:44.416209Z	info	sync complete	name=istiod analyzer attempt=1 time=25.167µs
2026-05-21T10:17:42.110184Z	info	delta	ADS: "10.10.0.23:40892" tier1-gateway-86bff4cfb-cmckw.tier1-34 terminated
2026-05-21T10:17:42.508332Z	info	delta	ADS: new delta connection for node:tier1-gateway-86bff4cfb-cmckw.tier1-36
2026-05-21T10:17:42.508476Z	info	delta	CDS: PUSH request for node:tier1-gateway-86bff4cfb-cmckw.tier1 resources:3 removed:0 size:2.4kB cached:2/2 filtered:0
2026-05-21T10:17:42.510607Z	info	delta	LDS: PUSH request for node:tier1-gateway-86bff4cfb-cmckw.tier1 resources:1 removed:0 size:4.5kB filtered:0
2026-05-21T10:17:42.511176Z	info	delta	RDS: PUSH request for node:tier1-gateway-86bff4cfb-cmckw.tier1 resources:1 removed:0 size:695B cached:0/0 filtered:0
2026-05-21T10:17:42.511510Z	info	delta	EDS: PUSH request for node:tier1-gateway-86bff4cfb-cmckw.tier1 resources:2 removed:0 size:317B empty:0 cached:2/2 filtered:0
2026-05-21T10:21:50.954895Z	info	sync complete	name=istiod analyzer attempt=1 time=23.75µs
2026-05-21T10:26:57.060946Z	info	sync complete	name=istiod analyzer attempt=1 time=26.333µs
2026-05-21T10:32:03.259171Z	info	sync complete	name=istiod analyzer attempt=1 time=29.75µs
2026-05-21T10:37:08.730372Z	info	sync complete	name=istiod analyzer attempt=1 time=30.708µs
2026-05-21T10:42:14.023973Z	info	sync complete	name=istiod analyzer attempt=1 time=28.333µs
2026-05-21T10:44:33.248185Z	info	delta	ADS: "10.10.0.24:48218" echo-eastwestgateway-c58fcbbff-4s58v.echo-35 terminated
2026-05-21T10:44:33.407143Z	info	delta	ADS: new delta connection for node:echo-eastwestgateway-c58fcbbff-4s58v.echo-37
2026-05-21T10:44:33.407340Z	info	delta	CDS: PUSH request for node:echo-eastwestgateway-c58fcbbff-4s58v.echo resources:1 removed:0 size:50B filtered:0
2026-05-21T10:44:33.407363Z	info	delta	LDS: PUSH request for node:echo-eastwestgateway-c58fcbbff-4s58v.echo resources:0 removed:0 size:0B
2026-05-21T10:47:19.764718Z	info	sync complete	name=istiod analyzer attempt=1 time=23.708µs
2026-05-21T10:50:37.873463Z	info	delta	ADS: "10.10.0.23:41872" tier1-gateway-86bff4cfb-cmckw.tier1-36 terminated
2026-05-21T10:50:38.040887Z	info	delta	ADS: new delta connection for node:tier1-gateway-86bff4cfb-cmckw.tier1-38
2026-05-21T10:50:38.040994Z	info	delta	CDS: PUSH request for node:tier1-gateway-86bff4cfb-cmckw.tier1 resources:3 removed:0 size:2.4kB cached:2/2 filtered:0
2026-05-21T10:50:38.041505Z	info	delta	LDS: PUSH request for node:tier1-gateway-86bff4cfb-cmckw.tier1 resources:1 removed:0 size:4.5kB filtered:0
2026-05-21T10:50:38.041972Z	info	delta	RDS: PUSH request for node:tier1-gateway-86bff4cfb-cmckw.tier1 resources:1 removed:0 size:695B cached:0/0 filtered:0
2026-05-21T10:50:38.042001Z	info	delta	EDS: PUSH request for node:tier1-gateway-86bff4cfb-cmckw.tier1 resources:2 removed:0 size:317B empty:0 cached:2/2 filtered:0
2026-05-21T10:52:26.254891Z	info	sync complete	name=istiod analyzer attempt=1 time=33.791µs
2026-05-21T10:57:32.179852Z	info	sync complete	name=istiod analyzer attempt=1 time=38.458µs
2026-05-21T11:02:38.320345Z	info	sync complete	name=istiod analyzer attempt=1 time=39.042µs
2026-05-21T11:07:45.375392Z	info	sync complete	name=istiod analyzer attempt=1 time=31.25µs
2026-05-21T11:12:51.339043Z	info	sync complete	name=istiod analyzer attempt=1 time=26.833µs
2026-05-21T11:13:30.184560Z	info	delta	ADS: "10.10.0.24:33480" echo-eastwestgateway-c58fcbbff-4s58v.echo-37 terminated
2026-05-21T11:13:30.631444Z	info	delta	ADS: new delta connection for node:echo-eastwestgateway-c58fcbbff-4s58v.echo-39
2026-05-21T11:13:30.631776Z	info	delta	CDS: PUSH request for node:echo-eastwestgateway-c58fcbbff-4s58v.echo resources:1 removed:0 size:50B filtered:0
2026-05-21T11:13:30.631865Z	info	delta	LDS: PUSH request for node:echo-eastwestgateway-c58fcbbff-4s58v.echo resources:0 removed:0 size:0B
2026-05-21T11:17:56.900812Z	info	sync complete	name=istiod analyzer attempt=1 time=23.5µs
2026-05-21T11:21:18.568100Z	info	delta	ADS: "10.10.0.23:44588" tier1-gateway-86bff4cfb-cmckw.tier1-38 terminated
2026-05-21T11:21:19.018913Z	info	delta	ADS: new delta connection for node:tier1-gateway-86bff4cfb-cmckw.tier1-40
2026-05-21T11:21:19.019078Z	info	delta	CDS: PUSH request for node:tier1-gateway-86bff4cfb-cmckw.tier1 resources:3 removed:0 size:2.4kB cached:2/2 filtered:0
2026-05-21T11:21:19.020394Z	info	delta	LDS: PUSH request for node:tier1-gateway-86bff4cfb-cmckw.tier1 resources:1 removed:0 size:4.5kB filtered:0
2026-05-21T11:21:19.021176Z	info	delta	RDS: PUSH request for node:tier1-gateway-86bff4cfb-cmckw.tier1 resources:1 removed:0 size:695B cached:0/0 filtered:0
2026-05-21T11:21:19.021235Z	info	delta	EDS: PUSH request for node:tier1-gateway-86bff4cfb-cmckw.tier1 resources:2 removed:0 size:317B empty:0 cached:2/2 filtered:0
2026-05-21T11:23:03.111895Z	info	sync complete	name=istiod analyzer attempt=1 time=26.334µs
2026-05-21T11:28:09.020159Z	info	sync complete	name=istiod analyzer attempt=1 time=24.125µs
2026-05-21T11:33:15.184497Z	info	sync complete	name=istiod analyzer attempt=1 time=27.208µs
2026-05-21T11:38:21.623285Z	info	sync complete	name=istiod analyzer attempt=1 time=23.5µs
2026-05-21T11:43:28.054668Z	info	sync complete	name=istiod analyzer attempt=1 time=23.417µs
2026-05-21T11:44:38.059311Z	info	delta	ADS: "10.10.0.24:47068" echo-eastwestgateway-c58fcbbff-4s58v.echo-39 terminated
2026-05-21T11:44:38.511214Z	info	delta	ADS: new delta connection for node:echo-eastwestgateway-c58fcbbff-4s58v.echo-41
2026-05-21T11:44:38.511420Z	info	delta	CDS: PUSH request for node:echo-eastwestgateway-c58fcbbff-4s58v.echo resources:1 removed:0 size:50B filtered:0
2026-05-21T11:44:38.511448Z	info	delta	LDS: PUSH request for node:echo-eastwestgateway-c58fcbbff-4s58v.echo resources:0 removed:0 size:0B
2026-05-21T11:48:33.830247Z	info	sync complete	name=istiod analyzer attempt=1 time=46.791µs
2026-05-21T11:53:40.278195Z	info	sync complete	name=istiod analyzer attempt=1 time=38.042µs
2026-05-21T11:53:58.384600Z	info	delta	ADS: "10.10.0.23:43388" tier1-gateway-86bff4cfb-cmckw.tier1-40 terminated
2026-05-21T11:53:58.629913Z	info	delta	ADS: new delta connection for node:tier1-gateway-86bff4cfb-cmckw.tier1-42
2026-05-21T11:53:58.630201Z	info	delta	CDS: PUSH request for node:tier1-gateway-86bff4cfb-cmckw.tier1 resources:3 removed:0 size:2.4kB cached:2/2 filtered:0
2026-05-21T11:53:58.630853Z	info	delta	LDS: PUSH request for node:tier1-gateway-86bff4cfb-cmckw.tier1 resources:1 removed:0 size:4.5kB filtered:0
2026-05-21T11:53:58.631789Z	info	delta	RDS: PUSH request for node:tier1-gateway-86bff4cfb-cmckw.tier1 resources:1 removed:0 size:695B cached:0/0 filtered:0
2026-05-21T11:53:58.631836Z	info	delta	EDS: PUSH request for node:tier1-gateway-86bff4cfb-cmckw.tier1 resources:2 removed:0 size:317B empty:0 cached:2/2 filtered:0
2026-05-21T11:58:46.199071Z	info	sync complete	name=istiod analyzer attempt=1 time=37.666µs
2026-05-21T12:03:52.375548Z	info	sync complete	name=istiod analyzer attempt=1 time=25.5µs
2026-05-21T12:08:57.164866Z	info	sync complete	name=istiod analyzer attempt=1 time=25µs
2026-05-21T12:14:04.065930Z	info	sync complete	name=istiod analyzer attempt=1 time=24.041µs
2026-05-21T12:16:43.682049Z	info	delta	ADS: "10.10.0.24:41332" echo-eastwestgateway-c58fcbbff-4s58v.echo-41 terminated
2026-05-21T12:16:44.052522Z	info	delta	ADS: new delta connection for node:echo-eastwestgateway-c58fcbbff-4s58v.echo-43
2026-05-21T12:16:44.052701Z	info	delta	CDS: PUSH request for node:echo-eastwestgateway-c58fcbbff-4s58v.echo resources:1 removed:0 size:50B filtered:0
2026-05-21T12:16:44.052727Z	info	delta	LDS: PUSH request for node:echo-eastwestgateway-c58fcbbff-4s58v.echo resources:0 removed:0 size:0B
2026-05-21T12:19:09.496165Z	info	sync complete	name=istiod analyzer attempt=1 time=38.5µs
2026-05-21T12:24:15.970308Z	info	sync complete	name=istiod analyzer attempt=1 time=26.292µs
2026-05-21T12:25:57.062487Z	info	delta	ADS: "10.10.0.23:42456" tier1-gateway-86bff4cfb-cmckw.tier1-42 terminated
2026-05-21T12:25:57.426148Z	info	delta	ADS: new delta connection for node:tier1-gateway-86bff4cfb-cmckw.tier1-44
2026-05-21T12:25:57.426456Z	info	delta	CDS: PUSH request for node:tier1-gateway-86bff4cfb-cmckw.tier1 resources:3 removed:0 size:2.4kB cached:2/2 filtered:0
2026-05-21T12:25:57.427373Z	info	delta	LDS: PUSH request for node:tier1-gateway-86bff4cfb-cmckw.tier1 resources:1 removed:0 size:4.5kB filtered:0
2026-05-21T12:25:57.427862Z	info	delta	RDS: PUSH request for node:tier1-gateway-86bff4cfb-cmckw.tier1 resources:1 removed:0 size:695B cached:0/0 filtered:0
2026-05-21T12:25:57.427914Z	info	delta	EDS: PUSH request for node:tier1-gateway-86bff4cfb-cmckw.tier1 resources:2 removed:0 size:317B empty:0 cached:2/2 filtered:0
2026-05-21T12:29:20.922575Z	info	sync complete	name=istiod analyzer attempt=1 time=25.167µs
2026-05-21T12:34:27.068615Z	info	sync complete	name=istiod analyzer attempt=1 time=38.25µs
2026-05-21T12:39:32.348173Z	info	sync complete	name=istiod analyzer attempt=1 time=23.291µs
2026-05-21T12:44:38.021264Z	info	sync complete	name=istiod analyzer attempt=1 time=26.792µs
2026-05-21T12:46:37.448135Z	info	delta	ADS: "10.10.0.24:58748" echo-eastwestgateway-c58fcbbff-4s58v.echo-43 terminated
2026-05-21T12:46:37.561780Z	info	delta	ADS: new delta connection for node:echo-eastwestgateway-c58fcbbff-4s58v.echo-45
2026-05-21T12:46:37.562086Z	info	delta	CDS: PUSH request for node:echo-eastwestgateway-c58fcbbff-4s58v.echo resources:1 removed:0 size:50B filtered:0
2026-05-21T12:46:37.562400Z	info	delta	LDS: PUSH request for node:echo-eastwestgateway-c58fcbbff-4s58v.echo resources:0 removed:0 size:0B
2026-05-21T12:49:43.905466Z	info	sync complete	name=istiod analyzer attempt=1 time=60.958µs
2026-05-21T12:54:49.411068Z	info	sync complete	name=istiod analyzer attempt=1 time=26.958µs
2026-05-21T12:58:39.613289Z	info	delta	ADS: "10.10.0.23:53228" tier1-gateway-86bff4cfb-cmckw.tier1-44 terminated
2026-05-21T12:58:39.803452Z	info	delta	ADS: new delta connection for node:tier1-gateway-86bff4cfb-cmckw.tier1-46
2026-05-21T12:58:39.803704Z	info	delta	CDS: PUSH request for node:tier1-gateway-86bff4cfb-cmckw.tier1 resources:3 removed:0 size:2.4kB cached:2/2 filtered:0
2026-05-21T12:58:39.804187Z	info	delta	LDS: PUSH request for node:tier1-gateway-86bff4cfb-cmckw.tier1 resources:1 removed:0 size:4.5kB filtered:0
2026-05-21T12:58:39.805110Z	info	delta	RDS: PUSH request for node:tier1-gateway-86bff4cfb-cmckw.tier1 resources:1 removed:0 size:695B cached:0/0 filtered:0
2026-05-21T12:58:39.805178Z	info	delta	EDS: PUSH request for node:tier1-gateway-86bff4cfb-cmckw.tier1 resources:2 removed:0 size:317B empty:0 cached:2/2 filtered:0
2026-05-21T12:59:55.299531Z	info	sync complete	name=istiod analyzer attempt=1 time=35.125µs
2026-05-21T13:05:02.027642Z	info	sync complete	name=istiod analyzer attempt=1 time=28.375µs
2026-05-21T13:10:09.277849Z	info	sync complete	name=istiod analyzer attempt=1 time=27.792µs
2026-05-21T13:15:15.368891Z	info	sync complete	name=istiod analyzer attempt=1 time=27.25µs
2026-05-21T13:17:57.771767Z	info	delta	ADS: "10.10.0.24:51378" echo-eastwestgateway-c58fcbbff-4s58v.echo-45 terminated
2026-05-21T13:17:58.151984Z	info	delta	ADS: new delta connection for node:echo-eastwestgateway-c58fcbbff-4s58v.echo-47
2026-05-21T13:17:58.152406Z	info	delta	CDS: PUSH request for node:echo-eastwestgateway-c58fcbbff-4s58v.echo resources:1 removed:0 size:50B filtered:0
2026-05-21T13:17:58.152472Z	info	delta	LDS: PUSH request for node:echo-eastwestgateway-c58fcbbff-4s58v.echo resources:0 removed:0 size:0B
2026-05-21T13:20:21.780554Z	info	sync complete	name=istiod analyzer attempt=1 time=48.834µs
2026-05-21T13:25:27.846462Z	info	sync complete	name=istiod analyzer attempt=1 time=32.625µs
2026-05-21T13:29:44.145071Z	info	delta	ADS: "10.10.0.23:48870" tier1-gateway-86bff4cfb-cmckw.tier1-46 terminated
2026-05-21T13:29:44.615515Z	info	delta	ADS: new delta connection for node:tier1-gateway-86bff4cfb-cmckw.tier1-48
2026-05-21T13:29:44.615863Z	info	delta	CDS: PUSH request for node:tier1-gateway-86bff4cfb-cmckw.tier1 resources:3 removed:0 size:2.4kB cached:2/2 filtered:0
2026-05-21T13:29:44.616918Z	info	delta	LDS: PUSH request for node:tier1-gateway-86bff4cfb-cmckw.tier1 resources:1 removed:0 size:4.5kB filtered:0
2026-05-21T13:29:44.617428Z	info	delta	RDS: PUSH request for node:tier1-gateway-86bff4cfb-cmckw.tier1 resources:1 removed:0 size:695B cached:0/0 filtered:0
2026-05-21T13:29:44.617471Z	info	delta	EDS: PUSH request for node:tier1-gateway-86bff4cfb-cmckw.tier1 resources:2 removed:0 size:317B empty:0 cached:2/2 filtered:0
2026-05-21T13:30:33.886413Z	info	sync complete	name=istiod analyzer attempt=1 time=42µs
2026-05-21T13:35:39.455602Z	info	sync complete	name=istiod analyzer attempt=1 time=31µs
2026-05-21T13:40:46.102107Z	info	sync complete	name=istiod analyzer attempt=1 time=26.041µs
2026-05-21T13:45:52.027100Z	info	sync complete	name=istiod analyzer attempt=1 time=50.083µs
2026-05-21T13:49:08.877924Z	info	delta	ADS: "10.10.0.24:47188" echo-eastwestgateway-c58fcbbff-4s58v.echo-47 terminated
2026-05-21T13:49:08.977037Z	info	delta	ADS: new delta connection for node:echo-eastwestgateway-c58fcbbff-4s58v.echo-49
2026-05-21T13:49:08.977233Z	info	delta	CDS: PUSH request for node:echo-eastwestgateway-c58fcbbff-4s58v.echo resources:1 removed:0 size:50B filtered:0
2026-05-21T13:49:08.977569Z	info	delta	LDS: PUSH request for node:echo-eastwestgateway-c58fcbbff-4s58v.echo resources:0 removed:0 size:0B
2026-05-21T13:50:57.704653Z	info	sync complete	name=istiod analyzer attempt=1 time=35.375µs
2026-05-21T13:56:03.150648Z	info	sync complete	name=istiod analyzer attempt=1 time=24.083µs
2026-05-21T13:59:32.968147Z	info	delta	ADS: "10.10.0.23:47880" tier1-gateway-86bff4cfb-cmckw.tier1-48 terminated
2026-05-21T13:59:33.149840Z	info	delta	ADS: new delta connection for node:tier1-gateway-86bff4cfb-cmckw.tier1-50
2026-05-21T13:59:33.150353Z	info	delta	CDS: PUSH request for node:tier1-gateway-86bff4cfb-cmckw.tier1 resources:3 removed:0 size:2.4kB cached:2/2 filtered:0
2026-05-21T13:59:33.152447Z	info	delta	LDS: PUSH request for node:tier1-gateway-86bff4cfb-cmckw.tier1 resources:1 removed:0 size:4.5kB filtered:0
2026-05-21T13:59:33.152698Z	info	delta	RDS: PUSH request for node:tier1-gateway-86bff4cfb-cmckw.tier1 resources:1 removed:0 size:695B cached:0/0 filtered:0
2026-05-21T13:59:33.152756Z	info	delta	EDS: PUSH request for node:tier1-gateway-86bff4cfb-cmckw.tier1 resources:2 removed:0 size:317B empty:0 cached:2/2 filtered:0
2026-05-21T14:01:08.691474Z	info	sync complete	name=istiod analyzer attempt=1 time=49.917µs
2026-05-21T14:06:14.593353Z	info	sync complete	name=istiod analyzer attempt=1 time=78.625µs
2026-05-21T14:11:20.657119Z	info	sync complete	name=istiod analyzer attempt=1 time=61.458µs
2026-05-21T14:16:26.490217Z	info	sync complete	name=istiod analyzer attempt=1 time=24.416µs
2026-05-21T14:18:58.171897Z	info	delta	ADS: "10.10.0.24:32986" echo-eastwestgateway-c58fcbbff-4s58v.echo-49 terminated
2026-05-21T14:18:58.432518Z	info	delta	ADS: new delta connection for node:echo-eastwestgateway-c58fcbbff-4s58v.echo-51
2026-05-21T14:18:58.432756Z	info	delta	CDS: PUSH request for node:echo-eastwestgateway-c58fcbbff-4s58v.echo resources:1 removed:0 size:50B filtered:0
2026-05-21T14:18:58.433092Z	info	delta	LDS: PUSH request for node:echo-eastwestgateway-c58fcbbff-4s58v.echo resources:0 removed:0 size:0B
2026-05-21T14:21:32.694403Z	info	sync complete	name=istiod analyzer attempt=1 time=26.959µs
2026-05-21T14:26:39.813130Z	info	sync complete	name=istiod analyzer attempt=1 time=66.708µs
2026-05-21T15:03:54.231540Z	info	delta	ADS: "10.10.0.23:57128" tier1-gateway-86bff4cfb-cmckw.tier1-50 terminated
2026-05-21T15:03:54.437788Z	info	delta	ADS: new delta connection for node:tier1-gateway-86bff4cfb-cmckw.tier1-52
2026-05-21T15:03:54.438160Z	info	delta	CDS: PUSH request for node:tier1-gateway-86bff4cfb-cmckw.tier1 resources:3 removed:0 size:2.4kB cached:2/2 filtered:0
2026-05-21T15:03:54.439340Z	info	delta	LDS: PUSH request for node:tier1-gateway-86bff4cfb-cmckw.tier1 resources:1 removed:0 size:4.5kB filtered:0
2026-05-21T15:03:54.440055Z	info	delta	RDS: PUSH request for node:tier1-gateway-86bff4cfb-cmckw.tier1 resources:1 removed:0 size:695B cached:0/0 filtered:0
2026-05-21T15:03:54.440109Z	info	delta	EDS: PUSH request for node:tier1-gateway-86bff4cfb-cmckw.tier1 resources:2 removed:0 size:317B empty:0 cached:2/2 filtered:0
2026-05-21T15:39:18.140254Z	info	sync complete	name=istiod analyzer attempt=1 time=51.458µs
2026-05-21T17:02:32.232646Z	info	sync complete	name=istiod analyzer attempt=1 time=63.542µs
2026-05-21T17:07:38.166474Z	info	sync complete	name=istiod analyzer attempt=1 time=50.666µs
2026-05-21T17:12:44.609964Z	info	sync complete	name=istiod analyzer attempt=1 time=94.584µs
2026-05-21T17:17:28.215871Z	info	delta	ADS: "10.10.0.24:42840" echo-eastwestgateway-c58fcbbff-4s58v.echo-51 terminated
2026-05-21T17:17:28.281623Z	info	delta	ADS: new delta connection for node:echo-eastwestgateway-c58fcbbff-4s58v.echo-53
2026-05-21T17:17:28.282145Z	info	delta	CDS: PUSH request for node:echo-eastwestgateway-c58fcbbff-4s58v.echo resources:1 removed:0 size:50B filtered:0
2026-05-21T17:17:28.282224Z	info	delta	LDS: PUSH request for node:echo-eastwestgateway-c58fcbbff-4s58v.echo resources:0 removed:0 size:0B
2026-05-21T17:17:50.592413Z	info	sync complete	name=istiod analyzer attempt=1 time=74.458µs
2026-05-21T17:22:56.243934Z	info	sync complete	name=istiod analyzer attempt=1 time=88.667µs
2026-05-21T17:33:50.398854Z	info	delta	ADS: "10.10.0.23:33208" tier1-gateway-86bff4cfb-cmckw.tier1-52 terminated
2026-05-21T17:33:50.812672Z	info	delta	ADS: new delta connection for node:tier1-gateway-86bff4cfb-cmckw.tier1-54
2026-05-21T17:33:50.813156Z	info	delta	CDS: PUSH request for node:tier1-gateway-86bff4cfb-cmckw.tier1 resources:3 removed:0 size:2.4kB cached:2/2 filtered:0
2026-05-21T17:33:50.815570Z	info	delta	LDS: PUSH request for node:tier1-gateway-86bff4cfb-cmckw.tier1 resources:1 removed:0 size:4.5kB filtered:0
2026-05-21T17:33:50.816318Z	info	delta	RDS: PUSH request for node:tier1-gateway-86bff4cfb-cmckw.tier1 resources:1 removed:0 size:695B cached:0/0 filtered:0
2026-05-21T17:33:50.816413Z	info	delta	EDS: PUSH request for node:tier1-gateway-86bff4cfb-cmckw.tier1 resources:2 removed:0 size:317B empty:0 cached:2/2 filtered:0
2026-05-21T17:40:39.670664Z	info	sync complete	name=istiod analyzer attempt=1 time=135.375µs
2026-05-21T17:45:43.842298Z	info	sync complete	name=istiod analyzer attempt=1 time=79.167µs
2026-05-21T17:50:50.620982Z	info	sync complete	name=istiod analyzer attempt=1 time=99.542µs
2026-05-21T17:55:56.608753Z	info	sync complete	name=istiod analyzer attempt=1 time=106.541µs
2026-05-21T17:58:45.645054Z	info	delta	ADS: "10.10.0.24:44716" echo-eastwestgateway-c58fcbbff-4s58v.echo-53 terminated
2026-05-21T17:58:45.861727Z	info	delta	ADS: new delta connection for node:echo-eastwestgateway-c58fcbbff-4s58v.echo-55
2026-05-21T17:58:45.862389Z	info	delta	CDS: PUSH request for node:echo-eastwestgateway-c58fcbbff-4s58v.echo resources:1 removed:0 size:50B filtered:0
2026-05-21T17:58:45.862480Z	info	delta	LDS: PUSH request for node:echo-eastwestgateway-c58fcbbff-4s58v.echo resources:0 removed:0 size:0B
2026-05-21T18:01:02.229846Z	info	sync complete	name=istiod analyzer attempt=1 time=65.083µs
2026-05-21T18:06:08.674871Z	info	sync complete	name=istiod analyzer attempt=1 time=57.167µs
2026-05-21T18:35:28.725067Z	info	delta	ADS: "10.10.0.23:50004" tier1-gateway-86bff4cfb-cmckw.tier1-54 terminated
2026-05-21T18:35:28.811573Z	info	delta	ADS: new delta connection for node:tier1-gateway-86bff4cfb-cmckw.tier1-56
2026-05-21T18:35:28.812388Z	info	delta	CDS: PUSH request for node:tier1-gateway-86bff4cfb-cmckw.tier1 resources:3 removed:0 size:2.4kB cached:2/2 filtered:0
2026-05-21T18:35:28.818409Z	info	delta	LDS: PUSH request for node:tier1-gateway-86bff4cfb-cmckw.tier1 resources:1 removed:0 size:4.5kB filtered:0
2026-05-21T18:35:28.819505Z	info	delta	RDS: PUSH request for node:tier1-gateway-86bff4cfb-cmckw.tier1 resources:1 removed:0 size:695B cached:0/0 filtered:0
2026-05-21T18:35:28.819588Z	info	delta	EDS: PUSH request for node:tier1-gateway-86bff4cfb-cmckw.tier1 resources:2 removed:0 size:317B empty:0 cached:2/2 filtered:0
2026-05-21T19:36:05.327730Z	info	sync complete	name=istiod analyzer attempt=1 time=384.792µs
2026-05-22T03:40:27.452850Z	info	sync complete	name=istiod analyzer attempt=1 time=89.792µs
2026-05-22T05:15:06.243281Z	info	sync complete	name=istiod analyzer attempt=1 time=139µs
2026-05-22T05:20:11.866085Z	info	sync complete	name=istiod analyzer attempt=1 time=117.875µs
2026-05-22T05:25:05.789040Z	info	delta	ADS: "10.10.0.24:34868" echo-eastwestgateway-c58fcbbff-4s58v.echo-55 terminated
2026-05-22T05:25:06.023876Z	info	delta	ADS: new delta connection for node:echo-eastwestgateway-c58fcbbff-4s58v.echo-57
2026-05-22T05:25:06.024123Z	info	delta	CDS: PUSH request for node:echo-eastwestgateway-c58fcbbff-4s58v.echo resources:1 removed:0 size:50B filtered:0
2026-05-22T05:25:06.024495Z	info	delta	LDS: PUSH request for node:echo-eastwestgateway-c58fcbbff-4s58v.echo resources:0 removed:0 size:0B
2026-05-22T05:25:17.794529Z	info	sync complete	name=istiod analyzer attempt=1 time=77.084µs
2026-05-22T05:30:24.162880Z	info	sync complete	name=istiod analyzer attempt=1 time=105.917µs
2026-05-22T05:32:53.686157Z	info	delta	ADS: "10.10.0.23:53700" tier1-gateway-86bff4cfb-cmckw.tier1-56 terminated
2026-05-22T05:32:54.137728Z	info	delta	ADS: new delta connection for node:tier1-gateway-86bff4cfb-cmckw.tier1-58
2026-05-22T05:32:54.138104Z	info	delta	CDS: PUSH request for node:tier1-gateway-86bff4cfb-cmckw.tier1 resources:3 removed:0 size:2.4kB cached:2/2 filtered:0
2026-05-22T05:32:54.139082Z	info	delta	LDS: PUSH request for node:tier1-gateway-86bff4cfb-cmckw.tier1 resources:1 removed:0 size:4.5kB filtered:0
2026-05-22T05:32:54.139593Z	info	delta	RDS: PUSH request for node:tier1-gateway-86bff4cfb-cmckw.tier1 resources:1 removed:0 size:695B cached:0/0 filtered:0
2026-05-22T05:32:54.139652Z	info	delta	EDS: PUSH request for node:tier1-gateway-86bff4cfb-cmckw.tier1 resources:2 removed:0 size:317B empty:0 cached:2/2 filtered:0
2026-05-22T05:35:29.756256Z	info	sync complete	name=istiod analyzer attempt=1 time=110.625µs
2026-05-22T05:40:35.988475Z	info	sync complete	name=istiod analyzer attempt=1 time=102.166µs
2026-05-22T05:45:41.458089Z	info	sync complete	name=istiod analyzer attempt=1 time=94.583µs
2026-05-22T05:50:46.618414Z	info	sync complete	name=istiod analyzer attempt=1 time=57.167µs
2026-05-22T05:55:48.185130Z	info	delta	ADS: "10.10.0.24:42994" echo-eastwestgateway-c58fcbbff-4s58v.echo-57 terminated
2026-05-22T05:55:48.630221Z	info	delta	ADS: new delta connection for node:echo-eastwestgateway-c58fcbbff-4s58v.echo-59
2026-05-22T05:55:48.630474Z	info	delta	CDS: PUSH request for node:echo-eastwestgateway-c58fcbbff-4s58v.echo resources:1 removed:0 size:50B filtered:0
2026-05-22T05:55:48.630753Z	info	delta	LDS: PUSH request for node:echo-eastwestgateway-c58fcbbff-4s58v.echo resources:0 removed:0 size:0B
2026-05-22T05:55:52.369286Z	info	sync complete	name=istiod analyzer attempt=1 time=65.541µs
2026-05-22T06:00:58.786150Z	info	sync complete	name=istiod analyzer attempt=1 time=54.667µs
2026-05-22T06:02:25.945065Z	info	delta	ADS: "10.10.0.23:55564" tier1-gateway-86bff4cfb-cmckw.tier1-58 terminated
2026-05-22T06:02:25.987168Z	info	delta	ADS: new delta connection for node:tier1-gateway-86bff4cfb-cmckw.tier1-60
2026-05-22T06:02:25.987494Z	info	delta	CDS: PUSH request for node:tier1-gateway-86bff4cfb-cmckw.tier1 resources:3 removed:0 size:2.4kB cached:2/2 filtered:0
2026-05-22T06:02:25.988766Z	info	delta	LDS: PUSH request for node:tier1-gateway-86bff4cfb-cmckw.tier1 resources:1 removed:0 size:4.5kB filtered:0
2026-05-22T06:02:25.988923Z	info	delta	RDS: PUSH request for node:tier1-gateway-86bff4cfb-cmckw.tier1 resources:1 removed:0 size:695B cached:0/0 filtered:0
2026-05-22T06:02:25.988967Z	info	delta	EDS: PUSH request for node:tier1-gateway-86bff4cfb-cmckw.tier1 resources:2 removed:0 size:317B empty:0 cached:2/2 filtered:0
2026-05-22T06:06:05.119499Z	info	sync complete	name=istiod analyzer attempt=1 time=60.042µs
2026-05-22T06:11:11.242681Z	info	sync complete	name=istiod analyzer attempt=1 time=117.375µs
2026-05-22T06:16:17.532264Z	info	sync complete	name=istiod analyzer attempt=1 time=101.125µs
2026-05-22T06:21:22.220209Z	info	sync complete	name=istiod analyzer attempt=1 time=103.583µs
2026-05-22T06:26:27.662728Z	info	sync complete	name=istiod analyzer attempt=1 time=139.167µs
2026-05-22T06:26:31.430513Z	info	delta	ADS: "10.10.0.24:34990" echo-eastwestgateway-c58fcbbff-4s58v.echo-59 terminated
2026-05-22T06:26:31.445254Z	info	delta	ADS: new delta connection for node:echo-eastwestgateway-c58fcbbff-4s58v.echo-61
2026-05-22T06:26:31.445777Z	info	delta	CDS: PUSH request for node:echo-eastwestgateway-c58fcbbff-4s58v.echo resources:1 removed:0 size:50B filtered:0
2026-05-22T06:26:31.446311Z	info	delta	LDS: PUSH request for node:echo-eastwestgateway-c58fcbbff-4s58v.echo resources:0 removed:0 size:0B
2026-05-22T06:31:32.914839Z	info	sync complete	name=istiod analyzer attempt=1 time=166.166µs
2026-05-22T06:35:14.356795Z	info	delta	ADS: "10.10.0.23:56030" tier1-gateway-86bff4cfb-cmckw.tier1-60 terminated
2026-05-22T06:35:14.734610Z	info	delta	ADS: new delta connection for node:tier1-gateway-86bff4cfb-cmckw.tier1-62
2026-05-22T06:35:14.735405Z	info	delta	CDS: PUSH request for node:tier1-gateway-86bff4cfb-cmckw.tier1 resources:3 removed:0 size:2.4kB cached:2/2 filtered:0
2026-05-22T06:35:14.738288Z	info	delta	LDS: PUSH request for node:tier1-gateway-86bff4cfb-cmckw.tier1 resources:1 removed:0 size:4.5kB filtered:0
2026-05-22T06:35:14.739400Z	info	delta	RDS: PUSH request for node:tier1-gateway-86bff4cfb-cmckw.tier1 resources:1 removed:0 size:695B cached:0/0 filtered:0
2026-05-22T06:35:14.739511Z	info	delta	EDS: PUSH request for node:tier1-gateway-86bff4cfb-cmckw.tier1 resources:2 removed:0 size:317B empty:0 cached:2/2 filtered:0
2026-05-22T06:36:38.236241Z	info	sync complete	name=istiod analyzer attempt=1 time=156.209µs
2026-05-22T06:41:43.365277Z	info	sync complete	name=istiod analyzer attempt=1 time=57.625µs
2026-05-22T06:46:50.726969Z	info	sync complete	name=istiod analyzer attempt=1 time=103.958µs
2026-05-22T06:51:54.723610Z	info	sync complete	name=istiod analyzer attempt=1 time=191.875µs
2026-05-22T06:51:56.731264Z	info	sync complete	name=istiod analyzer attempt=1 time=24.833µs
2026-05-22T06:51:58.730171Z	info	sync complete	name=istiod analyzer attempt=1 time=23.458µs
2026-05-22T06:52:00.584206Z	info	sync complete	name=istiod analyzer attempt=1 time=27.167µs
2026-05-22T06:52:01.736071Z	info	sync complete	name=istiod analyzer attempt=1 time=31.042µs
2026-05-22T06:52:02.838141Z	info	sync complete	name=istiod analyzer attempt=1 time=33.209µs
2026-05-22T06:56:04.352255Z	info	delta	ADS: "10.10.0.24:40454" echo-eastwestgateway-c58fcbbff-4s58v.echo-61 terminated
2026-05-22T06:56:04.741038Z	info	delta	ADS: new delta connection for node:echo-eastwestgateway-c58fcbbff-4s58v.echo-63
2026-05-22T06:56:04.741725Z	info	delta	CDS: PUSH request for node:echo-eastwestgateway-c58fcbbff-4s58v.echo resources:1 removed:0 size:50B filtered:0
2026-05-22T06:56:04.741820Z	info	delta	LDS: PUSH request for node:echo-eastwestgateway-c58fcbbff-4s58v.echo resources:0 removed:0 size:0B
2026-05-22T06:57:01.430532Z	info	sync complete	name=istiod analyzer attempt=1 time=111.625µs
2026-05-22T07:02:06.734771Z	info	sync complete	name=istiod analyzer attempt=1 time=138µs
2026-05-22T07:07:06.602197Z	info	delta	ADS: "10.10.0.23:41828" tier1-gateway-86bff4cfb-cmckw.tier1-62 terminated
2026-05-22T07:07:06.973343Z	info	delta	ADS: new delta connection for node:tier1-gateway-86bff4cfb-cmckw.tier1-64
2026-05-22T07:07:06.973800Z	info	delta	CDS: PUSH request for node:tier1-gateway-86bff4cfb-cmckw.tier1 resources:3 removed:0 size:2.4kB cached:2/2 filtered:0
2026-05-22T07:07:06.975023Z	info	delta	LDS: PUSH request for node:tier1-gateway-86bff4cfb-cmckw.tier1 resources:1 removed:0 size:4.5kB filtered:0
2026-05-22T07:07:06.975431Z	info	delta	RDS: PUSH request for node:tier1-gateway-86bff4cfb-cmckw.tier1 resources:1 removed:0 size:695B cached:0/0 filtered:0
2026-05-22T07:07:06.975657Z	info	delta	EDS: PUSH request for node:tier1-gateway-86bff4cfb-cmckw.tier1 resources:2 removed:0 size:317B empty:0 cached:2/2 filtered:0
2026-05-22T07:07:13.819467Z	info	sync complete	name=istiod analyzer attempt=1 time=71.291µs
2026-05-22T07:12:19.338679Z	info	sync complete	name=istiod analyzer attempt=1 time=54.375µs
2026-05-22T07:17:26.359697Z	info	sync complete	name=istiod analyzer attempt=1 time=28.542µs
2026-05-22T07:22:32.684517Z	info	sync complete	name=istiod analyzer attempt=1 time=58.5µs
2026-05-22T07:24:23.378963Z	info	delta	ADS: "10.10.0.24:57842" echo-eastwestgateway-c58fcbbff-4s58v.echo-63 terminated
2026-05-22T07:24:23.387320Z	info	delta	ADS: new delta connection for node:echo-eastwestgateway-c58fcbbff-4s58v.echo-65
2026-05-22T07:24:23.387682Z	info	delta	CDS: PUSH request for node:echo-eastwestgateway-c58fcbbff-4s58v.echo resources:1 removed:0 size:50B filtered:0
2026-05-22T07:24:23.387968Z	info	delta	LDS: PUSH request for node:echo-eastwestgateway-c58fcbbff-4s58v.echo resources:0 removed:0 size:0B
2026-05-22T07:27:38.145966Z	info	sync complete	name=istiod analyzer attempt=1 time=26.791µs
2026-05-22T07:32:31.578562Z	info	Process sidecar injection request	path=/inject pod=tier1/tier1-gateway-7797ddcd87-***** (actual name not yet known)
2026-05-22T07:32:32.302986Z	info	delta	ADS: new delta connection for node:tier1-gateway-7797ddcd87-6mjbh.tier1-66
2026-05-22T07:32:32.303138Z	info	delta	CDS: PUSH request for node:tier1-gateway-7797ddcd87-6mjbh.tier1 resources:3 removed:0 size:2.4kB cached:2/2
2026-05-22T07:32:32.314266Z	info	delta	EDS: PUSH request for node:tier1-gateway-7797ddcd87-6mjbh.tier1 resources:2 removed:0 size:317B empty:0 cached:2/2 filtered:0
2026-05-22T07:32:32.321759Z	info	delta	LDS: PUSH request for node:tier1-gateway-7797ddcd87-6mjbh.tier1 resources:1 removed:0 size:4.5kB
2026-05-22T07:32:32.327113Z	info	delta	RDS: PUSH request for node:tier1-gateway-7797ddcd87-6mjbh.tier1 resources:1 removed:0 size:695B cached:0/0 filtered:0
2026-05-22T07:32:32.597672Z	info	sync complete	name=istiod analyzer attempt=1 time=23.833µs
2026-05-22T07:32:32.786120Z	info	delta	CDS: PUSH for node:tier1-gateway-7797ddcd87-6mjbh.tier1 resources:3 removed:0 size:2.4kB cached:2/2
2026-05-22T07:32:32.786198Z	info	delta	EDS: PUSH for node:tier1-gateway-7797ddcd87-6mjbh.tier1 resources:2 removed:0 size:317B empty:0 cached:2/2
2026-05-22T07:32:32.786708Z	info	delta	LDS: PUSH for node:tier1-gateway-7797ddcd87-6mjbh.tier1 resources:1 removed:0 size:4.5kB
2026-05-22T07:32:32.786922Z	info	delta	RDS: PUSH for node:tier1-gateway-7797ddcd87-6mjbh.tier1 resources:1 removed:0 size:695B cached:0/0
2026-05-22T07:32:32.889729Z	info	ads	Push debounce stable[36] 1 for config ServiceEntry/tier1/tier1-gateway.tier1.svc.cluster.local: 100.715417ms since last change, 100.715375ms since last push, full=false
2026-05-22T07:32:32.889834Z	info	ads	XDS: Incremental Pushing ConnectedEndpoints:3 Version:2026-05-20T19:28:14Z/28
2026-05-22T07:32:33.798876Z	info	sync complete	name=istiod analyzer attempt=1 time=31.208µs
2026-05-22T07:32:42.905602Z	info	ads	Push debounce stable[37] 1 for config ServiceEntry/tier1/tier1-gateway.tier1.svc.cluster.local: 100.54875ms since last change, 100.548709ms since last push, full=false
2026-05-22T07:32:42.905668Z	info	ads	XDS: Incremental Pushing ConnectedEndpoints:3 Version:2026-05-20T19:28:14Z/28
2026-05-22T07:32:43.937923Z	info	sync complete	name=istiod analyzer attempt=1 time=31.375µs
2026-05-22T07:32:48.813510Z	info	delta	ADS: "10.10.0.23:52684" tier1-gateway-86bff4cfb-cmckw.tier1-64 terminated
2026-05-22T07:32:49.004260Z	info	ads	Push debounce stable[38] 1 for config ServiceEntry/tier1/tier1-gateway.tier1.svc.cluster.local: 100.128792ms since last change, 100.12875ms since last push, full=false
2026-05-22T07:32:49.004311Z	info	ads	XDS: Incremental Pushing ConnectedEndpoints:2 Version:2026-05-20T19:28:14Z/28
2026-05-22T07:32:50.819387Z	info	sync complete	name=istiod analyzer attempt=1 time=54.208µs
2026-05-22T07:34:00.069118Z	info	Process sidecar injection request	path=/inject pod=tier1/tier1-gateway-86bff4cfb-***** (actual name not yet known)
2026-05-22T07:34:00.770124Z	info	delta	ADS: new delta connection for node:tier1-gateway-86bff4cfb-zpq8k.tier1-67
2026-05-22T07:34:00.770229Z	info	delta	CDS: PUSH request for node:tier1-gateway-86bff4cfb-zpq8k.tier1 resources:3 removed:0 size:2.4kB cached:2/2
2026-05-22T07:34:00.772253Z	info	delta	EDS: PUSH request for node:tier1-gateway-86bff4cfb-zpq8k.tier1 resources:2 removed:0 size:317B empty:0 cached:2/2 filtered:0
2026-05-22T07:34:00.788598Z	info	delta	LDS: PUSH request for node:tier1-gateway-86bff4cfb-zpq8k.tier1 resources:1 removed:0 size:4.5kB
2026-05-22T07:34:00.790833Z	info	delta	RDS: PUSH request for node:tier1-gateway-86bff4cfb-zpq8k.tier1 resources:1 removed:0 size:695B cached:0/0 filtered:0
2026-05-22T07:34:00.927968Z	info	delta	CDS: PUSH for node:tier1-gateway-86bff4cfb-zpq8k.tier1 resources:3 removed:0 size:2.4kB cached:2/2
2026-05-22T07:34:00.928035Z	info	delta	EDS: PUSH for node:tier1-gateway-86bff4cfb-zpq8k.tier1 resources:2 removed:0 size:317B empty:0 cached:2/2
2026-05-22T07:34:00.928480Z	info	delta	LDS: PUSH for node:tier1-gateway-86bff4cfb-zpq8k.tier1 resources:1 removed:0 size:4.5kB
2026-05-22T07:34:00.928589Z	info	delta	RDS: PUSH for node:tier1-gateway-86bff4cfb-zpq8k.tier1 resources:1 removed:0 size:695B cached:0/0
2026-05-22T07:34:01.031652Z	info	ads	Push debounce stable[39] 1 for config ServiceEntry/tier1/tier1-gateway.tier1.svc.cluster.local: 100.795625ms since last change, 100.795542ms since last push, full=false
2026-05-22T07:34:01.031705Z	info	ads	XDS: Incremental Pushing ConnectedEndpoints:3 Version:2026-05-20T19:28:14Z/28
2026-05-22T07:34:01.939615Z	info	sync complete	name=istiod analyzer attempt=1 time=25.709µs
2026-05-22T07:34:11.047624Z	info	ads	Push debounce stable[40] 1 for config ServiceEntry/tier1/tier1-gateway.tier1.svc.cluster.local: 101.730251ms since last change, 101.730209ms since last push, full=false
2026-05-22T07:34:11.047673Z	info	ads	XDS: Incremental Pushing ConnectedEndpoints:3 Version:2026-05-20T19:28:14Z/28
2026-05-22T07:34:11.952612Z	info	sync complete	name=istiod analyzer attempt=1 time=32.667µs
2026-05-22T07:34:16.952482Z	info	delta	ADS: "10.10.0.42:57036" tier1-gateway-7797ddcd87-6mjbh.tier1-66 terminated
2026-05-22T07:34:17.144407Z	info	ads	Push debounce stable[41] 1 for config ServiceEntry/tier1/tier1-gateway.tier1.svc.cluster.local: 101.921667ms since last change, 101.921625ms since last push, full=false
2026-05-22T07:34:17.144454Z	info	ads	XDS: Incremental Pushing ConnectedEndpoints:2 Version:2026-05-20T19:28:14Z/28
2026-05-22T07:34:18.960395Z	info	sync complete	name=istiod analyzer attempt=1 time=27.708µs
2026-05-22T07:37:51.461601Z	info	sync complete	name=istiod analyzer attempt=1 time=31.042µs
2026-05-22T07:42:58.419295Z	info	sync complete	name=istiod analyzer attempt=1 time=58.917µs
2026-05-22T07:44:09.263993Z	info	Process sidecar injection request	path=/inject pod=tier1/tier1-gateway-7797ddcd87-***** (actual name not yet known)
2026-05-22T07:44:10.013250Z	info	delta	ADS: new delta connection for node:tier1-gateway-7797ddcd87-6nnw7.tier1-68
2026-05-22T07:44:10.013500Z	info	delta	CDS: PUSH request for node:tier1-gateway-7797ddcd87-6nnw7.tier1 resources:3 removed:0 size:2.4kB cached:2/2
2026-05-22T07:44:10.024394Z	info	delta	EDS: PUSH request for node:tier1-gateway-7797ddcd87-6nnw7.tier1 resources:2 removed:0 size:317B empty:0 cached:2/2 filtered:0
2026-05-22T07:44:10.069793Z	info	delta	LDS: PUSH request for node:tier1-gateway-7797ddcd87-6nnw7.tier1 resources:1 removed:0 size:4.5kB
2026-05-22T07:44:10.074884Z	info	delta	RDS: PUSH request for node:tier1-gateway-7797ddcd87-6nnw7.tier1 resources:1 removed:0 size:695B cached:0/0 filtered:0
2026-05-22T07:44:10.917601Z	info	sync complete	name=istiod analyzer attempt=1 time=29.875µs
2026-05-22T07:44:10.925908Z	info	delta	CDS: PUSH for node:tier1-gateway-7797ddcd87-6nnw7.tier1 resources:3 removed:0 size:2.4kB cached:2/2
2026-05-22T07:44:10.925976Z	info	delta	EDS: PUSH for node:tier1-gateway-7797ddcd87-6nnw7.tier1 resources:2 removed:0 size:317B empty:0 cached:2/2
2026-05-22T07:44:10.926505Z	info	delta	LDS: PUSH for node:tier1-gateway-7797ddcd87-6nnw7.tier1 resources:1 removed:0 size:4.5kB
2026-05-22T07:44:10.926655Z	info	delta	RDS: PUSH for node:tier1-gateway-7797ddcd87-6nnw7.tier1 resources:1 removed:0 size:695B cached:0/0
2026-05-22T07:44:11.032539Z	info	ads	Push debounce stable[42] 1 for config ServiceEntry/tier1/tier1-gateway.tier1.svc.cluster.local: 100.265958ms since last change, 100.265917ms since last push, full=false
2026-05-22T07:44:11.032633Z	info	ads	XDS: Incremental Pushing ConnectedEndpoints:3 Version:2026-05-20T19:28:14Z/28
2026-05-22T07:44:11.939024Z	info	sync complete	name=istiod analyzer attempt=1 time=25.625µs
2026-05-22T07:44:21.050125Z	info	ads	Push debounce stable[43] 1 for config ServiceEntry/tier1/tier1-gateway.tier1.svc.cluster.local: 100.611416ms since last change, 100.611375ms since last push, full=false
2026-05-22T07:44:21.050178Z	info	ads	XDS: Incremental Pushing ConnectedEndpoints:3 Version:2026-05-20T19:28:14Z/28
2026-05-22T07:44:21.956363Z	info	sync complete	name=istiod analyzer attempt=1 time=25.167µs
2026-05-22T07:44:26.958290Z	info	delta	ADS: "10.10.0.43:54304" tier1-gateway-86bff4cfb-zpq8k.tier1-67 terminated
2026-05-22T07:44:27.146369Z	info	ads	Push debounce stable[44] 1 for config ServiceEntry/tier1/tier1-gateway.tier1.svc.cluster.local: 101.908583ms since last change, 101.9085ms since last push, full=false
2026-05-22T07:44:27.146417Z	info	ads	XDS: Incremental Pushing ConnectedEndpoints:2 Version:2026-05-20T19:28:14Z/28
2026-05-22T07:44:28.953340Z	info	sync complete	name=istiod analyzer attempt=1 time=26.375µs
2026-05-22T07:48:03.091037Z	info	sync complete	name=istiod analyzer attempt=1 time=25.541µs
2026-05-22T07:53:10.004461Z	info	sync complete	name=istiod analyzer attempt=1 time=23.375µs
2026-05-22T07:55:32.528255Z	info	delta	ADS: "10.10.0.24:53626" echo-eastwestgateway-c58fcbbff-4s58v.echo-65 terminated
2026-05-22T07:55:32.722975Z	info	delta	ADS: new delta connection for node:echo-eastwestgateway-c58fcbbff-4s58v.echo-69
2026-05-22T07:55:32.723164Z	info	delta	CDS: PUSH request for node:echo-eastwestgateway-c58fcbbff-4s58v.echo resources:1 removed:0 size:50B filtered:0
2026-05-22T07:55:32.723188Z	info	delta	LDS: PUSH request for node:echo-eastwestgateway-c58fcbbff-4s58v.echo resources:0 removed:0 size:0B
2026-05-22T07:58:16.179727Z	info	sync complete	name=istiod analyzer attempt=1 time=27.541µs
2026-05-22T08:03:22.385603Z	info	sync complete	name=istiod analyzer attempt=1 time=35.583µs
2026-05-22T08:08:28.410139Z	info	sync complete	name=istiod analyzer attempt=1 time=26.125µs
2026-05-22T08:13:34.467161Z	info	sync complete	name=istiod analyzer attempt=1 time=29.5µs
2026-05-22T08:15:41.873555Z	info	delta	ADS: "10.10.0.44:53612" tier1-gateway-7797ddcd87-6nnw7.tier1-68 terminated
2026-05-22T08:15:42.367501Z	info	delta	ADS: new delta connection for node:tier1-gateway-7797ddcd87-6nnw7.tier1-70
2026-05-22T08:15:42.367609Z	info	delta	CDS: PUSH request for node:tier1-gateway-7797ddcd87-6nnw7.tier1 resources:3 removed:0 size:2.4kB cached:2/2 filtered:0
2026-05-22T08:15:42.368231Z	info	delta	EDS: PUSH request for node:tier1-gateway-7797ddcd87-6nnw7.tier1 resources:2 removed:0 size:317B empty:0 cached:2/2 filtered:0
2026-05-22T08:15:42.369280Z	info	delta	LDS: PUSH request for node:tier1-gateway-7797ddcd87-6nnw7.tier1 resources:1 removed:0 size:4.5kB filtered:0
2026-05-22T08:15:42.369508Z	info	delta	RDS: PUSH request for node:tier1-gateway-7797ddcd87-6nnw7.tier1 resources:1 removed:0 size:695B cached:0/0 filtered:0
2026-05-22T08:18:02.200970Z	info	sync complete	name=istiod analyzer attempt=1 time=29.458µs
2026-05-22T08:18:04.162002Z	info	sync complete	name=istiod analyzer attempt=1 time=22.125µs
2026-05-22T08:18:05.204879Z	info	sync complete	name=istiod analyzer attempt=1 time=33.75µs
2026-05-22T08:18:07.043461Z	info	sync complete	name=istiod analyzer attempt=1 time=102.041µs
2026-05-22T08:18:08.215033Z	info	sync complete	name=istiod analyzer attempt=1 time=32.125µs
2026-05-22T08:18:09.290940Z	info	sync complete	name=istiod analyzer attempt=1 time=31.167µs
2026-05-22T08:18:39.976361Z	info	sync complete	name=istiod analyzer attempt=1 time=25.084µs
2026-05-22T08:23:46.208727Z	info	sync complete	name=istiod analyzer attempt=1 time=29.208µs
2026-05-22T08:25:28.789824Z	info	delta	ADS: "10.10.0.24:51328" echo-eastwestgateway-c58fcbbff-4s58v.echo-69 terminated
2026-05-22T08:25:29.136520Z	info	delta	ADS: new delta connection for node:echo-eastwestgateway-c58fcbbff-4s58v.echo-71
2026-05-22T08:25:29.136708Z	info	delta	CDS: PUSH request for node:echo-eastwestgateway-c58fcbbff-4s58v.echo resources:1 removed:0 size:50B filtered:0
2026-05-22T08:25:29.136739Z	info	delta	LDS: PUSH request for node:echo-eastwestgateway-c58fcbbff-4s58v.echo resources:0 removed:0 size:0B
2026-05-22T08:28:52.684920Z	info	sync complete	name=istiod analyzer attempt=1 time=29.458µs
2026-05-22T08:33:58.810222Z	info	sync complete	name=istiod analyzer attempt=1 time=37.875µs
2026-05-22T08:39:05.428236Z	info	sync complete	name=istiod analyzer attempt=1 time=50.833µs
2026-05-22T08:44:11.214458Z	info	sync complete	name=istiod analyzer attempt=1 time=47.625µs
2026-05-22T08:47:17.059796Z	info	sync complete	name=istiod analyzer attempt=1 time=36.708µs
2026-05-22T08:48:07.145091Z	info	sync complete	name=istiod analyzer attempt=1 time=35.833µs
2026-05-22T08:48:08.206570Z	info	sync complete	name=istiod analyzer attempt=1 time=29.708µs
2026-05-22T08:48:39.013643Z	info	delta	ADS: "10.10.0.44:52202" tier1-gateway-7797ddcd87-6nnw7.tier1-70 terminated
2026-05-22T08:48:39.219157Z	info	delta	ADS: new delta connection for node:tier1-gateway-7797ddcd87-6nnw7.tier1-72
2026-05-22T08:48:39.219328Z	info	delta	CDS: PUSH request for node:tier1-gateway-7797ddcd87-6nnw7.tier1 resources:3 removed:0 size:2.4kB cached:2/2 filtered:0
2026-05-22T08:48:39.219877Z	info	delta	EDS: PUSH request for node:tier1-gateway-7797ddcd87-6nnw7.tier1 resources:2 removed:0 size:317B empty:0 cached:2/2 filtered:0
2026-05-22T08:48:39.220292Z	info	delta	LDS: PUSH request for node:tier1-gateway-7797ddcd87-6nnw7.tier1 resources:1 removed:0 size:4.5kB filtered:0
2026-05-22T08:48:39.221146Z	info	delta	RDS: PUSH request for node:tier1-gateway-7797ddcd87-6nnw7.tier1 resources:1 removed:0 size:695B cached:0/0 filtered:0
2026-05-22T08:49:16.189579Z	info	sync complete	name=istiod analyzer attempt=1 time=24.708µs
2026-05-22T08:54:22.416188Z	info	sync complete	name=istiod analyzer attempt=1 time=48.458µs
2026-05-22T08:57:41.778393Z	info	delta	ADS: "10.10.0.24:44904" echo-eastwestgateway-c58fcbbff-4s58v.echo-71 terminated
2026-05-22T08:57:42.008227Z	info	delta	ADS: new delta connection for node:echo-eastwestgateway-c58fcbbff-4s58v.echo-73
2026-05-22T08:57:42.008405Z	info	delta	CDS: PUSH request for node:echo-eastwestgateway-c58fcbbff-4s58v.echo resources:1 removed:0 size:50B filtered:0
2026-05-22T08:57:42.008430Z	info	delta	LDS: PUSH request for node:echo-eastwestgateway-c58fcbbff-4s58v.echo resources:0 removed:0 size:0B
2026-05-22T08:59:28.489216Z	info	sync complete	name=istiod analyzer attempt=1 time=41.208µs
2026-05-22T09:04:35.538904Z	info	sync complete	name=istiod analyzer attempt=1 time=26.208µs
2026-05-22T09:09:41.563776Z	info	sync complete	name=istiod analyzer attempt=1 time=58.916µs
2026-05-22T09:14:47.447059Z	info	sync complete	name=istiod analyzer attempt=1 time=22.375µs
2026-05-22T09:19:54.591330Z	info	sync complete	name=istiod analyzer attempt=1 time=27.792µs
2026-05-22T09:20:31.443964Z	info	delta	ADS: "10.10.0.44:42288" tier1-gateway-7797ddcd87-6nnw7.tier1-72 terminated
2026-05-22T09:20:31.815151Z	info	delta	ADS: new delta connection for node:tier1-gateway-7797ddcd87-6nnw7.tier1-74
2026-05-22T09:20:31.815623Z	info	delta	CDS: PUSH request for node:tier1-gateway-7797ddcd87-6nnw7.tier1 resources:3 removed:0 size:2.4kB cached:2/2 filtered:0
2026-05-22T09:20:31.816131Z	info	delta	EDS: PUSH request for node:tier1-gateway-7797ddcd87-6nnw7.tier1 resources:2 removed:0 size:317B empty:0 cached:2/2 filtered:0
2026-05-22T09:20:31.817430Z	info	delta	LDS: PUSH request for node:tier1-gateway-7797ddcd87-6nnw7.tier1 resources:1 removed:0 size:4.5kB filtered:0
2026-05-22T09:20:31.817630Z	info	delta	RDS: PUSH request for node:tier1-gateway-7797ddcd87-6nnw7.tier1 resources:1 removed:0 size:695B cached:0/0 filtered:0
2026-05-22T09:25:01.557137Z	info	sync complete	name=istiod analyzer attempt=1 time=63.708µs
2026-05-22T09:26:50.795986Z	info	sync complete	name=istiod analyzer attempt=1 time=29.75µs
2026-05-22T09:26:52.020007Z	info	sync complete	name=istiod analyzer attempt=1 time=24.959µs
2026-05-22T09:26:53.902300Z	info	sync complete	name=istiod analyzer attempt=1 time=23.584µs
2026-05-22T09:26:55.025070Z	info	sync complete	name=istiod analyzer attempt=1 time=27.791µs
2026-05-22T09:26:56.873089Z	info	sync complete	name=istiod analyzer attempt=1 time=32.542µs
2026-05-22T09:26:58.032139Z	info	sync complete	name=istiod analyzer attempt=1 time=83.042µs
2026-05-22T09:26:59.102105Z	info	sync complete	name=istiod analyzer attempt=1 time=24.917µs
2026-05-22T09:30:07.816240Z	info	sync complete	name=istiod analyzer attempt=1 time=24.459µs
2026-05-22T09:30:52.631909Z	info	delta	ADS: "10.10.0.24:42888" echo-eastwestgateway-c58fcbbff-4s58v.echo-73 terminated
2026-05-22T09:30:53.072097Z	info	delta	ADS: new delta connection for node:echo-eastwestgateway-c58fcbbff-4s58v.echo-75
2026-05-22T09:30:53.072330Z	info	delta	CDS: PUSH request for node:echo-eastwestgateway-c58fcbbff-4s58v.echo resources:1 removed:0 size:50B filtered:0
2026-05-22T09:30:53.072357Z	info	delta	LDS: PUSH request for node:echo-eastwestgateway-c58fcbbff-4s58v.echo resources:0 removed:0 size:0B
2026-05-22T09:35:14.679724Z	info	sync complete	name=istiod analyzer attempt=1 time=34.292µs
2026-05-22T09:40:21.136378Z	info	sync complete	name=istiod analyzer attempt=1 time=62.917µs
2026-05-22T09:45:27.940037Z	info	sync complete	name=istiod analyzer attempt=1 time=37.708µs
2026-05-22T09:48:20.122357Z	info	delta	ADS: "10.10.0.44:39270" tier1-gateway-7797ddcd87-6nnw7.tier1-74 terminated
2026-05-22T09:48:20.265012Z	info	delta	ADS: new delta connection for node:tier1-gateway-7797ddcd87-6nnw7.tier1-76
2026-05-22T09:48:20.265352Z	info	delta	CDS: PUSH request for node:tier1-gateway-7797ddcd87-6nnw7.tier1 resources:3 removed:0 size:2.4kB cached:2/2 filtered:0
2026-05-22T09:48:20.266076Z	info	delta	EDS: PUSH request for node:tier1-gateway-7797ddcd87-6nnw7.tier1 resources:2 removed:0 size:317B empty:0 cached:2/2 filtered:0
2026-05-22T09:48:20.267165Z	info	delta	LDS: PUSH request for node:tier1-gateway-7797ddcd87-6nnw7.tier1 resources:1 removed:0 size:4.5kB filtered:0
2026-05-22T09:48:20.267517Z	info	delta	RDS: PUSH request for node:tier1-gateway-7797ddcd87-6nnw7.tier1 resources:1 removed:0 size:695B cached:0/0 filtered:0
2026-05-22T09:50:33.654348Z	info	sync complete	name=istiod analyzer attempt=1 time=24.208µs
2026-05-22T09:55:40.051551Z	info	sync complete	name=istiod analyzer attempt=1 time=26.292µs
2026-05-22T10:00:26.021160Z	info	delta	ADS: "10.10.0.24:44526" echo-eastwestgateway-c58fcbbff-4s58v.echo-75 terminated
2026-05-22T10:00:26.439637Z	info	delta	ADS: new delta connection for node:echo-eastwestgateway-c58fcbbff-4s58v.echo-77
2026-05-22T10:00:26.439956Z	info	delta	CDS: PUSH request for node:echo-eastwestgateway-c58fcbbff-4s58v.echo resources:1 removed:0 size:50B filtered:0
2026-05-22T10:00:26.439998Z	info	delta	LDS: PUSH request for node:echo-eastwestgateway-c58fcbbff-4s58v.echo resources:0 removed:0 size:0B
2026-05-22T10:00:46.114832Z	info	sync complete	name=istiod analyzer attempt=1 time=30.5µs
2026-05-22T10:05:52.054036Z	info	sync complete	name=istiod analyzer attempt=1 time=24.459µs
2026-05-22T10:10:58.210061Z	info	sync complete	name=istiod analyzer attempt=1 time=26.667µs
2026-05-22T10:16:04.553370Z	info	sync complete	name=istiod analyzer attempt=1 time=48.042µs
2026-05-22T10:19:59.544966Z	info	delta	ADS: "10.10.0.44:56292" tier1-gateway-7797ddcd87-6nnw7.tier1-76 terminated
2026-05-22T10:19:59.674348Z	info	delta	ADS: new delta connection for node:tier1-gateway-7797ddcd87-6nnw7.tier1-78
2026-05-22T10:19:59.674444Z	info	delta	CDS: PUSH request for node:tier1-gateway-7797ddcd87-6nnw7.tier1 resources:3 removed:0 size:2.4kB cached:2/2 filtered:0
2026-05-22T10:19:59.677232Z	info	delta	EDS: PUSH request for node:tier1-gateway-7797ddcd87-6nnw7.tier1 resources:2 removed:0 size:317B empty:0 cached:2/2 filtered:0
2026-05-22T10:19:59.677800Z	info	delta	LDS: PUSH request for node:tier1-gateway-7797ddcd87-6nnw7.tier1 resources:1 removed:0 size:4.5kB filtered:0
2026-05-22T10:19:59.678534Z	info	delta	RDS: PUSH request for node:tier1-gateway-7797ddcd87-6nnw7.tier1 resources:1 removed:0 size:695B cached:0/0 filtered:0
2026-05-22T10:21:10.259300Z	info	sync complete	name=istiod analyzer attempt=1 time=26.416µs
2026-05-22T10:26:16.733701Z	info	sync complete	name=istiod analyzer attempt=1 time=40.041µs
2026-05-22T10:31:21.742227Z	info	sync complete	name=istiod analyzer attempt=1 time=36.875µs
2026-05-22T10:32:32.528636Z	info	delta	ADS: "10.10.0.24:59488" echo-eastwestgateway-c58fcbbff-4s58v.echo-77 terminated
2026-05-22T10:32:32.886974Z	info	delta	ADS: new delta connection for node:echo-eastwestgateway-c58fcbbff-4s58v.echo-79
2026-05-22T10:32:32.887158Z	info	delta	CDS: PUSH request for node:echo-eastwestgateway-c58fcbbff-4s58v.echo resources:1 removed:0 size:50B filtered:0
2026-05-22T10:32:32.887181Z	info	delta	LDS: PUSH request for node:echo-eastwestgateway-c58fcbbff-4s58v.echo resources:0 removed:0 size:0B
2026-05-22T10:36:27.854295Z	info	sync complete	name=istiod analyzer attempt=1 time=23.709µs
2026-05-22T10:41:33.935519Z	info	sync complete	name=istiod analyzer attempt=1 time=54.167µs
2026-05-22T10:46:40.313483Z	info	sync complete	name=istiod analyzer attempt=1 time=38.292µs
2026-05-22T10:51:00.713796Z	info	delta	ADS: "10.10.0.44:38192" tier1-gateway-7797ddcd87-6nnw7.tier1-78 terminated
2026-05-22T10:51:00.824397Z	info	delta	ADS: new delta connection for node:tier1-gateway-7797ddcd87-6nnw7.tier1-80
2026-05-22T10:51:00.824723Z	info	delta	CDS: PUSH request for node:tier1-gateway-7797ddcd87-6nnw7.tier1 resources:3 removed:0 size:2.4kB cached:2/2 filtered:0
2026-05-22T10:51:00.825049Z	info	delta	EDS: PUSH request for node:tier1-gateway-7797ddcd87-6nnw7.tier1 resources:2 removed:0 size:317B empty:0 cached:2/2 filtered:0
2026-05-22T10:51:00.826015Z	info	delta	LDS: PUSH request for node:tier1-gateway-7797ddcd87-6nnw7.tier1 resources:1 removed:0 size:4.5kB filtered:0
2026-05-22T10:51:00.826336Z	info	delta	RDS: PUSH request for node:tier1-gateway-7797ddcd87-6nnw7.tier1 resources:1 removed:0 size:695B cached:0/0 filtered:0
2026-05-22T10:51:46.740698Z	info	sync complete	name=istiod analyzer attempt=1 time=26.458µs
2026-05-22T10:56:51.608568Z	info	sync complete	name=istiod analyzer attempt=1 time=22.959µs
2026-05-22T11:01:58.456982Z	info	sync complete	name=istiod analyzer attempt=1 time=24.917µs
2026-05-22T11:02:29.579130Z	info	delta	ADS: "10.10.0.24:56334" echo-eastwestgateway-c58fcbbff-4s58v.echo-79 terminated
2026-05-22T11:02:29.934372Z	info	delta	ADS: new delta connection for node:echo-eastwestgateway-c58fcbbff-4s58v.echo-81
2026-05-22T11:02:29.934457Z	info	delta	CDS: PUSH request for node:echo-eastwestgateway-c58fcbbff-4s58v.echo resources:1 removed:0 size:50B filtered:0
2026-05-22T11:02:29.934787Z	info	delta	LDS: PUSH request for node:echo-eastwestgateway-c58fcbbff-4s58v.echo resources:0 removed:0 size:0B
2026-05-22T11:07:03.654625Z	info	sync complete	name=istiod analyzer attempt=1 time=55.708µs
2026-05-22T11:12:09.893551Z	info	sync complete	name=istiod analyzer attempt=1 time=38.5µs
2026-05-22T11:17:15.909586Z	info	sync complete	name=istiod analyzer attempt=1 time=37.25µs
2026-05-22T11:20:27.928095Z	info	delta	ADS: "10.10.0.44:46138" tier1-gateway-7797ddcd87-6nnw7.tier1-80 terminated
2026-05-22T11:20:28.188737Z	info	delta	ADS: new delta connection for node:tier1-gateway-7797ddcd87-6nnw7.tier1-82
2026-05-22T11:20:28.188921Z	info	delta	CDS: PUSH request for node:tier1-gateway-7797ddcd87-6nnw7.tier1 resources:3 removed:0 size:2.4kB cached:2/2 filtered:0
2026-05-22T11:20:28.189582Z	info	delta	EDS: PUSH request for node:tier1-gateway-7797ddcd87-6nnw7.tier1 resources:2 removed:0 size:317B empty:0 cached:2/2 filtered:0
2026-05-22T11:20:28.190551Z	info	delta	LDS: PUSH request for node:tier1-gateway-7797ddcd87-6nnw7.tier1 resources:1 removed:0 size:4.5kB filtered:0
2026-05-22T11:20:28.191085Z	info	delta	RDS: PUSH request for node:tier1-gateway-7797ddcd87-6nnw7.tier1 resources:1 removed:0 size:695B cached:0/0 filtered:0
2026-05-22T11:22:21.805128Z	info	sync complete	name=istiod analyzer attempt=1 time=27.459µs
2026-05-22T11:27:25.966907Z	info	sync complete	name=istiod analyzer attempt=1 time=31.333µs
2026-05-22T11:32:32.387335Z	info	sync complete	name=istiod analyzer attempt=1 time=25.792µs
2026-05-22T11:34:55.814045Z	info	delta	ADS: "10.10.0.24:50974" echo-eastwestgateway-c58fcbbff-4s58v.echo-81 terminated
2026-05-22T11:34:56.173053Z	info	delta	ADS: new delta connection for node:echo-eastwestgateway-c58fcbbff-4s58v.echo-83
2026-05-22T11:34:56.173284Z	info	delta	CDS: PUSH request for node:echo-eastwestgateway-c58fcbbff-4s58v.echo resources:1 removed:0 size:50B filtered:0
2026-05-22T11:34:56.173833Z	info	delta	LDS: PUSH request for node:echo-eastwestgateway-c58fcbbff-4s58v.echo resources:0 removed:0 size:0B
2026-05-22T11:37:37.752669Z	info	sync complete	name=istiod analyzer attempt=1 time=29.334µs
2026-05-22T11:42:44.136120Z	info	sync complete	name=istiod analyzer attempt=1 time=53.167µs
2026-05-22T11:47:50.028184Z	info	sync complete	name=istiod analyzer attempt=1 time=24.833µs
2026-05-22T12:43:29.978861Z	info	delta	ADS: "10.10.0.44:51172" tier1-gateway-7797ddcd87-6nnw7.tier1-82 terminated
2026-05-22T12:43:30.474962Z	info	delta	ADS: new delta connection for node:tier1-gateway-7797ddcd87-6nnw7.tier1-84
2026-05-22T12:43:30.475199Z	info	delta	CDS: PUSH request for node:tier1-gateway-7797ddcd87-6nnw7.tier1 resources:3 removed:0 size:2.4kB cached:2/2 filtered:0
2026-05-22T12:43:30.475540Z	info	delta	EDS: PUSH request for node:tier1-gateway-7797ddcd87-6nnw7.tier1 resources:2 removed:0 size:317B empty:0 cached:2/2 filtered:0
2026-05-22T12:43:30.476669Z	info	delta	LDS: PUSH request for node:tier1-gateway-7797ddcd87-6nnw7.tier1 resources:1 removed:0 size:4.5kB filtered:0
2026-05-22T12:43:30.477046Z	info	delta	RDS: PUSH request for node:tier1-gateway-7797ddcd87-6nnw7.tier1 resources:1 removed:0 size:695B cached:0/0 filtered:0
2026-05-22T12:47:05.218590Z	info	sync complete	name=istiod analyzer attempt=1 time=49µs
2026-05-22T12:52:10.837759Z	info	sync complete	name=istiod analyzer attempt=1 time=26.958µs
2026-05-22T12:57:16.469566Z	info	sync complete	name=istiod analyzer attempt=1 time=28.25µs
2026-05-22T12:58:24.387434Z	info	delta	ADS: "10.10.0.24:44004" echo-eastwestgateway-c58fcbbff-4s58v.echo-83 terminated
2026-05-22T12:58:24.487416Z	info	delta	ADS: new delta connection for node:echo-eastwestgateway-c58fcbbff-4s58v.echo-85
2026-05-22T12:58:24.487679Z	info	delta	CDS: PUSH request for node:echo-eastwestgateway-c58fcbbff-4s58v.echo resources:1 removed:0 size:50B filtered:0
2026-05-22T12:58:24.487730Z	info	delta	LDS: PUSH request for node:echo-eastwestgateway-c58fcbbff-4s58v.echo resources:0 removed:0 size:0B
2026-05-22T13:02:21.552020Z	info	sync complete	name=istiod analyzer attempt=1 time=27.541µs
2026-05-22T13:06:52.690346Z	info	ads	Push debounce stable[45] 10 for config VirtualService/tier1/tier1-echo-gw-echo and 9 more configs: 100.642959ms since last change, 119.166375ms since last push, full=true
2026-05-22T13:06:52.690660Z	info	ads	XDS: Pushing Services:16 ConnectedEndpoints:2 Version:2026-05-22T13:06:52Z/29
2026-05-22T13:06:52.690825Z	info	delta	CDS: PUSH for node:tier1-gateway-7797ddcd87-6nnw7.tier1 resources:1 removed:2 size:50B
2026-05-22T13:06:52.690971Z	info	delta	EDS: PUSH for node:tier1-gateway-7797ddcd87-6nnw7.tier1 resources:2 removed:0 size:317B empty:0 cached:0/2
2026-05-22T13:06:52.690998Z	info	delta	LDS: PUSH for node:tier1-gateway-7797ddcd87-6nnw7.tier1 resources:0 removed:1 size:0B
2026-05-22T13:06:52.691007Z	warn	buildGatewayRoutes: no gateways for router tier1-gateway-7797ddcd87-6nnw7.tier1
2026-05-22T13:06:52.691025Z	info	delta	RDS: PUSH for node:tier1-gateway-7797ddcd87-6nnw7.tier1 resources:1 removed:0 size:13B cached:0/0
2026-05-22T13:06:52.691131Z	info	delta	CDS: PUSH for node:echo-eastwestgateway-c58fcbbff-4s58v.echo resources:1 removed:0 size:50B
2026-05-22T13:06:52.691150Z	info	delta	LDS: PUSH for node:echo-eastwestgateway-c58fcbbff-4s58v.echo resources:0 removed:0 size:0B
2026-05-22T13:06:53.159947Z	info	model	reloading network gateways
2026-05-22T13:06:53.159989Z	info	model	gateways changed, triggering push
2026-05-22T13:06:53.167438Z	info	model	Incremental push, service tier1-gateway.tier1.svc.cluster.local at shard Kubernetes/cluster-0 has no endpoints
2026-05-22T13:06:53.295307Z	info	ads	Push debounce stable[46] 5 for config ServiceEntry/tier1/tier1-gateway.tier1.svc.cluster.local and 1 more configs: 101.357667ms since last change, 135.279959ms since last push, full=true
2026-05-22T13:06:53.296455Z	info	ads	XDS: Pushing Services:15 ConnectedEndpoints:2 Version:2026-05-22T13:06:53Z/30
2026-05-22T13:06:53.296567Z	info	delta	CDS: PUSH for node:tier1-gateway-7797ddcd87-6nnw7.tier1 resources:1 removed:0 size:50B
2026-05-22T13:06:53.296589Z	info	delta	LDS: PUSH for node:tier1-gateway-7797ddcd87-6nnw7.tier1 resources:0 removed:0 size:0B
2026-05-22T13:06:53.296601Z	warn	buildGatewayRoutes: no gateways for router tier1-gateway-7797ddcd87-6nnw7.tier1
2026-05-22T13:06:53.296612Z	info	delta	RDS: PUSH for node:tier1-gateway-7797ddcd87-6nnw7.tier1 resources:1 removed:0 size:13B cached:0/0
2026-05-22T13:06:53.296651Z	info	delta	CDS: PUSH for node:echo-eastwestgateway-c58fcbbff-4s58v.echo resources:1 removed:0 size:50B
2026-05-22T13:06:53.296664Z	info	delta	LDS: PUSH for node:echo-eastwestgateway-c58fcbbff-4s58v.echo resources:0 removed:0 size:0B
2026-05-22T13:06:53.300585Z	info	model	reloading network gateways
2026-05-22T13:06:53.300641Z	info	model	gateways changed, triggering push
2026-05-22T13:06:53.304596Z	info	model	Incremental push, service echo-eastwestgateway.echo.svc.cluster.local at shard Kubernetes/cluster-0 has no endpoints
2026-05-22T13:06:53.405283Z	info	ads	Push debounce stable[47] 4 for config ServiceEntry/echo/echo-eastwestgateway.echo.svc.cluster.local: 100.617333ms since last change, 104.59675ms since last push, full=true
2026-05-22T13:06:53.406197Z	info	ads	XDS: Pushing Services:14 ConnectedEndpoints:2 Version:2026-05-22T13:06:53Z/31
2026-05-22T13:06:53.406338Z	info	delta	CDS: PUSH for node:tier1-gateway-7797ddcd87-6nnw7.tier1 resources:1 removed:0 size:50B
2026-05-22T13:06:53.406359Z	info	delta	LDS: PUSH for node:tier1-gateway-7797ddcd87-6nnw7.tier1 resources:0 removed:0 size:0B
2026-05-22T13:06:53.406367Z	warn	buildGatewayRoutes: no gateways for router tier1-gateway-7797ddcd87-6nnw7.tier1
2026-05-22T13:06:53.406373Z	info	delta	RDS: PUSH for node:tier1-gateway-7797ddcd87-6nnw7.tier1 resources:1 removed:0 size:13B cached:0/0
2026-05-22T13:06:53.406407Z	info	delta	CDS: PUSH for node:echo-eastwestgateway-c58fcbbff-4s58v.echo resources:1 removed:0 size:50B
2026-05-22T13:06:53.406577Z	info	delta	LDS: PUSH for node:echo-eastwestgateway-c58fcbbff-4s58v.echo resources:0 removed:0 size:0B
2026-05-22T13:06:54.302168Z	info	sync complete	name=istiod analyzer attempt=1 time=34.917µs
2026-05-22T13:07:04.301497Z	info	sync complete	name=istiod analyzer attempt=1 time=24.125µs
2026-05-22T13:07:09.171968Z	info	delta	ADS: "10.10.0.44:41912" tier1-gateway-7797ddcd87-6nnw7.tier1-84 terminated
2026-05-22T13:07:09.307783Z	info	delta	ADS: "10.10.0.24:36248" echo-eastwestgateway-c58fcbbff-4s58v.echo-85 terminated
2026-05-22T13:07:11.170748Z	info	sync complete	name=istiod analyzer attempt=1 time=23.084µs
2026-05-22T13:07:27.906832Z	info	sync complete	name=istiod analyzer attempt=1 time=78.75µs
2026-05-22T13:11:01.113562Z	info	ads	Push debounce stable[48] 2 for config ServiceEntry/xcp-multicluster/echo.tetrate.io and 1 more configs: 101.146875ms since last change, 102.900291ms since last push, full=true
2026-05-22T13:11:01.113732Z	info	ads	XDS: Pushing Services:13 ConnectedEndpoints:0 Version:2026-05-22T13:11:01Z/32
2026-05-22T13:11:02.012675Z	info	sync complete	name=istiod analyzer attempt=1 time=27.333µs
2026-05-22T13:12:34.443219Z	info	sync complete	name=istiod analyzer attempt=1 time=38.25µs
2026-05-22T13:17:40.600641Z	info	sync complete	name=istiod analyzer attempt=1 time=29.25µs
2026-05-22T13:19:06.978880Z	info	ads	Push debounce stable[49] 2 for config Sidecar/tier1/default and 1 more configs: 101.504167ms since last change, 101.947917ms since last push, full=true
2026-05-22T13:19:06.979496Z	info	ads	XDS: Pushing Services:13 ConnectedEndpoints:0 Version:2026-05-22T13:19:06Z/33
2026-05-22T13:19:07.878001Z	info	sync complete	name=istiod analyzer attempt=1 time=179.792µs
2026-05-22T13:19:07.988730Z	info	ads	Push debounce stable[50] 1 for config EnvoyFilter/tier1/default-upstream-traffic-setting: 101.556167ms since last change, 101.556167ms since last push, full=true
2026-05-22T13:19:07.989074Z	info	ads	XDS: Pushing Services:13 ConnectedEndpoints:0 Version:2026-05-22T13:19:07Z/34
2026-05-22T13:19:08.888015Z	info	sync complete	name=istiod analyzer attempt=1 time=22.75µs
2026-05-22T13:22:46.585004Z	info	sync complete	name=istiod analyzer attempt=1 time=25.625µs
2026-05-22T13:27:53.612474Z	info	sync complete	name=istiod analyzer attempt=1 time=28.791µs
2026-05-22T13:32:59.841298Z	info	sync complete	name=istiod analyzer attempt=1 time=24.834µs
2026-05-22T13:38:06.153050Z	info	sync complete	name=istiod analyzer attempt=1 time=27.292µs
2026-05-22T13:43:11.717037Z	info	sync complete	name=istiod analyzer attempt=1 time=26.416µs
2026-05-22T13:48:17.316870Z	info	sync complete	name=istiod analyzer attempt=1 time=39.666µs
2026-05-22T13:53:23.421214Z	info	sync complete	name=istiod analyzer attempt=1 time=25µs
2026-05-22T13:58:29.076352Z	info	sync complete	name=istiod analyzer attempt=1 time=28.458µs
2026-05-22T14:03:36.179498Z	info	sync complete	name=istiod analyzer attempt=1 time=28.209µs
2026-05-22T14:05:26.622776Z	info	ads	Push debounce stable[51] 1 for config EnvoyFilter/tier1/tier1-gg-default-upstream-traffic-setting: 101.469625ms since last change, 101.469583ms since last push, full=true
2026-05-22T14:05:26.623242Z	info	ads	XDS: Pushing Services:13 ConnectedEndpoints:0 Version:2026-05-22T14:05:26Z/35
2026-05-22T14:05:27.523940Z	info	sync complete	name=istiod analyzer attempt=1 time=62.625µs
2026-05-22T14:05:27.634906Z	info	ads	Push debounce stable[52] 1 for config EnvoyFilter/tier1/tier1-gg-default-upstream-traffic-setting: 101.219292ms since last change, 101.219251ms since last push, full=true
2026-05-22T14:05:27.635260Z	info	ads	XDS: Pushing Services:13 ConnectedEndpoints:0 Version:2026-05-22T14:05:27Z/36
2026-05-22T14:05:28.534934Z	info	sync complete	name=istiod analyzer attempt=1 time=27.25µs
2026-05-22T14:07:01.790836Z	info	ads	Push debounce stable[53] 5 for config AuthorizationPolicy/tier1/allow and 4 more configs: 100.24375ms since last change, 103.891709ms since last push, full=true
2026-05-22T14:07:01.791733Z	info	ads	XDS: Pushing Services:13 ConnectedEndpoints:0 Version:2026-05-22T14:07:01Z/37
2026-05-22T14:07:02.691832Z	info	sync complete	name=istiod analyzer attempt=1 time=35.25µs
2026-05-22T14:07:02.804603Z	info	ads	Push debounce stable[54] 5 for config AuthorizationPolicy/tier1/allow and 4 more configs: 100.193417ms since last change, 104.714208ms since last push, full=true
2026-05-22T14:07:02.805060Z	info	ads	XDS: Pushing Services:13 ConnectedEndpoints:0 Version:2026-05-22T14:07:02Z/38
2026-05-22T14:07:03.704865Z	info	sync complete	name=istiod analyzer attempt=1 time=30.25µs
2026-05-22T14:08:41.314315Z	info	sync complete	name=istiod analyzer attempt=1 time=38.208µs
2026-05-22T14:09:04.742482Z	info	Process sidecar injection request	path=/inject pod=tier1/tier1-gateway-596d499c9c-***** (actual name not yet known)
2026-05-22T14:09:04.747489Z	info	model	reloading network gateways
2026-05-22T14:09:04.747540Z	info	model	gateways changed, triggering push
2026-05-22T14:09:04.751892Z	info	model	Incremental push, service tier1-gateway.tier1.svc.cluster.local at shard Kubernetes/cluster-0 has no endpoints
2026-05-22T14:09:04.852203Z	info	ads	Push debounce stable[55] 5 for config ServiceEntry/tier1/tier1-gateway.tier1.svc.cluster.local: 100.271042ms since last change, 115.418167ms since last push, full=true
2026-05-22T14:09:04.853423Z	info	ads	XDS: Pushing Services:14 ConnectedEndpoints:0 Version:2026-05-22T14:09:04Z/39
2026-05-22T14:09:05.488091Z	info	delta	ADS: new delta connection for node:tier1-gateway-596d499c9c-q76jh.tier1-86
2026-05-22T14:09:05.488184Z	info	delta	CDS: PUSH request for node:tier1-gateway-596d499c9c-q76jh.tier1 resources:1 removed:0 size:72B
2026-05-22T14:09:05.489997Z	info	delta	LDS: PUSH request for node:tier1-gateway-596d499c9c-q76jh.tier1 resources:1 removed:0 size:2.8kB
2026-05-22T14:09:05.772331Z	info	sync complete	name=istiod analyzer attempt=1 time=23.834µs
2026-05-22T14:09:05.878552Z	info	ads	Push debounce stable[56] 2 for config AuthorizationPolicy/tier1/allow and 1 more configs: 100.716416ms since last change, 101.219125ms since last push, full=true
2026-05-22T14:09:05.878677Z	info	ads	XDS: Pushing Services:14 ConnectedEndpoints:1 Version:2026-05-22T14:09:05Z/40
2026-05-22T14:09:05.878814Z	info	delta	CDS: PUSH for node:tier1-gateway-596d499c9c-q76jh.tier1 resources:1 removed:0 size:72B
2026-05-22T14:09:05.878923Z	info	delta	LDS: PUSH for node:tier1-gateway-596d499c9c-q76jh.tier1 resources:1 removed:0 size:2.8kB
2026-05-22T14:09:05.933334Z	info	model	Full push, new service tier1/tier1-gateway.tier1.svc.cluster.local
2026-05-22T14:09:05.936534Z	info	delta	CDS: PUSH for node:tier1-gateway-596d499c9c-q76jh.tier1 resources:1 removed:0 size:72B
2026-05-22T14:09:05.936728Z	info	delta	LDS: PUSH for node:tier1-gateway-596d499c9c-q76jh.tier1 resources:1 removed:0 size:2.8kB
2026-05-22T14:09:06.040123Z	info	ads	Push debounce stable[57] 2 for config ServiceEntry/tier1/tier1-gateway.tier1.svc.cluster.local: 100.451875ms since last change, 106.722333ms since last push, full=true
2026-05-22T14:09:06.040286Z	info	ads	XDS: Pushing Services:14 ConnectedEndpoints:1 Version:2026-05-22T14:09:06Z/41
2026-05-22T14:09:06.040418Z	info	delta	CDS: PUSH for node:tier1-gateway-596d499c9c-q76jh.tier1 resources:1 removed:0 size:72B
2026-05-22T14:09:06.040543Z	info	delta	LDS: PUSH for node:tier1-gateway-596d499c9c-q76jh.tier1 resources:1 removed:0 size:2.8kB
2026-05-22T14:09:06.945561Z	info	sync complete	name=istiod analyzer attempt=1 time=25.542µs
2026-05-22T14:12:09.702038Z	info	model	Cache Update, new service xcp-multicluster/echo.tetrate.io
2026-05-22T14:12:09.808100Z	info	ads	Push debounce stable[58] 2 for config ServiceEntry/xcp-multicluster/echo.tetrate.io: 102.008375ms since last change, 106.028ms since last push, full=true
2026-05-22T14:12:09.808281Z	info	ads	XDS: Pushing Services:15 ConnectedEndpoints:1 Version:2026-05-22T14:12:09Z/42
2026-05-22T14:12:09.808537Z	info	delta	CDS: PUSH for node:tier1-gateway-596d499c9c-q76jh.tier1 resources:3 removed:0 size:2.0kB cached:0/2
2026-05-22T14:12:09.808666Z	info	delta	LDS: PUSH for node:tier1-gateway-596d499c9c-q76jh.tier1 resources:1 removed:0 size:2.8kB
2026-05-22T14:12:09.811385Z	info	delta	EDS: PUSH request for node:tier1-gateway-596d499c9c-q76jh.tier1 resources:2 removed:0 size:328B empty:0 cached:0/2 filtered:0
2026-05-22T14:12:10.707303Z	info	sync complete	name=istiod analyzer attempt=1 time=34.959µs
2026-05-22T14:12:10.814092Z	info	ads	Push debounce stable[59] 2 for config VirtualService/tier1/tier1-echo-gw-echo and 1 more configs: 101.268666ms since last change, 102.0195ms since last push, full=true
2026-05-22T14:12:10.814263Z	info	ads	XDS: Pushing Services:15 ConnectedEndpoints:1 Version:2026-05-22T14:12:10Z/43
2026-05-22T14:12:10.814432Z	info	delta	CDS: PUSH for node:tier1-gateway-596d499c9c-q76jh.tier1 resources:3 removed:0 size:2.0kB cached:0/2
2026-05-22T14:12:10.814476Z	info	delta	EDS: PUSH for node:tier1-gateway-596d499c9c-q76jh.tier1 resources:2 removed:0 size:328B empty:0 cached:0/2
2026-05-22T14:12:10.814579Z	info	delta	LDS: PUSH for node:tier1-gateway-596d499c9c-q76jh.tier1 resources:1 removed:0 size:2.8kB
2026-05-22T14:12:11.713227Z	info	sync complete	name=istiod analyzer attempt=1 time=25.625µs
2026-05-22T14:13:47.001606Z	info	sync complete	name=istiod analyzer attempt=1 time=27.083µs
2026-05-22T14:18:53.379109Z	info	sync complete	name=istiod analyzer attempt=1 time=30.167µs
2026-05-22T14:23:58.109687Z	info	sync complete	name=istiod analyzer attempt=1 time=33.458µs
2026-05-22T14:29:03.536235Z	info	sync complete	name=istiod analyzer attempt=1 time=23.292µs
2026-05-22T14:34:08.931473Z	info	sync complete	name=istiod analyzer attempt=1 time=29.375µs
2026-05-22T14:39:15.882121Z	info	sync complete	name=istiod analyzer attempt=1 time=26.041µs
2026-05-22T14:41:33.553611Z	info	delta	ADS: "10.10.0.52:57256" tier1-gateway-596d499c9c-q76jh.tier1-86 terminated
2026-05-22T14:41:33.863266Z	info	delta	ADS: new delta connection for node:tier1-gateway-596d499c9c-q76jh.tier1-87
2026-05-22T14:41:33.863487Z	info	delta	CDS: PUSH request for node:tier1-gateway-596d499c9c-q76jh.tier1 resources:3 removed:0 size:2.0kB cached:2/2 filtered:0
2026-05-22T14:41:33.864454Z	info	delta	LDS: PUSH request for node:tier1-gateway-596d499c9c-q76jh.tier1 resources:1 removed:0 size:2.8kB filtered:0
2026-05-22T14:41:33.864767Z	info	delta	EDS: PUSH request for node:tier1-gateway-596d499c9c-q76jh.tier1 resources:2 removed:0 size:328B empty:0 cached:2/2 filtered:0
2026-05-22T17:32:06.385349Z	info	sync complete	name=istiod analyzer attempt=1 time=53µs
2026-05-22T17:37:13.094006Z	info	sync complete	name=istiod analyzer attempt=1 time=24.667µs
2026-05-22T17:42:19.503662Z	info	sync complete	name=istiod analyzer attempt=1 time=59.958µs
2026-05-22T17:47:24.622517Z	info	sync complete	name=istiod analyzer attempt=1 time=27.75µs
2026-05-22T17:52:30.268943Z	info	sync complete	name=istiod analyzer attempt=1 time=24.375µs
2026-05-22T18:00:03.859923Z	info	delta	ADS: "10.10.0.52:50644" tier1-gateway-596d499c9c-q76jh.tier1-87 terminated
2026-05-22T18:00:04.049496Z	info	delta	ADS: new delta connection for node:tier1-gateway-596d499c9c-q76jh.tier1-88
2026-05-22T18:00:04.049693Z	info	delta	CDS: PUSH request for node:tier1-gateway-596d499c9c-q76jh.tier1 resources:3 removed:0 size:2.0kB cached:2/2 filtered:0
2026-05-22T18:00:04.050011Z	info	delta	LDS: PUSH request for node:tier1-gateway-596d499c9c-q76jh.tier1 resources:1 removed:0 size:2.8kB filtered:0
2026-05-22T18:00:04.050223Z	info	delta	EDS: PUSH request for node:tier1-gateway-596d499c9c-q76jh.tier1 resources:2 removed:0 size:328B empty:0 cached:2/2 filtered:0
2026-05-22T18:00:42.447672Z	info	sync complete	name=istiod analyzer attempt=1 time=25.583µs
2026-05-22T18:05:47.770158Z	info	sync complete	name=istiod analyzer attempt=1 time=26.541µs
2026-05-22T18:10:54.073124Z	info	sync complete	name=istiod analyzer attempt=1 time=28.458µs
2026-05-22T18:16:00.252706Z	info	sync complete	name=istiod analyzer attempt=1 time=24.583µs
2026-05-22T18:21:05.726893Z	info	sync complete	name=istiod analyzer attempt=1 time=28.041µs
2026-05-22T18:26:13.144327Z	info	sync complete	name=istiod analyzer attempt=1 time=65.333µs
2026-05-22T19:10:04.378059Z	info	sync complete	name=istiod analyzer attempt=1 time=27.75µs
2026-05-22T19:10:10.875267Z	info	delta	ADS: "10.10.0.52:56658" tier1-gateway-596d499c9c-q76jh.tier1-88 terminated
2026-05-22T19:10:11.230527Z	info	delta	ADS: new delta connection for node:tier1-gateway-596d499c9c-q76jh.tier1-89
2026-05-22T19:10:11.230757Z	info	delta	CDS: PUSH request for node:tier1-gateway-596d499c9c-q76jh.tier1 resources:3 removed:0 size:2.0kB cached:2/2 filtered:0
2026-05-22T19:10:11.233181Z	info	delta	LDS: PUSH request for node:tier1-gateway-596d499c9c-q76jh.tier1 resources:1 removed:0 size:2.8kB filtered:0
2026-05-22T19:10:11.233636Z	info	delta	EDS: PUSH request for node:tier1-gateway-596d499c9c-q76jh.tier1 resources:2 removed:0 size:328B empty:0 cached:2/2 filtered:0
2026-05-22T19:15:10.671890Z	info	sync complete	name=istiod analyzer attempt=1 time=29.208µs
2026-05-22T19:19:12.298033Z	info	ads	Push debounce stable[60] 1 for config Secret/kube-system/bootstrap-token-abcdef: 100.375834ms since last change, 100.375792ms since last push, full=false
2026-05-22T19:19:12.298130Z	info	ads	XDS: Incremental Pushing ConnectedEndpoints:1 Version:2026-05-22T14:12:10Z/43
2026-05-22T19:19:13.198073Z	info	sync complete	name=istiod analyzer attempt=1 time=24.416µs
2026-05-22T19:20:16.531437Z	info	sync complete	name=istiod analyzer attempt=1 time=33.625µs
2026-05-22T19:25:22.658734Z	info	sync complete	name=istiod analyzer attempt=1 time=24µs
2026-05-22T19:30:28.107935Z	info	sync complete	name=istiod analyzer attempt=1 time=31.875µs
2026-05-22T19:35:34.877727Z	info	sync complete	name=istiod analyzer attempt=1 time=25.417µs
2026-05-22T19:40:02.922189Z	info	delta	ADS: "10.10.0.52:56664" tier1-gateway-596d499c9c-q76jh.tier1-89 terminated
2026-05-22T19:40:03.143269Z	info	delta	ADS: new delta connection for node:tier1-gateway-596d499c9c-q76jh.tier1-90
2026-05-22T19:40:03.143381Z	info	delta	CDS: PUSH request for node:tier1-gateway-596d499c9c-q76jh.tier1 resources:3 removed:0 size:2.0kB cached:2/2 filtered:0
2026-05-22T19:40:03.143666Z	info	delta	LDS: PUSH request for node:tier1-gateway-596d499c9c-q76jh.tier1 resources:1 removed:0 size:2.8kB filtered:0
2026-05-22T19:40:03.143821Z	info	delta	EDS: PUSH request for node:tier1-gateway-596d499c9c-q76jh.tier1 resources:2 removed:0 size:328B empty:0 cached:2/2 filtered:0
2026-05-22T19:40:39.945197Z	info	sync complete	name=istiod analyzer attempt=1 time=28.5µs
2026-05-22T19:45:45.150621Z	info	sync complete	name=istiod analyzer attempt=1 time=26.208µs
2026-05-22T19:50:50.001579Z	info	sync complete	name=istiod analyzer attempt=1 time=24.083µs
2026-05-22T19:55:55.603732Z	info	sync complete	name=istiod analyzer attempt=1 time=24.542µs
2026-05-22T22:01:19.643191Z	info	sync complete	name=istiod analyzer attempt=1 time=53.541µs
2026-05-22T22:06:25.084775Z	info	sync complete	name=istiod analyzer attempt=1 time=45.25µs
2026-05-22T22:11:30.953876Z	info	delta	ADS: "10.10.0.52:45090" tier1-gateway-596d499c9c-q76jh.tier1-90 terminated
2026-05-22T22:11:31.211730Z	info	delta	ADS: new delta connection for node:tier1-gateway-596d499c9c-q76jh.tier1-91
2026-05-22T22:11:31.211942Z	info	delta	CDS: PUSH request for node:tier1-gateway-596d499c9c-q76jh.tier1 resources:3 removed:0 size:2.0kB cached:2/2 filtered:0
2026-05-22T22:11:31.212757Z	info	delta	LDS: PUSH request for node:tier1-gateway-596d499c9c-q76jh.tier1 resources:1 removed:0 size:2.8kB filtered:0
2026-05-22T22:11:31.212801Z	info	delta	EDS: PUSH request for node:tier1-gateway-596d499c9c-q76jh.tier1 resources:2 removed:0 size:328B empty:0 cached:2/2 filtered:0
2026-05-22T22:11:32.476566Z	info	sync complete	name=istiod analyzer attempt=1 time=55.375µs
2026-05-22T22:16:38.182884Z	info	sync complete	name=istiod analyzer attempt=1 time=58.334µs
2026-05-22T22:21:44.171248Z	info	sync complete	name=istiod analyzer attempt=1 time=56.958µs
2026-05-22T22:26:49.390613Z	info	sync complete	name=istiod analyzer attempt=1 time=60.917µs
2026-05-22T22:31:56.476016Z	info	sync complete	name=istiod analyzer attempt=1 time=56µs
2026-05-22T22:37:02.144394Z	info	sync complete	name=istiod analyzer attempt=1 time=51.666µs
2026-05-22T22:39:40.510018Z	info	delta	ADS: "10.10.0.52:36786" tier1-gateway-596d499c9c-q76jh.tier1-91 terminated
2026-05-22T22:39:40.552703Z	info	delta	ADS: new delta connection for node:tier1-gateway-596d499c9c-q76jh.tier1-92
2026-05-22T22:39:40.552909Z	info	delta	CDS: PUSH request for node:tier1-gateway-596d499c9c-q76jh.tier1 resources:3 removed:0 size:2.0kB cached:2/2 filtered:0
2026-05-22T22:39:40.553839Z	info	delta	LDS: PUSH request for node:tier1-gateway-596d499c9c-q76jh.tier1 resources:1 removed:0 size:2.8kB filtered:0
2026-05-22T22:39:40.554146Z	info	delta	EDS: PUSH request for node:tier1-gateway-596d499c9c-q76jh.tier1 resources:2 removed:0 size:328B empty:0 cached:2/2 filtered:0
2026-05-22T22:42:09.179719Z	info	sync complete	name=istiod analyzer attempt=1 time=56µs
2026-05-22T22:47:17.066227Z	info	sync complete	name=istiod analyzer attempt=1 time=61.375µs
2026-05-22T22:52:23.214265Z	info	sync complete	name=istiod analyzer attempt=1 time=58.125µs
2026-05-22T22:57:29.273537Z	info	sync complete	name=istiod analyzer attempt=1 time=74.625µs
2026-05-23T06:30:24.975634Z	info	sync complete	name=istiod analyzer attempt=1 time=82.75µs
2026-05-23T06:38:50.248587Z	info	sync complete	name=istiod analyzer attempt=1 time=27.125µs
2026-05-23T06:40:07.118171Z	info	delta	ADS: "10.10.0.52:37680" tier1-gateway-596d499c9c-q76jh.tier1-92 terminated
2026-05-23T06:40:07.462546Z	info	delta	ADS: new delta connection for node:tier1-gateway-596d499c9c-q76jh.tier1-93
2026-05-23T06:40:07.462685Z	info	delta	CDS: PUSH request for node:tier1-gateway-596d499c9c-q76jh.tier1 resources:3 removed:0 size:2.0kB cached:2/2 filtered:0
2026-05-23T06:40:07.463351Z	info	delta	LDS: PUSH request for node:tier1-gateway-596d499c9c-q76jh.tier1 resources:1 removed:0 size:2.8kB filtered:0
2026-05-23T06:40:07.463581Z	info	delta	EDS: PUSH request for node:tier1-gateway-596d499c9c-q76jh.tier1 resources:2 removed:0 size:328B empty:0 cached:2/2 filtered:0
2026-05-23T06:43:56.811007Z	info	sync complete	name=istiod analyzer attempt=1 time=25.833µs
2026-05-23T06:45:42.510722Z	info	sync complete	name=istiod analyzer attempt=1 time=32.667µs
2026-05-23T06:46:57.642111Z	info	sync complete	name=istiod analyzer attempt=1 time=40.791µs
2026-05-23T06:46:58.704315Z	info	sync complete	name=istiod analyzer attempt=1 time=22.875µs
2026-05-23T06:47:21.603445Z	info	sync complete	name=istiod analyzer attempt=1 time=28.625µs
2026-05-23T06:47:26.691231Z	info	sync complete	name=istiod analyzer attempt=1 time=24.083µs
2026-05-23T06:48:41.818123Z	info	sync complete	name=istiod analyzer attempt=1 time=37.416µs
2026-05-23T06:48:42.873267Z	info	sync complete	name=istiod analyzer attempt=1 time=22.792µs
2026-05-23T06:49:03.463270Z	info	sync complete	name=istiod analyzer attempt=1 time=24.917µs
2026-05-23T06:54:09.596040Z	info	sync complete	name=istiod analyzer attempt=1 time=37.333µs
2026-05-23T06:56:43.582036Z	info	sync complete	name=istiod analyzer attempt=1 time=26.459µs
2026-05-23T06:56:44.647730Z	info	sync complete	name=istiod analyzer attempt=1 time=24.542µs
2026-05-23T06:56:55.181530Z	info	sync complete	name=istiod analyzer attempt=1 time=22.625µs
2026-05-23T06:56:56.598989Z	info	sync complete	name=istiod analyzer attempt=1 time=23.375µs
2026-05-23T06:56:57.664934Z	info	sync complete	name=istiod analyzer attempt=1 time=28.583µs
2026-05-23T06:57:12.583306Z	info	sync complete	name=istiod analyzer attempt=1 time=23.459µs
2026-05-23T06:57:13.631130Z	info	sync complete	name=istiod analyzer attempt=1 time=29.917µs
2026-05-23T06:57:14.699671Z	info	sync complete	name=istiod analyzer attempt=1 time=23.875µs
2026-05-23T06:57:22.647189Z	info	sync complete	name=istiod analyzer attempt=1 time=30.875µs
2026-05-23T06:57:23.710268Z	info	sync complete	name=istiod analyzer attempt=1 time=24.375µs
2026-05-23T06:59:16.082913Z	info	sync complete	name=istiod analyzer attempt=1 time=28.125µs
2026-05-23T07:04:22.966904Z	info	sync complete	name=istiod analyzer attempt=1 time=33.583µs
2026-05-23T07:09:28.783658Z	info	sync complete	name=istiod analyzer attempt=1 time=27.792µs
2026-05-23T07:11:59.600146Z	info	delta	ADS: "10.10.0.52:50044" tier1-gateway-596d499c9c-q76jh.tier1-93 terminated
2026-05-23T07:11:59.731991Z	info	delta	ADS: new delta connection for node:tier1-gateway-596d499c9c-q76jh.tier1-94
2026-05-23T07:11:59.732295Z	info	delta	CDS: PUSH request for node:tier1-gateway-596d499c9c-q76jh.tier1 resources:3 removed:0 size:2.0kB cached:2/2 filtered:0
2026-05-23T07:11:59.732950Z	info	delta	LDS: PUSH request for node:tier1-gateway-596d499c9c-q76jh.tier1 resources:1 removed:0 size:2.8kB filtered:0
2026-05-23T07:11:59.733134Z	info	delta	EDS: PUSH request for node:tier1-gateway-596d499c9c-q76jh.tier1 resources:2 removed:0 size:328B empty:0 cached:2/2 filtered:0
2026-05-23T07:14:34.397692Z	info	sync complete	name=istiod analyzer attempt=1 time=25.25µs
2026-05-23T07:19:39.782657Z	info	sync complete	name=istiod analyzer attempt=1 time=23.584µs
2026-05-23T07:24:45.249495Z	info	sync complete	name=istiod analyzer attempt=1 time=25µs
2026-05-23T07:29:20.059419Z	info	ads	Push debounce stable[61] 8 for config EnvoyFilter/tier1/default-allow-tier1-echo-gw-external-batch0 and 7 more configs: 100.215208ms since last change, 116.750209ms since last push, full=true
2026-05-23T07:29:20.059777Z	info	ads	XDS: Pushing Services:15 ConnectedEndpoints:1 Version:2026-05-23T07:29:20Z/44
2026-05-23T07:29:20.059976Z	info	delta	CDS: PUSH for node:tier1-gateway-596d499c9c-q76jh.tier1 resources:1 removed:2 size:50B
2026-05-23T07:29:20.060089Z	info	delta	EDS: PUSH for node:tier1-gateway-596d499c9c-q76jh.tier1 resources:2 removed:0 size:328B empty:0 cached:0/2
2026-05-23T07:29:20.060109Z	info	delta	LDS: PUSH for node:tier1-gateway-596d499c9c-q76jh.tier1 resources:0 removed:1 size:0B
2026-05-23T07:29:20.959573Z	info	sync complete	name=istiod analyzer attempt=1 time=32.417µs
2026-05-23T07:29:22.814673Z	info	ads	Push debounce stable[62] 1 for config ServiceEntry/xcp-multicluster/echo.tetrate.io: 100.379958ms since last change, 100.379917ms since last push, full=true
2026-05-23T07:29:22.814850Z	info	ads	XDS: Pushing Services:14 ConnectedEndpoints:1 Version:2026-05-23T07:29:22Z/45
2026-05-23T07:29:23.714433Z	info	sync complete	name=istiod analyzer attempt=1 time=27.625µs
2026-05-23T07:29:30.481730Z	info	model	reloading network gateways
2026-05-23T07:29:30.482516Z	info	model	gateways changed, triggering push
2026-05-23T07:29:30.486277Z	info	model	Incremental push, service tier1-gateway.tier1.svc.cluster.local at shard Kubernetes/cluster-0 has no endpoints
2026-05-23T07:29:30.586682Z	info	ads	Push debounce stable[63] 4 for config ServiceEntry/tier1/tier1-gateway.tier1.svc.cluster.local: 100.368666ms since last change, 104.04425ms since last push, full=true
2026-05-23T07:29:30.587596Z	info	ads	XDS: Pushing Services:13 ConnectedEndpoints:1 Version:2026-05-23T07:29:30Z/46
2026-05-23T07:29:30.587706Z	info	delta	CDS: PUSH for node:tier1-gateway-596d499c9c-q76jh.tier1 resources:1 removed:0 size:50B
2026-05-23T07:29:30.587728Z	info	delta	LDS: PUSH for node:tier1-gateway-596d499c9c-q76jh.tier1 resources:0 removed:0 size:0B
2026-05-23T07:29:31.483800Z	info	sync complete	name=istiod analyzer attempt=1 time=27.083µs
2026-05-23T07:29:36.353832Z	info	sync complete	name=istiod analyzer attempt=1 time=38.708µs
2026-05-23T07:29:41.357747Z	info	delta	ADS: "10.10.0.52:41406" tier1-gateway-596d499c9c-q76jh.tier1-94 terminated
2026-05-23T07:29:41.365649Z	info	sync complete	name=istiod analyzer attempt=1 time=28.125µs
2026-05-23T07:29:41.919028Z	info	ads	Push debounce stable[64] 1 for config ConfigMap/tier1/kube-root-ca.crt: 102.080875ms since last change, 102.080834ms since last push, full=false
2026-05-23T07:29:41.919203Z	info	ads	XDS: Incremental Pushing ConnectedEndpoints:0 Version:2026-05-23T07:29:30Z/46
2026-05-23T07:29:42.880857Z	info	sync complete	name=istiod analyzer attempt=1 time=26.167µs
2026-05-23T07:29:51.835757Z	info	sync complete	name=istiod analyzer attempt=1 time=32.166µs
2026-05-23T07:30:11.263215Z	info	model	reloading network gateways
2026-05-23T07:30:11.263389Z	info	model	gateways changed, triggering push
2026-05-23T07:30:11.269037Z	info	model	Incremental push, service tier1-term-gateway.tier1-term.svc.cluster.local at shard Kubernetes/cluster-0 has no endpoints
2026-05-23T07:30:11.274319Z	info	Process sidecar injection request	path=/inject pod=tier1-term/tier1-term-gateway-86f85c75f8-***** (actual name not yet known)
2026-05-23T07:30:11.369908Z	info	ads	Push debounce stable[65] 9 for config ConfigMap/tier1-term/kube-root-ca.crt and 3 more configs: 100.825459ms since last change, 310.0655ms since last push, full=true
2026-05-23T07:30:11.371207Z	info	ads	XDS: Pushing Services:14 ConnectedEndpoints:0 Version:2026-05-23T07:30:11Z/47
2026-05-23T07:30:11.968444Z	info	delta	ADS: new delta connection for node:tier1-term-gateway-86f85c75f8-np28c.tier1-term-95
2026-05-23T07:30:11.968516Z	info	delta	CDS: PUSH request for node:tier1-term-gateway-86f85c75f8-np28c.tier1-term resources:1 removed:0 size:50B
2026-05-23T07:30:11.969884Z	info	delta	LDS: PUSH request for node:tier1-term-gateway-86f85c75f8-np28c.tier1-term resources:0 removed:0 size:0B
2026-05-23T07:30:12.300008Z	info	sync complete	name=istiod analyzer attempt=1 time=26.25µs
2026-05-23T07:30:12.709892Z	info	model	Full push, new service tier1-term/tier1-term-gateway.tier1-term.svc.cluster.local
2026-05-23T07:30:12.713728Z	info	delta	CDS: PUSH for node:tier1-term-gateway-86f85c75f8-np28c.tier1-term resources:1 removed:0 size:50B
2026-05-23T07:30:12.713787Z	info	delta	LDS: PUSH for node:tier1-term-gateway-86f85c75f8-np28c.tier1-term resources:0 removed:0 size:0B
2026-05-23T07:30:12.838831Z	info	ads	Push debounce stable[66] 10 for config ServiceEntry/tier1-term/tier1-term-gateway.tier1-term.svc.cluster.local and 8 more configs: 100.451709ms since last change, 128.844666ms since last push, full=true
2026-05-23T07:30:12.839603Z	info	ads	XDS: Pushing Services:14 ConnectedEndpoints:1 Version:2026-05-23T07:30:12Z/48
2026-05-23T07:30:12.839741Z	info	delta	CDS: PUSH for node:tier1-term-gateway-86f85c75f8-np28c.tier1-term resources:1 removed:0 size:72B
2026-05-23T07:30:12.840165Z	info	delta	LDS: PUSH for node:tier1-term-gateway-86f85c75f8-np28c.tier1-term resources:1 removed:0 size:4.8kB
2026-05-23T07:30:12.844180Z	info	delta	RDS: PUSH request for node:tier1-term-gateway-86f85c75f8-np28c.tier1-term resources:1 removed:0 size:784B cached:0/0 filtered:0
2026-05-23T07:30:12.845488Z	info	delta	SDS: PUSH request for node:tier1-term-gateway-86f85c75f8-np28c.tier1-term resources:1 removed:0 size:2.8kB cached:0/1 filtered:0
2026-05-23T07:30:13.738983Z	info	sync complete	name=istiod analyzer attempt=1 time=45.167µs
2026-05-23T07:30:13.854842Z	info	ads	Push debounce stable[67] 5 for config EnvoyFilter/tier1-term/default-allow-tier1-echo-term-gw-external-batch0 and 4 more configs: 102.019667ms since last change, 105.011333ms since last push, full=true
2026-05-23T07:30:13.855404Z	info	ads	XDS: Pushing Services:14 ConnectedEndpoints:1 Version:2026-05-23T07:30:13Z/49
2026-05-23T07:30:13.855494Z	info	delta	CDS: PUSH for node:tier1-term-gateway-86f85c75f8-np28c.tier1-term resources:1 removed:0 size:72B
2026-05-23T07:30:13.855674Z	info	delta	LDS: PUSH for node:tier1-term-gateway-86f85c75f8-np28c.tier1-term resources:1 removed:0 size:4.8kB
2026-05-23T07:30:13.855733Z	info	delta	RDS: PUSH for node:tier1-term-gateway-86f85c75f8-np28c.tier1-term resources:1 removed:0 size:784B cached:0/0
2026-05-23T07:30:14.753718Z	info	sync complete	name=istiod analyzer attempt=1 time=24.583µs
2026-05-23T07:30:17.763505Z	info	model	Cache Update, new service xcp-multicluster/echo-term.tetrate.io
2026-05-23T07:30:17.867923Z	info	ads	Push debounce stable[68] 3 for config ServiceEntry/xcp-multicluster/echo-term.tetrate.io and 1 more configs: 100.050084ms since last change, 105.529875ms since last push, full=true
2026-05-23T07:30:17.868193Z	info	ads	XDS: Pushing Services:15 ConnectedEndpoints:1 Version:2026-05-23T07:30:17Z/50
2026-05-23T07:30:17.868522Z	info	delta	CDS: PUSH for node:tier1-term-gateway-86f85c75f8-np28c.tier1-term resources:3 removed:0 size:2.6kB cached:0/2
2026-05-23T07:30:17.868857Z	info	delta	LDS: PUSH for node:tier1-term-gateway-86f85c75f8-np28c.tier1-term resources:1 removed:0 size:4.8kB
2026-05-23T07:30:17.868932Z	info	delta	RDS: PUSH for node:tier1-term-gateway-86f85c75f8-np28c.tier1-term resources:1 removed:0 size:784B cached:0/0
2026-05-23T07:30:17.871775Z	info	delta	EDS: PUSH request for node:tier1-term-gateway-86f85c75f8-np28c.tier1-term resources:2 removed:0 size:332B empty:0 cached:0/2 filtered:0
2026-05-23T07:30:18.767882Z	info	sync complete	name=istiod analyzer attempt=1 time=26.417µs
2026-05-23T07:30:18.873612Z	info	ads	Push debounce stable[69] 2 for config VirtualService/tier1-term/tier1-echo-term-gw-echo and 1 more configs: 101.815208ms since last change, 102.5685ms since last push, full=true
2026-05-23T07:30:18.873787Z	info	ads	XDS: Pushing Services:15 ConnectedEndpoints:1 Version:2026-05-23T07:30:18Z/51
2026-05-23T07:30:18.873972Z	info	delta	CDS: PUSH for node:tier1-term-gateway-86f85c75f8-np28c.tier1-term resources:3 removed:0 size:2.6kB cached:0/2
2026-05-23T07:30:18.874023Z	info	delta	EDS: PUSH for node:tier1-term-gateway-86f85c75f8-np28c.tier1-term resources:2 removed:0 size:332B empty:0 cached:0/2
2026-05-23T07:30:18.874185Z	info	delta	LDS: PUSH for node:tier1-term-gateway-86f85c75f8-np28c.tier1-term resources:1 removed:0 size:4.8kB
2026-05-23T07:30:18.874268Z	info	delta	RDS: PUSH for node:tier1-term-gateway-86f85c75f8-np28c.tier1-term resources:1 removed:0 size:784B cached:0/0
2026-05-23T07:30:19.772789Z	info	sync complete	name=istiod analyzer attempt=1 time=24.708µs
2026-05-23T07:34:59.458723Z	info	sync complete	name=istiod analyzer attempt=1 time=33.833µs
2026-05-23T07:40:06.748113Z	info	sync complete	name=istiod analyzer attempt=1 time=33.208µs
2026-05-23T07:40:56.585734Z	info	sync complete	name=istiod analyzer attempt=1 time=30.125µs
2026-05-23T07:40:57.725808Z	info	sync complete	name=istiod analyzer attempt=1 time=24.5µs
2026-05-23T07:40:58.803060Z	info	sync complete	name=istiod analyzer attempt=1 time=27.875µs
2026-05-23T07:41:09.424016Z	info	sync complete	name=istiod analyzer attempt=1 time=30.417µs
2026-05-23T07:41:10.750603Z	info	sync complete	name=istiod analyzer attempt=1 time=23.416µs
2026-05-23T07:41:25.775152Z	info	sync complete	name=istiod analyzer attempt=1 time=36.542µs
2026-05-23T07:41:26.847029Z	info	sync complete	name=istiod analyzer attempt=1 time=22.417µs
2026-05-23T07:45:12.881659Z	info	sync complete	name=istiod analyzer attempt=1 time=36.833µs
2026-05-23T07:47:59.324742Z	info	sync complete	name=istiod analyzer attempt=1 time=25.333µs
2026-05-23T07:48:00.394716Z	info	sync complete	name=istiod analyzer attempt=1 time=27.625µs
2026-05-23T07:48:01.458705Z	info	sync complete	name=istiod analyzer attempt=1 time=26.042µs
2026-05-23T07:50:19.139634Z	info	sync complete	name=istiod analyzer attempt=1 time=27.125µs
2026-05-23T07:55:24.798014Z	info	sync complete	name=istiod analyzer attempt=1 time=28.541µs
2026-05-23T08:15:30.426154Z	info	sync complete	name=istiod analyzer attempt=1 time=45.833µs
2026-05-23T08:17:05.229732Z	info	delta	ADS: "10.10.0.59:41012" tier1-term-gateway-86f85c75f8-np28c.tier1-term-95 terminated
2026-05-23T08:17:05.552792Z	info	delta	ADS: new delta connection for node:tier1-term-gateway-86f85c75f8-np28c.tier1-term-96
2026-05-23T08:17:05.553023Z	info	delta	CDS: PUSH request for node:tier1-term-gateway-86f85c75f8-np28c.tier1-term resources:3 removed:0 size:2.6kB cached:2/2 filtered:0
2026-05-23T08:17:05.554291Z	info	delta	LDS: PUSH request for node:tier1-term-gateway-86f85c75f8-np28c.tier1-term resources:1 removed:0 size:4.8kB filtered:0
2026-05-23T08:17:05.555729Z	info	delta	SDS: PUSH request for node:tier1-term-gateway-86f85c75f8-np28c.tier1-term resources:1 removed:0 size:2.8kB cached:1/1 filtered:0
2026-05-23T08:17:05.555832Z	info	delta	RDS: PUSH request for node:tier1-term-gateway-86f85c75f8-np28c.tier1-term resources:1 removed:0 size:784B cached:0/0 filtered:0
2026-05-23T08:17:05.555854Z	info	delta	EDS: PUSH request for node:tier1-term-gateway-86f85c75f8-np28c.tier1-term resources:2 removed:0 size:332B empty:0 cached:2/2 filtered:0
2026-05-23T08:20:36.176857Z	info	sync complete	name=istiod analyzer attempt=1 time=27.667µs
2026-05-23T08:25:41.966081Z	info	sync complete	name=istiod analyzer attempt=1 time=25.375µs
2026-05-23T08:30:48.643836Z	info	sync complete	name=istiod analyzer attempt=1 time=32.917µs
2026-05-23T08:35:55.225361Z	info	sync complete	name=istiod analyzer attempt=1 time=25.042µs
2026-05-23T08:37:07.856717Z	info	model	reloading network gateways
2026-05-23T08:37:07.857123Z	info	model	gateways changed, triggering push
2026-05-23T08:37:07.861676Z	info	model	Incremental push, service tier1-term-gateway.tier1-term.svc.cluster.local at shard Kubernetes/cluster-0 has no endpoints
2026-05-23T08:37:07.962370Z	info	ads	Push debounce stable[70] 4 for config ServiceEntry/tier1-term/tier1-term-gateway.tier1-term.svc.cluster.local: 100.616292ms since last change, 105.075042ms since last push, full=true
2026-05-23T08:37:07.964131Z	info	ads	XDS: Pushing Services:14 ConnectedEndpoints:1 Version:2026-05-23T08:37:07Z/52
2026-05-23T08:37:07.964492Z	info	delta	CDS: PUSH for node:tier1-term-gateway-86f85c75f8-np28c.tier1-term resources:3 removed:0 size:2.6kB cached:0/2
2026-05-23T08:37:07.964560Z	info	delta	EDS: PUSH for node:tier1-term-gateway-86f85c75f8-np28c.tier1-term resources:2 removed:0 size:332B empty:0 cached:0/2
2026-05-23T08:37:07.964836Z	info	delta	LDS: PUSH for node:tier1-term-gateway-86f85c75f8-np28c.tier1-term resources:1 removed:0 size:4.8kB
2026-05-23T08:37:07.965009Z	info	delta	RDS: PUSH for node:tier1-term-gateway-86f85c75f8-np28c.tier1-term resources:1 removed:0 size:784B cached:0/0
2026-05-23T08:37:07.965973Z	warn	ads	proxy tier1-term-gateway-86f85c75f8-np28c.tier1-term attempted to access unauthorized certificates echo-term-edge-tls: tier1-term-gateway-service-account/tier1-term is not authorized to read secrets: 
2026-05-23T08:37:08.858554Z	info	sync complete	name=istiod analyzer attempt=1 time=23.375µs
2026-05-23T08:37:08.963174Z	info	ads	Push debounce stable[71] 1 for config Gateway/tier1-term/tier1-echo-term-gw: 100.392667ms since last change, 100.392625ms since last push, full=true
2026-05-23T08:37:08.963284Z	info	ads	XDS: Pushing Services:14 ConnectedEndpoints:1 Version:2026-05-23T08:37:08Z/53
2026-05-23T08:37:08.963414Z	info	delta	CDS: PUSH for node:tier1-term-gateway-86f85c75f8-np28c.tier1-term resources:3 removed:0 size:2.6kB cached:2/2
2026-05-23T08:37:08.963587Z	info	delta	LDS: PUSH for node:tier1-term-gateway-86f85c75f8-np28c.tier1-term resources:1 removed:0 size:4.8kB
2026-05-23T08:37:08.963653Z	info	delta	RDS: PUSH for node:tier1-term-gateway-86f85c75f8-np28c.tier1-term resources:1 removed:0 size:784B cached:0/0
2026-05-23T08:37:09.864086Z	info	sync complete	name=istiod analyzer attempt=1 time=27.083µs
2026-05-23T08:37:13.707194Z	info	sync complete	name=istiod analyzer attempt=1 time=35.542µs
2026-05-23T08:37:18.713254Z	info	delta	ADS: "10.10.0.59:33582" tier1-term-gateway-86f85c75f8-np28c.tier1-term-96 terminated
2026-05-23T08:37:18.716987Z	info	sync complete	name=istiod analyzer attempt=1 time=27.375µs
2026-05-23T08:37:20.248105Z	info	sync complete	name=istiod analyzer attempt=1 time=33.334µs
2026-05-23T08:37:20.354997Z	info	ads	Push debounce stable[72] 2 for config Gateway/tier1-term/tier1-echo-term-gw and 1 more configs: 101.414709ms since last change, 102.432375ms since last push, full=true
2026-05-23T08:37:20.355147Z	info	ads	XDS: Pushing Services:14 ConnectedEndpoints:0 Version:2026-05-23T08:37:20Z/54
2026-05-23T08:37:20.638919Z	info	ads	Push debounce stable[73] 10 for config VirtualService/tier1-term/tier1-echo-term-gw-echo and 9 more configs: 101.79075ms since last change, 212.5335ms since last push, full=true
2026-05-23T08:37:20.639095Z	info	ads	XDS: Pushing Services:14 ConnectedEndpoints:0 Version:2026-05-23T08:37:20Z/55
2026-05-23T08:37:21.552058Z	info	sync complete	name=istiod analyzer attempt=1 time=29.708µs
2026-05-23T08:38:02.791540Z	info	Process sidecar injection request	path=/inject pod=client-c0/client-56b675d94f-***** (actual name not yet known)
2026-05-23T08:38:02.867356Z	info	ads	Push debounce stable[74] 1 for config ConfigMap/client-c0/kube-root-ca.crt: 101.887292ms since last change, 101.88725ms since last push, full=false
2026-05-23T08:38:02.867418Z	info	ads	XDS: Incremental Pushing ConnectedEndpoints:0 Version:2026-05-23T08:37:20Z/55
2026-05-23T08:38:04.304358Z	info	sync complete	name=istiod analyzer attempt=1 time=29.667µs
2026-05-23T08:38:04.626009Z	info	delta	ADS: new delta connection for node:client-56b675d94f-wtkgh.client-c0-97
2026-05-23T08:38:04.626425Z	info	delta	CDS: PUSH request for node:client-56b675d94f-wtkgh.client-c0 resources:25 removed:0 size:27.2kB cached:0/22
2026-05-23T08:38:04.632516Z	info	delta	EDS: PUSH request for node:client-56b675d94f-wtkgh.client-c0 resources:21 removed:0 size:4.4kB empty:0 cached:0/21 filtered:0
2026-05-23T08:38:04.644893Z	info	delta	LDS: PUSH request for node:client-56b675d94f-wtkgh.client-c0 resources:22 removed:0 size:86.1kB
2026-05-23T08:38:04.645149Z	info	delta	NDS: PUSH request for node:client-56b675d94f-wtkgh.client-c0 resources:1 removed:0 size:1.5kB
2026-05-23T08:38:04.654903Z	info	delta	RDS: PUSH request for node:client-56b675d94f-wtkgh.client-c0 resources:13 removed:0 size:8.6kB cached:0/13 filtered:0
2026-05-23T08:38:05.310434Z	info	sync complete	name=istiod analyzer attempt=1 time=31.25µs
2026-05-23T08:38:06.228150Z	info	Process sidecar injection request	path=/inject pod=backend-c1/backend-86f5b4bc7b-***** (actual name not yet known)
2026-05-23T08:38:06.242524Z	info	model	Incremental push, service backend.backend-c1.svc.cluster.local at shard Kubernetes/cluster-0 has no endpoints
2026-05-23T08:38:06.344222Z	info	ads	Push debounce stable[75] 3 for config ConfigMap/backend-c1/kube-root-ca.crt and 1 more configs: 101.661625ms since last change, 127.375667ms since last push, full=true
2026-05-23T08:38:06.344376Z	info	ads	XDS: Pushing Services:15 ConnectedEndpoints:1 Version:2026-05-23T08:38:06Z/56
2026-05-23T08:38:06.344737Z	info	delta	CDS: PUSH for node:client-56b675d94f-wtkgh.client-c0 resources:26 removed:0 size:28.2kB cached:0/23
2026-05-23T08:38:06.344872Z	info	delta	EDS: PUSH for node:client-56b675d94f-wtkgh.client-c0 resources:21 removed:0 size:4.4kB empty:0 cached:0/21
2026-05-23T08:38:06.345556Z	info	delta	LDS: PUSH for node:client-56b675d94f-wtkgh.client-c0 resources:22 removed:0 size:86.1kB
2026-05-23T08:38:06.345797Z	info	delta	RDS: PUSH for node:client-56b675d94f-wtkgh.client-c0 resources:13 removed:0 size:9.1kB cached:0/13
2026-05-23T08:38:06.345826Z	info	delta	NDS: PUSH for node:client-56b675d94f-wtkgh.client-c0 resources:1 removed:0 size:1.6kB
2026-05-23T08:38:06.350773Z	info	delta	EDS: PUSH request for node:client-56b675d94f-wtkgh.client-c0 resources:1 removed:0 size:51B empty:1 cached:0/1 filtered:21
2026-05-23T08:38:07.321661Z	info	model	Full push, new service backend-c1/backend.backend-c1.svc.cluster.local
2026-05-23T08:38:07.325441Z	info	delta	CDS: PUSH for node:client-56b675d94f-wtkgh.client-c0 resources:26 removed:0 size:28.2kB cached:22/23
2026-05-23T08:38:07.325506Z	info	delta	EDS: PUSH for node:client-56b675d94f-wtkgh.client-c0 resources:22 removed:0 size:4.5kB empty:1 cached:21/22
2026-05-23T08:38:07.326228Z	info	delta	LDS: PUSH for node:client-56b675d94f-wtkgh.client-c0 resources:22 removed:0 size:86.1kB
2026-05-23T08:38:07.326446Z	info	delta	RDS: PUSH for node:client-56b675d94f-wtkgh.client-c0 resources:13 removed:0 size:9.1kB cached:6/13
2026-05-23T08:38:07.326477Z	info	delta	NDS: PUSH for node:client-56b675d94f-wtkgh.client-c0 resources:1 removed:0 size:1.6kB
2026-05-23T08:38:07.422331Z	info	ads	Push debounce stable[76] 1 for config ServiceEntry/backend-c1/backend.backend-c1.svc.cluster.local: 100.175375ms since last change, 100.175334ms since last push, full=true
2026-05-23T08:38:07.422491Z	info	ads	XDS: Pushing Services:15 ConnectedEndpoints:1 Version:2026-05-23T08:38:07Z/57
2026-05-23T08:38:07.422614Z	info	delta	CDS: PUSH for node:client-56b675d94f-wtkgh.client-c0 resources:4 removed:0 size:1.8kB cached:0/1
2026-05-23T08:38:07.422638Z	info	delta	EDS: PUSH INC for node:client-56b675d94f-wtkgh.client-c0 resources:1 removed:0 size:51B empty:1 cached:0/1
2026-05-23T08:38:07.423339Z	info	delta	LDS: PUSH for node:client-56b675d94f-wtkgh.client-c0 resources:22 removed:0 size:86.1kB
2026-05-23T08:38:07.423508Z	info	delta	RDS: PUSH for node:client-56b675d94f-wtkgh.client-c0 resources:13 removed:0 size:9.1kB cached:7/13
2026-05-23T08:38:07.423538Z	info	delta	NDS: PUSH for node:client-56b675d94f-wtkgh.client-c0 resources:1 removed:0 size:1.6kB
2026-05-23T08:38:07.648695Z	info	delta	ADS: new delta connection for node:backend-86f5b4bc7b-jkhkv.backend-c1-98
2026-05-23T08:38:07.648836Z	info	delta	CDS: PUSH request for node:backend-86f5b4bc7b-jkhkv.backend-c1 resources:27 removed:0 size:28.5kB cached:23/23
2026-05-23T08:38:07.654418Z	info	delta	EDS: PUSH request for node:backend-86f5b4bc7b-jkhkv.backend-c1 resources:22 removed:0 size:4.5kB empty:0 cached:22/22 filtered:0
2026-05-23T08:38:07.663140Z	info	delta	LDS: PUSH request for node:backend-86f5b4bc7b-jkhkv.backend-c1 resources:22 removed:0 size:95.9kB
2026-05-23T08:38:07.663286Z	info	delta	NDS: PUSH request for node:backend-86f5b4bc7b-jkhkv.backend-c1 resources:1 removed:0 size:1.6kB
2026-05-23T08:38:07.673604Z	info	delta	RDS: PUSH request for node:backend-86f5b4bc7b-jkhkv.backend-c1 resources:13 removed:0 size:9.1kB cached:0/13 filtered:0
2026-05-23T08:38:10.330473Z	info	sync complete	name=istiod analyzer attempt=1 time=41.917µs
2026-05-23T08:38:12.041303Z	info	ads	Push debounce stable[77] 2 for config EnvoyFilter/client-c0/default-upstream-traffic-setting and 1 more configs: 100.838416ms since last change, 101.832792ms since last push, full=true
2026-05-23T08:38:12.041710Z	info	ads	XDS: Pushing Services:15 ConnectedEndpoints:2 Version:2026-05-23T08:38:12Z/58
2026-05-23T08:38:12.042181Z	info	delta	CDS: PUSH for node:client-56b675d94f-wtkgh.client-c0 resources:26 removed:0 size:28.7kB cached:0/23
2026-05-23T08:38:12.042232Z	info	delta	EDS: PUSH for node:client-56b675d94f-wtkgh.client-c0 resources:22 removed:0 size:4.5kB empty:0 cached:22/22
2026-05-23T08:38:12.042830Z	info	delta	LDS: PUSH for node:client-56b675d94f-wtkgh.client-c0 resources:22 removed:0 size:86.1kB
2026-05-23T08:38:12.043170Z	info	delta	RDS: PUSH for node:client-56b675d94f-wtkgh.client-c0 resources:13 removed:0 size:12.7kB cached:0/13
2026-05-23T08:38:12.043197Z	info	delta	NDS: PUSH for node:client-56b675d94f-wtkgh.client-c0 resources:1 removed:0 size:1.6kB
2026-05-23T08:38:12.941317Z	info	sync complete	name=istiod analyzer attempt=1 time=74.125µs
2026-05-23T08:38:13.052266Z	info	ads	Push debounce stable[78] 1 for config EnvoyFilter/client-c0/default-upstream-traffic-setting: 101.562583ms since last change, 101.5625ms since last push, full=true
2026-05-23T08:38:13.052637Z	info	ads	XDS: Pushing Services:15 ConnectedEndpoints:2 Version:2026-05-23T08:38:13Z/59
2026-05-23T08:38:13.053089Z	info	delta	CDS: PUSH for node:client-56b675d94f-wtkgh.client-c0 resources:26 removed:0 size:28.7kB cached:0/23
2026-05-23T08:38:13.053165Z	info	delta	EDS: PUSH for node:client-56b675d94f-wtkgh.client-c0 resources:22 removed:0 size:4.5kB empty:0 cached:22/22
2026-05-23T08:38:13.054327Z	info	delta	LDS: PUSH for node:client-56b675d94f-wtkgh.client-c0 resources:22 removed:0 size:86.1kB
2026-05-23T08:38:13.055216Z	info	delta	RDS: PUSH for node:client-56b675d94f-wtkgh.client-c0 resources:13 removed:0 size:12.7kB cached:0/13
2026-05-23T08:38:13.952326Z	info	sync complete	name=istiod analyzer attempt=1 time=29.041µs
2026-05-23T08:38:16.335071Z	info	delta	CDS: PUSH for node:backend-86f5b4bc7b-jkhkv.backend-c1 resources:27 removed:0 size:28.5kB cached:23/23
2026-05-23T08:38:16.335427Z	info	delta	EDS: PUSH for node:backend-86f5b4bc7b-jkhkv.backend-c1 resources:22 removed:0 size:4.5kB empty:0 cached:22/22
2026-05-23T08:38:16.336366Z	info	delta	LDS: PUSH for node:backend-86f5b4bc7b-jkhkv.backend-c1 resources:22 removed:0 size:95.9kB
2026-05-23T08:38:16.336609Z	info	delta	RDS: PUSH for node:backend-86f5b4bc7b-jkhkv.backend-c1 resources:13 removed:0 size:9.1kB cached:0/13
2026-05-23T08:38:16.336644Z	info	delta	NDS: PUSH for node:backend-86f5b4bc7b-jkhkv.backend-c1 resources:1 removed:0 size:1.6kB
2026-05-23T08:38:16.441373Z	info	ads	Push debounce stable[79] 1 for config ServiceEntry/backend-c1/backend.backend-c1.svc.cluster.local: 100.304916ms since last change, 100.304875ms since last push, full=false
2026-05-23T08:38:16.441422Z	info	ads	XDS: Incremental Pushing ConnectedEndpoints:2 Version:2026-05-23T08:38:13Z/59
2026-05-23T08:38:17.343363Z	info	sync complete	name=istiod analyzer attempt=1 time=25.208µs
2026-05-23T08:38:49.131687Z	info	sync complete	name=istiod analyzer attempt=1 time=42.833µs
2026-05-23T08:43:53.775119Z	info	sync complete	name=istiod analyzer attempt=1 time=52.791µs
2026-05-23T08:45:29.843077Z	info	ads	Push debounce stable[80] 2 for config ServiceEntry/xcp-multicluster/echo-term.tetrate.io and 1 more configs: 100.175042ms since last change, 101.599708ms since last push, full=true
2026-05-23T08:45:29.843418Z	info	ads	XDS: Pushing Services:14 ConnectedEndpoints:2 Version:2026-05-23T08:45:29Z/60
2026-05-23T08:45:29.843801Z	info	delta	CDS: PUSH for node:backend-86f5b4bc7b-jkhkv.backend-c1 resources:4 removed:1 size:1.0kB
2026-05-23T08:45:29.843884Z	info	delta	EDS: PUSH for node:backend-86f5b4bc7b-jkhkv.backend-c1 resources:22 removed:0 size:4.6kB empty:1 cached:21/22
2026-05-23T08:45:29.844911Z	info	delta	LDS: PUSH for node:backend-86f5b4bc7b-jkhkv.backend-c1 resources:22 removed:0 size:95.9kB
2026-05-23T08:45:29.845170Z	info	delta	RDS: PUSH for node:backend-86f5b4bc7b-jkhkv.backend-c1 resources:13 removed:0 size:8.7kB cached:5/13
2026-05-23T08:45:29.845213Z	info	delta	NDS: PUSH for node:backend-86f5b4bc7b-jkhkv.backend-c1 resources:1 removed:0 size:1.5kB
2026-05-23T08:45:29.845357Z	info	delta	CDS: PUSH for node:client-56b675d94f-wtkgh.client-c0 resources:3 removed:1 size:809B
2026-05-23T08:45:29.845406Z	info	delta	EDS: PUSH for node:client-56b675d94f-wtkgh.client-c0 resources:22 removed:0 size:4.6kB empty:1 cached:21/22
2026-05-23T08:45:29.846260Z	info	delta	LDS: PUSH for node:client-56b675d94f-wtkgh.client-c0 resources:22 removed:0 size:86.1kB
2026-05-23T08:45:29.846574Z	info	delta	RDS: PUSH for node:client-56b675d94f-wtkgh.client-c0 resources:13 removed:0 size:12.1kB cached:7/13
2026-05-23T08:45:29.846605Z	info	delta	NDS: PUSH for node:client-56b675d94f-wtkgh.client-c0 resources:1 removed:0 size:1.5kB
2026-05-23T08:45:30.744157Z	info	sync complete	name=istiod analyzer attempt=1 time=25.417µs
2026-05-23T08:48:59.753707Z	info	sync complete	name=istiod analyzer attempt=1 time=25.833µs
2026-05-23T08:54:05.255552Z	info	sync complete	name=istiod analyzer attempt=1 time=28.125µs
2026-05-23T08:59:10.638787Z	info	sync complete	name=istiod analyzer attempt=1 time=45.333µs
2026-05-23T08:59:30.011883Z	info	model	Incremental push, service backend.backend-c1.svc.cluster.local at shard Kubernetes/cluster-0 has no endpoints
2026-05-23T08:59:30.057556Z	info	delta	ADS: "10.10.0.64:35788" backend-86f5b4bc7b-jkhkv.backend-c1-98 terminated
2026-05-23T08:59:30.113468Z	info	ads	Push debounce stable[81] 2 for config ServiceEntry/backend-c1/backend.backend-c1.svc.cluster.local: 101.533584ms since last change, 105.649584ms since last push, full=true
2026-05-23T08:59:30.113661Z	info	ads	XDS: Pushing Services:13 ConnectedEndpoints:1 Version:2026-05-23T08:59:30Z/61
2026-05-23T08:59:30.113879Z	info	delta	CDS: PUSH for node:client-56b675d94f-wtkgh.client-c0 resources:3 removed:1 size:809B
2026-05-23T08:59:30.113907Z	info	delta	EDS: PUSH INC for node:client-56b675d94f-wtkgh.client-c0 resources:0 removed:1 size:0B empty:0 cached:0/0
2026-05-23T08:59:30.114848Z	info	delta	LDS: PUSH for node:client-56b675d94f-wtkgh.client-c0 resources:21 removed:1 size:81.7kB
2026-05-23T08:59:30.115199Z	info	delta	RDS: PUSH for node:client-56b675d94f-wtkgh.client-c0 resources:13 removed:0 size:11.5kB cached:7/13
2026-05-23T08:59:30.115238Z	info	delta	NDS: PUSH for node:client-56b675d94f-wtkgh.client-c0 resources:1 removed:0 size:1.4kB
2026-05-23T08:59:31.400563Z	info	sync complete	name=istiod analyzer attempt=1 time=28.459µs
2026-05-23T08:59:35.194522Z	info	ads	Push debounce stable[82] 1 for config ConfigMap/backend-c1/kube-root-ca.crt: 100.093584ms since last change, 100.093542ms since last push, full=false
2026-05-23T08:59:35.194583Z	info	ads	XDS: Incremental Pushing ConnectedEndpoints:1 Version:2026-05-23T08:59:30Z/61
2026-05-23T08:59:36.116629Z	info	sync complete	name=istiod analyzer attempt=1 time=32.416µs
2026-05-23T09:00:06.977555Z	info	sync complete	name=istiod analyzer attempt=1 time=24.083µs
2026-05-23T09:00:11.976822Z	info	sync complete	name=istiod analyzer attempt=1 time=25.25µs
2026-05-23T09:00:36.008091Z	info	delta	ADS: "10.10.0.63:60592" client-56b675d94f-wtkgh.client-c0-97 terminated
2026-05-23T09:00:37.506157Z	info	sync complete	name=istiod analyzer attempt=1 time=24.208µs
2026-05-23T09:00:48.159906Z	info	ads	Push debounce stable[83] 3 for config ConfigMap/client-c0/kube-root-ca.crt and 2 more configs: 101.886875ms since last change, 156.284625ms since last push, full=true
2026-05-23T09:00:48.160075Z	info	ads	XDS: Pushing Services:13 ConnectedEndpoints:0 Version:2026-05-23T09:00:48Z/62
2026-05-23T09:00:49.114077Z	info	sync complete	name=istiod analyzer attempt=1 time=35.959µs
2026-05-23T09:01:24.855027Z	info	Process sidecar injection request	path=/inject pod=client-c0/client-56b675d94f-***** (actual name not yet known)
2026-05-23T09:01:24.940733Z	info	ads	Push debounce stable[84] 1 for config ConfigMap/client-c0/kube-root-ca.crt: 100.074167ms since last change, 100.074125ms since last push, full=false
2026-05-23T09:01:24.940794Z	info	ads	XDS: Incremental Pushing ConnectedEndpoints:0 Version:2026-05-23T09:00:48Z/62
2026-05-23T09:01:25.892590Z	info	delta	ADS: new delta connection for node:client-56b675d94f-gpv5b.client-c0-99
2026-05-23T09:01:25.892701Z	info	delta	CDS: PUSH request for node:client-56b675d94f-gpv5b.client-c0 resources:24 removed:0 size:26.0kB cached:21/21
2026-05-23T09:01:25.897695Z	info	delta	EDS: PUSH request for node:client-56b675d94f-gpv5b.client-c0 resources:20 removed:0 size:4.3kB empty:0 cached:20/20 filtered:0
2026-05-23T09:01:25.905555Z	info	delta	LDS: PUSH request for node:client-56b675d94f-gpv5b.client-c0 resources:21 removed:0 size:81.7kB
2026-05-23T09:01:25.905649Z	info	delta	NDS: PUSH request for node:client-56b675d94f-gpv5b.client-c0 resources:1 removed:0 size:1.4kB
2026-05-23T09:01:25.917093Z	info	delta	RDS: PUSH request for node:client-56b675d94f-gpv5b.client-c0 resources:12 removed:0 size:8.1kB cached:7/12 filtered:0
2026-05-23T09:01:26.575663Z	info	sync complete	name=istiod analyzer attempt=1 time=25.5µs
2026-05-23T09:01:28.588316Z	info	sync complete	name=istiod analyzer attempt=1 time=32.75µs
2026-05-23T09:01:28.590378Z	info	delta	CDS: PUSH for node:client-56b675d94f-gpv5b.client-c0 resources:24 removed:0 size:26.0kB cached:21/21
2026-05-23T09:01:28.590433Z	info	delta	EDS: PUSH for node:client-56b675d94f-gpv5b.client-c0 resources:20 removed:0 size:4.3kB empty:0 cached:20/20
2026-05-23T09:01:28.591092Z	info	delta	LDS: PUSH for node:client-56b675d94f-gpv5b.client-c0 resources:21 removed:0 size:81.7kB
2026-05-23T09:01:28.591326Z	info	delta	RDS: PUSH for node:client-56b675d94f-gpv5b.client-c0 resources:12 removed:0 size:8.1kB cached:10/12
2026-05-23T09:01:28.591360Z	info	delta	NDS: PUSH for node:client-56b675d94f-gpv5b.client-c0 resources:1 removed:0 size:1.4kB
2026-05-23T09:01:29.595355Z	info	sync complete	name=istiod analyzer attempt=1 time=29.334µs
2026-05-23T09:01:32.835481Z	info	ads	Push debounce stable[85] 2 for config EnvoyFilter/client-c0/default-upstream-traffic-setting and 1 more configs: 100.718542ms since last change, 101.196291ms since last push, full=true
2026-05-23T09:01:32.835850Z	info	ads	XDS: Pushing Services:13 ConnectedEndpoints:1 Version:2026-05-23T09:01:32Z/63
2026-05-23T09:01:32.836266Z	info	delta	CDS: PUSH for node:client-56b675d94f-gpv5b.client-c0 resources:24 removed:0 size:26.5kB cached:0/21
2026-05-23T09:01:32.836305Z	info	delta	EDS: PUSH for node:client-56b675d94f-gpv5b.client-c0 resources:20 removed:0 size:4.3kB empty:0 cached:20/20
2026-05-23T09:01:32.836828Z	info	delta	LDS: PUSH for node:client-56b675d94f-gpv5b.client-c0 resources:21 removed:0 size:81.7kB
2026-05-23T09:01:32.837197Z	info	delta	RDS: PUSH for node:client-56b675d94f-gpv5b.client-c0 resources:12 removed:0 size:11.1kB cached:0/12
2026-05-23T09:01:32.837225Z	info	delta	NDS: PUSH for node:client-56b675d94f-gpv5b.client-c0 resources:1 removed:0 size:1.4kB
2026-05-23T09:01:33.736442Z	info	sync complete	name=istiod analyzer attempt=1 time=27.417µs
2026-05-23T09:01:33.846161Z	info	ads	Push debounce stable[86] 1 for config EnvoyFilter/client-c0/default-upstream-traffic-setting: 100.726375ms since last change, 100.726333ms since last push, full=true
2026-05-23T09:01:33.846521Z	info	ads	XDS: Pushing Services:13 ConnectedEndpoints:1 Version:2026-05-23T09:01:33Z/64
2026-05-23T09:01:33.846897Z	info	delta	CDS: PUSH for node:client-56b675d94f-gpv5b.client-c0 resources:24 removed:0 size:26.5kB cached:0/21
2026-05-23T09:01:33.846937Z	info	delta	EDS: PUSH for node:client-56b675d94f-gpv5b.client-c0 resources:20 removed:0 size:4.3kB empty:0 cached:20/20
2026-05-23T09:01:33.847710Z	info	delta	LDS: PUSH for node:client-56b675d94f-gpv5b.client-c0 resources:21 removed:0 size:81.7kB
2026-05-23T09:01:33.848073Z	info	delta	RDS: PUSH for node:client-56b675d94f-gpv5b.client-c0 resources:12 removed:0 size:11.1kB cached:0/12
2026-05-23T09:01:34.747368Z	info	sync complete	name=istiod analyzer attempt=1 time=23.083µs
2026-05-23T09:04:16.433857Z	info	sync complete	name=istiod analyzer attempt=1 time=28.125µs
2026-05-23T09:09:23.241631Z	info	sync complete	name=istiod analyzer attempt=1 time=38.167µs
2026-05-23T09:12:40.638560Z	info	model	Cache Update, new service xcp-multicluster/backend.backend-c1.svc.cluster.local
2026-05-23T09:12:40.744413Z	info	ads	Push debounce stable[87] 3 for config ServiceEntry/xcp-multicluster/backend.backend-c1.svc.cluster.local and 1 more configs: 101.107084ms since last change, 105.686208ms since last push, full=true
2026-05-23T09:12:40.744732Z	info	ads	XDS: Pushing Services:14 ConnectedEndpoints:1 Version:2026-05-23T09:12:40Z/65
2026-05-23T09:12:40.745198Z	info	delta	CDS: PUSH for node:client-56b675d94f-gpv5b.client-c0 resources:4 removed:0 size:1.9kB cached:0/1
2026-05-23T09:12:40.745259Z	info	delta	EDS: PUSH for node:client-56b675d94f-gpv5b.client-c0 resources:20 removed:0 size:4.3kB empty:0 cached:20/20
2026-05-23T09:12:40.746163Z	info	delta	LDS: PUSH for node:client-56b675d94f-gpv5b.client-c0 resources:22 removed:0 size:86.1kB
2026-05-23T09:12:40.746500Z	info	delta	RDS: PUSH for node:client-56b675d94f-gpv5b.client-c0 resources:12 removed:0 size:11.1kB cached:6/12
2026-05-23T09:12:40.746545Z	info	delta	NDS: PUSH for node:client-56b675d94f-gpv5b.client-c0 resources:1 removed:0 size:1.5kB
2026-05-23T09:12:40.755350Z	info	delta	EDS: PUSH request for node:client-56b675d94f-gpv5b.client-c0 resources:1 removed:0 size:220B empty:0 cached:0/1 filtered:20
2026-05-23T09:12:40.755920Z	info	delta	RDS: PUSH request for node:client-56b675d94f-gpv5b.client-c0 resources:1 removed:0 size:990B cached:0/1 filtered:12
2026-05-23T09:12:41.643784Z	info	sync complete	name=istiod analyzer attempt=1 time=27.333µs
2026-05-23T09:14:28.048687Z	info	sync complete	name=istiod analyzer attempt=1 time=25.167µs
2026-05-23T09:19:33.952330Z	info	sync complete	name=istiod analyzer attempt=1 time=40.375µs
2026-05-23T09:24:40.058289Z	info	sync complete	name=istiod analyzer attempt=1 time=22.917µs
2026-05-23T09:29:46.875293Z	info	sync complete	name=istiod analyzer attempt=1 time=29.959µs
2026-05-23T09:31:07.607857Z	info	delta	ADS: "10.10.0.65:42924" client-56b675d94f-gpv5b.client-c0-99 terminated
2026-05-23T09:31:07.683510Z	info	delta	ADS: new delta connection for node:client-56b675d94f-gpv5b.client-c0-100
2026-05-23T09:31:07.684125Z	info	delta	CDS: PUSH request for node:client-56b675d94f-gpv5b.client-c0 resources:25 removed:0 size:27.6kB cached:22/22 filtered:0
2026-05-23T09:31:07.684921Z	info	delta	EDS: PUSH request for node:client-56b675d94f-gpv5b.client-c0 resources:21 removed:0 size:4.5kB empty:0 cached:21/21 filtered:0
2026-05-23T09:31:07.686515Z	info	delta	LDS: PUSH request for node:client-56b675d94f-gpv5b.client-c0 resources:22 removed:0 size:86.1kB filtered:0
2026-05-23T09:31:07.686715Z	info	delta	NDS: PUSH request for node:client-56b675d94f-gpv5b.client-c0 resources:1 removed:0 size:1.5kB
2026-05-23T09:31:07.687130Z	info	delta	RDS: PUSH request for node:client-56b675d94f-gpv5b.client-c0 resources:13 removed:0 size:12.1kB cached:9/13 filtered:0
2026-05-23T09:34:52.865351Z	info	sync complete	name=istiod analyzer attempt=1 time=44.291µs
2026-05-23T09:39:58.261703Z	info	sync complete	name=istiod analyzer attempt=1 time=27.333µs
2026-05-23T09:40:46.980317Z	info	sync complete	name=istiod analyzer attempt=1 time=23.542µs
2026-05-23T09:40:51.983212Z	info	sync complete	name=istiod analyzer attempt=1 time=29.875µs
2026-05-23T09:44:03.930756Z	info	sync complete	name=istiod analyzer attempt=1 time=30.208µs
2026-05-23T09:44:06.952900Z	info	delta	ADS: "10.10.0.65:45304" client-56b675d94f-gpv5b.client-c0-100 terminated
2026-05-23T09:44:08.422736Z	info	ads	Push debounce stable[88] 3 for config EnvoyFilter/client-c0/default-upstream-traffic-setting and 2 more configs: 100.131958ms since last change, 181.481ms since last push, full=true
2026-05-23T09:44:08.422965Z	info	ads	XDS: Pushing Services:14 ConnectedEndpoints:0 Version:2026-05-23T09:44:08Z/66
2026-05-23T09:44:09.337868Z	info	sync complete	name=istiod analyzer attempt=1 time=31.167µs
2026-05-23T09:47:56.414336Z	info	sync complete	name=istiod analyzer attempt=1 time=24.375µs
2026-05-23T09:53:02.548314Z	info	sync complete	name=istiod analyzer attempt=1 time=27.416µs
2026-05-23T09:54:16.977535Z	info	ads	Push debounce stable[89] 2 for config ServiceEntry/xcp-multicluster/backend.backend-c1.svc.cluster.local and 1 more configs: 100.894125ms since last change, 103.368458ms since last push, full=true
2026-05-23T09:54:16.977722Z	info	ads	XDS: Pushing Services:13 ConnectedEndpoints:0 Version:2026-05-23T09:54:16Z/67
2026-05-23T09:54:17.876703Z	info	sync complete	name=istiod analyzer attempt=1 time=28.375µs
2026-05-23T09:58:09.174252Z	info	sync complete	name=istiod analyzer attempt=1 time=26.625µs
2026-05-23T10:03:14.465094Z	info	sync complete	name=istiod analyzer attempt=1 time=27.625µs
2026-05-23T10:08:20.388297Z	info	sync complete	name=istiod analyzer attempt=1 time=22.458µs
2026-05-23T10:13:26.149232Z	info	sync complete	name=istiod analyzer attempt=1 time=37.083µs
2026-05-23T10:30:16.855733Z	info	sync complete	name=istiod analyzer attempt=1 time=77.917µs
2026-05-23T14:14:08.058896Z	info	sync complete	name=istiod analyzer attempt=1 time=24.042µs
2026-05-23T14:19:13.778899Z	info	sync complete	name=istiod analyzer attempt=1 time=24.292µs
2026-05-23T14:28:33.496731Z	info	sync complete	name=istiod analyzer attempt=1 time=31.333µs
2026-05-23T14:33:40.354424Z	info	sync complete	name=istiod analyzer attempt=1 time=33.75µs
2026-05-23T14:38:47.083653Z	info	sync complete	name=istiod analyzer attempt=1 time=25.792µs
2026-05-23T14:43:52.697007Z	info	sync complete	name=istiod analyzer attempt=1 time=24.667µs
2026-05-23T15:24:04.671725Z	info	sync complete	name=istiod analyzer attempt=1 time=35.25µs
2026-05-23T17:48:31.824434Z	info	sync complete	name=istiod analyzer attempt=1 time=23.542µs
2026-05-23T17:53:38.074208Z	info	sync complete	name=istiod analyzer attempt=1 time=27.583µs
2026-05-23T17:58:43.701547Z	info	sync complete	name=istiod analyzer attempt=1 time=28.334µs
2026-05-23T18:03:49.237151Z	info	sync complete	name=istiod analyzer attempt=1 time=30.084µs
2026-05-23T18:08:55.673117Z	info	sync complete	name=istiod analyzer attempt=1 time=24.541µs
2026-05-23T18:14:01.742651Z	info	sync complete	name=istiod analyzer attempt=1 time=30.541µs
2026-05-23T18:19:07.647169Z	info	sync complete	name=istiod analyzer attempt=1 time=36.625µs
2026-05-23T18:24:12.866655Z	info	sync complete	name=istiod analyzer attempt=1 time=32.459µs
2026-05-23T18:29:18.182769Z	info	sync complete	name=istiod analyzer attempt=1 time=61.666µs
2026-05-23T18:34:23.484540Z	info	sync complete	name=istiod analyzer attempt=1 time=24.166µs
2026-05-23T18:39:29.461192Z	info	sync complete	name=istiod analyzer attempt=1 time=24.625µs
2026-05-23T18:44:36.060353Z	info	sync complete	name=istiod analyzer attempt=1 time=28.625µs
2026-05-23T18:49:41.802284Z	info	sync complete	name=istiod analyzer attempt=1 time=34.75µs
2026-05-23T18:54:48.907001Z	info	sync complete	name=istiod analyzer attempt=1 time=45.583µs
2026-05-23T18:59:53.545813Z	info	sync complete	name=istiod analyzer attempt=1 time=23.792µs
2026-05-23T19:54:31.060009Z	info	sync complete	name=istiod analyzer attempt=1 time=23.333µs
2026-05-23T21:49:47.680478Z	info	sync complete	name=istiod analyzer attempt=1 time=64.375µs
2026-05-23T21:54:54.606623Z	info	sync complete	name=istiod analyzer attempt=1 time=63.791µs
2026-05-23T22:00:00.934398Z	info	sync complete	name=istiod analyzer attempt=1 time=63.959µs
2026-05-23T22:05:06.437621Z	info	sync complete	name=istiod analyzer attempt=1 time=58.042µs
2026-05-23T22:10:12.371940Z	info	sync complete	name=istiod analyzer attempt=1 time=55.083µs
2026-05-23T22:15:17.401373Z	info	sync complete	name=istiod analyzer attempt=1 time=56.333µs
2026-05-23T22:20:22.540417Z	info	sync complete	name=istiod analyzer attempt=1 time=50.042µs
2026-05-23T22:25:29.429431Z	info	sync complete	name=istiod analyzer attempt=1 time=59.417µs
2026-05-23T22:30:35.030288Z	info	sync complete	name=istiod analyzer attempt=1 time=57.959µs
2026-05-23T22:35:40.365273Z	info	sync complete	name=istiod analyzer attempt=1 time=67.75µs
2026-05-23T22:40:45.807326Z	info	sync complete	name=istiod analyzer attempt=1 time=66µs
2026-05-23T22:45:51.227531Z	info	sync complete	name=istiod analyzer attempt=1 time=71.375µs
2026-05-24T05:13:47.542526Z	info	sync complete	name=istiod analyzer attempt=1 time=23.625µs
2026-05-24T07:46:08.445739Z	info	sync complete	name=istiod analyzer attempt=1 time=26µs
2026-05-24T07:51:14.578225Z	info	sync complete	name=istiod analyzer attempt=1 time=23.708µs
2026-05-24T07:56:19.966147Z	info	sync complete	name=istiod analyzer attempt=1 time=31µs
2026-05-24T08:01:26.568921Z	info	sync complete	name=istiod analyzer attempt=1 time=36.625µs
2026-05-24T08:06:32.089178Z	info	sync complete	name=istiod analyzer attempt=1 time=23.042µs
2026-05-24T08:11:38.917749Z	info	sync complete	name=istiod analyzer attempt=1 time=25.166µs
2026-05-24T08:16:45.248641Z	info	sync complete	name=istiod analyzer attempt=1 time=24.209µs
2026-05-24T08:21:52.100104Z	info	sync complete	name=istiod analyzer attempt=1 time=29.208µs
2026-05-24T08:33:08.793911Z	info	sync complete	name=istiod analyzer attempt=1 time=64.417µs
2026-05-24T08:38:15.442855Z	info	sync complete	name=istiod analyzer attempt=1 time=27.166µs
2026-05-24T08:43:20.705092Z	info	sync complete	name=istiod analyzer attempt=1 time=46.416µs
2026-05-24T08:48:26.332845Z	info	sync complete	name=istiod analyzer attempt=1 time=24.042µs
2026-05-24T08:53:32.020564Z	info	sync complete	name=istiod analyzer attempt=1 time=29.167µs
2026-05-24T09:16:49.421952Z	info	sync complete	name=istiod analyzer attempt=1 time=23.458µs
2026-05-24T09:21:55.285996Z	info	sync complete	name=istiod analyzer attempt=1 time=46.041µs
2026-05-24T09:27:00.808384Z	info	sync complete	name=istiod analyzer attempt=1 time=21.792µs
2026-05-24T09:32:06.291792Z	info	sync complete	name=istiod analyzer attempt=1 time=25.958µs
2026-05-24T09:37:12.543771Z	info	sync complete	name=istiod analyzer attempt=1 time=38.541µs
2026-05-24T09:42:18.406241Z	info	sync complete	name=istiod analyzer attempt=1 time=52.042µs
2026-05-24T09:47:25.419367Z	info	sync complete	name=istiod analyzer attempt=1 time=41.208µs
2026-05-24T09:52:31.558183Z	info	sync complete	name=istiod analyzer attempt=1 time=27.541µs
2026-05-24T09:57:38.350446Z	info	sync complete	name=istiod analyzer attempt=1 time=24.542µs
2026-05-24T10:02:44.645099Z	info	sync complete	name=istiod analyzer attempt=1 time=31.458µs
2026-05-24T10:07:51.343053Z	info	sync complete	name=istiod analyzer attempt=1 time=26.958µs
2026-05-24T10:12:57.628298Z	info	sync complete	name=istiod analyzer attempt=1 time=25.709µs
2026-05-24T10:18:04.255528Z	info	sync complete	name=istiod analyzer attempt=1 time=27.875µs
2026-05-24T10:23:10.722892Z	info	sync complete	name=istiod analyzer attempt=1 time=33.375µs
2026-05-24T10:28:16.534986Z	info	sync complete	name=istiod analyzer attempt=1 time=24.208µs
2026-05-24T10:33:22.349067Z	info	sync complete	name=istiod analyzer attempt=1 time=28.458µs
2026-05-24T10:38:42.956421Z	info	sync complete	name=istiod analyzer attempt=1 time=26.292µs
2026-05-24T10:46:24.040239Z	info	sync complete	name=istiod analyzer attempt=1 time=53µs
2026-05-24T10:51:30.654756Z	info	sync complete	name=istiod analyzer attempt=1 time=47.25µs
2026-05-24T10:56:36.055338Z	info	sync complete	name=istiod analyzer attempt=1 time=27.417µs
2026-05-24T11:01:41.610820Z	info	sync complete	name=istiod analyzer attempt=1 time=28.5µs
2026-05-24T11:06:47.708025Z	info	sync complete	name=istiod analyzer attempt=1 time=33.75µs
2026-05-24T11:11:54.105145Z	info	sync complete	name=istiod analyzer attempt=1 time=41.083µs
2026-05-24T11:17:00.603127Z	info	sync complete	name=istiod analyzer attempt=1 time=22.917µs
2026-05-24T11:22:06.402315Z	info	sync complete	name=istiod analyzer attempt=1 time=28.208µs
2026-05-24T11:27:12.316524Z	info	sync complete	name=istiod analyzer attempt=1 time=27.75µs
2026-05-24T11:32:18.606157Z	info	sync complete	name=istiod analyzer attempt=1 time=25.709µs
2026-05-24T12:05:53.397223Z	info	sync complete	name=istiod analyzer attempt=1 time=51.083µs
2026-05-24T12:11:25.952711Z	info	sync complete	name=istiod analyzer attempt=1 time=23.041µs
2026-05-24T12:16:31.969122Z	info	sync complete	name=istiod analyzer attempt=1 time=32.042µs
2026-05-24T12:21:38.687315Z	info	sync complete	name=istiod analyzer attempt=1 time=31.084µs
2026-05-24T12:26:44.810355Z	info	sync complete	name=istiod analyzer attempt=1 time=26.917µs
2026-05-24T12:31:50.521186Z	info	sync complete	name=istiod analyzer attempt=1 time=25.25µs
2026-05-24T12:36:56.953379Z	info	sync complete	name=istiod analyzer attempt=1 time=44.083µs
2026-05-24T12:42:02.887737Z	info	sync complete	name=istiod analyzer attempt=1 time=27.166µs
2026-05-24T13:49:40.766382Z	info	sync complete	name=istiod analyzer attempt=1 time=41.584µs
2026-05-24T13:54:46.909660Z	info	sync complete	name=istiod analyzer attempt=1 time=30.542µs
2026-05-24T13:59:52.180009Z	info	sync complete	name=istiod analyzer attempt=1 time=35.166µs
2026-05-24T14:04:58.418199Z	info	sync complete	name=istiod analyzer attempt=1 time=28.041µs
2026-05-24T14:10:04.955700Z	info	sync complete	name=istiod analyzer attempt=1 time=27.042µs
2026-05-24T14:15:10.423070Z	info	sync complete	name=istiod analyzer attempt=1 time=24.5µs
2026-05-24T14:20:16.291395Z	info	sync complete	name=istiod analyzer attempt=1 time=26.166µs
2026-05-24T14:25:22.825290Z	info	sync complete	name=istiod analyzer attempt=1 time=36.875µs
2026-05-24T14:30:29.445557Z	info	sync complete	name=istiod analyzer attempt=1 time=31.167µs
2026-05-24T14:50:24.539244Z	info	sync complete	name=istiod analyzer attempt=1 time=53.666µs
2026-05-24T14:55:30.778315Z	info	sync complete	name=istiod analyzer attempt=1 time=27.458µs
2026-05-24T15:00:36.644854Z	info	sync complete	name=istiod analyzer attempt=1 time=25.75µs
2026-05-24T16:09:05.895144Z	info	sync complete	name=istiod analyzer attempt=1 time=27.5µs
2026-05-24T18:18:58.685591Z	info	sync complete	name=istiod analyzer attempt=1 time=27.917µs
2026-05-24T18:37:54.812299Z	info	sync complete	name=istiod analyzer attempt=1 time=48.458µs
2026-05-24T18:55:01.566218Z	info	sync complete	name=istiod analyzer attempt=1 time=24.958µs
2026-05-24T19:52:37.840472Z	info	sync complete	name=istiod analyzer attempt=1 time=84.708µs
2026-05-24T21:22:10.538256Z	info	sync complete	name=istiod analyzer attempt=1 time=23.208µs
2026-05-24T21:35:05.254693Z	info	sync complete	name=istiod analyzer attempt=1 time=28.083µs
2026-05-24T21:40:11.043543Z	info	sync complete	name=istiod analyzer attempt=1 time=30.416µs
2026-05-24T21:45:17.166441Z	info	sync complete	name=istiod analyzer attempt=1 time=27.75µs
2026-05-24T21:50:21.829805Z	info	sync complete	name=istiod analyzer attempt=1 time=31.875µs
2026-05-24T21:55:26.336288Z	info	sync complete	name=istiod analyzer attempt=1 time=27.209µs
2026-05-24T22:00:31.499259Z	info	sync complete	name=istiod analyzer attempt=1 time=25.625µs
2026-05-24T22:05:37.500412Z	info	sync complete	name=istiod analyzer attempt=1 time=49.208µs
2026-05-24T22:10:43.113582Z	info	sync complete	name=istiod analyzer attempt=1 time=29.625µs
2026-05-24T22:15:48.687228Z	info	sync complete	name=istiod analyzer attempt=1 time=26.292µs
2026-05-24T22:20:54.968096Z	info	sync complete	name=istiod analyzer attempt=1 time=28.291µs
2026-05-24T22:26:00.286566Z	info	sync complete	name=istiod analyzer attempt=1 time=26.375µs
2026-05-24T22:47:53.762996Z	info	sync complete	name=istiod analyzer attempt=1 time=71.333µs
2026-05-25T00:10:08.232073Z	info	sync complete	name=istiod analyzer attempt=1 time=24.625µs
2026-05-25T01:59:40.176375Z	info	sync complete	name=istiod analyzer attempt=1 time=23.5µs
2026-05-25T02:46:03.899023Z	info	sync complete	name=istiod analyzer attempt=1 time=23.583µs
2026-05-25T03:29:05.774903Z	info	sync complete	name=istiod analyzer attempt=1 time=26.542µs
2026-05-25T04:18:25.049260Z	info	sync complete	name=istiod analyzer attempt=1 time=69.833µs
2026-05-25T04:23:31.464142Z	info	sync complete	name=istiod analyzer attempt=1 time=36.292µs
2026-05-25T04:39:11.577207Z	info	sync complete	name=istiod analyzer attempt=1 time=71.875µs
2026-05-25T04:44:17.960904Z	info	sync complete	name=istiod analyzer attempt=1 time=51.916µs
2026-05-25T04:49:24.251034Z	info	sync complete	name=istiod analyzer attempt=1 time=55.459µs
2026-05-25T04:54:30.404705Z	info	sync complete	name=istiod analyzer attempt=1 time=106.958µs
2026-05-25T04:59:37.104964Z	info	sync complete	name=istiod analyzer attempt=1 time=98.084µs
2026-05-25T05:04:42.811296Z	info	sync complete	name=istiod analyzer attempt=1 time=79.833µs
2026-05-25T05:09:50.160998Z	info	sync complete	name=istiod analyzer attempt=1 time=56.959µs
2026-05-25T05:14:56.511361Z	info	sync complete	name=istiod analyzer attempt=1 time=79.917µs
2026-05-25T05:20:01.919257Z	info	sync complete	name=istiod analyzer attempt=1 time=29.5µs
2026-05-25T05:25:08.150321Z	info	sync complete	name=istiod analyzer attempt=1 time=24.791µs
2026-05-25T05:26:26.519319Z	info	ads	ADS: new connection for node:test-1.default-101
2026-05-25T05:26:26.519463Z	info	ads	istio.io/debug/syncz: PUSH for node:test-1.default resources:0 size:0B
2026-05-25T05:26:27.522739Z	info	ads	ADS: "127.0.0.1:34108" test-1.default-101 terminated
2026-05-25T05:30:14.843745Z	info	sync complete	name=istiod analyzer attempt=1 time=100.166µs
2026-05-25T05:35:21.171417Z	info	sync complete	name=istiod analyzer attempt=1 time=30.667µs
2026-05-25T05:40:27.599483Z	info	sync complete	name=istiod analyzer attempt=1 time=76.125µs
2026-05-25T05:45:34.068994Z	info	sync complete	name=istiod analyzer attempt=1 time=34.375µs
2026-05-25T05:50:40.597533Z	info	sync complete	name=istiod analyzer attempt=1 time=30.416µs
2026-05-25T05:55:46.894640Z	info	sync complete	name=istiod analyzer attempt=1 time=63.541µs
2026-05-25T06:00:53.806780Z	info	sync complete	name=istiod analyzer attempt=1 time=34.583µs
2026-05-25T06:05:59.558734Z	info	sync complete	name=istiod analyzer attempt=1 time=52.542µs
2026-05-25T06:11:05.100441Z	info	sync complete	name=istiod analyzer attempt=1 time=25.708µs
2026-05-25T06:16:11.553195Z	info	sync complete	name=istiod analyzer attempt=1 time=26.458µs
2026-05-25T06:21:17.650660Z	info	sync complete	name=istiod analyzer attempt=1 time=28.625µs
2026-05-25T06:26:23.605409Z	info	sync complete	name=istiod analyzer attempt=1 time=42.333µs
2026-05-25T06:31:30.151866Z	info	sync complete	name=istiod analyzer attempt=1 time=26.042µs
2026-05-25T06:36:36.135763Z	info	sync complete	name=istiod analyzer attempt=1 time=77.75µs
2026-05-25T06:41:42.553520Z	info	sync complete	name=istiod analyzer attempt=1 time=26.208µs
2026-05-25T06:46:49.805642Z	info	sync complete	name=istiod analyzer attempt=1 time=84.125µs
2026-05-25T06:51:56.200969Z	info	sync complete	name=istiod analyzer attempt=1 time=26.875µs
2026-05-25T06:57:01.585855Z	info	sync complete	name=istiod analyzer attempt=1 time=54.75µs
2026-05-25T07:02:07.399958Z	info	sync complete	name=istiod analyzer attempt=1 time=60.042µs
2026-05-25T07:07:13.720795Z	info	sync complete	name=istiod analyzer attempt=1 time=53.416µs
2026-05-25T07:12:19.240439Z	info	sync complete	name=istiod analyzer attempt=1 time=36.25µs
2026-05-25T07:17:24.884055Z	info	sync complete	name=istiod analyzer attempt=1 time=53.625µs
2026-05-25T07:22:31.485505Z	info	sync complete	name=istiod analyzer attempt=1 time=57.625µs
2026-05-25T07:27:35.833627Z	info	sync complete	name=istiod analyzer attempt=1 time=63.542µs
2026-05-25T07:32:41.768117Z	info	sync complete	name=istiod analyzer attempt=1 time=82.875µs
2026-05-25T07:37:48.985783Z	info	sync complete	name=istiod analyzer attempt=1 time=58.333µs
2026-05-25T07:42:56.009683Z	info	sync complete	name=istiod analyzer attempt=1 time=23.167µs
2026-05-25T07:48:02.713248Z	info	sync complete	name=istiod analyzer attempt=1 time=58.25µs
2026-05-25T07:53:07.924880Z	info	sync complete	name=istiod analyzer attempt=1 time=32.333µs
2026-05-25T07:58:13.867856Z	info	sync complete	name=istiod analyzer attempt=1 time=48.541µs
2026-05-25T08:03:19.785131Z	info	sync complete	name=istiod analyzer attempt=1 time=64.375µs
2026-05-25T08:08:26.663586Z	info	sync complete	name=istiod analyzer attempt=1 time=62.25µs
2026-05-25T08:13:31.229946Z	info	sync complete	name=istiod analyzer attempt=1 time=32.75µs
2026-05-25T08:18:37.389517Z	info	sync complete	name=istiod analyzer attempt=1 time=70.25µs
2026-05-25T08:23:42.497360Z	info	sync complete	name=istiod analyzer attempt=1 time=64.334µs
2026-05-25T08:28:48.910110Z	info	sync complete	name=istiod analyzer attempt=1 time=28.5µs
2026-05-25T08:33:54.995495Z	info	sync complete	name=istiod analyzer attempt=1 time=56.25µs
2026-05-25T08:39:00.242610Z	info	sync complete	name=istiod analyzer attempt=1 time=25.291µs
2026-05-25T08:44:06.564753Z	info	sync complete	name=istiod analyzer attempt=1 time=28.584µs
2026-05-25T08:49:11.807108Z	info	sync complete	name=istiod analyzer attempt=1 time=72.208µs
2026-05-25T08:54:18.400834Z	info	sync complete	name=istiod analyzer attempt=1 time=68.917µs
2026-05-25T08:59:25.406687Z	info	sync complete	name=istiod analyzer attempt=1 time=83µs
2026-05-25T09:04:30.585338Z	info	sync complete	name=istiod analyzer attempt=1 time=74.458µs
2026-05-25T09:09:37.168418Z	info	sync complete	name=istiod analyzer attempt=1 time=131.459µs
2026-05-25T09:14:41.960335Z	info	sync complete	name=istiod analyzer attempt=1 time=29.666µs
2026-05-25T09:19:48.158768Z	info	sync complete	name=istiod analyzer attempt=1 time=32.125µs
2026-05-25T09:24:54.457167Z	info	sync complete	name=istiod analyzer attempt=1 time=24.416µs
2026-05-25T09:29:59.784628Z	info	sync complete	name=istiod analyzer attempt=1 time=26.667µs
2026-05-25T09:35:06.226384Z	info	sync complete	name=istiod analyzer attempt=1 time=30.292µs
2026-05-25T09:40:12.126055Z	info	sync complete	name=istiod analyzer attempt=1 time=57.959µs
2026-05-25T09:45:17.396933Z	info	sync complete	name=istiod analyzer attempt=1 time=24.458µs
2026-05-25T09:50:23.417843Z	info	sync complete	name=istiod analyzer attempt=1 time=25.125µs
2026-05-25T09:55:29.961036Z	info	sync complete	name=istiod analyzer attempt=1 time=39.083µs
2026-05-25T10:00:36.679881Z	info	sync complete	name=istiod analyzer attempt=1 time=29.791µs
2026-05-25T10:05:43.368452Z	info	sync complete	name=istiod analyzer attempt=1 time=29.875µs
2026-05-25T10:10:48.487757Z	info	sync complete	name=istiod analyzer attempt=1 time=26.708µs
2026-05-25T10:15:54.387578Z	info	sync complete	name=istiod analyzer attempt=1 time=27.666µs
2026-05-25T10:21:00.637079Z	info	sync complete	name=istiod analyzer attempt=1 time=27.375µs
2026-05-25T10:26:06.449343Z	info	sync complete	name=istiod analyzer attempt=1 time=23.792µs
2026-05-25T10:31:11.672705Z	info	sync complete	name=istiod analyzer attempt=1 time=27µs
2026-05-25T10:36:17.769173Z	info	sync complete	name=istiod analyzer attempt=1 time=42.041µs
2026-05-25T10:41:24.165822Z	info	sync complete	name=istiod analyzer attempt=1 time=105.375µs
2026-05-25T10:43:48.581158Z	info	ads	Push debounce stable[90] 1 for config ConfigMap/tier1/kube-root-ca.crt: 100.026417ms since last change, 100.026375ms since last push, full=false
2026-05-25T10:43:48.581482Z	info	ads	XDS: Incremental Pushing ConnectedEndpoints:0 Version:2026-05-23T09:54:16Z/67
2026-05-25T10:43:48.657870Z	info	model	reloading network gateways
2026-05-25T10:43:48.657925Z	info	model	gateways changed, triggering push
2026-05-25T10:43:48.667502Z	info	Process sidecar injection request	path=/inject pod=tier1/tier1-gateway-596d499c9c-***** (actual name not yet known)
2026-05-25T10:43:48.672724Z	info	model	Incremental push, service tier1-gateway.tier1.svc.cluster.local at shard Kubernetes/cluster-0 has no endpoints
2026-05-25T10:43:48.773215Z	info	ads	Push debounce stable[91] 5 for config ServiceEntry/tier1/tier1-gateway.tier1.svc.cluster.local: 100.461833ms since last change, 119.590833ms since last push, full=true
2026-05-25T10:43:48.775215Z	info	ads	XDS: Pushing Services:14 ConnectedEndpoints:0 Version:2026-05-25T10:43:48Z/68
2026-05-25T10:43:49.401391Z	info	delta	ADS: new delta connection for node:tier1-gateway-596d499c9c-h2rrk.tier1-102
2026-05-25T10:43:49.401558Z	info	delta	CDS: PUSH request for node:tier1-gateway-596d499c9c-h2rrk.tier1 resources:1 removed:0 size:50B
2026-05-25T10:43:49.405079Z	info	delta	LDS: PUSH request for node:tier1-gateway-596d499c9c-h2rrk.tier1 resources:0 removed:0 size:0B
2026-05-25T10:43:49.693578Z	info	sync complete	name=istiod analyzer attempt=1 time=50.583µs
2026-05-25T10:43:50.051481Z	info	model	Full push, new service tier1/tier1-gateway.tier1.svc.cluster.local
2026-05-25T10:43:50.055737Z	info	delta	CDS: PUSH for node:tier1-gateway-596d499c9c-h2rrk.tier1 resources:1 removed:0 size:50B
2026-05-25T10:43:50.055772Z	info	delta	LDS: PUSH for node:tier1-gateway-596d499c9c-h2rrk.tier1 resources:0 removed:0 size:0B
2026-05-25T10:43:50.160093Z	info	ads	Push debounce stable[92] 2 for config ServiceEntry/tier1/tier1-gateway.tier1.svc.cluster.local: 100.367125ms since last change, 108.568791ms since last push, full=true
2026-05-25T10:43:50.160287Z	info	ads	XDS: Pushing Services:14 ConnectedEndpoints:1 Version:2026-05-25T10:43:50Z/69
2026-05-25T10:43:50.160413Z	info	delta	CDS: PUSH for node:tier1-gateway-596d499c9c-h2rrk.tier1 resources:1 removed:0 size:50B
2026-05-25T10:43:50.160438Z	info	delta	LDS: PUSH for node:tier1-gateway-596d499c9c-h2rrk.tier1 resources:0 removed:0 size:0B
2026-05-25T10:43:51.064425Z	info	sync complete	name=istiod analyzer attempt=1 time=33.791µs
2026-05-25T10:44:26.828550Z	info	ads	Push debounce stable[93] 8 for config EnvoyFilter/tier1/default-allow-tier1-echo-gw-external-batch0 and 7 more configs: 101.000916ms since last change, 105.317334ms since last push, full=true
2026-05-25T10:44:26.829625Z	info	ads	XDS: Pushing Services:14 ConnectedEndpoints:1 Version:2026-05-25T10:44:26Z/70
2026-05-25T10:44:26.829786Z	info	delta	CDS: PUSH for node:tier1-gateway-596d499c9c-h2rrk.tier1 resources:1 removed:0 size:72B
2026-05-25T10:44:26.830014Z	info	delta	LDS: PUSH for node:tier1-gateway-596d499c9c-h2rrk.tier1 resources:1 removed:0 size:2.8kB
2026-05-25T10:44:27.728836Z	info	sync complete	name=istiod analyzer attempt=1 time=75.041µs
2026-05-25T10:44:27.847558Z	info	ads	Push debounce stable[94] 5 for config VirtualService/tier1/tier1-echo-gw-echo and 4 more configs: 100.933ms since last change, 107.196833ms since last push, full=true
2026-05-25T10:44:27.848298Z	info	ads	XDS: Pushing Services:14 ConnectedEndpoints:1 Version:2026-05-25T10:44:27Z/71
2026-05-25T10:44:27.848427Z	info	delta	CDS: PUSH for node:tier1-gateway-596d499c9c-h2rrk.tier1 resources:1 removed:0 size:72B
2026-05-25T10:44:27.849028Z	info	delta	LDS: PUSH for node:tier1-gateway-596d499c9c-h2rrk.tier1 resources:1 removed:0 size:2.8kB
2026-05-25T10:44:28.748138Z	info	sync complete	name=istiod analyzer attempt=1 time=30.5µs
2026-05-25T10:44:33.751538Z	info	model	Cache Update, new service xcp-multicluster/echo.tetrate.io
2026-05-25T10:44:33.857134Z	info	ads	Push debounce stable[95] 2 for config ServiceEntry/xcp-multicluster/echo.tetrate.io: 100.79625ms since last change, 105.549708ms since last push, full=true
2026-05-25T10:44:33.857346Z	info	ads	XDS: Pushing Services:15 ConnectedEndpoints:1 Version:2026-05-25T10:44:33Z/72
2026-05-25T10:44:33.857607Z	info	delta	CDS: PUSH for node:tier1-gateway-596d499c9c-h2rrk.tier1 resources:3 removed:0 size:2.0kB cached:0/2
2026-05-25T10:44:33.857756Z	info	delta	LDS: PUSH for node:tier1-gateway-596d499c9c-h2rrk.tier1 resources:1 removed:0 size:2.8kB
2026-05-25T10:44:33.860583Z	info	delta	EDS: PUSH request for node:tier1-gateway-596d499c9c-h2rrk.tier1 resources:2 removed:0 size:328B empty:0 cached:0/2 filtered:0
2026-05-25T10:44:34.758332Z	info	sync complete	name=istiod analyzer attempt=1 time=35.333µs
2026-05-25T10:44:34.865180Z	info	ads	Push debounce stable[96] 2 for config VirtualService/tier1/tier1-echo-gw-echo and 1 more configs: 101.681667ms since last change, 102.177375ms since last push, full=true
2026-05-25T10:44:34.865387Z	info	ads	XDS: Pushing Services:15 ConnectedEndpoints:1 Version:2026-05-25T10:44:34Z/73
2026-05-25T10:44:34.865567Z	info	delta	CDS: PUSH for node:tier1-gateway-596d499c9c-h2rrk.tier1 resources:3 removed:0 size:2.0kB cached:0/2
2026-05-25T10:44:34.865615Z	info	delta	EDS: PUSH for node:tier1-gateway-596d499c9c-h2rrk.tier1 resources:2 removed:0 size:328B empty:0 cached:0/2
2026-05-25T10:44:34.865723Z	info	delta	LDS: PUSH for node:tier1-gateway-596d499c9c-h2rrk.tier1 resources:1 removed:0 size:2.8kB
2026-05-25T10:44:35.765204Z	info	sync complete	name=istiod analyzer attempt=1 time=27.958µs
2026-05-25T10:46:29.976307Z	info	sync complete	name=istiod analyzer attempt=1 time=77.917µs
2026-05-25T10:48:46.746387Z	info	ads	Push debounce stable[97] 8 for config EnvoyFilter/tier1/default-upstream-traffic-setting and 7 more configs: 100.402542ms since last change, 119.69425ms since last push, full=true
2026-05-25T10:48:46.746892Z	info	ads	XDS: Pushing Services:15 ConnectedEndpoints:1 Version:2026-05-25T10:48:46Z/74
2026-05-25T10:48:46.747520Z	info	delta	CDS: PUSH for node:tier1-gateway-596d499c9c-h2rrk.tier1 resources:1 removed:2 size:50B
2026-05-25T10:48:46.747724Z	info	delta	EDS: PUSH for node:tier1-gateway-596d499c9c-h2rrk.tier1 resources:2 removed:0 size:328B empty:0 cached:0/2
2026-05-25T10:48:46.747780Z	info	delta	LDS: PUSH for node:tier1-gateway-596d499c9c-h2rrk.tier1 resources:0 removed:1 size:0B
2026-05-25T10:48:47.646755Z	info	sync complete	name=istiod analyzer attempt=1 time=52.042µs
2026-05-25T10:48:47.767516Z	info	ads	Push debounce stable[98] 1 for config ServiceEntry/xcp-multicluster/echo.tetrate.io: 101.75125ms since last change, 101.751208ms since last push, full=true
2026-05-25T10:48:47.767729Z	info	ads	XDS: Pushing Services:14 ConnectedEndpoints:1 Version:2026-05-25T10:48:47Z/75
2026-05-25T10:48:48.665668Z	info	sync complete	name=istiod analyzer attempt=1 time=36.542µs
2026-05-25T10:49:04.753164Z	info	model	reloading network gateways
2026-05-25T10:49:04.753230Z	info	model	gateways changed, triggering push
2026-05-25T10:49:04.757271Z	info	model	Incremental push, service tier1-gateway.tier1.svc.cluster.local at shard Kubernetes/cluster-0 has no endpoints
2026-05-25T10:49:04.857932Z	info	ads	Push debounce stable[99] 4 for config ServiceEntry/tier1/tier1-gateway.tier1.svc.cluster.local: 100.621541ms since last change, 104.61825ms since last push, full=true
2026-05-25T10:49:04.859137Z	info	ads	XDS: Pushing Services:13 ConnectedEndpoints:1 Version:2026-05-25T10:49:04Z/76
2026-05-25T10:49:04.859331Z	info	delta	CDS: PUSH for node:tier1-gateway-596d499c9c-h2rrk.tier1 resources:1 removed:0 size:50B
2026-05-25T10:49:04.859368Z	info	delta	LDS: PUSH for node:tier1-gateway-596d499c9c-h2rrk.tier1 resources:0 removed:0 size:0B
2026-05-25T10:49:05.753166Z	info	sync complete	name=istiod analyzer attempt=1 time=41.417µs
2026-05-25T10:49:10.607176Z	info	sync complete	name=istiod analyzer attempt=1 time=31.5µs
2026-05-25T10:49:15.614479Z	info	delta	ADS: "10.10.0.66:47394" tier1-gateway-596d499c9c-h2rrk.tier1-102 terminated
2026-05-25T10:49:15.616981Z	info	sync complete	name=istiod analyzer attempt=1 time=28.875µs
2026-05-25T10:49:17.636090Z	info	ads	Push debounce stable[100] 1 for config ConfigMap/tier1/kube-root-ca.crt: 100.916458ms since last change, 100.916417ms since last push, full=false
2026-05-25T10:49:17.636177Z	info	ads	XDS: Incremental Pushing ConnectedEndpoints:0 Version:2026-05-25T10:49:04Z/76
2026-05-25T10:49:18.543220Z	info	sync complete	name=istiod analyzer attempt=1 time=31.833µs
2026-05-25T10:49:37.428474Z	info	ads	Push debounce stable[101] 1 for config ConfigMap/tier1-term/kube-root-ca.crt: 100.368583ms since last change, 100.368541ms since last push, full=false
2026-05-25T10:49:37.428583Z	info	ads	XDS: Incremental Pushing ConnectedEndpoints:0 Version:2026-05-25T10:49:04Z/76
2026-05-25T10:49:37.668167Z	info	ads	Push debounce stable[102] 3 for config Secret/tier1-term/echo-term-edge-tls-hks9k and 1 more configs: 101.476458ms since last change, 169.94875ms since last push, full=false
2026-05-25T10:49:37.668218Z	info	ads	XDS: Incremental Pushing ConnectedEndpoints:0 Version:2026-05-25T10:49:04Z/76
2026-05-25T10:49:38.568708Z	info	sync complete	name=istiod analyzer attempt=1 time=138.5µs
2026-05-25T10:49:52.800361Z	info	Process sidecar injection request	path=/inject pod=tier1-term/tier1-term-gateway-86f85c75f8-***** (actual name not yet known)
2026-05-25T10:49:52.807638Z	info	model	Incremental push, service tier1-term-gateway.tier1-term.svc.cluster.local at shard Kubernetes/cluster-0 has no endpoints
2026-05-25T10:49:52.807730Z	info	model	reloading network gateways
2026-05-25T10:49:52.807764Z	info	model	gateways changed, triggering push
2026-05-25T10:49:52.909381Z	info	ads	Push debounce stable[103] 5 for config ServiceEntry/tier1-term/tier1-term-gateway.tier1-term.svc.cluster.local: 101.573042ms since last change, 110.805167ms since last push, full=true
2026-05-25T10:49:52.910717Z	info	ads	XDS: Pushing Services:14 ConnectedEndpoints:0 Version:2026-05-25T10:49:52Z/77
2026-05-25T10:49:53.346536Z	info	delta	ADS: new delta connection for node:tier1-term-gateway-86f85c75f8-pxtbd.tier1-term-103
2026-05-25T10:49:53.346690Z	info	delta	CDS: PUSH request for node:tier1-term-gateway-86f85c75f8-pxtbd.tier1-term resources:1 removed:0 size:50B
2026-05-25T10:49:53.348257Z	info	delta	LDS: PUSH request for node:tier1-term-gateway-86f85c75f8-pxtbd.tier1-term resources:0 removed:0 size:0B
2026-05-25T10:49:53.647488Z	info	model	Full push, new service tier1-term/tier1-term-gateway.tier1-term.svc.cluster.local
2026-05-25T10:49:53.650795Z	info	delta	CDS: PUSH for node:tier1-term-gateway-86f85c75f8-pxtbd.tier1-term resources:1 removed:0 size:50B
2026-05-25T10:49:53.650834Z	info	delta	LDS: PUSH for node:tier1-term-gateway-86f85c75f8-pxtbd.tier1-term resources:0 removed:0 size:0B
2026-05-25T10:49:53.755190Z	info	ads	Push debounce stable[104] 2 for config ServiceEntry/tier1-term/tier1-term-gateway.tier1-term.svc.cluster.local: 100.898834ms since last change, 107.634125ms since last push, full=true
2026-05-25T10:49:53.755353Z	info	ads	XDS: Pushing Services:14 ConnectedEndpoints:1 Version:2026-05-25T10:49:53Z/78
2026-05-25T10:49:53.755478Z	info	delta	CDS: PUSH for node:tier1-term-gateway-86f85c75f8-pxtbd.tier1-term resources:1 removed:0 size:50B
2026-05-25T10:49:53.755499Z	info	delta	LDS: PUSH for node:tier1-term-gateway-86f85c75f8-pxtbd.tier1-term resources:0 removed:0 size:0B
2026-05-25T10:49:54.659460Z	info	sync complete	name=istiod analyzer attempt=1 time=24.542µs
2026-05-25T10:50:01.648199Z	info	ads	Push debounce stable[105] 8 for config VirtualService/tier1-term/tier1-echo-term-gw-echo and 7 more configs: 100.381583ms since last change, 106.3155ms since last push, full=true
2026-05-25T10:50:01.648990Z	info	ads	XDS: Pushing Services:14 ConnectedEndpoints:1 Version:2026-05-25T10:50:01Z/79
2026-05-25T10:50:01.649127Z	info	delta	CDS: PUSH for node:tier1-term-gateway-86f85c75f8-pxtbd.tier1-term resources:1 removed:0 size:72B
2026-05-25T10:50:01.649672Z	info	delta	LDS: PUSH for node:tier1-term-gateway-86f85c75f8-pxtbd.tier1-term resources:1 removed:0 size:4.8kB
2026-05-25T10:50:01.654114Z	info	delta	RDS: PUSH request for node:tier1-term-gateway-86f85c75f8-pxtbd.tier1-term resources:1 removed:0 size:784B cached:0/0 filtered:0
2026-05-25T10:50:01.655967Z	info	delta	SDS: PUSH request for node:tier1-term-gateway-86f85c75f8-pxtbd.tier1-term resources:1 removed:0 size:2.8kB cached:0/1 filtered:0
2026-05-25T10:50:02.548446Z	info	sync complete	name=istiod analyzer attempt=1 time=27.583µs
2026-05-25T10:50:02.667197Z	info	ads	Push debounce stable[106] 5 for config EnvoyFilter/tier1-term/default-upstream-traffic-setting and 4 more configs: 100.173875ms since last change, 104.216958ms since last push, full=true
2026-05-25T10:50:02.667949Z	info	ads	XDS: Pushing Services:14 ConnectedEndpoints:1 Version:2026-05-25T10:50:02Z/80
2026-05-25T10:50:02.668076Z	info	delta	CDS: PUSH for node:tier1-term-gateway-86f85c75f8-pxtbd.tier1-term resources:1 removed:0 size:72B
2026-05-25T10:50:02.668294Z	info	delta	LDS: PUSH for node:tier1-term-gateway-86f85c75f8-pxtbd.tier1-term resources:1 removed:0 size:4.8kB
2026-05-25T10:50:02.668375Z	info	delta	RDS: PUSH for node:tier1-term-gateway-86f85c75f8-pxtbd.tier1-term resources:1 removed:0 size:784B cached:0/0
2026-05-25T10:50:03.567299Z	info	sync complete	name=istiod analyzer attempt=1 time=29.667µs
2026-05-25T10:50:11.563734Z	info	model	Cache Update, new service xcp-multicluster/echo-term.tetrate.io
2026-05-25T10:50:11.668424Z	info	ads	Push debounce stable[107] 3 for config ServiceEntry/xcp-multicluster/echo-term.tetrate.io and 1 more configs: 100.735292ms since last change, 104.651459ms since last push, full=true
2026-05-25T10:50:11.668633Z	info	ads	XDS: Pushing Services:15 ConnectedEndpoints:1 Version:2026-05-25T10:50:11Z/81
2026-05-25T10:50:11.668937Z	info	delta	CDS: PUSH for node:tier1-term-gateway-86f85c75f8-pxtbd.tier1-term resources:3 removed:0 size:2.6kB cached:0/2
2026-05-25T10:50:11.669174Z	info	delta	LDS: PUSH for node:tier1-term-gateway-86f85c75f8-pxtbd.tier1-term resources:1 removed:0 size:4.8kB
2026-05-25T10:50:11.669251Z	info	delta	RDS: PUSH for node:tier1-term-gateway-86f85c75f8-pxtbd.tier1-term resources:1 removed:0 size:784B cached:0/0
2026-05-25T10:50:11.672339Z	info	delta	EDS: PUSH request for node:tier1-term-gateway-86f85c75f8-pxtbd.tier1-term resources:2 removed:0 size:332B empty:0 cached:0/2 filtered:0
2026-05-25T10:50:12.568431Z	info	sync complete	name=istiod analyzer attempt=1 time=40.75µs
2026-05-25T10:50:12.675200Z	info	ads	Push debounce stable[108] 2 for config VirtualService/tier1-term/tier1-echo-term-gw-echo and 1 more configs: 101.158292ms since last change, 102.095333ms since last push, full=true
2026-05-25T10:50:12.675365Z	info	ads	XDS: Pushing Services:15 ConnectedEndpoints:1 Version:2026-05-25T10:50:12Z/82
2026-05-25T10:50:12.675550Z	info	delta	CDS: PUSH for node:tier1-term-gateway-86f85c75f8-pxtbd.tier1-term resources:3 removed:0 size:2.6kB cached:0/2
2026-05-25T10:50:12.675599Z	info	delta	EDS: PUSH for node:tier1-term-gateway-86f85c75f8-pxtbd.tier1-term resources:2 removed:0 size:332B empty:0 cached:0/2
2026-05-25T10:50:12.675773Z	info	delta	LDS: PUSH for node:tier1-term-gateway-86f85c75f8-pxtbd.tier1-term resources:1 removed:0 size:4.8kB
2026-05-25T10:50:12.675839Z	info	delta	RDS: PUSH for node:tier1-term-gateway-86f85c75f8-pxtbd.tier1-term resources:1 removed:0 size:784B cached:0/0
2026-05-25T10:50:13.575465Z	info	sync complete	name=istiod analyzer attempt=1 time=53.917µs
2026-05-25T10:51:36.546165Z	info	sync complete	name=istiod analyzer attempt=1 time=29.292µs
2026-05-25T10:54:02.685373Z	info	ads	Push debounce stable[109] 8 for config AuthorizationPolicy/tier1-term/allow and 7 more configs: 100.956834ms since last change, 125.004167ms since last push, full=true
2026-05-25T10:54:02.685844Z	info	ads	XDS: Pushing Services:15 ConnectedEndpoints:1 Version:2026-05-25T10:54:02Z/83
2026-05-25T10:54:02.686116Z	info	delta	CDS: PUSH for node:tier1-term-gateway-86f85c75f8-pxtbd.tier1-term resources:1 removed:2 size:50B
2026-05-25T10:54:02.686395Z	info	delta	EDS: PUSH for node:tier1-term-gateway-86f85c75f8-pxtbd.tier1-term resources:2 removed:0 size:332B empty:0 cached:0/2
2026-05-25T10:54:02.686431Z	info	delta	LDS: PUSH for node:tier1-term-gateway-86f85c75f8-pxtbd.tier1-term resources:0 removed:1 size:0B
2026-05-25T10:54:02.686443Z	warn	buildGatewayRoutes: no gateways for router tier1-term-gateway-86f85c75f8-pxtbd.tier1-term
2026-05-25T10:54:02.686461Z	info	delta	RDS: PUSH for node:tier1-term-gateway-86f85c75f8-pxtbd.tier1-term resources:1 removed:0 size:56B cached:0/0
2026-05-25T10:54:03.586348Z	info	sync complete	name=istiod analyzer attempt=1 time=68.083µs
2026-05-25T10:54:03.707289Z	info	ads	Push debounce stable[110] 2 for config ServiceEntry/xcp-multicluster/echo-term.tetrate.io and 1 more configs: 100.310166ms since last change, 103.236459ms since last push, full=true
2026-05-25T10:54:03.707500Z	info	ads	XDS: Pushing Services:14 ConnectedEndpoints:1 Version:2026-05-25T10:54:03Z/84
2026-05-25T10:54:03.707606Z	info	delta	CDS: PUSH for node:tier1-term-gateway-86f85c75f8-pxtbd.tier1-term resources:1 removed:0 size:50B
2026-05-25T10:54:03.707632Z	info	delta	LDS: PUSH for node:tier1-term-gateway-86f85c75f8-pxtbd.tier1-term resources:0 removed:0 size:0B
2026-05-25T10:54:03.707639Z	warn	buildGatewayRoutes: no gateways for router tier1-term-gateway-86f85c75f8-pxtbd.tier1-term
2026-05-25T10:54:03.707648Z	info	delta	RDS: PUSH for node:tier1-term-gateway-86f85c75f8-pxtbd.tier1-term resources:1 removed:0 size:56B cached:0/0
2026-05-25T10:54:04.607350Z	info	sync complete	name=istiod analyzer attempt=1 time=62.708µs
2026-05-25T10:54:21.737072Z	info	model	reloading network gateways
2026-05-25T10:54:21.737142Z	info	model	gateways changed, triggering push
2026-05-25T10:54:21.744452Z	info	model	Incremental push, service tier1-term-gateway.tier1-term.svc.cluster.local at shard Kubernetes/cluster-0 has no endpoints
2026-05-25T10:54:21.845131Z	info	ads	Push debounce stable[111] 4 for config ServiceEntry/tier1-term/tier1-term-gateway.tier1-term.svc.cluster.local: 100.640792ms since last change, 107.950917ms since last push, full=true
2026-05-25T10:54:21.846273Z	info	ads	XDS: Pushing Services:13 ConnectedEndpoints:1 Version:2026-05-25T10:54:21Z/85
2026-05-25T10:54:21.846424Z	info	delta	CDS: PUSH for node:tier1-term-gateway-86f85c75f8-pxtbd.tier1-term resources:1 removed:0 size:50B
2026-05-25T10:54:21.846464Z	info	delta	LDS: PUSH for node:tier1-term-gateway-86f85c75f8-pxtbd.tier1-term resources:0 removed:0 size:0B
2026-05-25T10:54:21.846489Z	warn	buildGatewayRoutes: no gateways for router tier1-term-gateway-86f85c75f8-pxtbd.tier1-term
2026-05-25T10:54:21.846502Z	info	delta	RDS: PUSH for node:tier1-term-gateway-86f85c75f8-pxtbd.tier1-term resources:1 removed:0 size:56B cached:0/0
2026-05-25T10:54:21.846611Z	info	delta	SDS: PUSH for node:tier1-term-gateway-86f85c75f8-pxtbd.tier1-term resources:1 removed:0 size:2.8kB cached:0/1
2026-05-25T10:54:22.737346Z	info	sync complete	name=istiod analyzer attempt=1 time=27.125µs
2026-05-25T10:54:27.520239Z	info	sync complete	name=istiod analyzer attempt=1 time=31.458µs
2026-05-25T10:54:32.525473Z	info	delta	ADS: "10.10.0.67:57330" tier1-term-gateway-86f85c75f8-pxtbd.tier1-term-103 terminated
2026-05-25T10:54:32.532691Z	info	sync complete	name=istiod analyzer attempt=1 time=43.375µs
2026-05-25T10:54:34.414719Z	info	ads	Push debounce stable[112] 2 for config Secret/tier1-term/echo-term-edge-tls and 1 more configs: 100.270333ms since last change, 104.860333ms since last push, full=false
2026-05-25T10:54:34.414792Z	info	ads	XDS: Incremental Pushing ConnectedEndpoints:0 Version:2026-05-25T10:54:21Z/85
2026-05-25T10:54:35.359950Z	info	sync complete	name=istiod analyzer attempt=1 time=32µs
2026-05-25T10:54:49.676350Z	info	Process sidecar injection request	path=/inject pod=client-c0/client-56b675d94f-***** (actual name not yet known)
2026-05-25T10:54:49.764032Z	info	ads	Push debounce stable[113] 1 for config ConfigMap/client-c0/kube-root-ca.crt: 100.619875ms since last change, 100.619791ms since last push, full=false
2026-05-25T10:54:49.764085Z	info	ads	XDS: Incremental Pushing ConnectedEndpoints:0 Version:2026-05-25T10:54:21Z/85
2026-05-25T10:54:50.753498Z	info	delta	ADS: new delta connection for node:client-56b675d94f-k4wvp.client-c0-104
2026-05-25T10:54:50.754003Z	info	delta	CDS: PUSH request for node:client-56b675d94f-k4wvp.client-c0 resources:24 removed:0 size:26.0kB cached:0/21
2026-05-25T10:54:50.761184Z	info	delta	EDS: PUSH request for node:client-56b675d94f-k4wvp.client-c0 resources:20 removed:0 size:4.3kB empty:0 cached:0/20 filtered:0
2026-05-25T10:54:50.769898Z	info	delta	LDS: PUSH request for node:client-56b675d94f-k4wvp.client-c0 resources:21 removed:0 size:81.7kB
2026-05-25T10:54:50.770011Z	info	delta	NDS: PUSH request for node:client-56b675d94f-k4wvp.client-c0 resources:1 removed:0 size:1.4kB
2026-05-25T10:54:50.785695Z	info	delta	RDS: PUSH request for node:client-56b675d94f-k4wvp.client-c0 resources:12 removed:0 size:8.1kB cached:0/12 filtered:0
2026-05-25T10:54:51.423702Z	info	sync complete	name=istiod analyzer attempt=1 time=28.208µs
2026-05-25T10:54:53.429938Z	info	delta	CDS: PUSH for node:client-56b675d94f-k4wvp.client-c0 resources:24 removed:0 size:26.0kB cached:0/21
2026-05-25T10:54:53.430123Z	info	delta	EDS: PUSH for node:client-56b675d94f-k4wvp.client-c0 resources:20 removed:0 size:4.3kB empty:0 cached:0/20
2026-05-25T10:54:53.430905Z	info	delta	LDS: PUSH for node:client-56b675d94f-k4wvp.client-c0 resources:21 removed:0 size:81.7kB
2026-05-25T10:54:53.431192Z	info	delta	RDS: PUSH for node:client-56b675d94f-k4wvp.client-c0 resources:12 removed:0 size:8.1kB cached:0/12
2026-05-25T10:54:53.431231Z	info	delta	NDS: PUSH for node:client-56b675d94f-k4wvp.client-c0 resources:1 removed:0 size:1.4kB
2026-05-25T10:54:54.434860Z	info	sync complete	name=istiod analyzer attempt=1 time=32.416µs
2026-05-25T10:55:00.126073Z	info	ads	Push debounce stable[114] 2 for config Sidecar/client-c0/default and 1 more configs: 100.907833ms since last change, 102.668792ms since last push, full=true
2026-05-25T10:55:00.126545Z	info	ads	XDS: Pushing Services:13 ConnectedEndpoints:1 Version:2026-05-25T10:55:00Z/86
2026-05-25T10:55:00.127098Z	info	delta	CDS: PUSH for node:client-56b675d94f-k4wvp.client-c0 resources:24 removed:0 size:26.5kB cached:0/21
2026-05-25T10:55:00.127139Z	info	delta	EDS: PUSH for node:client-56b675d94f-k4wvp.client-c0 resources:20 removed:0 size:4.3kB empty:0 cached:20/20
2026-05-25T10:55:00.127785Z	info	delta	LDS: PUSH for node:client-56b675d94f-k4wvp.client-c0 resources:21 removed:0 size:81.7kB
2026-05-25T10:55:00.128189Z	info	delta	RDS: PUSH for node:client-56b675d94f-k4wvp.client-c0 resources:12 removed:0 size:11.1kB cached:0/12
2026-05-25T10:55:00.128220Z	info	delta	NDS: PUSH for node:client-56b675d94f-k4wvp.client-c0 resources:1 removed:0 size:1.4kB
2026-05-25T10:55:01.026118Z	info	sync complete	name=istiod analyzer attempt=1 time=38.917µs
2026-05-25T10:55:01.138312Z	info	ads	Push debounce stable[115] 1 for config EnvoyFilter/client-c0/default-upstream-traffic-setting: 100.10225ms since last change, 100.102208ms since last push, full=true
2026-05-25T10:55:01.138758Z	info	ads	XDS: Pushing Services:13 ConnectedEndpoints:1 Version:2026-05-25T10:55:01Z/87
2026-05-25T10:55:01.139254Z	info	delta	CDS: PUSH for node:client-56b675d94f-k4wvp.client-c0 resources:24 removed:0 size:26.5kB cached:0/21
2026-05-25T10:55:01.139309Z	info	delta	EDS: PUSH for node:client-56b675d94f-k4wvp.client-c0 resources:20 removed:0 size:4.3kB empty:0 cached:20/20
2026-05-25T10:55:01.139984Z	info	delta	LDS: PUSH for node:client-56b675d94f-k4wvp.client-c0 resources:21 removed:0 size:81.7kB
2026-05-25T10:55:01.140380Z	info	delta	RDS: PUSH for node:client-56b675d94f-k4wvp.client-c0 resources:12 removed:0 size:11.1kB cached:0/12
2026-05-25T10:55:02.040214Z	info	sync complete	name=istiod analyzer attempt=1 time=23.584µs
2026-05-25T10:55:04.044013Z	info	model	Cache Update, new service xcp-multicluster/backend.backend-c1.svc.cluster.local
2026-05-25T10:55:04.151123Z	info	ads	Push debounce stable[116] 3 for config ServiceEntry/xcp-multicluster/backend.backend-c1.svc.cluster.local and 1 more configs: 100.843959ms since last change, 107.058ms since last push, full=true
2026-05-25T10:55:04.151304Z	info	ads	XDS: Pushing Services:14 ConnectedEndpoints:1 Version:2026-05-25T10:55:04Z/88
2026-05-25T10:55:04.151504Z	info	delta	CDS: PUSH for node:client-56b675d94f-k4wvp.client-c0 resources:4 removed:0 size:1.9kB cached:0/1
2026-05-25T10:55:04.151566Z	info	delta	EDS: PUSH for node:client-56b675d94f-k4wvp.client-c0 resources:20 removed:0 size:4.3kB empty:0 cached:20/20
2026-05-25T10:55:04.152513Z	info	delta	LDS: PUSH for node:client-56b675d94f-k4wvp.client-c0 resources:22 removed:0 size:86.1kB
2026-05-25T10:55:04.152911Z	info	delta	RDS: PUSH for node:client-56b675d94f-k4wvp.client-c0 resources:12 removed:0 size:11.1kB cached:6/12
2026-05-25T10:55:04.152943Z	info	delta	NDS: PUSH for node:client-56b675d94f-k4wvp.client-c0 resources:1 removed:0 size:1.5kB
2026-05-25T10:55:04.158107Z	info	delta	EDS: PUSH request for node:client-56b675d94f-k4wvp.client-c0 resources:1 removed:0 size:220B empty:0 cached:0/1 filtered:20
2026-05-25T10:55:04.158691Z	info	delta	RDS: PUSH request for node:client-56b675d94f-k4wvp.client-c0 resources:1 removed:0 size:990B cached:0/1 filtered:12
2026-05-25T10:55:05.051083Z	info	sync complete	name=istiod analyzer attempt=1 time=35.084µs
2026-05-25T10:56:41.940350Z	info	sync complete	name=istiod analyzer attempt=1 time=25.625µs
2026-05-25T10:57:09.779874Z	info	ads	Push debounce stable[117] 2 for config EnvoyFilter/client-c0/default-upstream-traffic-setting and 1 more configs: 100.789459ms since last change, 105.472792ms since last push, full=true
2026-05-25T10:57:09.780295Z	info	ads	XDS: Pushing Services:14 ConnectedEndpoints:1 Version:2026-05-25T10:57:09Z/89
2026-05-25T10:57:09.780682Z	info	delta	CDS: PUSH for node:client-56b675d94f-k4wvp.client-c0 resources:25 removed:0 size:27.1kB cached:21/22
2026-05-25T10:57:09.780750Z	info	delta	EDS: PUSH for node:client-56b675d94f-k4wvp.client-c0 resources:21 removed:0 size:4.5kB empty:0 cached:21/21
2026-05-25T10:57:09.781563Z	info	delta	LDS: PUSH for node:client-56b675d94f-k4wvp.client-c0 resources:22 removed:0 size:86.1kB
2026-05-25T10:57:09.781792Z	info	delta	RDS: PUSH for node:client-56b675d94f-k4wvp.client-c0 resources:13 removed:0 size:8.7kB cached:6/13
2026-05-25T10:57:09.781831Z	info	delta	NDS: PUSH for node:client-56b675d94f-k4wvp.client-c0 resources:1 removed:0 size:1.5kB
2026-05-25T10:57:10.679759Z	info	sync complete	name=istiod analyzer attempt=1 time=29.458µs
2026-05-25T10:57:30.259290Z	info	sync complete	name=istiod analyzer attempt=1 time=25.667µs
2026-05-25T10:57:35.258410Z	info	sync complete	name=istiod analyzer attempt=1 time=27.083µs
2026-05-25T10:57:59.295898Z	info	delta	ADS: "10.10.0.68:35994" client-56b675d94f-k4wvp.client-c0-104 terminated
2026-05-25T10:58:00.731127Z	info	sync complete	name=istiod analyzer attempt=1 time=27.125µs
2026-05-25T10:58:11.481132Z	info	ads	Push debounce stable[118] 1 for config ConfigMap/client-c0/kube-root-ca.crt: 101.036416ms since last change, 101.036375ms since last push, full=false
2026-05-25T10:58:11.481208Z	info	ads	XDS: Incremental Pushing ConnectedEndpoints:0 Version:2026-05-25T10:57:09Z/89
2026-05-25T10:58:12.395739Z	info	sync complete	name=istiod analyzer attempt=1 time=29.625µs
2026-05-25T11:01:48.207931Z	info	sync complete	name=istiod analyzer attempt=1 time=48.333µs
2026-05-25T11:03:13.774604Z	info	ads	Push debounce stable[119] 2 for config DestinationRule/xcp-multicluster/global-drinternal-backend-backend-c1-svc-cluster-local and 1 more configs: 100.471375ms since last change, 101.970208ms since last push, full=true
2026-05-25T11:03:13.775025Z	info	ads	XDS: Pushing Services:13 ConnectedEndpoints:0 Version:2026-05-25T11:03:13Z/90
2026-05-25T11:03:14.674336Z	info	sync complete	name=istiod analyzer attempt=1 time=50.583µs
2026-05-25T11:06:53.446625Z	info	sync complete	name=istiod analyzer attempt=1 time=50.708µs
2026-05-25T11:11:59.827589Z	info	sync complete	name=istiod analyzer attempt=1 time=37.916µs
2026-05-25T11:17:05.425504Z	info	sync complete	name=istiod analyzer attempt=1 time=85.334µs
2026-05-25T11:22:10.564361Z	info	sync complete	name=istiod analyzer attempt=1 time=54.875µs
2026-05-25T11:27:16.695794Z	info	sync complete	name=istiod analyzer attempt=1 time=65.542µs
2026-05-25T11:32:22.683869Z	info	sync complete	name=istiod analyzer attempt=1 time=82.791µs
2026-05-25T11:37:28.973139Z	info	sync complete	name=istiod analyzer attempt=1 time=143.916µs
2026-05-25T11:42:34.908225Z	info	sync complete	name=istiod analyzer attempt=1 time=63.5µs
2026-05-25T11:47:42.709309Z	info	sync complete	name=istiod analyzer attempt=1 time=93.042µs
2026-05-25T11:52:47.012188Z	info	sync complete	name=istiod analyzer attempt=1 time=99.292µs
2026-05-25T11:57:53.197279Z	info	sync complete	name=istiod analyzer attempt=1 time=121.333µs
2026-05-25T12:02:58.850540Z	info	sync complete	name=istiod analyzer attempt=1 time=119.875µs
2026-05-25T12:08:05.172654Z	info	sync complete	name=istiod analyzer attempt=1 time=59.916µs
2026-05-25T12:13:11.094645Z	info	sync complete	name=istiod analyzer attempt=1 time=80.417µs
2026-05-25T12:18:17.091953Z	info	sync complete	name=istiod analyzer attempt=1 time=160.333µs
2026-05-25T12:23:23.600077Z	info	sync complete	name=istiod analyzer attempt=1 time=116.417µs
2026-05-25T12:28:30.634270Z	info	sync complete	name=istiod analyzer attempt=1 time=785.959µs
2026-05-25T13:14:29.211509Z	info	sync complete	name=istiod analyzer attempt=1 time=132.5µs
2026-05-25T18:34:42.572982Z	info	sync complete	name=istiod analyzer attempt=1 time=341.75µs
2026-05-25T18:46:42.528091Z	info	sync complete	name=istiod analyzer attempt=1 time=133.417µs
2026-05-25T19:13:25.750994Z	info	sync complete	name=istiod analyzer attempt=1 time=99.708µs
2026-05-25T19:32:21.806047Z	info	sync complete	name=istiod analyzer attempt=1 time=89.333µs
2026-05-25T19:58:06.740359Z	info	sync complete	name=istiod analyzer attempt=1 time=185.292µs
2026-05-25T20:27:43.076633Z	info	sync complete	name=istiod analyzer attempt=1 time=67.791µs
2026-05-25T20:53:07.958264Z	info	sync complete	name=istiod analyzer attempt=1 time=102.458µs
2026-05-25T21:23:16.038056Z	info	sync complete	name=istiod analyzer attempt=1 time=107.875µs
2026-05-25T21:57:49.838909Z	info	sync complete	name=istiod analyzer attempt=1 time=152.25µs
2026-05-25T22:18:13.482617Z	info	sync complete	name=istiod analyzer attempt=1 time=101.791µs
2026-05-25T22:43:06.044993Z	info	sync complete	name=istiod analyzer attempt=1 time=145.875µs
2026-05-25T23:12:46.728043Z	info	sync complete	name=istiod analyzer attempt=1 time=58.083µs
2026-05-25T23:38:56.770977Z	info	sync complete	name=istiod analyzer attempt=1 time=51.042µs
2026-05-26T00:07:20.672901Z	info	sync complete	name=istiod analyzer attempt=1 time=26.75µs
2026-05-26T00:24:24.583063Z	info	sync complete	name=istiod analyzer attempt=1 time=55.542µs
2026-05-26T00:53:04.535512Z	info	sync complete	name=istiod analyzer attempt=1 time=23.334µs
2026-05-26T01:22:46.650426Z	info	sync complete	name=istiod analyzer attempt=1 time=25.125µs
2026-05-26T01:53:09.658292Z	info	sync complete	name=istiod analyzer attempt=1 time=25.667µs
2026-05-26T02:27:29.759654Z	info	sync complete	name=istiod analyzer attempt=1 time=23.958µs
2026-05-26T02:52:14.551763Z	info	sync complete	name=istiod analyzer attempt=1 time=56.709µs
2026-05-26T03:15:16.198064Z	info	sync complete	name=istiod analyzer attempt=1 time=24.417µs
2026-05-26T03:20:22.020003Z	info	sync complete	name=istiod analyzer attempt=1 time=22.75µs
2026-05-26T03:25:28.731122Z	info	sync complete	name=istiod analyzer attempt=1 time=23.833µs
2026-05-26T03:30:36.368248Z	info	sync complete	name=istiod analyzer attempt=1 time=28.375µs
2026-05-26T03:35:41.915581Z	info	sync complete	name=istiod analyzer attempt=1 time=24.75µs
2026-05-26T03:40:48.021527Z	info	sync complete	name=istiod analyzer attempt=1 time=33.5µs
2026-05-26T03:47:49.142943Z	info	sync complete	name=istiod analyzer attempt=1 time=28.5µs
2026-05-26T03:54:47.751825Z	info	sync complete	name=istiod analyzer attempt=1 time=31.667µs
2026-05-26T03:59:53.366092Z	info	sync complete	name=istiod analyzer attempt=1 time=24.208µs
2026-05-26T04:04:59.743476Z	info	sync complete	name=istiod analyzer attempt=1 time=24.375µs
2026-05-26T04:10:06.336914Z	info	sync complete	name=istiod analyzer attempt=1 time=48.667µs
2026-05-26T04:15:11.522251Z	info	sync complete	name=istiod analyzer attempt=1 time=37.5µs
2026-05-26T04:20:18.127056Z	info	sync complete	name=istiod analyzer attempt=1 time=25.084µs
2026-05-26T04:25:24.493471Z	info	sync complete	name=istiod analyzer attempt=1 time=36.375µs
2026-05-26T04:30:30.992078Z	info	sync complete	name=istiod analyzer attempt=1 time=28.625µs
2026-05-26T04:35:36.873666Z	info	sync complete	name=istiod analyzer attempt=1 time=24.5µs
2026-05-26T04:40:43.212290Z	info	sync complete	name=istiod analyzer attempt=1 time=24.791µs
2026-05-26T04:45:48.770309Z	info	sync complete	name=istiod analyzer attempt=1 time=25.583µs
2026-05-26T04:50:55.473244Z	info	sync complete	name=istiod analyzer attempt=1 time=28.583µs
2026-05-26T04:56:03.527598Z	info	sync complete	name=istiod analyzer attempt=1 time=51.375µs
2026-05-26T05:18:00.083584Z	info	sync complete	name=istiod analyzer attempt=1 time=25.125µs
2026-05-26T05:23:05.793626Z	info	sync complete	name=istiod analyzer attempt=1 time=25µs
2026-05-26T05:28:12.186913Z	info	sync complete	name=istiod analyzer attempt=1 time=82.834µs
2026-05-26T05:33:17.093835Z	info	sync complete	name=istiod analyzer attempt=1 time=37.792µs
2026-05-26T05:38:22.590466Z	info	sync complete	name=istiod analyzer attempt=1 time=61.625µs
2026-05-26T05:43:28.627616Z	info	sync complete	name=istiod analyzer attempt=1 time=30.5µs
2026-05-26T05:48:34.864608Z	info	sync complete	name=istiod analyzer attempt=1 time=30.542µs
2026-05-26T05:53:41.486167Z	info	sync complete	name=istiod analyzer attempt=1 time=32.042µs
2026-05-26T05:58:47.534619Z	info	sync complete	name=istiod analyzer attempt=1 time=24.292µs
2026-05-26T06:03:53.585262Z	info	sync complete	name=istiod analyzer attempt=1 time=31.667µs
2026-05-26T06:09:00.665178Z	info	sync complete	name=istiod analyzer attempt=1 time=82µs
2026-05-26T06:14:07.148068Z	info	sync complete	name=istiod analyzer attempt=1 time=76.875µs
2026-05-26T06:19:12.774900Z	info	sync complete	name=istiod analyzer attempt=1 time=25.5µs
2026-05-26T06:24:18.605707Z	info	sync complete	name=istiod analyzer attempt=1 time=36.041µs
2026-05-26T06:29:24.853846Z	info	sync complete	name=istiod analyzer attempt=1 time=25.917µs
2026-05-26T06:34:31.034418Z	info	sync complete	name=istiod analyzer attempt=1 time=30.917µs
2026-05-26T06:39:36.056268Z	info	sync complete	name=istiod analyzer attempt=1 time=25.75µs
2026-05-26T06:44:42.220489Z	info	sync complete	name=istiod analyzer attempt=1 time=30.375µs
2026-05-26T06:49:47.505572Z	info	sync complete	name=istiod analyzer attempt=1 time=36.208µs
2026-05-26T06:54:53.126970Z	info	sync complete	name=istiod analyzer attempt=1 time=45.833µs
2026-05-26T06:59:58.969901Z	info	sync complete	name=istiod analyzer attempt=1 time=44.667µs
2026-05-26T07:05:04.516076Z	info	sync complete	name=istiod analyzer attempt=1 time=46.583µs
2026-05-26T07:10:11.166739Z	info	sync complete	name=istiod analyzer attempt=1 time=24.459µs
2026-05-26T07:15:16.918533Z	info	sync complete	name=istiod analyzer attempt=1 time=61.458µs
2026-05-26T07:20:22.913423Z	info	sync complete	name=istiod analyzer attempt=1 time=47.625µs
2026-05-26T07:25:29.305708Z	info	sync complete	name=istiod analyzer attempt=1 time=22.667µs
2026-05-26T07:30:35.754261Z	info	sync complete	name=istiod analyzer attempt=1 time=39µs
2026-05-26T07:35:41.505412Z	info	sync complete	name=istiod analyzer attempt=1 time=25.833µs
2026-05-26T07:40:47.647928Z	info	sync complete	name=istiod analyzer attempt=1 time=24.083µs
2026-05-26T07:50:22.814264Z	info	sync complete	name=istiod analyzer attempt=1 time=25.042µs
2026-05-26T07:55:27.458089Z	info	sync complete	name=istiod analyzer attempt=1 time=25.625µs
2026-05-26T08:00:33.330218Z	info	sync complete	name=istiod analyzer attempt=1 time=31µs
2026-05-26T08:05:38.926154Z	info	sync complete	name=istiod analyzer attempt=1 time=38.375µs
2026-05-26T08:10:45.636685Z	info	sync complete	name=istiod analyzer attempt=1 time=39.084µs
2026-05-26T08:15:51.837571Z	info	sync complete	name=istiod analyzer attempt=1 time=26.75µs
2026-05-26T08:20:58.355685Z	info	sync complete	name=istiod analyzer attempt=1 time=40.791µs
2026-05-26T08:26:04.775735Z	info	sync complete	name=istiod analyzer attempt=1 time=26µs
2026-05-26T08:31:11.609989Z	info	sync complete	name=istiod analyzer attempt=1 time=33.875µs
2026-05-26T08:36:17.091148Z	info	sync complete	name=istiod analyzer attempt=1 time=24µs
2026-05-26T08:41:22.509465Z	info	sync complete	name=istiod analyzer attempt=1 time=39.292µs
2026-05-26T08:46:27.882522Z	info	sync complete	name=istiod analyzer attempt=1 time=26.25µs
2026-05-26T08:51:34.825377Z	info	sync complete	name=istiod analyzer attempt=1 time=29.167µs
2026-05-26T09:02:14.866997Z	info	sync complete	name=istiod analyzer attempt=1 time=30.583µs
2026-05-26T09:08:18.026641Z	info	sync complete	name=istiod analyzer attempt=1 time=27.75µs
2026-05-26T09:28:06.914374Z	info	sync complete	name=istiod analyzer attempt=1 time=54.25µs
2026-05-26T09:58:30.669507Z	info	sync complete	name=istiod analyzer attempt=1 time=37.791µs
2026-05-26T10:28:39.399283Z	info	sync complete	name=istiod analyzer attempt=1 time=34.917µs
2026-05-26T10:48:05.559010Z	info	sync complete	name=istiod analyzer attempt=1 time=28.167µs
2026-05-26T11:13:57.886799Z	info	sync complete	name=istiod analyzer attempt=1 time=23.25µs
2026-05-26T11:48:04.458406Z	info	sync complete	name=istiod analyzer attempt=1 time=55.833µs
2026-05-26T12:13:15.797123Z	info	sync complete	name=istiod analyzer attempt=1 time=25.542µs
2026-05-26T12:36:19.009335Z	info	sync complete	name=istiod analyzer attempt=1 time=61.292µs
2026-05-26T12:41:23.937333Z	info	sync complete	name=istiod analyzer attempt=1 time=24.834µs
2026-05-26T12:46:29.694086Z	info	sync complete	name=istiod analyzer attempt=1 time=57.625µs
2026-05-26T13:03:41.349958Z	info	sync complete	name=istiod analyzer attempt=1 time=30.875µs
2026-05-26T13:23:06.608710Z	info	sync complete	name=istiod analyzer attempt=1 time=26.167µs
2026-05-26T13:48:14.421071Z	info	sync complete	name=istiod analyzer attempt=1 time=74.625µs
2026-05-26T14:09:22.012694Z	info	sync complete	name=istiod analyzer attempt=1 time=112.25µs
2026-05-26T14:34:33.494087Z	info	sync complete	name=istiod analyzer attempt=1 time=27.917µs
2026-05-26T15:03:19.631614Z	info	sync complete	name=istiod analyzer attempt=1 time=63.417µs
2026-05-26T15:25:51.389881Z	info	sync complete	name=istiod analyzer attempt=1 time=33.583µs
2026-05-26T15:53:43.393107Z	info	sync complete	name=istiod analyzer attempt=1 time=28.541µs
2026-05-26T16:06:03.143908Z	info	sync complete	name=istiod analyzer attempt=1 time=38.167µs
2026-05-26T16:11:09.675385Z	info	sync complete	name=istiod analyzer attempt=1 time=22.667µs
2026-05-26T16:16:15.287221Z	info	sync complete	name=istiod analyzer attempt=1 time=24.083µs
2026-05-26T16:21:21.878961Z	info	sync complete	name=istiod analyzer attempt=1 time=23.417µs
2026-05-26T16:26:27.045789Z	info	sync complete	name=istiod analyzer attempt=1 time=38.375µs
2026-05-26T16:31:33.426923Z	info	sync complete	name=istiod analyzer attempt=1 time=29.667µs
2026-05-26T16:36:39.277315Z	info	sync complete	name=istiod analyzer attempt=1 time=25.583µs
2026-05-26T16:41:44.785693Z	info	sync complete	name=istiod analyzer attempt=1 time=23.542µs
2026-05-26T16:46:51.170086Z	info	sync complete	name=istiod analyzer attempt=1 time=23µs
2026-05-26T16:51:57.077858Z	info	sync complete	name=istiod analyzer attempt=1 time=28.417µs
2026-05-26T16:57:03.421226Z	info	sync complete	name=istiod analyzer attempt=1 time=22.958µs
2026-05-26T17:02:09.824325Z	info	sync complete	name=istiod analyzer attempt=1 time=37.458µs
2026-05-26T17:07:16.401168Z	info	sync complete	name=istiod analyzer attempt=1 time=28.208µs
2026-05-26T17:12:22.156449Z	info	sync complete	name=istiod analyzer attempt=1 time=25.667µs
2026-05-26T17:17:28.181306Z	info	sync complete	name=istiod analyzer attempt=1 time=27.166µs
2026-05-26T17:22:34.521815Z	info	sync complete	name=istiod analyzer attempt=1 time=31.125µs
2026-05-26T17:27:39.756823Z	info	sync complete	name=istiod analyzer attempt=1 time=26.333µs
2026-05-26T17:32:45.081270Z	info	sync complete	name=istiod analyzer attempt=1 time=33.792µs
2026-05-26T17:37:51.658050Z	info	sync complete	name=istiod analyzer attempt=1 time=28.166µs
2026-05-26T17:42:57.406955Z	info	sync complete	name=istiod analyzer attempt=1 time=27.917µs
2026-05-26T17:48:03.331857Z	info	sync complete	name=istiod analyzer attempt=1 time=28.667µs
2026-05-26T17:53:09.850057Z	info	sync complete	name=istiod analyzer attempt=1 time=24.709µs
2026-05-26T17:58:15.165943Z	info	sync complete	name=istiod analyzer attempt=1 time=29.417µs
2026-05-26T18:03:20.866162Z	info	sync complete	name=istiod analyzer attempt=1 time=39.042µs
2026-05-26T18:08:26.205249Z	info	sync complete	name=istiod analyzer attempt=1 time=39µs
2026-05-26T18:13:31.855601Z	info	sync complete	name=istiod analyzer attempt=1 time=92.083µs
2026-05-26T18:18:38.688194Z	info	sync complete	name=istiod analyzer attempt=1 time=28.041µs
2026-05-26T18:23:44.782415Z	info	sync complete	name=istiod analyzer attempt=1 time=31.083µs
2026-05-26T18:28:50.625560Z	info	sync complete	name=istiod analyzer attempt=1 time=35.958µs
2026-05-26T18:33:57.009900Z	info	sync complete	name=istiod analyzer attempt=1 time=24.75µs
2026-05-26T18:39:03.627154Z	info	sync complete	name=istiod analyzer attempt=1 time=24.166µs
2026-05-26T18:44:09.159891Z	info	sync complete	name=istiod analyzer attempt=1 time=26.416µs
2026-05-26T18:49:15.418112Z	info	sync complete	name=istiod analyzer attempt=1 time=27.875µs
2026-05-26T18:54:21.404053Z	info	sync complete	name=istiod analyzer attempt=1 time=28.875µs
2026-05-26T18:59:27.274930Z	info	sync complete	name=istiod analyzer attempt=1 time=24.25µs
2026-05-26T19:04:34.300567Z	info	sync complete	name=istiod analyzer attempt=1 time=33.375µs
2026-05-26T19:09:40.459991Z	info	sync complete	name=istiod analyzer attempt=1 time=26.875µs
2026-05-26T19:14:46.306341Z	info	sync complete	name=istiod analyzer attempt=1 time=25.125µs
2026-05-26T19:19:53.373535Z	info	sync complete	name=istiod analyzer attempt=1 time=39.75µs
2026-05-26T19:24:59.164811Z	info	sync complete	name=istiod analyzer attempt=1 time=49.583µs
2026-05-26T19:30:04.646818Z	info	sync complete	name=istiod analyzer attempt=1 time=27.792µs
2026-05-26T19:35:10.347182Z	info	sync complete	name=istiod analyzer attempt=1 time=37.583µs
2026-05-26T19:40:15.191006Z	info	sync complete	name=istiod analyzer attempt=1 time=27.833µs
2026-05-26T19:53:53.293784Z	info	sync complete	name=istiod analyzer attempt=1 time=22.959µs
2026-05-26T20:09:20.615156Z	info	sync complete	name=istiod analyzer attempt=1 time=28.459µs
2026-05-26T20:28:55.369990Z	info	sync complete	name=istiod analyzer attempt=1 time=33.167µs
2026-05-26T20:44:04.318917Z	info	sync complete	name=istiod analyzer attempt=1 time=26.583µs
2026-05-26T21:03:30.927665Z	info	sync complete	name=istiod analyzer attempt=1 time=26.084µs
2026-05-26T21:25:07.447127Z	info	sync complete	name=istiod analyzer attempt=1 time=24.375µs
2026-05-26T21:48:56.771775Z	info	sync complete	name=istiod analyzer attempt=1 time=26.125µs
2026-05-26T22:19:09.829557Z	info	sync complete	name=istiod analyzer attempt=1 time=38.791µs
2026-05-26T22:53:47.415724Z	info	sync complete	name=istiod analyzer attempt=1 time=21.5µs
2026-05-26T23:24:02.897202Z	info	sync complete	name=istiod analyzer attempt=1 time=25.75µs
2026-05-26T23:50:15.352962Z	info	sync complete	name=istiod analyzer attempt=1 time=123.333µs
2026-05-26T23:55:21.378596Z	info	sync complete	name=istiod analyzer attempt=1 time=23.75µs
2026-05-27T00:00:27.143503Z	info	sync complete	name=istiod analyzer attempt=1 time=29.958µs
2026-05-27T00:05:32.513993Z	info	sync complete	name=istiod analyzer attempt=1 time=37.583µs
2026-05-27T00:10:37.437647Z	info	sync complete	name=istiod analyzer attempt=1 time=27.25µs
2026-05-27T00:15:44.373976Z	info	sync complete	name=istiod analyzer attempt=1 time=31.084µs
2026-05-27T00:20:51.057047Z	info	sync complete	name=istiod analyzer attempt=1 time=25.833µs
2026-05-27T00:25:57.416360Z	info	sync complete	name=istiod analyzer attempt=1 time=25.208µs
2026-05-27T00:31:03.287199Z	info	sync complete	name=istiod analyzer attempt=1 time=24.917µs
2026-05-27T00:36:09.513490Z	info	sync complete	name=istiod analyzer attempt=1 time=26.042µs
2026-05-27T00:41:16.241425Z	info	sync complete	name=istiod analyzer attempt=1 time=24.5µs
2026-05-27T00:46:22.530795Z	info	sync complete	name=istiod analyzer attempt=1 time=27.208µs
2026-05-27T00:51:28.215899Z	info	sync complete	name=istiod analyzer attempt=1 time=23.333µs
2026-05-27T01:24:45.797610Z	info	sync complete	name=istiod analyzer attempt=1 time=29.459µs
2026-05-27T01:54:19.294829Z	info	sync complete	name=istiod analyzer attempt=1 time=29.417µs
2026-05-27T02:24:06.650090Z	info	sync complete	name=istiod analyzer attempt=1 time=39.125µs
2026-05-27T02:52:22.024161Z	info	sync complete	name=istiod analyzer attempt=1 time=23.167µs
2026-05-27T03:11:18.164429Z	info	sync complete	name=istiod analyzer attempt=1 time=70.791µs
2026-05-27T03:43:34.652947Z	info	sync complete	name=istiod analyzer attempt=1 time=28.542µs
2026-05-27T04:09:19.761796Z	info	sync complete	name=istiod analyzer attempt=1 time=24.583µs
2026-05-27T04:18:56.575207Z	info	sync complete	name=istiod analyzer attempt=1 time=25.834µs
2026-05-27T04:24:03.800557Z	info	sync complete	name=istiod analyzer attempt=1 time=26.125µs
2026-05-27T04:29:10.068483Z	info	sync complete	name=istiod analyzer attempt=1 time=25.834µs
2026-05-27T04:34:16.426707Z	info	sync complete	name=istiod analyzer attempt=1 time=24.375µs
2026-05-27T04:39:22.314684Z	info	sync complete	name=istiod analyzer attempt=1 time=25.917µs
2026-05-27T04:44:28.055272Z	info	sync complete	name=istiod analyzer attempt=1 time=23.541µs
2026-05-27T04:49:34.144242Z	info	sync complete	name=istiod analyzer attempt=1 time=28.416µs
2026-05-27T04:54:39.638134Z	info	sync complete	name=istiod analyzer attempt=1 time=29.625µs
2026-05-27T04:59:46.376711Z	info	sync complete	name=istiod analyzer attempt=1 time=51.459µs
2026-05-27T05:04:52.853195Z	info	sync complete	name=istiod analyzer attempt=1 time=25.917µs
2026-05-27T05:09:57.848521Z	info	sync complete	name=istiod analyzer attempt=1 time=32.75µs
2026-05-27T05:15:03.329526Z	info	sync complete	name=istiod analyzer attempt=1 time=123.791µs
2026-05-27T05:20:09.384419Z	info	sync complete	name=istiod analyzer attempt=1 time=41.875µs
2026-05-27T05:25:15.007994Z	info	sync complete	name=istiod analyzer attempt=1 time=40.041µs
2026-05-27T05:30:21.633695Z	info	sync complete	name=istiod analyzer attempt=1 time=23.292µs
2026-05-27T05:35:27.335838Z	info	sync complete	name=istiod analyzer attempt=1 time=36.292µs
2026-05-27T05:40:32.426786Z	info	sync complete	name=istiod analyzer attempt=1 time=28.5µs
2026-05-27T05:45:37.998814Z	info	sync complete	name=istiod analyzer attempt=1 time=44.167µs
2026-05-27T05:50:44.027352Z	info	sync complete	name=istiod analyzer attempt=1 time=39.333µs
2026-05-27T05:55:50.426337Z	info	sync complete	name=istiod analyzer attempt=1 time=31.083µs
2026-05-27T06:00:56.656478Z	info	sync complete	name=istiod analyzer attempt=1 time=26.375µs
2026-05-27T06:06:02.792831Z	info	sync complete	name=istiod analyzer attempt=1 time=25µs
2026-05-27T06:11:08.721185Z	info	sync complete	name=istiod analyzer attempt=1 time=34.917µs
2026-05-27T06:16:15.034512Z	info	sync complete	name=istiod analyzer attempt=1 time=47.25µs
2026-05-27T06:21:20.429769Z	info	sync complete	name=istiod analyzer attempt=1 time=26.375µs
2026-05-27T06:26:27.833572Z	info	sync complete	name=istiod analyzer attempt=1 time=41.375µs
2026-05-27T06:31:34.181424Z	info	sync complete	name=istiod analyzer attempt=1 time=47.167µs
2026-05-27T06:36:40.869890Z	info	sync complete	name=istiod analyzer attempt=1 time=23.708µs
2026-05-27T06:41:47.156532Z	info	sync complete	name=istiod analyzer attempt=1 time=25.958µs
2026-05-27T06:46:53.479119Z	info	sync complete	name=istiod analyzer attempt=1 time=34.75µs
2026-05-27T06:51:59.539635Z	info	sync complete	name=istiod analyzer attempt=1 time=226.875µs
2026-05-27T06:57:05.621417Z	info	sync complete	name=istiod analyzer attempt=1 time=85µs
2026-05-27T07:02:11.028431Z	info	sync complete	name=istiod analyzer attempt=1 time=127.5µs
2026-05-27T07:04:19.554120Z	info	ads	Push debounce stable[120] 3 for config Secret/xcp-system/istio-intermediate-ca-cluster-2-bmc77 and 1 more configs: 101.160083ms since last change, 141.425625ms since last push, full=false
2026-05-27T07:04:19.554364Z	info	ads	XDS: Incremental Pushing ConnectedEndpoints:0 Version:2026-05-25T11:03:13Z/90
2026-05-27T07:04:20.453464Z	info	sync complete	name=istiod analyzer attempt=1 time=102.292µs
2026-05-27T07:07:18.159351Z	info	sync complete	name=istiod analyzer attempt=1 time=175.666µs
2026-05-27T07:12:24.387297Z	info	sync complete	name=istiod analyzer attempt=1 time=114.042µs
2026-05-27T07:17:30.412116Z	info	sync complete	name=istiod analyzer attempt=1 time=70.25µs
2026-05-27T07:22:37.001385Z	info	sync complete	name=istiod analyzer attempt=1 time=64.292µs
2026-05-27T07:27:42.750700Z	info	sync complete	name=istiod analyzer attempt=1 time=142.041µs
2026-05-27T07:32:48.999170Z	info	sync complete	name=istiod analyzer attempt=1 time=85.292µs
2026-05-27T07:37:55.827713Z	info	sync complete	name=istiod analyzer attempt=1 time=123.5µs
2026-05-27T07:43:01.494669Z	info	sync complete	name=istiod analyzer attempt=1 time=78.167µs
2026-05-27T07:48:07.990924Z	info	sync complete	name=istiod analyzer attempt=1 time=103µs
2026-05-27T07:53:14.517200Z	info	sync complete	name=istiod analyzer attempt=1 time=52.916µs
2026-05-27T07:58:20.987448Z	info	sync complete	name=istiod analyzer attempt=1 time=122.167µs
2026-05-27T08:03:27.547365Z	info	sync complete	name=istiod analyzer attempt=1 time=81.834µs
2026-05-27T08:08:32.832092Z	info	sync complete	name=istiod analyzer attempt=1 time=68.958µs
2026-05-27T08:13:38.412034Z	info	sync complete	name=istiod analyzer attempt=1 time=65.5µs
2026-05-27T08:17:51.880264Z	info	ads	Push debounce stable[121] 1 for config ConfigMap/tier1-tr/kube-root-ca.crt: 101.669125ms since last change, 101.669084ms since last push, full=false
2026-05-27T08:17:51.880554Z	info	ads	XDS: Incremental Pushing ConnectedEndpoints:0 Version:2026-05-25T11:03:13Z/90
2026-05-27T08:17:52.061352Z	info	ads	Push debounce stable[122] 3 for config Secret/tier1-tr/transit-edge-tls-smtbd and 1 more configs: 100.753125ms since last change, 161.320667ms since last push, full=false
2026-05-27T08:17:52.061412Z	info	ads	XDS: Incremental Pushing ConnectedEndpoints:0 Version:2026-05-25T11:03:13Z/90
2026-05-27T08:17:52.145144Z	info	model	reloading network gateways
2026-05-27T08:17:52.145215Z	info	model	gateways changed, triggering push
2026-05-27T08:17:52.167429Z	info	model	Incremental push, service tier1-tr-entry-gateway.tier1-tr.svc.cluster.local at shard Kubernetes/cluster-0 has no endpoints
2026-05-27T08:17:52.171577Z	info	Process sidecar injection request	path=/inject pod=tier1-tr/tier1-tr-entry-gateway-d5ff5c776-***** (actual name not yet known)
2026-05-27T08:17:52.268313Z	info	ads	Push debounce stable[123] 5 for config ServiceEntry/tier1-tr/tier1-tr-entry-gateway.tier1-tr.svc.cluster.local: 100.830542ms since last change, 127.382417ms since last push, full=true
2026-05-27T08:17:52.270732Z	info	ads	XDS: Pushing Services:14 ConnectedEndpoints:0 Version:2026-05-27T08:17:52Z/91
2026-05-27T08:17:52.760064Z	info	delta	ADS: new delta connection for node:tier1-tr-entry-gateway-d5ff5c776-hxmgn.tier1-tr-105
2026-05-27T08:17:52.760241Z	info	delta	CDS: PUSH request for node:tier1-tr-entry-gateway-d5ff5c776-hxmgn.tier1-tr resources:1 removed:0 size:50B
2026-05-27T08:17:52.763799Z	info	delta	LDS: PUSH request for node:tier1-tr-entry-gateway-d5ff5c776-hxmgn.tier1-tr resources:0 removed:0 size:0B
2026-05-27T08:17:53.207505Z	info	sync complete	name=istiod analyzer attempt=1 time=55.458µs
2026-05-27T08:17:53.504453Z	info	model	Full push, new service tier1-tr/tier1-tr-entry-gateway.tier1-tr.svc.cluster.local
2026-05-27T08:17:53.507953Z	info	delta	CDS: PUSH for node:tier1-tr-entry-gateway-d5ff5c776-hxmgn.tier1-tr resources:1 removed:0 size:50B
2026-05-27T08:17:53.508001Z	info	delta	LDS: PUSH for node:tier1-tr-entry-gateway-d5ff5c776-hxmgn.tier1-tr resources:0 removed:0 size:0B
2026-05-27T08:17:53.612466Z	info	ads	Push debounce stable[124] 2 for config ServiceEntry/tier1-tr/tier1-tr-entry-gateway.tier1-tr.svc.cluster.local: 100.173667ms since last change, 107.966125ms since last push, full=true
2026-05-27T08:17:53.612674Z	info	ads	XDS: Pushing Services:14 ConnectedEndpoints:1 Version:2026-05-27T08:17:53Z/92
2026-05-27T08:17:53.612820Z	info	delta	CDS: PUSH for node:tier1-tr-entry-gateway-d5ff5c776-hxmgn.tier1-tr resources:1 removed:0 size:50B
2026-05-27T08:17:53.612845Z	info	delta	LDS: PUSH for node:tier1-tr-entry-gateway-d5ff5c776-hxmgn.tier1-tr resources:0 removed:0 size:0B
2026-05-27T08:17:54.516465Z	info	sync complete	name=istiod analyzer attempt=1 time=36.167µs
2026-05-27T08:18:44.842330Z	info	sync complete	name=istiod analyzer attempt=1 time=68.5µs
2026-05-27T08:18:50.194335Z	info	ads	Push debounce stable[125] 8 for config AuthorizationPolicy/tier1-tr/allow and 7 more configs: 100.452459ms since last change, 107.281333ms since last push, full=true
2026-05-27T08:18:50.195734Z	info	ads	XDS: Pushing Services:14 ConnectedEndpoints:1 Version:2026-05-27T08:18:50Z/93
2026-05-27T08:18:50.196124Z	info	delta	CDS: PUSH for node:tier1-tr-entry-gateway-d5ff5c776-hxmgn.tier1-tr resources:1 removed:0 size:72B
2026-05-27T08:18:50.196580Z	info	delta	LDS: PUSH for node:tier1-tr-entry-gateway-d5ff5c776-hxmgn.tier1-tr resources:1 removed:0 size:4.8kB
2026-05-27T08:18:50.207262Z	info	delta	RDS: PUSH request for node:tier1-tr-entry-gateway-d5ff5c776-hxmgn.tier1-tr resources:1 removed:0 size:784B cached:0/0 filtered:0
2026-05-27T08:18:50.211344Z	info	delta	SDS: PUSH request for node:tier1-tr-entry-gateway-d5ff5c776-hxmgn.tier1-tr resources:1 removed:0 size:2.8kB cached:0/1 filtered:0
2026-05-27T08:18:51.094263Z	info	sync complete	name=istiod analyzer attempt=1 time=24.625µs
2026-05-27T08:18:51.148990Z	info	model	Cache Update, new service xcp-multicluster/transit.tetrate.io
2026-05-27T08:18:51.255125Z	info	ads	Push debounce stable[126] 8 for config ServiceEntry/xcp-multicluster/transit.tetrate.io and 6 more configs: 100.866209ms since last change, 144.412917ms since last push, full=true
2026-05-27T08:18:51.255870Z	info	ads	XDS: Pushing Services:15 ConnectedEndpoints:1 Version:2026-05-27T08:18:51Z/94
2026-05-27T08:18:51.256179Z	info	delta	CDS: PUSH for node:tier1-tr-entry-gateway-d5ff5c776-hxmgn.tier1-tr resources:3 removed:0 size:2.6kB cached:0/2
2026-05-27T08:18:51.256406Z	info	delta	LDS: PUSH for node:tier1-tr-entry-gateway-d5ff5c776-hxmgn.tier1-tr resources:1 removed:0 size:4.8kB
2026-05-27T08:18:51.256521Z	info	delta	RDS: PUSH for node:tier1-tr-entry-gateway-d5ff5c776-hxmgn.tier1-tr resources:1 removed:0 size:784B cached:0/0
2026-05-27T08:18:51.259654Z	info	delta	EDS: PUSH request for node:tier1-tr-entry-gateway-d5ff5c776-hxmgn.tier1-tr resources:2 removed:0 size:336B empty:0 cached:0/2 filtered:0
2026-05-27T08:18:52.156101Z	info	sync complete	name=istiod analyzer attempt=1 time=33.791µs
2026-05-27T08:18:52.277253Z	info	ads	Push debounce stable[127] 2 for config DestinationRule/tier1-tr/tier1-tier1-tr-entry-gwtransit-tetrate-io and 1 more configs: 100.506958ms since last change, 105.034542ms since last push, full=true
2026-05-27T08:18:52.277460Z	info	ads	XDS: Pushing Services:15 ConnectedEndpoints:1 Version:2026-05-27T08:18:52Z/95
2026-05-27T08:18:52.277681Z	info	delta	CDS: PUSH for node:tier1-tr-entry-gateway-d5ff5c776-hxmgn.tier1-tr resources:3 removed:0 size:2.6kB cached:0/2
2026-05-27T08:18:52.277742Z	info	delta	EDS: PUSH for node:tier1-tr-entry-gateway-d5ff5c776-hxmgn.tier1-tr resources:2 removed:0 size:336B empty:0 cached:0/2
2026-05-27T08:18:52.277986Z	info	delta	LDS: PUSH for node:tier1-tr-entry-gateway-d5ff5c776-hxmgn.tier1-tr resources:1 removed:0 size:4.8kB
2026-05-27T08:18:52.278075Z	info	delta	RDS: PUSH for node:tier1-tr-entry-gateway-d5ff5c776-hxmgn.tier1-tr resources:1 removed:0 size:784B cached:0/0
2026-05-27T08:18:53.178337Z	info	sync complete	name=istiod analyzer attempt=1 time=47.041µs
2026-05-27T08:23:49.097930Z	info	sync complete	name=istiod analyzer attempt=1 time=119.458µs
2026-05-27T08:28:55.787152Z	info	sync complete	name=istiod analyzer attempt=1 time=63.5µs
2026-05-27T08:34:01.678920Z	info	sync complete	name=istiod analyzer attempt=1 time=152.709µs
2026-05-27T08:39:08.010411Z	info	sync complete	name=istiod analyzer attempt=1 time=89.334µs
2026-05-27T08:44:13.950313Z	info	sync complete	name=istiod analyzer attempt=1 time=123.875µs
2026-05-27T08:49:08.032384Z	info	delta	ADS: "10.10.0.69:45248" tier1-tr-entry-gateway-d5ff5c776-hxmgn.tier1-tr-105 terminated
2026-05-27T08:49:08.262219Z	info	delta	ADS: new delta connection for node:tier1-tr-entry-gateway-d5ff5c776-hxmgn.tier1-tr-106
2026-05-27T08:49:08.262600Z	info	delta	CDS: PUSH request for node:tier1-tr-entry-gateway-d5ff5c776-hxmgn.tier1-tr resources:3 removed:0 size:2.6kB cached:2/2 filtered:0
2026-05-27T08:49:08.263815Z	info	delta	LDS: PUSH request for node:tier1-tr-entry-gateway-d5ff5c776-hxmgn.tier1-tr resources:1 removed:0 size:4.8kB filtered:0
2026-05-27T08:49:08.265448Z	info	delta	SDS: PUSH request for node:tier1-tr-entry-gateway-d5ff5c776-hxmgn.tier1-tr resources:1 removed:0 size:2.8kB cached:1/1 filtered:0
2026-05-27T08:49:08.265775Z	info	delta	RDS: PUSH request for node:tier1-tr-entry-gateway-d5ff5c776-hxmgn.tier1-tr resources:1 removed:0 size:784B cached:0/0 filtered:0
2026-05-27T08:49:08.265829Z	info	delta	EDS: PUSH request for node:tier1-tr-entry-gateway-d5ff5c776-hxmgn.tier1-tr resources:2 removed:0 size:336B empty:0 cached:2/2 filtered:0
2026-05-27T08:49:19.443427Z	info	sync complete	name=istiod analyzer attempt=1 time=55.417µs
2026-05-27T08:54:26.349937Z	info	sync complete	name=istiod analyzer attempt=1 time=118.584µs
2026-05-27T08:59:33.417331Z	info	sync complete	name=istiod analyzer attempt=1 time=31.209µs
2026-05-27T09:04:39.525965Z	info	sync complete	name=istiod analyzer attempt=1 time=71.833µs
2026-05-27T09:09:46.524902Z	info	sync complete	name=istiod analyzer attempt=1 time=78.625µs
2026-05-27T09:14:52.894081Z	info	sync complete	name=istiod analyzer attempt=1 time=26.042µs
2026-05-27T09:18:05.200488Z	info	delta	ADS: "10.10.0.69:43318" tier1-tr-entry-gateway-d5ff5c776-hxmgn.tier1-tr-106 terminated
2026-05-27T09:18:05.475757Z	info	delta	ADS: new delta connection for node:tier1-tr-entry-gateway-d5ff5c776-hxmgn.tier1-tr-107
2026-05-27T09:18:05.476089Z	info	delta	CDS: PUSH request for node:tier1-tr-entry-gateway-d5ff5c776-hxmgn.tier1-tr resources:3 removed:0 size:2.6kB cached:2/2 filtered:0
2026-05-27T09:18:05.477342Z	info	delta	LDS: PUSH request for node:tier1-tr-entry-gateway-d5ff5c776-hxmgn.tier1-tr resources:1 removed:0 size:4.8kB filtered:0
2026-05-27T09:18:05.478360Z	info	delta	SDS: PUSH request for node:tier1-tr-entry-gateway-d5ff5c776-hxmgn.tier1-tr resources:1 removed:0 size:2.8kB cached:1/1 filtered:0
2026-05-27T09:18:05.478537Z	info	delta	RDS: PUSH request for node:tier1-tr-entry-gateway-d5ff5c776-hxmgn.tier1-tr resources:1 removed:0 size:784B cached:0/0 filtered:0
2026-05-27T09:18:05.478575Z	info	delta	EDS: PUSH request for node:tier1-tr-entry-gateway-d5ff5c776-hxmgn.tier1-tr resources:2 removed:0 size:336B empty:0 cached:2/2 filtered:0
2026-05-27T09:19:58.699169Z	info	sync complete	name=istiod analyzer attempt=1 time=36.959µs
2026-05-27T09:25:03.874420Z	info	sync complete	name=istiod analyzer attempt=1 time=24.458µs
2026-05-27T09:30:09.937233Z	info	sync complete	name=istiod analyzer attempt=1 time=61.917µs
2026-05-27T09:35:15.095978Z	info	sync complete	name=istiod analyzer attempt=1 time=43.416µs
2026-05-27T09:40:20.706045Z	info	sync complete	name=istiod analyzer attempt=1 time=26.5µs
2026-05-27T09:45:25.948647Z	info	sync complete	name=istiod analyzer attempt=1 time=33.917µs
2026-05-27T09:47:35.742058Z	info	delta	ADS: "10.10.0.69:43486" tier1-tr-entry-gateway-d5ff5c776-hxmgn.tier1-tr-107 terminated
2026-05-27T09:47:35.830570Z	info	delta	ADS: new delta connection for node:tier1-tr-entry-gateway-d5ff5c776-hxmgn.tier1-tr-108
2026-05-27T09:47:35.831153Z	info	delta	CDS: PUSH request for node:tier1-tr-entry-gateway-d5ff5c776-hxmgn.tier1-tr resources:3 removed:0 size:2.6kB cached:2/2 filtered:0
2026-05-27T09:47:35.832349Z	info	delta	LDS: PUSH request for node:tier1-tr-entry-gateway-d5ff5c776-hxmgn.tier1-tr resources:1 removed:0 size:4.8kB filtered:0
2026-05-27T09:47:35.833853Z	info	delta	SDS: PUSH request for node:tier1-tr-entry-gateway-d5ff5c776-hxmgn.tier1-tr resources:1 removed:0 size:2.8kB cached:1/1 filtered:0
2026-05-27T09:47:35.834041Z	info	delta	RDS: PUSH request for node:tier1-tr-entry-gateway-d5ff5c776-hxmgn.tier1-tr resources:1 removed:0 size:784B cached:0/0 filtered:0
2026-05-27T09:47:35.834079Z	info	delta	EDS: PUSH request for node:tier1-tr-entry-gateway-d5ff5c776-hxmgn.tier1-tr resources:2 removed:0 size:336B empty:0 cached:2/2 filtered:0
2026-05-27T09:50:30.736605Z	info	sync complete	name=istiod analyzer attempt=1 time=38.333µs
2026-05-27T09:55:37.127146Z	info	sync complete	name=istiod analyzer attempt=1 time=26.375µs
2026-05-27T10:00:45.016593Z	info	sync complete	name=istiod analyzer attempt=1 time=27.292µs
2026-05-27T10:05:51.513456Z	info	sync complete	name=istiod analyzer attempt=1 time=26.417µs
2026-05-27T10:10:57.985254Z	info	sync complete	name=istiod analyzer attempt=1 time=33.833µs
2026-05-27T10:16:03.200032Z	info	sync complete	name=istiod analyzer attempt=1 time=95.75µs
2026-05-27T10:17:40.798687Z	info	delta	ADS: "10.10.0.69:41362" tier1-tr-entry-gateway-d5ff5c776-hxmgn.tier1-tr-108 terminated
2026-05-27T10:17:41.205255Z	info	delta	ADS: new delta connection for node:tier1-tr-entry-gateway-d5ff5c776-hxmgn.tier1-tr-109
2026-05-27T10:17:41.205503Z	info	delta	CDS: PUSH request for node:tier1-tr-entry-gateway-d5ff5c776-hxmgn.tier1-tr resources:3 removed:0 size:2.6kB cached:2/2 filtered:0
2026-05-27T10:17:41.206637Z	info	delta	LDS: PUSH request for node:tier1-tr-entry-gateway-d5ff5c776-hxmgn.tier1-tr resources:1 removed:0 size:4.8kB filtered:0
2026-05-27T10:17:41.208475Z	info	delta	SDS: PUSH request for node:tier1-tr-entry-gateway-d5ff5c776-hxmgn.tier1-tr resources:1 removed:0 size:2.8kB cached:1/1 filtered:0
2026-05-27T10:17:41.208668Z	info	delta	RDS: PUSH request for node:tier1-tr-entry-gateway-d5ff5c776-hxmgn.tier1-tr resources:1 removed:0 size:784B cached:0/0 filtered:0
2026-05-27T10:17:41.208708Z	info	delta	EDS: PUSH request for node:tier1-tr-entry-gateway-d5ff5c776-hxmgn.tier1-tr resources:2 removed:0 size:336B empty:0 cached:2/2 filtered:0
2026-05-27T10:21:09.890436Z	info	sync complete	name=istiod analyzer attempt=1 time=24.916µs
2026-05-27T10:26:15.440039Z	info	sync complete	name=istiod analyzer attempt=1 time=27.375µs
2026-05-27T10:31:21.261630Z	info	sync complete	name=istiod analyzer attempt=1 time=26.709µs
2026-05-27T10:36:27.006566Z	info	sync complete	name=istiod analyzer attempt=1 time=24.834µs
2026-05-27T10:41:32.286714Z	info	sync complete	name=istiod analyzer attempt=1 time=31.834µs
2026-05-27T10:46:37.790496Z	info	sync complete	name=istiod analyzer attempt=1 time=45.917µs
2026-05-27T10:48:14.116294Z	info	delta	ADS: "10.10.0.69:47280" tier1-tr-entry-gateway-d5ff5c776-hxmgn.tier1-tr-109 terminated
2026-05-27T10:48:14.207523Z	info	delta	ADS: new delta connection for node:tier1-tr-entry-gateway-d5ff5c776-hxmgn.tier1-tr-110
2026-05-27T10:48:14.207741Z	info	delta	CDS: PUSH request for node:tier1-tr-entry-gateway-d5ff5c776-hxmgn.tier1-tr resources:3 removed:0 size:2.6kB cached:2/2 filtered:0
2026-05-27T10:48:14.207926Z	info	delta	LDS: PUSH request for node:tier1-tr-entry-gateway-d5ff5c776-hxmgn.tier1-tr resources:1 removed:0 size:4.8kB filtered:0
2026-05-27T10:48:14.209217Z	info	delta	SDS: PUSH request for node:tier1-tr-entry-gateway-d5ff5c776-hxmgn.tier1-tr resources:1 removed:0 size:2.8kB cached:1/1 filtered:0
2026-05-27T10:48:14.209304Z	info	delta	RDS: PUSH request for node:tier1-tr-entry-gateway-d5ff5c776-hxmgn.tier1-tr resources:1 removed:0 size:784B cached:0/0 filtered:0
2026-05-27T10:48:14.209333Z	info	delta	EDS: PUSH request for node:tier1-tr-entry-gateway-d5ff5c776-hxmgn.tier1-tr resources:2 removed:0 size:336B empty:0 cached:2/2 filtered:0
2026-05-27T10:51:43.977513Z	info	sync complete	name=istiod analyzer attempt=1 time=34.667µs
2026-05-27T10:56:49.513795Z	info	sync complete	name=istiod analyzer attempt=1 time=28.708µs
2026-05-27T11:01:56.175863Z	info	sync complete	name=istiod analyzer attempt=1 time=34.75µs
2026-05-27T11:07:02.150014Z	info	sync complete	name=istiod analyzer attempt=1 time=30.875µs
2026-05-27T11:12:07.673015Z	info	sync complete	name=istiod analyzer attempt=1 time=22.75µs
2026-05-27T11:17:13.994931Z	info	sync complete	name=istiod analyzer attempt=1 time=38.333µs
2026-05-27T11:19:50.087362Z	info	delta	ADS: "10.10.0.69:52242" tier1-tr-entry-gateway-d5ff5c776-hxmgn.tier1-tr-110 terminated
2026-05-27T11:19:50.544202Z	info	delta	ADS: new delta connection for node:tier1-tr-entry-gateway-d5ff5c776-hxmgn.tier1-tr-111
2026-05-27T11:19:50.544594Z	info	delta	CDS: PUSH request for node:tier1-tr-entry-gateway-d5ff5c776-hxmgn.tier1-tr resources:3 removed:0 size:2.6kB cached:2/2 filtered:0
2026-05-27T11:19:50.545964Z	info	delta	LDS: PUSH request for node:tier1-tr-entry-gateway-d5ff5c776-hxmgn.tier1-tr resources:1 removed:0 size:4.8kB filtered:0
2026-05-27T11:19:50.547591Z	info	delta	SDS: PUSH request for node:tier1-tr-entry-gateway-d5ff5c776-hxmgn.tier1-tr resources:1 removed:0 size:2.8kB cached:1/1 filtered:0
2026-05-27T11:19:50.547834Z	info	delta	RDS: PUSH request for node:tier1-tr-entry-gateway-d5ff5c776-hxmgn.tier1-tr resources:1 removed:0 size:784B cached:0/0 filtered:0
2026-05-27T11:19:50.547882Z	info	delta	EDS: PUSH request for node:tier1-tr-entry-gateway-d5ff5c776-hxmgn.tier1-tr resources:2 removed:0 size:336B empty:0 cached:2/2 filtered:0
2026-05-27T11:22:19.189558Z	info	sync complete	name=istiod analyzer attempt=1 time=25.958µs
2026-05-27T11:27:24.537788Z	info	sync complete	name=istiod analyzer attempt=1 time=26.916µs
2026-05-27T11:32:30.763030Z	info	sync complete	name=istiod analyzer attempt=1 time=86.167µs
2026-05-27T11:37:36.192734Z	info	sync complete	name=istiod analyzer attempt=1 time=23.875µs
2026-05-27T11:42:42.001229Z	info	sync complete	name=istiod analyzer attempt=1 time=23.917µs
2026-05-27T11:47:47.613760Z	info	sync complete	name=istiod analyzer attempt=1 time=42.958µs
2026-05-27T11:48:31.154421Z	info	delta	ADS: "10.10.0.69:37844" tier1-tr-entry-gateway-d5ff5c776-hxmgn.tier1-tr-111 terminated
2026-05-27T11:48:31.507502Z	info	delta	ADS: new delta connection for node:tier1-tr-entry-gateway-d5ff5c776-hxmgn.tier1-tr-112
2026-05-27T11:48:31.507747Z	info	delta	CDS: PUSH request for node:tier1-tr-entry-gateway-d5ff5c776-hxmgn.tier1-tr resources:3 removed:0 size:2.6kB cached:2/2 filtered:0
2026-05-27T11:48:31.509211Z	info	delta	LDS: PUSH request for node:tier1-tr-entry-gateway-d5ff5c776-hxmgn.tier1-tr resources:1 removed:0 size:4.8kB filtered:0
2026-05-27T11:48:31.510389Z	info	delta	SDS: PUSH request for node:tier1-tr-entry-gateway-d5ff5c776-hxmgn.tier1-tr resources:1 removed:0 size:2.8kB cached:1/1 filtered:0
2026-05-27T11:48:31.510567Z	info	delta	RDS: PUSH request for node:tier1-tr-entry-gateway-d5ff5c776-hxmgn.tier1-tr resources:1 removed:0 size:784B cached:0/0 filtered:0
2026-05-27T11:48:31.510606Z	info	delta	EDS: PUSH request for node:tier1-tr-entry-gateway-d5ff5c776-hxmgn.tier1-tr resources:2 removed:0 size:336B empty:0 cached:2/2 filtered:0
2026-05-27T11:52:53.522643Z	info	sync complete	name=istiod analyzer attempt=1 time=31.708µs
2026-05-27T11:57:59.464969Z	info	sync complete	name=istiod analyzer attempt=1 time=27.167µs
2026-05-27T12:03:04.459631Z	info	sync complete	name=istiod analyzer attempt=1 time=32.291µs
2026-05-27T12:08:10.299065Z	info	sync complete	name=istiod analyzer attempt=1 time=26.75µs
2026-05-27T12:13:16.140321Z	info	sync complete	name=istiod analyzer attempt=1 time=38µs
2026-05-27T12:18:22.249346Z	info	sync complete	name=istiod analyzer attempt=1 time=57.084µs
2026-05-27T12:18:33.586148Z	info	delta	ADS: "10.10.0.69:55948" tier1-tr-entry-gateway-d5ff5c776-hxmgn.tier1-tr-112 terminated
2026-05-27T12:18:33.936250Z	info	delta	ADS: new delta connection for node:tier1-tr-entry-gateway-d5ff5c776-hxmgn.tier1-tr-113
2026-05-27T12:18:33.936602Z	info	delta	CDS: PUSH request for node:tier1-tr-entry-gateway-d5ff5c776-hxmgn.tier1-tr resources:3 removed:0 size:2.6kB cached:2/2 filtered:0
2026-05-27T12:18:33.937469Z	info	delta	LDS: PUSH request for node:tier1-tr-entry-gateway-d5ff5c776-hxmgn.tier1-tr resources:1 removed:0 size:4.8kB filtered:0
2026-05-27T12:18:33.938996Z	info	delta	SDS: PUSH request for node:tier1-tr-entry-gateway-d5ff5c776-hxmgn.tier1-tr resources:1 removed:0 size:2.8kB cached:1/1 filtered:0
2026-05-27T12:18:33.939300Z	info	delta	RDS: PUSH request for node:tier1-tr-entry-gateway-d5ff5c776-hxmgn.tier1-tr resources:1 removed:0 size:784B cached:0/0 filtered:0
2026-05-27T12:18:33.939348Z	info	delta	EDS: PUSH request for node:tier1-tr-entry-gateway-d5ff5c776-hxmgn.tier1-tr resources:2 removed:0 size:336B empty:0 cached:2/2 filtered:0
2026-05-27T12:23:28.511559Z	info	sync complete	name=istiod analyzer attempt=1 time=32.584µs
2026-05-27T12:28:34.144977Z	info	sync complete	name=istiod analyzer attempt=1 time=23.958µs
2026-05-27T12:33:40.663962Z	info	sync complete	name=istiod analyzer attempt=1 time=46.083µs
2026-05-27T12:38:46.761188Z	info	sync complete	name=istiod analyzer attempt=1 time=25.125µs
2026-05-27T12:43:53.963283Z	info	sync complete	name=istiod analyzer attempt=1 time=24.542µs
2026-05-27T12:48:58.992767Z	info	sync complete	name=istiod analyzer attempt=1 time=35.292µs
2026-05-27T12:50:10.246920Z	info	delta	ADS: "10.10.0.69:45202" tier1-tr-entry-gateway-d5ff5c776-hxmgn.tier1-tr-113 terminated
2026-05-27T12:50:10.444370Z	info	delta	ADS: new delta connection for node:tier1-tr-entry-gateway-d5ff5c776-hxmgn.tier1-tr-114
2026-05-27T12:50:10.444707Z	info	delta	CDS: PUSH request for node:tier1-tr-entry-gateway-d5ff5c776-hxmgn.tier1-tr resources:3 removed:0 size:2.6kB cached:2/2 filtered:0
2026-05-27T12:50:10.446143Z	info	delta	LDS: PUSH request for node:tier1-tr-entry-gateway-d5ff5c776-hxmgn.tier1-tr resources:1 removed:0 size:4.8kB filtered:0
2026-05-27T12:50:10.447865Z	info	delta	SDS: PUSH request for node:tier1-tr-entry-gateway-d5ff5c776-hxmgn.tier1-tr resources:1 removed:0 size:2.8kB cached:1/1 filtered:0
2026-05-27T12:50:10.448063Z	info	delta	RDS: PUSH request for node:tier1-tr-entry-gateway-d5ff5c776-hxmgn.tier1-tr resources:1 removed:0 size:784B cached:0/0 filtered:0
2026-05-27T12:50:10.448103Z	info	delta	EDS: PUSH request for node:tier1-tr-entry-gateway-d5ff5c776-hxmgn.tier1-tr resources:2 removed:0 size:336B empty:0 cached:2/2 filtered:0
2026-05-27T12:54:04.910597Z	info	sync complete	name=istiod analyzer attempt=1 time=59.666µs
2026-05-27T12:59:10.078627Z	info	sync complete	name=istiod analyzer attempt=1 time=33.125µs
2026-05-27T13:04:17.082561Z	info	sync complete	name=istiod analyzer attempt=1 time=30.875µs
2026-05-27T13:09:23.528528Z	info	sync complete	name=istiod analyzer attempt=1 time=30.125µs
2026-05-27T13:14:30.277308Z	info	sync complete	name=istiod analyzer attempt=1 time=61.375µs
2026-05-27T13:17:49.663052Z	info	delta	ADS: "10.10.0.69:50366" tier1-tr-entry-gateway-d5ff5c776-hxmgn.tier1-tr-114 terminated
2026-05-27T13:17:49.977218Z	info	delta	ADS: new delta connection for node:tier1-tr-entry-gateway-d5ff5c776-hxmgn.tier1-tr-115
2026-05-27T13:17:49.977521Z	info	delta	CDS: PUSH request for node:tier1-tr-entry-gateway-d5ff5c776-hxmgn.tier1-tr resources:3 removed:0 size:2.6kB cached:2/2 filtered:0
2026-05-27T13:17:49.978617Z	info	delta	LDS: PUSH request for node:tier1-tr-entry-gateway-d5ff5c776-hxmgn.tier1-tr resources:1 removed:0 size:4.8kB filtered:0
2026-05-27T13:17:49.979628Z	info	delta	SDS: PUSH request for node:tier1-tr-entry-gateway-d5ff5c776-hxmgn.tier1-tr resources:1 removed:0 size:2.8kB cached:1/1 filtered:0
2026-05-27T13:17:49.979800Z	info	delta	RDS: PUSH request for node:tier1-tr-entry-gateway-d5ff5c776-hxmgn.tier1-tr resources:1 removed:0 size:784B cached:0/0 filtered:0
2026-05-27T13:17:49.979844Z	info	delta	EDS: PUSH request for node:tier1-tr-entry-gateway-d5ff5c776-hxmgn.tier1-tr resources:2 removed:0 size:336B empty:0 cached:2/2 filtered:0
2026-05-27T13:19:35.457249Z	info	sync complete	name=istiod analyzer attempt=1 time=23.834µs
2026-05-27T13:24:41.401019Z	info	sync complete	name=istiod analyzer attempt=1 time=25.709µs
2026-05-27T13:29:46.688067Z	info	sync complete	name=istiod analyzer attempt=1 time=28.042µs
2026-05-27T13:34:53.277951Z	info	sync complete	name=istiod analyzer attempt=1 time=53.583µs
2026-05-27T13:40:00.586510Z	info	sync complete	name=istiod analyzer attempt=1 time=28.083µs
2026-05-27T13:45:06.870596Z	info	sync complete	name=istiod analyzer attempt=1 time=30.875µs
2026-05-27T13:46:38.379790Z	info	delta	ADS: "10.10.0.69:57892" tier1-tr-entry-gateway-d5ff5c776-hxmgn.tier1-tr-115 terminated
2026-05-27T13:46:38.791900Z	info	delta	ADS: new delta connection for node:tier1-tr-entry-gateway-d5ff5c776-hxmgn.tier1-tr-116
2026-05-27T13:46:38.792322Z	info	delta	CDS: PUSH request for node:tier1-tr-entry-gateway-d5ff5c776-hxmgn.tier1-tr resources:3 removed:0 size:2.6kB cached:2/2 filtered:0
2026-05-27T13:46:38.792878Z	info	delta	LDS: PUSH request for node:tier1-tr-entry-gateway-d5ff5c776-hxmgn.tier1-tr resources:1 removed:0 size:4.8kB filtered:0
2026-05-27T13:46:38.794039Z	info	delta	SDS: PUSH request for node:tier1-tr-entry-gateway-d5ff5c776-hxmgn.tier1-tr resources:1 removed:0 size:2.8kB cached:1/1 filtered:0
2026-05-27T13:46:38.794252Z	info	delta	RDS: PUSH request for node:tier1-tr-entry-gateway-d5ff5c776-hxmgn.tier1-tr resources:1 removed:0 size:784B cached:0/0 filtered:0
2026-05-27T13:46:38.794294Z	info	delta	EDS: PUSH request for node:tier1-tr-entry-gateway-d5ff5c776-hxmgn.tier1-tr resources:2 removed:0 size:336B empty:0 cached:2/2 filtered:0
2026-05-27T13:50:13.142069Z	info	sync complete	name=istiod analyzer attempt=1 time=30.5µs
2026-05-27T13:55:19.137200Z	info	sync complete	name=istiod analyzer attempt=1 time=77.833µs
2026-05-27T14:00:24.073861Z	info	sync complete	name=istiod analyzer attempt=1 time=75.708µs
2026-05-27T14:05:29.732660Z	info	sync complete	name=istiod analyzer attempt=1 time=62.458µs
2026-05-27T14:10:36.160670Z	info	sync complete	name=istiod analyzer attempt=1 time=134.375µs
2026-05-27T14:15:41.313555Z	info	sync complete	name=istiod analyzer attempt=1 time=69.709µs
2026-05-27T14:19:18.248165Z	info	delta	ADS: "10.10.0.69:56264" tier1-tr-entry-gateway-d5ff5c776-hxmgn.tier1-tr-116 terminated
2026-05-27T14:19:18.309270Z	info	delta	ADS: new delta connection for node:tier1-tr-entry-gateway-d5ff5c776-hxmgn.tier1-tr-117
2026-05-27T14:19:18.309591Z	info	delta	CDS: PUSH request for node:tier1-tr-entry-gateway-d5ff5c776-hxmgn.tier1-tr resources:3 removed:0 size:2.6kB cached:2/2 filtered:0
2026-05-27T14:19:18.310998Z	info	delta	LDS: PUSH request for node:tier1-tr-entry-gateway-d5ff5c776-hxmgn.tier1-tr resources:1 removed:0 size:4.8kB filtered:0
2026-05-27T14:19:18.312303Z	info	delta	SDS: PUSH request for node:tier1-tr-entry-gateway-d5ff5c776-hxmgn.tier1-tr resources:1 removed:0 size:2.8kB cached:1/1 filtered:0
2026-05-27T14:19:18.312510Z	info	delta	RDS: PUSH request for node:tier1-tr-entry-gateway-d5ff5c776-hxmgn.tier1-tr resources:1 removed:0 size:784B cached:0/0 filtered:0
2026-05-27T14:19:18.312555Z	info	delta	EDS: PUSH request for node:tier1-tr-entry-gateway-d5ff5c776-hxmgn.tier1-tr resources:2 removed:0 size:336B empty:0 cached:2/2 filtered:0
2026-05-27T14:20:48.646940Z	info	sync complete	name=istiod analyzer attempt=1 time=55.667µs
2026-05-27T14:25:54.649853Z	info	sync complete	name=istiod analyzer attempt=1 time=61µs
2026-05-27T14:31:00.385913Z	info	sync complete	name=istiod analyzer attempt=1 time=59.958µs
2026-05-27T14:36:07.002601Z	info	sync complete	name=istiod analyzer attempt=1 time=104.083µs
2026-05-27T14:41:13.269843Z	info	sync complete	name=istiod analyzer attempt=1 time=62.5µs
2026-05-27T14:46:19.033288Z	info	sync complete	name=istiod analyzer attempt=1 time=59.875µs
2026-05-27T14:51:24.528199Z	info	sync complete	name=istiod analyzer attempt=1 time=58.25µs
2026-05-27T14:52:26.183507Z	info	delta	ADS: "10.10.0.69:55910" tier1-tr-entry-gateway-d5ff5c776-hxmgn.tier1-tr-117 terminated
2026-05-27T14:52:26.261417Z	info	delta	ADS: new delta connection for node:tier1-tr-entry-gateway-d5ff5c776-hxmgn.tier1-tr-118
2026-05-27T14:52:26.262015Z	info	delta	CDS: PUSH request for node:tier1-tr-entry-gateway-d5ff5c776-hxmgn.tier1-tr resources:3 removed:0 size:2.6kB cached:2/2 filtered:0
2026-05-27T14:52:26.263931Z	info	delta	LDS: PUSH request for node:tier1-tr-entry-gateway-d5ff5c776-hxmgn.tier1-tr resources:1 removed:0 size:4.8kB filtered:0
2026-05-27T14:52:26.266131Z	info	delta	SDS: PUSH request for node:tier1-tr-entry-gateway-d5ff5c776-hxmgn.tier1-tr resources:1 removed:0 size:2.8kB cached:1/1 filtered:0
2026-05-27T14:52:26.266495Z	info	delta	RDS: PUSH request for node:tier1-tr-entry-gateway-d5ff5c776-hxmgn.tier1-tr resources:1 removed:0 size:784B cached:0/0 filtered:0
2026-05-27T14:52:26.266584Z	info	delta	EDS: PUSH request for node:tier1-tr-entry-gateway-d5ff5c776-hxmgn.tier1-tr resources:2 removed:0 size:336B empty:0 cached:2/2 filtered:0
2026-05-27T14:56:29.581054Z	info	sync complete	name=istiod analyzer attempt=1 time=68µs
2026-05-27T15:01:35.547571Z	info	sync complete	name=istiod analyzer attempt=1 time=35.459µs
2026-05-27T15:06:40.928714Z	info	sync complete	name=istiod analyzer attempt=1 time=39.875µs
2026-05-27T15:11:46.293260Z	info	sync complete	name=istiod analyzer attempt=1 time=35.792µs
2026-05-27T15:16:52.402611Z	info	sync complete	name=istiod analyzer attempt=1 time=28.167µs
2026-05-27T15:21:19.635196Z	info	delta	ADS: "10.10.0.69:51076" tier1-tr-entry-gateway-d5ff5c776-hxmgn.tier1-tr-118 terminated
2026-05-27T15:21:20.076553Z	info	delta	ADS: new delta connection for node:tier1-tr-entry-gateway-d5ff5c776-hxmgn.tier1-tr-119
2026-05-27T15:21:20.076928Z	info	delta	CDS: PUSH request for node:tier1-tr-entry-gateway-d5ff5c776-hxmgn.tier1-tr resources:3 removed:0 size:2.6kB cached:2/2 filtered:0
2026-05-27T15:21:20.078234Z	info	delta	LDS: PUSH request for node:tier1-tr-entry-gateway-d5ff5c776-hxmgn.tier1-tr resources:1 removed:0 size:4.8kB filtered:0
2026-05-27T15:21:20.079345Z	info	delta	SDS: PUSH request for node:tier1-tr-entry-gateway-d5ff5c776-hxmgn.tier1-tr resources:1 removed:0 size:2.8kB cached:1/1 filtered:0
2026-05-27T15:21:20.079579Z	info	delta	RDS: PUSH request for node:tier1-tr-entry-gateway-d5ff5c776-hxmgn.tier1-tr resources:1 removed:0 size:784B cached:0/0 filtered:0
2026-05-27T15:21:20.079626Z	info	delta	EDS: PUSH request for node:tier1-tr-entry-gateway-d5ff5c776-hxmgn.tier1-tr resources:2 removed:0 size:336B empty:0 cached:2/2 filtered:0
2026-05-27T15:21:57.713093Z	info	sync complete	name=istiod analyzer attempt=1 time=32.291µs
2026-05-27T15:27:03.680787Z	info	sync complete	name=istiod analyzer attempt=1 time=31.625µs
2026-05-27T15:32:11.190264Z	info	sync complete	name=istiod analyzer attempt=1 time=24.166µs
2026-05-27T15:37:16.202869Z	info	sync complete	name=istiod analyzer attempt=1 time=29µs
2026-05-27T15:42:22.794041Z	info	sync complete	name=istiod analyzer attempt=1 time=26.458µs
2026-05-27T15:47:29.552410Z	info	sync complete	name=istiod analyzer attempt=1 time=36.167µs
2026-05-27T15:49:48.837634Z	info	delta	ADS: "10.10.0.69:40188" tier1-tr-entry-gateway-d5ff5c776-hxmgn.tier1-tr-119 terminated
2026-05-27T15:49:49.043382Z	info	delta	ADS: new delta connection for node:tier1-tr-entry-gateway-d5ff5c776-hxmgn.tier1-tr-120
2026-05-27T15:49:49.043854Z	info	delta	CDS: PUSH request for node:tier1-tr-entry-gateway-d5ff5c776-hxmgn.tier1-tr resources:3 removed:0 size:2.6kB cached:2/2 filtered:0
2026-05-27T15:49:49.045148Z	info	delta	LDS: PUSH request for node:tier1-tr-entry-gateway-d5ff5c776-hxmgn.tier1-tr resources:1 removed:0 size:4.8kB filtered:0
2026-05-27T15:49:49.046448Z	info	delta	SDS: PUSH request for node:tier1-tr-entry-gateway-d5ff5c776-hxmgn.tier1-tr resources:1 removed:0 size:2.8kB cached:1/1 filtered:0
2026-05-27T15:49:49.046688Z	info	delta	RDS: PUSH request for node:tier1-tr-entry-gateway-d5ff5c776-hxmgn.tier1-tr resources:1 removed:0 size:784B cached:0/0 filtered:0
2026-05-27T15:49:49.046747Z	info	delta	EDS: PUSH request for node:tier1-tr-entry-gateway-d5ff5c776-hxmgn.tier1-tr resources:2 removed:0 size:336B empty:0 cached:2/2 filtered:0
2026-05-27T15:52:35.075293Z	info	sync complete	name=istiod analyzer attempt=1 time=49.458µs
2026-05-27T15:57:40.581418Z	info	sync complete	name=istiod analyzer attempt=1 time=30.125µs
2026-05-27T16:02:45.976584Z	info	sync complete	name=istiod analyzer attempt=1 time=31.5µs
2026-05-27T16:07:52.595052Z	info	sync complete	name=istiod analyzer attempt=1 time=28.5µs
2026-05-27T16:12:58.537042Z	info	sync complete	name=istiod analyzer attempt=1 time=26.292µs
2026-05-27T16:18:04.785419Z	info	sync complete	name=istiod analyzer attempt=1 time=37.917µs
2026-05-27T16:19:15.422645Z	info	delta	ADS: "10.10.0.69:44124" tier1-tr-entry-gateway-d5ff5c776-hxmgn.tier1-tr-120 terminated
2026-05-27T16:19:15.678528Z	info	delta	ADS: new delta connection for node:tier1-tr-entry-gateway-d5ff5c776-hxmgn.tier1-tr-121
2026-05-27T16:19:15.678658Z	info	delta	CDS: PUSH request for node:tier1-tr-entry-gateway-d5ff5c776-hxmgn.tier1-tr resources:3 removed:0 size:2.6kB cached:2/2 filtered:0
2026-05-27T16:19:15.680094Z	info	delta	LDS: PUSH request for node:tier1-tr-entry-gateway-d5ff5c776-hxmgn.tier1-tr resources:1 removed:0 size:4.8kB filtered:0
2026-05-27T16:19:15.681850Z	info	delta	SDS: PUSH request for node:tier1-tr-entry-gateway-d5ff5c776-hxmgn.tier1-tr resources:1 removed:0 size:2.8kB cached:1/1 filtered:0
2026-05-27T16:19:15.681961Z	info	delta	RDS: PUSH request for node:tier1-tr-entry-gateway-d5ff5c776-hxmgn.tier1-tr resources:1 removed:0 size:784B cached:0/0 filtered:0
2026-05-27T16:19:15.682038Z	info	delta	EDS: PUSH request for node:tier1-tr-entry-gateway-d5ff5c776-hxmgn.tier1-tr resources:2 removed:0 size:336B empty:0 cached:2/2 filtered:0
2026-05-27T16:23:10.610156Z	info	sync complete	name=istiod analyzer attempt=1 time=26.917µs
2026-05-27T16:28:15.632695Z	info	sync complete	name=istiod analyzer attempt=1 time=23.875µs
2026-05-27T16:33:21.905747Z	info	sync complete	name=istiod analyzer attempt=1 time=69.25µs
2026-05-27T16:38:28.690073Z	info	sync complete	name=istiod analyzer attempt=1 time=23.25µs
2026-05-27T16:43:34.162215Z	info	sync complete	name=istiod analyzer attempt=1 time=24.334µs
2026-05-27T16:48:39.661781Z	info	sync complete	name=istiod analyzer attempt=1 time=46.667µs
2026-05-27T16:51:03.150973Z	info	delta	ADS: "10.10.0.69:36616" tier1-tr-entry-gateway-d5ff5c776-hxmgn.tier1-tr-121 terminated
2026-05-27T16:51:03.394781Z	info	delta	ADS: new delta connection for node:tier1-tr-entry-gateway-d5ff5c776-hxmgn.tier1-tr-122
2026-05-27T16:51:03.395270Z	info	delta	CDS: PUSH request for node:tier1-tr-entry-gateway-d5ff5c776-hxmgn.tier1-tr resources:3 removed:0 size:2.6kB cached:2/2 filtered:0
2026-05-27T16:51:03.396777Z	info	delta	LDS: PUSH request for node:tier1-tr-entry-gateway-d5ff5c776-hxmgn.tier1-tr resources:1 removed:0 size:4.8kB filtered:0
2026-05-27T16:51:03.397892Z	info	delta	SDS: PUSH request for node:tier1-tr-entry-gateway-d5ff5c776-hxmgn.tier1-tr resources:1 removed:0 size:2.8kB cached:1/1 filtered:0
2026-05-27T16:51:03.398063Z	info	delta	RDS: PUSH request for node:tier1-tr-entry-gateway-d5ff5c776-hxmgn.tier1-tr resources:1 removed:0 size:784B cached:0/0 filtered:0
2026-05-27T16:51:03.398102Z	info	delta	EDS: PUSH request for node:tier1-tr-entry-gateway-d5ff5c776-hxmgn.tier1-tr resources:2 removed:0 size:336B empty:0 cached:2/2 filtered:0
2026-05-27T16:53:46.335957Z	info	sync complete	name=istiod analyzer attempt=1 time=26.917µs
2026-05-27T16:58:53.062213Z	info	sync complete	name=istiod analyzer attempt=1 time=31.083µs
2026-05-27T17:03:59.060340Z	info	sync complete	name=istiod analyzer attempt=1 time=28.166µs
2026-05-27T17:09:05.618962Z	info	sync complete	name=istiod analyzer attempt=1 time=42.75µs
2026-05-27T17:14:13.238890Z	info	sync complete	name=istiod analyzer attempt=1 time=31.208µs
2026-05-27T17:19:18.433754Z	info	sync complete	name=istiod analyzer attempt=1 time=27.25µs
2026-05-27T17:21:49.401082Z	info	delta	ADS: "10.10.0.69:49098" tier1-tr-entry-gateway-d5ff5c776-hxmgn.tier1-tr-122 terminated
2026-05-27T17:21:49.832440Z	info	delta	ADS: new delta connection for node:tier1-tr-entry-gateway-d5ff5c776-hxmgn.tier1-tr-123
2026-05-27T17:21:49.832684Z	info	delta	CDS: PUSH request for node:tier1-tr-entry-gateway-d5ff5c776-hxmgn.tier1-tr resources:3 removed:0 size:2.6kB cached:2/2 filtered:0
2026-05-27T17:21:49.835399Z	info	delta	LDS: PUSH request for node:tier1-tr-entry-gateway-d5ff5c776-hxmgn.tier1-tr resources:1 removed:0 size:4.8kB filtered:0
2026-05-27T17:21:49.836870Z	info	delta	SDS: PUSH request for node:tier1-tr-entry-gateway-d5ff5c776-hxmgn.tier1-tr resources:1 removed:0 size:2.8kB cached:1/1 filtered:0
2026-05-27T17:21:49.837048Z	info	delta	RDS: PUSH request for node:tier1-tr-entry-gateway-d5ff5c776-hxmgn.tier1-tr resources:1 removed:0 size:784B cached:0/0 filtered:0
2026-05-27T17:21:49.837096Z	info	delta	EDS: PUSH request for node:tier1-tr-entry-gateway-d5ff5c776-hxmgn.tier1-tr resources:2 removed:0 size:336B empty:0 cached:2/2 filtered:0
2026-05-27T17:24:24.385112Z	info	sync complete	name=istiod analyzer attempt=1 time=27.5µs
2026-05-27T17:29:31.713695Z	info	sync complete	name=istiod analyzer attempt=1 time=38.542µs
2026-05-27T17:34:37.299531Z	info	sync complete	name=istiod analyzer attempt=1 time=27.875µs
2026-05-27T17:39:43.748743Z	info	sync complete	name=istiod analyzer attempt=1 time=39.334µs
2026-05-27T17:44:50.138161Z	info	sync complete	name=istiod analyzer attempt=1 time=23.958µs
2026-05-27T17:49:40.850821Z	info	delta	ADS: "10.10.0.69:37552" tier1-tr-entry-gateway-d5ff5c776-hxmgn.tier1-tr-123 terminated
2026-05-27T17:49:41.259650Z	info	delta	ADS: new delta connection for node:tier1-tr-entry-gateway-d5ff5c776-hxmgn.tier1-tr-124
2026-05-27T17:49:41.259756Z	info	delta	CDS: PUSH request for node:tier1-tr-entry-gateway-d5ff5c776-hxmgn.tier1-tr resources:3 removed:0 size:2.6kB cached:2/2 filtered:0
2026-05-27T17:49:41.260437Z	info	delta	LDS: PUSH request for node:tier1-tr-entry-gateway-d5ff5c776-hxmgn.tier1-tr resources:1 removed:0 size:4.8kB filtered:0
2026-05-27T17:49:41.261303Z	info	delta	SDS: PUSH request for node:tier1-tr-entry-gateway-d5ff5c776-hxmgn.tier1-tr resources:1 removed:0 size:2.8kB cached:1/1 filtered:0
2026-05-27T17:49:41.261416Z	info	delta	RDS: PUSH request for node:tier1-tr-entry-gateway-d5ff5c776-hxmgn.tier1-tr resources:1 removed:0 size:784B cached:0/0 filtered:0
2026-05-27T17:49:41.261435Z	info	delta	EDS: PUSH request for node:tier1-tr-entry-gateway-d5ff5c776-hxmgn.tier1-tr resources:2 removed:0 size:336B empty:0 cached:2/2 filtered:0
2026-05-27T17:49:56.653228Z	info	sync complete	name=istiod analyzer attempt=1 time=59.708µs
2026-05-27T17:55:03.020997Z	info	sync complete	name=istiod analyzer attempt=1 time=38.083µs
2026-05-27T18:00:08.591155Z	info	sync complete	name=istiod analyzer attempt=1 time=26.042µs
2026-05-27T18:05:15.408352Z	info	sync complete	name=istiod analyzer attempt=1 time=33.541µs
2026-05-27T18:10:22.128049Z	info	sync complete	name=istiod analyzer attempt=1 time=51.417µs
2026-05-27T18:15:29.111097Z	info	sync complete	name=istiod analyzer attempt=1 time=28.208µs
2026-05-27T18:20:15.913515Z	info	delta	ADS: "10.10.0.69:51378" tier1-tr-entry-gateway-d5ff5c776-hxmgn.tier1-tr-124 terminated
2026-05-27T18:20:16.327343Z	info	delta	ADS: new delta connection for node:tier1-tr-entry-gateway-d5ff5c776-hxmgn.tier1-tr-125
2026-05-27T18:20:16.327685Z	info	delta	CDS: PUSH request for node:tier1-tr-entry-gateway-d5ff5c776-hxmgn.tier1-tr resources:3 removed:0 size:2.6kB cached:2/2 filtered:0
2026-05-27T18:20:16.328439Z	info	delta	LDS: PUSH request for node:tier1-tr-entry-gateway-d5ff5c776-hxmgn.tier1-tr resources:1 removed:0 size:4.8kB filtered:0
2026-05-27T18:20:16.329770Z	info	delta	SDS: PUSH request for node:tier1-tr-entry-gateway-d5ff5c776-hxmgn.tier1-tr resources:1 removed:0 size:2.8kB cached:1/1 filtered:0
2026-05-27T18:20:16.329989Z	info	delta	RDS: PUSH request for node:tier1-tr-entry-gateway-d5ff5c776-hxmgn.tier1-tr resources:1 removed:0 size:784B cached:0/0 filtered:0
2026-05-27T18:20:16.330042Z	info	delta	EDS: PUSH request for node:tier1-tr-entry-gateway-d5ff5c776-hxmgn.tier1-tr resources:2 removed:0 size:336B empty:0 cached:2/2 filtered:0
2026-05-27T18:20:34.603778Z	info	sync complete	name=istiod analyzer attempt=1 time=47.792µs
2026-05-27T18:25:39.737566Z	info	sync complete	name=istiod analyzer attempt=1 time=28.584µs
2026-05-27T18:30:45.186284Z	info	sync complete	name=istiod analyzer attempt=1 time=41.875µs
2026-05-27T18:35:50.910233Z	info	sync complete	name=istiod analyzer attempt=1 time=24.417µs
2026-05-27T18:40:56.804005Z	info	sync complete	name=istiod analyzer attempt=1 time=26.25µs
2026-05-27T18:46:03.075238Z	info	sync complete	name=istiod analyzer attempt=1 time=40.417µs
2026-05-27T18:51:08.816261Z	info	sync complete	name=istiod analyzer attempt=1 time=43.541µs
2026-05-27T18:51:29.560488Z	info	delta	ADS: "10.10.0.69:56852" tier1-tr-entry-gateway-d5ff5c776-hxmgn.tier1-tr-125 terminated
2026-05-27T18:51:29.944566Z	info	delta	ADS: new delta connection for node:tier1-tr-entry-gateway-d5ff5c776-hxmgn.tier1-tr-126
2026-05-27T18:51:29.944856Z	info	delta	CDS: PUSH request for node:tier1-tr-entry-gateway-d5ff5c776-hxmgn.tier1-tr resources:3 removed:0 size:2.6kB cached:2/2 filtered:0
2026-05-27T18:51:29.946312Z	info	delta	LDS: PUSH request for node:tier1-tr-entry-gateway-d5ff5c776-hxmgn.tier1-tr resources:1 removed:0 size:4.8kB filtered:0
2026-05-27T18:51:29.947678Z	info	delta	SDS: PUSH request for node:tier1-tr-entry-gateway-d5ff5c776-hxmgn.tier1-tr resources:1 removed:0 size:2.8kB cached:1/1 filtered:0
2026-05-27T18:51:29.947872Z	info	delta	RDS: PUSH request for node:tier1-tr-entry-gateway-d5ff5c776-hxmgn.tier1-tr resources:1 removed:0 size:784B cached:0/0 filtered:0
2026-05-27T18:51:29.947915Z	info	delta	EDS: PUSH request for node:tier1-tr-entry-gateway-d5ff5c776-hxmgn.tier1-tr resources:2 removed:0 size:336B empty:0 cached:2/2 filtered:0
2026-05-27T18:56:15.323585Z	info	sync complete	name=istiod analyzer attempt=1 time=29.208µs
2026-05-27T19:01:20.171101Z	info	sync complete	name=istiod analyzer attempt=1 time=25.958µs
2026-05-27T19:06:26.606243Z	info	sync complete	name=istiod analyzer attempt=1 time=28.125µs
2026-05-27T19:11:31.799667Z	info	sync complete	name=istiod analyzer attempt=1 time=23.459µs
2026-05-27T19:16:37.832932Z	info	sync complete	name=istiod analyzer attempt=1 time=48.209µs
2026-05-27T19:21:44.278832Z	info	sync complete	name=istiod analyzer attempt=1 time=32.541µs
2026-05-27T19:23:33.977943Z	info	delta	ADS: "10.10.0.69:43856" tier1-tr-entry-gateway-d5ff5c776-hxmgn.tier1-tr-126 terminated
2026-05-27T19:23:34.206711Z	info	delta	ADS: new delta connection for node:tier1-tr-entry-gateway-d5ff5c776-hxmgn.tier1-tr-127
2026-05-27T19:23:34.207129Z	info	delta	CDS: PUSH request for node:tier1-tr-entry-gateway-d5ff5c776-hxmgn.tier1-tr resources:3 removed:0 size:2.6kB cached:2/2 filtered:0
2026-05-27T19:23:34.207615Z	info	delta	LDS: PUSH request for node:tier1-tr-entry-gateway-d5ff5c776-hxmgn.tier1-tr resources:1 removed:0 size:4.8kB filtered:0
2026-05-27T19:23:34.209393Z	info	delta	SDS: PUSH request for node:tier1-tr-entry-gateway-d5ff5c776-hxmgn.tier1-tr resources:1 removed:0 size:2.8kB cached:1/1 filtered:0
2026-05-27T19:23:34.209690Z	info	delta	RDS: PUSH request for node:tier1-tr-entry-gateway-d5ff5c776-hxmgn.tier1-tr resources:1 removed:0 size:784B cached:0/0 filtered:0
2026-05-27T19:23:34.209755Z	info	delta	EDS: PUSH request for node:tier1-tr-entry-gateway-d5ff5c776-hxmgn.tier1-tr resources:2 removed:0 size:336B empty:0 cached:2/2 filtered:0
2026-05-27T19:26:50.446502Z	info	sync complete	name=istiod analyzer attempt=1 time=28µs
2026-05-27T19:31:56.227946Z	info	sync complete	name=istiod analyzer attempt=1 time=36.834µs
2026-05-27T19:37:02.598217Z	info	sync complete	name=istiod analyzer attempt=1 time=27.625µs
2026-05-27T19:42:08.725051Z	info	sync complete	name=istiod analyzer attempt=1 time=29.25µs
2026-05-27T19:47:15.854345Z	info	sync complete	name=istiod analyzer attempt=1 time=27.5µs
2026-05-27T19:50:49.102061Z	info	delta	ADS: "10.10.0.69:54362" tier1-tr-entry-gateway-d5ff5c776-hxmgn.tier1-tr-127 terminated
2026-05-27T19:50:49.503331Z	info	delta	ADS: new delta connection for node:tier1-tr-entry-gateway-d5ff5c776-hxmgn.tier1-tr-128
2026-05-27T19:50:49.503460Z	info	delta	CDS: PUSH request for node:tier1-tr-entry-gateway-d5ff5c776-hxmgn.tier1-tr resources:3 removed:0 size:2.6kB cached:2/2 filtered:0
2026-05-27T19:50:49.504541Z	info	delta	LDS: PUSH request for node:tier1-tr-entry-gateway-d5ff5c776-hxmgn.tier1-tr resources:1 removed:0 size:4.8kB filtered:0
2026-05-27T19:50:49.505489Z	info	delta	SDS: PUSH request for node:tier1-tr-entry-gateway-d5ff5c776-hxmgn.tier1-tr resources:1 removed:0 size:2.8kB cached:1/1 filtered:0
2026-05-27T19:50:49.505585Z	info	delta	RDS: PUSH request for node:tier1-tr-entry-gateway-d5ff5c776-hxmgn.tier1-tr resources:1 removed:0 size:784B cached:0/0 filtered:0
2026-05-27T19:50:49.505608Z	info	delta	EDS: PUSH request for node:tier1-tr-entry-gateway-d5ff5c776-hxmgn.tier1-tr resources:2 removed:0 size:336B empty:0 cached:2/2 filtered:0
2026-05-27T19:52:22.392849Z	info	sync complete	name=istiod analyzer attempt=1 time=28.667µs
2026-05-27T19:57:28.594102Z	info	sync complete	name=istiod analyzer attempt=1 time=30.834µs
2026-05-27T20:02:35.414605Z	info	sync complete	name=istiod analyzer attempt=1 time=59.042µs
2026-05-27T20:07:40.937215Z	info	sync complete	name=istiod analyzer attempt=1 time=27.5µs
2026-05-27T20:12:47.008965Z	info	sync complete	name=istiod analyzer attempt=1 time=23.084µs
2026-05-27T20:17:52.280677Z	info	sync complete	name=istiod analyzer attempt=1 time=57.541µs
2026-05-27T20:20:47.712012Z	info	delta	ADS: "10.10.0.69:34860" tier1-tr-entry-gateway-d5ff5c776-hxmgn.tier1-tr-128 terminated
2026-05-27T20:20:47.759534Z	info	delta	ADS: new delta connection for node:tier1-tr-entry-gateway-d5ff5c776-hxmgn.tier1-tr-129
2026-05-27T20:20:47.759849Z	info	delta	CDS: PUSH request for node:tier1-tr-entry-gateway-d5ff5c776-hxmgn.tier1-tr resources:3 removed:0 size:2.6kB cached:2/2 filtered:0
2026-05-27T20:20:47.761409Z	info	delta	LDS: PUSH request for node:tier1-tr-entry-gateway-d5ff5c776-hxmgn.tier1-tr resources:1 removed:0 size:4.8kB filtered:0
2026-05-27T20:20:47.762817Z	info	delta	SDS: PUSH request for node:tier1-tr-entry-gateway-d5ff5c776-hxmgn.tier1-tr resources:1 removed:0 size:2.8kB cached:1/1 filtered:0
2026-05-27T20:20:47.763036Z	info	delta	RDS: PUSH request for node:tier1-tr-entry-gateway-d5ff5c776-hxmgn.tier1-tr resources:1 removed:0 size:784B cached:0/0 filtered:0
2026-05-27T20:20:47.763119Z	info	delta	EDS: PUSH request for node:tier1-tr-entry-gateway-d5ff5c776-hxmgn.tier1-tr resources:2 removed:0 size:336B empty:0 cached:2/2 filtered:0
2026-05-27T20:22:58.953050Z	info	sync complete	name=istiod analyzer attempt=1 time=31.459µs
2026-05-27T20:28:05.047037Z	info	sync complete	name=istiod analyzer attempt=1 time=25.792µs
2026-05-27T20:33:10.495810Z	info	sync complete	name=istiod analyzer attempt=1 time=27.708µs
2026-05-27T20:38:17.299670Z	info	sync complete	name=istiod analyzer attempt=1 time=32.083µs
2026-05-27T20:43:23.156500Z	info	sync complete	name=istiod analyzer attempt=1 time=44.125µs
2026-05-27T20:48:29.444251Z	info	sync complete	name=istiod analyzer attempt=1 time=48.083µs
2026-05-27T20:53:19.110043Z	info	delta	ADS: "10.10.0.69:39320" tier1-tr-entry-gateway-d5ff5c776-hxmgn.tier1-tr-129 terminated
2026-05-27T20:53:19.373539Z	info	delta	ADS: new delta connection for node:tier1-tr-entry-gateway-d5ff5c776-hxmgn.tier1-tr-130
2026-05-27T20:53:19.373887Z	info	delta	CDS: PUSH request for node:tier1-tr-entry-gateway-d5ff5c776-hxmgn.tier1-tr resources:3 removed:0 size:2.6kB cached:2/2 filtered:0
2026-05-27T20:53:19.374765Z	info	delta	LDS: PUSH request for node:tier1-tr-entry-gateway-d5ff5c776-hxmgn.tier1-tr resources:1 removed:0 size:4.8kB filtered:0
2026-05-27T20:53:19.377468Z	info	delta	SDS: PUSH request for node:tier1-tr-entry-gateway-d5ff5c776-hxmgn.tier1-tr resources:1 removed:0 size:2.8kB cached:1/1 filtered:0
2026-05-27T20:53:19.377725Z	info	delta	RDS: PUSH request for node:tier1-tr-entry-gateway-d5ff5c776-hxmgn.tier1-tr resources:1 removed:0 size:784B cached:0/0 filtered:0
2026-05-27T20:53:19.377788Z	info	delta	EDS: PUSH request for node:tier1-tr-entry-gateway-d5ff5c776-hxmgn.tier1-tr resources:2 removed:0 size:336B empty:0 cached:2/2 filtered:0
2026-05-27T20:53:35.914888Z	info	sync complete	name=istiod analyzer attempt=1 time=29.125µs
2026-05-27T20:58:42.325634Z	info	sync complete	name=istiod analyzer attempt=1 time=27.417µs
2026-05-27T21:03:48.535015Z	info	sync complete	name=istiod analyzer attempt=1 time=33.041µs
2026-05-27T21:08:53.962557Z	info	sync complete	name=istiod analyzer attempt=1 time=24.542µs
2026-05-27T21:14:00.395571Z	info	sync complete	name=istiod analyzer attempt=1 time=34.208µs
2026-05-27T21:19:06.498806Z	info	sync complete	name=istiod analyzer attempt=1 time=26.042µs
2026-05-27T21:20:45.117558Z	info	delta	ADS: "10.10.0.69:56368" tier1-tr-entry-gateway-d5ff5c776-hxmgn.tier1-tr-130 terminated
2026-05-27T21:20:45.217761Z	info	delta	ADS: new delta connection for node:tier1-tr-entry-gateway-d5ff5c776-hxmgn.tier1-tr-131
2026-05-27T21:20:45.217890Z	info	delta	CDS: PUSH request for node:tier1-tr-entry-gateway-d5ff5c776-hxmgn.tier1-tr resources:3 removed:0 size:2.6kB cached:2/2 filtered:0
2026-05-27T21:20:45.219112Z	info	delta	LDS: PUSH request for node:tier1-tr-entry-gateway-d5ff5c776-hxmgn.tier1-tr resources:1 removed:0 size:4.8kB filtered:0
2026-05-27T21:20:45.220574Z	info	delta	SDS: PUSH request for node:tier1-tr-entry-gateway-d5ff5c776-hxmgn.tier1-tr resources:1 removed:0 size:2.8kB cached:1/1 filtered:0
2026-05-27T21:20:45.220681Z	info	delta	RDS: PUSH request for node:tier1-tr-entry-gateway-d5ff5c776-hxmgn.tier1-tr resources:1 removed:0 size:784B cached:0/0 filtered:0
2026-05-27T21:20:45.220707Z	info	delta	EDS: PUSH request for node:tier1-tr-entry-gateway-d5ff5c776-hxmgn.tier1-tr resources:2 removed:0 size:336B empty:0 cached:2/2 filtered:0
2026-05-27T21:24:12.248353Z	info	sync complete	name=istiod analyzer attempt=1 time=72.833µs
2026-05-27T21:29:17.664860Z	info	sync complete	name=istiod analyzer attempt=1 time=38µs
2026-05-27T21:34:24.216317Z	info	sync complete	name=istiod analyzer attempt=1 time=25.708µs
2026-05-27T21:39:29.954087Z	info	sync complete	name=istiod analyzer attempt=1 time=33.75µs
2026-05-27T21:44:35.967640Z	info	sync complete	name=istiod analyzer attempt=1 time=44.583µs
2026-05-27T21:49:42.054908Z	info	sync complete	name=istiod analyzer attempt=1 time=22.959µs
2026-05-27T21:52:46.465673Z	info	delta	ADS: "10.10.0.69:43594" tier1-tr-entry-gateway-d5ff5c776-hxmgn.tier1-tr-131 terminated
2026-05-27T21:52:46.706900Z	info	delta	ADS: new delta connection for node:tier1-tr-entry-gateway-d5ff5c776-hxmgn.tier1-tr-132
2026-05-27T21:52:46.707293Z	info	delta	CDS: PUSH request for node:tier1-tr-entry-gateway-d5ff5c776-hxmgn.tier1-tr resources:3 removed:0 size:2.6kB cached:2/2 filtered:0
2026-05-27T21:52:46.707784Z	info	delta	LDS: PUSH request for node:tier1-tr-entry-gateway-d5ff5c776-hxmgn.tier1-tr resources:1 removed:0 size:4.8kB filtered:0
2026-05-27T21:52:46.709202Z	info	delta	SDS: PUSH request for node:tier1-tr-entry-gateway-d5ff5c776-hxmgn.tier1-tr resources:1 removed:0 size:2.8kB cached:1/1 filtered:0
2026-05-27T21:52:46.709449Z	info	delta	RDS: PUSH request for node:tier1-tr-entry-gateway-d5ff5c776-hxmgn.tier1-tr resources:1 removed:0 size:784B cached:0/0 filtered:0
2026-05-27T21:52:46.709486Z	info	delta	EDS: PUSH request for node:tier1-tr-entry-gateway-d5ff5c776-hxmgn.tier1-tr resources:2 removed:0 size:336B empty:0 cached:2/2 filtered:0
2026-05-27T21:54:47.804222Z	info	sync complete	name=istiod analyzer attempt=1 time=24.375µs
2026-05-27T21:59:53.682417Z	info	sync complete	name=istiod analyzer attempt=1 time=25.208µs
2026-05-27T22:04:57.969457Z	info	sync complete	name=istiod analyzer attempt=1 time=45.375µs
2026-05-27T22:10:02.947369Z	info	sync complete	name=istiod analyzer attempt=1 time=25.125µs
2026-05-27T22:15:09.463187Z	info	sync complete	name=istiod analyzer attempt=1 time=60.042µs
2026-05-27T22:20:15.270772Z	info	sync complete	name=istiod analyzer attempt=1 time=28.375µs
2026-05-27T22:24:37.003935Z	info	delta	ADS: "10.10.0.69:52444" tier1-tr-entry-gateway-d5ff5c776-hxmgn.tier1-tr-132 terminated
2026-05-27T22:24:37.439270Z	info	delta	ADS: new delta connection for node:tier1-tr-entry-gateway-d5ff5c776-hxmgn.tier1-tr-133
2026-05-27T22:24:37.439836Z	info	delta	CDS: PUSH request for node:tier1-tr-entry-gateway-d5ff5c776-hxmgn.tier1-tr resources:3 removed:0 size:2.6kB cached:2/2 filtered:0
2026-05-27T22:24:37.440391Z	info	delta	LDS: PUSH request for node:tier1-tr-entry-gateway-d5ff5c776-hxmgn.tier1-tr resources:1 removed:0 size:4.8kB filtered:0
2026-05-27T22:24:37.442051Z	info	delta	SDS: PUSH request for node:tier1-tr-entry-gateway-d5ff5c776-hxmgn.tier1-tr resources:1 removed:0 size:2.8kB cached:1/1 filtered:0
2026-05-27T22:24:37.442303Z	info	delta	RDS: PUSH request for node:tier1-tr-entry-gateway-d5ff5c776-hxmgn.tier1-tr resources:1 removed:0 size:784B cached:0/0 filtered:0
2026-05-27T22:24:37.442372Z	info	delta	EDS: PUSH request for node:tier1-tr-entry-gateway-d5ff5c776-hxmgn.tier1-tr resources:2 removed:0 size:336B empty:0 cached:2/2 filtered:0
2026-05-27T22:25:21.290649Z	info	sync complete	name=istiod analyzer attempt=1 time=27.542µs
2026-05-27T22:30:27.418908Z	info	sync complete	name=istiod analyzer attempt=1 time=40.25µs
2026-05-27T22:35:33.108216Z	info	sync complete	name=istiod analyzer attempt=1 time=31.333µs
2026-05-27T22:40:40.558465Z	info	sync complete	name=istiod analyzer attempt=1 time=28.125µs
2026-05-27T22:45:46.849724Z	info	sync complete	name=istiod analyzer attempt=1 time=24.584µs
2026-05-27T22:50:51.912656Z	info	sync complete	name=istiod analyzer attempt=1 time=31.584µs
2026-05-27T22:54:43.790840Z	info	delta	ADS: "10.10.0.69:45872" tier1-tr-entry-gateway-d5ff5c776-hxmgn.tier1-tr-133 terminated
2026-05-27T22:54:43.849750Z	info	delta	ADS: new delta connection for node:tier1-tr-entry-gateway-d5ff5c776-hxmgn.tier1-tr-134
2026-05-27T22:54:43.850034Z	info	delta	CDS: PUSH request for node:tier1-tr-entry-gateway-d5ff5c776-hxmgn.tier1-tr resources:3 removed:0 size:2.6kB cached:2/2 filtered:0
2026-05-27T22:54:43.851000Z	info	delta	LDS: PUSH request for node:tier1-tr-entry-gateway-d5ff5c776-hxmgn.tier1-tr resources:1 removed:0 size:4.8kB filtered:0
2026-05-27T22:54:43.852291Z	info	delta	SDS: PUSH request for node:tier1-tr-entry-gateway-d5ff5c776-hxmgn.tier1-tr resources:1 removed:0 size:2.8kB cached:1/1 filtered:0
2026-05-27T22:54:43.852464Z	info	delta	RDS: PUSH request for node:tier1-tr-entry-gateway-d5ff5c776-hxmgn.tier1-tr resources:1 removed:0 size:784B cached:0/0 filtered:0
2026-05-27T22:54:43.852706Z	info	delta	EDS: PUSH request for node:tier1-tr-entry-gateway-d5ff5c776-hxmgn.tier1-tr resources:2 removed:0 size:336B empty:0 cached:2/2 filtered:0
2026-05-27T22:55:57.972330Z	info	sync complete	name=istiod analyzer attempt=1 time=34.709µs
2026-05-27T23:01:04.577129Z	info	sync complete	name=istiod analyzer attempt=1 time=24.292µs
2026-05-27T23:06:10.728023Z	info	sync complete	name=istiod analyzer attempt=1 time=38.042µs
2026-05-27T23:11:16.349086Z	info	sync complete	name=istiod analyzer attempt=1 time=54.667µs
2026-05-27T23:16:22.660808Z	info	sync complete	name=istiod analyzer attempt=1 time=25µs
2026-05-27T23:21:29.226227Z	info	sync complete	name=istiod analyzer attempt=1 time=28µs
2026-05-27T23:26:36.707649Z	info	sync complete	name=istiod analyzer attempt=1 time=28.208µs
2026-05-27T23:26:57.420165Z	info	delta	ADS: "10.10.0.69:56866" tier1-tr-entry-gateway-d5ff5c776-hxmgn.tier1-tr-134 terminated
2026-05-27T23:26:57.882888Z	info	delta	ADS: new delta connection for node:tier1-tr-entry-gateway-d5ff5c776-hxmgn.tier1-tr-135
2026-05-27T23:26:57.883235Z	info	delta	CDS: PUSH request for node:tier1-tr-entry-gateway-d5ff5c776-hxmgn.tier1-tr resources:3 removed:0 size:2.6kB cached:2/2 filtered:0
2026-05-27T23:26:57.883658Z	info	delta	LDS: PUSH request for node:tier1-tr-entry-gateway-d5ff5c776-hxmgn.tier1-tr resources:1 removed:0 size:4.8kB filtered:0
2026-05-27T23:26:57.886725Z	info	delta	SDS: PUSH request for node:tier1-tr-entry-gateway-d5ff5c776-hxmgn.tier1-tr resources:1 removed:0 size:2.8kB cached:1/1 filtered:0
2026-05-27T23:26:57.886920Z	info	delta	RDS: PUSH request for node:tier1-tr-entry-gateway-d5ff5c776-hxmgn.tier1-tr resources:1 removed:0 size:784B cached:0/0 filtered:0
2026-05-27T23:26:57.886967Z	info	delta	EDS: PUSH request for node:tier1-tr-entry-gateway-d5ff5c776-hxmgn.tier1-tr resources:2 removed:0 size:336B empty:0 cached:2/2 filtered:0
2026-05-27T23:31:42.316701Z	info	sync complete	name=istiod analyzer attempt=1 time=32.333µs
2026-05-27T23:36:48.677855Z	info	sync complete	name=istiod analyzer attempt=1 time=30µs
2026-05-27T23:41:54.335566Z	info	sync complete	name=istiod analyzer attempt=1 time=60.958µs
2026-05-27T23:47:00.290541Z	info	sync complete	name=istiod analyzer attempt=1 time=44.042µs
2026-05-27T23:52:05.970324Z	info	sync complete	name=istiod analyzer attempt=1 time=29.25µs
2026-05-27T23:54:39.747652Z	info	delta	ADS: "10.10.0.69:38598" tier1-tr-entry-gateway-d5ff5c776-hxmgn.tier1-tr-135 terminated
2026-05-27T23:54:40.215433Z	info	delta	ADS: new delta connection for node:tier1-tr-entry-gateway-d5ff5c776-hxmgn.tier1-tr-136
2026-05-27T23:54:40.215547Z	info	delta	CDS: PUSH request for node:tier1-tr-entry-gateway-d5ff5c776-hxmgn.tier1-tr resources:3 removed:0 size:2.6kB cached:2/2 filtered:0
2026-05-27T23:54:40.217490Z	info	delta	LDS: PUSH request for node:tier1-tr-entry-gateway-d5ff5c776-hxmgn.tier1-tr resources:1 removed:0 size:4.8kB filtered:0
2026-05-27T23:54:40.218627Z	info	delta	SDS: PUSH request for node:tier1-tr-entry-gateway-d5ff5c776-hxmgn.tier1-tr resources:1 removed:0 size:2.8kB cached:1/1 filtered:0
2026-05-27T23:54:40.218724Z	info	delta	RDS: PUSH request for node:tier1-tr-entry-gateway-d5ff5c776-hxmgn.tier1-tr resources:1 removed:0 size:784B cached:0/0 filtered:0
2026-05-27T23:54:40.218748Z	info	delta	EDS: PUSH request for node:tier1-tr-entry-gateway-d5ff5c776-hxmgn.tier1-tr resources:2 removed:0 size:336B empty:0 cached:2/2 filtered:0
2026-05-27T23:57:12.540488Z	info	sync complete	name=istiod analyzer attempt=1 time=27.917µs
2026-05-28T00:02:19.476140Z	info	sync complete	name=istiod analyzer attempt=1 time=29.167µs
2026-05-28T00:07:25.076826Z	info	sync complete	name=istiod analyzer attempt=1 time=24.75µs
2026-05-28T00:12:31.618868Z	info	sync complete	name=istiod analyzer attempt=1 time=44µs
2026-05-28T00:17:36.482082Z	info	sync complete	name=istiod analyzer attempt=1 time=38.875µs
2026-05-28T00:22:42.081508Z	info	sync complete	name=istiod analyzer attempt=1 time=25.375µs
2026-05-28T00:26:21.744628Z	info	delta	ADS: "10.10.0.69:49422" tier1-tr-entry-gateway-d5ff5c776-hxmgn.tier1-tr-136 terminated
2026-05-28T00:26:22.198480Z	info	delta	ADS: new delta connection for node:tier1-tr-entry-gateway-d5ff5c776-hxmgn.tier1-tr-137
2026-05-28T00:26:22.198790Z	info	delta	CDS: PUSH request for node:tier1-tr-entry-gateway-d5ff5c776-hxmgn.tier1-tr resources:3 removed:0 size:2.6kB cached:2/2 filtered:0
2026-05-28T00:26:22.199608Z	info	delta	LDS: PUSH request for node:tier1-tr-entry-gateway-d5ff5c776-hxmgn.tier1-tr resources:1 removed:0 size:4.8kB filtered:0
2026-05-28T00:26:22.201197Z	info	delta	SDS: PUSH request for node:tier1-tr-entry-gateway-d5ff5c776-hxmgn.tier1-tr resources:1 removed:0 size:2.8kB cached:1/1 filtered:0
2026-05-28T00:26:22.201465Z	info	delta	RDS: PUSH request for node:tier1-tr-entry-gateway-d5ff5c776-hxmgn.tier1-tr resources:1 removed:0 size:784B cached:0/0 filtered:0
2026-05-28T00:26:22.201525Z	info	delta	EDS: PUSH request for node:tier1-tr-entry-gateway-d5ff5c776-hxmgn.tier1-tr resources:2 removed:0 size:336B empty:0 cached:2/2 filtered:0
2026-05-28T00:27:47.885459Z	info	sync complete	name=istiod analyzer attempt=1 time=25.167µs
2026-05-28T00:32:52.653691Z	info	sync complete	name=istiod analyzer attempt=1 time=33.417µs
2026-05-28T00:38:00.032533Z	info	sync complete	name=istiod analyzer attempt=1 time=49.166µs
2026-05-28T00:43:05.646407Z	info	sync complete	name=istiod analyzer attempt=1 time=26.666µs
2026-05-28T00:48:12.274036Z	info	sync complete	name=istiod analyzer attempt=1 time=27.666µs
2026-05-28T00:53:18.184826Z	info	sync complete	name=istiod analyzer attempt=1 time=24.125µs
2026-05-28T00:57:36.704114Z	info	delta	ADS: "10.10.0.69:41350" tier1-tr-entry-gateway-d5ff5c776-hxmgn.tier1-tr-137 terminated
2026-05-28T00:57:36.931026Z	info	delta	ADS: new delta connection for node:tier1-tr-entry-gateway-d5ff5c776-hxmgn.tier1-tr-138
2026-05-28T00:57:36.931386Z	info	delta	CDS: PUSH request for node:tier1-tr-entry-gateway-d5ff5c776-hxmgn.tier1-tr resources:3 removed:0 size:2.6kB cached:2/2 filtered:0
2026-05-28T00:57:36.932090Z	info	delta	LDS: PUSH request for node:tier1-tr-entry-gateway-d5ff5c776-hxmgn.tier1-tr resources:1 removed:0 size:4.8kB filtered:0
2026-05-28T00:57:36.933429Z	info	delta	SDS: PUSH request for node:tier1-tr-entry-gateway-d5ff5c776-hxmgn.tier1-tr resources:1 removed:0 size:2.8kB cached:1/1 filtered:0
2026-05-28T00:57:36.933644Z	info	delta	RDS: PUSH request for node:tier1-tr-entry-gateway-d5ff5c776-hxmgn.tier1-tr resources:1 removed:0 size:784B cached:0/0 filtered:0
2026-05-28T00:57:36.933723Z	info	delta	EDS: PUSH request for node:tier1-tr-entry-gateway-d5ff5c776-hxmgn.tier1-tr resources:2 removed:0 size:336B empty:0 cached:2/2 filtered:0
2026-05-28T00:58:24.779888Z	info	sync complete	name=istiod analyzer attempt=1 time=42.041µs
2026-05-28T01:03:30.332454Z	info	sync complete	name=istiod analyzer attempt=1 time=24.292µs
2026-05-28T01:08:36.580208Z	info	sync complete	name=istiod analyzer attempt=1 time=24.75µs
2026-05-28T01:13:42.634835Z	info	sync complete	name=istiod analyzer attempt=1 time=29.666µs
2026-05-28T01:18:48.726382Z	info	sync complete	name=istiod analyzer attempt=1 time=35.584µs
2026-05-28T01:23:54.628180Z	info	sync complete	name=istiod analyzer attempt=1 time=29.208µs
2026-05-28T01:26:00.636221Z	info	delta	ADS: "10.10.0.69:50790" tier1-tr-entry-gateway-d5ff5c776-hxmgn.tier1-tr-138 terminated
2026-05-28T01:26:00.727922Z	info	delta	ADS: new delta connection for node:tier1-tr-entry-gateway-d5ff5c776-hxmgn.tier1-tr-139
2026-05-28T01:26:00.728370Z	info	delta	CDS: PUSH request for node:tier1-tr-entry-gateway-d5ff5c776-hxmgn.tier1-tr resources:3 removed:0 size:2.6kB cached:2/2 filtered:0
2026-05-28T01:26:00.730114Z	info	delta	LDS: PUSH request for node:tier1-tr-entry-gateway-d5ff5c776-hxmgn.tier1-tr resources:1 removed:0 size:4.8kB filtered:0
2026-05-28T01:26:00.731463Z	info	delta	SDS: PUSH request for node:tier1-tr-entry-gateway-d5ff5c776-hxmgn.tier1-tr resources:1 removed:0 size:2.8kB cached:1/1 filtered:0
2026-05-28T01:26:00.731747Z	info	delta	RDS: PUSH request for node:tier1-tr-entry-gateway-d5ff5c776-hxmgn.tier1-tr resources:1 removed:0 size:784B cached:0/0 filtered:0
2026-05-28T01:26:00.731809Z	info	delta	EDS: PUSH request for node:tier1-tr-entry-gateway-d5ff5c776-hxmgn.tier1-tr resources:2 removed:0 size:336B empty:0 cached:2/2 filtered:0
2026-05-28T01:29:01.663522Z	info	sync complete	name=istiod analyzer attempt=1 time=29.292µs
2026-05-28T01:34:07.696222Z	info	sync complete	name=istiod analyzer attempt=1 time=27.416µs
2026-05-28T01:39:12.838601Z	info	sync complete	name=istiod analyzer attempt=1 time=175.375µs
2026-05-28T01:44:19.692941Z	info	sync complete	name=istiod analyzer attempt=1 time=31.083µs
2026-05-28T01:49:25.192696Z	info	sync complete	name=istiod analyzer attempt=1 time=52.667µs
2026-05-28T01:54:30.258376Z	info	sync complete	name=istiod analyzer attempt=1 time=24.083µs
2026-05-28T01:54:52.344894Z	info	delta	ADS: "10.10.0.69:38838" tier1-tr-entry-gateway-d5ff5c776-hxmgn.tier1-tr-139 terminated
2026-05-28T01:54:52.785844Z	info	delta	ADS: new delta connection for node:tier1-tr-entry-gateway-d5ff5c776-hxmgn.tier1-tr-140
2026-05-28T01:54:52.786451Z	info	delta	CDS: PUSH request for node:tier1-tr-entry-gateway-d5ff5c776-hxmgn.tier1-tr resources:3 removed:0 size:2.6kB cached:2/2 filtered:0
2026-05-28T01:54:52.788301Z	info	delta	LDS: PUSH request for node:tier1-tr-entry-gateway-d5ff5c776-hxmgn.tier1-tr resources:1 removed:0 size:4.8kB filtered:0
2026-05-28T01:54:52.790129Z	info	delta	SDS: PUSH request for node:tier1-tr-entry-gateway-d5ff5c776-hxmgn.tier1-tr resources:1 removed:0 size:2.8kB cached:1/1 filtered:0
2026-05-28T01:54:52.790395Z	info	delta	RDS: PUSH request for node:tier1-tr-entry-gateway-d5ff5c776-hxmgn.tier1-tr resources:1 removed:0 size:784B cached:0/0 filtered:0
2026-05-28T01:54:52.790611Z	info	delta	EDS: PUSH request for node:tier1-tr-entry-gateway-d5ff5c776-hxmgn.tier1-tr resources:2 removed:0 size:336B empty:0 cached:2/2 filtered:0
2026-05-28T01:59:36.374145Z	info	sync complete	name=istiod analyzer attempt=1 time=31.917µs
2026-05-28T02:04:42.870636Z	info	sync complete	name=istiod analyzer attempt=1 time=27.709µs
2026-05-28T02:09:48.260762Z	info	sync complete	name=istiod analyzer attempt=1 time=31.708µs
2026-05-28T02:14:54.467797Z	info	sync complete	name=istiod analyzer attempt=1 time=105.625µs
2026-05-28T02:20:00.273341Z	info	sync complete	name=istiod analyzer attempt=1 time=25.125µs
2026-05-28T02:25:05.959027Z	info	sync complete	name=istiod analyzer attempt=1 time=38.792µs
2026-05-28T02:27:10.167179Z	info	delta	ADS: "10.10.0.69:52368" tier1-tr-entry-gateway-d5ff5c776-hxmgn.tier1-tr-140 terminated
2026-05-28T02:27:10.317436Z	info	delta	ADS: new delta connection for node:tier1-tr-entry-gateway-d5ff5c776-hxmgn.tier1-tr-141
2026-05-28T02:27:10.317715Z	info	delta	CDS: PUSH request for node:tier1-tr-entry-gateway-d5ff5c776-hxmgn.tier1-tr resources:3 removed:0 size:2.6kB cached:2/2 filtered:0
2026-05-28T02:27:10.318875Z	info	delta	LDS: PUSH request for node:tier1-tr-entry-gateway-d5ff5c776-hxmgn.tier1-tr resources:1 removed:0 size:4.8kB filtered:0
2026-05-28T02:27:10.319931Z	info	delta	SDS: PUSH request for node:tier1-tr-entry-gateway-d5ff5c776-hxmgn.tier1-tr resources:1 removed:0 size:2.8kB cached:1/1 filtered:0
2026-05-28T02:27:10.320124Z	info	delta	RDS: PUSH request for node:tier1-tr-entry-gateway-d5ff5c776-hxmgn.tier1-tr resources:1 removed:0 size:784B cached:0/0 filtered:0
2026-05-28T02:27:10.320163Z	info	delta	EDS: PUSH request for node:tier1-tr-entry-gateway-d5ff5c776-hxmgn.tier1-tr resources:2 removed:0 size:336B empty:0 cached:2/2 filtered:0
2026-05-28T02:30:12.646796Z	info	sync complete	name=istiod analyzer attempt=1 time=53.125µs
2026-05-28T02:35:18.652749Z	info	sync complete	name=istiod analyzer attempt=1 time=47.333µs
2026-05-28T02:40:24.708010Z	info	sync complete	name=istiod analyzer attempt=1 time=25.459µs
2026-05-28T02:45:30.449668Z	info	sync complete	name=istiod analyzer attempt=1 time=60.833µs
2026-05-28T02:50:36.632421Z	info	sync complete	name=istiod analyzer attempt=1 time=27.792µs
2026-05-28T02:55:43.202909Z	info	sync complete	name=istiod analyzer attempt=1 time=26.375µs
2026-05-28T02:58:12.589510Z	info	delta	ADS: "10.10.0.69:56220" tier1-tr-entry-gateway-d5ff5c776-hxmgn.tier1-tr-141 terminated
2026-05-28T02:58:12.729064Z	info	delta	ADS: new delta connection for node:tier1-tr-entry-gateway-d5ff5c776-hxmgn.tier1-tr-142
2026-05-28T02:58:12.729375Z	info	delta	CDS: PUSH request for node:tier1-tr-entry-gateway-d5ff5c776-hxmgn.tier1-tr resources:3 removed:0 size:2.6kB cached:2/2 filtered:0
2026-05-28T02:58:12.730105Z	info	delta	LDS: PUSH request for node:tier1-tr-entry-gateway-d5ff5c776-hxmgn.tier1-tr resources:1 removed:0 size:4.8kB filtered:0
2026-05-28T02:58:12.731517Z	info	delta	SDS: PUSH request for node:tier1-tr-entry-gateway-d5ff5c776-hxmgn.tier1-tr resources:1 removed:0 size:2.8kB cached:1/1 filtered:0
2026-05-28T02:58:12.731808Z	info	delta	RDS: PUSH request for node:tier1-tr-entry-gateway-d5ff5c776-hxmgn.tier1-tr resources:1 removed:0 size:784B cached:0/0 filtered:0
2026-05-28T02:58:12.731889Z	info	delta	EDS: PUSH request for node:tier1-tr-entry-gateway-d5ff5c776-hxmgn.tier1-tr resources:2 removed:0 size:336B empty:0 cached:2/2 filtered:0
2026-05-28T03:00:48.752389Z	info	sync complete	name=istiod analyzer attempt=1 time=27.625µs
2026-05-28T03:05:55.239469Z	info	sync complete	name=istiod analyzer attempt=1 time=31.708µs
2026-05-28T03:11:02.143367Z	info	sync complete	name=istiod analyzer attempt=1 time=45.125µs
2026-05-28T03:16:07.827955Z	info	sync complete	name=istiod analyzer attempt=1 time=24.417µs
2026-05-28T03:21:14.242881Z	info	sync complete	name=istiod analyzer attempt=1 time=31.167µs
2026-05-28T03:26:20.147165Z	info	sync complete	name=istiod analyzer attempt=1 time=40.291µs
2026-05-28T03:27:46.716857Z	info	delta	ADS: "10.10.0.69:46318" tier1-tr-entry-gateway-d5ff5c776-hxmgn.tier1-tr-142 terminated
2026-05-28T03:27:47.078297Z	info	delta	ADS: new delta connection for node:tier1-tr-entry-gateway-d5ff5c776-hxmgn.tier1-tr-143
2026-05-28T03:27:47.078613Z	info	delta	CDS: PUSH request for node:tier1-tr-entry-gateway-d5ff5c776-hxmgn.tier1-tr resources:3 removed:0 size:2.6kB cached:2/2 filtered:0
2026-05-28T03:27:47.080138Z	info	delta	LDS: PUSH request for node:tier1-tr-entry-gateway-d5ff5c776-hxmgn.tier1-tr resources:1 removed:0 size:4.8kB filtered:0
2026-05-28T03:27:47.081570Z	info	delta	SDS: PUSH request for node:tier1-tr-entry-gateway-d5ff5c776-hxmgn.tier1-tr resources:1 removed:0 size:2.8kB cached:1/1 filtered:0
2026-05-28T03:27:47.081776Z	info	delta	RDS: PUSH request for node:tier1-tr-entry-gateway-d5ff5c776-hxmgn.tier1-tr resources:1 removed:0 size:784B cached:0/0 filtered:0
2026-05-28T03:27:47.081823Z	info	delta	EDS: PUSH request for node:tier1-tr-entry-gateway-d5ff5c776-hxmgn.tier1-tr resources:2 removed:0 size:336B empty:0 cached:2/2 filtered:0
2026-05-28T03:31:26.143303Z	info	sync complete	name=istiod analyzer attempt=1 time=41.292µs
2026-05-28T03:36:31.140196Z	info	sync complete	name=istiod analyzer attempt=1 time=38.959µs
2026-05-28T03:41:36.809322Z	info	sync complete	name=istiod analyzer attempt=1 time=39.541µs
2026-05-28T03:46:43.013505Z	info	sync complete	name=istiod analyzer attempt=1 time=27.583µs
2026-05-28T03:51:48.345450Z	info	sync complete	name=istiod analyzer attempt=1 time=69.666µs
2026-05-28T03:56:55.291106Z	info	sync complete	name=istiod analyzer attempt=1 time=31.292µs
2026-05-28T04:00:32.407534Z	info	delta	ADS: "10.10.0.69:44776" tier1-tr-entry-gateway-d5ff5c776-hxmgn.tier1-tr-143 terminated
2026-05-28T04:00:32.802534Z	info	delta	ADS: new delta connection for node:tier1-tr-entry-gateway-d5ff5c776-hxmgn.tier1-tr-144
2026-05-28T04:00:32.802831Z	info	delta	CDS: PUSH request for node:tier1-tr-entry-gateway-d5ff5c776-hxmgn.tier1-tr resources:3 removed:0 size:2.6kB cached:2/2 filtered:0
2026-05-28T04:00:32.803585Z	info	delta	LDS: PUSH request for node:tier1-tr-entry-gateway-d5ff5c776-hxmgn.tier1-tr resources:1 removed:0 size:4.8kB filtered:0
2026-05-28T04:00:32.804873Z	info	delta	SDS: PUSH request for node:tier1-tr-entry-gateway-d5ff5c776-hxmgn.tier1-tr resources:1 removed:0 size:2.8kB cached:1/1 filtered:0
2026-05-28T04:00:32.805073Z	info	delta	RDS: PUSH request for node:tier1-tr-entry-gateway-d5ff5c776-hxmgn.tier1-tr resources:1 removed:0 size:784B cached:0/0 filtered:0
2026-05-28T04:00:32.805116Z	info	delta	EDS: PUSH request for node:tier1-tr-entry-gateway-d5ff5c776-hxmgn.tier1-tr resources:2 removed:0 size:336B empty:0 cached:2/2 filtered:0
2026-05-28T04:02:00.356179Z	info	sync complete	name=istiod analyzer attempt=1 time=143.334µs
2026-05-28T04:07:06.763857Z	info	sync complete	name=istiod analyzer attempt=1 time=110.292µs
2026-05-28T04:12:12.142658Z	info	sync complete	name=istiod analyzer attempt=1 time=120.625µs
2026-05-28T04:17:17.211049Z	info	sync complete	name=istiod analyzer attempt=1 time=112.25µs
2026-05-28T04:22:22.964564Z	info	sync complete	name=istiod analyzer attempt=1 time=119.917µs
2026-05-28T04:27:28.830732Z	info	sync complete	name=istiod analyzer attempt=1 time=83.959µs
2026-05-28T04:31:36.690112Z	info	delta	ADS: "10.10.0.69:51720" tier1-tr-entry-gateway-d5ff5c776-hxmgn.tier1-tr-144 terminated
2026-05-28T04:31:36.812072Z	info	delta	ADS: new delta connection for node:tier1-tr-entry-gateway-d5ff5c776-hxmgn.tier1-tr-145
2026-05-28T04:31:36.812386Z	info	delta	CDS: PUSH request for node:tier1-tr-entry-gateway-d5ff5c776-hxmgn.tier1-tr resources:3 removed:0 size:2.6kB cached:2/2 filtered:0
2026-05-28T04:31:36.813269Z	info	delta	LDS: PUSH request for node:tier1-tr-entry-gateway-d5ff5c776-hxmgn.tier1-tr resources:1 removed:0 size:4.8kB filtered:0
2026-05-28T04:31:36.814760Z	info	delta	SDS: PUSH request for node:tier1-tr-entry-gateway-d5ff5c776-hxmgn.tier1-tr resources:1 removed:0 size:2.8kB cached:1/1 filtered:0
2026-05-28T04:31:36.815039Z	info	delta	RDS: PUSH request for node:tier1-tr-entry-gateway-d5ff5c776-hxmgn.tier1-tr resources:1 removed:0 size:784B cached:0/0 filtered:0
2026-05-28T04:31:36.815086Z	info	delta	EDS: PUSH request for node:tier1-tr-entry-gateway-d5ff5c776-hxmgn.tier1-tr resources:2 removed:0 size:336B empty:0 cached:2/2 filtered:0
2026-05-28T04:32:35.191623Z	info	sync complete	name=istiod analyzer attempt=1 time=128.917µs
2026-05-28T04:37:41.511744Z	info	sync complete	name=istiod analyzer attempt=1 time=118.292µs
2026-05-28T04:42:45.869562Z	info	sync complete	name=istiod analyzer attempt=1 time=137.708µs
2026-05-28T04:47:52.000567Z	info	sync complete	name=istiod analyzer attempt=1 time=121µs
2026-05-28T04:52:58.345070Z	info	sync complete	name=istiod analyzer attempt=1 time=96.375µs
2026-05-28T04:58:04.458563Z	info	sync complete	name=istiod analyzer attempt=1 time=59.417µs
2026-05-28T05:01:37.701400Z	info	delta	ADS: "10.10.0.69:42398" tier1-tr-entry-gateway-d5ff5c776-hxmgn.tier1-tr-145 terminated
2026-05-28T05:01:38.131667Z	info	delta	ADS: new delta connection for node:tier1-tr-entry-gateway-d5ff5c776-hxmgn.tier1-tr-146
2026-05-28T05:01:38.132239Z	info	delta	CDS: PUSH request for node:tier1-tr-entry-gateway-d5ff5c776-hxmgn.tier1-tr resources:3 removed:0 size:2.6kB cached:2/2 filtered:0
2026-05-28T05:01:38.134413Z	info	delta	LDS: PUSH request for node:tier1-tr-entry-gateway-d5ff5c776-hxmgn.tier1-tr resources:1 removed:0 size:4.8kB filtered:0
2026-05-28T05:01:38.137172Z	info	delta	SDS: PUSH request for node:tier1-tr-entry-gateway-d5ff5c776-hxmgn.tier1-tr resources:1 removed:0 size:2.8kB cached:1/1 filtered:0
2026-05-28T05:01:38.137415Z	info	delta	RDS: PUSH request for node:tier1-tr-entry-gateway-d5ff5c776-hxmgn.tier1-tr resources:1 removed:0 size:784B cached:0/0 filtered:0
2026-05-28T05:01:38.137464Z	info	delta	EDS: PUSH request for node:tier1-tr-entry-gateway-d5ff5c776-hxmgn.tier1-tr resources:2 removed:0 size:336B empty:0 cached:2/2 filtered:0
2026-05-28T05:03:09.736378Z	info	sync complete	name=istiod analyzer attempt=1 time=109.209µs
2026-05-28T05:08:14.496806Z	info	sync complete	name=istiod analyzer attempt=1 time=237.958µs
2026-05-28T05:13:19.655994Z	info	sync complete	name=istiod analyzer attempt=1 time=173.292µs
2026-05-28T05:18:26.659398Z	info	sync complete	name=istiod analyzer attempt=1 time=62.708µs
2026-05-28T05:23:32.371930Z	info	sync complete	name=istiod analyzer attempt=1 time=66.375µs
2026-05-28T05:28:38.831623Z	info	sync complete	name=istiod analyzer attempt=1 time=101µs
2026-05-28T05:33:20.818467Z	info	delta	ADS: "10.10.0.69:53040" tier1-tr-entry-gateway-d5ff5c776-hxmgn.tier1-tr-146 terminated
2026-05-28T05:33:21.256463Z	info	delta	ADS: new delta connection for node:tier1-tr-entry-gateway-d5ff5c776-hxmgn.tier1-tr-147
2026-05-28T05:33:21.256819Z	info	delta	CDS: PUSH request for node:tier1-tr-entry-gateway-d5ff5c776-hxmgn.tier1-tr resources:3 removed:0 size:2.6kB cached:2/2 filtered:0
2026-05-28T05:33:21.258065Z	info	delta	LDS: PUSH request for node:tier1-tr-entry-gateway-d5ff5c776-hxmgn.tier1-tr resources:1 removed:0 size:4.8kB filtered:0
2026-05-28T05:33:21.259407Z	info	delta	SDS: PUSH request for node:tier1-tr-entry-gateway-d5ff5c776-hxmgn.tier1-tr resources:1 removed:0 size:2.8kB cached:1/1 filtered:0
2026-05-28T05:33:21.259667Z	info	delta	RDS: PUSH request for node:tier1-tr-entry-gateway-d5ff5c776-hxmgn.tier1-tr resources:1 removed:0 size:784B cached:0/0 filtered:0
2026-05-28T05:33:21.259733Z	info	delta	EDS: PUSH request for node:tier1-tr-entry-gateway-d5ff5c776-hxmgn.tier1-tr resources:2 removed:0 size:336B empty:0 cached:2/2 filtered:0
2026-05-28T05:33:45.165213Z	info	sync complete	name=istiod analyzer attempt=1 time=62.459µs
2026-05-28T05:38:51.544447Z	info	sync complete	name=istiod analyzer attempt=1 time=63.875µs
2026-05-28T05:43:57.383369Z	info	sync complete	name=istiod analyzer attempt=1 time=65.958µs
2026-05-28T05:49:04.020884Z	info	sync complete	name=istiod analyzer attempt=1 time=97.458µs
2026-05-28T05:54:10.222531Z	info	sync complete	name=istiod analyzer attempt=1 time=125.417µs
2026-05-28T05:59:14.857188Z	info	sync complete	name=istiod analyzer attempt=1 time=64.584µs
2026-05-28T06:03:21.394109Z	info	delta	ADS: "10.10.0.69:44574" tier1-tr-entry-gateway-d5ff5c776-hxmgn.tier1-tr-147 terminated
2026-05-28T06:03:21.751057Z	info	delta	ADS: new delta connection for node:tier1-tr-entry-gateway-d5ff5c776-hxmgn.tier1-tr-148
2026-05-28T06:03:21.751367Z	info	delta	CDS: PUSH request for node:tier1-tr-entry-gateway-d5ff5c776-hxmgn.tier1-tr resources:3 removed:0 size:2.6kB cached:2/2 filtered:0
2026-05-28T06:03:21.752202Z	info	delta	LDS: PUSH request for node:tier1-tr-entry-gateway-d5ff5c776-hxmgn.tier1-tr resources:1 removed:0 size:4.8kB filtered:0
2026-05-28T06:03:21.753455Z	info	delta	SDS: PUSH request for node:tier1-tr-entry-gateway-d5ff5c776-hxmgn.tier1-tr resources:1 removed:0 size:2.8kB cached:1/1 filtered:0
2026-05-28T06:03:21.753663Z	info	delta	RDS: PUSH request for node:tier1-tr-entry-gateway-d5ff5c776-hxmgn.tier1-tr resources:1 removed:0 size:784B cached:0/0 filtered:0
2026-05-28T06:03:21.753706Z	info	delta	EDS: PUSH request for node:tier1-tr-entry-gateway-d5ff5c776-hxmgn.tier1-tr resources:2 removed:0 size:336B empty:0 cached:2/2 filtered:0
2026-05-28T06:04:19.911539Z	info	sync complete	name=istiod analyzer attempt=1 time=51.834µs
2026-05-28T06:08:12.368840Z	info	ads	Push debounce stable[128] 6 for config EnvoyFilter/tier1-tr/tier1-tr-entry-gg-default-upstream-traffic-setting and 5 more configs: 100.163667ms since last change, 124.988584ms since last push, full=true
2026-05-28T06:08:12.369376Z	info	ads	XDS: Pushing Services:15 ConnectedEndpoints:1 Version:2026-05-28T06:08:12Z/96
2026-05-28T06:08:12.369892Z	info	delta	CDS: PUSH for node:tier1-tr-entry-gateway-d5ff5c776-hxmgn.tier1-tr resources:1 removed:2 size:50B
2026-05-28T06:08:12.370106Z	info	delta	EDS: PUSH for node:tier1-tr-entry-gateway-d5ff5c776-hxmgn.tier1-tr resources:2 removed:0 size:336B empty:0 cached:0/2
2026-05-28T06:08:12.370172Z	info	delta	LDS: PUSH for node:tier1-tr-entry-gateway-d5ff5c776-hxmgn.tier1-tr resources:0 removed:1 size:0B
2026-05-28T06:08:12.370195Z	warn	buildGatewayRoutes: no gateways for router tier1-tr-entry-gateway-d5ff5c776-hxmgn.tier1-tr
2026-05-28T06:08:12.370218Z	info	delta	RDS: PUSH for node:tier1-tr-entry-gateway-d5ff5c776-hxmgn.tier1-tr resources:1 removed:0 size:56B cached:0/0
2026-05-28T06:08:13.271110Z	info	sync complete	name=istiod analyzer attempt=1 time=1.509667ms
2026-05-28T06:08:14.385224Z	info	ads	Push debounce stable[129] 2 for config ServiceEntry/xcp-multicluster/transit.tetrate.io and 1 more configs: 102.143ms since last change, 104.19875ms since last push, full=true
2026-05-28T06:08:14.385434Z	info	ads	XDS: Pushing Services:14 ConnectedEndpoints:1 Version:2026-05-28T06:08:14Z/97
2026-05-28T06:08:14.385532Z	info	delta	CDS: PUSH for node:tier1-tr-entry-gateway-d5ff5c776-hxmgn.tier1-tr resources:1 removed:0 size:50B
2026-05-28T06:08:14.385558Z	info	delta	LDS: PUSH for node:tier1-tr-entry-gateway-d5ff5c776-hxmgn.tier1-tr resources:0 removed:0 size:0B
2026-05-28T06:08:14.385570Z	warn	buildGatewayRoutes: no gateways for router tier1-tr-entry-gateway-d5ff5c776-hxmgn.tier1-tr
2026-05-28T06:08:14.385577Z	info	delta	RDS: PUSH for node:tier1-tr-entry-gateway-d5ff5c776-hxmgn.tier1-tr resources:1 removed:0 size:56B cached:0/0
2026-05-28T06:08:15.283935Z	info	sync complete	name=istiod analyzer attempt=1 time=32.167µs
2026-05-28T06:08:20.214927Z	info	model	reloading network gateways
2026-05-28T06:08:20.215083Z	info	model	gateways changed, triggering push
2026-05-28T06:08:20.221919Z	info	model	Incremental push, service tier1-tr-entry-gateway.tier1-tr.svc.cluster.local at shard Kubernetes/cluster-0 has no endpoints
2026-05-28T06:08:20.323077Z	info	ads	Push debounce stable[130] 4 for config ServiceEntry/tier1-tr/tier1-tr-entry-gateway.tier1-tr.svc.cluster.local: 101.076334ms since last change, 107.936833ms since last push, full=true
2026-05-28T06:08:20.324498Z	info	ads	XDS: Pushing Services:13 ConnectedEndpoints:1 Version:2026-05-28T06:08:20Z/98
2026-05-28T06:08:20.324656Z	info	delta	CDS: PUSH for node:tier1-tr-entry-gateway-d5ff5c776-hxmgn.tier1-tr resources:1 removed:0 size:50B
2026-05-28T06:08:20.324684Z	info	delta	LDS: PUSH for node:tier1-tr-entry-gateway-d5ff5c776-hxmgn.tier1-tr resources:0 removed:0 size:0B
2026-05-28T06:08:20.324697Z	warn	buildGatewayRoutes: no gateways for router tier1-tr-entry-gateway-d5ff5c776-hxmgn.tier1-tr
2026-05-28T06:08:20.324704Z	info	delta	RDS: PUSH for node:tier1-tr-entry-gateway-d5ff5c776-hxmgn.tier1-tr resources:1 removed:0 size:56B cached:0/0
2026-05-28T06:08:20.324905Z	info	delta	SDS: PUSH for node:tier1-tr-entry-gateway-d5ff5c776-hxmgn.tier1-tr resources:1 removed:0 size:2.8kB cached:0/1
2026-05-28T06:08:20.451149Z	info	ads	Push debounce stable[131] 1 for config Secret/tier1-tr/transit-edge-tls: 100.680166ms since last change, 100.680125ms since last push, full=false
2026-05-28T06:08:20.451217Z	info	ads	XDS: Incremental Pushing ConnectedEndpoints:1 Version:2026-05-28T06:08:20Z/98
2026-05-28T06:08:20.451713Z	warn	ads	mayBeGetEnvoyGenericSecret failed to fetch value for kubernetes://transit-edge-tls: secret tier1-tr/transit-edge-tls not found
2026-05-28T06:08:20.451725Z	warn	ads	failed to fetch key and certificate for kubernetes://transit-edge-tls: secret tier1-tr/transit-edge-tls not found
2026-05-28T06:08:21.391174Z	info	sync complete	name=istiod analyzer attempt=1 time=30µs
2026-05-28T06:08:26.412077Z	info	sync complete	name=istiod analyzer attempt=1 time=26.25µs
2026-05-28T06:08:31.476858Z	info	sync complete	name=istiod analyzer attempt=1 time=134.375µs
2026-05-28T06:08:31.884554Z	info	delta	ADS: "10.10.0.69:47708" tier1-tr-entry-gateway-d5ff5c776-hxmgn.tier1-tr-148 terminated
2026-05-28T06:08:33.328093Z	info	ads	Push debounce stable[132] 1 for config ConfigMap/tier1-tr/kube-root-ca.crt: 101.827792ms since last change, 101.82775ms since last push, full=false
2026-05-28T06:08:33.328183Z	info	ads	XDS: Incremental Pushing ConnectedEndpoints:0 Version:2026-05-28T06:08:20Z/98
2026-05-28T06:08:33.471427Z	info	ads	Push debounce stable[133] 2 for config Sidecar/tier1-tr/default and 1 more configs: 100.603375ms since last change, 111.175667ms since last push, full=true
2026-05-28T06:08:33.472685Z	info	ads	XDS: Pushing Services:13 ConnectedEndpoints:0 Version:2026-05-28T06:08:33Z/99
2026-05-28T06:08:34.409210Z	info	sync complete	name=istiod analyzer attempt=1 time=42.542µs
2026-05-28T06:08:54.586944Z	info	Process sidecar injection request	path=/inject pod=client-tr/client-56b675d94f-***** (actual name not yet known)
2026-05-28T06:08:54.664341Z	info	ads	Push debounce stable[134] 1 for config ConfigMap/client-tr/kube-root-ca.crt: 100.811042ms since last change, 100.810958ms since last push, full=false
2026-05-28T06:08:54.664427Z	info	ads	XDS: Incremental Pushing ConnectedEndpoints:0 Version:2026-05-28T06:08:33Z/99
2026-05-28T06:08:55.612310Z	info	sync complete	name=istiod analyzer attempt=1 time=51.25µs
2026-05-28T06:08:56.093628Z	info	delta	ADS: new delta connection for node:client-56b675d94f-clb5v.client-tr-149
2026-05-28T06:08:56.094154Z	info	delta	CDS: PUSH request for node:client-56b675d94f-clb5v.client-tr resources:24 removed:0 size:26.0kB cached:0/21
2026-05-28T06:08:56.103134Z	info	delta	EDS: PUSH request for node:client-56b675d94f-clb5v.client-tr resources:20 removed:0 size:4.3kB empty:0 cached:0/20 filtered:0
2026-05-28T06:08:56.116943Z	info	delta	LDS: PUSH request for node:client-56b675d94f-clb5v.client-tr resources:21 removed:0 size:81.7kB
2026-05-28T06:08:56.117196Z	info	delta	NDS: PUSH request for node:client-56b675d94f-clb5v.client-tr resources:1 removed:0 size:1.4kB
2026-05-28T06:08:56.131791Z	info	delta	RDS: PUSH request for node:client-56b675d94f-clb5v.client-tr resources:12 removed:0 size:8.1kB cached:0/12 filtered:0
2026-05-28T06:08:56.927479Z	info	sync complete	name=istiod analyzer attempt=1 time=84.083µs
2026-05-28T06:08:57.160452Z	info	ads	Push debounce stable[135] 2 for config Sidecar/client-tr/default and 1 more configs: 100.762708ms since last change, 101.867667ms since last push, full=true
2026-05-28T06:08:57.161165Z	info	ads	XDS: Pushing Services:13 ConnectedEndpoints:1 Version:2026-05-28T06:08:57Z/100
2026-05-28T06:08:57.161880Z	info	delta	CDS: PUSH for node:client-56b675d94f-clb5v.client-tr resources:24 removed:0 size:26.5kB cached:0/21
2026-05-28T06:08:57.162012Z	info	delta	EDS: PUSH for node:client-56b675d94f-clb5v.client-tr resources:20 removed:0 size:4.3kB empty:0 cached:0/20
2026-05-28T06:08:57.162904Z	info	delta	LDS: PUSH for node:client-56b675d94f-clb5v.client-tr resources:21 removed:0 size:81.7kB
2026-05-28T06:08:57.163628Z	info	delta	RDS: PUSH for node:client-56b675d94f-clb5v.client-tr resources:12 removed:0 size:11.1kB cached:0/12
2026-05-28T06:08:57.163667Z	info	delta	NDS: PUSH for node:client-56b675d94f-clb5v.client-tr resources:1 removed:0 size:1.4kB
2026-05-28T06:08:58.091077Z	info	model	Cache Update, new service xcp-multicluster/echo.echo-tr.svc.cluster.local
2026-05-28T06:08:58.199455Z	info	ads	Push debounce stable[136] 3 for config DestinationRule/xcp-multicluster/global-gateway-echo-echo-tr-svc-cluster-local and 1 more configs: 101.243042ms since last change, 108.889041ms since last push, full=true
2026-05-28T06:08:58.199712Z	info	ads	XDS: Pushing Services:14 ConnectedEndpoints:1 Version:2026-05-28T06:08:58Z/101
2026-05-28T06:08:58.199918Z	info	delta	CDS: PUSH for node:client-56b675d94f-clb5v.client-tr resources:4 removed:0 size:2.0kB cached:0/1
2026-05-28T06:08:58.199959Z	info	delta	EDS: PUSH for node:client-56b675d94f-clb5v.client-tr resources:20 removed:0 size:4.3kB empty:0 cached:20/20
2026-05-28T06:08:58.200678Z	info	delta	LDS: PUSH for node:client-56b675d94f-clb5v.client-tr resources:22 removed:0 size:86.1kB
2026-05-28T06:08:58.200969Z	info	delta	RDS: PUSH for node:client-56b675d94f-clb5v.client-tr resources:12 removed:0 size:11.1kB cached:7/12
2026-05-28T06:08:58.201005Z	info	delta	NDS: PUSH for node:client-56b675d94f-clb5v.client-tr resources:1 removed:0 size:1.5kB
2026-05-28T06:08:58.205639Z	info	delta	EDS: PUSH request for node:client-56b675d94f-clb5v.client-tr resources:1 removed:0 size:159B empty:0 cached:0/1 filtered:20
2026-05-28T06:08:58.206628Z	info	delta	RDS: PUSH request for node:client-56b675d94f-clb5v.client-tr resources:1 removed:0 size:949B cached:0/1 filtered:12
2026-05-28T06:08:58.935734Z	info	delta	CDS: PUSH for node:client-56b675d94f-clb5v.client-tr resources:25 removed:0 size:27.7kB cached:22/22
2026-05-28T06:08:58.935808Z	info	delta	EDS: PUSH for node:client-56b675d94f-clb5v.client-tr resources:21 removed:0 size:4.4kB empty:0 cached:21/21
2026-05-28T06:08:58.936569Z	info	delta	LDS: PUSH for node:client-56b675d94f-clb5v.client-tr resources:22 removed:0 size:86.1kB
2026-05-28T06:08:58.936885Z	info	delta	RDS: PUSH for node:client-56b675d94f-clb5v.client-tr resources:13 removed:0 size:12.1kB cached:8/13
2026-05-28T06:08:58.936922Z	info	delta	NDS: PUSH for node:client-56b675d94f-clb5v.client-tr resources:1 removed:0 size:1.5kB
2026-05-28T06:08:59.942392Z	info	sync complete	name=istiod analyzer attempt=1 time=28.792µs
2026-05-28T06:09:00.055376Z	info	ads	Push debounce stable[137] 1 for config EnvoyFilter/client-tr/default-upstream-traffic-setting: 100.70225ms since last change, 100.702208ms since last push, full=true
2026-05-28T06:09:00.056067Z	info	ads	XDS: Pushing Services:14 ConnectedEndpoints:1 Version:2026-05-28T06:09:00Z/102
2026-05-28T06:09:00.057165Z	info	delta	CDS: PUSH for node:client-56b675d94f-clb5v.client-tr resources:25 removed:0 size:27.7kB cached:0/22
2026-05-28T06:09:00.057227Z	info	delta	EDS: PUSH for node:client-56b675d94f-clb5v.client-tr resources:21 removed:0 size:4.4kB empty:0 cached:21/21
2026-05-28T06:09:00.057929Z	info	delta	LDS: PUSH for node:client-56b675d94f-clb5v.client-tr resources:22 removed:0 size:86.1kB
2026-05-28T06:09:00.058371Z	info	delta	RDS: PUSH for node:client-56b675d94f-clb5v.client-tr resources:13 removed:0 size:12.1kB cached:0/13
2026-05-28T06:09:00.956296Z	info	sync complete	name=istiod analyzer attempt=1 time=37.958µs
2026-05-28T06:09:26.533681Z	info	sync complete	name=istiod analyzer attempt=1 time=42.917µs
2026-05-28T06:14:32.866260Z	info	sync complete	name=istiod analyzer attempt=1 time=61.083µs
2026-05-28T06:19:39.146848Z	info	sync complete	name=istiod analyzer attempt=1 time=66µs
2026-05-28T06:24:45.349312Z	info	sync complete	name=istiod analyzer attempt=1 time=116.708µs
2026-05-28T06:29:52.693353Z	info	sync complete	name=istiod analyzer attempt=1 time=60.333µs
2026-05-28T06:34:58.344179Z	info	sync complete	name=istiod analyzer attempt=1 time=125.458µs
2026-05-28T06:38:53.446579Z	info	delta	ADS: "10.10.0.70:50512" client-56b675d94f-clb5v.client-tr-149 terminated
2026-05-28T06:38:53.604841Z	info	delta	ADS: new delta connection for node:client-56b675d94f-clb5v.client-tr-150
2026-05-28T06:38:53.605769Z	info	delta	CDS: PUSH request for node:client-56b675d94f-clb5v.client-tr resources:25 removed:0 size:27.7kB cached:22/22 filtered:0
2026-05-28T06:38:53.606695Z	info	delta	EDS: PUSH request for node:client-56b675d94f-clb5v.client-tr resources:21 removed:0 size:4.4kB empty:0 cached:21/21 filtered:0
2026-05-28T06:38:53.608854Z	info	delta	LDS: PUSH request for node:client-56b675d94f-clb5v.client-tr resources:22 removed:0 size:86.1kB filtered:0
2026-05-28T06:38:53.609024Z	info	delta	NDS: PUSH request for node:client-56b675d94f-clb5v.client-tr resources:1 removed:0 size:1.5kB
2026-05-28T06:38:53.609427Z	info	delta	RDS: PUSH request for node:client-56b675d94f-clb5v.client-tr resources:13 removed:0 size:12.1kB cached:6/13 filtered:0
2026-05-28T06:40:03.866133Z	info	sync complete	name=istiod analyzer attempt=1 time=106.375µs
2026-05-28T06:45:10.118023Z	info	sync complete	name=istiod analyzer attempt=1 time=111.625µs
2026-05-28T06:50:16.210701Z	info	sync complete	name=istiod analyzer attempt=1 time=75.875µs
2026-05-28T06:55:21.998091Z	info	sync complete	name=istiod analyzer attempt=1 time=69.959µs
2026-05-28T07:00:28.325449Z	info	sync complete	name=istiod analyzer attempt=1 time=77.209µs
2026-05-28T07:05:34.756758Z	info	sync complete	name=istiod analyzer attempt=1 time=49.625µs
2026-05-28T07:08:28.708238Z	info	delta	ADS: "10.10.0.70:42272" client-56b675d94f-clb5v.client-tr-150 terminated
2026-05-28T07:08:28.870789Z	info	delta	ADS: new delta connection for node:client-56b675d94f-clb5v.client-tr-151
2026-05-28T07:08:28.871360Z	info	delta	CDS: PUSH request for node:client-56b675d94f-clb5v.client-tr resources:25 removed:0 size:27.7kB cached:22/22 filtered:0
2026-05-28T07:08:28.872581Z	info	delta	EDS: PUSH request for node:client-56b675d94f-clb5v.client-tr resources:21 removed:0 size:4.4kB empty:0 cached:21/21 filtered:0
2026-05-28T07:08:28.874027Z	info	delta	LDS: PUSH request for node:client-56b675d94f-clb5v.client-tr resources:22 removed:0 size:86.1kB filtered:0
2026-05-28T07:08:28.874196Z	info	delta	NDS: PUSH request for node:client-56b675d94f-clb5v.client-tr resources:1 removed:0 size:1.5kB
2026-05-28T07:08:28.874494Z	info	delta	RDS: PUSH request for node:client-56b675d94f-clb5v.client-tr resources:13 removed:0 size:12.1kB cached:7/13 filtered:0
2026-05-28T07:10:41.380176Z	info	sync complete	name=istiod analyzer attempt=1 time=75.459µs
2026-05-28T07:15:47.748427Z	info	sync complete	name=istiod analyzer attempt=1 time=46.083µs
2026-05-28T07:20:53.798396Z	info	sync complete	name=istiod analyzer attempt=1 time=53µs
2026-05-28T07:26:00.605529Z	info	sync complete	name=istiod analyzer attempt=1 time=34.541µs
2026-05-28T07:31:05.646484Z	info	sync complete	name=istiod analyzer attempt=1 time=44.125µs
2026-05-28T07:36:11.956962Z	info	sync complete	name=istiod analyzer attempt=1 time=30µs
2026-05-28T07:38:32.232600Z	info	delta	ADS: "10.10.0.70:52564" client-56b675d94f-clb5v.client-tr-151 terminated
2026-05-28T07:38:32.306218Z	info	delta	ADS: new delta connection for node:client-56b675d94f-clb5v.client-tr-152
2026-05-28T07:38:32.306630Z	info	delta	CDS: PUSH request for node:client-56b675d94f-clb5v.client-tr resources:25 removed:0 size:27.7kB cached:22/22 filtered:0
2026-05-28T07:38:32.307342Z	info	delta	EDS: PUSH request for node:client-56b675d94f-clb5v.client-tr resources:21 removed:0 size:4.4kB empty:0 cached:21/21 filtered:0
2026-05-28T07:38:32.308592Z	info	delta	LDS: PUSH request for node:client-56b675d94f-clb5v.client-tr resources:22 removed:0 size:86.1kB filtered:0
2026-05-28T07:38:32.308713Z	info	delta	NDS: PUSH request for node:client-56b675d94f-clb5v.client-tr resources:1 removed:0 size:1.5kB
2026-05-28T07:38:32.308959Z	info	delta	RDS: PUSH request for node:client-56b675d94f-clb5v.client-tr resources:13 removed:0 size:12.1kB cached:8/13 filtered:0
2026-05-28T07:41:18.815053Z	info	sync complete	name=istiod analyzer attempt=1 time=28.666µs
2026-05-28T07:46:24.743182Z	info	sync complete	name=istiod analyzer attempt=1 time=42.042µs
2026-05-28T07:51:30.597065Z	info	sync complete	name=istiod analyzer attempt=1 time=36.5µs
2026-05-28T07:56:36.142377Z	info	sync complete	name=istiod analyzer attempt=1 time=44.083µs
2026-05-28T08:01:41.846534Z	info	sync complete	name=istiod analyzer attempt=1 time=34.75µs
2026-05-28T08:06:47.625494Z	info	sync complete	name=istiod analyzer attempt=1 time=46.125µs
2026-05-28T08:08:19.088130Z	info	delta	ADS: "10.10.0.70:55970" client-56b675d94f-clb5v.client-tr-152 terminated
2026-05-28T08:08:19.565949Z	info	delta	ADS: new delta connection for node:client-56b675d94f-clb5v.client-tr-153
2026-05-28T08:08:19.566344Z	info	delta	CDS: PUSH request for node:client-56b675d94f-clb5v.client-tr resources:25 removed:0 size:27.7kB cached:22/22 filtered:0
2026-05-28T08:08:19.566949Z	info	delta	EDS: PUSH request for node:client-56b675d94f-clb5v.client-tr resources:21 removed:0 size:4.4kB empty:0 cached:21/21 filtered:0
2026-05-28T08:08:19.569018Z	info	delta	LDS: PUSH request for node:client-56b675d94f-clb5v.client-tr resources:22 removed:0 size:86.1kB filtered:0
2026-05-28T08:08:19.569146Z	info	delta	NDS: PUSH request for node:client-56b675d94f-clb5v.client-tr resources:1 removed:0 size:1.5kB
2026-05-28T08:08:19.569367Z	info	delta	RDS: PUSH request for node:client-56b675d94f-clb5v.client-tr resources:13 removed:0 size:12.1kB cached:7/13 filtered:0
2026-05-28T08:11:52.367142Z	info	sync complete	name=istiod analyzer attempt=1 time=28µs
2026-05-28T08:16:59.743760Z	info	sync complete	name=istiod analyzer attempt=1 time=37.75µs
2026-05-28T08:22:05.900377Z	info	sync complete	name=istiod analyzer attempt=1 time=32.833µs
2026-05-28T08:27:11.205036Z	info	sync complete	name=istiod analyzer attempt=1 time=30.791µs
2026-05-28T08:32:16.915400Z	info	sync complete	name=istiod analyzer attempt=1 time=24.75µs
2026-05-28T08:37:23.986409Z	info	sync complete	name=istiod analyzer attempt=1 time=25.625µs
2026-05-28T08:40:49.238576Z	info	delta	ADS: "10.10.0.70:38510" client-56b675d94f-clb5v.client-tr-153 terminated
2026-05-28T08:40:49.288913Z	info	delta	ADS: new delta connection for node:client-56b675d94f-clb5v.client-tr-154
2026-05-28T08:40:49.289380Z	info	delta	CDS: PUSH request for node:client-56b675d94f-clb5v.client-tr resources:25 removed:0 size:27.7kB cached:22/22 filtered:0
2026-05-28T08:40:49.290437Z	info	delta	EDS: PUSH request for node:client-56b675d94f-clb5v.client-tr resources:21 removed:0 size:4.4kB empty:0 cached:21/21 filtered:0
2026-05-28T08:40:49.291804Z	info	delta	LDS: PUSH request for node:client-56b675d94f-clb5v.client-tr resources:22 removed:0 size:86.1kB filtered:0
2026-05-28T08:40:49.291954Z	info	delta	NDS: PUSH request for node:client-56b675d94f-clb5v.client-tr resources:1 removed:0 size:1.5kB
2026-05-28T08:40:49.292333Z	info	delta	RDS: PUSH request for node:client-56b675d94f-clb5v.client-tr resources:13 removed:0 size:12.1kB cached:6/13 filtered:0
2026-05-28T08:42:29.689731Z	info	sync complete	name=istiod analyzer attempt=1 time=26.375µs
2026-05-28T08:47:35.468660Z	info	sync complete	name=istiod analyzer attempt=1 time=49.417µs
2026-05-28T08:52:42.200427Z	info	sync complete	name=istiod analyzer attempt=1 time=24.458µs
2026-05-28T08:57:48.027621Z	info	sync complete	name=istiod analyzer attempt=1 time=27.417µs
2026-05-28T09:02:53.262291Z	info	sync complete	name=istiod analyzer attempt=1 time=30µs
2026-05-28T09:07:59.266338Z	info	sync complete	name=istiod analyzer attempt=1 time=28.583µs
2026-05-28T09:09:08.375221Z	info	delta	ADS: "10.10.0.70:52176" client-56b675d94f-clb5v.client-tr-154 terminated
2026-05-28T09:09:08.640663Z	info	delta	ADS: new delta connection for node:client-56b675d94f-clb5v.client-tr-155
2026-05-28T09:09:08.641044Z	info	delta	CDS: PUSH request for node:client-56b675d94f-clb5v.client-tr resources:25 removed:0 size:27.7kB cached:22/22 filtered:0
2026-05-28T09:09:08.641743Z	info	delta	EDS: PUSH request for node:client-56b675d94f-clb5v.client-tr resources:21 removed:0 size:4.4kB empty:0 cached:21/21 filtered:0
2026-05-28T09:09:08.643334Z	info	delta	LDS: PUSH request for node:client-56b675d94f-clb5v.client-tr resources:22 removed:0 size:86.1kB filtered:0
2026-05-28T09:09:08.643494Z	info	delta	NDS: PUSH request for node:client-56b675d94f-clb5v.client-tr resources:1 removed:0 size:1.5kB
2026-05-28T09:09:08.643749Z	info	delta	RDS: PUSH request for node:client-56b675d94f-clb5v.client-tr resources:13 removed:0 size:12.1kB cached:7/13 filtered:0
2026-05-28T09:13:05.439370Z	info	sync complete	name=istiod analyzer attempt=1 time=52.292µs
2026-05-28T09:18:11.854966Z	info	sync complete	name=istiod analyzer attempt=1 time=42.416µs
2026-05-28T09:23:18.628278Z	info	sync complete	name=istiod analyzer attempt=1 time=28.291µs
2026-05-28T09:28:24.895890Z	info	sync complete	name=istiod analyzer attempt=1 time=27.167µs
2026-05-28T09:33:31.183732Z	info	sync complete	name=istiod analyzer attempt=1 time=37.709µs
2026-05-28T09:37:57.593812Z	info	delta	ADS: "10.10.0.70:49204" client-56b675d94f-clb5v.client-tr-155 terminated
2026-05-28T09:37:57.938407Z	info	delta	ADS: new delta connection for node:client-56b675d94f-clb5v.client-tr-156
2026-05-28T09:37:57.938741Z	info	delta	CDS: PUSH request for node:client-56b675d94f-clb5v.client-tr resources:25 removed:0 size:27.7kB cached:22/22 filtered:0
2026-05-28T09:37:57.939859Z	info	delta	EDS: PUSH request for node:client-56b675d94f-clb5v.client-tr resources:21 removed:0 size:4.4kB empty:0 cached:21/21 filtered:0
2026-05-28T09:37:57.941101Z	info	delta	LDS: PUSH request for node:client-56b675d94f-clb5v.client-tr resources:22 removed:0 size:86.1kB filtered:0
2026-05-28T09:37:57.941227Z	info	delta	NDS: PUSH request for node:client-56b675d94f-clb5v.client-tr resources:1 removed:0 size:1.5kB
2026-05-28T09:37:57.941470Z	info	delta	RDS: PUSH request for node:client-56b675d94f-clb5v.client-tr resources:13 removed:0 size:12.1kB cached:6/13 filtered:0
2026-05-28T09:38:37.632399Z	info	sync complete	name=istiod analyzer attempt=1 time=32.083µs
2026-05-28T09:43:42.659137Z	info	sync complete	name=istiod analyzer attempt=1 time=35.25µs
2026-05-28T09:48:48.727288Z	info	sync complete	name=istiod analyzer attempt=1 time=50.375µs
2026-05-28T09:53:55.174455Z	info	sync complete	name=istiod analyzer attempt=1 time=31.292µs
2026-05-28T09:59:01.158587Z	info	sync complete	name=istiod analyzer attempt=1 time=27.417µs
2026-05-28T10:04:07.811530Z	info	sync complete	name=istiod analyzer attempt=1 time=25.333µs
2026-05-28T10:07:19.687665Z	info	delta	ADS: "10.10.0.70:53026" client-56b675d94f-clb5v.client-tr-156 terminated
2026-05-28T10:07:19.988841Z	info	delta	ADS: new delta connection for node:client-56b675d94f-clb5v.client-tr-157
2026-05-28T10:07:19.989190Z	info	delta	CDS: PUSH request for node:client-56b675d94f-clb5v.client-tr resources:25 removed:0 size:27.7kB cached:22/22 filtered:0
2026-05-28T10:07:19.990353Z	info	delta	EDS: PUSH request for node:client-56b675d94f-clb5v.client-tr resources:21 removed:0 size:4.4kB empty:0 cached:21/21 filtered:0
2026-05-28T10:07:19.991608Z	info	delta	LDS: PUSH request for node:client-56b675d94f-clb5v.client-tr resources:22 removed:0 size:86.1kB filtered:0
2026-05-28T10:07:19.991996Z	info	delta	NDS: PUSH request for node:client-56b675d94f-clb5v.client-tr resources:1 removed:0 size:1.5kB
2026-05-28T10:07:19.992605Z	info	delta	RDS: PUSH request for node:client-56b675d94f-clb5v.client-tr resources:13 removed:0 size:12.1kB cached:7/13 filtered:0
2026-05-28T10:09:13.331909Z	info	sync complete	name=istiod analyzer attempt=1 time=54.959µs
2026-05-28T10:14:19.875442Z	info	sync complete	name=istiod analyzer attempt=1 time=27.417µs
2026-05-28T10:19:25.672397Z	info	sync complete	name=istiod analyzer attempt=1 time=48.541µs
2026-05-28T10:24:31.986687Z	info	sync complete	name=istiod analyzer attempt=1 time=39.666µs
2026-05-28T10:29:37.682741Z	info	sync complete	name=istiod analyzer attempt=1 time=38.042µs
2026-05-28T10:34:43.817359Z	info	sync complete	name=istiod analyzer attempt=1 time=27.208µs
2026-05-28T10:38:27.316712Z	info	delta	ADS: "10.10.0.70:33362" client-56b675d94f-clb5v.client-tr-157 terminated
2026-05-28T10:38:27.363811Z	info	delta	ADS: new delta connection for node:client-56b675d94f-clb5v.client-tr-158
2026-05-28T10:38:27.364152Z	info	delta	CDS: PUSH request for node:client-56b675d94f-clb5v.client-tr resources:25 removed:0 size:27.7kB cached:22/22 filtered:0
2026-05-28T10:38:27.364421Z	info	delta	EDS: PUSH request for node:client-56b675d94f-clb5v.client-tr resources:21 removed:0 size:4.4kB empty:0 cached:21/21 filtered:0
2026-05-28T10:38:27.367015Z	info	delta	LDS: PUSH request for node:client-56b675d94f-clb5v.client-tr resources:22 removed:0 size:86.1kB filtered:0
2026-05-28T10:38:27.367147Z	info	delta	NDS: PUSH request for node:client-56b675d94f-clb5v.client-tr resources:1 removed:0 size:1.5kB
2026-05-28T10:38:27.368087Z	info	delta	RDS: PUSH request for node:client-56b675d94f-clb5v.client-tr resources:13 removed:0 size:12.1kB cached:8/13 filtered:0
2026-05-28T10:39:49.910758Z	info	sync complete	name=istiod analyzer attempt=1 time=24.708µs
2026-05-28T10:44:55.800596Z	info	sync complete	name=istiod analyzer attempt=1 time=23.084µs
2026-05-28T10:50:01.032653Z	info	sync complete	name=istiod analyzer attempt=1 time=38.417µs
2026-05-28T10:55:05.707969Z	info	sync complete	name=istiod analyzer attempt=1 time=35.291µs
2026-05-28T11:00:11.105230Z	info	sync complete	name=istiod analyzer attempt=1 time=28.625µs
2026-05-28T11:05:17.422237Z	info	sync complete	name=istiod analyzer attempt=1 time=32.459µs
2026-05-28T11:07:43.158043Z	info	delta	ADS: "10.10.0.70:60912" client-56b675d94f-clb5v.client-tr-158 terminated
2026-05-28T11:07:43.420017Z	info	delta	ADS: new delta connection for node:client-56b675d94f-clb5v.client-tr-159
2026-05-28T11:07:43.420366Z	info	delta	CDS: PUSH request for node:client-56b675d94f-clb5v.client-tr resources:25 removed:0 size:27.7kB cached:22/22 filtered:0
2026-05-28T11:07:43.420938Z	info	delta	EDS: PUSH request for node:client-56b675d94f-clb5v.client-tr resources:21 removed:0 size:4.4kB empty:0 cached:21/21 filtered:0
2026-05-28T11:07:43.422339Z	info	delta	LDS: PUSH request for node:client-56b675d94f-clb5v.client-tr resources:22 removed:0 size:86.1kB filtered:0
2026-05-28T11:07:43.422495Z	info	delta	NDS: PUSH request for node:client-56b675d94f-clb5v.client-tr resources:1 removed:0 size:1.5kB
2026-05-28T11:07:43.422768Z	info	delta	RDS: PUSH request for node:client-56b675d94f-clb5v.client-tr resources:13 removed:0 size:12.1kB cached:7/13 filtered:0
2026-05-28T11:10:23.767405Z	info	sync complete	name=istiod analyzer attempt=1 time=23.834µs
2026-05-28T11:15:29.907378Z	info	sync complete	name=istiod analyzer attempt=1 time=58.542µs
2026-05-28T11:20:36.542404Z	info	sync complete	name=istiod analyzer attempt=1 time=31.833µs
2026-05-28T11:25:43.345944Z	info	sync complete	name=istiod analyzer attempt=1 time=38.083µs
2026-05-28T11:30:50.175979Z	info	sync complete	name=istiod analyzer attempt=1 time=30.541µs
2026-05-28T11:35:56.486490Z	info	sync complete	name=istiod analyzer attempt=1 time=30.583µs
2026-05-28T11:39:16.827981Z	info	delta	ADS: "10.10.0.70:54992" client-56b675d94f-clb5v.client-tr-159 terminated
2026-05-28T11:39:17.297247Z	info	delta	ADS: new delta connection for node:client-56b675d94f-clb5v.client-tr-160
2026-05-28T11:39:17.297668Z	info	delta	CDS: PUSH request for node:client-56b675d94f-clb5v.client-tr resources:25 removed:0 size:27.7kB cached:22/22 filtered:0
2026-05-28T11:39:17.298037Z	info	delta	EDS: PUSH request for node:client-56b675d94f-clb5v.client-tr resources:21 removed:0 size:4.4kB empty:0 cached:21/21 filtered:0
2026-05-28T11:39:17.300184Z	info	delta	LDS: PUSH request for node:client-56b675d94f-clb5v.client-tr resources:22 removed:0 size:86.1kB filtered:0
2026-05-28T11:39:17.300569Z	info	delta	NDS: PUSH request for node:client-56b675d94f-clb5v.client-tr resources:1 removed:0 size:1.5kB
2026-05-28T11:39:17.301342Z	info	delta	RDS: PUSH request for node:client-56b675d94f-clb5v.client-tr resources:13 removed:0 size:12.1kB cached:7/13 filtered:0
2026-05-28T11:41:02.900240Z	info	sync complete	name=istiod analyzer attempt=1 time=29.125µs
2026-05-28T11:46:09.671435Z	info	sync complete	name=istiod analyzer attempt=1 time=50.333µs
2026-05-28T11:51:15.877337Z	info	sync complete	name=istiod analyzer attempt=1 time=51.208µs
2026-05-28T11:56:22.030411Z	info	sync complete	name=istiod analyzer attempt=1 time=26.167µs
2026-05-28T12:01:27.891651Z	info	sync complete	name=istiod analyzer attempt=1 time=50.291µs
2026-05-28T12:06:32.737392Z	info	sync complete	name=istiod analyzer attempt=1 time=34.167µs
2026-05-28T12:11:19.875096Z	info	delta	ADS: "10.10.0.70:57762" client-56b675d94f-clb5v.client-tr-160 terminated
2026-05-28T12:11:20.157066Z	info	delta	ADS: new delta connection for node:client-56b675d94f-clb5v.client-tr-161
2026-05-28T12:11:20.157719Z	info	delta	CDS: PUSH request for node:client-56b675d94f-clb5v.client-tr resources:25 removed:0 size:27.7kB cached:22/22 filtered:0
2026-05-28T12:11:20.158259Z	info	delta	EDS: PUSH request for node:client-56b675d94f-clb5v.client-tr resources:21 removed:0 size:4.4kB empty:0 cached:21/21 filtered:0
2026-05-28T12:11:20.160269Z	info	delta	LDS: PUSH request for node:client-56b675d94f-clb5v.client-tr resources:22 removed:0 size:86.1kB filtered:0
2026-05-28T12:11:20.160448Z	info	delta	NDS: PUSH request for node:client-56b675d94f-clb5v.client-tr resources:1 removed:0 size:1.5kB
2026-05-28T12:11:20.161021Z	info	delta	RDS: PUSH request for node:client-56b675d94f-clb5v.client-tr resources:13 removed:0 size:12.1kB cached:6/13 filtered:0
2026-05-28T12:11:38.022239Z	info	sync complete	name=istiod analyzer attempt=1 time=41.125µs
2026-05-28T12:16:44.022859Z	info	sync complete	name=istiod analyzer attempt=1 time=27.792µs
2026-05-28T12:21:49.240892Z	info	sync complete	name=istiod analyzer attempt=1 time=59.833µs
2026-05-28T12:26:53.856868Z	info	sync complete	name=istiod analyzer attempt=1 time=26.167µs
2026-05-28T12:32:00.181225Z	info	sync complete	name=istiod analyzer attempt=1 time=25.208µs
2026-05-28T12:37:05.786936Z	info	sync complete	name=istiod analyzer attempt=1 time=50.25µs
2026-05-28T12:40:54.676416Z	info	delta	ADS: "10.10.0.70:48322" client-56b675d94f-clb5v.client-tr-161 terminated
2026-05-28T12:40:55.183060Z	info	delta	ADS: new delta connection for node:client-56b675d94f-clb5v.client-tr-162
2026-05-28T12:40:55.183558Z	info	delta	CDS: PUSH request for node:client-56b675d94f-clb5v.client-tr resources:25 removed:0 size:27.7kB cached:22/22 filtered:0
2026-05-28T12:40:55.184242Z	info	delta	EDS: PUSH request for node:client-56b675d94f-clb5v.client-tr resources:21 removed:0 size:4.4kB empty:0 cached:21/21 filtered:0
2026-05-28T12:40:55.185889Z	info	delta	LDS: PUSH request for node:client-56b675d94f-clb5v.client-tr resources:22 removed:0 size:86.1kB filtered:0
2026-05-28T12:40:55.186049Z	info	delta	NDS: PUSH request for node:client-56b675d94f-clb5v.client-tr resources:1 removed:0 size:1.5kB
2026-05-28T12:40:55.186469Z	info	delta	RDS: PUSH request for node:client-56b675d94f-clb5v.client-tr resources:13 removed:0 size:12.1kB cached:6/13 filtered:0
2026-05-28T12:42:11.844895Z	info	sync complete	name=istiod analyzer attempt=1 time=50.25µs
2026-05-28T12:47:17.445723Z	info	sync complete	name=istiod analyzer attempt=1 time=63.083µs
2026-05-28T12:52:24.372334Z	info	sync complete	name=istiod analyzer attempt=1 time=37.75µs
2026-05-28T12:57:29.771836Z	info	sync complete	name=istiod analyzer attempt=1 time=23.792µs
2026-05-28T13:02:36.127326Z	info	sync complete	name=istiod analyzer attempt=1 time=60.084µs
2026-05-28T13:07:42.657578Z	info	sync complete	name=istiod analyzer attempt=1 time=23.417µs
2026-05-28T13:12:48.362652Z	info	sync complete	name=istiod analyzer attempt=1 time=42.625µs
2026-05-28T13:13:05.019694Z	info	delta	ADS: "10.10.0.70:53542" client-56b675d94f-clb5v.client-tr-162 terminated
2026-05-28T13:13:05.429461Z	info	delta	ADS: new delta connection for node:client-56b675d94f-clb5v.client-tr-163
2026-05-28T13:13:05.429882Z	info	delta	CDS: PUSH request for node:client-56b675d94f-clb5v.client-tr resources:25 removed:0 size:27.7kB cached:22/22 filtered:0
2026-05-28T13:13:05.430810Z	info	delta	EDS: PUSH request for node:client-56b675d94f-clb5v.client-tr resources:21 removed:0 size:4.4kB empty:0 cached:21/21 filtered:0
2026-05-28T13:13:05.431936Z	info	delta	LDS: PUSH request for node:client-56b675d94f-clb5v.client-tr resources:22 removed:0 size:86.1kB filtered:0
2026-05-28T13:13:05.432193Z	info	delta	NDS: PUSH request for node:client-56b675d94f-clb5v.client-tr resources:1 removed:0 size:1.5kB
2026-05-28T13:13:05.432389Z	info	delta	RDS: PUSH request for node:client-56b675d94f-clb5v.client-tr resources:13 removed:0 size:12.1kB cached:7/13 filtered:0
2026-05-28T13:17:54.943886Z	info	sync complete	name=istiod analyzer attempt=1 time=28.792µs
2026-05-28T13:23:01.566445Z	info	sync complete	name=istiod analyzer attempt=1 time=71.25µs
2026-05-28T13:28:07.018374Z	info	sync complete	name=istiod analyzer attempt=1 time=35µs
2026-05-28T13:33:13.760955Z	info	sync complete	name=istiod analyzer attempt=1 time=73.416µs
2026-05-28T13:38:20.449293Z	info	sync complete	name=istiod analyzer attempt=1 time=98.333µs
2026-05-28T13:43:19.658918Z	info	delta	ADS: "10.10.0.70:58376" client-56b675d94f-clb5v.client-tr-163 terminated
2026-05-28T13:43:19.733620Z	info	delta	ADS: new delta connection for node:client-56b675d94f-clb5v.client-tr-164
2026-05-28T13:43:19.735667Z	info	delta	CDS: PUSH request for node:client-56b675d94f-clb5v.client-tr resources:25 removed:0 size:27.7kB cached:22/22 filtered:0
2026-05-28T13:43:19.741995Z	info	delta	EDS: PUSH request for node:client-56b675d94f-clb5v.client-tr resources:21 removed:0 size:4.4kB empty:0 cached:21/21 filtered:0
2026-05-28T13:43:19.746419Z	info	delta	LDS: PUSH request for node:client-56b675d94f-clb5v.client-tr resources:22 removed:0 size:86.1kB filtered:0
2026-05-28T13:43:19.746982Z	info	delta	NDS: PUSH request for node:client-56b675d94f-clb5v.client-tr resources:1 removed:0 size:1.5kB
2026-05-28T13:43:19.748005Z	info	delta	RDS: PUSH request for node:client-56b675d94f-clb5v.client-tr resources:13 removed:0 size:12.1kB cached:6/13 filtered:0
2026-05-28T13:43:26.534849Z	info	sync complete	name=istiod analyzer attempt=1 time=236.417µs
2026-05-28T13:48:32.602585Z	info	sync complete	name=istiod analyzer attempt=1 time=199.458µs
2026-05-28T13:53:38.418565Z	info	sync complete	name=istiod analyzer attempt=1 time=65.666µs
2026-05-28T13:58:44.495783Z	info	sync complete	name=istiod analyzer attempt=1 time=56.375µs
2026-05-28T14:03:49.875599Z	info	sync complete	name=istiod analyzer attempt=1 time=26.458µs
2026-05-28T14:08:56.640387Z	info	sync complete	name=istiod analyzer attempt=1 time=24.5µs
2026-05-28T14:14:02.151935Z	info	sync complete	name=istiod analyzer attempt=1 time=61.125µs
2026-05-28T14:14:57.280016Z	info	delta	ADS: "10.10.0.70:48776" client-56b675d94f-clb5v.client-tr-164 terminated
2026-05-28T14:14:57.396136Z	info	delta	ADS: new delta connection for node:client-56b675d94f-clb5v.client-tr-165
2026-05-28T14:14:57.399014Z	info	delta	CDS: PUSH request for node:client-56b675d94f-clb5v.client-tr resources:25 removed:0 size:27.7kB cached:22/22 filtered:0
2026-05-28T14:14:57.401758Z	info	delta	EDS: PUSH request for node:client-56b675d94f-clb5v.client-tr resources:21 removed:0 size:4.4kB empty:0 cached:21/21 filtered:0
2026-05-28T14:14:57.419149Z	info	delta	LDS: PUSH request for node:client-56b675d94f-clb5v.client-tr resources:22 removed:0 size:86.1kB filtered:0
2026-05-28T14:14:57.421165Z	info	delta	NDS: PUSH request for node:client-56b675d94f-clb5v.client-tr resources:1 removed:0 size:1.5kB
2026-05-28T14:14:57.425019Z	info	delta	RDS: PUSH request for node:client-56b675d94f-clb5v.client-tr resources:13 removed:0 size:12.1kB cached:6/13 filtered:0
2026-05-28T14:19:10.495605Z	info	sync complete	name=istiod analyzer attempt=1 time=202.417µs
2026-05-28T14:24:16.656109Z	info	sync complete	name=istiod analyzer attempt=1 time=98.458µs
2026-05-28T14:29:22.137053Z	info	sync complete	name=istiod analyzer attempt=1 time=73.291µs
2026-05-28T14:31:35.024556Z	info	ads	Push debounce stable[138] 2 for config EnvoyFilter/client-tr/default-upstream-traffic-setting and 1 more configs: 100.703875ms since last change, 102.67625ms since last push, full=true
2026-05-28T14:31:35.026208Z	info	ads	XDS: Pushing Services:14 ConnectedEndpoints:1 Version:2026-05-28T14:31:35Z/103
2026-05-28T14:31:35.027799Z	info	delta	CDS: PUSH for node:client-56b675d94f-clb5v.client-tr resources:25 removed:0 size:27.3kB cached:0/22
2026-05-28T14:31:35.027872Z	info	delta	EDS: PUSH for node:client-56b675d94f-clb5v.client-tr resources:21 removed:0 size:4.4kB empty:0 cached:21/21
2026-05-28T14:31:35.030059Z	info	delta	LDS: PUSH for node:client-56b675d94f-clb5v.client-tr resources:22 removed:0 size:86.1kB
2026-05-28T14:31:35.030397Z	info	delta	RDS: PUSH for node:client-56b675d94f-clb5v.client-tr resources:13 removed:0 size:8.7kB cached:0/13
2026-05-28T14:31:35.030451Z	info	delta	NDS: PUSH for node:client-56b675d94f-clb5v.client-tr resources:1 removed:0 size:1.5kB
2026-05-28T14:31:35.925607Z	info	sync complete	name=istiod analyzer attempt=1 time=25.666µs
2026-05-28T14:31:59.977023Z	info	sync complete	name=istiod analyzer attempt=1 time=27.292µs
2026-05-28T14:32:04.975793Z	info	sync complete	name=istiod analyzer attempt=1 time=25.375µs
2026-05-28T14:32:29.018211Z	info	delta	ADS: "10.10.0.70:36536" client-56b675d94f-clb5v.client-tr-165 terminated
2026-05-28T14:32:31.049091Z	info	sync complete	name=istiod analyzer attempt=1 time=32.333µs
2026-05-28T14:32:41.175033Z	info	ads	Push debounce stable[139] 1 for config ConfigMap/client-tr/kube-root-ca.crt: 100.274708ms since last change, 100.274666ms since last push, full=false
2026-05-28T14:32:41.175124Z	info	ads	XDS: Incremental Pushing ConnectedEndpoints:0 Version:2026-05-28T14:31:35Z/103
2026-05-28T14:32:42.092507Z	info	sync complete	name=istiod analyzer attempt=1 time=27.292µs
2026-05-28T14:32:58.032312Z	info	ads	Push debounce stable[140] 2 for config DestinationRule/xcp-multicluster/global-gateway-echo-echo-tr-svc-cluster-local and 1 more configs: 102.066083ms since last change, 104.53025ms since last push, full=true
2026-05-28T14:32:58.032496Z	info	ads	XDS: Pushing Services:13 ConnectedEndpoints:0 Version:2026-05-28T14:32:58Z/104
2026-05-28T14:32:58.931014Z	info	sync complete	name=istiod analyzer attempt=1 time=22.792µs
2026-05-28T14:33:04.557882Z	info	ads	Push debounce stable[141] 1 for config ConfigMap/tier1/kube-root-ca.crt: 101.83425ms since last change, 101.834209ms since last push, full=false
2026-05-28T14:33:04.557936Z	info	ads	XDS: Incremental Pushing ConnectedEndpoints:0 Version:2026-05-28T14:32:58Z/104
2026-05-28T14:33:04.599420Z	info	model	reloading network gateways
2026-05-28T14:33:04.599465Z	info	model	gateways changed, triggering push
2026-05-28T14:33:04.604590Z	info	model	Incremental push, service tier1-gateway.tier1.svc.cluster.local at shard Kubernetes/cluster-0 has no endpoints
2026-05-28T14:33:04.608069Z	info	Process sidecar injection request	path=/inject pod=tier1/tier1-gateway-596d499c9c-***** (actual name not yet known)
2026-05-28T14:33:04.705024Z	info	ads	Push debounce stable[142] 5 for config ServiceEntry/tier1/tier1-gateway.tier1.svc.cluster.local: 100.39875ms since last change, 113.393667ms since last push, full=true
2026-05-28T14:33:04.706205Z	info	ads	XDS: Pushing Services:14 ConnectedEndpoints:0 Version:2026-05-28T14:33:04Z/105
2026-05-28T14:33:05.366351Z	info	delta	ADS: new delta connection for node:tier1-gateway-596d499c9c-f67n9.tier1-166
2026-05-28T14:33:05.366517Z	info	delta	CDS: PUSH request for node:tier1-gateway-596d499c9c-f67n9.tier1 resources:1 removed:0 size:50B
2026-05-28T14:33:05.370489Z	info	delta	LDS: PUSH request for node:tier1-gateway-596d499c9c-f67n9.tier1 resources:0 removed:0 size:0B
2026-05-28T14:33:05.644245Z	info	sync complete	name=istiod analyzer attempt=1 time=34.833µs
2026-05-28T14:33:06.103254Z	info	model	Full push, new service tier1/tier1-gateway.tier1.svc.cluster.local
2026-05-28T14:33:06.105644Z	info	delta	CDS: PUSH for node:tier1-gateway-596d499c9c-f67n9.tier1 resources:1 removed:0 size:50B
2026-05-28T14:33:06.105690Z	info	delta	LDS: PUSH for node:tier1-gateway-596d499c9c-f67n9.tier1 resources:0 removed:0 size:0B
2026-05-28T14:33:06.233109Z	info	ads	Push debounce stable[143] 10 for config AuthorizationPolicy/tier1/allow and 8 more configs: 100.914334ms since last change, 129.819375ms since last push, full=true
2026-05-28T14:33:06.235588Z	info	ads	XDS: Pushing Services:14 ConnectedEndpoints:1 Version:2026-05-28T14:33:06Z/106
2026-05-28T14:33:06.235727Z	info	delta	CDS: PUSH for node:tier1-gateway-596d499c9c-f67n9.tier1 resources:1 removed:0 size:72B
2026-05-28T14:33:06.235885Z	info	delta	LDS: PUSH for node:tier1-gateway-596d499c9c-f67n9.tier1 resources:1 removed:0 size:2.8kB
2026-05-28T14:33:07.133064Z	info	sync complete	name=istiod analyzer attempt=1 time=23.875µs
2026-05-28T14:33:07.246074Z	info	ads	Push debounce stable[144] 5 for config EnvoyFilter/tier1/default-upstream-traffic-setting and 4 more configs: 100.808458ms since last change, 105.615916ms since last push, full=true
2026-05-28T14:33:07.246634Z	info	ads	XDS: Pushing Services:14 ConnectedEndpoints:1 Version:2026-05-28T14:33:07Z/107
2026-05-28T14:33:07.246731Z	info	delta	CDS: PUSH for node:tier1-gateway-596d499c9c-f67n9.tier1 resources:1 removed:0 size:72B
2026-05-28T14:33:07.247096Z	info	delta	LDS: PUSH for node:tier1-gateway-596d499c9c-f67n9.tier1 resources:1 removed:0 size:2.8kB
2026-05-28T14:33:08.147086Z	info	sync complete	name=istiod analyzer attempt=1 time=57.334µs
2026-05-28T14:33:08.903221Z	info	model	Cache Update, new service xcp-multicluster/echo.tetrate.io
2026-05-28T14:33:09.010058Z	info	ads	Push debounce stable[145] 2 for config ServiceEntry/xcp-multicluster/echo.tetrate.io: 100.491208ms since last change, 106.799708ms since last push, full=true
2026-05-28T14:33:09.010260Z	info	ads	XDS: Pushing Services:15 ConnectedEndpoints:1 Version:2026-05-28T14:33:09Z/108
2026-05-28T14:33:09.010454Z	info	delta	CDS: PUSH for node:tier1-gateway-596d499c9c-f67n9.tier1 resources:3 removed:0 size:2.0kB cached:0/2
2026-05-28T14:33:09.010620Z	info	delta	LDS: PUSH for node:tier1-gateway-596d499c9c-f67n9.tier1 resources:1 removed:0 size:2.8kB
2026-05-28T14:33:09.012782Z	info	delta	EDS: PUSH request for node:tier1-gateway-596d499c9c-f67n9.tier1 resources:2 removed:0 size:328B empty:0 cached:0/2 filtered:0
2026-05-28T14:33:09.910009Z	info	sync complete	name=istiod analyzer attempt=1 time=28µs
2026-05-28T14:33:10.016001Z	info	ads	Push debounce stable[146] 2 for config DestinationRule/tier1/tier1-tier1-echo-gwecho-tetrate-io and 1 more configs: 101.301708ms since last change, 101.95975ms since last push, full=true
2026-05-28T14:33:10.016203Z	info	ads	XDS: Pushing Services:15 ConnectedEndpoints:1 Version:2026-05-28T14:33:10Z/109
2026-05-28T14:33:10.016422Z	info	delta	CDS: PUSH for node:tier1-gateway-596d499c9c-f67n9.tier1 resources:3 removed:0 size:2.0kB cached:0/2
2026-05-28T14:33:10.016476Z	info	delta	EDS: PUSH for node:tier1-gateway-596d499c9c-f67n9.tier1 resources:2 removed:0 size:328B empty:0 cached:0/2
2026-05-28T14:33:10.016615Z	info	delta	LDS: PUSH for node:tier1-gateway-596d499c9c-f67n9.tier1 resources:1 removed:0 size:2.8kB
2026-05-28T14:33:10.915054Z	info	sync complete	name=istiod analyzer attempt=1 time=28µs
2026-05-28T14:34:28.390059Z	info	sync complete	name=istiod analyzer attempt=1 time=24.417µs
2026-05-28T14:39:33.471344Z	info	sync complete	name=istiod analyzer attempt=1 time=49.708µs
2026-05-28T14:39:48.273918Z	info	ads	Push debounce stable[147] 1 for config ServiceEntry/xcp-multicluster/echo.tetrate.io: 100.581916ms since last change, 100.581875ms since last push, full=true
2026-05-28T14:39:48.274121Z	info	ads	XDS: Pushing Services:14 ConnectedEndpoints:1 Version:2026-05-28T14:39:48Z/110
2026-05-28T14:39:48.274280Z	info	delta	CDS: PUSH for node:tier1-gateway-596d499c9c-f67n9.tier1 resources:1 removed:2 size:72B
2026-05-28T14:39:48.274300Z	info	delta	EDS: PUSH INC for node:tier1-gateway-596d499c9c-f67n9.tier1 resources:0 removed:2 size:0B empty:0 cached:0/0
2026-05-28T14:39:48.274439Z	info	delta	LDS: PUSH for node:tier1-gateway-596d499c9c-f67n9.tier1 resources:1 removed:0 size:2.8kB
2026-05-28T14:39:49.173972Z	info	sync complete	name=istiod analyzer attempt=1 time=30.75µs
2026-05-28T14:39:49.321911Z	info	ads	Push debounce stable[148] 10 for config EnvoyFilter/tier1/default-allow-tier1-echo-gw-external-batch0 and 7 more configs: 100.546334ms since last change, 144.036208ms since last push, full=true
2026-05-28T14:39:49.322142Z	info	ads	XDS: Pushing Services:14 ConnectedEndpoints:1 Version:2026-05-28T14:39:49Z/111
2026-05-28T14:39:49.322267Z	info	delta	CDS: PUSH for node:tier1-gateway-596d499c9c-f67n9.tier1 resources:1 removed:0 size:50B
2026-05-28T14:39:49.322294Z	info	delta	LDS: PUSH for node:tier1-gateway-596d499c9c-f67n9.tier1 resources:0 removed:1 size:0B
2026-05-28T14:39:50.221807Z	info	sync complete	name=istiod analyzer attempt=1 time=30.458µs
2026-05-28T14:39:59.673977Z	info	model	reloading network gateways
2026-05-28T14:39:59.674204Z	info	model	gateways changed, triggering push
2026-05-28T14:39:59.678815Z	info	model	Incremental push, service tier1-gateway.tier1.svc.cluster.local at shard Kubernetes/cluster-0 has no endpoints
2026-05-28T14:39:59.779082Z	info	ads	Push debounce stable[149] 4 for config ServiceEntry/tier1/tier1-gateway.tier1.svc.cluster.local: 100.229834ms since last change, 104.8215ms since last push, full=true
2026-05-28T14:39:59.780088Z	info	ads	XDS: Pushing Services:13 ConnectedEndpoints:1 Version:2026-05-28T14:39:59Z/112
2026-05-28T14:39:59.780182Z	info	delta	CDS: PUSH for node:tier1-gateway-596d499c9c-f67n9.tier1 resources:1 removed:0 size:50B
2026-05-28T14:39:59.780203Z	info	delta	LDS: PUSH for node:tier1-gateway-596d499c9c-f67n9.tier1 resources:0 removed:0 size:0B
2026-05-28T14:40:00.675360Z	info	sync complete	name=istiod analyzer attempt=1 time=25.459µs
2026-05-28T14:40:05.594198Z	info	sync complete	name=istiod analyzer attempt=1 time=24.667µs
2026-05-28T14:40:10.599266Z	info	delta	ADS: "10.10.0.71:36660" tier1-gateway-596d499c9c-f67n9.tier1-166 terminated
2026-05-28T14:40:10.601458Z	info	sync complete	name=istiod analyzer attempt=1 time=35.584µs
2026-05-28T14:40:11.187755Z	info	ads	Push debounce stable[150] 1 for config ConfigMap/tier1/kube-root-ca.crt: 101.183625ms since last change, 101.183583ms since last push, full=false
2026-05-28T14:40:11.187803Z	info	ads	XDS: Incremental Pushing ConnectedEndpoints:0 Version:2026-05-28T14:39:59Z/112
2026-05-28T14:40:12.127807Z	info	sync complete	name=istiod analyzer attempt=1 time=28.542µs
2026-05-28T14:44:36.196417Z	info	sync complete	name=istiod analyzer attempt=1 time=42.292µs
2026-05-28T14:44:39.617342Z	info	sync complete	name=istiod analyzer attempt=1 time=32.209µs
2026-05-28T14:44:41.435942Z	info	ads	Push debounce stable[151] 4 for config ServiceEntry/cert-manager/cert-manager-webhook.cert-manager.svc.cluster.local and 1 more configs: 101.298625ms since last change, 231.779292ms since last push, full=false
2026-05-28T14:44:41.436006Z	info	ads	XDS: Incremental Pushing ConnectedEndpoints:0 Version:2026-05-28T14:39:59Z/112
2026-05-28T14:44:41.730941Z	info	ads	Push debounce stable[152] 3 for config Secret/tier1-term/echo-term-edge-tls and 1 more configs: 100.072667ms since last change, 150.653542ms since last push, full=false
2026-05-28T14:44:41.731000Z	info	ads	XDS: Incremental Pushing ConnectedEndpoints:0 Version:2026-05-28T14:39:59Z/112
2026-05-28T14:44:41.955252Z	info	Process sidecar injection request	path=/inject pod=tier1-term/tier1-term-gateway-86f85c75f8-***** (actual name not yet known)
2026-05-28T14:44:41.958726Z	info	model	reloading network gateways
2026-05-28T14:44:41.958749Z	info	model	gateways changed, triggering push
2026-05-28T14:44:41.959609Z	info	model	Incremental push, service tier1-term-gateway.tier1-term.svc.cluster.local at shard Kubernetes/cluster-0 has no endpoints
2026-05-28T14:44:42.060250Z	info	ads	Push debounce stable[153] 5 for config ServiceEntry/tier1-term/tier1-term-gateway.tier1-term.svc.cluster.local: 100.618417ms since last change, 109.033417ms since last push, full=true
2026-05-28T14:44:42.061132Z	info	ads	XDS: Pushing Services:14 ConnectedEndpoints:0 Version:2026-05-28T14:44:42Z/113
2026-05-28T14:44:42.700994Z	info	delta	ADS: new delta connection for node:tier1-term-gateway-86f85c75f8-kprkz.tier1-term-167
2026-05-28T14:44:42.701572Z	info	delta	CDS: PUSH request for node:tier1-term-gateway-86f85c75f8-kprkz.tier1-term resources:1 removed:0 size:50B
2026-05-28T14:44:42.707229Z	info	delta	LDS: PUSH request for node:tier1-term-gateway-86f85c75f8-kprkz.tier1-term resources:0 removed:0 size:0B
2026-05-28T14:44:43.215962Z	info	model	Full push, new service tier1-term/tier1-term-gateway.tier1-term.svc.cluster.local
2026-05-28T14:44:43.218344Z	info	delta	CDS: PUSH for node:tier1-term-gateway-86f85c75f8-kprkz.tier1-term resources:1 removed:0 size:50B
2026-05-28T14:44:43.218374Z	info	delta	LDS: PUSH for node:tier1-term-gateway-86f85c75f8-kprkz.tier1-term resources:0 removed:0 size:0B
2026-05-28T14:44:43.342979Z	info	ads	Push debounce stable[154] 10 for config DestinationRule/tier1-term/tier1-tier1-echo-term-gwecho-term-tetrate-io and 8 more configs: 100.670041ms since last change, 126.976834ms since last push, full=true
2026-05-28T14:44:43.343667Z	info	ads	XDS: Pushing Services:14 ConnectedEndpoints:1 Version:2026-05-28T14:44:43Z/114
2026-05-28T14:44:43.343793Z	info	delta	CDS: PUSH for node:tier1-term-gateway-86f85c75f8-kprkz.tier1-term resources:1 removed:0 size:72B
2026-05-28T14:44:43.343985Z	info	delta	LDS: PUSH for node:tier1-term-gateway-86f85c75f8-kprkz.tier1-term resources:1 removed:0 size:4.8kB
2026-05-28T14:44:43.346986Z	info	delta	RDS: PUSH request for node:tier1-term-gateway-86f85c75f8-kprkz.tier1-term resources:1 removed:0 size:784B cached:0/0 filtered:0
2026-05-28T14:44:43.348341Z	info	delta	SDS: PUSH request for node:tier1-term-gateway-86f85c75f8-kprkz.tier1-term resources:1 removed:0 size:2.8kB cached:0/1 filtered:0
2026-05-28T14:44:44.243324Z	info	sync complete	name=istiod analyzer attempt=1 time=24.042µs
2026-05-28T14:44:44.356016Z	info	ads	Push debounce stable[155] 5 for config EnvoyFilter/tier1-term/default-allow-tier1-echo-term-gw-external-batch0 and 4 more configs: 100.56375ms since last change, 104.8975ms since last push, full=true
2026-05-28T14:44:44.356775Z	info	ads	XDS: Pushing Services:14 ConnectedEndpoints:1 Version:2026-05-28T14:44:44Z/115
2026-05-28T14:44:44.356921Z	info	delta	CDS: PUSH for node:tier1-term-gateway-86f85c75f8-kprkz.tier1-term resources:1 removed:0 size:72B
2026-05-28T14:44:44.357136Z	info	delta	LDS: PUSH for node:tier1-term-gateway-86f85c75f8-kprkz.tier1-term resources:1 removed:0 size:4.8kB
2026-05-28T14:44:44.357216Z	info	delta	RDS: PUSH for node:tier1-term-gateway-86f85c75f8-kprkz.tier1-term resources:1 removed:0 size:784B cached:0/0
2026-05-28T14:44:45.254393Z	info	sync complete	name=istiod analyzer attempt=1 time=38.875µs
2026-05-28T14:44:47.610589Z	info	model	Cache Update, new service xcp-multicluster/echo-term.tetrate.io
2026-05-28T14:44:47.717938Z	info	ads	Push debounce stable[156] 3 for config ServiceEntry/xcp-multicluster/echo-term.tetrate.io and 1 more configs: 100.421542ms since last change, 107.811542ms since last push, full=true
2026-05-28T14:44:47.718177Z	info	ads	XDS: Pushing Services:15 ConnectedEndpoints:1 Version:2026-05-28T14:44:47Z/116
2026-05-28T14:44:47.718419Z	info	delta	CDS: PUSH for node:tier1-term-gateway-86f85c75f8-kprkz.tier1-term resources:3 removed:0 size:2.6kB cached:0/2
2026-05-28T14:44:47.718668Z	info	delta	LDS: PUSH for node:tier1-term-gateway-86f85c75f8-kprkz.tier1-term resources:1 removed:0 size:4.8kB
2026-05-28T14:44:47.718770Z	info	delta	RDS: PUSH for node:tier1-term-gateway-86f85c75f8-kprkz.tier1-term resources:1 removed:0 size:784B cached:0/0
2026-05-28T14:44:47.722014Z	info	delta	EDS: PUSH request for node:tier1-term-gateway-86f85c75f8-kprkz.tier1-term resources:2 removed:0 size:332B empty:0 cached:0/2 filtered:0
2026-05-28T14:44:48.618410Z	info	sync complete	name=istiod analyzer attempt=1 time=28.583µs
2026-05-28T14:44:48.724292Z	info	ads	Push debounce stable[157] 2 for config DestinationRule/tier1-term/tier1-tier1-echo-term-gwecho-term-tetrate-io and 1 more configs: 100.474542ms since last change, 101.377959ms since last push, full=true
2026-05-28T14:44:48.724471Z	info	ads	XDS: Pushing Services:15 ConnectedEndpoints:1 Version:2026-05-28T14:44:48Z/117
2026-05-28T14:44:48.724675Z	info	delta	CDS: PUSH for node:tier1-term-gateway-86f85c75f8-kprkz.tier1-term resources:3 removed:0 size:2.6kB cached:0/2
2026-05-28T14:44:48.724718Z	info	delta	EDS: PUSH for node:tier1-term-gateway-86f85c75f8-kprkz.tier1-term resources:2 removed:0 size:332B empty:0 cached:0/2
2026-05-28T14:44:48.724942Z	info	delta	LDS: PUSH for node:tier1-term-gateway-86f85c75f8-kprkz.tier1-term resources:1 removed:0 size:4.8kB
2026-05-28T14:44:48.725012Z	info	delta	RDS: PUSH for node:tier1-term-gateway-86f85c75f8-kprkz.tier1-term resources:1 removed:0 size:784B cached:0/0
2026-05-28T14:44:49.625063Z	info	sync complete	name=istiod analyzer attempt=1 time=24.625µs
2026-05-28T14:46:52.741264Z	info	ads	Push debounce stable[158] 8 for config Gateway/tier1-term/tier1-echo-term-gw and 7 more configs: 100.764667ms since last change, 124.379916ms since last push, full=true
2026-05-28T14:46:52.741532Z	info	ads	XDS: Pushing Services:15 ConnectedEndpoints:1 Version:2026-05-28T14:46:52Z/118
2026-05-28T14:46:52.741702Z	info	delta	CDS: PUSH for node:tier1-term-gateway-86f85c75f8-kprkz.tier1-term resources:1 removed:2 size:50B
2026-05-28T14:46:52.741780Z	info	delta	EDS: PUSH for node:tier1-term-gateway-86f85c75f8-kprkz.tier1-term resources:2 removed:0 size:332B empty:0 cached:0/2
2026-05-28T14:46:52.741802Z	info	delta	LDS: PUSH for node:tier1-term-gateway-86f85c75f8-kprkz.tier1-term resources:0 removed:1 size:0B
2026-05-28T14:46:52.741812Z	warn	buildGatewayRoutes: no gateways for router tier1-term-gateway-86f85c75f8-kprkz.tier1-term
2026-05-28T14:46:52.741822Z	info	delta	RDS: PUSH for node:tier1-term-gateway-86f85c75f8-kprkz.tier1-term resources:1 removed:0 size:56B cached:0/0
2026-05-28T14:46:53.642636Z	info	sync complete	name=istiod analyzer attempt=1 time=28.917µs
2026-05-28T14:46:55.451331Z	info	ads	Push debounce stable[159] 2 for config ServiceEntry/xcp-multicluster/echo-term.tetrate.io and 1 more configs: 101.871ms since last change, 103.352667ms since last push, full=true
2026-05-28T14:46:55.451540Z	info	ads	XDS: Pushing Services:14 ConnectedEndpoints:1 Version:2026-05-28T14:46:55Z/119
2026-05-28T14:46:55.451656Z	info	delta	CDS: PUSH for node:tier1-term-gateway-86f85c75f8-kprkz.tier1-term resources:1 removed:0 size:50B
2026-05-28T14:46:55.451687Z	info	delta	LDS: PUSH for node:tier1-term-gateway-86f85c75f8-kprkz.tier1-term resources:0 removed:0 size:0B
2026-05-28T14:46:55.451699Z	warn	buildGatewayRoutes: no gateways for router tier1-term-gateway-86f85c75f8-kprkz.tier1-term
2026-05-28T14:46:55.451713Z	info	delta	RDS: PUSH for node:tier1-term-gateway-86f85c75f8-kprkz.tier1-term resources:1 removed:0 size:56B cached:0/0
2026-05-28T14:46:56.349864Z	info	sync complete	name=istiod analyzer attempt=1 time=34.292µs
2026-05-28T14:47:03.241569Z	info	model	reloading network gateways
2026-05-28T14:47:03.241601Z	info	model	gateways changed, triggering push
2026-05-28T14:47:03.246407Z	info	model	Incremental push, service tier1-term-gateway.tier1-term.svc.cluster.local at shard Kubernetes/cluster-0 has no endpoints
2026-05-28T14:47:03.347256Z	info	ads	Push debounce stable[160] 4 for config ServiceEntry/tier1-term/tier1-term-gateway.tier1-term.svc.cluster.local: 100.7715ms since last change, 105.587542ms since last push, full=true
2026-05-28T14:47:03.348236Z	info	ads	XDS: Pushing Services:13 ConnectedEndpoints:1 Version:2026-05-28T14:47:03Z/120
2026-05-28T14:47:03.348341Z	info	delta	CDS: PUSH for node:tier1-term-gateway-86f85c75f8-kprkz.tier1-term resources:1 removed:0 size:50B
2026-05-28T14:47:03.348364Z	info	delta	LDS: PUSH for node:tier1-term-gateway-86f85c75f8-kprkz.tier1-term resources:0 removed:0 size:0B
2026-05-28T14:47:03.348376Z	warn	buildGatewayRoutes: no gateways for router tier1-term-gateway-86f85c75f8-kprkz.tier1-term
2026-05-28T14:47:03.348382Z	info	delta	RDS: PUSH for node:tier1-term-gateway-86f85c75f8-kprkz.tier1-term resources:1 removed:0 size:56B cached:0/0
2026-05-28T14:47:03.348465Z	info	delta	SDS: PUSH for node:tier1-term-gateway-86f85c75f8-kprkz.tier1-term resources:1 removed:0 size:2.8kB cached:0/1
2026-05-28T14:47:04.243643Z	info	sync complete	name=istiod analyzer attempt=1 time=24.75µs
2026-05-28T14:47:09.088999Z	info	sync complete	name=istiod analyzer attempt=1 time=26.5µs
2026-05-28T14:47:14.092684Z	info	delta	ADS: "10.10.0.73:52446" tier1-term-gateway-86f85c75f8-kprkz.tier1-term-167 terminated
2026-05-28T14:47:14.098405Z	info	sync complete	name=istiod analyzer attempt=1 time=28.041µs
2026-05-28T14:47:14.715372Z	info	ads	Push debounce stable[161] 2 for config ConfigMap/tier1-term/kube-root-ca.crt and 1 more configs: 101.994125ms since last change, 201.895667ms since last push, full=false
2026-05-28T14:47:14.715505Z	info	ads	XDS: Incremental Pushing ConnectedEndpoints:0 Version:2026-05-28T14:47:03Z/120
2026-05-28T14:47:15.629547Z	info	sync complete	name=istiod analyzer attempt=1 time=27.667µs
2026-05-28T14:47:26.525048Z	info	Process sidecar injection request	path=/inject pod=client-c0/client-56b675d94f-***** (actual name not yet known)
2026-05-28T14:47:26.612799Z	info	ads	Push debounce stable[162] 1 for config ConfigMap/client-c0/kube-root-ca.crt: 102.145125ms since last change, 102.145125ms since last push, full=false
2026-05-28T14:47:26.612851Z	info	ads	XDS: Incremental Pushing ConnectedEndpoints:0 Version:2026-05-28T14:47:03Z/120
2026-05-28T14:47:27.612674Z	info	delta	ADS: new delta connection for node:client-56b675d94f-zwzjd.client-c0-168
2026-05-28T14:47:27.612934Z	info	delta	CDS: PUSH request for node:client-56b675d94f-zwzjd.client-c0 resources:24 removed:0 size:26.0kB cached:0/21
2026-05-28T14:47:27.618048Z	info	delta	EDS: PUSH request for node:client-56b675d94f-zwzjd.client-c0 resources:20 removed:0 size:4.3kB empty:0 cached:0/20 filtered:0
2026-05-28T14:47:27.636317Z	info	delta	LDS: PUSH request for node:client-56b675d94f-zwzjd.client-c0 resources:21 removed:0 size:81.7kB
2026-05-28T14:47:27.636423Z	info	delta	NDS: PUSH request for node:client-56b675d94f-zwzjd.client-c0 resources:1 removed:0 size:1.4kB
2026-05-28T14:47:27.644991Z	info	delta	RDS: PUSH request for node:client-56b675d94f-zwzjd.client-c0 resources:12 removed:0 size:8.1kB cached:0/12 filtered:0
2026-05-28T14:47:28.494259Z	info	sync complete	name=istiod analyzer attempt=1 time=27.75µs
2026-05-28T14:47:28.833677Z	info	ads	Push debounce stable[163] 2 for config Sidecar/client-c0/default and 1 more configs: 101.043333ms since last change, 102.399209ms since last push, full=true
2026-05-28T14:47:28.834074Z	info	ads	XDS: Pushing Services:13 ConnectedEndpoints:1 Version:2026-05-28T14:47:28Z/121
2026-05-28T14:47:28.834603Z	info	delta	CDS: PUSH for node:client-56b675d94f-zwzjd.client-c0 resources:24 removed:0 size:26.5kB cached:0/21
2026-05-28T14:47:28.836685Z	info	delta	EDS: PUSH for node:client-56b675d94f-zwzjd.client-c0 resources:20 removed:0 size:4.3kB empty:0 cached:0/20
2026-05-28T14:47:28.837200Z	info	delta	LDS: PUSH for node:client-56b675d94f-zwzjd.client-c0 resources:21 removed:0 size:81.7kB
2026-05-28T14:47:28.837546Z	info	delta	RDS: PUSH for node:client-56b675d94f-zwzjd.client-c0 resources:12 removed:0 size:11.1kB cached:0/12
2026-05-28T14:47:28.837580Z	info	delta	NDS: PUSH for node:client-56b675d94f-zwzjd.client-c0 resources:1 removed:0 size:1.4kB
2026-05-28T14:47:30.504736Z	info	delta	CDS: PUSH for node:client-56b675d94f-zwzjd.client-c0 resources:24 removed:0 size:26.5kB cached:21/21
2026-05-28T14:47:30.504788Z	info	delta	EDS: PUSH for node:client-56b675d94f-zwzjd.client-c0 resources:20 removed:0 size:4.3kB empty:0 cached:20/20
2026-05-28T14:47:30.505459Z	info	delta	LDS: PUSH for node:client-56b675d94f-zwzjd.client-c0 resources:21 removed:0 size:81.7kB
2026-05-28T14:47:30.505832Z	info	delta	RDS: PUSH for node:client-56b675d94f-zwzjd.client-c0 resources:12 removed:0 size:11.1kB cached:6/12
2026-05-28T14:47:30.505900Z	info	delta	NDS: PUSH for node:client-56b675d94f-zwzjd.client-c0 resources:1 removed:0 size:1.4kB
2026-05-28T14:47:30.915686Z	info	model	Cache Update, new service xcp-multicluster/backend.backend-c1.svc.cluster.local
2026-05-28T14:47:31.021535Z	info	ads	Push debounce stable[164] 3 for config DestinationRule/xcp-multicluster/global-drinternal-backend-backend-c1-svc-cluster-local and 1 more configs: 101.193833ms since last change, 108.673208ms since last push, full=true
2026-05-28T14:47:31.021759Z	info	ads	XDS: Pushing Services:14 ConnectedEndpoints:1 Version:2026-05-28T14:47:31Z/122
2026-05-28T14:47:31.021929Z	info	delta	CDS: PUSH for node:client-56b675d94f-zwzjd.client-c0 resources:4 removed:0 size:1.9kB cached:0/1
2026-05-28T14:47:31.021966Z	info	delta	EDS: PUSH for node:client-56b675d94f-zwzjd.client-c0 resources:20 removed:0 size:4.3kB empty:0 cached:20/20
2026-05-28T14:47:31.022530Z	info	delta	LDS: PUSH for node:client-56b675d94f-zwzjd.client-c0 resources:22 removed:0 size:86.1kB
2026-05-28T14:47:31.022759Z	info	delta	RDS: PUSH for node:client-56b675d94f-zwzjd.client-c0 resources:12 removed:0 size:11.1kB cached:8/12
2026-05-28T14:47:31.022785Z	info	delta	NDS: PUSH for node:client-56b675d94f-zwzjd.client-c0 resources:1 removed:0 size:1.5kB
2026-05-28T14:47:31.027306Z	info	delta	EDS: PUSH request for node:client-56b675d94f-zwzjd.client-c0 resources:1 removed:0 size:220B empty:0 cached:0/1 filtered:20
2026-05-28T14:47:31.027401Z	info	delta	RDS: PUSH request for node:client-56b675d94f-zwzjd.client-c0 resources:1 removed:0 size:991B cached:0/1 filtered:12
2026-05-28T14:47:31.921352Z	info	sync complete	name=istiod analyzer attempt=1 time=24.833µs
2026-05-28T14:47:32.029626Z	info	ads	Push debounce stable[165] 1 for config EnvoyFilter/client-c0/default-upstream-traffic-setting: 100.321417ms since last change, 100.321376ms since last push, full=true
2026-05-28T14:47:32.029957Z	info	ads	XDS: Pushing Services:14 ConnectedEndpoints:1 Version:2026-05-28T14:47:32Z/123
2026-05-28T14:47:32.030312Z	info	delta	CDS: PUSH for node:client-56b675d94f-zwzjd.client-c0 resources:25 removed:0 size:27.6kB cached:0/22
2026-05-28T14:47:32.030353Z	info	delta	EDS: PUSH for node:client-56b675d94f-zwzjd.client-c0 resources:21 removed:0 size:4.5kB empty:0 cached:21/21
2026-05-28T14:47:32.030824Z	info	delta	LDS: PUSH for node:client-56b675d94f-zwzjd.client-c0 resources:22 removed:0 size:86.1kB
2026-05-28T14:47:32.031190Z	info	delta	RDS: PUSH for node:client-56b675d94f-zwzjd.client-c0 resources:13 removed:0 size:12.1kB cached:0/13
2026-05-28T14:47:32.929651Z	info	sync complete	name=istiod analyzer attempt=1 time=22.709µs
2026-05-28T14:49:27.444793Z	info	ads	Push debounce stable[166] 2 for config Sidecar/client-c0/default and 1 more configs: 100.327625ms since last change, 103.290833ms since last push, full=true
2026-05-28T14:49:27.444948Z	info	ads	XDS: Pushing Services:14 ConnectedEndpoints:1 Version:2026-05-28T14:49:27Z/124
2026-05-28T14:49:27.445286Z	info	delta	CDS: PUSH for node:client-56b675d94f-zwzjd.client-c0 resources:25 removed:0 size:27.1kB cached:0/22
2026-05-28T14:49:27.445329Z	info	delta	EDS: PUSH for node:client-56b675d94f-zwzjd.client-c0 resources:21 removed:0 size:4.5kB empty:0 cached:21/21
2026-05-28T14:49:27.445918Z	info	delta	LDS: PUSH for node:client-56b675d94f-zwzjd.client-c0 resources:22 removed:0 size:86.1kB
2026-05-28T14:49:27.446137Z	info	delta	RDS: PUSH for node:client-56b675d94f-zwzjd.client-c0 resources:13 removed:0 size:8.7kB cached:0/13
2026-05-28T14:49:27.446170Z	info	delta	NDS: PUSH for node:client-56b675d94f-zwzjd.client-c0 resources:1 removed:0 size:1.5kB
2026-05-28T14:49:28.346097Z	info	sync complete	name=istiod analyzer attempt=1 time=67.042µs
2026-05-28T14:49:39.372886Z	info	sync complete	name=istiod analyzer attempt=1 time=28.667µs
2026-05-28T14:49:44.372844Z	info	sync complete	name=istiod analyzer attempt=1 time=26.833µs
2026-05-28T14:49:45.475869Z	info	sync complete	name=istiod analyzer attempt=1 time=46.958µs
2026-05-28T14:50:08.403099Z	info	delta	ADS: "10.10.0.74:34488" client-56b675d94f-zwzjd.client-c0-168 terminated
2026-05-28T14:50:09.771645Z	info	sync complete	name=istiod analyzer attempt=1 time=37.584µs
2026-05-28T14:50:10.656732Z	info	ads	Push debounce stable[167] 1 for config ConfigMap/client-c0/kube-root-ca.crt: 100.706917ms since last change, 100.706875ms since last push, full=false
2026-05-28T14:50:10.656796Z	info	ads	XDS: Incremental Pushing ConnectedEndpoints:0 Version:2026-05-28T14:49:27Z/124
2026-05-28T14:50:10.916892Z	info	Process sidecar injection request	path=/inject pod=client-tr/client-56b675d94f-***** (actual name not yet known)
2026-05-28T14:50:11.005843Z	info	ads	Push debounce stable[168] 1 for config ConfigMap/client-tr/kube-root-ca.crt: 100.574125ms since last change, 100.574084ms since last push, full=false
2026-05-28T14:50:11.005936Z	info	ads	XDS: Incremental Pushing ConnectedEndpoints:0 Version:2026-05-28T14:49:27Z/124
2026-05-28T14:50:12.105818Z	info	delta	ADS: new delta connection for node:client-56b675d94f-cbdzd.client-tr-169
2026-05-28T14:50:12.105915Z	info	delta	CDS: PUSH request for node:client-56b675d94f-cbdzd.client-tr resources:25 removed:0 size:27.1kB cached:22/22
2026-05-28T14:50:12.111513Z	info	delta	EDS: PUSH request for node:client-56b675d94f-cbdzd.client-tr resources:21 removed:0 size:4.5kB empty:0 cached:21/21 filtered:0
2026-05-28T14:50:12.118690Z	info	delta	LDS: PUSH request for node:client-56b675d94f-cbdzd.client-tr resources:22 removed:0 size:86.1kB
2026-05-28T14:50:12.118782Z	info	delta	NDS: PUSH request for node:client-56b675d94f-cbdzd.client-tr resources:1 removed:0 size:1.5kB
2026-05-28T14:50:12.128378Z	info	delta	RDS: PUSH request for node:client-56b675d94f-cbdzd.client-tr resources:13 removed:0 size:8.7kB cached:0/13 filtered:0
2026-05-28T14:50:12.776657Z	info	sync complete	name=istiod analyzer attempt=1 time=31.125µs
2026-05-28T14:50:13.423041Z	info	ads	Push debounce stable[169] 2 for config Sidecar/client-tr/default and 1 more configs: 101.726792ms since last change, 102.140542ms since last push, full=true
2026-05-28T14:50:13.423376Z	info	ads	XDS: Pushing Services:14 ConnectedEndpoints:1 Version:2026-05-28T14:50:13Z/125
2026-05-28T14:50:13.423807Z	info	delta	CDS: PUSH for node:client-56b675d94f-cbdzd.client-tr resources:25 removed:0 size:27.6kB cached:0/22
2026-05-28T14:50:13.423851Z	info	delta	EDS: PUSH for node:client-56b675d94f-cbdzd.client-tr resources:21 removed:0 size:4.5kB empty:0 cached:21/21
2026-05-28T14:50:13.424348Z	info	delta	LDS: PUSH for node:client-56b675d94f-cbdzd.client-tr resources:22 removed:0 size:86.1kB
2026-05-28T14:50:13.424718Z	info	delta	RDS: PUSH for node:client-56b675d94f-cbdzd.client-tr resources:13 removed:0 size:12.1kB cached:0/13
2026-05-28T14:50:13.424747Z	info	delta	NDS: PUSH for node:client-56b675d94f-cbdzd.client-tr resources:1 removed:0 size:1.5kB
2026-05-28T14:50:14.786370Z	info	delta	CDS: PUSH for node:client-56b675d94f-cbdzd.client-tr resources:25 removed:0 size:27.6kB cached:22/22
2026-05-28T14:50:14.786425Z	info	delta	EDS: PUSH for node:client-56b675d94f-cbdzd.client-tr resources:21 removed:0 size:4.5kB empty:0 cached:21/21
2026-05-28T14:50:14.787008Z	info	delta	LDS: PUSH for node:client-56b675d94f-cbdzd.client-tr resources:22 removed:0 size:86.1kB
2026-05-28T14:50:14.787271Z	info	delta	RDS: PUSH for node:client-56b675d94f-cbdzd.client-tr resources:13 removed:0 size:12.1kB cached:6/13
2026-05-28T14:50:14.787300Z	info	delta	NDS: PUSH for node:client-56b675d94f-cbdzd.client-tr resources:1 removed:0 size:1.5kB
2026-05-28T14:50:15.791867Z	info	sync complete	name=istiod analyzer attempt=1 time=30.542µs
2026-05-28T14:50:15.901837Z	info	ads	Push debounce stable[170] 1 for config EnvoyFilter/client-tr/default-upstream-traffic-setting: 102.040208ms since last change, 102.040125ms since last push, full=true
2026-05-28T14:50:15.902202Z	info	ads	XDS: Pushing Services:14 ConnectedEndpoints:1 Version:2026-05-28T14:50:15Z/126
2026-05-28T14:50:15.902563Z	info	delta	CDS: PUSH for node:client-56b675d94f-cbdzd.client-tr resources:25 removed:0 size:27.6kB cached:0/22
2026-05-28T14:50:15.902604Z	info	delta	EDS: PUSH for node:client-56b675d94f-cbdzd.client-tr resources:21 removed:0 size:4.5kB empty:0 cached:21/21
2026-05-28T14:50:15.903114Z	info	delta	LDS: PUSH for node:client-56b675d94f-cbdzd.client-tr resources:22 removed:0 size:86.1kB
2026-05-28T14:50:15.903417Z	info	delta	RDS: PUSH for node:client-56b675d94f-cbdzd.client-tr resources:13 removed:0 size:12.1kB cached:0/13
2026-05-28T14:50:16.800984Z	info	sync complete	name=istiod analyzer attempt=1 time=30.416µs
2026-05-28T14:50:19.730019Z	info	model	Cache Update, new service xcp-multicluster/echo.echo-tr.svc.cluster.local
2026-05-28T14:50:19.834024Z	info	ads	Push debounce stable[171] 5 for config ServiceEntry/xcp-multicluster/echo.echo-tr.svc.cluster.local and 3 more configs: 100.421666ms since last change, 105.044209ms since last push, full=true
2026-05-28T14:50:19.834180Z	info	ads	XDS: Pushing Services:14 ConnectedEndpoints:1 Version:2026-05-28T14:50:19Z/127
2026-05-28T14:50:19.834395Z	info	delta	CDS: PUSH for node:client-56b675d94f-cbdzd.client-tr resources:4 removed:1 size:2.0kB cached:0/1
2026-05-28T14:50:19.834441Z	info	delta	EDS: PUSH for node:client-56b675d94f-cbdzd.client-tr resources:21 removed:0 size:4.3kB empty:1 cached:20/21
2026-05-28T14:50:19.835116Z	info	delta	LDS: PUSH for node:client-56b675d94f-cbdzd.client-tr resources:22 removed:0 size:86.1kB
2026-05-28T14:50:19.835405Z	info	delta	RDS: PUSH for node:client-56b675d94f-cbdzd.client-tr resources:13 removed:0 size:12.1kB cached:7/13
2026-05-28T14:50:19.835440Z	info	delta	NDS: PUSH for node:client-56b675d94f-cbdzd.client-tr resources:1 removed:0 size:1.5kB
2026-05-28T14:50:19.839580Z	info	delta	EDS: PUSH request for node:client-56b675d94f-cbdzd.client-tr resources:1 removed:0 size:159B empty:0 cached:0/1 filtered:20
2026-05-28T14:50:20.734225Z	info	sync complete	name=istiod analyzer attempt=1 time=22.125µs
2026-05-28T14:53:59.211985Z	info	ads	Push debounce stable[172] 2 for config Sidecar/client-tr/default and 1 more configs: 101.595667ms since last change, 103.703709ms since last push, full=true
2026-05-28T14:53:59.212142Z	info	ads	XDS: Pushing Services:14 ConnectedEndpoints:1 Version:2026-05-28T14:53:59Z/128
2026-05-28T14:53:59.212390Z	info	delta	CDS: PUSH for node:client-56b675d94f-cbdzd.client-tr resources:25 removed:0 size:27.3kB cached:21/22
2026-05-28T14:53:59.212433Z	info	delta	EDS: PUSH for node:client-56b675d94f-cbdzd.client-tr resources:21 removed:0 size:4.4kB empty:0 cached:21/21
2026-05-28T14:53:59.213038Z	info	delta	LDS: PUSH for node:client-56b675d94f-cbdzd.client-tr resources:22 removed:0 size:86.1kB
2026-05-28T14:53:59.213258Z	info	delta	RDS: PUSH for node:client-56b675d94f-cbdzd.client-tr resources:13 removed:0 size:8.7kB cached:0/13
2026-05-28T14:53:59.213293Z	info	delta	NDS: PUSH for node:client-56b675d94f-cbdzd.client-tr resources:1 removed:0 size:1.5kB
2026-05-28T14:54:00.111221Z	info	sync complete	name=istiod analyzer attempt=1 time=25µs
2026-05-28T14:54:03.229314Z	info	ads	Push debounce stable[173] 2 for config ServiceEntry/xcp-multicluster/echo.echo-tr.svc.cluster.local and 1 more configs: 101.242375ms since last change, 103.378625ms since last push, full=true
2026-05-28T14:54:03.229533Z	info	ads	XDS: Pushing Services:13 ConnectedEndpoints:1 Version:2026-05-28T14:54:03Z/129
2026-05-28T14:54:03.229669Z	info	delta	CDS: PUSH for node:client-56b675d94f-cbdzd.client-tr resources:3 removed:1 size:765B
2026-05-28T14:54:03.229719Z	info	delta	EDS: PUSH for node:client-56b675d94f-cbdzd.client-tr resources:21 removed:0 size:4.3kB empty:1 cached:20/21
2026-05-28T14:54:03.230327Z	info	delta	LDS: PUSH for node:client-56b675d94f-cbdzd.client-tr resources:21 removed:1 size:81.7kB
2026-05-28T14:54:03.230492Z	info	delta	RDS: PUSH for node:client-56b675d94f-cbdzd.client-tr resources:13 removed:0 size:8.2kB cached:5/13
2026-05-28T14:54:03.230521Z	info	delta	NDS: PUSH for node:client-56b675d94f-cbdzd.client-tr resources:1 removed:0 size:1.4kB
2026-05-28T14:54:04.128958Z	info	sync complete	name=istiod analyzer attempt=1 time=25.5µs
2026-05-28T14:54:22.919449Z	info	sync complete	name=istiod analyzer attempt=1 time=41.625µs
2026-05-28T14:54:27.920205Z	info	sync complete	name=istiod analyzer attempt=1 time=26.75µs
2026-05-28T14:54:51.969677Z	info	delta	ADS: "10.10.0.75:56798" client-56b675d94f-cbdzd.client-tr-169 terminated
2026-05-28T14:54:53.310495Z	info	sync complete	name=istiod analyzer attempt=1 time=64.292µs
2026-05-28T14:54:54.776803Z	info	ads	Push debounce stable[174] 1 for config ConfigMap/client-tr/kube-root-ca.crt: 101.50175ms since last change, 101.501709ms since last push, full=false
2026-05-28T14:54:54.776930Z	info	ads	XDS: Incremental Pushing ConnectedEndpoints:0 Version:2026-05-28T14:54:03Z/129
2026-05-28T14:54:55.176263Z	info	Process sidecar injection request	path=/inject pod=client-c0/client-56b675d94f-***** (actual name not yet known)
2026-05-28T14:54:55.262816Z	info	ads	Push debounce stable[175] 1 for config ConfigMap/client-c0/kube-root-ca.crt: 101.372875ms since last change, 101.371958ms since last push, full=false
2026-05-28T14:54:55.262870Z	info	ads	XDS: Incremental Pushing ConnectedEndpoints:0 Version:2026-05-28T14:54:03Z/129
2026-05-28T14:54:56.201588Z	info	sync complete	name=istiod analyzer attempt=1 time=37.709µs
2026-05-28T14:54:56.712666Z	info	delta	ADS: new delta connection for node:client-56b675d94f-k8l46.client-c0-170
2026-05-28T14:54:56.712797Z	info	delta	CDS: PUSH request for node:client-56b675d94f-k8l46.client-c0 resources:24 removed:0 size:26.0kB cached:21/21
2026-05-28T14:54:56.718408Z	info	delta	EDS: PUSH request for node:client-56b675d94f-k8l46.client-c0 resources:20 removed:0 size:4.3kB empty:0 cached:20/20 filtered:0
2026-05-28T14:54:56.729824Z	info	delta	LDS: PUSH request for node:client-56b675d94f-k8l46.client-c0 resources:21 removed:0 size:81.7kB
2026-05-28T14:54:56.729972Z	info	delta	NDS: PUSH request for node:client-56b675d94f-k8l46.client-c0 resources:1 removed:0 size:1.4kB
2026-05-28T14:54:56.741132Z	info	delta	RDS: PUSH request for node:client-56b675d94f-k8l46.client-c0 resources:12 removed:0 size:8.1kB cached:6/12 filtered:0
2026-05-28T14:54:57.514695Z	info	ads	Push debounce stable[176] 2 for config Sidecar/client-c0/default and 1 more configs: 101.515958ms since last change, 102.88775ms since last push, full=true
2026-05-28T14:54:57.515135Z	info	ads	XDS: Pushing Services:13 ConnectedEndpoints:1 Version:2026-05-28T14:54:57Z/130
2026-05-28T14:54:57.515633Z	info	delta	CDS: PUSH for node:client-56b675d94f-k8l46.client-c0 resources:24 removed:0 size:26.5kB cached:0/21
2026-05-28T14:54:57.515685Z	info	delta	EDS: PUSH for node:client-56b675d94f-k8l46.client-c0 resources:20 removed:0 size:4.3kB empty:0 cached:20/20
2026-05-28T14:54:57.516412Z	info	delta	LDS: PUSH for node:client-56b675d94f-k8l46.client-c0 resources:21 removed:0 size:81.7kB
2026-05-28T14:54:57.516838Z	info	delta	RDS: PUSH for node:client-56b675d94f-k8l46.client-c0 resources:12 removed:0 size:11.1kB cached:0/12
2026-05-28T14:54:57.516898Z	info	delta	NDS: PUSH for node:client-56b675d94f-k8l46.client-c0 resources:1 removed:0 size:1.4kB
2026-05-28T14:54:59.333932Z	info	delta	CDS: PUSH for node:client-56b675d94f-k8l46.client-c0 resources:24 removed:0 size:26.5kB cached:21/21
2026-05-28T14:54:59.333987Z	info	delta	EDS: PUSH for node:client-56b675d94f-k8l46.client-c0 resources:20 removed:0 size:4.3kB empty:0 cached:20/20
2026-05-28T14:54:59.334806Z	info	delta	LDS: PUSH for node:client-56b675d94f-k8l46.client-c0 resources:21 removed:0 size:81.7kB
2026-05-28T14:54:59.335114Z	info	delta	RDS: PUSH for node:client-56b675d94f-k8l46.client-c0 resources:12 removed:0 size:11.1kB cached:5/12
2026-05-28T14:54:59.335148Z	info	delta	NDS: PUSH for node:client-56b675d94f-k8l46.client-c0 resources:1 removed:0 size:1.4kB
2026-05-28T14:55:00.339513Z	info	sync complete	name=istiod analyzer attempt=1 time=38.334µs
2026-05-28T14:55:00.450378Z	info	ads	Push debounce stable[177] 1 for config EnvoyFilter/client-c0/default-upstream-traffic-setting: 100.238375ms since last change, 100.238292ms since last push, full=true
2026-05-28T14:55:00.450782Z	info	ads	XDS: Pushing Services:13 ConnectedEndpoints:1 Version:2026-05-28T14:55:00Z/131
2026-05-28T14:55:00.451176Z	info	delta	CDS: PUSH for node:client-56b675d94f-k8l46.client-c0 resources:24 removed:0 size:26.5kB cached:0/21
2026-05-28T14:55:00.451235Z	info	delta	EDS: PUSH for node:client-56b675d94f-k8l46.client-c0 resources:20 removed:0 size:4.3kB empty:0 cached:20/20
2026-05-28T14:55:00.451947Z	info	delta	LDS: PUSH for node:client-56b675d94f-k8l46.client-c0 resources:21 removed:0 size:81.7kB
2026-05-28T14:55:00.452339Z	info	delta	RDS: PUSH for node:client-56b675d94f-k8l46.client-c0 resources:12 removed:0 size:11.1kB cached:0/12
2026-05-28T14:55:01.351720Z	info	sync complete	name=istiod analyzer attempt=1 time=29.125µs
2026-05-28T14:59:58.409934Z	info	sync complete	name=istiod analyzer attempt=1 time=24µs
2026-05-28T15:00:28.997991Z	info	ads	Push debounce stable[178] 2 for config ServiceEntry/istio-system/xcp-edge-internal.istio-system.svc.cluster.local: 100.698833ms since last change, 116.582667ms since last push, full=false
2026-05-28T15:00:28.998066Z	info	ads	XDS: Incremental Pushing ConnectedEndpoints:1 Version:2026-05-28T14:55:00Z/131
2026-05-28T15:00:29.149622Z	info	ads	Push debounce stable[179] 1 for config ServiceEntry/istio-system/xcp-edge-internal.istio-system.svc.cluster.local: 101.297667ms since last change, 101.297625ms since last push, full=false
2026-05-28T15:00:29.149678Z	info	ads	XDS: Incremental Pushing ConnectedEndpoints:1 Version:2026-05-28T14:55:00Z/131
2026-05-28T15:00:30.948802Z	info	sync complete	name=istiod analyzer attempt=1 time=30.416µs
2026-05-28T15:03:41.670764Z	info	ads	Push debounce stable[180] 2 for config EnvoyFilter/client-c0/default-upstream-traffic-setting and 1 more configs: 100.442333ms since last change, 101.870041ms since last push, full=true
2026-05-28T15:03:41.670911Z	info	ads	XDS: Pushing Services:13 ConnectedEndpoints:1 Version:2026-05-28T15:03:41Z/132
2026-05-28T15:03:41.671120Z	info	delta	CDS: PUSH for node:client-56b675d94f-k8l46.client-c0 resources:24 removed:0 size:26.0kB cached:19/21
2026-05-28T15:03:41.671160Z	info	delta	EDS: PUSH for node:client-56b675d94f-k8l46.client-c0 resources:20 removed:0 size:4.3kB empty:0 cached:20/20
2026-05-28T15:03:41.671807Z	info	delta	LDS: PUSH for node:client-56b675d94f-k8l46.client-c0 resources:21 removed:0 size:81.7kB
2026-05-28T15:03:41.672080Z	info	delta	RDS: PUSH for node:client-56b675d94f-k8l46.client-c0 resources:12 removed:0 size:8.1kB cached:5/12
2026-05-28T15:03:41.672119Z	info	delta	NDS: PUSH for node:client-56b675d94f-k8l46.client-c0 resources:1 removed:0 size:1.4kB
2026-05-28T15:03:42.572071Z	info	sync complete	name=istiod analyzer attempt=1 time=41.792µs
2026-05-28T15:03:53.494957Z	info	sync complete	name=istiod analyzer attempt=1 time=21.792µs
2026-05-28T15:03:58.498797Z	info	sync complete	name=istiod analyzer attempt=1 time=26.25µs
2026-05-28T15:04:22.522753Z	info	delta	ADS: "10.10.0.76:48918" client-56b675d94f-k8l46.client-c0-170 terminated
2026-05-28T15:04:24.269557Z	info	sync complete	name=istiod analyzer attempt=1 time=30.083µs
2026-05-28T15:04:34.641263Z	info	ads	Push debounce stable[181] 1 for config ConfigMap/client-c0/kube-root-ca.crt: 100.239125ms since last change, 100.239084ms since last push, full=false
2026-05-28T15:04:34.641320Z	info	ads	XDS: Incremental Pushing ConnectedEndpoints:0 Version:2026-05-28T15:03:41Z/132
2026-05-28T15:04:34.877509Z	info	Process sidecar injection request	path=/inject pod=client-tr/client-56b675d94f-***** (actual name not yet known)
2026-05-28T15:04:34.961263Z	info	ads	Push debounce stable[182] 1 for config ConfigMap/client-tr/kube-root-ca.crt: 100.420375ms since last change, 100.420334ms since last push, full=false
2026-05-28T15:04:34.961313Z	info	ads	XDS: Incremental Pushing ConnectedEndpoints:0 Version:2026-05-28T15:03:41Z/132
2026-05-28T15:04:35.896346Z	info	sync complete	name=istiod analyzer attempt=1 time=24.625µs
2026-05-28T15:04:36.620203Z	info	delta	ADS: new delta connection for node:client-56b675d94f-4rbdq.client-tr-171
2026-05-28T15:04:36.620327Z	info	delta	CDS: PUSH request for node:client-56b675d94f-4rbdq.client-tr resources:24 removed:0 size:26.0kB cached:21/21
2026-05-28T15:04:36.625666Z	info	delta	EDS: PUSH request for node:client-56b675d94f-4rbdq.client-tr resources:20 removed:0 size:4.3kB empty:0 cached:20/20 filtered:0
2026-05-28T15:04:36.643497Z	info	delta	LDS: PUSH request for node:client-56b675d94f-4rbdq.client-tr resources:21 removed:0 size:81.7kB
2026-05-28T15:04:36.643596Z	info	delta	NDS: PUSH request for node:client-56b675d94f-4rbdq.client-tr resources:1 removed:0 size:1.4kB
2026-05-28T15:04:36.652302Z	info	delta	RDS: PUSH request for node:client-56b675d94f-4rbdq.client-tr resources:12 removed:0 size:8.1kB cached:5/12 filtered:0
2026-05-28T15:04:37.328335Z	info	ads	Push debounce stable[183] 2 for config EnvoyFilter/client-tr/default-upstream-traffic-setting and 1 more configs: 100.546833ms since last change, 101.941583ms since last push, full=true
2026-05-28T15:04:37.328663Z	info	ads	XDS: Pushing Services:13 ConnectedEndpoints:1 Version:2026-05-28T15:04:37Z/133
2026-05-28T15:04:37.329048Z	info	delta	CDS: PUSH for node:client-56b675d94f-4rbdq.client-tr resources:24 removed:0 size:26.5kB cached:0/21
2026-05-28T15:04:37.329090Z	info	delta	EDS: PUSH for node:client-56b675d94f-4rbdq.client-tr resources:20 removed:0 size:4.3kB empty:0 cached:20/20
2026-05-28T15:04:37.329753Z	info	delta	LDS: PUSH for node:client-56b675d94f-4rbdq.client-tr resources:21 removed:0 size:81.7kB
2026-05-28T15:04:37.330181Z	info	delta	RDS: PUSH for node:client-56b675d94f-4rbdq.client-tr resources:12 removed:0 size:11.1kB cached:0/12
2026-05-28T15:04:37.330215Z	info	delta	NDS: PUSH for node:client-56b675d94f-4rbdq.client-tr resources:1 removed:0 size:1.4kB
2026-05-28T15:04:37.622331Z	info	model	Cache Update, new service xcp-multicluster/echo.echo-tr.svc.cluster.local
2026-05-28T15:04:37.728070Z	info	ads	Push debounce stable[184] 3 for config DestinationRule/xcp-multicluster/global-gateway-echo-echo-tr-svc-cluster-local and 1 more configs: 100.599458ms since last change, 107.334917ms since last push, full=true
2026-05-28T15:04:37.728265Z	info	ads	XDS: Pushing Services:14 ConnectedEndpoints:1 Version:2026-05-28T15:04:37Z/134
2026-05-28T15:04:37.728468Z	info	delta	CDS: PUSH for node:client-56b675d94f-4rbdq.client-tr resources:4 removed:0 size:2.0kB cached:0/1
2026-05-28T15:04:37.728510Z	info	delta	EDS: PUSH for node:client-56b675d94f-4rbdq.client-tr resources:20 removed:0 size:4.3kB empty:0 cached:20/20
2026-05-28T15:04:37.729210Z	info	delta	LDS: PUSH for node:client-56b675d94f-4rbdq.client-tr resources:22 removed:0 size:86.1kB
2026-05-28T15:04:37.729478Z	info	delta	RDS: PUSH for node:client-56b675d94f-4rbdq.client-tr resources:12 removed:0 size:11.1kB cached:5/12
2026-05-28T15:04:37.729510Z	info	delta	NDS: PUSH for node:client-56b675d94f-4rbdq.client-tr resources:1 removed:0 size:1.5kB
2026-05-28T15:04:37.734579Z	info	delta	EDS: PUSH request for node:client-56b675d94f-4rbdq.client-tr resources:1 removed:0 size:159B empty:0 cached:0/1 filtered:20
2026-05-28T15:04:37.734858Z	info	delta	RDS: PUSH request for node:client-56b675d94f-4rbdq.client-tr resources:1 removed:0 size:949B cached:0/1 filtered:12
2026-05-28T15:04:39.295649Z	info	delta	CDS: PUSH for node:client-56b675d94f-4rbdq.client-tr resources:25 removed:0 size:27.7kB cached:22/22
2026-05-28T15:04:39.295719Z	info	delta	EDS: PUSH for node:client-56b675d94f-4rbdq.client-tr resources:21 removed:0 size:4.4kB empty:0 cached:21/21
2026-05-28T15:04:39.296483Z	info	delta	LDS: PUSH for node:client-56b675d94f-4rbdq.client-tr resources:22 removed:0 size:86.1kB
2026-05-28T15:04:39.296752Z	info	delta	RDS: PUSH for node:client-56b675d94f-4rbdq.client-tr resources:13 removed:0 size:12.1kB cached:9/13
2026-05-28T15:04:39.296805Z	info	delta	NDS: PUSH for node:client-56b675d94f-4rbdq.client-tr resources:1 removed:0 size:1.5kB
2026-05-28T15:04:40.302134Z	info	sync complete	name=istiod analyzer attempt=1 time=29.291µs
2026-05-28T15:04:40.410205Z	info	ads	Push debounce stable[185] 1 for config EnvoyFilter/client-tr/default-upstream-traffic-setting: 101.760875ms since last change, 101.760834ms since last push, full=true
2026-05-28T15:04:40.410576Z	info	ads	XDS: Pushing Services:14 ConnectedEndpoints:1 Version:2026-05-28T15:04:40Z/135
2026-05-28T15:04:40.410998Z	info	delta	CDS: PUSH for node:client-56b675d94f-4rbdq.client-tr resources:25 removed:0 size:27.7kB cached:0/22
2026-05-28T15:04:40.411041Z	info	delta	EDS: PUSH for node:client-56b675d94f-4rbdq.client-tr resources:21 removed:0 size:4.4kB empty:0 cached:21/21
2026-05-28T15:04:40.411713Z	info	delta	LDS: PUSH for node:client-56b675d94f-4rbdq.client-tr resources:22 removed:0 size:86.1kB
2026-05-28T15:04:40.412112Z	info	delta	RDS: PUSH for node:client-56b675d94f-4rbdq.client-tr resources:13 removed:0 size:12.1kB cached:0/13
2026-05-28T15:04:41.309244Z	info	sync complete	name=istiod analyzer attempt=1 time=24.708µs
2026-05-28T15:05:04.929366Z	info	sync complete	name=istiod analyzer attempt=1 time=57.292µs
2026-05-28T15:10:11.309170Z	info	sync complete	name=istiod analyzer attempt=1 time=30.958µs
2026-05-28T15:15:17.372656Z	info	sync complete	name=istiod analyzer attempt=1 time=36.25µs
2026-05-28T15:20:22.545719Z	info	sync complete	name=istiod analyzer attempt=1 time=25.041µs
2026-05-28T15:25:29.001973Z	info	sync complete	name=istiod analyzer attempt=1 time=73.958µs
2026-05-28T15:30:35.115072Z	info	sync complete	name=istiod analyzer attempt=1 time=28.458µs
2026-05-28T15:35:26.390507Z	info	delta	ADS: "10.10.0.78:54402" client-56b675d94f-4rbdq.client-tr-171 terminated
2026-05-28T15:35:26.500784Z	info	delta	ADS: new delta connection for node:client-56b675d94f-4rbdq.client-tr-172
2026-05-28T15:35:26.501399Z	info	delta	CDS: PUSH request for node:client-56b675d94f-4rbdq.client-tr resources:25 removed:0 size:27.7kB cached:22/22 filtered:0
2026-05-28T15:35:26.502625Z	info	delta	EDS: PUSH request for node:client-56b675d94f-4rbdq.client-tr resources:21 removed:0 size:4.4kB empty:0 cached:21/21 filtered:0
2026-05-28T15:35:26.504534Z	info	delta	LDS: PUSH request for node:client-56b675d94f-4rbdq.client-tr resources:22 removed:0 size:86.1kB filtered:0
2026-05-28T15:35:26.504692Z	info	delta	NDS: PUSH request for node:client-56b675d94f-4rbdq.client-tr resources:1 removed:0 size:1.5kB
2026-05-28T15:35:26.504972Z	info	delta	RDS: PUSH request for node:client-56b675d94f-4rbdq.client-tr resources:13 removed:0 size:12.1kB cached:8/13 filtered:0
2026-05-28T15:35:39.976120Z	info	sync complete	name=istiod analyzer attempt=1 time=28.416µs
2026-05-28T15:40:45.635959Z	info	sync complete	name=istiod analyzer attempt=1 time=25.208µs
2026-05-28T15:45:51.060692Z	info	sync complete	name=istiod analyzer attempt=1 time=50.5µs
2026-05-28T15:50:56.600330Z	info	sync complete	name=istiod analyzer attempt=1 time=35.333µs
2026-05-28T15:56:03.147971Z	info	sync complete	name=istiod analyzer attempt=1 time=41.625µs
2026-05-28T16:01:08.761249Z	info	sync complete	name=istiod analyzer attempt=1 time=47.209µs
2026-05-28T16:06:14.154167Z	info	sync complete	name=istiod analyzer attempt=1 time=25.083µs
2026-05-28T16:08:27.579179Z	info	delta	ADS: "10.10.0.78:41156" client-56b675d94f-4rbdq.client-tr-172 terminated
2026-05-28T16:08:27.865754Z	info	delta	ADS: new delta connection for node:client-56b675d94f-4rbdq.client-tr-173
2026-05-28T16:08:27.866172Z	info	delta	CDS: PUSH request for node:client-56b675d94f-4rbdq.client-tr resources:25 removed:0 size:27.7kB cached:22/22 filtered:0
2026-05-28T16:08:27.867010Z	info	delta	EDS: PUSH request for node:client-56b675d94f-4rbdq.client-tr resources:21 removed:0 size:4.4kB empty:0 cached:21/21 filtered:0
2026-05-28T16:08:27.868440Z	info	delta	LDS: PUSH request for node:client-56b675d94f-4rbdq.client-tr resources:22 removed:0 size:86.1kB filtered:0
2026-05-28T16:08:27.868579Z	info	delta	NDS: PUSH request for node:client-56b675d94f-4rbdq.client-tr resources:1 removed:0 size:1.5kB
2026-05-28T16:08:27.868811Z	info	delta	RDS: PUSH request for node:client-56b675d94f-4rbdq.client-tr resources:13 removed:0 size:12.1kB cached:8/13 filtered:0
2026-05-28T16:11:20.851868Z	info	sync complete	name=istiod analyzer attempt=1 time=25.584µs
2026-05-28T16:16:25.890480Z	info	sync complete	name=istiod analyzer attempt=1 time=26.125µs
2026-05-28T16:21:31.891832Z	info	sync complete	name=istiod analyzer attempt=1 time=32.459µs
2026-05-28T16:26:37.696876Z	info	sync complete	name=istiod analyzer attempt=1 time=25.167µs
2026-05-28T16:31:44.847292Z	info	sync complete	name=istiod analyzer attempt=1 time=33.084µs
2026-05-28T16:36:51.059543Z	info	sync complete	name=istiod analyzer attempt=1 time=40.042µs
2026-05-28T16:40:24.963703Z	info	delta	ADS: "10.10.0.78:59380" client-56b675d94f-4rbdq.client-tr-173 terminated
2026-05-28T16:40:25.137284Z	info	delta	ADS: new delta connection for node:client-56b675d94f-4rbdq.client-tr-174
2026-05-28T16:40:25.137668Z	info	delta	CDS: PUSH request for node:client-56b675d94f-4rbdq.client-tr resources:25 removed:0 size:27.7kB cached:22/22 filtered:0
2026-05-28T16:40:25.138137Z	info	delta	EDS: PUSH request for node:client-56b675d94f-4rbdq.client-tr resources:21 removed:0 size:4.4kB empty:0 cached:21/21 filtered:0
2026-05-28T16:40:25.139588Z	info	delta	LDS: PUSH request for node:client-56b675d94f-4rbdq.client-tr resources:22 removed:0 size:86.1kB filtered:0
2026-05-28T16:40:25.139728Z	info	delta	NDS: PUSH request for node:client-56b675d94f-4rbdq.client-tr resources:1 removed:0 size:1.5kB
2026-05-28T16:40:25.139966Z	info	delta	RDS: PUSH request for node:client-56b675d94f-4rbdq.client-tr resources:13 removed:0 size:12.1kB cached:7/13 filtered:0
2026-05-28T16:41:57.048676Z	info	sync complete	name=istiod analyzer attempt=1 time=35.417µs
2026-05-28T16:47:03.459490Z	info	sync complete	name=istiod analyzer attempt=1 time=33.291µs
2026-05-28T16:52:08.732444Z	info	sync complete	name=istiod analyzer attempt=1 time=25.833µs
2026-05-28T16:57:13.947059Z	info	sync complete	name=istiod analyzer attempt=1 time=27.625µs
2026-05-28T17:02:20.002754Z	info	sync complete	name=istiod analyzer attempt=1 time=33.333µs
2026-05-28T17:07:26.593868Z	info	sync complete	name=istiod analyzer attempt=1 time=47.75µs
2026-05-28T17:11:41.667864Z	info	delta	ADS: "10.10.0.78:37918" client-56b675d94f-4rbdq.client-tr-174 terminated
2026-05-28T17:11:41.749987Z	info	delta	ADS: new delta connection for node:client-56b675d94f-4rbdq.client-tr-175
2026-05-28T17:11:41.750317Z	info	delta	CDS: PUSH request for node:client-56b675d94f-4rbdq.client-tr resources:25 removed:0 size:27.7kB cached:22/22 filtered:0
2026-05-28T17:11:41.750923Z	info	delta	EDS: PUSH request for node:client-56b675d94f-4rbdq.client-tr resources:21 removed:0 size:4.4kB empty:0 cached:21/21 filtered:0
2026-05-28T17:11:41.753459Z	info	delta	LDS: PUSH request for node:client-56b675d94f-4rbdq.client-tr resources:22 removed:0 size:86.1kB filtered:0
2026-05-28T17:11:41.753672Z	info	delta	NDS: PUSH request for node:client-56b675d94f-4rbdq.client-tr resources:1 removed:0 size:1.5kB
2026-05-28T17:11:41.754140Z	info	delta	RDS: PUSH request for node:client-56b675d94f-4rbdq.client-tr resources:13 removed:0 size:12.1kB cached:7/13 filtered:0
2026-05-28T17:12:31.375435Z	info	sync complete	name=istiod analyzer attempt=1 time=39.667µs
2026-05-28T17:17:36.578324Z	info	sync complete	name=istiod analyzer attempt=1 time=30.375µs
2026-05-28T17:22:42.009658Z	info	sync complete	name=istiod analyzer attempt=1 time=25.416µs
2026-05-28T17:27:47.412905Z	info	sync complete	name=istiod analyzer attempt=1 time=48.75µs
2026-05-28T17:32:55.024422Z	info	sync complete	name=istiod analyzer attempt=1 time=79.5µs
2026-05-28T17:38:02.626031Z	info	sync complete	name=istiod analyzer attempt=1 time=74.833µs
2026-05-28T17:42:53.989958Z	info	delta	ADS: "10.10.0.78:39974" client-56b675d94f-4rbdq.client-tr-175 terminated
2026-05-28T17:42:54.321920Z	info	delta	ADS: new delta connection for node:client-56b675d94f-4rbdq.client-tr-176
2026-05-28T17:42:54.322317Z	info	delta	CDS: PUSH request for node:client-56b675d94f-4rbdq.client-tr resources:25 removed:0 size:27.7kB cached:22/22 filtered:0
2026-05-28T17:42:54.323195Z	info	delta	EDS: PUSH request for node:client-56b675d94f-4rbdq.client-tr resources:21 removed:0 size:4.4kB empty:0 cached:21/21 filtered:0
2026-05-28T17:42:54.324642Z	info	delta	LDS: PUSH request for node:client-56b675d94f-4rbdq.client-tr resources:22 removed:0 size:86.1kB filtered:0
2026-05-28T17:42:54.324845Z	info	delta	NDS: PUSH request for node:client-56b675d94f-4rbdq.client-tr resources:1 removed:0 size:1.5kB
2026-05-28T17:42:54.325313Z	info	delta	RDS: PUSH request for node:client-56b675d94f-4rbdq.client-tr resources:13 removed:0 size:12.1kB cached:8/13 filtered:0
2026-05-28T17:43:08.536863Z	info	sync complete	name=istiod analyzer attempt=1 time=27.583µs
2026-05-28T17:48:13.202470Z	info	sync complete	name=istiod analyzer attempt=1 time=28.584µs
2026-05-28T17:53:18.627582Z	info	sync complete	name=istiod analyzer attempt=1 time=25.291µs
2026-05-28T17:58:24.763571Z	info	sync complete	name=istiod analyzer attempt=1 time=25.458µs
2026-05-28T18:03:30.130819Z	info	sync complete	name=istiod analyzer attempt=1 time=24.875µs
2026-05-28T18:08:36.894328Z	info	sync complete	name=istiod analyzer attempt=1 time=25.958µs
2026-05-28T18:11:25.679811Z	info	delta	ADS: "10.10.0.78:47730" client-56b675d94f-4rbdq.client-tr-176 terminated
2026-05-28T18:11:25.743298Z	info	delta	ADS: new delta connection for node:client-56b675d94f-4rbdq.client-tr-177
2026-05-28T18:11:25.744056Z	info	delta	CDS: PUSH request for node:client-56b675d94f-4rbdq.client-tr resources:25 removed:0 size:27.7kB cached:22/22 filtered:0
2026-05-28T18:11:25.744712Z	info	delta	EDS: PUSH request for node:client-56b675d94f-4rbdq.client-tr resources:21 removed:0 size:4.4kB empty:0 cached:21/21 filtered:0
2026-05-28T18:11:25.746001Z	info	delta	LDS: PUSH request for node:client-56b675d94f-4rbdq.client-tr resources:22 removed:0 size:86.1kB filtered:0
2026-05-28T18:11:25.746290Z	info	delta	NDS: PUSH request for node:client-56b675d94f-4rbdq.client-tr resources:1 removed:0 size:1.5kB
2026-05-28T18:11:25.746598Z	info	delta	RDS: PUSH request for node:client-56b675d94f-4rbdq.client-tr resources:13 removed:0 size:12.1kB cached:7/13 filtered:0
2026-05-28T18:13:42.881635Z	info	sync complete	name=istiod analyzer attempt=1 time=49.167µs
2026-05-28T18:18:48.272706Z	info	sync complete	name=istiod analyzer attempt=1 time=26.417µs
2026-05-28T18:23:52.705757Z	info	sync complete	name=istiod analyzer attempt=1 time=68.542µs
2026-05-28T18:28:58.923871Z	info	sync complete	name=istiod analyzer attempt=1 time=108.75µs
2026-05-28T18:34:03.941698Z	info	sync complete	name=istiod analyzer attempt=1 time=71.125µs
2026-05-28T18:39:09.502967Z	info	sync complete	name=istiod analyzer attempt=1 time=164.583µs
2026-05-28T18:41:28.942764Z	info	delta	ADS: "10.10.0.78:45382" client-56b675d94f-4rbdq.client-tr-177 terminated
2026-05-28T18:41:29.068692Z	info	delta	ADS: new delta connection for node:client-56b675d94f-4rbdq.client-tr-178
2026-05-28T18:41:29.069461Z	info	delta	CDS: PUSH request for node:client-56b675d94f-4rbdq.client-tr resources:25 removed:0 size:27.7kB cached:22/22 filtered:0
2026-05-28T18:41:29.070324Z	info	delta	EDS: PUSH request for node:client-56b675d94f-4rbdq.client-tr resources:21 removed:0 size:4.4kB empty:0 cached:21/21 filtered:0
2026-05-28T18:41:29.071871Z	info	delta	LDS: PUSH request for node:client-56b675d94f-4rbdq.client-tr resources:22 removed:0 size:86.1kB filtered:0
2026-05-28T18:41:29.072056Z	info	delta	NDS: PUSH request for node:client-56b675d94f-4rbdq.client-tr resources:1 removed:0 size:1.5kB
2026-05-28T18:41:29.072715Z	info	delta	RDS: PUSH request for node:client-56b675d94f-4rbdq.client-tr resources:13 removed:0 size:12.1kB cached:7/13 filtered:0
2026-05-28T18:44:15.665344Z	info	sync complete	name=istiod analyzer attempt=1 time=52.042µs
2026-05-28T18:49:22.000121Z	info	sync complete	name=istiod analyzer attempt=1 time=152.333µs
2026-05-28T18:54:28.740473Z	info	sync complete	name=istiod analyzer attempt=1 time=77.625µs
2026-05-28T18:59:34.596539Z	info	sync complete	name=istiod analyzer attempt=1 time=109.042µs
2026-05-28T19:04:40.880343Z	info	sync complete	name=istiod analyzer attempt=1 time=64.042µs
2026-05-28T19:09:46.083613Z	info	sync complete	name=istiod analyzer attempt=1 time=85.25µs
2026-05-28T19:12:37.384390Z	info	delta	ADS: "10.10.0.78:60214" client-56b675d94f-4rbdq.client-tr-178 terminated
2026-05-28T19:12:37.477448Z	info	delta	ADS: new delta connection for node:client-56b675d94f-4rbdq.client-tr-179
2026-05-28T19:12:37.478257Z	info	delta	CDS: PUSH request for node:client-56b675d94f-4rbdq.client-tr resources:25 removed:0 size:27.7kB cached:22/22 filtered:0
2026-05-28T19:12:37.479502Z	info	delta	EDS: PUSH request for node:client-56b675d94f-4rbdq.client-tr resources:21 removed:0 size:4.4kB empty:0 cached:21/21 filtered:0
2026-05-28T19:12:37.482577Z	info	delta	LDS: PUSH request for node:client-56b675d94f-4rbdq.client-tr resources:22 removed:0 size:86.1kB filtered:0
2026-05-28T19:12:37.482988Z	info	delta	NDS: PUSH request for node:client-56b675d94f-4rbdq.client-tr resources:1 removed:0 size:1.5kB
2026-05-28T19:12:37.483425Z	info	delta	RDS: PUSH request for node:client-56b675d94f-4rbdq.client-tr resources:13 removed:0 size:12.1kB cached:7/13 filtered:0
2026-05-28T19:14:53.117212Z	info	sync complete	name=istiod analyzer attempt=1 time=130.417µs
2026-05-28T19:20:00.317276Z	info	sync complete	name=istiod analyzer attempt=1 time=62.833µs
2026-05-28T19:25:06.571024Z	info	sync complete	name=istiod analyzer attempt=1 time=135.583µs
2026-05-28T19:30:12.565781Z	info	sync complete	name=istiod analyzer attempt=1 time=80.417µs
2026-05-28T19:35:18.287972Z	info	sync complete	name=istiod analyzer attempt=1 time=200.333µs
2026-05-28T19:40:24.225363Z	info	sync complete	name=istiod analyzer attempt=1 time=89.167µs
2026-05-28T19:45:27.229294Z	info	delta	ADS: "10.10.0.78:40784" client-56b675d94f-4rbdq.client-tr-179 terminated
2026-05-28T19:45:27.725327Z	info	delta	ADS: new delta connection for node:client-56b675d94f-4rbdq.client-tr-180
2026-05-28T19:45:27.725996Z	info	delta	CDS: PUSH request for node:client-56b675d94f-4rbdq.client-tr resources:25 removed:0 size:27.7kB cached:22/22 filtered:0
2026-05-28T19:45:27.726749Z	info	delta	EDS: PUSH request for node:client-56b675d94f-4rbdq.client-tr resources:21 removed:0 size:4.4kB empty:0 cached:21/21 filtered:0
2026-05-28T19:45:27.728251Z	info	delta	LDS: PUSH request for node:client-56b675d94f-4rbdq.client-tr resources:22 removed:0 size:86.1kB filtered:0
2026-05-28T19:45:27.728437Z	info	delta	NDS: PUSH request for node:client-56b675d94f-4rbdq.client-tr resources:1 removed:0 size:1.5kB
2026-05-28T19:45:27.728951Z	info	delta	RDS: PUSH request for node:client-56b675d94f-4rbdq.client-tr resources:13 removed:0 size:12.1kB cached:6/13 filtered:0
2026-05-28T19:45:31.261529Z	info	sync complete	name=istiod analyzer attempt=1 time=83.042µs
2026-05-28T19:50:37.469430Z	info	sync complete	name=istiod analyzer attempt=1 time=111.042µs
2026-05-28T19:55:43.116562Z	info	sync complete	name=istiod analyzer attempt=1 time=106.625µs
2026-05-28T20:00:49.841203Z	info	sync complete	name=istiod analyzer attempt=1 time=64.667µs
2026-05-28T20:05:56.230987Z	info	sync complete	name=istiod analyzer attempt=1 time=59.333µs
2026-05-28T20:11:02.413973Z	info	sync complete	name=istiod analyzer attempt=1 time=80.084µs
2026-05-28T20:12:51.699659Z	info	delta	ADS: "10.10.0.78:40658" client-56b675d94f-4rbdq.client-tr-180 terminated
2026-05-28T20:12:52.011678Z	info	delta	ADS: new delta connection for node:client-56b675d94f-4rbdq.client-tr-181
2026-05-28T20:12:52.012498Z	info	delta	CDS: PUSH request for node:client-56b675d94f-4rbdq.client-tr resources:25 removed:0 size:27.7kB cached:22/22 filtered:0
2026-05-28T20:12:52.014137Z	info	delta	EDS: PUSH request for node:client-56b675d94f-4rbdq.client-tr resources:21 removed:0 size:4.4kB empty:0 cached:21/21 filtered:0
2026-05-28T20:12:52.016226Z	info	delta	LDS: PUSH request for node:client-56b675d94f-4rbdq.client-tr resources:22 removed:0 size:86.1kB filtered:0
2026-05-28T20:12:52.016369Z	info	delta	NDS: PUSH request for node:client-56b675d94f-4rbdq.client-tr resources:1 removed:0 size:1.5kB
2026-05-28T20:12:52.016680Z	info	delta	RDS: PUSH request for node:client-56b675d94f-4rbdq.client-tr resources:13 removed:0 size:12.1kB cached:7/13 filtered:0
2026-05-28T20:16:08.326123Z	info	sync complete	name=istiod analyzer attempt=1 time=81.708µs
2026-05-28T20:21:15.754480Z	info	sync complete	name=istiod analyzer attempt=1 time=105.667µs
2026-05-28T20:33:02.974220Z	info	sync complete	name=istiod analyzer attempt=1 time=74.875µs
2026-05-28T21:03:27.091008Z	info	sync complete	name=istiod analyzer attempt=1 time=134.541µs
2026-05-28T21:33:30.291224Z	info	sync complete	name=istiod analyzer attempt=1 time=63.709µs
2026-05-28T22:03:39.396224Z	info	sync complete	name=istiod analyzer attempt=1 time=149.042µs
2026-05-28T22:24:02.246004Z	info	delta	ADS: "10.10.0.78:44908" client-56b675d94f-4rbdq.client-tr-181 terminated
2026-05-28T22:24:02.347269Z	info	delta	ADS: new delta connection for node:client-56b675d94f-4rbdq.client-tr-182
2026-05-28T22:24:02.348032Z	info	delta	CDS: PUSH request for node:client-56b675d94f-4rbdq.client-tr resources:25 removed:0 size:27.7kB cached:22/22 filtered:0
2026-05-28T22:24:02.348886Z	info	delta	EDS: PUSH request for node:client-56b675d94f-4rbdq.client-tr resources:21 removed:0 size:4.4kB empty:0 cached:21/21 filtered:0
2026-05-28T22:24:02.350746Z	info	delta	LDS: PUSH request for node:client-56b675d94f-4rbdq.client-tr resources:22 removed:0 size:86.1kB filtered:0
2026-05-28T22:24:02.350924Z	info	delta	NDS: PUSH request for node:client-56b675d94f-4rbdq.client-tr resources:1 removed:0 size:1.5kB
2026-05-28T22:24:02.351361Z	info	delta	RDS: PUSH request for node:client-56b675d94f-4rbdq.client-tr resources:13 removed:0 size:12.1kB cached:7/13 filtered:0
2026-05-28T22:34:02.430507Z	info	sync complete	name=istiod analyzer attempt=1 time=54.041µs
2026-05-28T23:03:26.069872Z	info	sync complete	name=istiod analyzer attempt=1 time=99.666µs
2026-05-28T23:33:49.144839Z	info	sync complete	name=istiod analyzer attempt=1 time=64.041µs
2026-05-28T23:55:46.655482Z	info	sync complete	name=istiod analyzer attempt=1 time=184µs
2026-05-29T00:18:58.689578Z	info	sync complete	name=istiod analyzer attempt=1 time=80µs
2026-05-29T00:53:34.327736Z	info	sync complete	name=istiod analyzer attempt=1 time=72.334µs
2026-05-29T00:58:48.404362Z	info	delta	ADS: "10.10.0.78:36670" client-56b675d94f-4rbdq.client-tr-182 terminated
2026-05-29T00:58:48.737845Z	info	delta	ADS: new delta connection for node:client-56b675d94f-4rbdq.client-tr-183
2026-05-29T00:58:48.738795Z	info	delta	CDS: PUSH request for node:client-56b675d94f-4rbdq.client-tr resources:25 removed:0 size:27.7kB cached:22/22 filtered:0
2026-05-29T00:58:48.738952Z	info	delta	EDS: PUSH request for node:client-56b675d94f-4rbdq.client-tr resources:21 removed:0 size:4.4kB empty:0 cached:21/21 filtered:0
2026-05-29T00:58:48.741066Z	info	delta	LDS: PUSH request for node:client-56b675d94f-4rbdq.client-tr resources:22 removed:0 size:86.1kB filtered:0
2026-05-29T00:58:48.741281Z	info	delta	NDS: PUSH request for node:client-56b675d94f-4rbdq.client-tr resources:1 removed:0 size:1.5kB
2026-05-29T00:58:48.741590Z	info	delta	RDS: PUSH request for node:client-56b675d94f-4rbdq.client-tr resources:13 removed:0 size:12.1kB cached:6/13 filtered:0
2026-05-29T01:23:34.290669Z	info	sync complete	name=istiod analyzer attempt=1 time=77.875µs
2026-05-29T01:53:56.235874Z	info	sync complete	name=istiod analyzer attempt=1 time=62.416µs
2026-05-29T02:19:05.289482Z	info	sync complete	name=istiod analyzer attempt=1 time=98.083µs
2026-05-29T02:50:44.925448Z	info	sync complete	name=istiod analyzer attempt=1 time=61.833µs
2026-05-29T03:04:23.044348Z	info	sync complete	name=istiod analyzer attempt=1 time=138.083µs
2026-05-29T03:23:14.716165Z	info	delta	ADS: "10.10.0.78:46710" client-56b675d94f-4rbdq.client-tr-183 terminated
2026-05-29T03:23:14.937690Z	info	delta	ADS: new delta connection for node:client-56b675d94f-4rbdq.client-tr-184
2026-05-29T03:23:14.938939Z	info	delta	CDS: PUSH request for node:client-56b675d94f-4rbdq.client-tr resources:25 removed:0 size:27.7kB cached:22/22 filtered:0
2026-05-29T03:23:14.939709Z	info	delta	EDS: PUSH request for node:client-56b675d94f-4rbdq.client-tr resources:21 removed:0 size:4.4kB empty:0 cached:21/21 filtered:0
2026-05-29T03:23:14.942787Z	info	delta	LDS: PUSH request for node:client-56b675d94f-4rbdq.client-tr resources:22 removed:0 size:86.1kB filtered:0
2026-05-29T03:23:14.942981Z	info	delta	NDS: PUSH request for node:client-56b675d94f-4rbdq.client-tr resources:1 removed:0 size:1.5kB
2026-05-29T03:23:14.943368Z	info	delta	RDS: PUSH request for node:client-56b675d94f-4rbdq.client-tr resources:13 removed:0 size:12.1kB cached:7/13 filtered:0
2026-05-29T03:28:47.082748Z	info	sync complete	name=istiod analyzer attempt=1 time=74.75µs
2026-05-29T03:58:54.621959Z	info	sync complete	name=istiod analyzer attempt=1 time=60.25µs
2026-05-29T04:23:46.018831Z	info	sync complete	name=istiod analyzer attempt=1 time=63µs
2026-05-29T04:54:08.111732Z	info	sync complete	name=istiod analyzer attempt=1 time=80.375µs
2026-05-29T05:14:06.170905Z	info	sync complete	name=istiod analyzer attempt=1 time=87.333µs
2026-05-29T05:28:53.375781Z	info	sync complete	name=istiod analyzer attempt=1 time=65.792µs
2026-05-29T05:33:59.958938Z	info	sync complete	name=istiod analyzer attempt=1 time=103.291µs
2026-05-29T05:34:15.585835Z	info	delta	ADS: "10.10.0.78:52076" client-56b675d94f-4rbdq.client-tr-184 terminated
2026-05-29T05:34:15.926457Z	info	delta	ADS: new delta connection for node:client-56b675d94f-4rbdq.client-tr-185
2026-05-29T05:34:15.927424Z	info	delta	CDS: PUSH request for node:client-56b675d94f-4rbdq.client-tr resources:25 removed:0 size:27.7kB cached:22/22 filtered:0
2026-05-29T05:34:15.927602Z	info	delta	EDS: PUSH request for node:client-56b675d94f-4rbdq.client-tr resources:21 removed:0 size:4.4kB empty:0 cached:21/21 filtered:0
2026-05-29T05:34:15.929813Z	info	delta	LDS: PUSH request for node:client-56b675d94f-4rbdq.client-tr resources:22 removed:0 size:86.1kB filtered:0
2026-05-29T05:34:15.930027Z	info	delta	NDS: PUSH request for node:client-56b675d94f-4rbdq.client-tr resources:1 removed:0 size:1.5kB
2026-05-29T05:34:15.930402Z	info	delta	RDS: PUSH request for node:client-56b675d94f-4rbdq.client-tr resources:13 removed:0 size:12.1kB cached:7/13 filtered:0
2026-05-29T05:39:06.365016Z	info	sync complete	name=istiod analyzer attempt=1 time=96.792µs
2026-05-29T05:44:11.685713Z	info	sync complete	name=istiod analyzer attempt=1 time=95.541µs
2026-05-29T05:49:17.572530Z	info	sync complete	name=istiod analyzer attempt=1 time=62µs
2026-05-29T05:54:22.359751Z	info	sync complete	name=istiod analyzer attempt=1 time=92.458µs
2026-05-29T05:59:28.577483Z	info	sync complete	name=istiod analyzer attempt=1 time=150.792µs
2026-05-29T06:03:37.168728Z	info	delta	ADS: "10.10.0.78:43798" client-56b675d94f-4rbdq.client-tr-185 terminated
2026-05-29T06:03:37.586011Z	info	delta	ADS: new delta connection for node:client-56b675d94f-4rbdq.client-tr-186
2026-05-29T06:03:37.586736Z	info	delta	CDS: PUSH request for node:client-56b675d94f-4rbdq.client-tr resources:25 removed:0 size:27.7kB cached:22/22 filtered:0
2026-05-29T06:03:37.587750Z	info	delta	EDS: PUSH request for node:client-56b675d94f-4rbdq.client-tr resources:21 removed:0 size:4.4kB empty:0 cached:21/21 filtered:0
2026-05-29T06:03:37.589931Z	info	delta	LDS: PUSH request for node:client-56b675d94f-4rbdq.client-tr resources:22 removed:0 size:86.1kB filtered:0
2026-05-29T06:03:37.590129Z	info	delta	NDS: PUSH request for node:client-56b675d94f-4rbdq.client-tr resources:1 removed:0 size:1.5kB
2026-05-29T06:03:37.590508Z	info	delta	RDS: PUSH request for node:client-56b675d94f-4rbdq.client-tr resources:13 removed:0 size:12.1kB cached:7/13 filtered:0
2026-05-29T06:04:35.352177Z	info	sync complete	name=istiod analyzer attempt=1 time=502.167µs
2026-05-29T06:09:41.849709Z	info	sync complete	name=istiod analyzer attempt=1 time=125.584µs
2026-05-29T06:14:46.609127Z	info	sync complete	name=istiod analyzer attempt=1 time=77.667µs
2026-05-29T06:19:53.066984Z	info	sync complete	name=istiod analyzer attempt=1 time=105.084µs
2026-05-29T06:24:59.437658Z	info	sync complete	name=istiod analyzer attempt=1 time=126.292µs
2026-05-29T06:30:04.182983Z	info	sync complete	name=istiod analyzer attempt=1 time=104.459µs
2026-05-29T06:32:31.505051Z	info	delta	ADS: "10.10.0.78:43044" client-56b675d94f-4rbdq.client-tr-186 terminated
2026-05-29T06:32:31.727622Z	info	delta	ADS: new delta connection for node:client-56b675d94f-4rbdq.client-tr-187
2026-05-29T06:32:31.728103Z	info	delta	CDS: PUSH request for node:client-56b675d94f-4rbdq.client-tr resources:25 removed:0 size:27.7kB cached:22/22 filtered:0
2026-05-29T06:32:31.729273Z	info	delta	EDS: PUSH request for node:client-56b675d94f-4rbdq.client-tr resources:21 removed:0 size:4.4kB empty:0 cached:21/21 filtered:0
2026-05-29T06:32:31.731593Z	info	delta	LDS: PUSH request for node:client-56b675d94f-4rbdq.client-tr resources:22 removed:0 size:86.1kB filtered:0
2026-05-29T06:32:31.731806Z	info	delta	NDS: PUSH request for node:client-56b675d94f-4rbdq.client-tr resources:1 removed:0 size:1.5kB
2026-05-29T06:32:31.732283Z	info	delta	RDS: PUSH request for node:client-56b675d94f-4rbdq.client-tr resources:13 removed:0 size:12.1kB cached:7/13 filtered:0
2026-05-29T06:35:10.310582Z	info	sync complete	name=istiod analyzer attempt=1 time=70.792µs
2026-05-29T06:40:17.215139Z	info	sync complete	name=istiod analyzer attempt=1 time=88.292µs
2026-05-29T06:45:24.853812Z	info	sync complete	name=istiod analyzer attempt=1 time=103.583µs
2026-05-29T06:50:32.334699Z	info	sync complete	name=istiod analyzer attempt=1 time=135.041µs
2026-05-29T06:55:38.965394Z	info	sync complete	name=istiod analyzer attempt=1 time=66.042µs
2026-05-29T07:00:44.626405Z	info	sync complete	name=istiod analyzer attempt=1 time=65.75µs
2026-05-29T07:02:21.133363Z	info	delta	ADS: "10.10.0.78:45720" client-56b675d94f-4rbdq.client-tr-187 terminated
2026-05-29T07:02:21.335561Z	info	delta	ADS: new delta connection for node:client-56b675d94f-4rbdq.client-tr-188
2026-05-29T07:02:21.336158Z	info	delta	CDS: PUSH request for node:client-56b675d94f-4rbdq.client-tr resources:25 removed:0 size:27.7kB cached:22/22 filtered:0
2026-05-29T07:02:21.337821Z	info	delta	EDS: PUSH request for node:client-56b675d94f-4rbdq.client-tr resources:21 removed:0 size:4.4kB empty:0 cached:21/21 filtered:0
2026-05-29T07:02:21.339492Z	info	delta	LDS: PUSH request for node:client-56b675d94f-4rbdq.client-tr resources:22 removed:0 size:86.1kB filtered:0
2026-05-29T07:02:21.339645Z	info	delta	NDS: PUSH request for node:client-56b675d94f-4rbdq.client-tr resources:1 removed:0 size:1.5kB
2026-05-29T07:02:21.340244Z	info	delta	RDS: PUSH request for node:client-56b675d94f-4rbdq.client-tr resources:13 removed:0 size:12.1kB cached:8/13 filtered:0
2026-05-29T07:05:51.218020Z	info	sync complete	name=istiod analyzer attempt=1 time=56.541µs
2026-05-29T07:10:57.395372Z	info	sync complete	name=istiod analyzer attempt=1 time=66.25µs
2026-05-29T07:16:02.946857Z	info	sync complete	name=istiod analyzer attempt=1 time=75.375µs
2026-05-29T07:21:10.427799Z	info	sync complete	name=istiod analyzer attempt=1 time=64.166µs
2026-05-29T07:26:17.627798Z	info	sync complete	name=istiod analyzer attempt=1 time=91.292µs
2026-05-29T07:30:16.400013Z	info	delta	ADS: "10.10.0.78:35674" client-56b675d94f-4rbdq.client-tr-188 terminated
2026-05-29T07:30:16.688132Z	info	delta	ADS: new delta connection for node:client-56b675d94f-4rbdq.client-tr-189
2026-05-29T07:30:16.688825Z	info	delta	CDS: PUSH request for node:client-56b675d94f-4rbdq.client-tr resources:25 removed:0 size:27.7kB cached:22/22 filtered:0
2026-05-29T07:30:16.689692Z	info	delta	EDS: PUSH request for node:client-56b675d94f-4rbdq.client-tr resources:21 removed:0 size:4.4kB empty:0 cached:21/21 filtered:0
2026-05-29T07:30:16.691829Z	info	delta	LDS: PUSH request for node:client-56b675d94f-4rbdq.client-tr resources:22 removed:0 size:86.1kB filtered:0
2026-05-29T07:30:16.691990Z	info	delta	NDS: PUSH request for node:client-56b675d94f-4rbdq.client-tr resources:1 removed:0 size:1.5kB
2026-05-29T07:30:16.692390Z	info	delta	RDS: PUSH request for node:client-56b675d94f-4rbdq.client-tr resources:13 removed:0 size:12.1kB cached:7/13 filtered:0
2026-05-29T07:31:24.147461Z	info	sync complete	name=istiod analyzer attempt=1 time=54.416µs
2026-05-29T07:36:30.509118Z	info	sync complete	name=istiod analyzer attempt=1 time=94.875µs
2026-05-29T07:41:36.891296Z	info	sync complete	name=istiod analyzer attempt=1 time=78.75µs
2026-05-29T07:46:41.411044Z	info	sync complete	name=istiod analyzer attempt=1 time=62.25µs
2026-05-29T07:51:47.395010Z	info	sync complete	name=istiod analyzer attempt=1 time=55.084µs
2026-05-29T07:56:53.178234Z	info	sync complete	name=istiod analyzer attempt=1 time=71µs
2026-05-29T08:00:31.621577Z	info	delta	ADS: "10.10.0.78:40394" client-56b675d94f-4rbdq.client-tr-189 terminated
2026-05-29T08:00:31.635484Z	info	delta	ADS: new delta connection for node:client-56b675d94f-4rbdq.client-tr-190
2026-05-29T08:00:31.636848Z	info	delta	CDS: PUSH request for node:client-56b675d94f-4rbdq.client-tr resources:25 removed:0 size:27.7kB cached:22/22 filtered:0
2026-05-29T08:00:31.637592Z	info	delta	EDS: PUSH request for node:client-56b675d94f-4rbdq.client-tr resources:21 removed:0 size:4.4kB empty:0 cached:21/21 filtered:0
2026-05-29T08:00:31.640592Z	info	delta	LDS: PUSH request for node:client-56b675d94f-4rbdq.client-tr resources:22 removed:0 size:86.1kB filtered:0
2026-05-29T08:00:31.640774Z	info	delta	NDS: PUSH request for node:client-56b675d94f-4rbdq.client-tr resources:1 removed:0 size:1.5kB
2026-05-29T08:00:31.641145Z	info	delta	RDS: PUSH request for node:client-56b675d94f-4rbdq.client-tr resources:13 removed:0 size:12.1kB cached:6/13 filtered:0
2026-05-29T08:01:58.037881Z	info	sync complete	name=istiod analyzer attempt=1 time=92.5µs
2026-05-29T08:07:03.208589Z	info	sync complete	name=istiod analyzer attempt=1 time=58.333µs
2026-05-29T08:12:08.720008Z	info	sync complete	name=istiod analyzer attempt=1 time=95.875µs
2026-05-29T08:17:15.780958Z	info	sync complete	name=istiod analyzer attempt=1 time=59.5µs
2026-05-29T08:22:22.396351Z	info	sync complete	name=istiod analyzer attempt=1 time=76.458µs
2026-05-29T08:27:28.234970Z	info	sync complete	name=istiod analyzer attempt=1 time=83.083µs
2026-05-29T08:31:37.350056Z	info	delta	ADS: "10.10.0.78:59882" client-56b675d94f-4rbdq.client-tr-190 terminated
2026-05-29T08:31:37.434196Z	info	delta	ADS: new delta connection for node:client-56b675d94f-4rbdq.client-tr-191
2026-05-29T08:31:37.434679Z	info	delta	CDS: PUSH request for node:client-56b675d94f-4rbdq.client-tr resources:25 removed:0 size:27.7kB cached:22/22 filtered:0
2026-05-29T08:31:37.435191Z	info	delta	EDS: PUSH request for node:client-56b675d94f-4rbdq.client-tr resources:21 removed:0 size:4.4kB empty:0 cached:21/21 filtered:0
2026-05-29T08:31:37.436936Z	info	delta	LDS: PUSH request for node:client-56b675d94f-4rbdq.client-tr resources:22 removed:0 size:86.1kB filtered:0
2026-05-29T08:31:37.437087Z	info	delta	NDS: PUSH request for node:client-56b675d94f-4rbdq.client-tr resources:1 removed:0 size:1.5kB
2026-05-29T08:31:37.437401Z	info	delta	RDS: PUSH request for node:client-56b675d94f-4rbdq.client-tr resources:13 removed:0 size:12.1kB cached:6/13 filtered:0
2026-05-29T08:32:34.589509Z	info	sync complete	name=istiod analyzer attempt=1 time=100.166µs
2026-05-29T08:37:40.388382Z	info	sync complete	name=istiod analyzer attempt=1 time=84µs
2026-05-29T08:42:47.256531Z	info	sync complete	name=istiod analyzer attempt=1 time=72.667µs
2026-05-29T08:47:53.769500Z	info	sync complete	name=istiod analyzer attempt=1 time=83.5µs
2026-05-29T08:52:58.693251Z	info	sync complete	name=istiod analyzer attempt=1 time=60.291µs
2026-05-29T08:58:05.385963Z	info	sync complete	name=istiod analyzer attempt=1 time=148.292µs
2026-05-29T09:00:26.395970Z	info	delta	ADS: "10.10.0.78:46324" client-56b675d94f-4rbdq.client-tr-191 terminated
2026-05-29T09:00:26.454126Z	info	delta	ADS: new delta connection for node:client-56b675d94f-4rbdq.client-tr-192
2026-05-29T09:00:26.455002Z	info	delta	CDS: PUSH request for node:client-56b675d94f-4rbdq.client-tr resources:25 removed:0 size:27.7kB cached:22/22 filtered:0
2026-05-29T09:00:26.455742Z	info	delta	EDS: PUSH request for node:client-56b675d94f-4rbdq.client-tr resources:21 removed:0 size:4.4kB empty:0 cached:21/21 filtered:0
2026-05-29T09:00:26.457825Z	info	delta	LDS: PUSH request for node:client-56b675d94f-4rbdq.client-tr resources:22 removed:0 size:86.1kB filtered:0
2026-05-29T09:00:26.458001Z	info	delta	NDS: PUSH request for node:client-56b675d94f-4rbdq.client-tr resources:1 removed:0 size:1.5kB
2026-05-29T09:00:26.458904Z	info	delta	RDS: PUSH request for node:client-56b675d94f-4rbdq.client-tr resources:13 removed:0 size:12.1kB cached:7/13 filtered:0
2026-05-29T09:03:10.763889Z	info	sync complete	name=istiod analyzer attempt=1 time=62.5µs
2026-05-29T09:08:16.024084Z	info	sync complete	name=istiod analyzer attempt=1 time=101.375µs
2026-05-29T09:13:22.406390Z	info	sync complete	name=istiod analyzer attempt=1 time=72.417µs
2026-05-29T09:18:28.680539Z	info	sync complete	name=istiod analyzer attempt=1 time=73.75µs
2026-05-29T09:23:35.241867Z	info	sync complete	name=istiod analyzer attempt=1 time=69.125µs
2026-05-29T09:28:31.460495Z	info	delta	ADS: "10.10.0.78:45526" client-56b675d94f-4rbdq.client-tr-192 terminated
2026-05-29T09:28:31.833691Z	info	delta	ADS: new delta connection for node:client-56b675d94f-4rbdq.client-tr-193
2026-05-29T09:28:31.834437Z	info	delta	CDS: PUSH request for node:client-56b675d94f-4rbdq.client-tr resources:25 removed:0 size:27.7kB cached:22/22 filtered:0
2026-05-29T09:28:31.835260Z	info	delta	EDS: PUSH request for node:client-56b675d94f-4rbdq.client-tr resources:21 removed:0 size:4.4kB empty:0 cached:21/21 filtered:0
2026-05-29T09:28:31.837491Z	info	delta	LDS: PUSH request for node:client-56b675d94f-4rbdq.client-tr resources:22 removed:0 size:86.1kB filtered:0
2026-05-29T09:28:31.837700Z	info	delta	NDS: PUSH request for node:client-56b675d94f-4rbdq.client-tr resources:1 removed:0 size:1.5kB
2026-05-29T09:28:31.838322Z	info	delta	RDS: PUSH request for node:client-56b675d94f-4rbdq.client-tr resources:13 removed:0 size:12.1kB cached:7/13 filtered:0
2026-05-29T09:28:40.496414Z	info	sync complete	name=istiod analyzer attempt=1 time=59.333µs
2026-05-29T09:33:47.085530Z	info	sync complete	name=istiod analyzer attempt=1 time=78.583µs
2026-05-29T09:38:54.140565Z	info	sync complete	name=istiod analyzer attempt=1 time=54.709µs
2026-05-29T09:44:00.679282Z	info	sync complete	name=istiod analyzer attempt=1 time=79.791µs
2026-05-29T09:49:06.558704Z	info	sync complete	name=istiod analyzer attempt=1 time=77.875µs
2026-05-29T09:54:12.721909Z	info	sync complete	name=istiod analyzer attempt=1 time=101.125µs
2026-05-29T09:56:43.700798Z	info	delta	ADS: "10.10.0.78:35554" client-56b675d94f-4rbdq.client-tr-193 terminated
2026-05-29T09:56:43.817778Z	info	delta	ADS: new delta connection for node:client-56b675d94f-4rbdq.client-tr-194
2026-05-29T09:56:43.818326Z	info	delta	CDS: PUSH request for node:client-56b675d94f-4rbdq.client-tr resources:25 removed:0 size:27.7kB cached:22/22 filtered:0
2026-05-29T09:56:43.819085Z	info	delta	EDS: PUSH request for node:client-56b675d94f-4rbdq.client-tr resources:21 removed:0 size:4.4kB empty:0 cached:21/21 filtered:0
2026-05-29T09:56:43.820459Z	info	delta	LDS: PUSH request for node:client-56b675d94f-4rbdq.client-tr resources:22 removed:0 size:86.1kB filtered:0
2026-05-29T09:56:43.820590Z	info	delta	NDS: PUSH request for node:client-56b675d94f-4rbdq.client-tr resources:1 removed:0 size:1.5kB
2026-05-29T09:56:43.820861Z	info	delta	RDS: PUSH request for node:client-56b675d94f-4rbdq.client-tr resources:13 removed:0 size:12.1kB cached:8/13 filtered:0
2026-05-29T09:59:17.971937Z	info	sync complete	name=istiod analyzer attempt=1 time=72.791µs
2026-05-29T10:04:24.025796Z	info	sync complete	name=istiod analyzer attempt=1 time=124.75µs
2026-05-29T10:09:29.978461Z	info	sync complete	name=istiod analyzer attempt=1 time=95.875µs
2026-05-29T10:14:36.779771Z	info	sync complete	name=istiod analyzer attempt=1 time=119.041µs
2026-05-29T10:19:42.644202Z	info	sync complete	name=istiod analyzer attempt=1 time=99.375µs
2026-05-29T10:24:49.446021Z	info	sync complete	name=istiod analyzer attempt=1 time=68.042µs
2026-05-29T10:25:02.490200Z	info	delta	ADS: "10.10.0.78:40260" client-56b675d94f-4rbdq.client-tr-194 terminated
2026-05-29T10:25:02.969970Z	info	delta	ADS: new delta connection for node:client-56b675d94f-4rbdq.client-tr-195
2026-05-29T10:25:02.970406Z	info	delta	CDS: PUSH request for node:client-56b675d94f-4rbdq.client-tr resources:25 removed:0 size:27.7kB cached:22/22 filtered:0
2026-05-29T10:25:02.971039Z	info	delta	EDS: PUSH request for node:client-56b675d94f-4rbdq.client-tr resources:21 removed:0 size:4.4kB empty:0 cached:21/21 filtered:0
2026-05-29T10:25:02.972459Z	info	delta	LDS: PUSH request for node:client-56b675d94f-4rbdq.client-tr resources:22 removed:0 size:86.1kB filtered:0
2026-05-29T10:25:02.972621Z	info	delta	NDS: PUSH request for node:client-56b675d94f-4rbdq.client-tr resources:1 removed:0 size:1.5kB
2026-05-29T10:25:02.972837Z	info	delta	RDS: PUSH request for node:client-56b675d94f-4rbdq.client-tr resources:13 removed:0 size:12.1kB cached:7/13 filtered:0
2026-05-29T10:29:54.555132Z	info	sync complete	name=istiod analyzer attempt=1 time=100.75µs
2026-05-29T10:35:01.998038Z	info	sync complete	name=istiod analyzer attempt=1 time=68.334µs
2026-05-29T10:40:08.448481Z	info	sync complete	name=istiod analyzer attempt=1 time=199µs
2026-05-29T10:45:15.276452Z	info	sync complete	name=istiod analyzer attempt=1 time=56.333µs
2026-05-29T10:50:21.381815Z	info	sync complete	name=istiod analyzer attempt=1 time=99.292µs
2026-05-29T10:55:27.647471Z	info	sync complete	name=istiod analyzer attempt=1 time=66.125µs
2026-05-29T10:57:49.947006Z	info	delta	ADS: "10.10.0.78:47148" client-56b675d94f-4rbdq.client-tr-195 terminated
2026-05-29T10:57:50.228410Z	info	delta	ADS: new delta connection for node:client-56b675d94f-4rbdq.client-tr-196
2026-05-29T10:57:50.229088Z	info	delta	CDS: PUSH request for node:client-56b675d94f-4rbdq.client-tr resources:25 removed:0 size:27.7kB cached:22/22 filtered:0
2026-05-29T10:57:50.229645Z	info	delta	EDS: PUSH request for node:client-56b675d94f-4rbdq.client-tr resources:21 removed:0 size:4.4kB empty:0 cached:21/21 filtered:0
2026-05-29T10:57:50.231382Z	info	delta	LDS: PUSH request for node:client-56b675d94f-4rbdq.client-tr resources:22 removed:0 size:86.1kB filtered:0
2026-05-29T10:57:50.231561Z	info	delta	NDS: PUSH request for node:client-56b675d94f-4rbdq.client-tr resources:1 removed:0 size:1.5kB
2026-05-29T10:57:50.231867Z	info	delta	RDS: PUSH request for node:client-56b675d94f-4rbdq.client-tr resources:13 removed:0 size:12.1kB cached:8/13 filtered:0
2026-05-29T11:00:34.331555Z	info	sync complete	name=istiod analyzer attempt=1 time=78.292µs
2026-05-29T11:05:40.337545Z	info	sync complete	name=istiod analyzer attempt=1 time=68.459µs
2026-05-29T11:10:46.766421Z	info	sync complete	name=istiod analyzer attempt=1 time=54µs
2026-05-29T11:15:52.891047Z	info	sync complete	name=istiod analyzer attempt=1 time=108.958µs
2026-05-29T11:20:58.014572Z	info	sync complete	name=istiod analyzer attempt=1 time=67.458µs
2026-05-29T11:26:04.160176Z	info	sync complete	name=istiod analyzer attempt=1 time=137.416µs
2026-05-29T11:30:11.005130Z	info	delta	ADS: "10.10.0.78:44142" client-56b675d94f-4rbdq.client-tr-196 terminated
2026-05-29T11:30:11.132478Z	info	delta	ADS: new delta connection for node:client-56b675d94f-4rbdq.client-tr-197
2026-05-29T11:30:11.133237Z	info	delta	CDS: PUSH request for node:client-56b675d94f-4rbdq.client-tr resources:25 removed:0 size:27.7kB cached:22/22 filtered:0
2026-05-29T11:30:11.133899Z	info	delta	EDS: PUSH request for node:client-56b675d94f-4rbdq.client-tr resources:21 removed:0 size:4.4kB empty:0 cached:21/21 filtered:0
2026-05-29T11:30:11.135977Z	info	delta	LDS: PUSH request for node:client-56b675d94f-4rbdq.client-tr resources:22 removed:0 size:86.1kB filtered:0
2026-05-29T11:30:11.136147Z	info	delta	NDS: PUSH request for node:client-56b675d94f-4rbdq.client-tr resources:1 removed:0 size:1.5kB
2026-05-29T11:30:11.136457Z	info	delta	RDS: PUSH request for node:client-56b675d94f-4rbdq.client-tr resources:13 removed:0 size:12.1kB cached:6/13 filtered:0
2026-05-29T11:31:10.445761Z	info	sync complete	name=istiod analyzer attempt=1 time=60.667µs
2026-05-29T11:36:16.254690Z	info	sync complete	name=istiod analyzer attempt=1 time=106.791µs
2026-05-29T11:41:21.503741Z	info	sync complete	name=istiod analyzer attempt=1 time=73.084µs
2026-05-29T11:46:27.781982Z	info	sync complete	name=istiod analyzer attempt=1 time=95.25µs
2026-05-29T11:51:31.929288Z	info	sync complete	name=istiod analyzer attempt=1 time=64.625µs
2026-05-29T11:56:38.394309Z	info	sync complete	name=istiod analyzer attempt=1 time=124.709µs
2026-05-29T11:59:33.727572Z	info	delta	ADS: "10.10.0.78:35514" client-56b675d94f-4rbdq.client-tr-197 terminated
2026-05-29T11:59:33.884794Z	info	delta	ADS: new delta connection for node:client-56b675d94f-4rbdq.client-tr-198
2026-05-29T11:59:33.885347Z	info	delta	CDS: PUSH request for node:client-56b675d94f-4rbdq.client-tr resources:25 removed:0 size:27.7kB cached:22/22 filtered:0
2026-05-29T11:59:33.886014Z	info	delta	EDS: PUSH request for node:client-56b675d94f-4rbdq.client-tr resources:21 removed:0 size:4.4kB empty:0 cached:21/21 filtered:0
2026-05-29T11:59:33.888034Z	info	delta	LDS: PUSH request for node:client-56b675d94f-4rbdq.client-tr resources:22 removed:0 size:86.1kB filtered:0
2026-05-29T11:59:33.888190Z	info	delta	NDS: PUSH request for node:client-56b675d94f-4rbdq.client-tr resources:1 removed:0 size:1.5kB
2026-05-29T11:59:33.888488Z	info	delta	RDS: PUSH request for node:client-56b675d94f-4rbdq.client-tr resources:13 removed:0 size:12.1kB cached:8/13 filtered:0
2026-05-29T12:01:44.199524Z	info	sync complete	name=istiod analyzer attempt=1 time=87.834µs
2026-05-29T12:06:50.960803Z	info	sync complete	name=istiod analyzer attempt=1 time=65.167µs
2026-05-29T12:11:56.882537Z	info	sync complete	name=istiod analyzer attempt=1 time=53.833µs
2026-05-29T12:17:02.345240Z	info	sync complete	name=istiod analyzer attempt=1 time=63.417µs
2026-05-29T12:22:08.580273Z	info	sync complete	name=istiod analyzer attempt=1 time=67.75µs
2026-05-29T12:27:13.707541Z	info	sync complete	name=istiod analyzer attempt=1 time=54.666µs
2026-05-29T12:30:40.924907Z	info	delta	ADS: "10.10.0.78:38308" client-56b675d94f-4rbdq.client-tr-198 terminated
2026-05-29T12:30:40.986562Z	info	delta	ADS: new delta connection for node:client-56b675d94f-4rbdq.client-tr-199
2026-05-29T12:30:40.987434Z	info	delta	CDS: PUSH request for node:client-56b675d94f-4rbdq.client-tr resources:25 removed:0 size:27.7kB cached:22/22 filtered:0
2026-05-29T12:30:40.988448Z	info	delta	EDS: PUSH request for node:client-56b675d94f-4rbdq.client-tr resources:21 removed:0 size:4.4kB empty:0 cached:21/21 filtered:0
2026-05-29T12:30:40.991016Z	info	delta	LDS: PUSH request for node:client-56b675d94f-4rbdq.client-tr resources:22 removed:0 size:86.1kB filtered:0
2026-05-29T12:30:40.991217Z	info	delta	NDS: PUSH request for node:client-56b675d94f-4rbdq.client-tr resources:1 removed:0 size:1.5kB
2026-05-29T12:30:40.991628Z	info	delta	RDS: PUSH request for node:client-56b675d94f-4rbdq.client-tr resources:13 removed:0 size:12.1kB cached:7/13 filtered:0
2026-05-29T12:32:20.429877Z	info	sync complete	name=istiod analyzer attempt=1 time=121.5µs
2026-05-29T12:37:27.178775Z	info	sync complete	name=istiod analyzer attempt=1 time=62.166µs
2026-05-29T12:42:34.146905Z	info	sync complete	name=istiod analyzer attempt=1 time=113.583µs
2026-05-29T12:47:40.553469Z	info	sync complete	name=istiod analyzer attempt=1 time=70.334µs
2026-05-29T12:52:46.412896Z	info	sync complete	name=istiod analyzer attempt=1 time=101.875µs
2026-05-29T12:57:53.118756Z	info	sync complete	name=istiod analyzer attempt=1 time=116.292µs
2026-05-29T13:01:07.982369Z	info	delta	ADS: "10.10.0.78:57928" client-56b675d94f-4rbdq.client-tr-199 terminated
2026-05-29T13:01:08.104018Z	info	delta	ADS: new delta connection for node:client-56b675d94f-4rbdq.client-tr-200
2026-05-29T13:01:08.104468Z	info	delta	CDS: PUSH request for node:client-56b675d94f-4rbdq.client-tr resources:25 removed:0 size:27.7kB cached:22/22 filtered:0
2026-05-29T13:01:08.105442Z	info	delta	EDS: PUSH request for node:client-56b675d94f-4rbdq.client-tr resources:21 removed:0 size:4.4kB empty:0 cached:21/21 filtered:0
2026-05-29T13:01:08.106785Z	info	delta	LDS: PUSH request for node:client-56b675d94f-4rbdq.client-tr resources:22 removed:0 size:86.1kB filtered:0
2026-05-29T13:01:08.106930Z	info	delta	NDS: PUSH request for node:client-56b675d94f-4rbdq.client-tr resources:1 removed:0 size:1.5kB
2026-05-29T13:01:08.107195Z	info	delta	RDS: PUSH request for node:client-56b675d94f-4rbdq.client-tr resources:13 removed:0 size:12.1kB cached:6/13 filtered:0
2026-05-29T13:02:59.722411Z	info	sync complete	name=istiod analyzer attempt=1 time=72.625µs
2026-05-29T13:08:05.355979Z	info	sync complete	name=istiod analyzer attempt=1 time=102.167µs
2026-05-29T13:13:11.059002Z	info	sync complete	name=istiod analyzer attempt=1 time=76.25µs
2026-05-29T13:18:17.136165Z	info	sync complete	name=istiod analyzer attempt=1 time=87µs
2026-05-29T13:23:22.552537Z	info	sync complete	name=istiod analyzer attempt=1 time=60.875µs
2026-05-29T13:28:28.201557Z	info	sync complete	name=istiod analyzer attempt=1 time=87.708µs
2026-05-29T13:31:49.469524Z	info	delta	ADS: "10.10.0.78:56166" client-56b675d94f-4rbdq.client-tr-200 terminated
2026-05-29T13:31:49.632774Z	info	delta	ADS: new delta connection for node:client-56b675d94f-4rbdq.client-tr-201
2026-05-29T13:31:49.633247Z	info	delta	CDS: PUSH request for node:client-56b675d94f-4rbdq.client-tr resources:25 removed:0 size:27.7kB cached:22/22 filtered:0
2026-05-29T13:31:49.633606Z	info	delta	EDS: PUSH request for node:client-56b675d94f-4rbdq.client-tr resources:21 removed:0 size:4.4kB empty:0 cached:21/21 filtered:0
2026-05-29T13:31:49.635134Z	info	delta	LDS: PUSH request for node:client-56b675d94f-4rbdq.client-tr resources:22 removed:0 size:86.1kB filtered:0
2026-05-29T13:31:49.635607Z	info	delta	NDS: PUSH request for node:client-56b675d94f-4rbdq.client-tr resources:1 removed:0 size:1.5kB
2026-05-29T13:31:49.635872Z	info	delta	RDS: PUSH request for node:client-56b675d94f-4rbdq.client-tr resources:13 removed:0 size:12.1kB cached:6/13 filtered:0
2026-05-29T13:33:33.604736Z	info	sync complete	name=istiod analyzer attempt=1 time=65.583µs
2026-05-29T13:38:39.162502Z	info	sync complete	name=istiod analyzer attempt=1 time=92.584µs
2026-05-29T13:43:45.228716Z	info	sync complete	name=istiod analyzer attempt=1 time=73µs
2026-05-29T13:48:51.052113Z	info	sync complete	name=istiod analyzer attempt=1 time=53.541µs
2026-05-29T13:53:57.524827Z	info	sync complete	name=istiod analyzer attempt=1 time=92.584µs
2026-05-29T13:59:03.613837Z	info	sync complete	name=istiod analyzer attempt=1 time=81.5µs
2026-05-29T14:00:02.264953Z	info	delta	ADS: "10.10.0.78:40456" client-56b675d94f-4rbdq.client-tr-201 terminated
2026-05-29T14:00:02.531153Z	info	delta	ADS: new delta connection for node:client-56b675d94f-4rbdq.client-tr-202
2026-05-29T14:00:02.531846Z	info	delta	CDS: PUSH request for node:client-56b675d94f-4rbdq.client-tr resources:25 removed:0 size:27.7kB cached:22/22 filtered:0
2026-05-29T14:00:02.532544Z	info	delta	EDS: PUSH request for node:client-56b675d94f-4rbdq.client-tr resources:21 removed:0 size:4.4kB empty:0 cached:21/21 filtered:0
2026-05-29T14:00:02.534577Z	info	delta	LDS: PUSH request for node:client-56b675d94f-4rbdq.client-tr resources:22 removed:0 size:86.1kB filtered:0
2026-05-29T14:00:02.534787Z	info	delta	NDS: PUSH request for node:client-56b675d94f-4rbdq.client-tr resources:1 removed:0 size:1.5kB
2026-05-29T14:00:02.535192Z	info	delta	RDS: PUSH request for node:client-56b675d94f-4rbdq.client-tr resources:13 removed:0 size:12.1kB cached:6/13 filtered:0
2026-05-29T14:04:10.157811Z	info	sync complete	name=istiod analyzer attempt=1 time=81.625µs
2026-05-29T14:09:16.605008Z	info	sync complete	name=istiod analyzer attempt=1 time=69.083µs
2026-05-29T14:14:22.912169Z	info	sync complete	name=istiod analyzer attempt=1 time=100µs
2026-05-29T14:19:28.830586Z	info	sync complete	name=istiod analyzer attempt=1 time=149.042µs
2026-05-29T14:24:34.676905Z	info	sync complete	name=istiod analyzer attempt=1 time=118.166µs
2026-05-29T14:29:40.476438Z	info	sync complete	name=istiod analyzer attempt=1 time=72.917µs
2026-05-29T14:29:50.763585Z	info	delta	ADS: "10.10.0.78:49568" client-56b675d94f-4rbdq.client-tr-202 terminated
2026-05-29T14:29:50.979110Z	info	delta	ADS: new delta connection for node:client-56b675d94f-4rbdq.client-tr-203
2026-05-29T14:29:50.979620Z	info	delta	CDS: PUSH request for node:client-56b675d94f-4rbdq.client-tr resources:25 removed:0 size:27.7kB cached:22/22 filtered:0
2026-05-29T14:29:50.981349Z	info	delta	EDS: PUSH request for node:client-56b675d94f-4rbdq.client-tr resources:21 removed:0 size:4.4kB empty:0 cached:21/21 filtered:0
2026-05-29T14:29:50.983831Z	info	delta	LDS: PUSH request for node:client-56b675d94f-4rbdq.client-tr resources:22 removed:0 size:86.1kB filtered:0
2026-05-29T14:29:50.984045Z	info	delta	NDS: PUSH request for node:client-56b675d94f-4rbdq.client-tr resources:1 removed:0 size:1.5kB
2026-05-29T14:29:50.984317Z	info	delta	RDS: PUSH request for node:client-56b675d94f-4rbdq.client-tr resources:13 removed:0 size:12.1kB cached:7/13 filtered:0
2026-05-29T14:34:46.111283Z	info	sync complete	name=istiod analyzer attempt=1 time=106.542µs
2026-05-29T14:39:51.846153Z	info	sync complete	name=istiod analyzer attempt=1 time=93.417µs
2026-05-29T14:44:57.376982Z	info	sync complete	name=istiod analyzer attempt=1 time=70.834µs
2026-05-29T14:50:03.730239Z	info	sync complete	name=istiod analyzer attempt=1 time=130.042µs
2026-05-29T14:55:10.186081Z	info	sync complete	name=istiod analyzer attempt=1 time=78.625µs
2026-05-29T15:00:16.362976Z	info	sync complete	name=istiod analyzer attempt=1 time=111.167µs
2026-05-29T15:00:56.922494Z	info	delta	ADS: "10.10.0.78:41136" client-56b675d94f-4rbdq.client-tr-203 terminated
2026-05-29T15:00:57.337170Z	info	delta	ADS: new delta connection for node:client-56b675d94f-4rbdq.client-tr-204
2026-05-29T15:00:57.337614Z	info	delta	CDS: PUSH request for node:client-56b675d94f-4rbdq.client-tr resources:25 removed:0 size:27.7kB cached:22/22 filtered:0
2026-05-29T15:00:57.338059Z	info	delta	EDS: PUSH request for node:client-56b675d94f-4rbdq.client-tr resources:21 removed:0 size:4.4kB empty:0 cached:21/21 filtered:0
2026-05-29T15:00:57.339403Z	info	delta	LDS: PUSH request for node:client-56b675d94f-4rbdq.client-tr resources:22 removed:0 size:86.1kB filtered:0
2026-05-29T15:00:57.339527Z	info	delta	NDS: PUSH request for node:client-56b675d94f-4rbdq.client-tr resources:1 removed:0 size:1.5kB
2026-05-29T15:00:57.339743Z	info	delta	RDS: PUSH request for node:client-56b675d94f-4rbdq.client-tr resources:13 removed:0 size:12.1kB cached:6/13 filtered:0
2026-05-29T15:05:22.840620Z	info	sync complete	name=istiod analyzer attempt=1 time=61µs
2026-05-29T15:10:28.163240Z	info	sync complete	name=istiod analyzer attempt=1 time=92.666µs
2026-05-29T15:15:34.181769Z	info	sync complete	name=istiod analyzer attempt=1 time=67.333µs
2026-05-29T15:20:40.357948Z	info	sync complete	name=istiod analyzer attempt=1 time=121.916µs
2026-05-29T15:25:45.908377Z	info	sync complete	name=istiod analyzer attempt=1 time=75.083µs
2026-05-29T15:30:51.810847Z	info	sync complete	name=istiod analyzer attempt=1 time=108.791µs
2026-05-29T15:31:24.562732Z	info	delta	ADS: "10.10.0.78:38210" client-56b675d94f-4rbdq.client-tr-204 terminated
2026-05-29T15:31:24.867228Z	info	delta	ADS: new delta connection for node:client-56b675d94f-4rbdq.client-tr-205
2026-05-29T15:31:24.868989Z	info	delta	CDS: PUSH request for node:client-56b675d94f-4rbdq.client-tr resources:25 removed:0 size:27.7kB cached:22/22 filtered:0
2026-05-29T15:31:24.870161Z	info	delta	EDS: PUSH request for node:client-56b675d94f-4rbdq.client-tr resources:21 removed:0 size:4.4kB empty:0 cached:21/21 filtered:0
2026-05-29T15:31:24.876261Z	info	delta	LDS: PUSH request for node:client-56b675d94f-4rbdq.client-tr resources:22 removed:0 size:86.1kB filtered:0
2026-05-29T15:31:24.876678Z	info	delta	NDS: PUSH request for node:client-56b675d94f-4rbdq.client-tr resources:1 removed:0 size:1.5kB
2026-05-29T15:31:24.877825Z	info	delta	RDS: PUSH request for node:client-56b675d94f-4rbdq.client-tr resources:13 removed:0 size:12.1kB cached:6/13 filtered:0
2026-05-29T15:35:57.399282Z	info	sync complete	name=istiod analyzer attempt=1 time=113.958µs
2026-05-29T15:41:03.449505Z	info	sync complete	name=istiod analyzer attempt=1 time=74.459µs
2026-05-29T15:46:08.819829Z	info	sync complete	name=istiod analyzer attempt=1 time=102µs
2026-05-29T15:51:15.383417Z	info	sync complete	name=istiod analyzer attempt=1 time=68.083µs
2026-05-29T15:56:21.287438Z	info	sync complete	name=istiod analyzer attempt=1 time=120.334µs
2026-05-29T16:01:28.543889Z	info	sync complete	name=istiod analyzer attempt=1 time=109.584µs
2026-05-29T16:02:38.722409Z	info	delta	ADS: "10.10.0.78:46516" client-56b675d94f-4rbdq.client-tr-205 terminated
2026-05-29T16:02:38.819362Z	info	delta	ADS: new delta connection for node:client-56b675d94f-4rbdq.client-tr-206
2026-05-29T16:02:38.821579Z	info	delta	CDS: PUSH request for node:client-56b675d94f-4rbdq.client-tr resources:25 removed:0 size:27.7kB cached:22/22 filtered:0
2026-05-29T16:02:38.822660Z	info	delta	EDS: PUSH request for node:client-56b675d94f-4rbdq.client-tr resources:21 removed:0 size:4.4kB empty:0 cached:21/21 filtered:0
2026-05-29T16:02:38.825095Z	info	delta	LDS: PUSH request for node:client-56b675d94f-4rbdq.client-tr resources:22 removed:0 size:86.1kB filtered:0
2026-05-29T16:02:38.825282Z	info	delta	NDS: PUSH request for node:client-56b675d94f-4rbdq.client-tr resources:1 removed:0 size:1.5kB
2026-05-29T16:02:38.825760Z	info	delta	RDS: PUSH request for node:client-56b675d94f-4rbdq.client-tr resources:13 removed:0 size:12.1kB cached:8/13 filtered:0
2026-05-29T16:06:34.450674Z	info	sync complete	name=istiod analyzer attempt=1 time=140.541µs
2026-05-29T16:11:40.911167Z	info	sync complete	name=istiod analyzer attempt=1 time=83.875µs
2026-05-29T16:16:46.801424Z	info	sync complete	name=istiod analyzer attempt=1 time=101.917µs
2026-05-29T16:21:54.170599Z	info	sync complete	name=istiod analyzer attempt=1 time=77µs
2026-05-29T16:26:59.379171Z	info	sync complete	name=istiod analyzer attempt=1 time=70µs
2026-05-29T16:32:05.413575Z	info	sync complete	name=istiod analyzer attempt=1 time=114.541µs
2026-05-29T16:32:54.181689Z	info	delta	ADS: "10.10.0.78:59508" client-56b675d94f-4rbdq.client-tr-206 terminated
2026-05-29T16:32:54.445854Z	info	delta	ADS: new delta connection for node:client-56b675d94f-4rbdq.client-tr-207
2026-05-29T16:32:54.446639Z	info	delta	CDS: PUSH request for node:client-56b675d94f-4rbdq.client-tr resources:25 removed:0 size:27.7kB cached:22/22 filtered:0
2026-05-29T16:32:54.447332Z	info	delta	EDS: PUSH request for node:client-56b675d94f-4rbdq.client-tr resources:21 removed:0 size:4.4kB empty:0 cached:21/21 filtered:0
2026-05-29T16:32:54.449391Z	info	delta	LDS: PUSH request for node:client-56b675d94f-4rbdq.client-tr resources:22 removed:0 size:86.1kB filtered:0
2026-05-29T16:32:54.449559Z	info	delta	NDS: PUSH request for node:client-56b675d94f-4rbdq.client-tr resources:1 removed:0 size:1.5kB
2026-05-29T16:32:54.449933Z	info	delta	RDS: PUSH request for node:client-56b675d94f-4rbdq.client-tr resources:13 removed:0 size:12.1kB cached:8/13 filtered:0
2026-05-29T16:37:11.267250Z	info	sync complete	name=istiod analyzer attempt=1 time=61.667µs
2026-05-29T16:42:15.539996Z	info	sync complete	name=istiod analyzer attempt=1 time=195.209µs
2026-05-29T16:47:21.063580Z	info	sync complete	name=istiod analyzer attempt=1 time=84.333µs
2026-05-29T16:52:26.670132Z	info	sync complete	name=istiod analyzer attempt=1 time=123.209µs
2026-05-29T16:57:33.257267Z	info	sync complete	name=istiod analyzer attempt=1 time=75.042µs
2026-05-29T17:00:33.747178Z	info	delta	ADS: "10.10.0.78:49528" client-56b675d94f-4rbdq.client-tr-207 terminated
2026-05-29T17:00:33.818621Z	info	delta	ADS: new delta connection for node:client-56b675d94f-4rbdq.client-tr-208
2026-05-29T17:00:33.819562Z	info	delta	CDS: PUSH request for node:client-56b675d94f-4rbdq.client-tr resources:25 removed:0 size:27.7kB cached:22/22 filtered:0
2026-05-29T17:00:33.820268Z	info	delta	EDS: PUSH request for node:client-56b675d94f-4rbdq.client-tr resources:21 removed:0 size:4.4kB empty:0 cached:21/21 filtered:0
2026-05-29T17:00:33.822550Z	info	delta	LDS: PUSH request for node:client-56b675d94f-4rbdq.client-tr resources:22 removed:0 size:86.1kB filtered:0
2026-05-29T17:00:33.822723Z	info	delta	NDS: PUSH request for node:client-56b675d94f-4rbdq.client-tr resources:1 removed:0 size:1.5kB
2026-05-29T17:00:33.823133Z	info	delta	RDS: PUSH request for node:client-56b675d94f-4rbdq.client-tr resources:13 removed:0 size:12.1kB cached:7/13 filtered:0
2026-05-29T17:02:39.183334Z	info	sync complete	name=istiod analyzer attempt=1 time=100.459µs
2026-05-29T17:07:45.606022Z	info	sync complete	name=istiod analyzer attempt=1 time=89.667µs
2026-05-29T17:12:52.082340Z	info	sync complete	name=istiod analyzer attempt=1 time=131µs
2026-05-29T17:17:58.029356Z	info	sync complete	name=istiod analyzer attempt=1 time=82.458µs
2026-05-29T17:23:04.685822Z	info	sync complete	name=istiod analyzer attempt=1 time=77.834µs
2026-05-29T17:28:11.305157Z	info	sync complete	name=istiod analyzer attempt=1 time=112.417µs
2026-05-29T17:29:03.146460Z	info	delta	ADS: "10.10.0.78:50852" client-56b675d94f-4rbdq.client-tr-208 terminated
2026-05-29T17:29:03.635024Z	info	delta	ADS: new delta connection for node:client-56b675d94f-4rbdq.client-tr-209
2026-05-29T17:29:03.635466Z	info	delta	CDS: PUSH request for node:client-56b675d94f-4rbdq.client-tr resources:25 removed:0 size:27.7kB cached:22/22 filtered:0
2026-05-29T17:29:03.635972Z	info	delta	EDS: PUSH request for node:client-56b675d94f-4rbdq.client-tr resources:21 removed:0 size:4.4kB empty:0 cached:21/21 filtered:0
2026-05-29T17:29:03.637366Z	info	delta	LDS: PUSH request for node:client-56b675d94f-4rbdq.client-tr resources:22 removed:0 size:86.1kB filtered:0
2026-05-29T17:29:03.637503Z	info	delta	NDS: PUSH request for node:client-56b675d94f-4rbdq.client-tr resources:1 removed:0 size:1.5kB
2026-05-29T17:29:03.637724Z	info	delta	RDS: PUSH request for node:client-56b675d94f-4rbdq.client-tr resources:13 removed:0 size:12.1kB cached:7/13 filtered:0
2026-05-29T17:33:17.406081Z	info	sync complete	name=istiod analyzer attempt=1 time=59.416µs
2026-05-29T17:38:23.248491Z	info	sync complete	name=istiod analyzer attempt=1 time=109.417µs
2026-05-29T17:43:28.943362Z	info	sync complete	name=istiod analyzer attempt=1 time=98.083µs
2026-05-29T17:48:34.491900Z	info	sync complete	name=istiod analyzer attempt=1 time=139.833µs
2026-05-29T17:53:41.096873Z	info	sync complete	name=istiod analyzer attempt=1 time=69.166µs
2026-05-29T17:58:14.224394Z	info	delta	ADS: "10.10.0.78:34478" client-56b675d94f-4rbdq.client-tr-209 terminated
2026-05-29T17:58:14.254367Z	info	delta	ADS: new delta connection for node:client-56b675d94f-4rbdq.client-tr-210
2026-05-29T17:58:14.255140Z	info	delta	CDS: PUSH request for node:client-56b675d94f-4rbdq.client-tr resources:25 removed:0 size:27.7kB cached:22/22 filtered:0
2026-05-29T17:58:14.256295Z	info	delta	EDS: PUSH request for node:client-56b675d94f-4rbdq.client-tr resources:21 removed:0 size:4.4kB empty:0 cached:21/21 filtered:0
2026-05-29T17:58:14.260559Z	info	delta	LDS: PUSH request for node:client-56b675d94f-4rbdq.client-tr resources:22 removed:0 size:86.1kB filtered:0
2026-05-29T17:58:14.260947Z	info	delta	NDS: PUSH request for node:client-56b675d94f-4rbdq.client-tr resources:1 removed:0 size:1.5kB
2026-05-29T17:58:14.261534Z	info	delta	RDS: PUSH request for node:client-56b675d94f-4rbdq.client-tr resources:13 removed:0 size:12.1kB cached:6/13 filtered:0
2026-05-29T17:58:47.281921Z	info	sync complete	name=istiod analyzer attempt=1 time=95.042µs
2026-05-29T18:03:52.824290Z	info	sync complete	name=istiod analyzer attempt=1 time=122.208µs
2026-05-29T18:08:58.844287Z	info	sync complete	name=istiod analyzer attempt=1 time=93.291µs
2026-05-29T18:14:04.786489Z	info	sync complete	name=istiod analyzer attempt=1 time=168.959µs
2026-05-29T18:19:11.232100Z	info	sync complete	name=istiod analyzer attempt=1 time=62.417µs
2026-05-29T18:24:16.758712Z	info	sync complete	name=istiod analyzer attempt=1 time=77.041µs
2026-05-29T18:25:43.272068Z	info	delta	ADS: "10.10.0.78:43216" client-56b675d94f-4rbdq.client-tr-210 terminated
2026-05-29T18:25:43.640913Z	info	delta	ADS: new delta connection for node:client-56b675d94f-4rbdq.client-tr-211
2026-05-29T18:25:43.641489Z	info	delta	CDS: PUSH request for node:client-56b675d94f-4rbdq.client-tr resources:25 removed:0 size:27.7kB cached:22/22 filtered:0
2026-05-29T18:25:43.643210Z	info	delta	EDS: PUSH request for node:client-56b675d94f-4rbdq.client-tr resources:21 removed:0 size:4.4kB empty:0 cached:21/21 filtered:0
2026-05-29T18:25:43.646317Z	info	delta	LDS: PUSH request for node:client-56b675d94f-4rbdq.client-tr resources:22 removed:0 size:86.1kB filtered:0
2026-05-29T18:25:43.646533Z	info	delta	NDS: PUSH request for node:client-56b675d94f-4rbdq.client-tr resources:1 removed:0 size:1.5kB
2026-05-29T18:25:43.646957Z	info	delta	RDS: PUSH request for node:client-56b675d94f-4rbdq.client-tr resources:13 removed:0 size:12.1kB cached:7/13 filtered:0
2026-05-29T18:29:22.801387Z	info	sync complete	name=istiod analyzer attempt=1 time=86.792µs
2026-05-29T18:34:29.129257Z	info	sync complete	name=istiod analyzer attempt=1 time=120.917µs
2026-05-29T18:39:35.494434Z	info	sync complete	name=istiod analyzer attempt=1 time=69.375µs
2026-05-29T18:44:40.561675Z	info	sync complete	name=istiod analyzer attempt=1 time=172.667µs
2026-05-29T18:49:47.042300Z	info	sync complete	name=istiod analyzer attempt=1 time=76.25µs
2026-05-29T18:54:53.305868Z	info	sync complete	name=istiod analyzer attempt=1 time=103.916µs
2026-05-29T18:58:43.910001Z	info	delta	ADS: "10.10.0.78:34232" client-56b675d94f-4rbdq.client-tr-211 terminated
2026-05-29T18:58:44.239468Z	info	delta	ADS: new delta connection for node:client-56b675d94f-4rbdq.client-tr-212
2026-05-29T18:58:44.240404Z	info	delta	CDS: PUSH request for node:client-56b675d94f-4rbdq.client-tr resources:25 removed:0 size:27.7kB cached:22/22 filtered:0
2026-05-29T18:58:44.241447Z	info	delta	EDS: PUSH request for node:client-56b675d94f-4rbdq.client-tr resources:21 removed:0 size:4.4kB empty:0 cached:21/21 filtered:0
2026-05-29T18:58:44.249103Z	info	delta	LDS: PUSH request for node:client-56b675d94f-4rbdq.client-tr resources:22 removed:0 size:86.1kB filtered:0
2026-05-29T18:58:44.249439Z	info	delta	NDS: PUSH request for node:client-56b675d94f-4rbdq.client-tr resources:1 removed:0 size:1.5kB
2026-05-29T18:58:44.251012Z	info	delta	RDS: PUSH request for node:client-56b675d94f-4rbdq.client-tr resources:13 removed:0 size:12.1kB cached:8/13 filtered:0
2026-05-29T18:59:58.917927Z	info	sync complete	name=istiod analyzer attempt=1 time=92.375µs
2026-05-29T19:05:04.765013Z	info	sync complete	name=istiod analyzer attempt=1 time=66.709µs
2026-05-29T19:10:10.928520Z	info	sync complete	name=istiod analyzer attempt=1 time=74.042µs
2026-05-29T19:15:16.367424Z	info	sync complete	name=istiod analyzer attempt=1 time=61.042µs
2026-05-29T19:20:21.205497Z	info	sync complete	name=istiod analyzer attempt=1 time=90.292µs
2026-05-29T19:25:27.690681Z	info	sync complete	name=istiod analyzer attempt=1 time=87.958µs
2026-05-29T19:29:43.695346Z	info	delta	ADS: "10.10.0.78:56632" client-56b675d94f-4rbdq.client-tr-212 terminated
2026-05-29T19:29:44.120911Z	info	delta	ADS: new delta connection for node:client-56b675d94f-4rbdq.client-tr-213
2026-05-29T19:29:44.121414Z	info	delta	CDS: PUSH request for node:client-56b675d94f-4rbdq.client-tr resources:25 removed:0 size:27.7kB cached:22/22 filtered:0
2026-05-29T19:29:44.122717Z	info	delta	EDS: PUSH request for node:client-56b675d94f-4rbdq.client-tr resources:21 removed:0 size:4.4kB empty:0 cached:21/21 filtered:0
2026-05-29T19:29:44.124380Z	info	delta	LDS: PUSH request for node:client-56b675d94f-4rbdq.client-tr resources:22 removed:0 size:86.1kB filtered:0
2026-05-29T19:29:44.124538Z	info	delta	NDS: PUSH request for node:client-56b675d94f-4rbdq.client-tr resources:1 removed:0 size:1.5kB
2026-05-29T19:29:44.124827Z	info	delta	RDS: PUSH request for node:client-56b675d94f-4rbdq.client-tr resources:13 removed:0 size:12.1kB cached:6/13 filtered:0
2026-05-29T19:30:34.318899Z	info	sync complete	name=istiod analyzer attempt=1 time=101.375µs
2026-05-29T19:35:40.574670Z	info	sync complete	name=istiod analyzer attempt=1 time=63.709µs
2026-05-29T19:40:47.521916Z	info	sync complete	name=istiod analyzer attempt=1 time=112.25µs
2026-05-29T19:45:54.298090Z	info	sync complete	name=istiod analyzer attempt=1 time=71.875µs
2026-05-29T19:50:59.826172Z	info	sync complete	name=istiod analyzer attempt=1 time=102.209µs
2026-05-29T19:56:06.698651Z	info	sync complete	name=istiod analyzer attempt=1 time=115.375µs
2026-05-29T19:58:32.601982Z	info	delta	ADS: "10.10.0.78:51972" client-56b675d94f-4rbdq.client-tr-213 terminated
2026-05-29T19:58:32.846915Z	info	delta	ADS: new delta connection for node:client-56b675d94f-4rbdq.client-tr-214
2026-05-29T19:58:32.847754Z	info	delta	CDS: PUSH request for node:client-56b675d94f-4rbdq.client-tr resources:25 removed:0 size:27.7kB cached:22/22 filtered:0
2026-05-29T19:58:32.848455Z	info	delta	EDS: PUSH request for node:client-56b675d94f-4rbdq.client-tr resources:21 removed:0 size:4.4kB empty:0 cached:21/21 filtered:0
2026-05-29T19:58:32.850658Z	info	delta	LDS: PUSH request for node:client-56b675d94f-4rbdq.client-tr resources:22 removed:0 size:86.1kB filtered:0
2026-05-29T19:58:32.850867Z	info	delta	NDS: PUSH request for node:client-56b675d94f-4rbdq.client-tr resources:1 removed:0 size:1.5kB
2026-05-29T19:58:32.851367Z	info	delta	RDS: PUSH request for node:client-56b675d94f-4rbdq.client-tr resources:13 removed:0 size:12.1kB cached:8/13 filtered:0
2026-05-29T20:01:13.003211Z	info	sync complete	name=istiod analyzer attempt=1 time=76.5µs
2026-05-29T20:06:20.066268Z	info	sync complete	name=istiod analyzer attempt=1 time=97.666µs
2026-05-29T20:11:26.982186Z	info	sync complete	name=istiod analyzer attempt=1 time=68.709µs
2026-05-29T20:16:33.875417Z	info	sync complete	name=istiod analyzer attempt=1 time=118.209µs
2026-05-29T20:21:40.417747Z	info	sync complete	name=istiod analyzer attempt=1 time=78.583µs
2026-05-29T20:26:46.996257Z	info	sync complete	name=istiod analyzer attempt=1 time=109.959µs
2026-05-29T20:31:06.790448Z	info	delta	ADS: "10.10.0.78:40978" client-56b675d94f-4rbdq.client-tr-214 terminated
2026-05-29T20:31:06.966953Z	info	delta	ADS: new delta connection for node:client-56b675d94f-4rbdq.client-tr-215
2026-05-29T20:31:06.967697Z	info	delta	CDS: PUSH request for node:client-56b675d94f-4rbdq.client-tr resources:25 removed:0 size:27.7kB cached:22/22 filtered:0
2026-05-29T20:31:06.968689Z	info	delta	EDS: PUSH request for node:client-56b675d94f-4rbdq.client-tr resources:21 removed:0 size:4.4kB empty:0 cached:21/21 filtered:0
2026-05-29T20:31:06.970512Z	info	delta	LDS: PUSH request for node:client-56b675d94f-4rbdq.client-tr resources:22 removed:0 size:86.1kB filtered:0
2026-05-29T20:31:06.970730Z	info	delta	NDS: PUSH request for node:client-56b675d94f-4rbdq.client-tr resources:1 removed:0 size:1.5kB
2026-05-29T20:31:06.971552Z	info	delta	RDS: PUSH request for node:client-56b675d94f-4rbdq.client-tr resources:13 removed:0 size:12.1kB cached:7/13 filtered:0
2026-05-29T20:31:53.819034Z	info	sync complete	name=istiod analyzer attempt=1 time=79.417µs
2026-05-29T20:36:59.941247Z	info	sync complete	name=istiod analyzer attempt=1 time=106.208µs
2026-05-29T20:42:06.097542Z	info	sync complete	name=istiod analyzer attempt=1 time=106.458µs
2026-05-29T20:47:12.773054Z	info	sync complete	name=istiod analyzer attempt=1 time=99.166µs
2026-05-29T20:52:19.170122Z	info	sync complete	name=istiod analyzer attempt=1 time=107.709µs
2026-05-29T20:57:25.394232Z	info	sync complete	name=istiod analyzer attempt=1 time=65.75µs
2026-05-29T21:02:30.788689Z	info	sync complete	name=istiod analyzer attempt=1 time=67.834µs
2026-05-29T21:03:11.112684Z	info	delta	ADS: "10.10.0.78:45478" client-56b675d94f-4rbdq.client-tr-215 terminated
2026-05-29T21:03:11.362231Z	info	delta	ADS: new delta connection for node:client-56b675d94f-4rbdq.client-tr-216
2026-05-29T21:03:11.362698Z	info	delta	CDS: PUSH request for node:client-56b675d94f-4rbdq.client-tr resources:25 removed:0 size:27.7kB cached:22/22 filtered:0
2026-05-29T21:03:11.363149Z	info	delta	EDS: PUSH request for node:client-56b675d94f-4rbdq.client-tr resources:21 removed:0 size:4.4kB empty:0 cached:21/21 filtered:0
2026-05-29T21:03:11.364540Z	info	delta	LDS: PUSH request for node:client-56b675d94f-4rbdq.client-tr resources:22 removed:0 size:86.1kB filtered:0
2026-05-29T21:03:11.364654Z	info	delta	NDS: PUSH request for node:client-56b675d94f-4rbdq.client-tr resources:1 removed:0 size:1.5kB
2026-05-29T21:03:11.365151Z	info	delta	RDS: PUSH request for node:client-56b675d94f-4rbdq.client-tr resources:13 removed:0 size:12.1kB cached:6/13 filtered:0
2026-05-29T21:07:38.538185Z	info	sync complete	name=istiod analyzer attempt=1 time=68.083µs
2026-05-29T21:12:44.726704Z	info	sync complete	name=istiod analyzer attempt=1 time=101.041µs
2026-05-29T21:17:51.345980Z	info	sync complete	name=istiod analyzer attempt=1 time=102.083µs
2026-05-29T21:22:56.288648Z	info	sync complete	name=istiod analyzer attempt=1 time=182.375µs
2026-05-29T21:28:02.430693Z	info	sync complete	name=istiod analyzer attempt=1 time=96.083µs
2026-05-29T21:33:08.811970Z	info	sync complete	name=istiod analyzer attempt=1 time=178.708µs
2026-05-29T21:34:03.398360Z	info	delta	ADS: "10.10.0.78:54974" client-56b675d94f-4rbdq.client-tr-216 terminated
2026-05-29T21:34:03.577919Z	info	delta	ADS: new delta connection for node:client-56b675d94f-4rbdq.client-tr-217
2026-05-29T21:34:03.578676Z	info	delta	CDS: PUSH request for node:client-56b675d94f-4rbdq.client-tr resources:25 removed:0 size:27.7kB cached:22/22 filtered:0
2026-05-29T21:34:03.579169Z	info	delta	EDS: PUSH request for node:client-56b675d94f-4rbdq.client-tr resources:21 removed:0 size:4.4kB empty:0 cached:21/21 filtered:0
2026-05-29T21:34:03.581034Z	info	delta	LDS: PUSH request for node:client-56b675d94f-4rbdq.client-tr resources:22 removed:0 size:86.1kB filtered:0
2026-05-29T21:34:03.581226Z	info	delta	NDS: PUSH request for node:client-56b675d94f-4rbdq.client-tr resources:1 removed:0 size:1.5kB
2026-05-29T21:34:03.581573Z	info	delta	RDS: PUSH request for node:client-56b675d94f-4rbdq.client-tr resources:13 removed:0 size:12.1kB cached:7/13 filtered:0
2026-05-29T21:38:15.065367Z	info	sync complete	name=istiod analyzer attempt=1 time=114.25µs
2026-05-29T21:43:20.776840Z	info	sync complete	name=istiod analyzer attempt=1 time=58.583µs
2026-05-29T21:48:26.238768Z	info	sync complete	name=istiod analyzer attempt=1 time=105.083µs
2026-05-29T21:53:31.795571Z	info	sync complete	name=istiod analyzer attempt=1 time=69.083µs
2026-05-29T21:58:38.607808Z	info	sync complete	name=istiod analyzer attempt=1 time=95.458µs
2026-05-29T22:03:45.114166Z	info	sync complete	name=istiod analyzer attempt=1 time=91.625µs
2026-05-29T22:06:19.766969Z	info	delta	ADS: "10.10.0.78:38666" client-56b675d94f-4rbdq.client-tr-217 terminated
2026-05-29T22:06:20.073693Z	info	delta	ADS: new delta connection for node:client-56b675d94f-4rbdq.client-tr-218
2026-05-29T22:06:20.074440Z	info	delta	CDS: PUSH request for node:client-56b675d94f-4rbdq.client-tr resources:25 removed:0 size:27.7kB cached:22/22 filtered:0
2026-05-29T22:06:20.074995Z	info	delta	EDS: PUSH request for node:client-56b675d94f-4rbdq.client-tr resources:21 removed:0 size:4.4kB empty:0 cached:21/21 filtered:0
2026-05-29T22:06:20.076999Z	info	delta	LDS: PUSH request for node:client-56b675d94f-4rbdq.client-tr resources:22 removed:0 size:86.1kB filtered:0
2026-05-29T22:06:20.077184Z	info	delta	NDS: PUSH request for node:client-56b675d94f-4rbdq.client-tr resources:1 removed:0 size:1.5kB
2026-05-29T22:06:20.077554Z	info	delta	RDS: PUSH request for node:client-56b675d94f-4rbdq.client-tr resources:13 removed:0 size:12.1kB cached:7/13 filtered:0
2026-05-29T22:08:50.812359Z	info	sync complete	name=istiod analyzer attempt=1 time=124.875µs
2026-05-29T22:13:57.148387Z	info	sync complete	name=istiod analyzer attempt=1 time=63.625µs
2026-05-29T22:19:03.637158Z	info	sync complete	name=istiod analyzer attempt=1 time=154.375µs
2026-05-29T22:24:11.101800Z	info	sync complete	name=istiod analyzer attempt=1 time=77.708µs
2026-05-29T22:29:17.170242Z	info	sync complete	name=istiod analyzer attempt=1 time=60.666µs
2026-05-29T22:34:22.409489Z	info	sync complete	name=istiod analyzer attempt=1 time=146.834µs
2026-05-29T22:37:00.987489Z	info	delta	ADS: "10.10.0.78:32828" client-56b675d94f-4rbdq.client-tr-218 terminated
2026-05-29T22:37:01.112876Z	info	delta	ADS: new delta connection for node:client-56b675d94f-4rbdq.client-tr-219
2026-05-29T22:37:01.115382Z	info	delta	CDS: PUSH request for node:client-56b675d94f-4rbdq.client-tr resources:25 removed:0 size:27.7kB cached:22/22 filtered:0
2026-05-29T22:37:01.117609Z	info	delta	EDS: PUSH request for node:client-56b675d94f-4rbdq.client-tr resources:21 removed:0 size:4.4kB empty:0 cached:21/21 filtered:0
2026-05-29T22:37:01.122728Z	info	delta	LDS: PUSH request for node:client-56b675d94f-4rbdq.client-tr resources:22 removed:0 size:86.1kB filtered:0
2026-05-29T22:37:01.123725Z	info	delta	NDS: PUSH request for node:client-56b675d94f-4rbdq.client-tr resources:1 removed:0 size:1.5kB
2026-05-29T22:37:01.125661Z	info	delta	RDS: PUSH request for node:client-56b675d94f-4rbdq.client-tr resources:13 removed:0 size:12.1kB cached:8/13 filtered:0
2026-05-29T22:39:28.808371Z	info	sync complete	name=istiod analyzer attempt=1 time=66µs
2026-05-29T22:44:35.553335Z	info	sync complete	name=istiod analyzer attempt=1 time=132.084µs
2026-05-29T22:49:42.330676Z	info	sync complete	name=istiod analyzer attempt=1 time=72.708µs
2026-05-29T22:54:48.406726Z	info	sync complete	name=istiod analyzer attempt=1 time=183.959µs
2026-05-29T22:59:53.941530Z	info	sync complete	name=istiod analyzer attempt=1 time=80.084µs
2026-05-29T23:04:59.934853Z	info	sync complete	name=istiod analyzer attempt=1 time=128.959µs
2026-05-29T23:06:21.654388Z	info	delta	ADS: "10.10.0.78:51950" client-56b675d94f-4rbdq.client-tr-219 terminated
2026-05-29T23:06:21.941869Z	info	delta	ADS: new delta connection for node:client-56b675d94f-4rbdq.client-tr-220
2026-05-29T23:06:21.942777Z	info	delta	CDS: PUSH request for node:client-56b675d94f-4rbdq.client-tr resources:25 removed:0 size:27.7kB cached:22/22 filtered:0
2026-05-29T23:06:21.945665Z	info	delta	EDS: PUSH request for node:client-56b675d94f-4rbdq.client-tr resources:21 removed:0 size:4.4kB empty:0 cached:21/21 filtered:0
2026-05-29T23:06:21.947646Z	info	delta	LDS: PUSH request for node:client-56b675d94f-4rbdq.client-tr resources:22 removed:0 size:86.1kB filtered:0
2026-05-29T23:06:21.947824Z	info	delta	NDS: PUSH request for node:client-56b675d94f-4rbdq.client-tr resources:1 removed:0 size:1.5kB
2026-05-29T23:06:21.948180Z	info	delta	RDS: PUSH request for node:client-56b675d94f-4rbdq.client-tr resources:13 removed:0 size:12.1kB cached:6/13 filtered:0
2026-05-29T23:10:06.047709Z	info	sync complete	name=istiod analyzer attempt=1 time=78.167µs
2026-05-29T23:15:11.741731Z	info	sync complete	name=istiod analyzer attempt=1 time=99.208µs
2026-05-29T23:20:16.413711Z	info	sync complete	name=istiod analyzer attempt=1 time=111.083µs
2026-05-29T23:25:22.869250Z	info	sync complete	name=istiod analyzer attempt=1 time=70.959µs
2026-05-29T23:30:27.322528Z	info	sync complete	name=istiod analyzer attempt=1 time=114.375µs
2026-05-29T23:35:33.819476Z	info	sync complete	name=istiod analyzer attempt=1 time=67.959µs
2026-05-29T23:37:15.959622Z	info	delta	ADS: "10.10.0.78:59788" client-56b675d94f-4rbdq.client-tr-220 terminated
2026-05-29T23:37:16.337538Z	info	delta	ADS: new delta connection for node:client-56b675d94f-4rbdq.client-tr-221
2026-05-29T23:37:16.338067Z	info	delta	CDS: PUSH request for node:client-56b675d94f-4rbdq.client-tr resources:25 removed:0 size:27.7kB cached:22/22 filtered:0
2026-05-29T23:37:16.338844Z	info	delta	EDS: PUSH request for node:client-56b675d94f-4rbdq.client-tr resources:21 removed:0 size:4.4kB empty:0 cached:21/21 filtered:0
2026-05-29T23:37:16.340477Z	info	delta	LDS: PUSH request for node:client-56b675d94f-4rbdq.client-tr resources:22 removed:0 size:86.1kB filtered:0
2026-05-29T23:37:16.340626Z	info	delta	NDS: PUSH request for node:client-56b675d94f-4rbdq.client-tr resources:1 removed:0 size:1.5kB
2026-05-29T23:37:16.340879Z	info	delta	RDS: PUSH request for node:client-56b675d94f-4rbdq.client-tr resources:13 removed:0 size:12.1kB cached:8/13 filtered:0
2026-05-29T23:40:39.646893Z	info	sync complete	name=istiod analyzer attempt=1 time=109µs
2026-05-29T23:45:46.193088Z	info	sync complete	name=istiod analyzer attempt=1 time=84.584µs
2026-05-29T23:50:52.706484Z	info	sync complete	name=istiod analyzer attempt=1 time=149.375µs
2026-05-29T23:55:59.635967Z	info	sync complete	name=istiod analyzer attempt=1 time=170.75µs
2026-05-30T00:01:06.117826Z	info	sync complete	name=istiod analyzer attempt=1 time=127.667µs
2026-05-30T00:06:12.761321Z	info	sync complete	name=istiod analyzer attempt=1 time=100.958µs
2026-05-30T00:08:47.328392Z	info	delta	ADS: "10.10.0.78:58724" client-56b675d94f-4rbdq.client-tr-221 terminated
2026-05-30T00:08:47.690351Z	info	delta	ADS: new delta connection for node:client-56b675d94f-4rbdq.client-tr-222
2026-05-30T00:08:47.691349Z	info	delta	CDS: PUSH request for node:client-56b675d94f-4rbdq.client-tr resources:25 removed:0 size:27.7kB cached:22/22 filtered:0
2026-05-30T00:08:47.692741Z	info	delta	EDS: PUSH request for node:client-56b675d94f-4rbdq.client-tr resources:21 removed:0 size:4.4kB empty:0 cached:21/21 filtered:0
2026-05-30T00:08:47.695562Z	info	delta	LDS: PUSH request for node:client-56b675d94f-4rbdq.client-tr resources:22 removed:0 size:86.1kB filtered:0
2026-05-30T00:08:47.695877Z	info	delta	NDS: PUSH request for node:client-56b675d94f-4rbdq.client-tr resources:1 removed:0 size:1.5kB
2026-05-30T00:08:47.696682Z	info	delta	RDS: PUSH request for node:client-56b675d94f-4rbdq.client-tr resources:13 removed:0 size:12.1kB cached:6/13 filtered:0
2026-05-30T00:11:19.462132Z	info	sync complete	name=istiod analyzer attempt=1 time=68.708µs
2026-05-30T00:16:24.926381Z	info	sync complete	name=istiod analyzer attempt=1 time=162.834µs
2026-05-30T00:21:31.747447Z	info	sync complete	name=istiod analyzer attempt=1 time=66.917µs
2026-05-30T00:26:36.480945Z	info	sync complete	name=istiod analyzer attempt=1 time=108.333µs
2026-05-30T00:31:42.508406Z	info	sync complete	name=istiod analyzer attempt=1 time=93.416µs
2026-05-30T00:36:48.823847Z	info	sync complete	name=istiod analyzer attempt=1 time=91.375µs
2026-05-30T00:37:50.575114Z	info	delta	ADS: "10.10.0.78:60240" client-56b675d94f-4rbdq.client-tr-222 terminated
2026-05-30T00:37:51.051067Z	info	delta	ADS: new delta connection for node:client-56b675d94f-4rbdq.client-tr-223
2026-05-30T00:37:51.051696Z	info	delta	CDS: PUSH request for node:client-56b675d94f-4rbdq.client-tr resources:25 removed:0 size:27.7kB cached:22/22 filtered:0
2026-05-30T00:37:51.052697Z	info	delta	EDS: PUSH request for node:client-56b675d94f-4rbdq.client-tr resources:21 removed:0 size:4.4kB empty:0 cached:21/21 filtered:0
2026-05-30T00:37:51.054888Z	info	delta	LDS: PUSH request for node:client-56b675d94f-4rbdq.client-tr resources:22 removed:0 size:86.1kB filtered:0
2026-05-30T00:37:51.055214Z	info	delta	NDS: PUSH request for node:client-56b675d94f-4rbdq.client-tr resources:1 removed:0 size:1.5kB
2026-05-30T00:37:51.055799Z	info	delta	RDS: PUSH request for node:client-56b675d94f-4rbdq.client-tr resources:13 removed:0 size:12.1kB cached:8/13 filtered:0
2026-05-30T00:41:54.228526Z	info	sync complete	name=istiod analyzer attempt=1 time=80.833µs
2026-05-30T00:46:59.599035Z	info	sync complete	name=istiod analyzer attempt=1 time=100.542µs
2026-05-30T00:52:07.006685Z	info	sync complete	name=istiod analyzer attempt=1 time=62.417µs
2026-05-30T00:57:14.456545Z	info	sync complete	name=istiod analyzer attempt=1 time=111µs
2026-05-30T01:02:21.126231Z	info	sync complete	name=istiod analyzer attempt=1 time=62.542µs
2026-05-30T01:05:32.201347Z	info	delta	ADS: "10.10.0.78:36364" client-56b675d94f-4rbdq.client-tr-223 terminated
2026-05-30T01:05:32.272238Z	info	delta	ADS: new delta connection for node:client-56b675d94f-4rbdq.client-tr-224
2026-05-30T01:05:32.272666Z	info	delta	CDS: PUSH request for node:client-56b675d94f-4rbdq.client-tr resources:25 removed:0 size:27.7kB cached:22/22 filtered:0
2026-05-30T01:05:32.273260Z	info	delta	EDS: PUSH request for node:client-56b675d94f-4rbdq.client-tr resources:21 removed:0 size:4.4kB empty:0 cached:21/21 filtered:0
2026-05-30T01:05:32.274861Z	info	delta	LDS: PUSH request for node:client-56b675d94f-4rbdq.client-tr resources:22 removed:0 size:86.1kB filtered:0
2026-05-30T01:05:32.274976Z	info	delta	NDS: PUSH request for node:client-56b675d94f-4rbdq.client-tr resources:1 removed:0 size:1.5kB
2026-05-30T01:05:32.275466Z	info	delta	RDS: PUSH request for node:client-56b675d94f-4rbdq.client-tr resources:13 removed:0 size:12.1kB cached:7/13 filtered:0
2026-05-30T01:07:27.646497Z	info	sync complete	name=istiod analyzer attempt=1 time=78.292µs
2026-05-30T01:12:32.903029Z	info	sync complete	name=istiod analyzer attempt=1 time=194.417µs
2026-05-30T01:17:39.065836Z	info	sync complete	name=istiod analyzer attempt=1 time=74.875µs
2026-05-30T01:22:44.867880Z	info	sync complete	name=istiod analyzer attempt=1 time=90.875µs
2026-05-30T01:27:49.864971Z	info	sync complete	name=istiod analyzer attempt=1 time=74.333µs
2026-05-30T01:32:54.933770Z	info	sync complete	name=istiod analyzer attempt=1 time=151.791µs
2026-05-30T01:37:56.999819Z	info	delta	ADS: "10.10.0.78:45908" client-56b675d94f-4rbdq.client-tr-224 terminated
2026-05-30T01:37:57.262959Z	info	delta	ADS: new delta connection for node:client-56b675d94f-4rbdq.client-tr-225
2026-05-30T01:37:57.263447Z	info	delta	CDS: PUSH request for node:client-56b675d94f-4rbdq.client-tr resources:25 removed:0 size:27.7kB cached:22/22 filtered:0
2026-05-30T01:37:57.264242Z	info	delta	EDS: PUSH request for node:client-56b675d94f-4rbdq.client-tr resources:21 removed:0 size:4.4kB empty:0 cached:21/21 filtered:0
2026-05-30T01:37:57.266072Z	info	delta	LDS: PUSH request for node:client-56b675d94f-4rbdq.client-tr resources:22 removed:0 size:86.1kB filtered:0
2026-05-30T01:37:57.266217Z	info	delta	NDS: PUSH request for node:client-56b675d94f-4rbdq.client-tr resources:1 removed:0 size:1.5kB
2026-05-30T01:37:57.266521Z	info	delta	RDS: PUSH request for node:client-56b675d94f-4rbdq.client-tr resources:13 removed:0 size:12.1kB cached:7/13 filtered:0
2026-05-30T01:38:00.344746Z	info	sync complete	name=istiod analyzer attempt=1 time=73.709µs
2026-05-30T01:43:07.737789Z	info	sync complete	name=istiod analyzer attempt=1 time=113.708µs
2026-05-30T01:48:12.830780Z	info	sync complete	name=istiod analyzer attempt=1 time=80.125µs
2026-05-30T01:53:20.255249Z	info	sync complete	name=istiod analyzer attempt=1 time=127.625µs
2026-05-30T01:58:27.977441Z	info	sync complete	name=istiod analyzer attempt=1 time=97.167µs
2026-05-30T02:03:33.773998Z	info	sync complete	name=istiod analyzer attempt=1 time=56.75µs
2026-05-30T02:07:45.805934Z	info	delta	ADS: "10.10.0.78:46438" client-56b675d94f-4rbdq.client-tr-225 terminated
2026-05-30T02:07:46.197159Z	info	delta	ADS: new delta connection for node:client-56b675d94f-4rbdq.client-tr-226
2026-05-30T02:07:46.198557Z	info	delta	CDS: PUSH request for node:client-56b675d94f-4rbdq.client-tr resources:25 removed:0 size:27.7kB cached:22/22 filtered:0
2026-05-30T02:07:46.200164Z	info	delta	EDS: PUSH request for node:client-56b675d94f-4rbdq.client-tr resources:21 removed:0 size:4.4kB empty:0 cached:21/21 filtered:0
2026-05-30T02:07:46.202742Z	info	delta	LDS: PUSH request for node:client-56b675d94f-4rbdq.client-tr resources:22 removed:0 size:86.1kB filtered:0
2026-05-30T02:07:46.203052Z	info	delta	NDS: PUSH request for node:client-56b675d94f-4rbdq.client-tr resources:1 removed:0 size:1.5kB
2026-05-30T02:07:46.203302Z	info	delta	RDS: PUSH request for node:client-56b675d94f-4rbdq.client-tr resources:13 removed:0 size:12.1kB cached:7/13 filtered:0
2026-05-30T02:08:40.117940Z	info	sync complete	name=istiod analyzer attempt=1 time=72.667µs
2026-05-30T02:13:46.459205Z	info	sync complete	name=istiod analyzer attempt=1 time=55.083µs
2026-05-30T02:18:52.011593Z	info	sync complete	name=istiod analyzer attempt=1 time=121.5µs
2026-05-30T02:23:57.913822Z	info	sync complete	name=istiod analyzer attempt=1 time=89.5µs
2026-05-30T02:29:03.533239Z	info	sync complete	name=istiod analyzer attempt=1 time=128.584µs
2026-05-30T02:34:08.412824Z	info	sync complete	name=istiod analyzer attempt=1 time=74.25µs
2026-05-30T02:38:23.089798Z	info	delta	ADS: "10.10.0.78:53432" client-56b675d94f-4rbdq.client-tr-226 terminated
2026-05-30T02:38:23.358541Z	info	delta	ADS: new delta connection for node:client-56b675d94f-4rbdq.client-tr-227
2026-05-30T02:38:23.358986Z	info	delta	CDS: PUSH request for node:client-56b675d94f-4rbdq.client-tr resources:25 removed:0 size:27.7kB cached:22/22 filtered:0
2026-05-30T02:38:23.359582Z	info	delta	EDS: PUSH request for node:client-56b675d94f-4rbdq.client-tr resources:21 removed:0 size:4.4kB empty:0 cached:21/21 filtered:0
2026-05-30T02:38:23.361123Z	info	delta	LDS: PUSH request for node:client-56b675d94f-4rbdq.client-tr resources:22 removed:0 size:86.1kB filtered:0
2026-05-30T02:38:23.361279Z	info	delta	NDS: PUSH request for node:client-56b675d94f-4rbdq.client-tr resources:1 removed:0 size:1.5kB
2026-05-30T02:38:23.361533Z	info	delta	RDS: PUSH request for node:client-56b675d94f-4rbdq.client-tr resources:13 removed:0 size:12.1kB cached:6/13 filtered:0
2026-05-30T02:39:14.518635Z	info	sync complete	name=istiod analyzer attempt=1 time=105.833µs
2026-05-30T02:44:20.166126Z	info	sync complete	name=istiod analyzer attempt=1 time=56.625µs
2026-05-30T02:49:27.050937Z	info	sync complete	name=istiod analyzer attempt=1 time=80.292µs
2026-05-30T02:54:31.533381Z	info	sync complete	name=istiod analyzer attempt=1 time=90.166µs
2026-05-30T02:59:38.575054Z	info	sync complete	name=istiod analyzer attempt=1 time=73.667µs
2026-05-30T03:04:45.240392Z	info	sync complete	name=istiod analyzer attempt=1 time=474.292µs
2026-05-30T03:08:16.907550Z	info	delta	ADS: "10.10.0.78:55106" client-56b675d94f-4rbdq.client-tr-227 terminated
2026-05-30T03:08:16.982825Z	info	delta	ADS: new delta connection for node:client-56b675d94f-4rbdq.client-tr-228
2026-05-30T03:08:16.983389Z	info	delta	CDS: PUSH request for node:client-56b675d94f-4rbdq.client-tr resources:25 removed:0 size:27.7kB cached:22/22 filtered:0
2026-05-30T03:08:16.984002Z	info	delta	EDS: PUSH request for node:client-56b675d94f-4rbdq.client-tr resources:21 removed:0 size:4.4kB empty:0 cached:21/21 filtered:0
2026-05-30T03:08:16.985831Z	info	delta	LDS: PUSH request for node:client-56b675d94f-4rbdq.client-tr resources:22 removed:0 size:86.1kB filtered:0
2026-05-30T03:08:16.986111Z	info	delta	NDS: PUSH request for node:client-56b675d94f-4rbdq.client-tr resources:1 removed:0 size:1.5kB
2026-05-30T03:08:16.986748Z	info	delta	RDS: PUSH request for node:client-56b675d94f-4rbdq.client-tr resources:13 removed:0 size:12.1kB cached:6/13 filtered:0
2026-05-30T03:09:51.609140Z	info	sync complete	name=istiod analyzer attempt=1 time=87.167µs
2026-05-30T03:14:58.391213Z	info	sync complete	name=istiod analyzer attempt=1 time=118µs
2026-05-30T03:20:03.650383Z	info	sync complete	name=istiod analyzer attempt=1 time=117.292µs
2026-05-30T03:25:10.179452Z	info	sync complete	name=istiod analyzer attempt=1 time=441.334µs
2026-05-30T03:30:17.523382Z	info	sync complete	name=istiod analyzer attempt=1 time=73.125µs
2026-05-30T03:35:24.264291Z	info	sync complete	name=istiod analyzer attempt=1 time=92.417µs
2026-05-30T03:36:48.901962Z	info	delta	ADS: "10.10.0.78:52114" client-56b675d94f-4rbdq.client-tr-228 terminated
2026-05-30T03:36:49.119343Z	info	delta	ADS: new delta connection for node:client-56b675d94f-4rbdq.client-tr-229
2026-05-30T03:36:49.120213Z	info	delta	CDS: PUSH request for node:client-56b675d94f-4rbdq.client-tr resources:25 removed:0 size:27.7kB cached:22/22 filtered:0
2026-05-30T03:36:49.120932Z	info	delta	EDS: PUSH request for node:client-56b675d94f-4rbdq.client-tr resources:21 removed:0 size:4.4kB empty:0 cached:21/21 filtered:0
2026-05-30T03:36:49.123101Z	info	delta	LDS: PUSH request for node:client-56b675d94f-4rbdq.client-tr resources:22 removed:0 size:86.1kB filtered:0
2026-05-30T03:36:49.123324Z	info	delta	NDS: PUSH request for node:client-56b675d94f-4rbdq.client-tr resources:1 removed:0 size:1.5kB
2026-05-30T03:36:49.123725Z	info	delta	RDS: PUSH request for node:client-56b675d94f-4rbdq.client-tr resources:13 removed:0 size:12.1kB cached:7/13 filtered:0
2026-05-30T03:40:29.739001Z	info	sync complete	name=istiod analyzer attempt=1 time=68.5µs
2026-05-30T03:45:36.728684Z	info	sync complete	name=istiod analyzer attempt=1 time=58.208µs
2026-05-30T03:50:42.049385Z	info	sync complete	name=istiod analyzer attempt=1 time=89.583µs
2026-05-30T03:55:46.841451Z	info	sync complete	name=istiod analyzer attempt=1 time=64.708µs
2026-05-30T04:00:53.205168Z	info	sync complete	name=istiod analyzer attempt=1 time=85.583µs
2026-05-30T04:05:22.307758Z	info	delta	ADS: "10.10.0.78:39130" client-56b675d94f-4rbdq.client-tr-229 terminated
2026-05-30T04:05:22.367402Z	info	delta	ADS: new delta connection for node:client-56b675d94f-4rbdq.client-tr-230
2026-05-30T04:05:22.368171Z	info	delta	CDS: PUSH request for node:client-56b675d94f-4rbdq.client-tr resources:25 removed:0 size:27.7kB cached:22/22 filtered:0
2026-05-30T04:05:22.369467Z	info	delta	EDS: PUSH request for node:client-56b675d94f-4rbdq.client-tr resources:21 removed:0 size:4.4kB empty:0 cached:21/21 filtered:0
2026-05-30T04:05:22.371071Z	info	delta	LDS: PUSH request for node:client-56b675d94f-4rbdq.client-tr resources:22 removed:0 size:86.1kB filtered:0
2026-05-30T04:05:22.371629Z	info	delta	NDS: PUSH request for node:client-56b675d94f-4rbdq.client-tr resources:1 removed:0 size:1.5kB
2026-05-30T04:05:22.372030Z	info	delta	RDS: PUSH request for node:client-56b675d94f-4rbdq.client-tr resources:13 removed:0 size:12.1kB cached:6/13 filtered:0
2026-05-30T04:06:00.498249Z	info	sync complete	name=istiod analyzer attempt=1 time=101.75µs
2026-05-30T04:11:06.592225Z	info	sync complete	name=istiod analyzer attempt=1 time=101.458µs
2026-05-30T04:16:12.998585Z	info	sync complete	name=istiod analyzer attempt=1 time=62.583µs
2026-05-30T04:21:18.797671Z	info	sync complete	name=istiod analyzer attempt=1 time=119.916µs
2026-05-30T04:26:24.612934Z	info	sync complete	name=istiod analyzer attempt=1 time=89µs
2026-05-30T04:31:30.421456Z	info	sync complete	name=istiod analyzer attempt=1 time=93.625µs
2026-05-30T04:36:36.425227Z	info	sync complete	name=istiod analyzer attempt=1 time=105.084µs
2026-05-30T04:37:56.302775Z	info	delta	ADS: "10.10.0.78:38270" client-56b675d94f-4rbdq.client-tr-230 terminated
2026-05-30T04:37:56.412138Z	info	delta	ADS: new delta connection for node:client-56b675d94f-4rbdq.client-tr-231
2026-05-30T04:37:56.412675Z	info	delta	CDS: PUSH request for node:client-56b675d94f-4rbdq.client-tr resources:25 removed:0 size:27.7kB cached:22/22 filtered:0
2026-05-30T04:37:56.413360Z	info	delta	EDS: PUSH request for node:client-56b675d94f-4rbdq.client-tr resources:21 removed:0 size:4.4kB empty:0 cached:21/21 filtered:0
2026-05-30T04:37:56.414910Z	info	delta	LDS: PUSH request for node:client-56b675d94f-4rbdq.client-tr resources:22 removed:0 size:86.1kB filtered:0
2026-05-30T04:37:56.415076Z	info	delta	NDS: PUSH request for node:client-56b675d94f-4rbdq.client-tr resources:1 removed:0 size:1.5kB
2026-05-30T04:37:56.415411Z	info	delta	RDS: PUSH request for node:client-56b675d94f-4rbdq.client-tr resources:13 removed:0 size:12.1kB cached:8/13 filtered:0
2026-05-30T04:41:41.982287Z	info	sync complete	name=istiod analyzer attempt=1 time=65.833µs
2026-05-30T04:46:47.981462Z	info	sync complete	name=istiod analyzer attempt=1 time=80.959µs
2026-05-30T04:51:54.295243Z	info	sync complete	name=istiod analyzer attempt=1 time=89.916µs
2026-05-30T04:57:00.411856Z	info	sync complete	name=istiod analyzer attempt=1 time=88.958µs
2026-05-30T05:02:06.665657Z	info	sync complete	name=istiod analyzer attempt=1 time=62.333µs
2026-05-30T05:07:12.424830Z	info	sync complete	name=istiod analyzer attempt=1 time=85µs
2026-05-30T05:08:47.685824Z	info	delta	ADS: "10.10.0.78:50062" client-56b675d94f-4rbdq.client-tr-231 terminated
2026-05-30T05:08:48.008415Z	info	delta	ADS: new delta connection for node:client-56b675d94f-4rbdq.client-tr-232
2026-05-30T05:08:48.009216Z	info	delta	CDS: PUSH request for node:client-56b675d94f-4rbdq.client-tr resources:25 removed:0 size:27.7kB cached:22/22 filtered:0
2026-05-30T05:08:48.009939Z	info	delta	EDS: PUSH request for node:client-56b675d94f-4rbdq.client-tr resources:21 removed:0 size:4.4kB empty:0 cached:21/21 filtered:0
2026-05-30T05:08:48.012397Z	info	delta	LDS: PUSH request for node:client-56b675d94f-4rbdq.client-tr resources:22 removed:0 size:86.1kB filtered:0
2026-05-30T05:08:48.012588Z	info	delta	NDS: PUSH request for node:client-56b675d94f-4rbdq.client-tr resources:1 removed:0 size:1.5kB
2026-05-30T05:08:48.013021Z	info	delta	RDS: PUSH request for node:client-56b675d94f-4rbdq.client-tr resources:13 removed:0 size:12.1kB cached:7/13 filtered:0
2026-05-30T05:12:17.985189Z	info	sync complete	name=istiod analyzer attempt=1 time=101.667µs
2026-05-30T05:17:24.816652Z	info	sync complete	name=istiod analyzer attempt=1 time=117.417µs
2026-05-30T05:22:31.141608Z	info	sync complete	name=istiod analyzer attempt=1 time=367.917µs
2026-05-30T05:27:36.885510Z	info	sync complete	name=istiod analyzer attempt=1 time=55.916µs
2026-05-30T05:32:43.295515Z	info	sync complete	name=istiod analyzer attempt=1 time=100.666µs
2026-05-30T05:36:10.173034Z	info	delta	ADS: "10.10.0.78:50132" client-56b675d94f-4rbdq.client-tr-232 terminated
2026-05-30T05:36:10.502151Z	info	delta	ADS: new delta connection for node:client-56b675d94f-4rbdq.client-tr-233
2026-05-30T05:36:10.502826Z	info	delta	CDS: PUSH request for node:client-56b675d94f-4rbdq.client-tr resources:25 removed:0 size:27.7kB cached:22/22 filtered:0
2026-05-30T05:36:10.506662Z	info	delta	EDS: PUSH request for node:client-56b675d94f-4rbdq.client-tr resources:21 removed:0 size:4.4kB empty:0 cached:21/21 filtered:0
2026-05-30T05:36:10.508690Z	info	delta	LDS: PUSH request for node:client-56b675d94f-4rbdq.client-tr resources:22 removed:0 size:86.1kB filtered:0
2026-05-30T05:36:10.508890Z	info	delta	NDS: PUSH request for node:client-56b675d94f-4rbdq.client-tr resources:1 removed:0 size:1.5kB
2026-05-30T05:36:10.509214Z	info	delta	RDS: PUSH request for node:client-56b675d94f-4rbdq.client-tr resources:13 removed:0 size:12.1kB cached:7/13 filtered:0
2026-05-30T05:37:49.170493Z	info	sync complete	name=istiod analyzer attempt=1 time=56.167µs
2026-05-30T05:42:54.853828Z	info	sync complete	name=istiod analyzer attempt=1 time=60.75µs
2026-05-30T05:48:00.488819Z	info	sync complete	name=istiod analyzer attempt=1 time=139.833µs
2026-05-30T05:53:06.639020Z	info	sync complete	name=istiod analyzer attempt=1 time=114.458µs
2026-05-30T05:58:12.158690Z	info	sync complete	name=istiod analyzer attempt=1 time=85µs
2026-05-30T06:03:17.595083Z	info	sync complete	name=istiod analyzer attempt=1 time=111.209µs
2026-05-30T06:05:01.385178Z	info	delta	ADS: "10.10.0.78:34598" client-56b675d94f-4rbdq.client-tr-233 terminated
2026-05-30T06:05:01.830123Z	info	delta	ADS: new delta connection for node:client-56b675d94f-4rbdq.client-tr-234
2026-05-30T06:05:01.831231Z	info	delta	CDS: PUSH request for node:client-56b675d94f-4rbdq.client-tr resources:25 removed:0 size:27.7kB cached:22/22 filtered:0
2026-05-30T06:05:01.831971Z	info	delta	EDS: PUSH request for node:client-56b675d94f-4rbdq.client-tr resources:21 removed:0 size:4.4kB empty:0 cached:21/21 filtered:0
2026-05-30T06:05:01.834394Z	info	delta	LDS: PUSH request for node:client-56b675d94f-4rbdq.client-tr resources:22 removed:0 size:86.1kB filtered:0
2026-05-30T06:05:01.834607Z	info	delta	NDS: PUSH request for node:client-56b675d94f-4rbdq.client-tr resources:1 removed:0 size:1.5kB
2026-05-30T06:05:01.835018Z	info	delta	RDS: PUSH request for node:client-56b675d94f-4rbdq.client-tr resources:13 removed:0 size:12.1kB cached:7/13 filtered:0
2026-05-30T06:08:22.901139Z	info	sync complete	name=istiod analyzer attempt=1 time=137.333µs
2026-05-30T06:13:28.723318Z	info	sync complete	name=istiod analyzer attempt=1 time=168µs
2026-05-30T06:18:34.083375Z	info	sync complete	name=istiod analyzer attempt=1 time=73.333µs
2026-05-30T06:23:40.179734Z	info	sync complete	name=istiod analyzer attempt=1 time=61.834µs
2026-05-30T06:28:46.270548Z	info	sync complete	name=istiod analyzer attempt=1 time=85.625µs
2026-05-30T06:33:52.714995Z	info	sync complete	name=istiod analyzer attempt=1 time=53.292µs
2026-05-30T06:36:12.058444Z	info	delta	ADS: "10.10.0.78:47050" client-56b675d94f-4rbdq.client-tr-234 terminated
2026-05-30T06:36:12.237366Z	info	delta	ADS: new delta connection for node:client-56b675d94f-4rbdq.client-tr-235
2026-05-30T06:36:12.237946Z	info	delta	CDS: PUSH request for node:client-56b675d94f-4rbdq.client-tr resources:25 removed:0 size:27.7kB cached:22/22 filtered:0
2026-05-30T06:36:12.238864Z	info	delta	EDS: PUSH request for node:client-56b675d94f-4rbdq.client-tr resources:21 removed:0 size:4.4kB empty:0 cached:21/21 filtered:0
2026-05-30T06:36:12.240872Z	info	delta	LDS: PUSH request for node:client-56b675d94f-4rbdq.client-tr resources:22 removed:0 size:86.1kB filtered:0
2026-05-30T06:36:12.241070Z	info	delta	NDS: PUSH request for node:client-56b675d94f-4rbdq.client-tr resources:1 removed:0 size:1.5kB
2026-05-30T06:36:12.241507Z	info	delta	RDS: PUSH request for node:client-56b675d94f-4rbdq.client-tr resources:13 removed:0 size:12.1kB cached:7/13 filtered:0
2026-05-30T06:38:59.109903Z	info	sync complete	name=istiod analyzer attempt=1 time=85.042µs
2026-05-30T06:44:04.851827Z	info	sync complete	name=istiod analyzer attempt=1 time=64.541µs
2026-05-30T06:49:10.478682Z	info	sync complete	name=istiod analyzer attempt=1 time=146.125µs
2026-05-30T06:54:17.329570Z	info	sync complete	name=istiod analyzer attempt=1 time=55µs
2026-05-30T06:59:23.029655Z	info	sync complete	name=istiod analyzer attempt=1 time=26.75µs
2026-05-30T07:04:28.876323Z	info	sync complete	name=istiod analyzer attempt=1 time=35.792µs
2026-05-30T07:06:02.464665Z	info	delta	ADS: "10.10.0.78:41914" client-56b675d94f-4rbdq.client-tr-235 terminated
2026-05-30T07:06:02.812951Z	info	delta	ADS: new delta connection for node:client-56b675d94f-4rbdq.client-tr-236
2026-05-30T07:06:02.813318Z	info	delta	CDS: PUSH request for node:client-56b675d94f-4rbdq.client-tr resources:25 removed:0 size:27.7kB cached:22/22 filtered:0
2026-05-30T07:06:02.814054Z	info	delta	EDS: PUSH request for node:client-56b675d94f-4rbdq.client-tr resources:21 removed:0 size:4.4kB empty:0 cached:21/21 filtered:0
2026-05-30T07:06:02.815571Z	info	delta	LDS: PUSH request for node:client-56b675d94f-4rbdq.client-tr resources:22 removed:0 size:86.1kB filtered:0
2026-05-30T07:06:02.815690Z	info	delta	NDS: PUSH request for node:client-56b675d94f-4rbdq.client-tr resources:1 removed:0 size:1.5kB
2026-05-30T07:06:02.815897Z	info	delta	RDS: PUSH request for node:client-56b675d94f-4rbdq.client-tr resources:13 removed:0 size:12.1kB cached:8/13 filtered:0
2026-05-30T07:09:35.142791Z	info	sync complete	name=istiod analyzer attempt=1 time=26.708µs
2026-05-30T07:14:41.740981Z	info	sync complete	name=istiod analyzer attempt=1 time=23.417µs
2026-05-30T07:19:47.591832Z	info	sync complete	name=istiod analyzer attempt=1 time=24µs
2026-05-30T07:24:52.972840Z	info	sync complete	name=istiod analyzer attempt=1 time=25.75µs
2026-05-30T07:29:58.447213Z	info	sync complete	name=istiod analyzer attempt=1 time=24.75µs
2026-05-30T07:35:05.383039Z	info	sync complete	name=istiod analyzer attempt=1 time=27.958µs
2026-05-30T07:38:52.367281Z	info	delta	ADS: "10.10.0.78:59492" client-56b675d94f-4rbdq.client-tr-236 terminated
2026-05-30T07:38:52.516091Z	info	delta	ADS: new delta connection for node:client-56b675d94f-4rbdq.client-tr-237
2026-05-30T07:38:52.516711Z	info	delta	CDS: PUSH request for node:client-56b675d94f-4rbdq.client-tr resources:25 removed:0 size:27.7kB cached:22/22 filtered:0
2026-05-30T07:38:52.517943Z	info	delta	EDS: PUSH request for node:client-56b675d94f-4rbdq.client-tr resources:21 removed:0 size:4.4kB empty:0 cached:21/21 filtered:0
2026-05-30T07:38:52.519051Z	info	delta	LDS: PUSH request for node:client-56b675d94f-4rbdq.client-tr resources:22 removed:0 size:86.1kB filtered:0
2026-05-30T07:38:52.519164Z	info	delta	NDS: PUSH request for node:client-56b675d94f-4rbdq.client-tr resources:1 removed:0 size:1.5kB
2026-05-30T07:38:52.519309Z	info	delta	RDS: PUSH request for node:client-56b675d94f-4rbdq.client-tr resources:13 removed:0 size:12.1kB cached:6/13 filtered:0
2026-05-30T07:40:10.829806Z	info	sync complete	name=istiod analyzer attempt=1 time=28.166µs
2026-05-30T07:45:17.076194Z	info	sync complete	name=istiod analyzer attempt=1 time=29µs
2026-05-30T07:50:22.468458Z	info	sync complete	name=istiod analyzer attempt=1 time=24.5µs
2026-05-30T07:55:28.979556Z	info	sync complete	name=istiod analyzer attempt=1 time=30.166µs
2026-05-30T08:00:36.376319Z	info	sync complete	name=istiod analyzer attempt=1 time=27.667µs
2026-05-30T08:05:42.918278Z	info	sync complete	name=istiod analyzer attempt=1 time=24.208µs
2026-05-30T08:10:28.843847Z	info	delta	ADS: "10.10.0.78:33064" client-56b675d94f-4rbdq.client-tr-237 terminated
2026-05-30T08:10:28.929747Z	info	delta	ADS: new delta connection for node:client-56b675d94f-4rbdq.client-tr-238
2026-05-30T08:10:28.929887Z	info	delta	CDS: PUSH request for node:client-56b675d94f-4rbdq.client-tr resources:25 removed:0 size:27.7kB cached:22/22 filtered:0
2026-05-30T08:10:28.931337Z	info	delta	EDS: PUSH request for node:client-56b675d94f-4rbdq.client-tr resources:21 removed:0 size:4.4kB empty:0 cached:21/21 filtered:0
2026-05-30T08:10:28.933217Z	info	delta	LDS: PUSH request for node:client-56b675d94f-4rbdq.client-tr resources:22 removed:0 size:86.1kB filtered:0
2026-05-30T08:10:28.933349Z	info	delta	NDS: PUSH request for node:client-56b675d94f-4rbdq.client-tr resources:1 removed:0 size:1.5kB
2026-05-30T08:10:28.934605Z	info	delta	RDS: PUSH request for node:client-56b675d94f-4rbdq.client-tr resources:13 removed:0 size:12.1kB cached:7/13 filtered:0
2026-05-30T08:10:48.889794Z	info	sync complete	name=istiod analyzer attempt=1 time=26.125µs
2026-05-30T08:15:55.212307Z	info	sync complete	name=istiod analyzer attempt=1 time=27.292µs
2026-05-30T08:21:02.483158Z	info	sync complete	name=istiod analyzer attempt=1 time=59.083µs
2026-05-30T08:26:08.244256Z	info	sync complete	name=istiod analyzer attempt=1 time=26.959µs
2026-05-30T08:31:14.910254Z	info	sync complete	name=istiod analyzer attempt=1 time=27.083µs
2026-05-30T08:36:20.707955Z	info	sync complete	name=istiod analyzer attempt=1 time=26.667µs
2026-05-30T08:38:30.149891Z	info	delta	ADS: "10.10.0.78:56676" client-56b675d94f-4rbdq.client-tr-238 terminated
2026-05-30T08:38:30.300153Z	info	delta	ADS: new delta connection for node:client-56b675d94f-4rbdq.client-tr-239
2026-05-30T08:38:30.300462Z	info	delta	CDS: PUSH request for node:client-56b675d94f-4rbdq.client-tr resources:25 removed:0 size:27.7kB cached:22/22 filtered:0
2026-05-30T08:38:30.302246Z	info	delta	EDS: PUSH request for node:client-56b675d94f-4rbdq.client-tr resources:21 removed:0 size:4.4kB empty:0 cached:21/21 filtered:0
2026-05-30T08:38:30.303583Z	info	delta	LDS: PUSH request for node:client-56b675d94f-4rbdq.client-tr resources:22 removed:0 size:86.1kB filtered:0
2026-05-30T08:38:30.303736Z	info	delta	NDS: PUSH request for node:client-56b675d94f-4rbdq.client-tr resources:1 removed:0 size:1.5kB
2026-05-30T08:38:30.303952Z	info	delta	RDS: PUSH request for node:client-56b675d94f-4rbdq.client-tr resources:13 removed:0 size:12.1kB cached:7/13 filtered:0
2026-05-30T08:41:27.082332Z	info	sync complete	name=istiod analyzer attempt=1 time=25.792µs
2026-05-30T08:46:32.605737Z	info	sync complete	name=istiod analyzer attempt=1 time=28.042µs
2026-05-30T08:51:38.402623Z	info	sync complete	name=istiod analyzer attempt=1 time=30.917µs
2026-05-30T08:56:44.418451Z	info	sync complete	name=istiod analyzer attempt=1 time=27.834µs
2026-05-30T09:01:51.704789Z	info	sync complete	name=istiod analyzer attempt=1 time=23.583µs
2026-05-30T09:06:57.623178Z	info	sync complete	name=istiod analyzer attempt=1 time=23.584µs
2026-05-30T09:11:18.195342Z	info	delta	ADS: "10.10.0.78:36366" client-56b675d94f-4rbdq.client-tr-239 terminated
2026-05-30T09:11:18.315749Z	info	delta	ADS: new delta connection for node:client-56b675d94f-4rbdq.client-tr-240
2026-05-30T09:11:18.315914Z	info	delta	CDS: PUSH request for node:client-56b675d94f-4rbdq.client-tr resources:25 removed:0 size:27.7kB cached:22/22 filtered:0
2026-05-30T09:11:18.316334Z	info	delta	EDS: PUSH request for node:client-56b675d94f-4rbdq.client-tr resources:21 removed:0 size:4.4kB empty:0 cached:21/21 filtered:0
2026-05-30T09:11:18.317204Z	info	delta	LDS: PUSH request for node:client-56b675d94f-4rbdq.client-tr resources:22 removed:0 size:86.1kB filtered:0
2026-05-30T09:11:18.317295Z	info	delta	NDS: PUSH request for node:client-56b675d94f-4rbdq.client-tr resources:1 removed:0 size:1.5kB
2026-05-30T09:11:18.317475Z	info	delta	RDS: PUSH request for node:client-56b675d94f-4rbdq.client-tr resources:13 removed:0 size:12.1kB cached:7/13 filtered:0
2026-05-30T09:12:04.192273Z	info	sync complete	name=istiod analyzer attempt=1 time=26.583µs
2026-05-30T09:17:10.710629Z	info	sync complete	name=istiod analyzer attempt=1 time=23.792µs
2026-05-30T09:22:15.721437Z	info	sync complete	name=istiod analyzer attempt=1 time=33.875µs
2026-05-30T09:27:21.924102Z	info	sync complete	name=istiod analyzer attempt=1 time=23.666µs
2026-05-30T09:32:27.353720Z	info	sync complete	name=istiod analyzer attempt=1 time=35.208µs
2026-05-30T09:37:33.132634Z	info	sync complete	name=istiod analyzer attempt=1 time=59.75µs
2026-05-30T09:42:39.398424Z	info	sync complete	name=istiod analyzer attempt=1 time=26µs
2026-05-30T09:43:40.598552Z	info	delta	ADS: "10.10.0.78:44120" client-56b675d94f-4rbdq.client-tr-240 terminated
2026-05-30T09:43:40.659079Z	info	delta	ADS: new delta connection for node:client-56b675d94f-4rbdq.client-tr-241
2026-05-30T09:43:40.659397Z	info	delta	CDS: PUSH request for node:client-56b675d94f-4rbdq.client-tr resources:25 removed:0 size:27.7kB cached:22/22 filtered:0
2026-05-30T09:43:40.659831Z	info	delta	EDS: PUSH request for node:client-56b675d94f-4rbdq.client-tr resources:21 removed:0 size:4.4kB empty:0 cached:21/21 filtered:0
2026-05-30T09:43:40.660695Z	info	delta	LDS: PUSH request for node:client-56b675d94f-4rbdq.client-tr resources:22 removed:0 size:86.1kB filtered:0
2026-05-30T09:43:40.660801Z	info	delta	NDS: PUSH request for node:client-56b675d94f-4rbdq.client-tr resources:1 removed:0 size:1.5kB
2026-05-30T09:43:40.661073Z	info	delta	RDS: PUSH request for node:client-56b675d94f-4rbdq.client-tr resources:13 removed:0 size:12.1kB cached:7/13 filtered:0
2026-05-30T09:47:45.295154Z	info	sync complete	name=istiod analyzer attempt=1 time=34.958µs
2026-05-30T09:52:52.111039Z	info	sync complete	name=istiod analyzer attempt=1 time=23.5µs
2026-05-30T09:57:58.105194Z	info	sync complete	name=istiod analyzer attempt=1 time=36.042µs
2026-05-30T10:03:03.293404Z	info	sync complete	name=istiod analyzer attempt=1 time=28.083µs
2026-05-30T10:08:09.436665Z	info	sync complete	name=istiod analyzer attempt=1 time=27.333µs
2026-05-30T10:13:14.680851Z	info	sync complete	name=istiod analyzer attempt=1 time=24.584µs
2026-05-30T10:13:49.842926Z	info	delta	ADS: "10.10.0.78:53458" client-56b675d94f-4rbdq.client-tr-241 terminated
2026-05-30T10:13:50.264246Z	info	delta	ADS: new delta connection for node:client-56b675d94f-4rbdq.client-tr-242
2026-05-30T10:13:50.264467Z	info	delta	CDS: PUSH request for node:client-56b675d94f-4rbdq.client-tr resources:25 removed:0 size:27.7kB cached:22/22 filtered:0
2026-05-30T10:13:50.264509Z	info	delta	EDS: PUSH request for node:client-56b675d94f-4rbdq.client-tr resources:21 removed:0 size:4.4kB empty:0 cached:21/21 filtered:0
2026-05-30T10:13:50.267395Z	info	delta	LDS: PUSH request for node:client-56b675d94f-4rbdq.client-tr resources:22 removed:0 size:86.1kB filtered:0
2026-05-30T10:13:50.267531Z	info	delta	NDS: PUSH request for node:client-56b675d94f-4rbdq.client-tr resources:1 removed:0 size:1.5kB
2026-05-30T10:13:50.267874Z	info	delta	RDS: PUSH request for node:client-56b675d94f-4rbdq.client-tr resources:13 removed:0 size:12.1kB cached:7/13 filtered:0
2026-05-30T10:18:21.758649Z	info	sync complete	name=istiod analyzer attempt=1 time=23.667µs
2026-05-30T10:23:27.339810Z	info	sync complete	name=istiod analyzer attempt=1 time=24.541µs
2026-05-30T10:28:33.819223Z	info	sync complete	name=istiod analyzer attempt=1 time=67.709µs
2026-05-30T10:33:39.359150Z	info	sync complete	name=istiod analyzer attempt=1 time=74.75µs
2026-05-30T10:38:45.117147Z	info	sync complete	name=istiod analyzer attempt=1 time=88.583µs
2026-05-30T10:42:14.180292Z	info	delta	ADS: "10.10.0.78:53670" client-56b675d94f-4rbdq.client-tr-242 terminated
2026-05-30T10:42:14.631587Z	info	delta	ADS: new delta connection for node:client-56b675d94f-4rbdq.client-tr-243
2026-05-30T10:42:14.632069Z	info	delta	CDS: PUSH request for node:client-56b675d94f-4rbdq.client-tr resources:25 removed:0 size:27.7kB cached:22/22 filtered:0
2026-05-30T10:42:14.632543Z	info	delta	EDS: PUSH request for node:client-56b675d94f-4rbdq.client-tr resources:21 removed:0 size:4.4kB empty:0 cached:21/21 filtered:0
2026-05-30T10:42:14.633951Z	info	delta	LDS: PUSH request for node:client-56b675d94f-4rbdq.client-tr resources:22 removed:0 size:86.1kB filtered:0
2026-05-30T10:42:14.634077Z	info	delta	NDS: PUSH request for node:client-56b675d94f-4rbdq.client-tr resources:1 removed:0 size:1.5kB
2026-05-30T10:42:14.634335Z	info	delta	RDS: PUSH request for node:client-56b675d94f-4rbdq.client-tr resources:13 removed:0 size:12.1kB cached:8/13 filtered:0
2026-05-30T10:43:51.254474Z	info	sync complete	name=istiod analyzer attempt=1 time=176.959µs
2026-05-30T10:48:57.727434Z	info	sync complete	name=istiod analyzer attempt=1 time=104.208µs
2026-05-30T10:54:03.652960Z	info	sync complete	name=istiod analyzer attempt=1 time=66.583µs
2026-05-30T10:59:08.863309Z	info	sync complete	name=istiod analyzer attempt=1 time=30.542µs
2026-05-30T11:04:15.151526Z	info	sync complete	name=istiod analyzer attempt=1 time=71.625µs
2026-05-30T11:09:20.943960Z	info	sync complete	name=istiod analyzer attempt=1 time=132.833µs
2026-05-30T11:13:51.889148Z	info	delta	ADS: "10.10.0.78:57798" client-56b675d94f-4rbdq.client-tr-243 terminated
2026-05-30T11:13:51.982585Z	info	delta	ADS: new delta connection for node:client-56b675d94f-4rbdq.client-tr-244
2026-05-30T11:13:51.983028Z	info	delta	CDS: PUSH request for node:client-56b675d94f-4rbdq.client-tr resources:25 removed:0 size:27.7kB cached:22/22 filtered:0
2026-05-30T11:13:51.983412Z	info	delta	EDS: PUSH request for node:client-56b675d94f-4rbdq.client-tr resources:21 removed:0 size:4.4kB empty:0 cached:21/21 filtered:0
2026-05-30T11:13:51.984774Z	info	delta	LDS: PUSH request for node:client-56b675d94f-4rbdq.client-tr resources:22 removed:0 size:86.1kB filtered:0
2026-05-30T11:13:51.984907Z	info	delta	NDS: PUSH request for node:client-56b675d94f-4rbdq.client-tr resources:1 removed:0 size:1.5kB
2026-05-30T11:13:51.985115Z	info	delta	RDS: PUSH request for node:client-56b675d94f-4rbdq.client-tr resources:13 removed:0 size:12.1kB cached:8/13 filtered:0
2026-05-30T11:14:27.510894Z	info	sync complete	name=istiod analyzer attempt=1 time=61.666µs
2026-05-30T11:19:33.828904Z	info	sync complete	name=istiod analyzer attempt=1 time=56.792µs
2026-05-30T11:24:39.914431Z	info	sync complete	name=istiod analyzer attempt=1 time=60.292µs
2026-05-30T11:29:46.334755Z	info	sync complete	name=istiod analyzer attempt=1 time=212.959µs
2026-05-30T11:34:52.325572Z	info	sync complete	name=istiod analyzer attempt=1 time=53.167µs
2026-05-30T11:39:58.974451Z	info	sync complete	name=istiod analyzer attempt=1 time=53.458µs
2026-05-30T11:42:12.015218Z	info	delta	ADS: "10.10.0.78:41614" client-56b675d94f-4rbdq.client-tr-244 terminated
2026-05-30T11:42:12.103873Z	info	delta	ADS: new delta connection for node:client-56b675d94f-4rbdq.client-tr-245
2026-05-30T11:42:12.104276Z	info	delta	CDS: PUSH request for node:client-56b675d94f-4rbdq.client-tr resources:25 removed:0 size:27.7kB cached:22/22 filtered:0
2026-05-30T11:42:12.104831Z	info	delta	EDS: PUSH request for node:client-56b675d94f-4rbdq.client-tr resources:21 removed:0 size:4.4kB empty:0 cached:21/21 filtered:0
2026-05-30T11:42:12.106336Z	info	delta	LDS: PUSH request for node:client-56b675d94f-4rbdq.client-tr resources:22 removed:0 size:86.1kB filtered:0
2026-05-30T11:42:12.106475Z	info	delta	NDS: PUSH request for node:client-56b675d94f-4rbdq.client-tr resources:1 removed:0 size:1.5kB
2026-05-30T11:42:12.106695Z	info	delta	RDS: PUSH request for node:client-56b675d94f-4rbdq.client-tr resources:13 removed:0 size:12.1kB cached:7/13 filtered:0
2026-05-30T11:45:05.096569Z	info	sync complete	name=istiod analyzer attempt=1 time=59.5µs
2026-05-30T11:50:09.681333Z	info	sync complete	name=istiod analyzer attempt=1 time=33.833µs
2026-05-30T11:55:15.853906Z	info	sync complete	name=istiod analyzer attempt=1 time=95.792µs
2026-05-30T12:00:20.904985Z	info	sync complete	name=istiod analyzer attempt=1 time=42.75µs
2026-05-30T12:05:26.919261Z	info	sync complete	name=istiod analyzer attempt=1 time=202.125µs
2026-05-30T12:09:27.825155Z	info	delta	ADS: "10.10.0.78:54540" client-56b675d94f-4rbdq.client-tr-245 terminated
2026-05-30T12:09:28.278969Z	info	delta	ADS: new delta connection for node:client-56b675d94f-4rbdq.client-tr-246
2026-05-30T12:09:28.279532Z	info	delta	CDS: PUSH request for node:client-56b675d94f-4rbdq.client-tr resources:25 removed:0 size:27.7kB cached:22/22 filtered:0
2026-05-30T12:09:28.280621Z	info	delta	EDS: PUSH request for node:client-56b675d94f-4rbdq.client-tr resources:21 removed:0 size:4.4kB empty:0 cached:21/21 filtered:0
2026-05-30T12:09:28.282321Z	info	delta	LDS: PUSH request for node:client-56b675d94f-4rbdq.client-tr resources:22 removed:0 size:86.1kB filtered:0
2026-05-30T12:09:28.282480Z	info	delta	NDS: PUSH request for node:client-56b675d94f-4rbdq.client-tr resources:1 removed:0 size:1.5kB
2026-05-30T12:09:28.282789Z	info	delta	RDS: PUSH request for node:client-56b675d94f-4rbdq.client-tr resources:13 removed:0 size:12.1kB cached:7/13 filtered:0
2026-05-30T12:10:32.627718Z	info	sync complete	name=istiod analyzer attempt=1 time=71.417µs
2026-05-30T12:15:37.847192Z	info	sync complete	name=istiod analyzer attempt=1 time=24.541µs
2026-05-30T12:45:56.872120Z	info	sync complete	name=istiod analyzer attempt=1 time=35.291µs
2026-05-30T13:49:02.754882Z	info	sync complete	name=istiod analyzer attempt=1 time=33.916µs
2026-05-30T14:24:05.771868Z	info	sync complete	name=istiod analyzer attempt=1 time=49.458µs
2026-05-30T15:40:19.161145Z	info	sync complete	name=istiod analyzer attempt=1 time=27.25µs
2026-05-30T16:01:53.846607Z	info	sync complete	name=istiod analyzer attempt=1 time=137.334µs
2026-05-30T16:03:09.505866Z	info	delta	ADS: "10.10.0.78:51032" client-56b675d94f-4rbdq.client-tr-246 terminated
2026-05-30T16:03:09.865345Z	info	delta	ADS: new delta connection for node:client-56b675d94f-4rbdq.client-tr-247
2026-05-30T16:03:09.866902Z	info	delta	CDS: PUSH request for node:client-56b675d94f-4rbdq.client-tr resources:25 removed:0 size:27.7kB cached:22/22 filtered:0
2026-05-30T16:03:09.875455Z	info	delta	EDS: PUSH request for node:client-56b675d94f-4rbdq.client-tr resources:21 removed:0 size:4.4kB empty:0 cached:21/21 filtered:0
2026-05-30T16:03:09.882421Z	info	delta	LDS: PUSH request for node:client-56b675d94f-4rbdq.client-tr resources:22 removed:0 size:86.1kB filtered:0
2026-05-30T16:03:09.883498Z	info	delta	NDS: PUSH request for node:client-56b675d94f-4rbdq.client-tr resources:1 removed:0 size:1.5kB
2026-05-30T16:03:09.887371Z	info	delta	RDS: PUSH request for node:client-56b675d94f-4rbdq.client-tr resources:13 removed:0 size:12.1kB cached:7/13 filtered:0
2026-05-30T16:06:59.275028Z	info	sync complete	name=istiod analyzer attempt=1 time=463.958µs
2026-05-30T16:39:36.183030Z	info	sync complete	name=istiod analyzer attempt=1 time=30.917µs
2026-05-30T16:44:42.938069Z	info	sync complete	name=istiod analyzer attempt=1 time=64.417µs
2026-05-30T17:20:26.391450Z	info	sync complete	name=istiod analyzer attempt=1 time=59.25µs
2026-05-30T17:40:46.179435Z	info	sync complete	name=istiod analyzer attempt=1 time=36.666µs
2026-05-30T18:01:34.689777Z	info	sync complete	name=istiod analyzer attempt=1 time=29.958µs
2026-05-30T18:02:17.397423Z	info	delta	ADS: "10.10.0.78:44698" client-56b675d94f-4rbdq.client-tr-247 terminated
2026-05-30T18:02:17.566071Z	info	delta	ADS: new delta connection for node:client-56b675d94f-4rbdq.client-tr-248
2026-05-30T18:02:17.566424Z	info	delta	CDS: PUSH request for node:client-56b675d94f-4rbdq.client-tr resources:25 removed:0 size:27.7kB cached:22/22 filtered:0
2026-05-30T18:02:17.566747Z	info	delta	EDS: PUSH request for node:client-56b675d94f-4rbdq.client-tr resources:21 removed:0 size:4.4kB empty:0 cached:21/21 filtered:0
2026-05-30T18:02:17.567871Z	info	delta	LDS: PUSH request for node:client-56b675d94f-4rbdq.client-tr resources:22 removed:0 size:86.1kB filtered:0
2026-05-30T18:02:17.567985Z	info	delta	NDS: PUSH request for node:client-56b675d94f-4rbdq.client-tr resources:1 removed:0 size:1.5kB
2026-05-30T18:02:17.568309Z	info	delta	RDS: PUSH request for node:client-56b675d94f-4rbdq.client-tr resources:13 removed:0 size:12.1kB cached:8/13 filtered:0
2026-05-30T18:22:18.058637Z	info	sync complete	name=istiod analyzer attempt=1 time=23.125µs
2026-05-30T18:42:44.032667Z	info	sync complete	name=istiod analyzer attempt=1 time=34.083µs
2026-05-30T18:54:16.954775Z	info	sync complete	name=istiod analyzer attempt=1 time=38.75µs
2026-05-30T19:15:27.566609Z	info	sync complete	name=istiod analyzer attempt=1 time=156µs
2026-05-30T19:42:19.138799Z	info	sync complete	name=istiod analyzer attempt=1 time=38.084µs
2026-05-30T20:02:38.252057Z	info	delta	ADS: "10.10.0.78:41712" client-56b675d94f-4rbdq.client-tr-248 terminated
2026-05-30T20:02:38.435442Z	info	delta	ADS: new delta connection for node:client-56b675d94f-4rbdq.client-tr-249
2026-05-30T20:02:38.436018Z	info	delta	CDS: PUSH request for node:client-56b675d94f-4rbdq.client-tr resources:25 removed:0 size:27.7kB cached:22/22 filtered:0
2026-05-30T20:02:38.436439Z	info	delta	EDS: PUSH request for node:client-56b675d94f-4rbdq.client-tr resources:21 removed:0 size:4.4kB empty:0 cached:21/21 filtered:0
2026-05-30T20:02:38.438236Z	info	delta	LDS: PUSH request for node:client-56b675d94f-4rbdq.client-tr resources:22 removed:0 size:86.1kB filtered:0
2026-05-30T20:02:38.438404Z	info	delta	NDS: PUSH request for node:client-56b675d94f-4rbdq.client-tr resources:1 removed:0 size:1.5kB
2026-05-30T20:02:38.438678Z	info	delta	RDS: PUSH request for node:client-56b675d94f-4rbdq.client-tr resources:13 removed:0 size:12.1kB cached:7/13 filtered:0
2026-05-30T20:02:59.004984Z	info	sync complete	name=istiod analyzer attempt=1 time=32.625µs
2026-05-30T20:24:42.174610Z	info	sync complete	name=istiod analyzer attempt=1 time=24.25µs
2026-05-30T20:45:18.204801Z	info	sync complete	name=istiod analyzer attempt=1 time=54.75µs
2026-05-30T21:06:22.334549Z	info	sync complete	name=istiod analyzer attempt=1 time=40.125µs
2026-05-30T21:27:30.523718Z	info	sync complete	name=istiod analyzer attempt=1 time=25.375µs
2026-05-30T21:48:14.938027Z	info	sync complete	name=istiod analyzer attempt=1 time=23.875µs
2026-05-30T22:08:25.222308Z	info	sync complete	name=istiod analyzer attempt=1 time=25.5µs
2026-05-30T22:10:38.145837Z	info	delta	ADS: "10.10.0.78:48206" client-56b675d94f-4rbdq.client-tr-249 terminated
2026-05-30T22:10:38.305789Z	info	delta	ADS: new delta connection for node:client-56b675d94f-4rbdq.client-tr-250
2026-05-30T22:10:38.307056Z	info	delta	CDS: PUSH request for node:client-56b675d94f-4rbdq.client-tr resources:25 removed:0 size:27.7kB cached:22/22 filtered:0
2026-05-30T22:10:38.310148Z	info	delta	EDS: PUSH request for node:client-56b675d94f-4rbdq.client-tr resources:21 removed:0 size:4.4kB empty:0 cached:21/21 filtered:0
2026-05-30T22:10:38.316983Z	info	delta	LDS: PUSH request for node:client-56b675d94f-4rbdq.client-tr resources:22 removed:0 size:86.1kB filtered:0
2026-05-30T22:10:38.317552Z	info	delta	NDS: PUSH request for node:client-56b675d94f-4rbdq.client-tr resources:1 removed:0 size:1.5kB
2026-05-30T22:10:38.318438Z	info	delta	RDS: PUSH request for node:client-56b675d94f-4rbdq.client-tr resources:13 removed:0 size:12.1kB cached:8/13 filtered:0
2026-05-30T22:28:56.448134Z	info	sync complete	name=istiod analyzer attempt=1 time=25.583µs
2026-05-30T22:49:34.630096Z	info	sync complete	name=istiod analyzer attempt=1 time=50.042µs
2026-05-30T23:10:23.113158Z	info	sync complete	name=istiod analyzer attempt=1 time=29.541µs
2026-05-30T23:30:37.034702Z	info	sync complete	name=istiod analyzer attempt=1 time=26.416µs
2026-05-30T23:35:42.971988Z	info	sync complete	name=istiod analyzer attempt=1 time=24.959µs
2026-05-31T00:18:57.044756Z	info	delta	ADS: "10.10.0.78:49828" client-56b675d94f-4rbdq.client-tr-250 terminated
2026-05-31T00:18:57.476387Z	info	delta	ADS: new delta connection for node:client-56b675d94f-4rbdq.client-tr-251
2026-05-31T00:18:57.476944Z	info	delta	CDS: PUSH request for node:client-56b675d94f-4rbdq.client-tr resources:25 removed:0 size:27.7kB cached:22/22 filtered:0
2026-05-31T00:18:57.477775Z	info	delta	EDS: PUSH request for node:client-56b675d94f-4rbdq.client-tr resources:21 removed:0 size:4.4kB empty:0 cached:21/21 filtered:0
2026-05-31T00:18:57.479339Z	info	delta	LDS: PUSH request for node:client-56b675d94f-4rbdq.client-tr resources:22 removed:0 size:86.1kB filtered:0
2026-05-31T00:18:57.479468Z	info	delta	NDS: PUSH request for node:client-56b675d94f-4rbdq.client-tr resources:1 removed:0 size:1.5kB
2026-05-31T00:18:57.479725Z	info	delta	RDS: PUSH request for node:client-56b675d94f-4rbdq.client-tr resources:13 removed:0 size:12.1kB cached:8/13 filtered:0
2026-05-31T00:19:57.957800Z	info	sync complete	name=istiod analyzer attempt=1 time=133.583µs
2026-05-31T00:25:03.505657Z	info	sync complete	name=istiod analyzer attempt=1 time=64.042µs
2026-05-31T00:46:14.246449Z	info	sync complete	name=istiod analyzer attempt=1 time=61.167µs
2026-05-31T01:07:43.735798Z	info	sync complete	name=istiod analyzer attempt=1 time=114.417µs
2026-05-31T01:27:49.679952Z	info	sync complete	name=istiod analyzer attempt=1 time=69.875µs
2026-05-31T01:48:03.977572Z	info	sync complete	name=istiod analyzer attempt=1 time=1.800792ms
2026-05-31T02:09:20.022542Z	info	delta	ADS: "10.10.0.78:53898" client-56b675d94f-4rbdq.client-tr-251 terminated
2026-05-31T02:09:20.353327Z	info	delta	ADS: new delta connection for node:client-56b675d94f-4rbdq.client-tr-252
2026-05-31T02:09:20.353776Z	info	delta	CDS: PUSH request for node:client-56b675d94f-4rbdq.client-tr resources:25 removed:0 size:27.7kB cached:22/22 filtered:0
2026-05-31T02:09:20.354293Z	info	delta	EDS: PUSH request for node:client-56b675d94f-4rbdq.client-tr resources:21 removed:0 size:4.4kB empty:0 cached:21/21 filtered:0
2026-05-31T02:09:20.355947Z	info	delta	LDS: PUSH request for node:client-56b675d94f-4rbdq.client-tr resources:22 removed:0 size:86.1kB filtered:0
2026-05-31T02:09:20.356078Z	info	delta	NDS: PUSH request for node:client-56b675d94f-4rbdq.client-tr resources:1 removed:0 size:1.5kB
2026-05-31T02:09:20.356351Z	info	delta	RDS: PUSH request for node:client-56b675d94f-4rbdq.client-tr resources:13 removed:0 size:12.1kB cached:8/13 filtered:0
2026-05-31T02:09:44.449069Z	info	sync complete	name=istiod analyzer attempt=1 time=36.25µs
2026-05-31T02:34:23.447997Z	info	sync complete	name=istiod analyzer attempt=1 time=32.5µs
2026-05-31T02:39:29.416254Z	info	sync complete	name=istiod analyzer attempt=1 time=61.583µs
2026-05-31T03:10:41.571707Z	info	sync complete	name=istiod analyzer attempt=1 time=177.084µs
2026-05-31T03:18:12.878154Z	info	sync complete	name=istiod analyzer attempt=1 time=35.333µs
2026-05-31T03:40:05.576062Z	info	sync complete	name=istiod analyzer attempt=1 time=71.834µs
2026-05-31T03:59:57.102941Z	info	delta	ADS: "10.10.0.78:40090" client-56b675d94f-4rbdq.client-tr-252 terminated
2026-05-31T03:59:57.497056Z	info	delta	ADS: new delta connection for node:client-56b675d94f-4rbdq.client-tr-253
2026-05-31T03:59:57.497452Z	info	delta	CDS: PUSH request for node:client-56b675d94f-4rbdq.client-tr resources:25 removed:0 size:27.7kB cached:22/22 filtered:0
2026-05-31T03:59:57.497810Z	info	delta	EDS: PUSH request for node:client-56b675d94f-4rbdq.client-tr resources:21 removed:0 size:4.4kB empty:0 cached:21/21 filtered:0
2026-05-31T03:59:57.498976Z	info	delta	LDS: PUSH request for node:client-56b675d94f-4rbdq.client-tr resources:22 removed:0 size:86.1kB filtered:0
2026-05-31T03:59:57.499089Z	info	delta	NDS: PUSH request for node:client-56b675d94f-4rbdq.client-tr resources:1 removed:0 size:1.5kB
2026-05-31T03:59:57.499310Z	info	delta	RDS: PUSH request for node:client-56b675d94f-4rbdq.client-tr resources:13 removed:0 size:12.1kB cached:8/13 filtered:0
2026-05-31T04:01:49.155113Z	info	sync complete	name=istiod analyzer attempt=1 time=67.125µs
2026-05-31T04:34:13.539867Z	info	sync complete	name=istiod analyzer attempt=1 time=48.375µs
2026-05-31T04:39:19.514216Z	info	sync complete	name=istiod analyzer attempt=1 time=69.834µs
2026-05-31T05:00:06.011418Z	info	sync complete	name=istiod analyzer attempt=1 time=28.917µs
2026-05-31T05:20:35.680575Z	info	sync complete	name=istiod analyzer attempt=1 time=49.292µs
2026-05-31T05:25:42.552660Z	info	sync complete	name=istiod analyzer attempt=1 time=149.5µs
2026-05-31T05:29:52.185735Z	info	delta	ADS: "10.10.0.78:42546" client-56b675d94f-4rbdq.client-tr-253 terminated
2026-05-31T05:29:52.588487Z	info	delta	ADS: new delta connection for node:client-56b675d94f-4rbdq.client-tr-254
2026-05-31T05:29:52.590021Z	info	delta	CDS: PUSH request for node:client-56b675d94f-4rbdq.client-tr resources:25 removed:0 size:27.7kB cached:22/22 filtered:0
2026-05-31T05:29:52.591745Z	info	delta	EDS: PUSH request for node:client-56b675d94f-4rbdq.client-tr resources:21 removed:0 size:4.4kB empty:0 cached:21/21 filtered:0
2026-05-31T05:29:52.598336Z	info	delta	LDS: PUSH request for node:client-56b675d94f-4rbdq.client-tr resources:22 removed:0 size:86.1kB filtered:0
2026-05-31T05:29:52.600223Z	info	delta	NDS: PUSH request for node:client-56b675d94f-4rbdq.client-tr resources:1 removed:0 size:1.5kB
2026-05-31T05:29:52.602174Z	info	delta	RDS: PUSH request for node:client-56b675d94f-4rbdq.client-tr resources:13 removed:0 size:12.1kB cached:6/13 filtered:0
2026-05-31T05:30:48.691935Z	info	sync complete	name=istiod analyzer attempt=1 time=70.375µs
2026-05-31T05:35:54.815527Z	info	sync complete	name=istiod analyzer attempt=1 time=39.708µs
2026-05-31T05:41:01.814674Z	info	sync complete	name=istiod analyzer attempt=1 time=313.25µs
2026-05-31T05:46:08.374949Z	info	sync complete	name=istiod analyzer attempt=1 time=111.666µs
2026-05-31T05:51:14.770331Z	info	sync complete	name=istiod analyzer attempt=1 time=61.791µs
2026-05-31T06:13:08.817060Z	info	sync complete	name=istiod analyzer attempt=1 time=80.625µs
2026-05-31T06:18:10.731963Z	info	delta	ADS: "10.10.0.78:44284" client-56b675d94f-4rbdq.client-tr-254 terminated
2026-05-31T06:18:11.033213Z	info	delta	ADS: new delta connection for node:client-56b675d94f-4rbdq.client-tr-255
2026-05-31T06:18:11.033626Z	info	delta	CDS: PUSH request for node:client-56b675d94f-4rbdq.client-tr resources:25 removed:0 size:27.7kB cached:22/22 filtered:0
2026-05-31T06:18:11.034619Z	info	delta	EDS: PUSH request for node:client-56b675d94f-4rbdq.client-tr resources:21 removed:0 size:4.4kB empty:0 cached:21/21 filtered:0
2026-05-31T06:18:11.036789Z	info	delta	LDS: PUSH request for node:client-56b675d94f-4rbdq.client-tr resources:22 removed:0 size:86.1kB filtered:0
2026-05-31T06:18:11.036939Z	info	delta	NDS: PUSH request for node:client-56b675d94f-4rbdq.client-tr resources:1 removed:0 size:1.5kB
2026-05-31T06:18:11.037354Z	info	delta	RDS: PUSH request for node:client-56b675d94f-4rbdq.client-tr resources:13 removed:0 size:12.1kB cached:7/13 filtered:0
2026-05-31T06:18:15.090561Z	info	sync complete	name=istiod analyzer attempt=1 time=26.083µs
2026-05-31T06:23:20.076704Z	info	sync complete	name=istiod analyzer attempt=1 time=29µs
2026-05-31T06:28:26.921600Z	info	sync complete	name=istiod analyzer attempt=1 time=51.208µs
2026-05-31T06:33:32.840855Z	info	sync complete	name=istiod analyzer attempt=1 time=61.625µs
2026-05-31T06:38:39.297833Z	info	sync complete	name=istiod analyzer attempt=1 time=31.5µs
2026-05-31T06:43:45.347569Z	info	sync complete	name=istiod analyzer attempt=1 time=39.375µs
2026-05-31T06:48:27.648514Z	info	delta	ADS: "10.10.0.78:36282" client-56b675d94f-4rbdq.client-tr-255 terminated
2026-05-31T06:48:27.755117Z	info	delta	ADS: new delta connection for node:client-56b675d94f-4rbdq.client-tr-256
2026-05-31T06:48:27.756692Z	info	delta	CDS: PUSH request for node:client-56b675d94f-4rbdq.client-tr resources:25 removed:0 size:27.7kB cached:22/22 filtered:0
2026-05-31T06:48:27.758509Z	info	delta	EDS: PUSH request for node:client-56b675d94f-4rbdq.client-tr resources:21 removed:0 size:4.4kB empty:0 cached:21/21 filtered:0
2026-05-31T06:48:27.763912Z	info	delta	LDS: PUSH request for node:client-56b675d94f-4rbdq.client-tr resources:22 removed:0 size:86.1kB filtered:0
2026-05-31T06:48:27.764484Z	info	delta	NDS: PUSH request for node:client-56b675d94f-4rbdq.client-tr resources:1 removed:0 size:1.5kB
2026-05-31T06:48:27.766051Z	info	delta	RDS: PUSH request for node:client-56b675d94f-4rbdq.client-tr resources:13 removed:0 size:12.1kB cached:8/13 filtered:0
2026-05-31T06:48:51.134501Z	info	sync complete	name=istiod analyzer attempt=1 time=70.542µs
2026-05-31T06:53:58.076159Z	info	sync complete	name=istiod analyzer attempt=1 time=64.083µs
2026-05-31T07:15:17.245710Z	info	sync complete	name=istiod analyzer attempt=1 time=871.5µs
2026-05-31T07:20:23.932286Z	info	sync complete	name=istiod analyzer attempt=1 time=102.333µs
2026-05-31T07:25:29.545982Z	info	sync complete	name=istiod analyzer attempt=1 time=26.958µs
2026-05-31T07:30:34.270317Z	info	sync complete	name=istiod analyzer attempt=1 time=87.333µs
2026-05-31T07:35:39.530317Z	info	sync complete	name=istiod analyzer attempt=1 time=44.334µs
2026-05-31T07:37:50.154307Z	info	delta	ADS: "10.10.0.78:60688" client-56b675d94f-4rbdq.client-tr-256 terminated
2026-05-31T07:37:50.220074Z	info	delta	ADS: new delta connection for node:client-56b675d94f-4rbdq.client-tr-257
2026-05-31T07:37:50.220448Z	info	delta	CDS: PUSH request for node:client-56b675d94f-4rbdq.client-tr resources:25 removed:0 size:27.7kB cached:22/22 filtered:0
2026-05-31T07:37:50.220864Z	info	delta	EDS: PUSH request for node:client-56b675d94f-4rbdq.client-tr resources:21 removed:0 size:4.4kB empty:0 cached:21/21 filtered:0
2026-05-31T07:37:50.222271Z	info	delta	LDS: PUSH request for node:client-56b675d94f-4rbdq.client-tr resources:22 removed:0 size:86.1kB filtered:0
2026-05-31T07:37:50.222380Z	info	delta	NDS: PUSH request for node:client-56b675d94f-4rbdq.client-tr resources:1 removed:0 size:1.5kB
2026-05-31T07:37:50.222580Z	info	delta	RDS: PUSH request for node:client-56b675d94f-4rbdq.client-tr resources:13 removed:0 size:12.1kB cached:7/13 filtered:0
2026-05-31T07:40:46.074744Z	info	sync complete	name=istiod analyzer attempt=1 time=36.541µs
2026-05-31T07:45:52.755775Z	info	sync complete	name=istiod analyzer attempt=1 time=33.667µs
2026-05-31T07:50:58.727139Z	info	sync complete	name=istiod analyzer attempt=1 time=25.084µs
2026-05-31T07:56:04.517895Z	info	sync complete	name=istiod analyzer attempt=1 time=24.75µs
2026-05-31T08:10:55.743842Z	info	sync complete	name=istiod analyzer attempt=1 time=30.833µs
2026-05-31T08:31:04.462937Z	info	delta	ADS: "10.10.0.78:38256" client-56b675d94f-4rbdq.client-tr-257 terminated
2026-05-31T08:31:04.809610Z	info	delta	ADS: new delta connection for node:client-56b675d94f-4rbdq.client-tr-258
2026-05-31T08:31:04.811268Z	info	delta	CDS: PUSH request for node:client-56b675d94f-4rbdq.client-tr resources:25 removed:0 size:27.7kB cached:22/22 filtered:0
2026-05-31T08:31:04.813484Z	info	delta	EDS: PUSH request for node:client-56b675d94f-4rbdq.client-tr resources:21 removed:0 size:4.4kB empty:0 cached:21/21 filtered:0
2026-05-31T08:31:04.820633Z	info	delta	LDS: PUSH request for node:client-56b675d94f-4rbdq.client-tr resources:22 removed:0 size:86.1kB filtered:0
2026-05-31T08:31:04.821216Z	info	delta	NDS: PUSH request for node:client-56b675d94f-4rbdq.client-tr resources:1 removed:0 size:1.5kB
2026-05-31T08:31:04.822480Z	info	delta	RDS: PUSH request for node:client-56b675d94f-4rbdq.client-tr resources:13 removed:0 size:12.1kB cached:6/13 filtered:0
2026-05-31T08:31:51.483109Z	info	sync complete	name=istiod analyzer attempt=1 time=148.458µs
2026-05-31T08:54:16.835802Z	info	sync complete	name=istiod analyzer attempt=1 time=26.459µs
2026-05-31T08:59:23.364865Z	info	sync complete	name=istiod analyzer attempt=1 time=109.333µs
2026-05-31T09:04:28.740934Z	info	sync complete	name=istiod analyzer attempt=1 time=73.583µs
2026-05-31T09:25:05.323687Z	info	sync complete	name=istiod analyzer attempt=1 time=23.625µs
2026-05-31T09:30:12.631621Z	info	sync complete	name=istiod analyzer attempt=1 time=78.625µs
2026-05-31T09:33:04.741483Z	info	delta	ADS: "10.10.0.78:59970" client-56b675d94f-4rbdq.client-tr-258 terminated
2026-05-31T09:33:05.021862Z	info	delta	ADS: new delta connection for node:client-56b675d94f-4rbdq.client-tr-259
2026-05-31T09:33:05.023216Z	info	delta	CDS: PUSH request for node:client-56b675d94f-4rbdq.client-tr resources:25 removed:0 size:27.7kB cached:22/22 filtered:0
2026-05-31T09:33:05.025142Z	info	delta	EDS: PUSH request for node:client-56b675d94f-4rbdq.client-tr resources:21 removed:0 size:4.4kB empty:0 cached:21/21 filtered:0
2026-05-31T09:33:05.032476Z	info	delta	LDS: PUSH request for node:client-56b675d94f-4rbdq.client-tr resources:22 removed:0 size:86.1kB filtered:0
2026-05-31T09:33:05.032986Z	info	delta	NDS: PUSH request for node:client-56b675d94f-4rbdq.client-tr resources:1 removed:0 size:1.5kB
2026-05-31T09:33:05.035118Z	info	delta	RDS: PUSH request for node:client-56b675d94f-4rbdq.client-tr resources:13 removed:0 size:12.1kB cached:8/13 filtered:0
2026-05-31T09:50:25.528769Z	info	sync complete	name=istiod analyzer attempt=1 time=39.542µs
2026-05-31T09:55:31.820792Z	info	sync complete	name=istiod analyzer attempt=1 time=81.666µs
2026-05-31T10:00:37.651039Z	info	sync complete	name=istiod analyzer attempt=1 time=73.084µs
2026-05-31T10:21:47.296414Z	info	sync complete	name=istiod analyzer attempt=1 time=26.917µs
2026-05-31T10:26:54.119467Z	info	sync complete	name=istiod analyzer attempt=1 time=66.5µs
2026-05-31T10:31:59.609859Z	info	sync complete	name=istiod analyzer attempt=1 time=58.042µs
2026-05-31T10:49:00.287246Z	info	delta	ADS: "10.10.0.78:57752" client-56b675d94f-4rbdq.client-tr-259 terminated
2026-05-31T10:49:00.313365Z	info	delta	ADS: new delta connection for node:client-56b675d94f-4rbdq.client-tr-260
2026-05-31T10:49:00.313533Z	info	delta	CDS: PUSH request for node:client-56b675d94f-4rbdq.client-tr resources:25 removed:0 size:27.7kB cached:22/22 filtered:0
2026-05-31T10:49:00.316017Z	info	delta	EDS: PUSH request for node:client-56b675d94f-4rbdq.client-tr resources:21 removed:0 size:4.4kB empty:0 cached:21/21 filtered:0
2026-05-31T10:49:00.317147Z	info	delta	LDS: PUSH request for node:client-56b675d94f-4rbdq.client-tr resources:22 removed:0 size:86.1kB filtered:0
2026-05-31T10:49:00.317246Z	info	delta	NDS: PUSH request for node:client-56b675d94f-4rbdq.client-tr resources:1 removed:0 size:1.5kB
2026-05-31T10:49:00.317403Z	info	delta	RDS: PUSH request for node:client-56b675d94f-4rbdq.client-tr resources:13 removed:0 size:12.1kB cached:6/13 filtered:0
2026-05-31T10:53:03.659519Z	info	sync complete	name=istiod analyzer attempt=1 time=124.625µs
2026-05-31T10:58:10.190857Z	info	sync complete	name=istiod analyzer attempt=1 time=54.75µs
2026-05-31T11:18:23.561654Z	info	sync complete	name=istiod analyzer attempt=1 time=55.584µs
2026-05-31T11:23:29.929435Z	info	sync complete	name=istiod analyzer attempt=1 time=48.208µs
2026-05-31T11:28:36.023566Z	info	sync complete	name=istiod analyzer attempt=1 time=74.584µs
2026-05-31T11:47:47.319740Z	info	delta	ADS: "10.10.0.78:55026" client-56b675d94f-4rbdq.client-tr-260 terminated
2026-05-31T11:47:47.820036Z	info	delta	ADS: new delta connection for node:client-56b675d94f-4rbdq.client-tr-261
2026-05-31T11:47:47.820478Z	info	delta	CDS: PUSH request for node:client-56b675d94f-4rbdq.client-tr resources:25 removed:0 size:27.7kB cached:22/22 filtered:0
2026-05-31T11:47:47.820841Z	info	delta	EDS: PUSH request for node:client-56b675d94f-4rbdq.client-tr resources:21 removed:0 size:4.4kB empty:0 cached:21/21 filtered:0
2026-05-31T11:47:47.822211Z	info	delta	LDS: PUSH request for node:client-56b675d94f-4rbdq.client-tr resources:22 removed:0 size:86.1kB filtered:0
2026-05-31T11:47:47.822335Z	info	delta	NDS: PUSH request for node:client-56b675d94f-4rbdq.client-tr resources:1 removed:0 size:1.5kB
2026-05-31T11:47:47.822542Z	info	delta	RDS: PUSH request for node:client-56b675d94f-4rbdq.client-tr resources:13 removed:0 size:12.1kB cached:7/13 filtered:0
2026-05-31T12:04:23.539167Z	info	sync complete	name=istiod analyzer attempt=1 time=35.667µs
2026-05-31T12:09:29.741729Z	info	sync complete	name=istiod analyzer attempt=1 time=57.875µs
2026-05-31T12:14:35.057633Z	info	sync complete	name=istiod analyzer attempt=1 time=129.667µs
2026-05-31T12:19:41.533946Z	info	sync complete	name=istiod analyzer attempt=1 time=29.458µs
2026-05-31T12:45:20.721771Z	info	sync complete	name=istiod analyzer attempt=1 time=111.834µs
2026-05-31T12:50:26.604057Z	info	sync complete	name=istiod analyzer attempt=1 time=74.542µs
2026-05-31T13:03:48.611332Z	info	sync complete	name=istiod analyzer attempt=1 time=77.125µs
2026-05-31T13:04:49.177469Z	info	delta	ADS: "10.10.0.78:60584" client-56b675d94f-4rbdq.client-tr-261 terminated
2026-05-31T13:04:49.319720Z	info	delta	ADS: new delta connection for node:client-56b675d94f-4rbdq.client-tr-262
2026-05-31T13:04:49.320139Z	info	delta	CDS: PUSH request for node:client-56b675d94f-4rbdq.client-tr resources:25 removed:0 size:27.7kB cached:22/22 filtered:0
2026-05-31T13:04:49.321186Z	info	delta	EDS: PUSH request for node:client-56b675d94f-4rbdq.client-tr resources:21 removed:0 size:4.4kB empty:0 cached:21/21 filtered:0
2026-05-31T13:04:49.322315Z	info	delta	LDS: PUSH request for node:client-56b675d94f-4rbdq.client-tr resources:22 removed:0 size:86.1kB filtered:0
2026-05-31T13:04:49.322610Z	info	delta	NDS: PUSH request for node:client-56b675d94f-4rbdq.client-tr resources:1 removed:0 size:1.5kB
2026-05-31T13:04:49.322836Z	info	delta	RDS: PUSH request for node:client-56b675d94f-4rbdq.client-tr resources:13 removed:0 size:12.1kB cached:7/13 filtered:0
2026-05-31T13:08:55.170641Z	info	sync complete	name=istiod analyzer attempt=1 time=26.375µs
2026-05-31T13:14:01.386999Z	info	sync complete	name=istiod analyzer attempt=1 time=29.417µs
2026-05-31T13:19:06.932343Z	info	sync complete	name=istiod analyzer attempt=1 time=25.708µs
2026-05-31T13:24:12.334759Z	info	sync complete	name=istiod analyzer attempt=1 time=23.916µs
2026-05-31T13:29:28.340704Z	info	sync complete	name=istiod analyzer attempt=1 time=37.083µs
2026-05-31T13:34:33.092797Z	info	delta	ADS: "10.10.0.78:39890" client-56b675d94f-4rbdq.client-tr-262 terminated
2026-05-31T13:34:33.346538Z	info	delta	ADS: new delta connection for node:client-56b675d94f-4rbdq.client-tr-263
2026-05-31T13:34:33.346752Z	info	delta	CDS: PUSH request for node:client-56b675d94f-4rbdq.client-tr resources:25 removed:0 size:27.7kB cached:22/22 filtered:0
2026-05-31T13:34:33.347412Z	info	delta	EDS: PUSH request for node:client-56b675d94f-4rbdq.client-tr resources:21 removed:0 size:4.4kB empty:0 cached:21/21 filtered:0
2026-05-31T13:34:33.348113Z	info	delta	LDS: PUSH request for node:client-56b675d94f-4rbdq.client-tr resources:22 removed:0 size:86.1kB filtered:0
2026-05-31T13:34:33.348205Z	info	delta	NDS: PUSH request for node:client-56b675d94f-4rbdq.client-tr resources:1 removed:0 size:1.5kB
2026-05-31T13:34:33.348461Z	info	delta	RDS: PUSH request for node:client-56b675d94f-4rbdq.client-tr resources:13 removed:0 size:12.1kB cached:6/13 filtered:0
2026-05-31T13:34:34.033921Z	info	sync complete	name=istiod analyzer attempt=1 time=28.833µs
2026-05-31T13:55:13.198328Z	info	sync complete	name=istiod analyzer attempt=1 time=24.875µs
2026-05-31T14:00:20.154289Z	info	sync complete	name=istiod analyzer attempt=1 time=37.5µs
2026-05-31T14:05:25.031985Z	info	sync complete	name=istiod analyzer attempt=1 time=61.875µs
2026-05-31T14:10:30.663794Z	info	sync complete	name=istiod analyzer attempt=1 time=38µs
2026-05-31T14:15:36.495287Z	info	sync complete	name=istiod analyzer attempt=1 time=60.417µs
2026-05-31T14:20:19.014115Z	info	delta	ADS: "10.10.0.78:33306" client-56b675d94f-4rbdq.client-tr-263 terminated
2026-05-31T14:20:19.421198Z	info	delta	ADS: new delta connection for node:client-56b675d94f-4rbdq.client-tr-264
2026-05-31T14:20:19.421387Z	info	delta	CDS: PUSH request for node:client-56b675d94f-4rbdq.client-tr resources:25 removed:0 size:27.7kB cached:22/22 filtered:0
2026-05-31T14:20:19.423293Z	info	delta	EDS: PUSH request for node:client-56b675d94f-4rbdq.client-tr resources:21 removed:0 size:4.4kB empty:0 cached:21/21 filtered:0
2026-05-31T14:20:19.425145Z	info	delta	LDS: PUSH request for node:client-56b675d94f-4rbdq.client-tr resources:22 removed:0 size:86.1kB filtered:0
2026-05-31T14:20:19.425271Z	info	delta	NDS: PUSH request for node:client-56b675d94f-4rbdq.client-tr resources:1 removed:0 size:1.5kB
2026-05-31T14:20:19.425690Z	info	delta	RDS: PUSH request for node:client-56b675d94f-4rbdq.client-tr resources:13 removed:0 size:12.1kB cached:7/13 filtered:0
2026-05-31T14:20:43.479843Z	info	sync complete	name=istiod analyzer attempt=1 time=54.292µs
2026-05-31T14:25:49.566911Z	info	sync complete	name=istiod analyzer attempt=1 time=39.791µs
2026-05-31T14:30:54.537904Z	info	sync complete	name=istiod analyzer attempt=1 time=40.5µs
2026-05-31T14:36:00.092421Z	info	sync complete	name=istiod analyzer attempt=1 time=72.25µs
2026-05-31T14:41:06.396899Z	info	sync complete	name=istiod analyzer attempt=1 time=53.875µs
2026-05-31T14:46:12.450428Z	info	sync complete	name=istiod analyzer attempt=1 time=71.334µs
2026-05-31T15:04:23.864612Z	info	delta	ADS: "10.10.0.78:34766" client-56b675d94f-4rbdq.client-tr-264 terminated
2026-05-31T15:04:24.023539Z	info	delta	ADS: new delta connection for node:client-56b675d94f-4rbdq.client-tr-265
2026-05-31T15:04:24.023791Z	info	delta	CDS: PUSH request for node:client-56b675d94f-4rbdq.client-tr resources:25 removed:0 size:27.7kB cached:22/22 filtered:0
2026-05-31T15:04:24.023839Z	info	delta	EDS: PUSH request for node:client-56b675d94f-4rbdq.client-tr resources:21 removed:0 size:4.4kB empty:0 cached:21/21 filtered:0
2026-05-31T15:04:24.025143Z	info	delta	LDS: PUSH request for node:client-56b675d94f-4rbdq.client-tr resources:22 removed:0 size:86.1kB filtered:0
2026-05-31T15:04:24.025239Z	info	delta	NDS: PUSH request for node:client-56b675d94f-4rbdq.client-tr resources:1 removed:0 size:1.5kB
2026-05-31T15:04:24.026305Z	info	delta	RDS: PUSH request for node:client-56b675d94f-4rbdq.client-tr resources:13 removed:0 size:12.1kB cached:6/13 filtered:0
2026-05-31T15:06:48.270316Z	info	sync complete	name=istiod analyzer attempt=1 time=27.583µs
2026-05-31T15:27:30.726695Z	info	sync complete	name=istiod analyzer attempt=1 time=26.25µs
2026-05-31T15:32:36.158724Z	info	sync complete	name=istiod analyzer attempt=1 time=60.5µs
2026-05-31T15:53:14.923670Z	info	sync complete	name=istiod analyzer attempt=1 time=70.125µs
2026-05-31T16:11:34.655305Z	info	sync complete	name=istiod analyzer attempt=1 time=41.125µs
2026-05-31T16:16:40.498166Z	info	sync complete	name=istiod analyzer attempt=1 time=29.125µs
2026-05-31T16:21:04.017601Z	info	delta	ADS: "10.10.0.78:37438" client-56b675d94f-4rbdq.client-tr-265 terminated
2026-05-31T16:21:04.306522Z	info	delta	ADS: new delta connection for node:client-56b675d94f-4rbdq.client-tr-266
2026-05-31T16:21:04.306709Z	info	delta	CDS: PUSH request for node:client-56b675d94f-4rbdq.client-tr resources:25 removed:0 size:27.7kB cached:22/22 filtered:0
2026-05-31T16:21:04.308063Z	info	delta	EDS: PUSH request for node:client-56b675d94f-4rbdq.client-tr resources:21 removed:0 size:4.4kB empty:0 cached:21/21 filtered:0
2026-05-31T16:21:04.309337Z	info	delta	LDS: PUSH request for node:client-56b675d94f-4rbdq.client-tr resources:22 removed:0 size:86.1kB filtered:0
2026-05-31T16:21:04.309443Z	info	delta	NDS: PUSH request for node:client-56b675d94f-4rbdq.client-tr resources:1 removed:0 size:1.5kB
2026-05-31T16:21:04.309720Z	info	delta	RDS: PUSH request for node:client-56b675d94f-4rbdq.client-tr resources:13 removed:0 size:12.1kB cached:6/13 filtered:0
2026-05-31T16:21:46.787294Z	info	sync complete	name=istiod analyzer attempt=1 time=22.75µs
2026-05-31T16:26:51.638542Z	info	sync complete	name=istiod analyzer attempt=1 time=28.333µs
2026-05-31T16:47:11.855010Z	info	sync complete	name=istiod analyzer attempt=1 time=71.542µs
2026-05-31T17:08:59.767694Z	info	sync complete	name=istiod analyzer attempt=1 time=79.667µs
2026-05-31T17:31:20.869728Z	info	sync complete	name=istiod analyzer attempt=1 time=32.625µs
2026-05-31T17:36:27.397013Z	info	sync complete	name=istiod analyzer attempt=1 time=58.208µs
2026-05-31T17:57:37.340321Z	info	sync complete	name=istiod analyzer attempt=1 time=57.333µs
2026-05-31T17:57:38.929512Z	info	delta	ADS: "10.10.0.78:48750" client-56b675d94f-4rbdq.client-tr-266 terminated
2026-05-31T17:57:39.232328Z	info	delta	ADS: new delta connection for node:client-56b675d94f-4rbdq.client-tr-267
2026-05-31T17:57:39.232834Z	info	delta	CDS: PUSH request for node:client-56b675d94f-4rbdq.client-tr resources:25 removed:0 size:27.7kB cached:22/22 filtered:0
2026-05-31T17:57:39.237780Z	info	delta	EDS: PUSH request for node:client-56b675d94f-4rbdq.client-tr resources:21 removed:0 size:4.4kB empty:0 cached:21/21 filtered:0
2026-05-31T17:57:39.241899Z	info	delta	LDS: PUSH request for node:client-56b675d94f-4rbdq.client-tr resources:22 removed:0 size:86.1kB filtered:0
2026-05-31T17:57:39.242423Z	info	delta	NDS: PUSH request for node:client-56b675d94f-4rbdq.client-tr resources:1 removed:0 size:1.5kB
2026-05-31T17:57:39.243097Z	info	delta	RDS: PUSH request for node:client-56b675d94f-4rbdq.client-tr resources:13 removed:0 size:12.1kB cached:6/13 filtered:0
2026-05-31T18:22:59.372600Z	info	sync complete	name=istiod analyzer attempt=1 time=36.541µs
2026-05-31T18:28:06.236107Z	info	sync complete	name=istiod analyzer attempt=1 time=61.709µs
2026-05-31T18:49:17.333820Z	info	sync complete	name=istiod analyzer attempt=1 time=63.291µs
2026-05-31T19:10:38.443188Z	info	sync complete	name=istiod analyzer attempt=1 time=26.875µs
2026-05-31T19:15:44.560639Z	info	sync complete	name=istiod analyzer attempt=1 time=70µs
2026-05-31T19:18:36.959597Z	info	delta	ADS: "10.10.0.78:54942" client-56b675d94f-4rbdq.client-tr-267 terminated
2026-05-31T19:18:37.487868Z	info	delta	ADS: new delta connection for node:client-56b675d94f-4rbdq.client-tr-268
2026-05-31T19:18:37.489773Z	info	delta	CDS: PUSH request for node:client-56b675d94f-4rbdq.client-tr resources:25 removed:0 size:27.7kB cached:22/22 filtered:0
2026-05-31T19:18:37.490131Z	info	delta	EDS: PUSH request for node:client-56b675d94f-4rbdq.client-tr resources:21 removed:0 size:4.4kB empty:0 cached:21/21 filtered:0
2026-05-31T19:18:37.498645Z	info	delta	LDS: PUSH request for node:client-56b675d94f-4rbdq.client-tr resources:22 removed:0 size:86.1kB filtered:0
2026-05-31T19:18:37.500087Z	info	delta	NDS: PUSH request for node:client-56b675d94f-4rbdq.client-tr resources:1 removed:0 size:1.5kB
2026-05-31T19:18:37.501548Z	info	delta	RDS: PUSH request for node:client-56b675d94f-4rbdq.client-tr resources:13 removed:0 size:12.1kB cached:7/13 filtered:0
2026-05-31T19:20:51.253891Z	info	sync complete	name=istiod analyzer attempt=1 time=73.542µs
2026-05-31T19:43:05.155331Z	info	sync complete	name=istiod analyzer attempt=1 time=34.917µs
2026-05-31T19:48:10.973452Z	info	sync complete	name=istiod analyzer attempt=1 time=154.125µs
2026-05-31T19:53:16.858703Z	info	sync complete	name=istiod analyzer attempt=1 time=63.25µs
2026-05-31T20:14:52.623675Z	info	sync complete	name=istiod analyzer attempt=1 time=72.209µs
2026-05-31T20:43:26.910031Z	info	sync complete	name=istiod analyzer attempt=1 time=32.375µs
2026-05-31T20:47:30.625645Z	info	delta	ADS: "10.10.0.78:59190" client-56b675d94f-4rbdq.client-tr-268 terminated
2026-05-31T20:47:31.004592Z	info	delta	ADS: new delta connection for node:client-56b675d94f-4rbdq.client-tr-269
2026-05-31T20:47:31.005106Z	info	delta	CDS: PUSH request for node:client-56b675d94f-4rbdq.client-tr resources:25 removed:0 size:27.7kB cached:22/22 filtered:0
2026-05-31T20:47:31.006621Z	info	delta	EDS: PUSH request for node:client-56b675d94f-4rbdq.client-tr resources:21 removed:0 size:4.4kB empty:0 cached:21/21 filtered:0
2026-05-31T20:47:31.009734Z	info	delta	LDS: PUSH request for node:client-56b675d94f-4rbdq.client-tr resources:22 removed:0 size:86.1kB filtered:0
2026-05-31T20:47:31.010230Z	info	delta	NDS: PUSH request for node:client-56b675d94f-4rbdq.client-tr resources:1 removed:0 size:1.5kB
2026-05-31T20:47:31.011493Z	info	delta	RDS: PUSH request for node:client-56b675d94f-4rbdq.client-tr resources:13 removed:0 size:12.1kB cached:7/13 filtered:0
2026-05-31T20:48:34.140124Z	info	sync complete	name=istiod analyzer attempt=1 time=72.75µs
2026-05-31T21:16:01.610488Z	info	sync complete	name=istiod analyzer attempt=1 time=30.542µs
2026-05-31T21:21:07.796498Z	info	sync complete	name=istiod analyzer attempt=1 time=82.209µs
2026-05-31T21:41:14.789471Z	info	sync complete	name=istiod analyzer attempt=1 time=69.291µs
2026-05-31T22:01:30.216509Z	info	sync complete	name=istiod analyzer attempt=1 time=25.167µs
2026-05-31T22:21:53.246599Z	info	sync complete	name=istiod analyzer attempt=1 time=28.25µs
2026-05-31T22:41:48.733231Z	info	delta	ADS: "10.10.0.78:53894" client-56b675d94f-4rbdq.client-tr-269 terminated
2026-05-31T22:41:49.102204Z	info	delta	ADS: new delta connection for node:client-56b675d94f-4rbdq.client-tr-270
2026-05-31T22:41:49.102342Z	info	delta	CDS: PUSH request for node:client-56b675d94f-4rbdq.client-tr resources:25 removed:0 size:27.7kB cached:22/22 filtered:0
2026-05-31T22:41:49.103405Z	info	delta	EDS: PUSH request for node:client-56b675d94f-4rbdq.client-tr resources:21 removed:0 size:4.4kB empty:0 cached:21/21 filtered:0
2026-05-31T22:41:49.104377Z	info	delta	LDS: PUSH request for node:client-56b675d94f-4rbdq.client-tr resources:22 removed:0 size:86.1kB filtered:0
2026-05-31T22:41:49.104568Z	info	delta	NDS: PUSH request for node:client-56b675d94f-4rbdq.client-tr resources:1 removed:0 size:1.5kB
2026-05-31T22:41:49.104868Z	info	delta	RDS: PUSH request for node:client-56b675d94f-4rbdq.client-tr resources:13 removed:0 size:12.1kB cached:8/13 filtered:0
2026-05-31T22:43:29.263066Z	info	sync complete	name=istiod analyzer attempt=1 time=31.875µs
2026-05-31T23:03:51.226982Z	info	sync complete	name=istiod analyzer attempt=1 time=23.917µs
2026-05-31T23:24:16.700127Z	info	sync complete	name=istiod analyzer attempt=1 time=25.5µs
2026-05-31T23:45:37.234521Z	info	sync complete	name=istiod analyzer attempt=1 time=32.792µs
2026-06-01T00:07:10.760509Z	info	sync complete	name=istiod analyzer attempt=1 time=24.041µs
2026-06-01T00:41:17.894372Z	info	sync complete	name=istiod analyzer attempt=1 time=29.042µs
2026-06-01T00:42:45.035062Z	info	delta	ADS: "10.10.0.78:51544" client-56b675d94f-4rbdq.client-tr-270 terminated
2026-06-01T00:42:45.447136Z	info	delta	ADS: new delta connection for node:client-56b675d94f-4rbdq.client-tr-271
2026-06-01T00:42:45.447301Z	info	delta	CDS: PUSH request for node:client-56b675d94f-4rbdq.client-tr resources:25 removed:0 size:27.7kB cached:22/22 filtered:0
2026-06-01T00:42:45.448208Z	info	delta	EDS: PUSH request for node:client-56b675d94f-4rbdq.client-tr resources:21 removed:0 size:4.4kB empty:0 cached:21/21 filtered:0
2026-06-01T00:42:45.449640Z	info	delta	LDS: PUSH request for node:client-56b675d94f-4rbdq.client-tr resources:22 removed:0 size:86.1kB filtered:0
2026-06-01T00:42:45.449834Z	info	delta	NDS: PUSH request for node:client-56b675d94f-4rbdq.client-tr resources:1 removed:0 size:1.5kB
2026-06-01T00:42:45.450026Z	info	delta	RDS: PUSH request for node:client-56b675d94f-4rbdq.client-tr resources:13 removed:0 size:12.1kB cached:8/13 filtered:0
2026-06-01T00:46:24.380692Z	info	sync complete	name=istiod analyzer attempt=1 time=78.833µs
2026-06-01T01:07:11.139804Z	info	sync complete	name=istiod analyzer attempt=1 time=71.25µs
2026-06-01T01:28:14.380318Z	info	sync complete	name=istiod analyzer attempt=1 time=95.125µs
2026-06-01T01:48:34.400292Z	info	sync complete	name=istiod analyzer attempt=1 time=74.417µs
2026-06-01T02:10:27.484817Z	info	sync complete	name=istiod analyzer attempt=1 time=29.125µs
2026-06-01T02:40:01.080184Z	info	sync complete	name=istiod analyzer attempt=1 time=34.458µs
2026-06-01T02:40:57.311635Z	info	delta	ADS: "10.10.0.78:56694" client-56b675d94f-4rbdq.client-tr-271 terminated
2026-06-01T02:40:57.752645Z	info	delta	ADS: new delta connection for node:client-56b675d94f-4rbdq.client-tr-272
2026-06-01T02:40:57.752888Z	info	delta	CDS: PUSH request for node:client-56b675d94f-4rbdq.client-tr resources:25 removed:0 size:27.7kB cached:22/22 filtered:0
2026-06-01T02:40:57.752940Z	info	delta	EDS: PUSH request for node:client-56b675d94f-4rbdq.client-tr resources:21 removed:0 size:4.4kB empty:0 cached:21/21 filtered:0
2026-06-01T02:40:57.754380Z	info	delta	LDS: PUSH request for node:client-56b675d94f-4rbdq.client-tr resources:22 removed:0 size:86.1kB filtered:0
2026-06-01T02:40:57.754469Z	info	delta	NDS: PUSH request for node:client-56b675d94f-4rbdq.client-tr resources:1 removed:0 size:1.5kB
2026-06-01T02:40:57.754730Z	info	delta	RDS: PUSH request for node:client-56b675d94f-4rbdq.client-tr resources:13 removed:0 size:12.1kB cached:6/13 filtered:0
2026-06-01T02:45:08.646120Z	info	sync complete	name=istiod analyzer attempt=1 time=54.416µs
2026-06-01T03:12:13.891350Z	info	sync complete	name=istiod analyzer attempt=1 time=25.25µs
2026-06-01T03:42:28.808124Z	info	sync complete	name=istiod analyzer attempt=1 time=27.833µs
2026-06-01T03:47:34.606711Z	info	sync complete	name=istiod analyzer attempt=1 time=53.125µs
2026-06-01T04:09:12.995202Z	info	sync complete	name=istiod analyzer attempt=1 time=75.167µs
2026-06-01T04:32:11.964954Z	info	sync complete	name=istiod analyzer attempt=1 time=25.916µs
2026-06-01T04:33:55.669810Z	info	delta	ADS: "10.10.0.78:46340" client-56b675d94f-4rbdq.client-tr-272 terminated
2026-06-01T04:33:55.923858Z	info	delta	ADS: new delta connection for node:client-56b675d94f-4rbdq.client-tr-273
2026-06-01T04:33:55.923999Z	info	delta	CDS: PUSH request for node:client-56b675d94f-4rbdq.client-tr resources:25 removed:0 size:27.7kB cached:22/22 filtered:0
2026-06-01T04:33:55.924791Z	info	delta	EDS: PUSH request for node:client-56b675d94f-4rbdq.client-tr resources:21 removed:0 size:4.4kB empty:0 cached:21/21 filtered:0
2026-06-01T04:33:55.925510Z	info	delta	LDS: PUSH request for node:client-56b675d94f-4rbdq.client-tr resources:22 removed:0 size:86.1kB filtered:0
2026-06-01T04:33:55.925593Z	info	delta	NDS: PUSH request for node:client-56b675d94f-4rbdq.client-tr resources:1 removed:0 size:1.5kB
2026-06-01T04:33:55.925870Z	info	delta	RDS: PUSH request for node:client-56b675d94f-4rbdq.client-tr resources:13 removed:0 size:12.1kB cached:6/13 filtered:0
2026-06-01T04:39:19.308968Z	info	sync complete	name=istiod analyzer attempt=1 time=24.083µs
2026-06-01T05:02:29.051741Z	info	sync complete	name=istiod analyzer attempt=1 time=32.709µs
2026-06-01T05:07:34.186350Z	info	sync complete	name=istiod analyzer attempt=1 time=42.041µs
2026-06-01T05:12:39.563385Z	info	sync complete	name=istiod analyzer attempt=1 time=28.583µs
2026-06-01T05:17:46.145910Z	info	sync complete	name=istiod analyzer attempt=1 time=24.584µs
2026-06-01T05:22:52.114951Z	info	sync complete	name=istiod analyzer attempt=1 time=37.542µs
2026-06-01T05:25:47.487161Z	info	delta	ADS: "10.10.0.78:47242" client-56b675d94f-4rbdq.client-tr-273 terminated
2026-06-01T05:25:47.692845Z	info	delta	ADS: new delta connection for node:client-56b675d94f-4rbdq.client-tr-274
2026-06-01T05:25:47.693192Z	info	delta	CDS: PUSH request for node:client-56b675d94f-4rbdq.client-tr resources:25 removed:0 size:27.7kB cached:22/22 filtered:0
2026-06-01T05:25:47.693865Z	info	delta	EDS: PUSH request for node:client-56b675d94f-4rbdq.client-tr resources:21 removed:0 size:4.4kB empty:0 cached:21/21 filtered:0
2026-06-01T05:25:47.695464Z	info	delta	LDS: PUSH request for node:client-56b675d94f-4rbdq.client-tr resources:22 removed:0 size:86.1kB filtered:0
2026-06-01T05:25:47.695607Z	info	delta	NDS: PUSH request for node:client-56b675d94f-4rbdq.client-tr resources:1 removed:0 size:1.5kB
2026-06-01T05:25:47.695985Z	info	delta	RDS: PUSH request for node:client-56b675d94f-4rbdq.client-tr resources:13 removed:0 size:12.1kB cached:6/13 filtered:0
2026-06-01T05:27:58.302408Z	info	sync complete	name=istiod analyzer attempt=1 time=28.584µs
2026-06-01T05:33:03.887810Z	info	sync complete	name=istiod analyzer attempt=1 time=27.209µs
2026-06-01T05:48:01.557442Z	info	sync complete	name=istiod analyzer attempt=1 time=25.125µs
2026-06-01T05:53:07.274522Z	info	sync complete	name=istiod analyzer attempt=1 time=28.292µs
2026-06-01T05:58:12.848516Z	info	sync complete	name=istiod analyzer attempt=1 time=50.625µs
2026-06-01T06:02:56.460966Z	info	delta	ADS: "10.10.0.78:40994" client-56b675d94f-4rbdq.client-tr-274 terminated
2026-06-01T06:02:56.662430Z	info	delta	ADS: new delta connection for node:client-56b675d94f-4rbdq.client-tr-275
2026-06-01T06:02:56.662988Z	info	delta	CDS: PUSH request for node:client-56b675d94f-4rbdq.client-tr resources:25 removed:0 size:27.7kB cached:22/22 filtered:0
2026-06-01T06:02:56.664415Z	info	delta	EDS: PUSH request for node:client-56b675d94f-4rbdq.client-tr resources:21 removed:0 size:4.4kB empty:0 cached:21/21 filtered:0
2026-06-01T06:02:56.665745Z	info	delta	LDS: PUSH request for node:client-56b675d94f-4rbdq.client-tr resources:22 removed:0 size:86.1kB filtered:0
2026-06-01T06:02:56.666051Z	info	delta	NDS: PUSH request for node:client-56b675d94f-4rbdq.client-tr resources:1 removed:0 size:1.5kB
2026-06-01T06:02:56.666348Z	info	delta	RDS: PUSH request for node:client-56b675d94f-4rbdq.client-tr resources:13 removed:0 size:12.1kB cached:6/13 filtered:0
2026-06-01T06:03:18.637957Z	info	sync complete	name=istiod analyzer attempt=1 time=49.125µs
2026-06-01T06:08:25.020215Z	info	sync complete	name=istiod analyzer attempt=1 time=63.042µs
2026-06-01T06:13:31.536254Z	info	sync complete	name=istiod analyzer attempt=1 time=28.458µs
2026-06-01T06:18:37.825887Z	info	sync complete	name=istiod analyzer attempt=1 time=26.583µs
2026-06-01T06:23:44.535125Z	info	sync complete	name=istiod analyzer attempt=1 time=51.625µs
2026-06-01T06:28:50.358505Z	info	sync complete	name=istiod analyzer attempt=1 time=94.333µs
2026-06-01T06:30:42.967649Z	info	delta	ADS: "10.10.0.78:43226" client-56b675d94f-4rbdq.client-tr-275 terminated
2026-06-01T06:30:43.037895Z	info	delta	ADS: new delta connection for node:client-56b675d94f-4rbdq.client-tr-276
2026-06-01T06:30:43.038418Z	info	delta	CDS: PUSH request for node:client-56b675d94f-4rbdq.client-tr resources:25 removed:0 size:27.7kB cached:22/22 filtered:0
2026-06-01T06:30:43.039247Z	info	delta	EDS: PUSH request for node:client-56b675d94f-4rbdq.client-tr resources:21 removed:0 size:4.4kB empty:0 cached:21/21 filtered:0
2026-06-01T06:30:43.041008Z	info	delta	LDS: PUSH request for node:client-56b675d94f-4rbdq.client-tr resources:22 removed:0 size:86.1kB filtered:0
2026-06-01T06:30:43.041214Z	info	delta	NDS: PUSH request for node:client-56b675d94f-4rbdq.client-tr resources:1 removed:0 size:1.5kB
2026-06-01T06:30:43.041533Z	info	delta	RDS: PUSH request for node:client-56b675d94f-4rbdq.client-tr resources:13 removed:0 size:12.1kB cached:7/13 filtered:0
2026-06-01T06:33:55.627129Z	info	sync complete	name=istiod analyzer attempt=1 time=126.875µs
2026-06-01T06:39:01.574635Z	info	sync complete	name=istiod analyzer attempt=1 time=108.584µs
2026-06-01T06:44:06.820635Z	info	sync complete	name=istiod analyzer attempt=1 time=61.667µs
2026-06-01T06:49:13.115890Z	info	sync complete	name=istiod analyzer attempt=1 time=56.125µs
2026-06-01T06:54:18.978151Z	info	sync complete	name=istiod analyzer attempt=1 time=58.5µs
2026-06-01T06:59:24.818152Z	info	sync complete	name=istiod analyzer attempt=1 time=65.042µs
2026-06-01T07:00:58.755725Z	info	delta	ADS: "10.10.0.78:57980" client-56b675d94f-4rbdq.client-tr-276 terminated
2026-06-01T07:00:59.236052Z	info	delta	ADS: new delta connection for node:client-56b675d94f-4rbdq.client-tr-277
2026-06-01T07:00:59.236998Z	info	delta	CDS: PUSH request for node:client-56b675d94f-4rbdq.client-tr resources:25 removed:0 size:27.7kB cached:22/22 filtered:0
2026-06-01T07:00:59.237802Z	info	delta	EDS: PUSH request for node:client-56b675d94f-4rbdq.client-tr resources:21 removed:0 size:4.4kB empty:0 cached:21/21 filtered:0
2026-06-01T07:00:59.238911Z	info	delta	LDS: PUSH request for node:client-56b675d94f-4rbdq.client-tr resources:22 removed:0 size:86.1kB filtered:0
2026-06-01T07:00:59.239041Z	info	delta	NDS: PUSH request for node:client-56b675d94f-4rbdq.client-tr resources:1 removed:0 size:1.5kB
2026-06-01T07:00:59.239391Z	info	delta	RDS: PUSH request for node:client-56b675d94f-4rbdq.client-tr resources:13 removed:0 size:12.1kB cached:7/13 filtered:0
2026-06-01T07:04:30.380169Z	info	sync complete	name=istiod analyzer attempt=1 time=64.541µs
2026-06-01T07:09:36.461302Z	info	sync complete	name=istiod analyzer attempt=1 time=52.833µs
2026-06-01T07:14:41.960284Z	info	sync complete	name=istiod analyzer attempt=1 time=73.25µs
2026-06-01T07:19:48.486129Z	info	sync complete	name=istiod analyzer attempt=1 time=63.166µs
2026-06-01T07:24:53.662567Z	info	sync complete	name=istiod analyzer attempt=1 time=93.458µs
2026-06-01T07:29:58.672069Z	info	sync complete	name=istiod analyzer attempt=1 time=85.167µs
2026-06-01T07:33:19.445401Z	info	delta	ADS: "10.10.0.78:34646" client-56b675d94f-4rbdq.client-tr-277 terminated
2026-06-01T07:33:19.540484Z	info	delta	ADS: new delta connection for node:client-56b675d94f-4rbdq.client-tr-278
2026-06-01T07:33:19.541370Z	info	delta	CDS: PUSH request for node:client-56b675d94f-4rbdq.client-tr resources:25 removed:0 size:27.7kB cached:22/22 filtered:0
2026-06-01T07:33:19.542615Z	info	delta	EDS: PUSH request for node:client-56b675d94f-4rbdq.client-tr resources:21 removed:0 size:4.4kB empty:0 cached:21/21 filtered:0
2026-06-01T07:33:19.544439Z	info	delta	LDS: PUSH request for node:client-56b675d94f-4rbdq.client-tr resources:22 removed:0 size:86.1kB filtered:0
2026-06-01T07:33:19.544864Z	info	delta	NDS: PUSH request for node:client-56b675d94f-4rbdq.client-tr resources:1 removed:0 size:1.5kB
2026-06-01T07:33:19.545289Z	info	delta	RDS: PUSH request for node:client-56b675d94f-4rbdq.client-tr resources:13 removed:0 size:12.1kB cached:8/13 filtered:0
2026-06-01T07:35:05.072600Z	info	sync complete	name=istiod analyzer attempt=1 time=132.958µs
2026-06-01T07:40:11.130662Z	info	sync complete	name=istiod analyzer attempt=1 time=93.625µs
2026-06-01T07:45:17.090817Z	info	sync complete	name=istiod analyzer attempt=1 time=83.375µs
2026-06-01T07:50:22.968361Z	info	sync complete	name=istiod analyzer attempt=1 time=64.584µs
2026-06-01T07:55:30.058415Z	info	sync complete	name=istiod analyzer attempt=1 time=82.667µs
2026-06-01T08:00:36.519026Z	info	sync complete	name=istiod analyzer attempt=1 time=74µs
2026-06-01T08:05:00.969549Z	info	delta	ADS: "10.10.0.78:41972" client-56b675d94f-4rbdq.client-tr-278 terminated
2026-06-01T08:05:01.021110Z	info	delta	ADS: new delta connection for node:client-56b675d94f-4rbdq.client-tr-279
2026-06-01T08:05:01.021730Z	info	delta	CDS: PUSH request for node:client-56b675d94f-4rbdq.client-tr resources:25 removed:0 size:27.7kB cached:22/22 filtered:0
2026-06-01T08:05:01.023855Z	info	delta	EDS: PUSH request for node:client-56b675d94f-4rbdq.client-tr resources:21 removed:0 size:4.4kB empty:0 cached:21/21 filtered:0
2026-06-01T08:05:01.026344Z	info	delta	LDS: PUSH request for node:client-56b675d94f-4rbdq.client-tr resources:22 removed:0 size:86.1kB filtered:0
2026-06-01T08:05:01.026570Z	info	delta	NDS: PUSH request for node:client-56b675d94f-4rbdq.client-tr resources:1 removed:0 size:1.5kB
2026-06-01T08:05:01.026901Z	info	delta	RDS: PUSH request for node:client-56b675d94f-4rbdq.client-tr resources:13 removed:0 size:12.1kB cached:7/13 filtered:0
2026-06-01T08:05:42.789805Z	info	sync complete	name=istiod analyzer attempt=1 time=98.625µs
2026-06-01T08:10:48.747255Z	info	sync complete	name=istiod analyzer attempt=1 time=158.333µs
2026-06-01T08:15:54.552136Z	info	sync complete	name=istiod analyzer attempt=1 time=149.625µs
2026-06-01T08:21:00.483299Z	info	sync complete	name=istiod analyzer attempt=1 time=79.041µs
2026-06-01T08:26:07.429063Z	info	sync complete	name=istiod analyzer attempt=1 time=122.959µs
2026-06-01T08:31:13.298057Z	info	sync complete	name=istiod analyzer attempt=1 time=110.917µs
2026-06-01T08:33:16.848775Z	info	delta	ADS: "10.10.0.78:34318" client-56b675d94f-4rbdq.client-tr-279 terminated
2026-06-01T08:33:17.297584Z	info	delta	ADS: new delta connection for node:client-56b675d94f-4rbdq.client-tr-280
2026-06-01T08:33:17.298516Z	info	delta	CDS: PUSH request for node:client-56b675d94f-4rbdq.client-tr resources:25 removed:0 size:27.7kB cached:22/22 filtered:0
2026-06-01T08:33:17.299317Z	info	delta	EDS: PUSH request for node:client-56b675d94f-4rbdq.client-tr resources:21 removed:0 size:4.4kB empty:0 cached:21/21 filtered:0
2026-06-01T08:33:17.301813Z	info	delta	LDS: PUSH request for node:client-56b675d94f-4rbdq.client-tr resources:22 removed:0 size:86.1kB filtered:0
2026-06-01T08:33:17.302115Z	info	delta	NDS: PUSH request for node:client-56b675d94f-4rbdq.client-tr resources:1 removed:0 size:1.5kB
2026-06-01T08:33:17.302521Z	info	delta	RDS: PUSH request for node:client-56b675d94f-4rbdq.client-tr resources:13 removed:0 size:12.1kB cached:7/13 filtered:0
2026-06-01T08:36:17.833360Z	info	sync complete	name=istiod analyzer attempt=1 time=86.375µs
2026-06-01T08:41:24.332140Z	info	sync complete	name=istiod analyzer attempt=1 time=98.667µs
2026-06-01T08:46:30.530837Z	info	sync complete	name=istiod analyzer attempt=1 time=66.916µs
2026-06-01T08:51:35.049352Z	info	sync complete	name=istiod analyzer attempt=1 time=145.541µs
2026-06-01T08:56:39.955349Z	info	sync complete	name=istiod analyzer attempt=1 time=130.583µs
2026-06-01T09:01:45.591238Z	info	sync complete	name=istiod analyzer attempt=1 time=149.458µs
2026-06-01T09:04:58.558455Z	info	delta	ADS: "10.10.0.78:54616" client-56b675d94f-4rbdq.client-tr-280 terminated
2026-06-01T09:04:58.649525Z	info	delta	ADS: new delta connection for node:client-56b675d94f-4rbdq.client-tr-281
2026-06-01T09:04:58.649963Z	info	delta	CDS: PUSH request for node:client-56b675d94f-4rbdq.client-tr resources:25 removed:0 size:27.7kB cached:22/22 filtered:0
2026-06-01T09:04:58.650304Z	info	delta	EDS: PUSH request for node:client-56b675d94f-4rbdq.client-tr resources:21 removed:0 size:4.4kB empty:0 cached:21/21 filtered:0
2026-06-01T09:04:58.652272Z	info	delta	LDS: PUSH request for node:client-56b675d94f-4rbdq.client-tr resources:22 removed:0 size:86.1kB filtered:0
2026-06-01T09:04:58.652409Z	info	delta	NDS: PUSH request for node:client-56b675d94f-4rbdq.client-tr resources:1 removed:0 size:1.5kB
2026-06-01T09:04:58.653032Z	info	delta	RDS: PUSH request for node:client-56b675d94f-4rbdq.client-tr resources:13 removed:0 size:12.1kB cached:7/13 filtered:0
2026-06-01T09:06:50.735684Z	info	sync complete	name=istiod analyzer attempt=1 time=121.25µs
2026-06-01T09:11:58.199563Z	info	sync complete	name=istiod analyzer attempt=1 time=118.25µs
2026-06-01T09:17:05.347896Z	info	sync complete	name=istiod analyzer attempt=1 time=69.916µs
2026-06-01T09:22:11.498477Z	info	sync complete	name=istiod analyzer attempt=1 time=57.583µs
2026-06-01T09:27:16.398893Z	info	sync complete	name=istiod analyzer attempt=1 time=94.5µs
2026-06-01T09:32:21.925308Z	info	sync complete	name=istiod analyzer attempt=1 time=58.458µs
2026-06-01T09:34:07.044617Z	info	delta	ADS: "10.10.0.78:58740" client-56b675d94f-4rbdq.client-tr-281 terminated
2026-06-01T09:34:07.130065Z	info	delta	ADS: new delta connection for node:client-56b675d94f-4rbdq.client-tr-282
2026-06-01T09:34:07.130989Z	info	delta	CDS: PUSH request for node:client-56b675d94f-4rbdq.client-tr resources:25 removed:0 size:27.7kB cached:22/22 filtered:0
2026-06-01T09:34:07.132113Z	info	delta	EDS: PUSH request for node:client-56b675d94f-4rbdq.client-tr resources:21 removed:0 size:4.4kB empty:0 cached:21/21 filtered:0
2026-06-01T09:34:07.134335Z	info	delta	LDS: PUSH request for node:client-56b675d94f-4rbdq.client-tr resources:22 removed:0 size:86.1kB filtered:0
2026-06-01T09:34:07.134546Z	info	delta	NDS: PUSH request for node:client-56b675d94f-4rbdq.client-tr resources:1 removed:0 size:1.5kB
2026-06-01T09:34:07.135133Z	info	delta	RDS: PUSH request for node:client-56b675d94f-4rbdq.client-tr resources:13 removed:0 size:12.1kB cached:7/13 filtered:0
2026-06-01T09:37:28.797637Z	info	sync complete	name=istiod analyzer attempt=1 time=82.125µs
2026-06-01T09:42:35.786785Z	info	sync complete	name=istiod analyzer attempt=1 time=76.25µs
2026-06-01T09:47:41.826413Z	info	sync complete	name=istiod analyzer attempt=1 time=74.292µs
2026-06-01T09:52:47.374425Z	info	sync complete	name=istiod analyzer attempt=1 time=106.292µs
2026-06-01T09:57:53.393309Z	info	sync complete	name=istiod analyzer attempt=1 time=78.958µs
2026-06-01T10:02:59.615132Z	info	sync complete	name=istiod analyzer attempt=1 time=89.792µs
2026-06-01T10:06:49.108600Z	info	delta	ADS: "10.10.0.78:46414" client-56b675d94f-4rbdq.client-tr-282 terminated
2026-06-01T10:06:49.248549Z	info	delta	ADS: new delta connection for node:client-56b675d94f-4rbdq.client-tr-283
2026-06-01T10:06:49.248986Z	info	delta	CDS: PUSH request for node:client-56b675d94f-4rbdq.client-tr resources:25 removed:0 size:27.7kB cached:22/22 filtered:0
2026-06-01T10:06:49.249880Z	info	delta	EDS: PUSH request for node:client-56b675d94f-4rbdq.client-tr resources:21 removed:0 size:4.4kB empty:0 cached:21/21 filtered:0
2026-06-01T10:06:49.250975Z	info	delta	LDS: PUSH request for node:client-56b675d94f-4rbdq.client-tr resources:22 removed:0 size:86.1kB filtered:0
2026-06-01T10:06:49.251092Z	info	delta	NDS: PUSH request for node:client-56b675d94f-4rbdq.client-tr resources:1 removed:0 size:1.5kB
2026-06-01T10:06:49.251615Z	info	delta	RDS: PUSH request for node:client-56b675d94f-4rbdq.client-tr resources:13 removed:0 size:12.1kB cached:7/13 filtered:0
2026-06-01T10:08:04.816984Z	info	sync complete	name=istiod analyzer attempt=1 time=184.042µs
2026-06-01T10:13:10.795968Z	info	sync complete	name=istiod analyzer attempt=1 time=131.25µs
2026-06-01T10:18:16.317290Z	info	sync complete	name=istiod analyzer attempt=1 time=56.708µs
2026-06-01T10:23:22.536577Z	info	sync complete	name=istiod analyzer attempt=1 time=123.083µs
2026-06-01T10:28:27.350482Z	info	sync complete	name=istiod analyzer attempt=1 time=66.833µs
2026-06-01T10:33:34.025042Z	info	sync complete	name=istiod analyzer attempt=1 time=88.333µs
2026-06-01T10:37:38.482636Z	info	delta	ADS: "10.10.0.78:35418" client-56b675d94f-4rbdq.client-tr-283 terminated
2026-06-01T10:37:38.603003Z	info	delta	ADS: new delta connection for node:client-56b675d94f-4rbdq.client-tr-284
2026-06-01T10:37:38.603845Z	info	delta	CDS: PUSH request for node:client-56b675d94f-4rbdq.client-tr resources:25 removed:0 size:27.7kB cached:22/22 filtered:0
2026-06-01T10:37:38.604442Z	info	delta	EDS: PUSH request for node:client-56b675d94f-4rbdq.client-tr resources:21 removed:0 size:4.4kB empty:0 cached:21/21 filtered:0
2026-06-01T10:37:38.606567Z	info	delta	LDS: PUSH request for node:client-56b675d94f-4rbdq.client-tr resources:22 removed:0 size:86.1kB filtered:0
2026-06-01T10:37:38.606741Z	info	delta	NDS: PUSH request for node:client-56b675d94f-4rbdq.client-tr resources:1 removed:0 size:1.5kB
2026-06-01T10:37:38.607116Z	info	delta	RDS: PUSH request for node:client-56b675d94f-4rbdq.client-tr resources:13 removed:0 size:12.1kB cached:8/13 filtered:0
2026-06-01T10:38:40.196839Z	info	sync complete	name=istiod analyzer attempt=1 time=100.125µs
2026-06-01T10:43:45.797443Z	info	sync complete	name=istiod analyzer attempt=1 time=153.792µs
2026-06-01T10:48:31.295765Z	info	ads	Push debounce stable[186] 1 for config ConfigMap/tier1/kube-root-ca.crt: 101.7005ms since last change, 101.700375ms since last push, full=false
2026-06-01T10:48:31.297625Z	info	ads	XDS: Incremental Pushing ConnectedEndpoints:1 Version:2026-05-28T15:04:40Z/135
2026-06-01T10:48:31.646970Z	info	model	reloading network gateways
2026-06-01T10:48:31.647620Z	info	model	gateways changed, triggering push
2026-06-01T10:48:31.651866Z	info	model	Incremental push, service tier1-gateway.tier1.svc.cluster.local at shard Kubernetes/cluster-0 has no endpoints
2026-06-01T10:48:31.666564Z	info	Process sidecar injection request	path=/inject pod=tier1/tier1-gateway-596d499c9c-***** (actual name not yet known)
2026-06-01T10:48:31.752817Z	info	ads	Push debounce stable[187] 5 for config ServiceEntry/tier1/tier1-gateway.tier1.svc.cluster.local: 100.858792ms since last change, 117.8475ms since last push, full=true
2026-06-01T10:48:31.762676Z	info	ads	XDS: Pushing Services:15 ConnectedEndpoints:1 Version:2026-06-01T10:48:31Z/136
2026-06-01T10:48:31.765977Z	info	delta	CDS: PUSH for node:client-56b675d94f-4rbdq.client-tr resources:28 removed:0 size:31.0kB cached:0/25
2026-06-01T10:48:31.766679Z	info	delta	EDS: PUSH for node:client-56b675d94f-4rbdq.client-tr resources:21 removed:0 size:4.4kB empty:0 cached:0/21
2026-06-01T10:48:31.768566Z	info	delta	LDS: PUSH for node:client-56b675d94f-4rbdq.client-tr resources:25 removed:0 size:93.2kB
2026-06-01T10:48:31.769113Z	info	delta	RDS: PUSH for node:client-56b675d94f-4rbdq.client-tr resources:13 removed:0 size:12.1kB cached:0/13
2026-06-01T10:48:31.769163Z	info	delta	NDS: PUSH for node:client-56b675d94f-4rbdq.client-tr resources:1 removed:0 size:1.6kB
2026-06-01T10:48:31.801459Z	info	delta	EDS: PUSH request for node:client-56b675d94f-4rbdq.client-tr resources:3 removed:0 size:165B empty:3 cached:0/3 filtered:21
2026-06-01T10:48:31.837467Z	info	delta	RDS: PUSH request for node:client-56b675d94f-4rbdq.client-tr resources:1 removed:0 size:611B cached:0/1 filtered:13
2026-06-01T10:48:32.741978Z	info	sync complete	name=istiod analyzer attempt=1 time=62.417µs
2026-06-01T10:48:32.874496Z	info	delta	ADS: new delta connection for node:tier1-gateway-596d499c9c-sj9tb.tier1-285
2026-06-01T10:48:32.874714Z	info	delta	CDS: PUSH request for node:tier1-gateway-596d499c9c-sj9tb.tier1 resources:1 removed:0 size:50B
2026-06-01T10:48:32.876760Z	info	delta	LDS: PUSH request for node:tier1-gateway-596d499c9c-sj9tb.tier1 resources:0 removed:0 size:0B
2026-06-01T10:48:33.376509Z	info	model	Full push, new service tier1/tier1-gateway.tier1.svc.cluster.local
2026-06-01T10:48:33.380179Z	info	delta	CDS: PUSH for node:tier1-gateway-596d499c9c-sj9tb.tier1 resources:1 removed:0 size:50B
2026-06-01T10:48:33.380217Z	info	delta	LDS: PUSH for node:tier1-gateway-596d499c9c-sj9tb.tier1 resources:0 removed:0 size:0B
2026-06-01T10:48:33.540715Z	info	ads	Push debounce stable[188] 10 for config Sidecar/tier1/default and 8 more configs: 100.559167ms since last change, 164.104625ms since last push, full=true
2026-06-01T10:48:33.543141Z	info	ads	XDS: Pushing Services:15 ConnectedEndpoints:2 Version:2026-06-01T10:48:33Z/137
2026-06-01T10:48:33.543293Z	info	delta	CDS: PUSH for node:tier1-gateway-596d499c9c-sj9tb.tier1 resources:1 removed:0 size:72B
2026-06-01T10:48:33.543853Z	info	delta	LDS: PUSH for node:tier1-gateway-596d499c9c-sj9tb.tier1 resources:1 removed:0 size:2.8kB
2026-06-01T10:48:33.544093Z	info	delta	CDS: PUSH for node:client-56b675d94f-4rbdq.client-tr resources:6 removed:0 size:4.4kB cached:0/3
2026-06-01T10:48:33.544166Z	info	delta	EDS: PUSH INC for node:client-56b675d94f-4rbdq.client-tr resources:3 removed:0 size:616B empty:0 cached:0/3
2026-06-01T10:48:33.545321Z	info	delta	LDS: PUSH for node:client-56b675d94f-4rbdq.client-tr resources:25 removed:0 size:93.2kB
2026-06-01T10:48:33.546556Z	info	delta	RDS: PUSH for node:client-56b675d94f-4rbdq.client-tr resources:14 removed:0 size:12.7kB cached:7/14
2026-06-01T10:48:33.546596Z	info	delta	NDS: PUSH for node:client-56b675d94f-4rbdq.client-tr resources:1 removed:0 size:1.6kB
2026-06-01T10:48:34.441896Z	info	sync complete	name=istiod analyzer attempt=1 time=30.041µs
2026-06-01T10:48:34.555621Z	info	ads	Push debounce stable[189] 5 for config EnvoyFilter/tier1/default-upstream-traffic-setting and 4 more configs: 100.933ms since last change, 103.389542ms since last push, full=true
2026-06-01T10:48:34.556250Z	info	ads	XDS: Pushing Services:15 ConnectedEndpoints:2 Version:2026-06-01T10:48:34Z/138
2026-06-01T10:48:34.556363Z	info	delta	CDS: PUSH for node:tier1-gateway-596d499c9c-sj9tb.tier1 resources:1 removed:0 size:72B
2026-06-01T10:48:34.556479Z	info	delta	LDS: PUSH for node:tier1-gateway-596d499c9c-sj9tb.tier1 resources:1 removed:0 size:2.8kB
2026-06-01T10:48:35.454819Z	info	sync complete	name=istiod analyzer attempt=1 time=52.041µs
2026-06-01T10:48:37.817202Z	info	model	Cache Update, new service xcp-multicluster/echo.tetrate.io
2026-06-01T10:48:37.924609Z	info	ads	Push debounce stable[190] 2 for config ServiceEntry/xcp-multicluster/echo.tetrate.io: 100.756458ms since last change, 107.365083ms since last push, full=true
2026-06-01T10:48:37.924806Z	info	ads	XDS: Pushing Services:16 ConnectedEndpoints:2 Version:2026-06-01T10:48:37Z/139
2026-06-01T10:48:37.925000Z	info	delta	CDS: PUSH for node:tier1-gateway-596d499c9c-sj9tb.tier1 resources:3 removed:0 size:2.0kB cached:0/2
2026-06-01T10:48:37.925139Z	info	delta	LDS: PUSH for node:tier1-gateway-596d499c9c-sj9tb.tier1 resources:1 removed:0 size:2.8kB
2026-06-01T10:48:37.925308Z	info	delta	CDS: PUSH for node:client-56b675d94f-4rbdq.client-tr resources:4 removed:0 size:1.8kB cached:0/1
2026-06-01T10:48:37.926217Z	info	delta	LDS: PUSH for node:client-56b675d94f-4rbdq.client-tr resources:26 removed:0 size:94.5kB
2026-06-01T10:48:37.926491Z	info	delta	RDS: PUSH for node:client-56b675d94f-4rbdq.client-tr resources:14 removed:0 size:12.7kB cached:10/14
2026-06-01T10:48:37.926658Z	info	delta	NDS: PUSH for node:client-56b675d94f-4rbdq.client-tr resources:1 removed:0 size:1.6kB
2026-06-01T10:48:37.927834Z	info	delta	EDS: PUSH request for node:tier1-gateway-596d499c9c-sj9tb.tier1 resources:2 removed:0 size:328B empty:0 cached:0/2 filtered:0
2026-06-01T10:48:37.928577Z	info	delta	EDS: PUSH request for node:client-56b675d94f-4rbdq.client-tr resources:1 removed:0 size:148B empty:0 cached:0/1 filtered:24
2026-06-01T10:48:38.823775Z	info	sync complete	name=istiod analyzer attempt=1 time=32.583µs
2026-06-01T10:48:38.932805Z	info	ads	Push debounce stable[191] 2 for config VirtualService/tier1/tier1-echo-gw-echo and 1 more configs: 100.471375ms since last change, 100.481375ms since last push, full=true
2026-06-01T10:48:38.932987Z	info	ads	XDS: Pushing Services:16 ConnectedEndpoints:2 Version:2026-06-01T10:48:38Z/140
2026-06-01T10:48:38.933156Z	info	delta	CDS: PUSH for node:tier1-gateway-596d499c9c-sj9tb.tier1 resources:3 removed:0 size:2.0kB cached:0/2
2026-06-01T10:48:38.933206Z	info	delta	EDS: PUSH for node:tier1-gateway-596d499c9c-sj9tb.tier1 resources:2 removed:0 size:328B empty:0 cached:0/2
2026-06-01T10:48:38.933307Z	info	delta	LDS: PUSH for node:tier1-gateway-596d499c9c-sj9tb.tier1 resources:1 removed:0 size:2.8kB
2026-06-01T10:48:39.833782Z	info	sync complete	name=istiod analyzer attempt=1 time=32.291µs
