2026-05-20T18:17:34.279916Z	info	FLAG: --caCertFile=""
2026-05-20T18:17:34.279993Z	info	FLAG: --clusterAliases="[]"
2026-05-20T18:17:34.279996Z	info	FLAG: --clusterID="cluster-0"
2026-05-20T18:17:34.279998Z	info	FLAG: --clusterRegistriesNamespace="istio-system"
2026-05-20T18:17:34.280005Z	info	FLAG: --cniNamespace="istio-system"
2026-05-20T18:17:34.280007Z	info	FLAG: --configDir=""
2026-05-20T18:17:34.280009Z	info	FLAG: --ctrlz_address="localhost"
2026-05-20T18:17:34.280012Z	info	FLAG: --ctrlz_port="9876"
2026-05-20T18:17:34.280017Z	info	FLAG: --domain="cluster.local"
2026-05-20T18:17:34.280019Z	info	FLAG: --grpcAddr=":15010"
2026-05-20T18:17:34.280022Z	info	FLAG: --help="false"
2026-05-20T18:17:34.280023Z	info	FLAG: --httpAddr=":8080"
2026-05-20T18:17:34.280025Z	info	FLAG: --httpsAddr=":15017"
2026-05-20T18:17:34.280032Z	info	FLAG: --keepaliveInterval="30s"
2026-05-20T18:17:34.280079Z	info	FLAG: --keepaliveMaxServerConnectionAge="30m0s"
2026-05-20T18:17:34.280088Z	info	FLAG: --keepaliveTimeout="10s"
2026-05-20T18:17:34.280091Z	info	FLAG: --kubeconfig=""
2026-05-20T18:17:34.280100Z	info	FLAG: --kubernetesApiBurst="160"
2026-05-20T18:17:34.280132Z	info	FLAG: --kubernetesApiQPS="80"
2026-05-20T18:17:34.280142Z	info	FLAG: --log_as_json="false"
2026-05-20T18:17:34.280144Z	info	FLAG: --log_caller=""
2026-05-20T18:17:34.280145Z	info	FLAG: --log_output_level="default:info"
2026-05-20T18:17:34.280149Z	info	FLAG: --log_stacktrace_level="default:none"
2026-05-20T18:17:34.280153Z	info	FLAG: --log_target="[stdout]"
2026-05-20T18:17:34.280154Z	info	FLAG: --meshConfig="./etc/istio/config/mesh"
2026-05-20T18:17:34.280155Z	info	FLAG: --monitoringAddr=":15014"
2026-05-20T18:17:34.280157Z	info	FLAG: --namespace="istio-system"
2026-05-20T18:17:34.280158Z	info	FLAG: --networksConfig="./etc/istio/config/meshNetworks"
2026-05-20T18:17:34.280159Z	info	FLAG: --profile="true"
2026-05-20T18:17:34.280162Z	info	FLAG: --registries="[Kubernetes]"
2026-05-20T18:17:34.280163Z	info	FLAG: --secureGRPCAddr=":15012"
2026-05-20T18:17:34.280165Z	info	FLAG: --shutdownDuration="10s"
2026-05-20T18:17:34.280205Z	info	FLAG: --tls-cipher-suites="[]"
2026-05-20T18:17:34.280206Z	info	FLAG: --tlsCertFile=""
2026-05-20T18:17:34.280206Z	info	FLAG: --tlsKeyFile=""
2026-05-20T18:17:34.280210Z	info	FLAG: --vklog="0"
2026-05-20T18:17:34.294485Z	info	initializing Istiod admin server
2026-05-20T18:17:34.300476Z	info	initializing mesh configuration ./etc/istio/config/mesh
2026-05-20T18:17:34.300610Z	info	sync complete	name=MeshConfig attempt=1 time=541ns
2026-05-20T18:17:34.300641Z	info	sync complete	name=MeshConfig attempt=1 time=125ns
2026-05-20T18:17:34.300674Z	info	starting HTTP service at [::]:8080
2026-05-20T18:17:34.300961Z	info	sync complete	name=ConfigMap_istio-stable_mesh attempt=1 time=209ns
2026-05-20T18:17:34.301403Z	info	sync complete	name=ConfigMap_istio-stable_mesh attempt=1 time=625ns
2026-05-20T18:17:34.316066Z	info	sync complete	name=ConfigMap_istio-stable attempt=4 time=15.36275ms
2026-05-20T18:17:34.316251Z	info	krt	ConfigMap_istio-stable synced	owner=ConfigMap_istio-stable
2026-05-20T18:17:34.320039Z	info	sync complete	name=ConfigMap_istio-stable handler attempt=2 time=3.668542ms
2026-05-20T18:17:34.320113Z	info	krt	ConfigMap_istio-stable_mesh synced (uid 4)	owner=ConfigMap_istio-stable_mesh
2026-05-20T18:17:34.322225Z	info	krt	MeshConfig synced (uid 6)	owner=MeshConfig
2026-05-20T18:17:34.323190Z	info	mesh configuration: accessLogFile: /dev/stdout
accessLogFormat: |
  [%START_TIME%] "%REQ(:METHOD)% %REQ(X-ENVOY-ORIGINAL-PATH?:PATH)% %PROTOCOL%" %RESPONSE_CODE% %RESPONSE_FLAGS% %RESPONSE_CODE_DETAILS% %CONNECTION_TERMINATION_DETAILS% "%UPSTREAM_TRANSPORT_FAILURE_REASON%" %BYTES_RECEIVED% %BYTES_SENT% %DURATION% %RESP(X-ENVOY-UPSTREAM-SERVICE-TIME)% "%REQ(X-FORWARDED-FOR)%" "%REQ(USER-AGENT)%" "%REQ(X-REQUEST-ID)%" "%REQ(:AUTHORITY)%" "%UPSTREAM_HOST%" %UPSTREAM_CLUSTER% %UPSTREAM_LOCAL_ADDRESS% %DOWNSTREAM_LOCAL_ADDRESS% %DOWNSTREAM_REMOTE_ADDRESS% %REQUESTED_SERVER_NAME% %ROUTE_NAME%
connectTimeout: 10s
defaultConfig:
  binaryPath: /usr/local/bin/envoy
  configPath: ./etc/istio/proxy
  controlPlaneAuthPolicy: MUTUAL_TLS
  discoveryAddress: istiod-stable.istio-system.svc:15012
  drainDuration: 45s
  holdApplicationUntilProxyStarts: true
  proxyAdminPort: 15000
  proxyMetadata:
    EXIT_ON_ZERO_ACTIVE_CONNECTIONS: "true"
    ISTIO_META_DNS_CAPTURE: "true"
  serviceCluster: istio-proxy
  statNameLength: 189
  statusPort: 15020
  terminationDrainDuration: 5s
  tracing:
    customTags:
      cluster:
        literal:
          value: cluster-0
defaultDestinationRuleExportTo:
- '*'
defaultProviders:
  metrics:
  - prometheus
defaultServiceExportTo:
- '*'
defaultVirtualServiceExportTo:
- '*'
discoverySelectors:
- matchLabels:
    istio.io/rev: stable
- matchLabels:
    tetrate.io/rev: stable
- matchExpressions:
  - key: istio.io/rev
    operator: DoesNotExist
dnsRefreshRate: 60s
enableAutoMtls: true
enableEnvoyAccessLogService: true
enablePrometheusMerge: true
enableTracing: true
extensionProviders:
- name: prometheus
  prometheus: {}
- name: stackdriver
  stackdriver: {}
- envoyFileAccessLog:
    path: /dev/stdout
  name: envoy
inboundTrafficPolicy: {}
ingressClass: istio
ingressControllerMode: STRICT
ingressService: istio-ingressgateway
localityLbSetting:
  enabled: true
outboundTrafficPolicy:
  mode: ALLOW_ANY
protocolDetectionTimeout: 0s
proxyInboundListenPort: 15006
proxyListenPort: 15001
rootNamespace: istio-system
trustDomain: cluster.local
trustDomainAliases:
- cluster.local

2026-05-20T18:17:34.323231Z	info	version: 1.28.3-3b82a7d635-3b82a7d6352fc165489aa5c5be1077c6b705b4c9-Clean
2026-05-20T18:17:34.323741Z	info	flags: CniNamespace: istio-system
CtrlZOptions:
  Address: localhost
  EnablePprof: false
  Port: 9876
DiscoveryRevisions:
  global: {}
  stable: {}
InjectionOptions:
  InjectionDirectory: ./var/lib/istio/inject
JwtRule: ""
KeepaliveOptions:
  MaxServerConnectionAge: 1800000000000
  MaxServerConnectionAgeGrace: 10000000000
  Time: 30000000000
  Timeout: 10000000000
MeshConfigFile: ./etc/istio/config/mesh
Namespace: istio-system
NetworksConfigFile: ./etc/istio/config/meshNetworks
PodName: istiod-stable-65bd95ccc-pqdvh
RegistryOptions:
  ClusterRegistriesNamespace: istio-system
  FileDir: ""
  KubeConfig: ""
  KubeOptions:
    ClusterAliases: {}
    ClusterID: cluster-0
    CniNamespace: ""
    ConfigCluster: false
    DiscoveryRevisions:
      global: {}
      stable: {}
    DomainSuffix: cluster.local
    KrtDebugger: null
    KubernetesAPIBurst: 160
    KubernetesAPIQPS: 80
    MeshNetworksWatcher: null
    MeshServiceController: null
    MeshWatcher: null
    Metrics: null
    Revision: stable
    StatusWritingEnabled: null
    SyncTimeout: 0
    SystemNamespace: ""
    XDSUpdater: null
  Registries:
  - Kubernetes
Revision: stable
ServerOptions:
  EnableProfiling: true
  GRPCAddr: :15010
  HTTPAddr: :8080
  HTTPSAddr: :15017
  MonitoringAddr: :15014
  SecureGRPCAddr: :15012
  TLSOptions:
    CaCertFile: ""
    CertFile: ""
    CipherSuites: null
    KeyFile: ""
    TLSCipherSuites: null
ShutdownDuration: 10000000000

2026-05-20T18:17:34.330344Z	info	sync complete	name=discovery filter attempt=3 time=6.463959ms
2026-05-20T18:17:34.330472Z	info	initializing mesh networks configuration ./etc/istio/config/meshNetworks
2026-05-20T18:17:34.330661Z	info	sync complete	name=MeshNetworks attempt=1 time=375ns
2026-05-20T18:17:34.330734Z	info	sync complete	name=MeshNetworks attempt=1 time=125ns
2026-05-20T18:17:34.330779Z	info	sync complete	name=ConfigMap_istio-stable attempt=1 time=1.917µs
2026-05-20T18:17:34.330792Z	info	krt	ConfigMap_istio-stable synced	owner=ConfigMap_istio-stable
2026-05-20T18:17:34.330808Z	info	sync complete	name=ConfigMap_istio-stable_meshNetworks attempt=1 time=125ns
2026-05-20T18:17:34.330828Z	info	sync complete	name=ConfigMap_istio-stable_meshNetworks attempt=1 time=166ns
2026-05-20T18:17:34.334291Z	info	sync complete	name=ConfigMap_istio-stable handler attempt=2 time=3.403959ms
2026-05-20T18:17:34.334425Z	info	krt	ConfigMap_istio-stable_meshNetworks synced (uid 9)	owner=ConfigMap_istio-stable_meshNetworks
2026-05-20T18:17:34.334793Z	info	krt	MeshNetworks synced (uid 11)	owner=MeshNetworks
2026-05-20T18:17:34.334887Z	info	mesh networks configuration: {}

2026-05-20T18:17:34.334927Z	info	initializing mesh handlers
2026-05-20T18:17:34.335050Z	info	model	reloading network gateways
2026-05-20T18:17:34.335059Z	info	creating CA and initializing public key
2026-05-20T18:17:34.335079Z	info	Using istiod file format for signing ca files
2026-05-20T18:17:34.335103Z	info	Use local CA certificate
2026-05-20T18:17:34.336223Z	info	Added cacerts files watcher at ./etc/cacerts
2026-05-20T18:17:34.336301Z	info	initializing controllers
2026-05-20T18:17:34.337716Z	info	sync complete	name=gateway/informer/Namespaces attempt=1 time=1.208µs
2026-05-20T18:17:34.337796Z	info	krt	gateway/informer/Namespaces synced	owner=gateway/informer/Namespaces
2026-05-20T18:17:34.337999Z	info	krt	gateway/ListenerSets synced (uid 99)	owner=gateway/ListenerSets
2026-05-20T18:17:34.338059Z	info	krt	gateway/InferenceExtension synced (uid 104)	owner=gateway/InferenceExtension
2026-05-20T18:17:34.338098Z	info	krt	gateway/TCPRoute/count synced (uid 106)	owner=gateway/TCPRoute/count
2026-05-20T18:17:34.338144Z	info	krt	gateway/TCPAncestors synced (uid 107)	owner=gateway/TCPAncestors
2026-05-20T18:17:34.338170Z	info	krt	gateway/TCPRoute synced (uid 109)	owner=gateway/TCPRoute
2026-05-20T18:17:34.338204Z	info	krt	gateway/TLSRoute/count synced (uid 110)	owner=gateway/TLSRoute/count
2026-05-20T18:17:34.338227Z	info	krt	gateway/TLSAncestors synced (uid 111)	owner=gateway/TLSAncestors
2026-05-20T18:17:34.338263Z	info	krt	gateway/TLSRoute synced (uid 113)	owner=gateway/TLSRoute
2026-05-20T18:17:34.338581Z	info	krt	gateway/BackendTrafficPolicy synced (uid 133)	owner=gateway/BackendTrafficPolicy
2026-05-20T18:17:34.341918Z	info	Adding Kubernetes registry adapter
2026-05-20T18:17:34.342152Z	info	Discover server subject alt names: [istio-pilot.istio-system.svc istiod-remote.istio-system.svc istiod-stable.istio-system.svc istiod.istio-system.svc]
2026-05-20T18:17:34.342193Z	info	initializing Istiod DNS certificates host: istiod-stable.istio-system.svc, custom host: 
2026-05-20T18:17:34.355810Z	info	Generating istiod-signed cert for [istio-pilot.istio-system.svc istiod-remote.istio-system.svc istiod-stable.istio-system.svc istiod.istio-system.svc]:
 -----BEGIN CERTIFICATE-----
MIIDsDCCApigAwIBAgIQMT1rDIyooHBT077bDIttKDANBgkqhkiG9w0BAQsFADA+
MRIwEAYDVQQHEwljbHVzdGVyLTAxDjAMBgNVBAoTBUlzdGlvMRgwFgYDVQQDEw9J
bnRlcm1lZGlhdGUgQ0EwHhcNMjYwNTIwMTgxNTM0WhcNMzYwNTE3MTgxNzM0WjAA
MIIBIjANBgkqhkiG9w0BAQEFAAOCAQ8AMIIBCgKCAQEAovs0b/33hiNmo6apDh80
tJhp7L4wDEvrYaJk63rFhvG3d8aIpik+ZQXRf8n4se9TOc+HiXuLNkOtDj9HwL0Q
U2BjvGUGhLn/ReBtmsqUMhpwEjWacSftDUUlpTnEzdkuY2ZA3e3CjjUmrcfg9HWR
YhnwaJI+GvUifw6+v3avAfmnCjl/ElJo21X5P1W20ie4if2/m8qRZo1xySBXzCrI
LbsqOlvVY2FAff5tozXGveNTgRCVtptIKKxI58nPmJTSgtcy+OogHQ+38WQdjDKK
uZc7VvVvdDW2vvtXVGeNj1atLNJueGv8QgswxVYarXEvcB0yf7ofSQI4GRG8kTKP
3wIDAQABo4HnMIHkMA4GA1UdDwEB/wQEAwIFoDAdBgNVHSUEFjAUBggrBgEFBQcD
AQYIKwYBBQUHAwIwDAYDVR0TAQH/BAIwADAfBgNVHSMEGDAWgBQG9GYjfpue1VCL
N7bE5QtUKzD55TCBgwYDVR0RAQH/BHkwd4IcaXN0aW8tcGlsb3QuaXN0aW8tc3lz
dGVtLnN2Y4IeaXN0aW9kLXJlbW90ZS5pc3Rpby1zeXN0ZW0uc3Zjgh5pc3Rpb2Qt
c3RhYmxlLmlzdGlvLXN5c3RlbS5zdmOCF2lzdGlvZC5pc3Rpby1zeXN0ZW0uc3Zj
MA0GCSqGSIb3DQEBCwUAA4IBAQCTlG6SCQxsJdjL9tE4DQOb68hv9Td32f9M8YEf
tTzGIZeb0cWJ/XRhl9UYGkDZzj6MQnLd28qnSeES1HKPFhqkGmawe61tbQOciqdO
cKMlQpaaDyPSWqoagV/096xGYYpJpkfvhlivOTwr2VlxeiSPEGGtOqdTUCnwiNh8
cKNqNVQ3LrspJgO8Hrhe6uW3bP5OrGO6ypgcir3Ph8u8Y4KK/j8n90ViJ7vzCU1r
/3DhvbbA18yHwtnwwiDXJHLMIJwGYuFvxrqRbfhze/m81C48KhZUEgoofeJcwUvF
n4HnSM3EOTTOUYdZLHJl5PyKG/LsrIEljauXGlyUDAqwraYe
-----END CERTIFICATE-----
-----BEGIN CERTIFICATE-----
MIIDUjCCAjqgAwIBAgIRAKju5suFd1LddhaxSIWLWg4wDQYJKoZIhvcNAQELBQAw
ADAeFw0yNjA1MjAxODE2MjZaFw0yNzA1MjAxODE2MjZaMD4xEjAQBgNVBAcTCWNs
dXN0ZXItMDEOMAwGA1UEChMFSXN0aW8xGDAWBgNVBAMTD0ludGVybWVkaWF0ZSBD
QTCCASIwDQYJKoZIhvcNAQEBBQADggEPADCCAQoCggEBAMAyq80Xvtq5G/44xAvz
0g9SUI1nPhZ/ituGVPgIy6l/CgUeOHV9nGjfJN3FJ6Jckuys6J33h+2/oVAdQBV9
j4jT9ruu5rtd4EeV431ccWvggEvDpe8X9c8uz87pRiVM3ejAdlud3HGs9U6DY1g8
9H/4WF7Hwr3VpwnW/ID1C+MVTN9YZLQzKA4rP2yESLRHRWF+g6GHM8Llz9gflZhD
PukCGpAw8mcscg1kH6WeMl28xqIRLxKBUQ+eUKwAC6oAKFEmNbKp1ER3dpv9DOAn
cZFgiYAk//m0qSEAIk30AQe93rqTXFwID4Uaw7Aqh5chxbBZKXMKfUbpHMJoFv1K
sKkCAwEAAaOBiDCBhTAOBgNVHQ8BAf8EBAMCAuQwDwYDVR0TAQH/BAUwAwEB/zAd
BgNVHQ4EFgQUBvRmI36bntVQize2xOULVCsw+eUwHwYDVR0jBBgwFoAURWAQ5WA5
mttPe4Ln8jaoeAWAH6YwIgYDVR0RBBswGYIXaXN0aW9kLmlzdGlvLXN5c3RlbS5z
dmMwDQYJKoZIhvcNAQELBQADggEBAE02m90h3O85nPII9xw5j6EL7NJo/nPVnz7E
hiZZsWYPU4d9UHBbqrKID3uSHtuQ5CV9v6GpopXjT3mgY7DLE8Q7K1+BxgYAhl4k
/INiSEK67VM/XwHh5Wz/XMfDRH+HOb+ov+6ltghDiTlfJUMgj8T7Qtdo8TYskJUM
moNES/k6zktItHauQR8zBrAepxjM69fljAeU28W8mHohVHhKGkyFhxWTdOsFyGoa
jz03Est5pvrWEn9qrOpVmKWacTceV8n0Hjd9KA5lA07TuIO59OkMED65LcGdY1BL
5YMZVk6B6ZSrntOfEqKWztom2h6ZvxsysaJiC9ZQMtE0HXQNB/s=
-----END CERTIFICATE-----

-----BEGIN CERTIFICATE-----
MIIDEjCCAfqgAwIBAgIQbgvP8M2vqN5M2UBBS9FcezANBgkqhkiG9w0BAQsFADAA
MB4XDTI2MDUyMDE4MTAyN1oXDTI3MDUyMDE4MTAyN1owADCCASIwDQYJKoZIhvcN
AQEBBQADggEPADCCAQoCggEBAMx8kCtoFSNzKNyDDJMdlVzHdZserXrrTqm6jWVt
cyIzX2LoDnu659MIwUlTPA3CUzCiu/GsUSB7dRfCLapMWOVHpHXEfPH8R3eIYcb4
s8iZFnr+J+zTPCPCrnIcUE07uYVOjaoD2treBBPfUes/ZR54d+lDUyHFYA0lMZ2J
54ykiAdcluLhMbbIZguMCQWWyxyJ07jNzGFd0whs01FrVb39uHz4u2YkEAXbjGdn
3+Q8dtB3uYQRni/V17nWvlvX/A63UJDq/7y5k+qMN6O6DMHubMbM534AhCiTUxLq
2pgTNuBKkBKO4jB4xxe5zlzM4TAPvsb0OGEUVf96WvcqX8kCAwEAAaOBhzCBhDAO
BgNVHQ8BAf8EBAMCAgQwDwYDVR0lBAgwBgYEVR0lADAPBgNVHRMBAf8EBTADAQH/
MB0GA1UdDgQWBBRFYBDlYDma2097gufyNqh4BYAfpjAxBgNVHREBAf8EJzAlhiNz
cGlmZmU6Ly94Y3AudGV0cmF0ZS5pby9pc3Rpb1Jvb3RDQTANBgkqhkiG9w0BAQsF
AAOCAQEAMN2WZG1xWOR6XfHUCTb7WnhBk6YnnzLW/gLYK+pdu6KFT5F+0j7K+enm
MgGOpPPXA0yG4vAzGK8N/mdC1Q/td15Lum4yS1UniZcr2upcx4zFav+0Xo8mINYi
QhodTep7BV2AdjimnTI07XTgBiT2VRTM46gEEcyXSs14/cwRy04nj5TlwixnD+A8
RDc/MfBN/CSK/lxEPFv6JcXfNrIQGF6gOZwia67DJcXa/chEWIxrqqRu8MdDECQu
tUAx4qU9RVp3Xch4FytGMRxidaQ0P3qe4WzHjvFGCN3+NhGHxWKLFMwZdO9j7zcy
FOVuKdR9ZWJvG/3ZZXyyR/zeHC62Tg==
-----END CERTIFICATE-----

2026-05-20T18:17:34.355917Z	info	Using istiod file format for signing ca files
2026-05-20T18:17:34.355943Z	info	Use root cert from etc/cacerts/root-cert.pem
2026-05-20T18:17:34.356660Z	info	x509 cert - Issuer: "CN=Intermediate CA,O=Istio,L=cluster-0", Subject: "", SN: 313d6b0c8ca8a07053d3bedb0c8b6d28, NotBefore: "2026-05-20T18:15:34Z", NotAfter: "2036-05-17T18:17:34Z"
2026-05-20T18:17:34.356731Z	info	x509 cert - Issuer: "", Subject: "CN=Intermediate CA,O=Istio,L=cluster-0", SN: a8eee6cb857752dd7616b148858b5a0e, NotBefore: "2026-05-20T18:16:26Z", NotAfter: "2027-05-20T18:16:26Z"
2026-05-20T18:17:34.356754Z	info	x509 cert - Issuer: "", Subject: "", SN: 6e0bcff0cdafa8de4cd940414bd15c7b, NotBefore: "2026-05-20T18:10:27Z", NotAfter: "2027-05-20T18:10:27Z"
2026-05-20T18:17:34.356760Z	info	Istiod certificates are reloaded
2026-05-20T18:17:34.356795Z	info	spiffe	Added 1 certs to trust domain cluster.local in peer cert verifier
2026-05-20T18:17:34.356801Z	info	initializing secure discovery service
2026-05-20T18:17:34.356824Z	info	initializing secure webhook server for istiod webhooks
2026-05-20T18:17:34.365322Z	info	initializing sidecar injector
2026-05-20T18:17:34.383759Z	info	initializing config validator
2026-05-20T18:17:34.383798Z	info	initializing registry event handlers
2026-05-20T18:17:34.383852Z	info	starting discovery service
2026-05-20T18:17:34.383858Z	info	initializing CA server with IstioD CA
2026-05-20T18:17:34.385212Z	info	Starting Istiod Server with primary cluster cluster-0
2026-05-20T18:17:34.385373Z	info	kube	Initializing Kubernetes service registry "cluster-0"
2026-05-20T18:17:34.385635Z	info	status	Starting status manager
2026-05-20T18:17:34.385652Z	info	status	Starting status manager
2026-05-20T18:17:34.385705Z	info	Starting validation controller
2026-05-20T18:17:34.385723Z	info	Starting ADS server
2026-05-20T18:17:34.385731Z	info	starting CA server
2026-05-20T18:17:34.385806Z	info	Istiod CA has started
2026-05-20T18:17:34.385838Z	info	cluster "cluster-0" kube client started
2026-05-20T18:17:34.385867Z	info	ControlZ available at 127.0.0.1:9876
2026-05-20T18:17:34.385989Z	info	Starting multicluster remote secrets controller
2026-05-20T18:17:34.386087Z	info	klog	attempting to acquire leader lease istio-system/istio-ip-autoallocate...
2026-05-20T18:17:34.386312Z	info	klog	attempting to acquire leader lease istio-system/istio-gateway-status-leader-stable...
2026-05-20T18:17:34.386407Z	info	klog	attempting to acquire leader lease istio-system/istio-gateway-deployment-stable...
2026-05-20T18:17:34.386473Z	info	klog	attempting to acquire leader lease istio-system/istio-analyze-leader...
2026-05-20T18:17:34.386573Z	info	klog	attempting to acquire leader lease istio-system/istio-leader...
2026-05-20T18:17:34.386736Z	info	Starting ingress controller
2026-05-20T18:17:34.386830Z	info	controllers	starting	controller=healthcheck
2026-05-20T18:17:34.388349Z	info	kube	Starting Pilot K8S CRD controller	controller=crd-controller
2026-05-20T18:17:34.388364Z	info	kube	controller "gateway.networking.k8s.io/v1/GRPCRoute" is syncing...	controller=crd-controller
2026-05-20T18:17:34.388401Z	info	controllers	starting	controller=auto-register existing connections
2026-05-20T18:17:34.388408Z	info	controllers	starting	controller=unregister_workloadentry
2026-05-20T18:17:34.388489Z	info	controllers	starting	controller=inference pool shadow service reconciler
2026-05-20T18:17:34.391289Z	info	kube	controller "security.istio.io/v1/AuthorizationPolicy" is syncing...	controller=crd-controller
2026-05-20T18:17:34.393574Z	info	sync complete	name=validation attempt=3 time=6.746917ms
2026-05-20T18:17:34.393661Z	info	controllers	starting	controller=validation
2026-05-20T18:17:34.396340Z	info	kube	controller "networking.istio.io/v1/WorkloadGroup" is syncing...	controller=crd-controller
2026-05-20T18:17:34.397359Z	info	sync complete	name=ingress/informer/Nodes attempt=5 time=55.688417ms
2026-05-20T18:17:34.397430Z	info	krt	ingress/informer/Nodes synced	owner=ingress/informer/Nodes
2026-05-20T18:17:34.400191Z	info	sync complete	name=multicluster remote secrets attempt=4 time=14.182ms
2026-05-20T18:17:34.400298Z	info	multicluster remote secrets controller cache synced in 14.307625ms
2026-05-20T18:17:34.400311Z	info	controllers	starting	controller=multicluster secret
2026-05-20T18:17:34.401065Z	info	sync complete	name=ingress/informer/IngressClasses attempt=5 time=59.408333ms
2026-05-20T18:17:34.401093Z	info	krt	ingress/informer/IngressClasses synced	owner=ingress/informer/IngressClasses
2026-05-20T18:17:34.401100Z	info	sync complete	name=ingress/informer/Ingresses attempt=5 time=59.438584ms
2026-05-20T18:17:34.401109Z	info	krt	ingress/informer/Ingresses synced	owner=ingress/informer/Ingresses
2026-05-20T18:17:34.401131Z	info	sync complete	name=ingress/informer/Ingresses handler attempt=1 time=500ns
2026-05-20T18:17:34.401169Z	info	krt	ingress/SupportedIngresses synced (uid 153)	owner=ingress/SupportedIngresses
2026-05-20T18:17:34.401683Z	info	krt	ingress/DerivedVirtualServices synced (uid 158)	owner=ingress/DerivedVirtualServices
2026-05-20T18:17:34.401736Z	info	krt	ingress/IngressRuleCollection synced (uid 154)	owner=ingress/IngressRuleCollection
2026-05-20T18:17:34.401761Z	info	krt	ingress/DerivedVirtualServices synced (uid 157)	owner=ingress/DerivedVirtualServices
2026-05-20T18:17:34.401852Z	info	sync complete	name=ingress/informer/Pods attempt=5 time=60.178209ms
2026-05-20T18:17:34.401870Z	info	krt	ingress/informer/Pods synced	owner=ingress/informer/Pods
2026-05-20T18:17:34.403250Z	info	sync complete	name=configmap istio-sidecar-injector-stable attempt=4 time=16.432166ms
2026-05-20T18:17:34.403341Z	info	controllers	starting	controller=configmap istio-sidecar-injector-stable
2026-05-20T18:17:34.403392Z	info	sync complete	name=default revision attempt=4 time=15.04325ms
2026-05-20T18:17:34.403479Z	info	controllers	starting	controller=default revision
2026-05-20T18:17:34.403656Z	info	klog	successfully acquired lease istio-system/istio-ip-autoallocate
2026-05-20T18:17:34.420770Z	info	sync complete	name=default revision attempt=4 time=32.44675ms
2026-05-20T18:17:34.420836Z	info	controllers	starting	controller=default revision
2026-05-20T18:17:34.420855Z	info	sync complete	name=default revision attempt=4 time=32.526417ms
2026-05-20T18:17:34.420998Z	info	controllers	starting	controller=default revision
2026-05-20T18:17:34.421049Z	info	sync complete	name=default revision attempt=4 time=32.708292ms
2026-05-20T18:17:34.421077Z	info	controllers	starting	controller=default revision
2026-05-20T18:17:34.421098Z	info	leader election lock obtained: istio-ip-autoallocate
2026-05-20T18:17:34.421220Z	info	sync complete	name=crd watcher attempt=4 time=35.372084ms
2026-05-20T18:17:34.421232Z	info	controllers	starting	controller=crd watcher
2026-05-20T18:17:34.421348Z	info	authorizationpolicies.security.istio.io is now ready, building client
2026-05-20T18:17:34.421376Z	info	backendtlspolicies.gateway.networking.k8s.io is now ready, building client
2026-05-20T18:17:34.421384Z	info	backendtlspolicies.gateway.networking.k8s.io is now ready, building client
2026-05-20T18:17:34.421396Z	info	destinationrules.networking.istio.io is now ready, building client
2026-05-20T18:17:34.421403Z	info	envoyfilters.networking.istio.io is now ready, building client
2026-05-20T18:17:34.421411Z	info	gatewayclasses.gateway.networking.k8s.io is now ready, building client
2026-05-20T18:17:34.421418Z	info	gatewayclasses.gateway.networking.k8s.io is now ready, building client
2026-05-20T18:17:34.421425Z	info	gateways.gateway.networking.k8s.io is now ready, building client
2026-05-20T18:17:34.421430Z	info	gateways.gateway.networking.k8s.io is now ready, building client
2026-05-20T18:17:34.421433Z	info	gateways.gateway.networking.k8s.io is now ready, building client
2026-05-20T18:17:34.421440Z	info	gateways.networking.istio.io is now ready, building client
2026-05-20T18:17:34.421449Z	info	grpcroutes.gateway.networking.k8s.io is now ready, building client
2026-05-20T18:17:34.421452Z	info	grpcroutes.gateway.networking.k8s.io is now ready, building client
2026-05-20T18:17:34.421458Z	info	httproutes.gateway.networking.k8s.io is now ready, building client
2026-05-20T18:17:34.421461Z	info	httproutes.gateway.networking.k8s.io is now ready, building client
2026-05-20T18:17:34.421471Z	info	peerauthentications.security.istio.io is now ready, building client
2026-05-20T18:17:34.421483Z	info	proxyconfigs.networking.istio.io is now ready, building client
2026-05-20T18:17:34.421493Z	info	referencegrants.gateway.networking.k8s.io is now ready, building client
2026-05-20T18:17:34.421498Z	info	referencegrants.gateway.networking.k8s.io is now ready, building client
2026-05-20T18:17:34.421507Z	info	requestauthentications.security.istio.io is now ready, building client
2026-05-20T18:17:34.421692Z	info	serviceentries.networking.istio.io is now ready, building client
2026-05-20T18:17:34.421710Z	info	serviceentries.networking.istio.io is now ready, building client
2026-05-20T18:17:34.421722Z	info	sidecars.networking.istio.io is now ready, building client
2026-05-20T18:17:34.421743Z	info	telemetries.telemetry.istio.io is now ready, building client
2026-05-20T18:17:34.421751Z	info	virtualservices.networking.istio.io is now ready, building client
2026-05-20T18:17:34.421761Z	info	wasmplugins.extensions.istio.io is now ready, building client
2026-05-20T18:17:34.421768Z	info	workloadentries.networking.istio.io is now ready, building client
2026-05-20T18:17:34.421853Z	info	workloadgroups.networking.istio.io is now ready, building client
2026-05-20T18:17:34.422218Z	info	kube	controller "security.istio.io/v1/PeerAuthentication" is syncing...	controller=crd-controller
2026-05-20T18:17:34.422252Z	info	sync complete	name=tag watcher attempt=4 time=33.765292ms
2026-05-20T18:17:34.422278Z	info	controllers	starting	controller=tag
2026-05-20T18:17:34.422296Z	info	sync complete	name=default revision attempt=4 time=33.958542ms
2026-05-20T18:17:34.422337Z	info	controllers	starting	controller=default revision
2026-05-20T18:17:34.422379Z	info	sync complete	name=tag watcher attempt=4 time=33.997459ms
2026-05-20T18:17:34.422397Z	info	controllers	starting	controller=tag
2026-05-20T18:17:34.423077Z	info	sync complete	name=crdclient/informer/Ingress attempt=6 time=85.370333ms
2026-05-20T18:17:34.423108Z	info	krt	crdclient/informer/Ingress synced	owner=crdclient/informer/Ingress
2026-05-20T18:17:34.423116Z	info	sync complete	name=gateway/informer/Secrets attempt=6 time=85.311541ms
2026-05-20T18:17:34.423131Z	info	krt	gateway/informer/Secrets synced	owner=gateway/informer/Secrets
2026-05-20T18:17:34.423138Z	info	sync complete	name=gateway/informer/ConfigMaps attempt=6 time=85.320042ms
2026-05-20T18:17:34.423152Z	info	krt	gateway/informer/ConfigMaps synced	owner=gateway/informer/ConfigMaps
2026-05-20T18:17:34.423157Z	info	sync complete	name=gateway/informer/Services attempt=6 time=85.334333ms
2026-05-20T18:17:34.423167Z	info	krt	gateway/informer/Services synced	owner=gateway/informer/Services
2026-05-20T18:17:34.423192Z	info	sync complete	name=ingress tag watcher attempt=5 time=36.430958ms
2026-05-20T18:17:34.423223Z	info	sync complete	name=tag watcher attempt=5 time=36.98625ms
2026-05-20T18:17:34.423256Z	info	controllers	starting	controller=tag
2026-05-20T18:17:34.423268Z	info	sync complete	name=webhook patcher attempt=5 time=36.4595ms
2026-05-20T18:17:34.423281Z	info	controllers	starting	controller=webhook patcher
2026-05-20T18:17:34.426553Z	info	sync complete	name=crd watcher attempt=1 time=1.167µs
2026-05-20T18:17:34.429279Z	info	validationController	Not ready to switch validation to fail-closed: dummy invalid config not rejected
2026-05-20T18:17:34.429633Z	info	klog	successfully acquired lease istio-system/istio-leader
2026-05-20T18:17:34.429856Z	info	klog	successfully acquired lease istio-system/istio-analyze-leader
2026-05-20T18:17:34.439504Z	info	sync complete	name=gateway tag watcher attempt=5 time=51.125666ms
2026-05-20T18:17:34.439671Z	info	klog	successfully acquired lease istio-system/istio-gateway-status-leader-stable
2026-05-20T18:17:34.440293Z	info	leader election lock obtained: istio-leader
2026-05-20T18:17:34.440313Z	info	Starting ingress status writer
2026-05-20T18:17:34.440342Z	info	leader election lock obtained: istio-analyze-leader
2026-05-20T18:17:34.440726Z	error	kube	translation function for core/v1alpha1/MeshNetworks not found	controller=analysis-controller
2026-05-20T18:17:34.440763Z	error	kube	translation function for core/v1alpha1/MeshConfig not found	controller=analysis-controller
2026-05-20T18:17:34.440851Z	info	sync complete	name=crd watcher attempt=1 time=875ns
2026-05-20T18:17:34.440983Z	info	klog	successfully acquired lease istio-system/istio-gateway-deployment-stable
2026-05-20T18:17:34.441087Z	info	sync complete	name=ingress/informer/Services attempt=6 time=99.42175ms
2026-05-20T18:17:34.441100Z	info	krt	ingress/informer/Services synced	owner=ingress/informer/Services
2026-05-20T18:17:34.441127Z	info	sync complete	name=crd watcher attempt=5 time=55.286084ms
2026-05-20T18:17:34.441385Z	info	kube	controller "security.istio.io/v1/AuthorizationPolicy" is syncing...	controller=crd-controller
2026-05-20T18:17:34.441395Z	info	leader election lock obtained: istio-gateway-status-leader-stable
2026-05-20T18:17:34.441425Z	info	waiting for gateway status writer activation
2026-05-20T18:17:34.441433Z	info	Starting gateway status writer for revision: stable
2026-05-20T18:17:34.446479Z	info	sync complete	name=crdclient/informer/Namespace attempt=1 time=1.583µs
2026-05-20T18:17:34.446532Z	info	krt	crdclient/informer/Namespace synced	owner=crdclient/informer/Namespace
2026-05-20T18:17:34.446588Z	info	sync complete	name=crdclient/informer/ConfigMap attempt=1 time=375ns
2026-05-20T18:17:34.446599Z	info	krt	crdclient/informer/ConfigMap synced	owner=crdclient/informer/ConfigMap
2026-05-20T18:17:34.446631Z	info	sync complete	name=crdclient/informer/Secret attempt=1 time=459ns
2026-05-20T18:17:34.446639Z	info	krt	crdclient/informer/Secret synced	owner=crdclient/informer/Secret
2026-05-20T18:17:34.446675Z	info	sync complete	name=crdclient/informer/Node attempt=1 time=375ns
2026-05-20T18:17:34.446684Z	info	krt	crdclient/informer/Node synced	owner=crdclient/informer/Node
2026-05-20T18:17:34.446708Z	info	sync complete	name=crdclient/informer/MutatingWebhookConfiguration attempt=1 time=333ns
2026-05-20T18:17:34.446716Z	info	krt	crdclient/informer/MutatingWebhookConfiguration synced	owner=crdclient/informer/MutatingWebhookConfiguration
2026-05-20T18:17:34.446736Z	info	sync complete	name=crdclient/informer/Service attempt=1 time=417ns
2026-05-20T18:17:34.446743Z	info	krt	crdclient/informer/Service synced	owner=crdclient/informer/Service
2026-05-20T18:17:34.446768Z	info	sync complete	name=crdclient/informer/Pod attempt=1 time=583ns
2026-05-20T18:17:34.446777Z	info	krt	crdclient/informer/Pod synced	owner=crdclient/informer/Pod
2026-05-20T18:17:34.447030Z	info	leader election lock obtained: istio-gateway-deployment-stable
2026-05-20T18:17:34.447213Z	info	sync complete	name=crd watcher attempt=1 time=375ns
2026-05-20T18:17:34.447474Z	info	sync complete	name=ingress/informer/Services handler attempt=3 time=6.352708ms
2026-05-20T18:17:34.447578Z	info	krt	ingress/ServiceWithPorts synced (uid 150)	owner=ingress/ServiceWithPorts
2026-05-20T18:17:34.453664Z	info	sync complete	name=kube controller attempt=6 time=65.276042ms
2026-05-20T18:17:34.453702Z	info	kube	kube controller for cluster-0 synced after 65.317292ms
2026-05-20T18:17:34.453862Z	info	model	Full push, new service istio-system/xcp-edge-internal.istio-system.svc.cluster.local
2026-05-20T18:17:34.453878Z	info	model	Full push, new service istio-system/xcp-operator-edge.istio-system.svc.cluster.local
2026-05-20T18:17:34.453890Z	info	model	Full push, new service kube-system/kube-dns.kube-system.svc.cluster.local
2026-05-20T18:17:34.453898Z	info	model	Full push, new service metallb-system/metallb-webhook-service.metallb-system.svc.cluster.local
2026-05-20T18:17:34.453906Z	info	model	Full push, new service xcp-system/xcp-central-headless.xcp-system.svc.cluster.local
2026-05-20T18:17:34.453915Z	info	model	Full push, new service default/kubernetes.default.svc.cluster.local
2026-05-20T18:17:34.453924Z	info	model	Full push, new service kube-system/metrics-server.kube-system.svc.cluster.local
2026-05-20T18:17:34.453932Z	info	model	Full push, new service xcp-system/xcp-central-internal.xcp-system.svc.cluster.local
2026-05-20T18:17:34.453942Z	info	model	Full push, new service xcp-system/xcp-central.xcp-system.svc.cluster.local
2026-05-20T18:17:34.453958Z	info	model	Full push, new service xcp-system/xcp-operator-central.xcp-system.svc.cluster.local
2026-05-20T18:17:34.453966Z	info	model	Full push, new service cert-manager/cert-manager.cert-manager.svc.cluster.local
2026-05-20T18:17:34.453974Z	info	model	Full push, new service cert-manager/cert-manager-webhook.cert-manager.svc.cluster.local
2026-05-20T18:17:34.453991Z	info	model	Incremental push, service istiod-stable.istio-system.svc.cluster.local at shard Kubernetes/cluster-0 has no endpoints
2026-05-20T18:17:34.453993Z	info	model	reloading network gateways
2026-05-20T18:17:34.454070Z	info	model	Incremental push, service istiod-stable.istio-system.svc.cluster.local at shard Kubernetes/cluster-0 has no endpoints
2026-05-20T18:17:34.454469Z	info	validationController	successfully updated	name=istio-validator-stable-istio-system resource version=2733
2026-05-20T18:17:34.454477Z	error	controllers	error handling istio-validator-stable-istio-system, retrying (retry count: 1): webhook is not ready, retry	controller=validation
2026-05-20T18:17:34.454576Z	info	sync complete	name=crdclient/informer/ValidatingWebhookConfiguration attempt=3 time=7.870917ms
2026-05-20T18:17:34.454588Z	info	krt	crdclient/informer/ValidatingWebhookConfiguration synced	owner=crdclient/informer/ValidatingWebhookConfiguration
2026-05-20T18:17:34.454593Z	info	sync complete	name=crdclient/informer/Deployment attempt=3 time=7.890459ms
2026-05-20T18:17:34.454597Z	info	krt	crdclient/informer/Deployment synced	owner=crdclient/informer/Deployment
2026-05-20T18:17:34.457809Z	info	sync complete	name=IP Autoallocator attempt=5 time=36.606917ms
2026-05-20T18:17:34.457847Z	info	controllers	starting	controller=IP Autoallocator
2026-05-20T18:17:34.460684Z	info	validationController	Not ready to switch validation to fail-closed: dummy invalid config not rejected
2026-05-20T18:17:34.462567Z	info	validationController	successfully updated	name=istio-validator-stable-istio-system resource version=2733
2026-05-20T18:17:34.462614Z	error	controllers	error handling istio-validator-stable-istio-system, retrying (retry count: 2): webhook is not ready, retry	controller=validation
2026-05-20T18:17:34.473483Z	info	kube	controller "networking.istio.io/v1/Gateway" is syncing...	controller=crd-controller
2026-05-20T18:17:34.495111Z	info	sync complete	name=gateway/informer/BackendTLSPolicies attempt=7 time=157.23375ms
2026-05-20T18:17:34.495147Z	info	krt	gateway/informer/BackendTLSPolicies synced	owner=gateway/informer/BackendTLSPolicies
2026-05-20T18:17:34.495167Z	info	sync complete	name=gateway/informer/BackendTLSPolicies handler attempt=1 time=500ns
2026-05-20T18:17:34.495198Z	info	krt	gateway/BackendTLSPolicy synced (uid 136)	owner=gateway/BackendTLSPolicy
2026-05-20T18:17:34.495209Z	info	sync complete	name=gateway/informer/ReferenceGrants attempt=7 time=157.334292ms
2026-05-20T18:17:34.495216Z	info	krt	gateway/informer/ReferenceGrants synced	owner=gateway/informer/ReferenceGrants
2026-05-20T18:17:34.495225Z	info	sync complete	name=gateway/informer/ReferenceGrants handler attempt=1 time=125ns
2026-05-20T18:17:34.495234Z	info	krt	gateway/ReferenceGrants synced (uid 96)	owner=gateway/ReferenceGrants
2026-05-20T18:17:34.495238Z	info	sync complete	name=gateway/informer/ServiceEntries attempt=7 time=157.3475ms
2026-05-20T18:17:34.495242Z	info	krt	gateway/informer/ServiceEntries synced	owner=gateway/informer/ServiceEntries
2026-05-20T18:17:34.495245Z	info	sync complete	name=crdclient/informer/AuthorizationPolicy attempt=7 time=157.591542ms
2026-05-20T18:17:34.495248Z	info	krt	crdclient/informer/AuthorizationPolicy synced	owner=crdclient/informer/AuthorizationPolicy
2026-05-20T18:17:34.495250Z	info	sync complete	name=crdclient/informer/BackendTLSPolicy attempt=7 time=157.58925ms
2026-05-20T18:17:34.495254Z	info	krt	crdclient/informer/BackendTLSPolicy synced	owner=crdclient/informer/BackendTLSPolicy
2026-05-20T18:17:34.495255Z	info	sync complete	name=crdclient/informer/DestinationRule attempt=7 time=157.591ms
2026-05-20T18:17:34.495258Z	info	krt	crdclient/informer/DestinationRule synced	owner=crdclient/informer/DestinationRule
2026-05-20T18:17:34.495260Z	info	sync complete	name=crdclient/informer/EnvoyFilter attempt=7 time=157.593917ms
2026-05-20T18:17:34.495264Z	info	krt	crdclient/informer/EnvoyFilter synced	owner=crdclient/informer/EnvoyFilter
2026-05-20T18:17:34.495270Z	info	sync complete	name=crdclient/informer/Gateway attempt=7 time=157.601208ms
2026-05-20T18:17:34.495273Z	info	krt	crdclient/informer/Gateway synced	owner=crdclient/informer/Gateway
2026-05-20T18:17:34.495275Z	info	sync complete	name=crdclient/informer/GatewayClass attempt=7 time=157.605333ms
2026-05-20T18:17:34.495279Z	info	krt	crdclient/informer/GatewayClass synced	owner=crdclient/informer/GatewayClass
2026-05-20T18:17:34.495283Z	info	sync complete	name=crdclient/informer/Gateway attempt=7 time=157.60925ms
2026-05-20T18:17:34.495286Z	info	krt	crdclient/informer/Gateway synced	owner=crdclient/informer/Gateway
2026-05-20T18:17:34.495289Z	info	sync complete	name=crdclient/informer/PeerAuthentication attempt=7 time=157.613584ms
2026-05-20T18:17:34.495292Z	info	krt	crdclient/informer/PeerAuthentication synced	owner=crdclient/informer/PeerAuthentication
2026-05-20T18:17:34.495294Z	info	sync complete	name=crdclient/informer/ProxyConfig attempt=7 time=157.617875ms
2026-05-20T18:17:34.495297Z	info	krt	crdclient/informer/ProxyConfig synced	owner=crdclient/informer/ProxyConfig
2026-05-20T18:17:34.495300Z	info	sync complete	name=crdclient/informer/ReferenceGrant attempt=7 time=157.62075ms
2026-05-20T18:17:34.495302Z	info	krt	crdclient/informer/ReferenceGrant synced	owner=crdclient/informer/ReferenceGrant
2026-05-20T18:17:34.495304Z	info	sync complete	name=crdclient/informer/RequestAuthentication attempt=7 time=157.620833ms
2026-05-20T18:17:34.495307Z	info	krt	crdclient/informer/RequestAuthentication synced	owner=crdclient/informer/RequestAuthentication
2026-05-20T18:17:34.495308Z	info	sync complete	name=crdclient/informer/ServiceEntry attempt=7 time=157.623875ms
2026-05-20T18:17:34.495311Z	info	krt	crdclient/informer/ServiceEntry synced	owner=crdclient/informer/ServiceEntry
2026-05-20T18:17:34.495314Z	info	sync complete	name=crdclient/informer/Sidecar attempt=7 time=157.624916ms
2026-05-20T18:17:34.495317Z	info	krt	crdclient/informer/Sidecar synced	owner=crdclient/informer/Sidecar
2026-05-20T18:17:34.495320Z	info	sync complete	name=crdclient/informer/Telemetry attempt=7 time=157.629958ms
2026-05-20T18:17:34.495323Z	info	krt	crdclient/informer/Telemetry synced	owner=crdclient/informer/Telemetry
2026-05-20T18:17:34.495325Z	info	sync complete	name=crdclient/informer/VirtualService attempt=7 time=157.625ms
2026-05-20T18:17:34.495328Z	info	krt	crdclient/informer/VirtualService synced	owner=crdclient/informer/VirtualService
2026-05-20T18:17:34.495329Z	info	sync complete	name=crdclient/informer/WasmPlugin attempt=7 time=157.627875ms
2026-05-20T18:17:34.495334Z	info	krt	crdclient/informer/WasmPlugin synced	owner=crdclient/informer/WasmPlugin
2026-05-20T18:17:34.495344Z	info	sync complete	name=crdclient/informer/WorkloadEntry attempt=7 time=157.641583ms
2026-05-20T18:17:34.495347Z	info	krt	crdclient/informer/WorkloadEntry synced	owner=crdclient/informer/WorkloadEntry
2026-05-20T18:17:34.495349Z	info	sync complete	name=crdclient/informer/WorkloadGroup attempt=7 time=157.644125ms
2026-05-20T18:17:34.495352Z	info	krt	crdclient/informer/WorkloadGroup synced	owner=crdclient/informer/WorkloadGroup
2026-05-20T18:17:34.495354Z	info	sync complete	name=gateway/informer/GatewayClasses attempt=7 time=157.526375ms
2026-05-20T18:17:34.495360Z	info	krt	gateway/informer/GatewayClasses synced	owner=gateway/informer/GatewayClasses
2026-05-20T18:17:34.499890Z	info	sync complete	name=gateway/informer/Gateways attempt=7 time=162.0335ms
2026-05-20T18:17:34.499971Z	info	krt	gateway/informer/Gateways synced	owner=gateway/informer/Gateways
2026-05-20T18:17:34.500006Z	info	sync complete	name=gateway/informer/Gateways handler attempt=1 time=708ns
2026-05-20T18:17:34.500053Z	info	krt	gateway/KubernetesGateway synced (uid 102)	owner=gateway/KubernetesGateway
2026-05-20T18:17:34.500103Z	info	krt	gateway/GatewayFinalStatus synced (uid 141)	owner=gateway/GatewayFinalStatus
2026-05-20T18:17:34.500182Z	info	krt	gateway/AllBackendPolicies synced
2026-05-20T18:17:34.500241Z	info	krt	gateway/BackendPolicyMerged synced (uid 140)	owner=gateway/BackendPolicyMerged
2026-05-20T18:17:34.500274Z	info	sync complete	name=gateway/informer/GatewayClasses handler attempt=1 time=833ns
2026-05-20T18:17:34.500306Z	info	krt	gateway/GatewayClasses synced (uid 95)	owner=gateway/GatewayClasses
2026-05-20T18:17:34.512127Z	info	sync complete	name=crdclient/informer/CustomResourceDefinition attempt=6 time=65.410375ms
2026-05-20T18:17:34.512205Z	info	krt	crdclient/informer/CustomResourceDefinition synced	owner=crdclient/informer/CustomResourceDefinition
2026-05-20T18:17:34.538196Z	info	kube	controller "gateway.networking.k8s.io/v1beta1/HTTPRoute" is syncing...	controller=crd-controller
2026-05-20T18:17:34.555705Z	info	ads	Push debounce stable[1] 62 for config Secret/cert-manager/cert-manager-webhook-ca and 45 more configs: 101.457167ms since last change, 164.256375ms since last push, full=true
2026-05-20T18:17:34.557514Z	info	ads	XDS: Pushing Services:13 ConnectedEndpoints:0 Version:2026-05-20T18:17:34Z/1
2026-05-20T18:17:34.562595Z	info	validationController	Not ready to switch validation to fail-closed: dummy invalid config not rejected
2026-05-20T18:17:34.564199Z	info	validationController	successfully updated	name=istio-validator-stable-istio-system resource version=2733
2026-05-20T18:17:34.564221Z	error	controllers	error handling istio-validator-stable-istio-system, retrying (retry count: 3): webhook is not ready, retry	controller=validation
2026-05-20T18:17:34.596276Z	info	sync complete	name=crdclient/informer/HTTPRoute attempt=8 time=258.595709ms
2026-05-20T18:17:34.596353Z	info	krt	crdclient/informer/HTTPRoute synced	owner=crdclient/informer/HTTPRoute
2026-05-20T18:17:34.596373Z	info	sync complete	name=crdclient/informer/GRPCRoute attempt=8 time=258.702417ms
2026-05-20T18:17:34.596390Z	info	krt	crdclient/informer/GRPCRoute synced	owner=crdclient/informer/GRPCRoute
2026-05-20T18:17:34.601330Z	info	sync complete	name=gateway/informer/GRPCRoutes attempt=8 time=263.451125ms
2026-05-20T18:17:34.601426Z	info	krt	gateway/informer/GRPCRoutes synced	owner=gateway/informer/GRPCRoutes
2026-05-20T18:17:34.601464Z	info	sync complete	name=gateway/informer/GRPCRoutes handler attempt=1 time=958ns
2026-05-20T18:17:34.601537Z	info	krt	gateway/GRPCRoute/count synced (uid 121)	owner=gateway/GRPCRoute/count
2026-05-20T18:17:34.601570Z	info	sync complete	name=gateway/informer/HTTPRoutes attempt=8 time=263.708625ms
2026-05-20T18:17:34.601588Z	info	krt	gateway/informer/HTTPRoutes synced	owner=gateway/informer/HTTPRoutes
2026-05-20T18:17:34.601597Z	info	sync complete	name=gateway/informer/HTTPRoutes handler attempt=1 time=208ns
2026-05-20T18:17:34.601609Z	info	krt	gateway/HTTPRoute/count synced (uid 114)	owner=gateway/HTTPRoute/count
2026-05-20T18:17:34.601615Z	info	krt	gateway/RouteAttachments synced
2026-05-20T18:17:34.601625Z	info	sync complete	name=gateway/informer/GRPCRoutes handler attempt=1 time=167ns
2026-05-20T18:17:34.601689Z	info	krt	gateway/GRPCRoute synced (uid 124)	owner=gateway/GRPCRoute
2026-05-20T18:17:34.601800Z	info	sync complete	name=gateway/informer/GRPCRoutes handler attempt=1 time=334ns
2026-05-20T18:17:34.601828Z	info	krt	gateway/GRPCAncestors synced (uid 122)	owner=gateway/GRPCAncestors
2026-05-20T18:17:34.601847Z	info	sync complete	name=gateway/informer/HTTPRoutes handler attempt=1 time=167ns
2026-05-20T18:17:34.601864Z	info	krt	gateway/HTTPRoute synced (uid 117)	owner=gateway/HTTPRoute
2026-05-20T18:17:34.601880Z	info	sync complete	name=gateway/informer/HTTPRoutes handler attempt=1 time=83ns
2026-05-20T18:17:34.601897Z	info	krt	gateway/HTTPAncestors synced (uid 115)	owner=gateway/HTTPAncestors
2026-05-20T18:17:34.601933Z	info	krt	gateway/GRPCRouteMerged synced (uid 127)	owner=gateway/GRPCRouteMerged
2026-05-20T18:17:34.601974Z	info	krt	gateway/HTTPRouteMerged synced (uid 120)	owner=gateway/HTTPRouteMerged
2026-05-20T18:17:34.601985Z	info	krt	gateway/Ancestors synced
2026-05-20T18:17:34.601992Z	info	krt	gateway/DerivedVirtualServices synced
2026-05-20T18:17:34.627452Z	info	controllers	starting	controller=gateway class
2026-05-20T18:17:34.640008Z	info	sync complete	name=crdclient attempt=8 time=251.647ms
2026-05-20T18:17:34.640030Z	info	kube	Pilot K8S CRD controller synced in 251.680958ms	controller=crd-controller
2026-05-20T18:17:34.641283Z	warn	kube	unknown type: security.istio.io/v1/AuthorizationPolicy	controller=analysis-controller
2026-05-20T18:17:34.641295Z	warn	kube	unknown type: gateway.networking.k8s.io/v1/BackendTLSPolicy	controller=analysis-controller
2026-05-20T18:17:34.641300Z	warn	kube	unknown type: networking.istio.io/v1/DestinationRule	controller=analysis-controller
2026-05-20T18:17:34.641312Z	warn	kube	unknown type: networking.istio.io/v1alpha3/EnvoyFilter	controller=analysis-controller
2026-05-20T18:17:34.641319Z	warn	kube	unknown type: gateway.networking.k8s.io/v1/GRPCRoute	controller=analysis-controller
2026-05-20T18:17:34.641322Z	warn	kube	unknown type: networking.istio.io/v1/Gateway	controller=analysis-controller
2026-05-20T18:17:34.641330Z	warn	kube	unknown type: gateway.networking.k8s.io/v1beta1/GatewayClass	controller=analysis-controller
2026-05-20T18:17:34.641334Z	warn	kube	unknown type: gateway.networking.k8s.io/v1beta1/HTTPRoute	controller=analysis-controller
2026-05-20T18:17:34.641338Z	warn	kube	unknown type: gateway.networking.k8s.io/v1beta1/Gateway	controller=analysis-controller
2026-05-20T18:17:34.641341Z	warn	kube	unknown type: security.istio.io/v1/PeerAuthentication	controller=analysis-controller
2026-05-20T18:17:34.641345Z	warn	kube	unknown type: networking.istio.io/v1beta1/ProxyConfig	controller=analysis-controller
2026-05-20T18:17:34.641352Z	warn	kube	unknown type: gateway.networking.k8s.io/v1beta1/ReferenceGrant	controller=analysis-controller
2026-05-20T18:17:34.641355Z	warn	kube	unknown type: security.istio.io/v1/RequestAuthentication	controller=analysis-controller
2026-05-20T18:17:34.641358Z	warn	kube	unknown type: networking.istio.io/v1/ServiceEntry	controller=analysis-controller
2026-05-20T18:17:34.641407Z	warn	kube	unknown type: networking.istio.io/v1/Sidecar	controller=analysis-controller
2026-05-20T18:17:34.641414Z	warn	kube	unknown type: telemetry.istio.io/v1/Telemetry	controller=analysis-controller
2026-05-20T18:17:34.641417Z	warn	kube	unknown type: networking.istio.io/v1/VirtualService	controller=analysis-controller
2026-05-20T18:17:34.641420Z	warn	kube	unknown type: extensions.istio.io/v1alpha1/WasmPlugin	controller=analysis-controller
2026-05-20T18:17:34.641423Z	warn	kube	unknown type: networking.istio.io/v1/WorkloadEntry	controller=analysis-controller
2026-05-20T18:17:34.641426Z	warn	kube	unknown type: networking.istio.io/v1/WorkloadGroup	controller=analysis-controller
2026-05-20T18:17:34.641429Z	warn	kube	unknown type: networking.k8s.io/v1/Ingress	controller=analysis-controller
2026-05-20T18:17:34.641483Z	warn	kube	unknown type: core/v1alpha1/MeshNetworks	controller=analysis-controller
2026-05-20T18:17:34.641500Z	warn	kube	unknown type: core/v1alpha1/MeshConfig	controller=analysis-controller
2026-05-20T18:17:34.641608Z	info	sync complete	name=gateway tag watcher attempt=1 time=333ns
2026-05-20T18:17:34.641622Z	info	kube	Starting Pilot K8S CRD controller	controller=analysis-controller
2026-05-20T18:17:34.641628Z	info	sync complete	name=crdclient attempt=1 time=1.958µs
2026-05-20T18:17:34.641635Z	info	kube	Pilot K8S CRD controller synced in 12.5µs	controller=analysis-controller
2026-05-20T18:17:34.641694Z	info	sync complete	name=crd watcher attempt=1 time=125ns
2026-05-20T18:17:34.641708Z	info	controllers	starting	controller=gateway class
2026-05-20T18:17:34.641726Z	info	sync complete	name=tag watcher attempt=1 time=7.125µs
2026-05-20T18:17:34.641737Z	info	controllers	starting	controller=tag
2026-05-20T18:17:34.641739Z	info	controllers	starting	controller=inference pool shadow service reconciler
2026-05-20T18:17:34.644473Z	info	Waiting for caches to be synced
2026-05-20T18:17:34.644520Z	info	sync complete	name=server attempt=1 time=28.25µs
2026-05-20T18:17:34.644525Z	info	All controller caches have been synced up in 52.459µs
2026-05-20T18:17:34.644527Z	info	sync complete	name=push context attempt=1 time=84ns
2026-05-20T18:17:34.644530Z	info	ads	All caches have been synced up in 367.017375ms, marking server ready
2026-05-20T18:17:34.645109Z	info	kube	joining leader-election for istio-namespace-controller-election in istio-system on cluster cluster-0
2026-05-20T18:17:34.645162Z	info	klog	attempting to acquire leader lease istio-system/istio-namespace-controller-election-stable...
2026-05-20T18:17:34.645266Z	info	starting secure gRPC discovery service at [::]:15012
2026-05-20T18:17:34.645318Z	info	starting gRPC discovery service at [::]:15010
2026-05-20T18:17:34.645333Z	info	starting webhook service at [::]:15017
2026-05-20T18:17:34.645427Z	info	sync complete	name=default revision attempt=1 time=7.666µs
2026-05-20T18:17:34.645440Z	info	controllers	starting	controller=default revision
2026-05-20T18:17:34.647559Z	info	klog	successfully acquired lease istio-system/istio-namespace-controller-election-stable
2026-05-20T18:17:34.647625Z	info	leader election lock obtained: istio-namespace-controller-election-stable
2026-05-20T18:17:34.647639Z	info	kube	starting namespace controller for cluster cluster-0
2026-05-20T18:17:34.647901Z	info	sync complete	name=crd watcher attempt=1 time=459ns
2026-05-20T18:17:34.648143Z	info	sync complete	name=tag watcher attempt=1 time=4.875µs
2026-05-20T18:17:34.648161Z	info	controllers	starting	controller=tag
2026-05-20T18:17:34.650341Z	info	sync complete	name=deployment controller attempt=2 time=2.212959ms
2026-05-20T18:17:34.650354Z	info	controllers	starting	controller=gateway deployment
2026-05-20T18:17:34.748068Z	info	sync complete	name=namespace controller attempt=1 time=4.333µs
2026-05-20T18:17:34.748116Z	info	controllers	starting	controller=namespace controller
2026-05-20T18:17:34.973189Z	info	validationController	Not ready to switch validation to fail-closed: dummy invalid config not rejected
2026-05-20T18:17:34.974918Z	info	validationController	successfully updated	name=istio-validator-stable-istio-system resource version=2733
2026-05-20T18:17:34.974942Z	error	controllers	error handling istio-validator-stable-istio-system, retrying (retry count: 4): webhook is not ready, retry	controller=validation
2026-05-20T18:17:35.245726Z	info	model	Full push, new service istio-system/istiod-stable.istio-system.svc.cluster.local
2026-05-20T18:17:35.355108Z	info	ads	Push debounce stable[2] 2 for config ServiceEntry/istio-system/istiod-stable.istio-system.svc.cluster.local: 101.501333ms since last change, 109.330292ms since last push, full=true
2026-05-20T18:17:35.355470Z	info	ads	XDS: Pushing Services:13 ConnectedEndpoints:0 Version:2026-05-20T18:17:35Z/2
2026-05-20T18:17:35.787772Z	info	validationController	Not ready to switch validation to fail-closed: dummy invalid config not rejected
2026-05-20T18:17:35.791779Z	info	validationController	successfully updated	name=istio-validator-stable-istio-system resource version=2733
2026-05-20T18:17:35.791840Z	error	controllers	error handling istio-validator-stable-istio-system, retrying (retry count: 5): webhook is not ready, retry	controller=validation
2026-05-20T18:17:36.262419Z	info	sync complete	name=istiod analyzer attempt=1 time=58.667µs
2026-05-20T18:17:36.374996Z	info	ads	Push debounce stable[3] 9 for config EnvoyFilter/istio-system/global-tcp-keepalive-envoy-filter and 8 more configs: 100.26125ms since last change, 104.929917ms since last push, full=true
2026-05-20T18:17:36.375874Z	info	ads	XDS: Pushing Services:13 ConnectedEndpoints:0 Version:2026-05-20T18:17:36Z/3
2026-05-20T18:17:37.275264Z	info	sync complete	name=istiod analyzer attempt=1 time=25.334µs
2026-05-20T18:17:37.402289Z	info	validationController	Endpoint successfully rejected invalid config. Switching to fail-close.
2026-05-20T18:17:37.406561Z	info	validationController	successfully updated	name=istio-validator-stable-istio-system resource version=2784
2026-05-20T18:17:38.406923Z	info	sync complete	name=istiod analyzer attempt=1 time=60.833µs
2026-05-20T18:18:05.324552Z	info	sync complete	name=istiod analyzer attempt=1 time=121.958µs
2026-05-20T18:23:11.367005Z	info	sync complete	name=istiod analyzer attempt=1 time=117.958µs
2026-05-20T18:26:40.676468Z	info	ads	Push debounce stable[4] 1 for config ConfigMap/tetrate/kube-root-ca.crt: 100.079667ms since last change, 100.079584ms since last push, full=false
2026-05-20T18:26:40.676614Z	info	ads	XDS: Incremental Pushing ConnectedEndpoints:0 Version:2026-05-20T18:17:36Z/3
2026-05-20T18:26:41.579404Z	info	sync complete	name=istiod analyzer attempt=1 time=68.375µs
2026-05-20T18:27:36.698085Z	info	sync complete	name=istiod analyzer attempt=1 time=34.791µs
2026-05-20T18:27:40.993106Z	info	ads	Push debounce stable[5] 1 for config ConfigMap/tetrate/kube-root-ca.crt: 100.171167ms since last change, 100.171084ms since last push, full=false
2026-05-20T18:27:40.993173Z	info	ads	XDS: Incremental Pushing ConnectedEndpoints:0 Version:2026-05-20T18:17:36Z/3
2026-05-20T18:27:41.910209Z	info	sync complete	name=istiod analyzer attempt=1 time=30.917µs
2026-05-20T18:28:17.619093Z	info	sync complete	name=istiod analyzer attempt=1 time=26.583µs
2026-05-20T18:33:24.557932Z	info	sync complete	name=istiod analyzer attempt=1 time=65.666µs
2026-05-20T18:38:08.860254Z	info	ads	Push debounce stable[6] 1 for config ConfigMap/echo/kube-root-ca.crt: 100.610458ms since last change, 100.610416ms since last push, full=false
2026-05-20T18:38:08.860421Z	info	ads	XDS: Incremental Pushing ConnectedEndpoints:0 Version:2026-05-20T18:17:36Z/3
2026-05-20T18:38:09.153487Z	info	Process sidecar injection request	path=/inject pod=echo/tier1-gateway-86bff4cfb-***** (actual name not yet known)
2026-05-20T18:38:09.162747Z	info	model	Incremental push, service tier1-gateway.echo.svc.cluster.local at shard Kubernetes/cluster-0 has no endpoints
2026-05-20T18:38:09.163591Z	info	model	reloading network gateways
2026-05-20T18:38:09.163654Z	info	model	gateways changed, triggering push
2026-05-20T18:38:09.264918Z	info	ads	Push debounce stable[7] 5 for config ServiceEntry/echo/tier1-gateway.echo.svc.cluster.local: 101.212667ms since last change, 102.253666ms since last push, full=true
2026-05-20T18:38:09.267776Z	info	ads	XDS: Pushing Services:14 ConnectedEndpoints:0 Version:2026-05-20T18:38:09Z/4
2026-05-20T18:38:09.343104Z	info	Process sidecar injection request	path=/inject pod=echo/echo-eastwestgateway-c58fcbbff-***** (actual name not yet known)
2026-05-20T18:38:09.346949Z	info	model	Incremental push, service echo-eastwestgateway.echo.svc.cluster.local at shard Kubernetes/cluster-0 has no endpoints
2026-05-20T18:38:09.347364Z	info	model	reloading network gateways
2026-05-20T18:38:09.347468Z	info	model	gateways changed, triggering push
2026-05-20T18:38:09.448042Z	info	ads	Push debounce stable[8] 5 for config ServiceEntry/echo/echo-eastwestgateway.echo.svc.cluster.local: 100.529875ms since last change, 105.527333ms since last push, full=true
2026-05-20T18:38:09.449308Z	info	ads	XDS: Pushing Services:15 ConnectedEndpoints:0 Version:2026-05-20T18:38:09Z/5
2026-05-20T18:38:10.372436Z	info	sync complete	name=istiod analyzer attempt=1 time=43.625µs
2026-05-20T18:38:10.672361Z	info	delta	ADS: new delta connection for node:echo-eastwestgateway-c58fcbbff-wtnqm.echo-1
2026-05-20T18:38:10.672561Z	info	delta	CDS: PUSH request for node:echo-eastwestgateway-c58fcbbff-wtnqm.echo resources:1 removed:0 size:50B
2026-05-20T18:38:10.674100Z	info	delta	LDS: PUSH request for node:echo-eastwestgateway-c58fcbbff-wtnqm.echo resources:0 removed:0 size:0B
2026-05-20T18:38:10.723485Z	info	delta	ADS: new delta connection for node:tier1-gateway-86bff4cfb-t477p.echo-2
2026-05-20T18:38:10.723560Z	info	delta	CDS: PUSH request for node:tier1-gateway-86bff4cfb-t477p.echo resources:1 removed:0 size:50B
2026-05-20T18:38:10.727212Z	info	delta	LDS: PUSH request for node:tier1-gateway-86bff4cfb-t477p.echo resources:0 removed:0 size:0B
2026-05-20T18:38:11.265087Z	info	ads	Push debounce stable[9] 8 for config EnvoyFilter/echo/tier1-gg-default-upstream-traffic-setting and 7 more configs: 100.538667ms since last change, 103.783834ms since last push, full=true
2026-05-20T18:38:11.266372Z	info	ads	XDS: Pushing Services:15 ConnectedEndpoints:2 Version:2026-05-20T18:38:11Z/6
2026-05-20T18:38:11.266536Z	info	delta	CDS: PUSH for node:tier1-gateway-86bff4cfb-t477p.echo resources:1 removed:0 size:72B
2026-05-20T18:38:11.267314Z	info	delta	LDS: PUSH for node:tier1-gateway-86bff4cfb-t477p.echo resources:1 removed:0 size:4.5kB
2026-05-20T18:38:11.267423Z	info	delta	CDS: PUSH for node:echo-eastwestgateway-c58fcbbff-wtnqm.echo resources:1 removed:0 size:72B
2026-05-20T18:38:11.267442Z	info	delta	LDS: PUSH for node:echo-eastwestgateway-c58fcbbff-wtnqm.echo resources:0 removed:0 size:0B
2026-05-20T18:38:11.272475Z	info	delta	RDS: PUSH request for node:tier1-gateway-86bff4cfb-t477p.echo resources:1 removed:0 size:700B cached:0/0 filtered:0
2026-05-20T18:38:11.446670Z	info	model	Full push, new service echo/tier1-gateway.echo.svc.cluster.local
2026-05-20T18:38:11.449373Z	info	delta	CDS: PUSH for node:echo-eastwestgateway-c58fcbbff-wtnqm.echo resources:1 removed:0 size:72B
2026-05-20T18:38:11.449412Z	info	delta	LDS: PUSH for node:echo-eastwestgateway-c58fcbbff-wtnqm.echo resources:0 removed:0 size:0B
2026-05-20T18:38:11.453421Z	info	model	Full push, new service echo/echo-eastwestgateway.echo.svc.cluster.local
2026-05-20T18:38:11.455859Z	info	delta	CDS: PUSH for node:tier1-gateway-86bff4cfb-t477p.echo resources:1 removed:0 size:72B
2026-05-20T18:38:11.456147Z	info	delta	LDS: PUSH for node:tier1-gateway-86bff4cfb-t477p.echo resources:1 removed:0 size:4.5kB
2026-05-20T18:38:11.456227Z	info	delta	RDS: PUSH for node:tier1-gateway-86bff4cfb-t477p.echo resources:1 removed:0 size:700B cached:0/0
2026-05-20T18:38:11.561860Z	info	ads	Push debounce stable[10] 3 for config ServiceEntry/echo/echo-eastwestgateway.echo.svc.cluster.local and 1 more configs: 100.796209ms since last change, 115.159083ms since last push, full=true
2026-05-20T18:38:11.562009Z	info	ads	XDS: Pushing Services:15 ConnectedEndpoints:2 Version:2026-05-20T18:38:11Z/7
2026-05-20T18:38:11.562124Z	info	delta	CDS: PUSH for node:echo-eastwestgateway-c58fcbbff-wtnqm.echo resources:1 removed:0 size:72B
2026-05-20T18:38:11.562145Z	info	delta	LDS: PUSH for node:echo-eastwestgateway-c58fcbbff-wtnqm.echo resources:0 removed:0 size:0B
2026-05-20T18:38:11.562206Z	info	delta	CDS: PUSH for node:tier1-gateway-86bff4cfb-t477p.echo resources:1 removed:0 size:72B
2026-05-20T18:38:11.562416Z	info	delta	LDS: PUSH for node:tier1-gateway-86bff4cfb-t477p.echo resources:1 removed:0 size:4.5kB
2026-05-20T18:38:11.562475Z	info	delta	RDS: PUSH for node:tier1-gateway-86bff4cfb-t477p.echo resources:1 removed:0 size:700B cached:0/0
2026-05-20T18:38:12.463983Z	info	sync complete	name=istiod analyzer attempt=1 time=37.125µs
2026-05-20T18:38:12.576926Z	info	ads	Push debounce stable[11] 5 for config EnvoyFilter/echo/default-upstream-traffic-setting and 4 more configs: 100.414084ms since last change, 104.542167ms since last push, full=true
2026-05-20T18:38:12.577556Z	info	ads	XDS: Pushing Services:15 ConnectedEndpoints:2 Version:2026-05-20T18:38:12Z/8
2026-05-20T18:38:12.577686Z	info	delta	CDS: PUSH for node:tier1-gateway-86bff4cfb-t477p.echo resources:1 removed:0 size:72B
2026-05-20T18:38:12.577930Z	info	delta	LDS: PUSH for node:tier1-gateway-86bff4cfb-t477p.echo resources:1 removed:0 size:4.5kB
2026-05-20T18:38:12.577993Z	info	delta	RDS: PUSH for node:tier1-gateway-86bff4cfb-t477p.echo resources:1 removed:0 size:700B cached:0/0
2026-05-20T18:38:12.578093Z	info	delta	CDS: PUSH for node:echo-eastwestgateway-c58fcbbff-wtnqm.echo resources:1 removed:0 size:72B
2026-05-20T18:38:12.578111Z	info	delta	LDS: PUSH for node:echo-eastwestgateway-c58fcbbff-wtnqm.echo resources:0 removed:0 size:0B
2026-05-20T18:38:13.477302Z	info	sync complete	name=istiod analyzer attempt=1 time=31.333µs
2026-05-20T18:38:29.906345Z	info	sync complete	name=istiod analyzer attempt=1 time=30.709µs
2026-05-20T18:38:39.978228Z	info	sync complete	name=istiod analyzer attempt=1 time=24.25µs
2026-05-20T18:38:42.233262Z	info	sync complete	name=istiod analyzer attempt=1 time=45.792µs
2026-05-20T18:38:49.500598Z	info	sync complete	name=istiod analyzer attempt=1 time=24.583µs
2026-05-20T18:38:50.585486Z	info	sync complete	name=istiod analyzer attempt=1 time=32.542µs
2026-05-20T18:39:10.747667Z	info	sync complete	name=istiod analyzer attempt=1 time=25.5µs
2026-05-20T18:43:54.987913Z	info	sync complete	name=istiod analyzer attempt=1 time=30.625µs
2026-05-20T18:43:56.070907Z	info	sync complete	name=istiod analyzer attempt=1 time=44.75µs
2026-05-20T18:44:15.802048Z	info	sync complete	name=istiod analyzer attempt=1 time=25µs
2026-05-20T18:49:22.285998Z	info	sync complete	name=istiod analyzer attempt=1 time=33µs
2026-05-20T18:49:34.581128Z	info	sync complete	name=istiod analyzer attempt=1 time=31.459µs
2026-05-20T18:49:35.657146Z	info	sync complete	name=istiod analyzer attempt=1 time=25.542µs
2026-05-20T18:49:43.597436Z	info	sync complete	name=istiod analyzer attempt=1 time=31.833µs
2026-05-20T18:49:44.655755Z	info	sync complete	name=istiod analyzer attempt=1 time=22.625µs
2026-05-20T18:51:09.631901Z	info	sync complete	name=istiod analyzer attempt=1 time=27.875µs
2026-05-20T18:51:10.741880Z	info	sync complete	name=istiod analyzer attempt=1 time=39.5µs
2026-05-20T18:51:11.806894Z	info	sync complete	name=istiod analyzer attempt=1 time=28.334µs
2026-05-20T18:53:33.094480Z	info	model	reloading network gateways
2026-05-20T18:53:33.094513Z	info	model	gateways changed, triggering push
2026-05-20T18:53:33.100360Z	info	model	Incremental push, service tier1-gateway.echo.svc.cluster.local at shard Kubernetes/cluster-0 has no endpoints
2026-05-20T18:53:33.200988Z	info	ads	Push debounce stable[12] 4 for config ServiceEntry/echo/tier1-gateway.echo.svc.cluster.local: 100.569167ms since last change, 106.434333ms since last push, full=true
2026-05-20T18:53:33.202232Z	info	ads	XDS: Pushing Services:14 ConnectedEndpoints:2 Version:2026-05-20T18:53:33Z/9
2026-05-20T18:53:33.202369Z	info	delta	CDS: PUSH for node:tier1-gateway-86bff4cfb-t477p.echo resources:1 removed:0 size:72B
2026-05-20T18:53:33.202565Z	info	delta	LDS: PUSH for node:tier1-gateway-86bff4cfb-t477p.echo resources:1 removed:0 size:4.5kB
2026-05-20T18:53:33.202632Z	info	delta	RDS: PUSH for node:tier1-gateway-86bff4cfb-t477p.echo resources:1 removed:0 size:700B cached:0/0
2026-05-20T18:53:33.202768Z	info	delta	CDS: PUSH for node:echo-eastwestgateway-c58fcbbff-wtnqm.echo resources:1 removed:0 size:72B
2026-05-20T18:53:33.202796Z	info	delta	LDS: PUSH for node:echo-eastwestgateway-c58fcbbff-wtnqm.echo resources:0 removed:0 size:0B
2026-05-20T18:53:33.321833Z	info	ads	Push debounce stable[13] 1 for config ConfigMap/tier1/kube-root-ca.crt: 101.795917ms since last change, 101.795875ms since last push, full=false
2026-05-20T18:53:33.321919Z	info	ads	XDS: Incremental Pushing ConnectedEndpoints:2 Version:2026-05-20T18:53:33Z/9
2026-05-20T18:53:33.501806Z	info	Process sidecar injection request	path=/inject pod=tier1/tier1-gateway-86bff4cfb-***** (actual name not yet known)
2026-05-20T18:53:33.509342Z	info	model	Incremental push, service tier1-gateway.tier1.svc.cluster.local at shard Kubernetes/cluster-0 has no endpoints
2026-05-20T18:53:33.509506Z	info	model	reloading network gateways
2026-05-20T18:53:33.509524Z	info	model	gateways changed, triggering push
2026-05-20T18:53:33.611049Z	info	ads	Push debounce stable[14] 5 for config ServiceEntry/tier1/tier1-gateway.tier1.svc.cluster.local: 101.498917ms since last change, 106.469084ms since last push, full=true
2026-05-20T18:53:33.612420Z	info	ads	XDS: Pushing Services:15 ConnectedEndpoints:2 Version:2026-05-20T18:53:33Z/10
2026-05-20T18:53:33.612558Z	info	delta	CDS: PUSH for node:tier1-gateway-86bff4cfb-t477p.echo resources:1 removed:0 size:72B
2026-05-20T18:53:33.612814Z	info	delta	LDS: PUSH for node:tier1-gateway-86bff4cfb-t477p.echo resources:1 removed:0 size:4.5kB
2026-05-20T18:53:33.612887Z	info	delta	RDS: PUSH for node:tier1-gateway-86bff4cfb-t477p.echo resources:1 removed:0 size:700B cached:0/0
2026-05-20T18:53:33.612982Z	info	delta	CDS: PUSH for node:echo-eastwestgateway-c58fcbbff-wtnqm.echo resources:1 removed:0 size:72B
2026-05-20T18:53:33.613000Z	info	delta	LDS: PUSH for node:echo-eastwestgateway-c58fcbbff-wtnqm.echo resources:0 removed:0 size:0B
2026-05-20T18:53:34.016585Z	info	delta	ADS: new delta connection for node:tier1-gateway-86bff4cfb-cmckw.tier1-3
2026-05-20T18:53:34.016655Z	info	delta	CDS: PUSH request for node:tier1-gateway-86bff4cfb-cmckw.tier1 resources:1 removed:0 size:50B
2026-05-20T18:53:34.018121Z	info	delta	LDS: PUSH request for node:tier1-gateway-86bff4cfb-cmckw.tier1 resources:0 removed:0 size:0B
2026-05-20T18:53:34.526987Z	info	sync complete	name=istiod analyzer attempt=1 time=38.208µs
2026-05-20T18:53:34.981730Z	info	model	Full push, new service tier1/tier1-gateway.tier1.svc.cluster.local
2026-05-20T18:53:34.986065Z	info	delta	CDS: PUSH for node:tier1-gateway-86bff4cfb-cmckw.tier1 resources:1 removed:0 size:50B
2026-05-20T18:53:34.986101Z	info	delta	LDS: PUSH for node:tier1-gateway-86bff4cfb-cmckw.tier1 resources:0 removed:0 size:0B
2026-05-20T18:53:35.111579Z	info	ads	Push debounce stable[15] 10 for config AuthorizationPolicy/tier1/allow and 8 more configs: 100.747708ms since last change, 129.682875ms since last push, full=true
2026-05-20T18:53:35.112396Z	info	ads	XDS: Pushing Services:15 ConnectedEndpoints:3 Version:2026-05-20T18:53:35Z/11
2026-05-20T18:53:35.112543Z	info	delta	CDS: PUSH for node:echo-eastwestgateway-c58fcbbff-wtnqm.echo resources:1 removed:0 size:72B
2026-05-20T18:53:35.112571Z	info	delta	LDS: PUSH for node:echo-eastwestgateway-c58fcbbff-wtnqm.echo resources:0 removed:0 size:0B
2026-05-20T18:53:35.112645Z	info	delta	CDS: PUSH for node:tier1-gateway-86bff4cfb-t477p.echo resources:1 removed:0 size:72B
2026-05-20T18:53:35.112885Z	info	delta	LDS: PUSH for node:tier1-gateway-86bff4cfb-t477p.echo resources:1 removed:0 size:4.5kB
2026-05-20T18:53:35.112958Z	info	delta	RDS: PUSH for node:tier1-gateway-86bff4cfb-t477p.echo resources:1 removed:0 size:700B cached:0/0
2026-05-20T18:53:35.113094Z	info	delta	CDS: PUSH for node:tier1-gateway-86bff4cfb-cmckw.tier1 resources:1 removed:0 size:72B
2026-05-20T18:53:35.113220Z	info	delta	LDS: PUSH for node:tier1-gateway-86bff4cfb-cmckw.tier1 resources:1 removed:0 size:4.5kB
2026-05-20T18:53:35.117858Z	info	delta	RDS: PUSH request for node:tier1-gateway-86bff4cfb-cmckw.tier1 resources:1 removed:0 size:701B cached:0/0 filtered:0
2026-05-20T18:53:36.011223Z	info	sync complete	name=istiod analyzer attempt=1 time=36.833µs
2026-05-20T18:53:36.124896Z	info	ads	Push debounce stable[16] 5 for config VirtualService/tier1/tier1-echo-gw-echo and 4 more configs: 100.130791ms since last change, 105.092042ms since last push, full=true
2026-05-20T18:53:36.125544Z	info	ads	XDS: Pushing Services:15 ConnectedEndpoints:3 Version:2026-05-20T18:53:36Z/12
2026-05-20T18:53:36.125649Z	info	delta	CDS: PUSH for node:tier1-gateway-86bff4cfb-cmckw.tier1 resources:1 removed:0 size:72B
2026-05-20T18:53:36.125871Z	info	delta	LDS: PUSH for node:tier1-gateway-86bff4cfb-cmckw.tier1 resources:1 removed:0 size:4.5kB
2026-05-20T18:53:36.126039Z	info	delta	RDS: PUSH for node:tier1-gateway-86bff4cfb-cmckw.tier1 resources:1 removed:0 size:701B cached:0/0
2026-05-20T18:53:36.126158Z	info	delta	CDS: PUSH for node:echo-eastwestgateway-c58fcbbff-wtnqm.echo resources:1 removed:0 size:72B
2026-05-20T18:53:36.126179Z	info	delta	LDS: PUSH for node:echo-eastwestgateway-c58fcbbff-wtnqm.echo resources:0 removed:0 size:0B
2026-05-20T18:53:36.126214Z	info	delta	CDS: PUSH for node:tier1-gateway-86bff4cfb-t477p.echo resources:1 removed:0 size:72B
2026-05-20T18:53:36.126350Z	info	delta	LDS: PUSH for node:tier1-gateway-86bff4cfb-t477p.echo resources:1 removed:0 size:4.5kB
2026-05-20T18:53:36.126390Z	info	delta	RDS: PUSH for node:tier1-gateway-86bff4cfb-t477p.echo resources:1 removed:0 size:700B cached:0/0
2026-05-20T18:53:37.024941Z	info	sync complete	name=istiod analyzer attempt=1 time=28.417µs
2026-05-20T18:53:38.195814Z	info	ads	Push debounce stable[17] 6 for config EnvoyFilter/echo/tier1-gg-default-upstream-traffic-setting and 5 more configs: 100.286166ms since last change, 110.211167ms since last push, full=true
2026-05-20T18:53:38.196056Z	info	ads	XDS: Pushing Services:15 ConnectedEndpoints:3 Version:2026-05-20T18:53:38Z/13
2026-05-20T18:53:38.196196Z	info	delta	CDS: PUSH for node:tier1-gateway-86bff4cfb-cmckw.tier1 resources:1 removed:0 size:72B
2026-05-20T18:53:38.196468Z	info	delta	LDS: PUSH for node:tier1-gateway-86bff4cfb-cmckw.tier1 resources:1 removed:0 size:4.5kB
2026-05-20T18:53:38.196549Z	info	delta	RDS: PUSH for node:tier1-gateway-86bff4cfb-cmckw.tier1 resources:1 removed:0 size:701B cached:0/0
2026-05-20T18:53:38.196640Z	info	delta	CDS: PUSH for node:echo-eastwestgateway-c58fcbbff-wtnqm.echo resources:1 removed:0 size:50B
2026-05-20T18:53:38.196656Z	info	delta	LDS: PUSH for node:echo-eastwestgateway-c58fcbbff-wtnqm.echo resources:0 removed:0 size:0B
2026-05-20T18:53:38.196681Z	info	delta	CDS: PUSH for node:tier1-gateway-86bff4cfb-t477p.echo resources:1 removed:0 size:50B
2026-05-20T18:53:38.196693Z	info	delta	LDS: PUSH for node:tier1-gateway-86bff4cfb-t477p.echo resources:0 removed:1 size:0B
2026-05-20T18:53:38.196704Z	warn	buildGatewayRoutes: no gateways for router tier1-gateway-86bff4cfb-t477p.echo
2026-05-20T18:53:38.196709Z	info	delta	RDS: PUSH for node:tier1-gateway-86bff4cfb-t477p.echo resources:1 removed:0 size:13B cached:0/0
2026-05-20T18:53:39.097109Z	info	sync complete	name=istiod analyzer attempt=1 time=27µs
2026-05-20T18:53:44.101761Z	info	sync complete	name=istiod analyzer attempt=1 time=26.542µs
2026-05-20T18:53:48.273867Z	info	ads	Push debounce stable[18] 1 for config ServiceEntry/echo/echo-eastwestgateway.echo.svc.cluster.local: 101.80775ms since last change, 101.807708ms since last push, full=false
2026-05-20T18:53:48.273925Z	info	ads	XDS: Incremental Pushing ConnectedEndpoints:3 Version:2026-05-20T18:53:38Z/13
2026-05-20T18:53:49.110573Z	info	delta	ADS: "10.10.0.16:49466" tier1-gateway-86bff4cfb-t477p.echo-2 terminated
2026-05-20T18:53:49.177771Z	info	sync complete	name=istiod analyzer attempt=1 time=24.083µs
2026-05-20T18:53:51.010834Z	info	sync complete	name=istiod analyzer attempt=1 time=30.625µs
2026-05-20T18:53:54.178030Z	info	delta	ADS: "10.10.0.17:43682" echo-eastwestgateway-c58fcbbff-wtnqm.echo-1 terminated
2026-05-20T18:53:54.187746Z	info	sync complete	name=istiod analyzer attempt=1 time=24.833µs
2026-05-20T18:53:54.261278Z	info	model	Incremental push, service echo-eastwestgateway.echo.svc.cluster.local at shard Kubernetes/cluster-0 has no endpoints
2026-05-20T18:53:54.361838Z	info	ads	Push debounce stable[19] 1 for config ServiceEntry/echo/echo-eastwestgateway.echo.svc.cluster.local: 100.527375ms since last change, 100.527292ms since last push, full=false
2026-05-20T18:53:54.361886Z	info	ads	XDS: Incremental Pushing ConnectedEndpoints:1 Version:2026-05-20T18:53:38Z/13
2026-05-20T18:53:56.019740Z	info	ads	Push debounce stable[20] 1 for config EnvoyFilter/echo/default-upstream-traffic-setting: 101.474709ms since last change, 101.474667ms since last push, full=true
2026-05-20T18:53:56.019958Z	info	ads	XDS: Pushing Services:15 ConnectedEndpoints:1 Version:2026-05-20T18:53:56Z/14
2026-05-20T18:53:56.020089Z	info	delta	CDS: PUSH for node:tier1-gateway-86bff4cfb-cmckw.tier1 resources:1 removed:0 size:72B
2026-05-20T18:53:56.020340Z	info	delta	LDS: PUSH for node:tier1-gateway-86bff4cfb-cmckw.tier1 resources:1 removed:0 size:4.5kB
2026-05-20T18:53:56.020412Z	info	delta	RDS: PUSH for node:tier1-gateway-86bff4cfb-cmckw.tier1 resources:1 removed:0 size:701B cached:0/0
2026-05-20T18:53:56.072420Z	info	model	reloading network gateways
2026-05-20T18:53:56.072477Z	info	model	gateways changed, triggering push
2026-05-20T18:53:56.076600Z	info	model	Incremental push, service echo-eastwestgateway.echo.svc.cluster.local at shard Kubernetes/cluster-0 has no endpoints
2026-05-20T18:53:56.176763Z	info	ads	Push debounce stable[21] 4 for config ServiceEntry/echo/echo-eastwestgateway.echo.svc.cluster.local: 100.054458ms since last change, 104.227459ms since last push, full=true
2026-05-20T18:53:56.178214Z	info	ads	XDS: Pushing Services:14 ConnectedEndpoints:1 Version:2026-05-20T18:53:56Z/15
2026-05-20T18:53:56.178342Z	info	delta	CDS: PUSH for node:tier1-gateway-86bff4cfb-cmckw.tier1 resources:1 removed:0 size:72B
2026-05-20T18:53:56.178541Z	info	delta	LDS: PUSH for node:tier1-gateway-86bff4cfb-cmckw.tier1 resources:1 removed:0 size:4.5kB
2026-05-20T18:53:56.178614Z	info	delta	RDS: PUSH for node:tier1-gateway-86bff4cfb-cmckw.tier1 resources:1 removed:0 size:701B cached:0/0
2026-05-20T18:53:56.309890Z	info	ads	Push debounce stable[22] 2 for config ConfigMap/echo/kube-root-ca.crt and 1 more configs: 100.222667ms since last change, 104.396917ms since last push, full=true
2026-05-20T18:53:56.310011Z	info	ads	XDS: Pushing Services:14 ConnectedEndpoints:1 Version:2026-05-20T18:53:56Z/16
2026-05-20T18:53:56.310132Z	info	delta	CDS: PUSH for node:tier1-gateway-86bff4cfb-cmckw.tier1 resources:1 removed:0 size:72B
2026-05-20T18:53:56.310349Z	info	delta	LDS: PUSH for node:tier1-gateway-86bff4cfb-cmckw.tier1 resources:1 removed:0 size:4.5kB
2026-05-20T18:53:56.310418Z	info	delta	RDS: PUSH for node:tier1-gateway-86bff4cfb-cmckw.tier1 resources:1 removed:0 size:701B cached:0/0
2026-05-20T18:53:56.422056Z	info	ads	Push debounce stable[23] 3 for config EnvoyFilter/echo/default-upstream-traffic-setting and 2 more configs: 100.477458ms since last change, 102.569125ms since last push, full=true
2026-05-20T18:53:56.422402Z	info	ads	XDS: Pushing Services:14 ConnectedEndpoints:1 Version:2026-05-20T18:53:56Z/17
2026-05-20T18:53:56.422498Z	info	delta	CDS: PUSH for node:tier1-gateway-86bff4cfb-cmckw.tier1 resources:1 removed:0 size:72B
2026-05-20T18:53:56.422710Z	info	delta	LDS: PUSH for node:tier1-gateway-86bff4cfb-cmckw.tier1 resources:1 removed:0 size:4.5kB
2026-05-20T18:53:56.422771Z	info	delta	RDS: PUSH for node:tier1-gateway-86bff4cfb-cmckw.tier1 resources:1 removed:0 size:701B cached:0/0
2026-05-20T18:53:57.327953Z	info	sync complete	name=istiod analyzer attempt=1 time=26.292µs
2026-05-20T18:53:57.438644Z	info	ads	Push debounce stable[24] 1 for config EnvoyFilter/echo/default-upstream-traffic-setting: 100.397166ms since last change, 100.397125ms since last push, full=true
2026-05-20T18:53:57.439158Z	info	ads	XDS: Pushing Services:14 ConnectedEndpoints:1 Version:2026-05-20T18:53:57Z/18
2026-05-20T18:53:57.439265Z	info	delta	CDS: PUSH for node:tier1-gateway-86bff4cfb-cmckw.tier1 resources:1 removed:0 size:72B
2026-05-20T18:53:57.439477Z	info	delta	LDS: PUSH for node:tier1-gateway-86bff4cfb-cmckw.tier1 resources:1 removed:0 size:4.5kB
2026-05-20T18:53:57.439540Z	info	delta	RDS: PUSH for node:tier1-gateway-86bff4cfb-cmckw.tier1 resources:1 removed:0 size:701B cached:0/0
2026-05-20T18:53:58.339161Z	info	sync complete	name=istiod analyzer attempt=1 time=26.375µs
2026-05-20T18:54:29.095841Z	info	sync complete	name=istiod analyzer attempt=1 time=34µs
2026-05-20T18:54:33.990044Z	info	model	reloading network gateways
2026-05-20T18:54:33.990076Z	info	model	gateways changed, triggering push
2026-05-20T18:54:33.996398Z	info	model	Incremental push, service echo-eastwestgateway.echo.svc.cluster.local at shard Kubernetes/cluster-0 has no endpoints
2026-05-20T18:54:33.998502Z	info	Process sidecar injection request	path=/inject pod=echo/echo-eastwestgateway-c58fcbbff-***** (actual name not yet known)
2026-05-20T18:54:34.096757Z	info	ads	Push debounce stable[25] 5 for config ServiceEntry/echo/echo-eastwestgateway.echo.svc.cluster.local: 100.22775ms since last change, 111.098041ms since last push, full=true
2026-05-20T18:54:34.098081Z	info	ads	XDS: Pushing Services:15 ConnectedEndpoints:1 Version:2026-05-20T18:54:34Z/19
2026-05-20T18:54:34.098228Z	info	delta	CDS: PUSH for node:tier1-gateway-86bff4cfb-cmckw.tier1 resources:1 removed:0 size:72B
2026-05-20T18:54:34.098430Z	info	delta	LDS: PUSH for node:tier1-gateway-86bff4cfb-cmckw.tier1 resources:1 removed:0 size:4.5kB
2026-05-20T18:54:34.098512Z	info	delta	RDS: PUSH for node:tier1-gateway-86bff4cfb-cmckw.tier1 resources:1 removed:0 size:701B cached:0/0
2026-05-20T18:54:34.702335Z	info	delta	ADS: new delta connection for node:echo-eastwestgateway-c58fcbbff-4s58v.echo-4
2026-05-20T18:54:34.702416Z	info	delta	CDS: PUSH request for node:echo-eastwestgateway-c58fcbbff-4s58v.echo resources:1 removed:0 size:50B
2026-05-20T18:54:34.704173Z	info	delta	LDS: PUSH request for node:echo-eastwestgateway-c58fcbbff-4s58v.echo resources:0 removed:0 size:0B
2026-05-20T18:54:35.020604Z	info	sync complete	name=istiod analyzer attempt=1 time=22.708µs
2026-05-20T18:54:35.076788Z	info	model	Full push, new service echo/echo-eastwestgateway.echo.svc.cluster.local
2026-05-20T18:54:35.079956Z	info	delta	CDS: PUSH for node:echo-eastwestgateway-c58fcbbff-4s58v.echo resources:1 removed:0 size:50B
2026-05-20T18:54:35.079993Z	info	delta	LDS: PUSH for node:echo-eastwestgateway-c58fcbbff-4s58v.echo resources:0 removed:0 size:0B
2026-05-20T18:54:35.183803Z	info	ads	Push debounce stable[26] 2 for config ServiceEntry/echo/echo-eastwestgateway.echo.svc.cluster.local: 100.49725ms since last change, 106.930166ms since last push, full=true
2026-05-20T18:54:35.183996Z	info	ads	XDS: Pushing Services:15 ConnectedEndpoints:2 Version:2026-05-20T18:54:35Z/20
2026-05-20T18:54:35.184151Z	info	delta	CDS: PUSH for node:echo-eastwestgateway-c58fcbbff-4s58v.echo resources:1 removed:0 size:50B
2026-05-20T18:54:35.184180Z	info	delta	LDS: PUSH for node:echo-eastwestgateway-c58fcbbff-4s58v.echo resources:0 removed:0 size:0B
2026-05-20T18:54:36.087710Z	info	sync complete	name=istiod analyzer attempt=1 time=27.208µs
2026-05-20T18:58:02.281035Z	info	sync complete	name=istiod analyzer attempt=1 time=24.75µs
2026-05-20T18:58:03.402407Z	info	sync complete	name=istiod analyzer attempt=1 time=34.458µs
2026-05-20T18:58:04.469958Z	info	sync complete	name=istiod analyzer attempt=1 time=26.625µs
2026-05-20T18:59:33.859568Z	info	sync complete	name=istiod analyzer attempt=1 time=37.083µs
2026-05-20T18:59:50.568550Z	info	ads	Push debounce stable[27] 2 for config VirtualService/tier1/tier1-echo-gw-echo and 1 more configs: 101.265375ms since last change, 101.604542ms since last push, full=true
2026-05-20T18:59:50.568728Z	info	ads	XDS: Pushing Services:15 ConnectedEndpoints:2 Version:2026-05-20T18:59:50Z/21
2026-05-20T18:59:50.568856Z	info	delta	CDS: PUSH for node:echo-eastwestgateway-c58fcbbff-4s58v.echo resources:1 removed:0 size:50B
2026-05-20T18:59:50.568882Z	info	delta	LDS: PUSH for node:echo-eastwestgateway-c58fcbbff-4s58v.echo resources:0 removed:0 size:0B
2026-05-20T18:59:50.568951Z	info	delta	CDS: PUSH for node:tier1-gateway-86bff4cfb-cmckw.tier1 resources:1 removed:0 size:72B
2026-05-20T18:59:50.569189Z	info	delta	LDS: PUSH for node:tier1-gateway-86bff4cfb-cmckw.tier1 resources:1 removed:0 size:4.5kB
2026-05-20T18:59:50.569261Z	info	delta	RDS: PUSH for node:tier1-gateway-86bff4cfb-cmckw.tier1 resources:1 removed:0 size:695B cached:0/0
2026-05-20T18:59:51.468898Z	info	sync complete	name=istiod analyzer attempt=1 time=32.458µs
2026-05-20T18:59:51.574635Z	info	ads	Push debounce stable[28] 2 for config DestinationRule/tier1/tier1-tier1-echo-gwecho-tetrate-io and 1 more configs: 100.479584ms since last change, 101.580833ms since last push, full=true
2026-05-20T18:59:51.574902Z	info	ads	XDS: Pushing Services:15 ConnectedEndpoints:2 Version:2026-05-20T18:59:51Z/22
2026-05-20T18:59:51.575057Z	info	delta	CDS: PUSH for node:tier1-gateway-86bff4cfb-cmckw.tier1 resources:1 removed:0 size:72B
2026-05-20T18:59:51.575299Z	info	delta	LDS: PUSH for node:tier1-gateway-86bff4cfb-cmckw.tier1 resources:1 removed:0 size:4.5kB
2026-05-20T18:59:51.575371Z	info	delta	RDS: PUSH for node:tier1-gateway-86bff4cfb-cmckw.tier1 resources:1 removed:0 size:695B cached:0/0
2026-05-20T18:59:51.575461Z	info	delta	CDS: PUSH for node:echo-eastwestgateway-c58fcbbff-4s58v.echo resources:1 removed:0 size:50B
2026-05-20T18:59:51.575475Z	info	delta	LDS: PUSH for node:echo-eastwestgateway-c58fcbbff-4s58v.echo resources:0 removed:0 size:0B
2026-05-20T18:59:52.474963Z	info	sync complete	name=istiod analyzer attempt=1 time=33.833µs
2026-05-20T19:00:25.294186Z	info	sync complete	name=istiod analyzer attempt=1 time=27.625µs
2026-05-20T19:00:25.865059Z	info	ads	Push debounce stable[29] 3 for config ServiceEntry/istio-system/xcp-edge-internal.istio-system.svc.cluster.local: 100.327583ms since last change, 209.597917ms since last push, full=false
2026-05-20T19:00:25.865111Z	info	ads	XDS: Incremental Pushing ConnectedEndpoints:2 Version:2026-05-20T18:59:51Z/22
2026-05-20T19:00:27.661142Z	info	sync complete	name=istiod analyzer attempt=1 time=35.542µs
2026-05-20T19:01:12.739459Z	info	sync complete	name=istiod analyzer attempt=1 time=34.708µs
2026-05-20T19:01:13.804018Z	info	sync complete	name=istiod analyzer attempt=1 time=31.666µs
2026-05-20T19:04:40.160327Z	info	sync complete	name=istiod analyzer attempt=1 time=50.917µs
2026-05-20T19:06:06.831966Z	info	model	Cache Update, new service xcp-multicluster/echo.tetrate.io
2026-05-20T19:06:06.942078Z	info	ads	Push debounce stable[30] 3 for config DestinationRule/xcp-multicluster/global-gateway-echo-tetrate-io and 1 more configs: 100.175291ms since last change, 110.021917ms since last push, full=true
2026-05-20T19:06:06.942979Z	info	ads	XDS: Pushing Services:16 ConnectedEndpoints:2 Version:2026-05-20T19:06:06Z/23
2026-05-20T19:06:06.943522Z	info	delta	CDS: PUSH for node:echo-eastwestgateway-c58fcbbff-4s58v.echo resources:1 removed:0 size:50B
2026-05-20T19:06:06.943564Z	info	delta	LDS: PUSH for node:echo-eastwestgateway-c58fcbbff-4s58v.echo resources:0 removed:0 size:0B
2026-05-20T19:06:06.943911Z	info	delta	CDS: PUSH for node:tier1-gateway-86bff4cfb-cmckw.tier1 resources:3 removed:0 size:2.4kB cached:0/2
2026-05-20T19:06:06.944300Z	info	delta	LDS: PUSH for node:tier1-gateway-86bff4cfb-cmckw.tier1 resources:1 removed:0 size:4.5kB
2026-05-20T19:06:06.944426Z	info	delta	RDS: PUSH for node:tier1-gateway-86bff4cfb-cmckw.tier1 resources:1 removed:0 size:695B cached:0/0
2026-05-20T19:06:06.954441Z	info	delta	EDS: PUSH request for node:tier1-gateway-86bff4cfb-cmckw.tier1 resources:2 removed:0 size:317B empty:0 cached:0/2 filtered:0
2026-05-20T19:06:07.843276Z	info	sync complete	name=istiod analyzer attempt=1 time=24.167µs
2026-05-20T19:06:07.951417Z	info	ads	Push debounce stable[31] 2 for config VirtualService/tier1/tier1-echo-gw-echo and 1 more configs: 100.727791ms since last change, 100.754375ms since last push, full=true
2026-05-20T19:06:07.951642Z	info	ads	XDS: Pushing Services:16 ConnectedEndpoints:2 Version:2026-05-20T19:06:07Z/24
2026-05-20T19:06:07.951857Z	info	delta	CDS: PUSH for node:tier1-gateway-86bff4cfb-cmckw.tier1 resources:3 removed:0 size:2.4kB cached:0/2
2026-05-20T19:06:07.951923Z	info	delta	EDS: PUSH for node:tier1-gateway-86bff4cfb-cmckw.tier1 resources:2 removed:0 size:317B empty:0 cached:0/2
2026-05-20T19:06:07.952241Z	info	delta	LDS: PUSH for node:tier1-gateway-86bff4cfb-cmckw.tier1 resources:1 removed:0 size:4.5kB
2026-05-20T19:06:07.952324Z	info	delta	RDS: PUSH for node:tier1-gateway-86bff4cfb-cmckw.tier1 resources:1 removed:0 size:695B cached:0/0
2026-05-20T19:06:07.952421Z	info	delta	CDS: PUSH for node:echo-eastwestgateway-c58fcbbff-4s58v.echo resources:1 removed:0 size:50B
2026-05-20T19:06:07.952434Z	info	delta	LDS: PUSH for node:echo-eastwestgateway-c58fcbbff-4s58v.echo resources:0 removed:0 size:0B
2026-05-20T19:06:08.851382Z	info	sync complete	name=istiod analyzer attempt=1 time=26µs
2026-05-20T19:06:46.043723Z	info	sync complete	name=istiod analyzer attempt=1 time=40.208µs
2026-05-20T19:06:47.316462Z	info	sync complete	name=istiod analyzer attempt=1 time=36.833µs
2026-05-20T19:06:48.381322Z	info	sync complete	name=istiod analyzer attempt=1 time=22.125µs
2026-05-20T19:07:11.363558Z	info	sync complete	name=istiod analyzer attempt=1 time=59.583µs
2026-05-20T19:07:13.375457Z	info	sync complete	name=istiod analyzer attempt=1 time=51.042µs
2026-05-20T19:07:15.375207Z	info	sync complete	name=istiod analyzer attempt=1 time=32.5µs
2026-05-20T19:07:16.446437Z	info	sync complete	name=istiod analyzer attempt=1 time=43µs
2026-05-20T19:09:46.404396Z	info	sync complete	name=istiod analyzer attempt=1 time=62.916µs
2026-05-20T19:14:52.717074Z	info	sync complete	name=istiod analyzer attempt=1 time=25.959µs
2026-05-20T19:17:37.387021Z	info	sync complete	name=istiod analyzer attempt=1 time=27.875µs
2026-05-20T19:17:38.454806Z	info	sync complete	name=istiod analyzer attempt=1 time=25.167µs
2026-05-20T19:18:10.122124Z	info	sync complete	name=istiod analyzer attempt=1 time=28.958µs
2026-05-20T19:18:11.443223Z	info	sync complete	name=istiod analyzer attempt=1 time=24.792µs
2026-05-20T19:18:12.515001Z	info	sync complete	name=istiod analyzer attempt=1 time=25.125µs
2026-05-20T19:19:58.145827Z	info	sync complete	name=istiod analyzer attempt=1 time=24.292µs
2026-05-20T19:22:20.867230Z	info	sync complete	name=istiod analyzer attempt=1 time=26.334µs
2026-05-20T19:22:21.937248Z	info	sync complete	name=istiod analyzer attempt=1 time=31.583µs
2026-05-20T19:24:56.721701Z	info	delta	ADS: "10.10.0.24:57504" echo-eastwestgateway-c58fcbbff-4s58v.echo-4 terminated
2026-05-20T19:24:57.013713Z	info	delta	ADS: "10.10.0.23:47186" tier1-gateway-86bff4cfb-cmckw.tier1-3 terminated
2026-05-20T19:24:57.117036Z	info	delta	ADS: new delta connection for node:echo-eastwestgateway-c58fcbbff-4s58v.echo-5
2026-05-20T19:24:57.117251Z	info	delta	CDS: PUSH request for node:echo-eastwestgateway-c58fcbbff-4s58v.echo resources:1 removed:0 size:50B filtered:0
2026-05-20T19:24:57.117274Z	info	delta	LDS: PUSH request for node:echo-eastwestgateway-c58fcbbff-4s58v.echo resources:0 removed:0 size:0B
2026-05-20T19:24:57.294557Z	info	delta	ADS: new delta connection for node:tier1-gateway-86bff4cfb-cmckw.tier1-6
2026-05-20T19:24:57.294712Z	info	delta	CDS: PUSH request for node:tier1-gateway-86bff4cfb-cmckw.tier1 resources:3 removed:0 size:2.4kB cached:2/2 filtered:0
2026-05-20T19:24:57.295853Z	info	delta	LDS: PUSH request for node:tier1-gateway-86bff4cfb-cmckw.tier1 resources:1 removed:0 size:4.5kB filtered:0
2026-05-20T19:24:57.296405Z	info	delta	RDS: PUSH request for node:tier1-gateway-86bff4cfb-cmckw.tier1 resources:1 removed:0 size:695B cached:0/0 filtered:0
2026-05-20T19:24:57.296432Z	info	delta	EDS: PUSH request for node:tier1-gateway-86bff4cfb-cmckw.tier1 resources:2 removed:0 size:317B empty:0 cached:2/2 filtered:0
2026-05-20T19:25:04.843703Z	info	sync complete	name=istiod analyzer attempt=1 time=30.292µs
2026-05-20T19:26:47.103569Z	info	ads	Push debounce stable[32] 2 for config ServiceEntry/xcp-multicluster/echo.tetrate.io and 1 more configs: 100.509625ms since last change, 103.025625ms since last push, full=true
2026-05-20T19:26:47.103856Z	info	ads	XDS: Pushing Services:15 ConnectedEndpoints:2 Version:2026-05-20T19:26:47Z/25
2026-05-20T19:26:47.104069Z	info	delta	CDS: PUSH for node:tier1-gateway-86bff4cfb-cmckw.tier1 resources:1 removed:2 size:72B
2026-05-20T19:26:47.104097Z	info	delta	EDS: PUSH for node:tier1-gateway-86bff4cfb-cmckw.tier1 resources:2 removed:0 size:89B empty:2 cached:0/2
2026-05-20T19:26:47.104361Z	info	delta	LDS: PUSH for node:tier1-gateway-86bff4cfb-cmckw.tier1 resources:1 removed:0 size:4.5kB
2026-05-20T19:26:47.104439Z	info	delta	RDS: PUSH for node:tier1-gateway-86bff4cfb-cmckw.tier1 resources:1 removed:0 size:695B cached:0/0
2026-05-20T19:26:47.104544Z	info	delta	CDS: PUSH for node:echo-eastwestgateway-c58fcbbff-4s58v.echo resources:1 removed:0 size:50B
2026-05-20T19:26:47.104559Z	info	delta	LDS: PUSH for node:echo-eastwestgateway-c58fcbbff-4s58v.echo resources:0 removed:0 size:0B
2026-05-20T19:26:48.003552Z	info	sync complete	name=istiod analyzer attempt=1 time=27.792µs
2026-05-20T19:26:48.110591Z	info	ads	Push debounce stable[33] 2 for config VirtualService/tier1/tier1-echo-gw-echo and 1 more configs: 101.916709ms since last change, 101.933125ms since last push, full=true
2026-05-20T19:26:48.110849Z	info	ads	XDS: Pushing Services:15 ConnectedEndpoints:2 Version:2026-05-20T19:26:48Z/26
2026-05-20T19:26:48.110975Z	info	delta	CDS: PUSH for node:tier1-gateway-86bff4cfb-cmckw.tier1 resources:1 removed:0 size:72B
2026-05-20T19:26:48.111235Z	info	delta	LDS: PUSH for node:tier1-gateway-86bff4cfb-cmckw.tier1 resources:1 removed:0 size:4.5kB
2026-05-20T19:26:48.111310Z	info	delta	RDS: PUSH for node:tier1-gateway-86bff4cfb-cmckw.tier1 resources:1 removed:0 size:695B cached:0/0
2026-05-20T19:26:48.111419Z	info	delta	CDS: PUSH for node:echo-eastwestgateway-c58fcbbff-4s58v.echo resources:1 removed:0 size:50B
2026-05-20T19:26:48.111436Z	info	delta	LDS: PUSH for node:echo-eastwestgateway-c58fcbbff-4s58v.echo resources:0 removed:0 size:0B
2026-05-20T19:26:49.009857Z	info	sync complete	name=istiod analyzer attempt=1 time=28.875µs
2026-05-20T19:26:54.331136Z	info	sync complete	name=istiod analyzer attempt=1 time=57.875µs
2026-05-20T19:26:55.403664Z	info	sync complete	name=istiod analyzer attempt=1 time=30.333µs
2026-05-20T19:28:13.494541Z	info	model	Cache Update, new service xcp-multicluster/echo.tetrate.io
2026-05-20T19:28:13.599942Z	info	ads	Push debounce stable[34] 3 for config DestinationRule/xcp-multicluster/global-gateway-echo-tetrate-io and 1 more configs: 100.629958ms since last change, 105.681667ms since last push, full=true
2026-05-20T19:28:13.600122Z	info	ads	XDS: Pushing Services:16 ConnectedEndpoints:2 Version:2026-05-20T19:28:13Z/27
2026-05-20T19:28:13.600349Z	info	delta	CDS: PUSH for node:tier1-gateway-86bff4cfb-cmckw.tier1 resources:3 removed:0 size:2.4kB cached:0/2
2026-05-20T19:28:13.600558Z	info	delta	LDS: PUSH for node:tier1-gateway-86bff4cfb-cmckw.tier1 resources:1 removed:0 size:4.5kB
2026-05-20T19:28:13.600625Z	info	delta	RDS: PUSH for node:tier1-gateway-86bff4cfb-cmckw.tier1 resources:1 removed:0 size:695B cached:0/0
2026-05-20T19:28:13.600713Z	info	delta	CDS: PUSH for node:echo-eastwestgateway-c58fcbbff-4s58v.echo resources:1 removed:0 size:50B
2026-05-20T19:28:13.600894Z	info	delta	LDS: PUSH for node:echo-eastwestgateway-c58fcbbff-4s58v.echo resources:0 removed:0 size:0B
2026-05-20T19:28:13.603827Z	info	delta	EDS: PUSH request for node:tier1-gateway-86bff4cfb-cmckw.tier1 resources:2 removed:0 size:317B empty:0 cached:0/2 filtered:0
2026-05-20T19:28:14.499925Z	info	sync complete	name=istiod analyzer attempt=1 time=36.25µs
2026-05-20T19:28:14.606800Z	info	ads	Push debounce stable[35] 2 for config VirtualService/tier1/tier1-echo-gw-echo and 1 more configs: 101.10125ms since last change, 102.692667ms since last push, full=true
2026-05-20T19:28:14.606984Z	info	ads	XDS: Pushing Services:16 ConnectedEndpoints:2 Version:2026-05-20T19:28:14Z/28
2026-05-20T19:28:14.607178Z	info	delta	CDS: PUSH for node:tier1-gateway-86bff4cfb-cmckw.tier1 resources:3 removed:0 size:2.4kB cached:0/2
2026-05-20T19:28:14.607234Z	info	delta	EDS: PUSH for node:tier1-gateway-86bff4cfb-cmckw.tier1 resources:2 removed:0 size:317B empty:0 cached:0/2
2026-05-20T19:28:14.607436Z	info	delta	LDS: PUSH for node:tier1-gateway-86bff4cfb-cmckw.tier1 resources:1 removed:0 size:4.5kB
2026-05-20T19:28:14.607494Z	info	delta	RDS: PUSH for node:tier1-gateway-86bff4cfb-cmckw.tier1 resources:1 removed:0 size:695B cached:0/0
2026-05-20T19:28:14.607575Z	info	delta	CDS: PUSH for node:echo-eastwestgateway-c58fcbbff-4s58v.echo resources:1 removed:0 size:50B
2026-05-20T19:28:14.607589Z	info	delta	LDS: PUSH for node:echo-eastwestgateway-c58fcbbff-4s58v.echo resources:0 removed:0 size:0B
2026-05-20T19:28:15.507010Z	info	sync complete	name=istiod analyzer attempt=1 time=27.917µs
2026-05-20T19:30:10.998454Z	info	sync complete	name=istiod analyzer attempt=1 time=26.708µs
2026-05-20T19:33:24.503692Z	info	sync complete	name=istiod analyzer attempt=1 time=25.75µs
2026-05-20T19:33:25.926685Z	info	sync complete	name=istiod analyzer attempt=1 time=24.75µs
2026-05-20T19:33:26.995813Z	info	sync complete	name=istiod analyzer attempt=1 time=26.334µs
2026-05-20T19:35:16.211582Z	info	sync complete	name=istiod analyzer attempt=1 time=82.375µs
2026-05-20T19:40:21.794440Z	info	sync complete	name=istiod analyzer attempt=1 time=25.041µs
2026-05-20T19:45:28.622524Z	info	sync complete	name=istiod analyzer attempt=1 time=27.125µs
2026-05-20T19:50:33.910805Z	info	sync complete	name=istiod analyzer attempt=1 time=27.25µs
2026-05-20T19:54:18.538616Z	info	delta	ADS: "10.10.0.23:57402" tier1-gateway-86bff4cfb-cmckw.tier1-6 terminated
2026-05-20T19:54:18.764675Z	info	delta	ADS: new delta connection for node:tier1-gateway-86bff4cfb-cmckw.tier1-7
2026-05-20T19:54:18.764793Z	info	delta	CDS: PUSH request for node:tier1-gateway-86bff4cfb-cmckw.tier1 resources:3 removed:0 size:2.4kB cached:2/2 filtered:0
2026-05-20T19:54:18.765940Z	info	delta	LDS: PUSH request for node:tier1-gateway-86bff4cfb-cmckw.tier1 resources:1 removed:0 size:4.5kB filtered:0
2026-05-20T19:54:18.766362Z	info	delta	RDS: PUSH request for node:tier1-gateway-86bff4cfb-cmckw.tier1 resources:1 removed:0 size:695B cached:0/0 filtered:0
2026-05-20T19:54:18.766629Z	info	delta	EDS: PUSH request for node:tier1-gateway-86bff4cfb-cmckw.tier1 resources:2 removed:0 size:317B empty:0 cached:2/2 filtered:0
2026-05-20T19:55:39.698584Z	info	sync complete	name=istiod analyzer attempt=1 time=46.042µs
2026-05-20T19:57:18.200790Z	info	delta	ADS: "10.10.0.24:41814" echo-eastwestgateway-c58fcbbff-4s58v.echo-5 terminated
2026-05-20T19:57:18.286391Z	info	delta	ADS: new delta connection for node:echo-eastwestgateway-c58fcbbff-4s58v.echo-8
2026-05-20T19:57:18.286639Z	info	delta	CDS: PUSH request for node:echo-eastwestgateway-c58fcbbff-4s58v.echo resources:1 removed:0 size:50B filtered:0
2026-05-20T19:57:18.286672Z	info	delta	LDS: PUSH request for node:echo-eastwestgateway-c58fcbbff-4s58v.echo resources:0 removed:0 size:0B
2026-05-20T20:00:46.626675Z	info	sync complete	name=istiod analyzer attempt=1 time=72.583µs
2026-05-20T20:54:45.006370Z	info	sync complete	name=istiod analyzer attempt=1 time=28.25µs
2026-05-20T21:31:07.169760Z	info	sync complete	name=istiod analyzer attempt=1 time=25.084µs
2026-05-20T21:58:31.580861Z	info	sync complete	name=istiod analyzer attempt=1 time=30.959µs
2026-05-20T22:19:03.140281Z	info	sync complete	name=istiod analyzer attempt=1 time=23.959µs
2026-05-20T22:20:40.850505Z	info	delta	ADS: "10.10.0.23:52624" tier1-gateway-86bff4cfb-cmckw.tier1-7 terminated
2026-05-20T22:20:41.101636Z	info	delta	ADS: new delta connection for node:tier1-gateway-86bff4cfb-cmckw.tier1-9
2026-05-20T22:20:41.101886Z	info	delta	CDS: PUSH request for node:tier1-gateway-86bff4cfb-cmckw.tier1 resources:3 removed:0 size:2.4kB cached:2/2 filtered:0
2026-05-20T22:20:41.102440Z	info	delta	LDS: PUSH request for node:tier1-gateway-86bff4cfb-cmckw.tier1 resources:1 removed:0 size:4.5kB filtered:0
2026-05-20T22:20:41.102839Z	info	delta	RDS: PUSH request for node:tier1-gateway-86bff4cfb-cmckw.tier1 resources:1 removed:0 size:695B cached:0/0 filtered:0
2026-05-20T22:20:41.102861Z	info	delta	EDS: PUSH request for node:tier1-gateway-86bff4cfb-cmckw.tier1 resources:2 removed:0 size:317B empty:0 cached:2/2 filtered:0
2026-05-20T22:38:52.012026Z	info	delta	ADS: "10.10.0.24:58900" echo-eastwestgateway-c58fcbbff-4s58v.echo-8 terminated
2026-05-20T22:38:52.417673Z	info	delta	ADS: new delta connection for node:echo-eastwestgateway-c58fcbbff-4s58v.echo-10
2026-05-20T22:38:52.418415Z	info	delta	CDS: PUSH request for node:echo-eastwestgateway-c58fcbbff-4s58v.echo resources:1 removed:0 size:50B filtered:0
2026-05-20T22:38:52.418654Z	info	delta	LDS: PUSH request for node:echo-eastwestgateway-c58fcbbff-4s58v.echo resources:0 removed:0 size:0B
2026-05-20T22:39:10.434436Z	info	sync complete	name=istiod analyzer attempt=1 time=78.125µs
2026-05-20T23:15:06.290852Z	info	sync complete	name=istiod analyzer attempt=1 time=28.125µs
2026-05-20T23:36:01.111992Z	info	sync complete	name=istiod analyzer attempt=1 time=23.875µs
2026-05-20T23:41:07.420736Z	info	sync complete	name=istiod analyzer attempt=1 time=55.041µs
2026-05-20T23:46:13.898984Z	info	sync complete	name=istiod analyzer attempt=1 time=25.542µs
2026-05-20T23:51:20.034749Z	info	sync complete	name=istiod analyzer attempt=1 time=33.375µs
2026-05-20T23:51:24.120394Z	info	delta	ADS: "10.10.0.23:35724" tier1-gateway-86bff4cfb-cmckw.tier1-9 terminated
2026-05-20T23:51:24.323175Z	info	delta	ADS: new delta connection for node:tier1-gateway-86bff4cfb-cmckw.tier1-11
2026-05-20T23:51:24.323295Z	info	delta	CDS: PUSH request for node:tier1-gateway-86bff4cfb-cmckw.tier1 resources:3 removed:0 size:2.4kB cached:2/2 filtered:0
2026-05-20T23:51:24.323809Z	info	delta	LDS: PUSH request for node:tier1-gateway-86bff4cfb-cmckw.tier1 resources:1 removed:0 size:4.5kB filtered:0
2026-05-20T23:51:24.324231Z	info	delta	RDS: PUSH request for node:tier1-gateway-86bff4cfb-cmckw.tier1 resources:1 removed:0 size:695B cached:0/0 filtered:0
2026-05-20T23:51:24.324258Z	info	delta	EDS: PUSH request for node:tier1-gateway-86bff4cfb-cmckw.tier1 resources:2 removed:0 size:317B empty:0 cached:2/2 filtered:0
2026-05-20T23:56:26.429121Z	info	sync complete	name=istiod analyzer attempt=1 time=32.667µs
2026-05-20T23:58:15.520725Z	info	delta	ADS: "10.10.0.24:42314" echo-eastwestgateway-c58fcbbff-4s58v.echo-10 terminated
2026-05-20T23:58:15.787729Z	info	delta	ADS: new delta connection for node:echo-eastwestgateway-c58fcbbff-4s58v.echo-12
2026-05-20T23:58:15.787915Z	info	delta	CDS: PUSH request for node:echo-eastwestgateway-c58fcbbff-4s58v.echo resources:1 removed:0 size:50B filtered:0
2026-05-20T23:58:15.787939Z	info	delta	LDS: PUSH request for node:echo-eastwestgateway-c58fcbbff-4s58v.echo resources:0 removed:0 size:0B
2026-05-21T00:01:32.152156Z	info	sync complete	name=istiod analyzer attempt=1 time=29.041µs
2026-05-21T00:06:37.738766Z	info	sync complete	name=istiod analyzer attempt=1 time=24.083µs
2026-05-21T00:11:43.411305Z	info	sync complete	name=istiod analyzer attempt=1 time=59.125µs
2026-05-21T00:16:49.434401Z	info	sync complete	name=istiod analyzer attempt=1 time=26.209µs
2026-05-21T00:20:58.177292Z	info	delta	ADS: "10.10.0.23:50954" tier1-gateway-86bff4cfb-cmckw.tier1-11 terminated
2026-05-21T00:20:58.270451Z	info	delta	ADS: new delta connection for node:tier1-gateway-86bff4cfb-cmckw.tier1-13
2026-05-21T00:20:58.270735Z	info	delta	CDS: PUSH request for node:tier1-gateway-86bff4cfb-cmckw.tier1 resources:3 removed:0 size:2.4kB cached:2/2 filtered:0
2026-05-21T00:20:58.271007Z	info	delta	LDS: PUSH request for node:tier1-gateway-86bff4cfb-cmckw.tier1 resources:1 removed:0 size:4.5kB filtered:0
2026-05-21T00:20:58.271802Z	info	delta	RDS: PUSH request for node:tier1-gateway-86bff4cfb-cmckw.tier1 resources:1 removed:0 size:695B cached:0/0 filtered:0
2026-05-21T00:20:58.271824Z	info	delta	EDS: PUSH request for node:tier1-gateway-86bff4cfb-cmckw.tier1 resources:2 removed:0 size:317B empty:0 cached:2/2 filtered:0
2026-05-21T00:21:55.715858Z	info	sync complete	name=istiod analyzer attempt=1 time=26.833µs
2026-05-21T00:26:17.055909Z	info	delta	ADS: "10.10.0.24:36456" echo-eastwestgateway-c58fcbbff-4s58v.echo-12 terminated
2026-05-21T00:26:17.168491Z	info	delta	ADS: new delta connection for node:echo-eastwestgateway-c58fcbbff-4s58v.echo-14
2026-05-21T00:26:17.168715Z	info	delta	CDS: PUSH request for node:echo-eastwestgateway-c58fcbbff-4s58v.echo resources:1 removed:0 size:50B filtered:0
2026-05-21T00:26:17.168743Z	info	delta	LDS: PUSH request for node:echo-eastwestgateway-c58fcbbff-4s58v.echo resources:0 removed:0 size:0B
2026-05-21T00:27:02.119004Z	info	sync complete	name=istiod analyzer attempt=1 time=27.834µs
2026-05-21T00:32:07.965046Z	info	sync complete	name=istiod analyzer attempt=1 time=29µs
2026-05-21T00:37:14.898523Z	info	sync complete	name=istiod analyzer attempt=1 time=24.208µs
2026-05-21T01:13:40.025162Z	info	sync complete	name=istiod analyzer attempt=1 time=40.375µs
2026-05-21T01:52:37.387454Z	info	sync complete	name=istiod analyzer attempt=1 time=70.458µs
2026-05-21T02:29:24.490746Z	info	sync complete	name=istiod analyzer attempt=1 time=39.042µs
2026-05-21T02:29:34.136048Z	info	delta	ADS: "10.10.0.23:38500" tier1-gateway-86bff4cfb-cmckw.tier1-13 terminated
2026-05-21T02:29:34.153369Z	info	delta	ADS: new delta connection for node:tier1-gateway-86bff4cfb-cmckw.tier1-15
2026-05-21T02:29:34.153492Z	info	delta	CDS: PUSH request for node:tier1-gateway-86bff4cfb-cmckw.tier1 resources:3 removed:0 size:2.4kB cached:2/2 filtered:0
2026-05-21T02:29:34.153971Z	info	delta	LDS: PUSH request for node:tier1-gateway-86bff4cfb-cmckw.tier1 resources:1 removed:0 size:4.5kB filtered:0
2026-05-21T02:29:34.155192Z	info	delta	RDS: PUSH request for node:tier1-gateway-86bff4cfb-cmckw.tier1 resources:1 removed:0 size:695B cached:0/0 filtered:0
2026-05-21T02:29:34.155453Z	info	delta	EDS: PUSH request for node:tier1-gateway-86bff4cfb-cmckw.tier1 resources:2 removed:0 size:317B empty:0 cached:2/2 filtered:0
2026-05-21T02:31:12.415062Z	info	delta	ADS: "10.10.0.24:40924" echo-eastwestgateway-c58fcbbff-4s58v.echo-14 terminated
2026-05-21T02:31:12.825644Z	info	delta	ADS: new delta connection for node:echo-eastwestgateway-c58fcbbff-4s58v.echo-16
2026-05-21T02:31:12.825879Z	info	delta	CDS: PUSH request for node:echo-eastwestgateway-c58fcbbff-4s58v.echo resources:1 removed:0 size:50B filtered:0
2026-05-21T02:31:12.827155Z	info	delta	LDS: PUSH request for node:echo-eastwestgateway-c58fcbbff-4s58v.echo resources:0 removed:0 size:0B
2026-05-21T02:51:22.709443Z	info	sync complete	name=istiod analyzer attempt=1 time=67.708µs
2026-05-21T03:21:26.214392Z	info	sync complete	name=istiod analyzer attempt=1 time=27.792µs
2026-05-21T03:43:17.857088Z	info	sync complete	name=istiod analyzer attempt=1 time=52.833µs
2026-05-21T03:55:53.324829Z	info	sync complete	name=istiod analyzer attempt=1 time=37.375µs
2026-05-21T04:00:59.523626Z	info	sync complete	name=istiod analyzer attempt=1 time=26.25µs
2026-05-21T04:01:52.580248Z	info	sync complete	name=istiod analyzer attempt=1 time=25.5µs
2026-05-21T04:01:53.657579Z	info	sync complete	name=istiod analyzer attempt=1 time=23.667µs
2026-05-21T04:02:09.608207Z	info	sync complete	name=istiod analyzer attempt=1 time=33.667µs
2026-05-21T04:02:10.683408Z	info	sync complete	name=istiod analyzer attempt=1 time=27.084µs
2026-05-21T04:05:12.693441Z	info	delta	ADS: "10.10.0.24:35900" echo-eastwestgateway-c58fcbbff-4s58v.echo-16 terminated
2026-05-21T04:05:13.069134Z	info	delta	ADS: new delta connection for node:echo-eastwestgateway-c58fcbbff-4s58v.echo-17
2026-05-21T04:05:13.069467Z	info	delta	CDS: PUSH request for node:echo-eastwestgateway-c58fcbbff-4s58v.echo resources:1 removed:0 size:50B filtered:0
2026-05-21T04:05:13.069535Z	info	delta	LDS: PUSH request for node:echo-eastwestgateway-c58fcbbff-4s58v.echo resources:0 removed:0 size:0B
2026-05-21T04:06:06.570575Z	info	sync complete	name=istiod analyzer attempt=1 time=62.834µs
2026-05-21T04:06:57.062307Z	info	delta	ADS: "10.10.0.23:47782" tier1-gateway-86bff4cfb-cmckw.tier1-15 terminated
2026-05-21T04:06:57.259241Z	info	delta	ADS: new delta connection for node:tier1-gateway-86bff4cfb-cmckw.tier1-18
2026-05-21T04:06:57.259440Z	info	delta	CDS: PUSH request for node:tier1-gateway-86bff4cfb-cmckw.tier1 resources:3 removed:0 size:2.4kB cached:2/2 filtered:0
2026-05-21T04:06:57.261596Z	info	delta	LDS: PUSH request for node:tier1-gateway-86bff4cfb-cmckw.tier1 resources:1 removed:0 size:4.5kB filtered:0
2026-05-21T04:06:57.262172Z	info	delta	RDS: PUSH request for node:tier1-gateway-86bff4cfb-cmckw.tier1 resources:1 removed:0 size:695B cached:0/0 filtered:0
2026-05-21T04:06:57.262224Z	info	delta	EDS: PUSH request for node:tier1-gateway-86bff4cfb-cmckw.tier1 resources:2 removed:0 size:317B empty:0 cached:2/2 filtered:0
2026-05-21T04:11:12.238715Z	info	sync complete	name=istiod analyzer attempt=1 time=30.916µs
2026-05-21T04:16:18.241475Z	info	sync complete	name=istiod analyzer attempt=1 time=30.791µs
2026-05-21T04:21:23.282245Z	info	sync complete	name=istiod analyzer attempt=1 time=114.625µs
2026-05-21T04:26:28.981944Z	info	sync complete	name=istiod analyzer attempt=1 time=25.416µs
2026-05-21T04:31:35.761831Z	info	sync complete	name=istiod analyzer attempt=1 time=34.125µs
2026-05-21T04:36:28.043637Z	info	delta	ADS: "10.10.0.24:60664" echo-eastwestgateway-c58fcbbff-4s58v.echo-17 terminated
2026-05-21T04:36:28.157544Z	info	delta	ADS: "10.10.0.23:51042" tier1-gateway-86bff4cfb-cmckw.tier1-18 terminated
2026-05-21T04:36:28.242541Z	info	delta	ADS: new delta connection for node:tier1-gateway-86bff4cfb-cmckw.tier1-19
2026-05-21T04:36:28.242857Z	info	delta	CDS: PUSH request for node:tier1-gateway-86bff4cfb-cmckw.tier1 resources:3 removed:0 size:2.4kB cached:2/2 filtered:0
2026-05-21T04:36:28.243841Z	info	delta	LDS: PUSH request for node:tier1-gateway-86bff4cfb-cmckw.tier1 resources:1 removed:0 size:4.5kB filtered:0
2026-05-21T04:36:28.244310Z	info	delta	RDS: PUSH request for node:tier1-gateway-86bff4cfb-cmckw.tier1 resources:1 removed:0 size:695B cached:0/0 filtered:0
2026-05-21T04:36:28.244347Z	info	delta	EDS: PUSH request for node:tier1-gateway-86bff4cfb-cmckw.tier1 resources:2 removed:0 size:317B empty:0 cached:2/2 filtered:0
2026-05-21T04:36:28.460884Z	info	delta	ADS: new delta connection for node:echo-eastwestgateway-c58fcbbff-4s58v.echo-20
2026-05-21T04:36:28.460970Z	info	delta	CDS: PUSH request for node:echo-eastwestgateway-c58fcbbff-4s58v.echo resources:1 removed:0 size:50B filtered:0
2026-05-21T04:36:28.461315Z	info	delta	LDS: PUSH request for node:echo-eastwestgateway-c58fcbbff-4s58v.echo resources:0 removed:0 size:0B
2026-05-21T04:36:42.062997Z	info	sync complete	name=istiod analyzer attempt=1 time=36.834µs
2026-05-21T04:41:47.693994Z	info	sync complete	name=istiod analyzer attempt=1 time=56.333µs
2026-05-21T04:46:53.609139Z	info	sync complete	name=istiod analyzer attempt=1 time=26.917µs
2026-05-21T04:51:59.005645Z	info	sync complete	name=istiod analyzer attempt=1 time=42.833µs
2026-05-21T04:57:04.967694Z	info	sync complete	name=istiod analyzer attempt=1 time=64.542µs
2026-05-21T05:02:11.644746Z	info	sync complete	name=istiod analyzer attempt=1 time=51.625µs
2026-05-21T05:05:33.048188Z	info	delta	ADS: "10.10.0.23:39462" tier1-gateway-86bff4cfb-cmckw.tier1-19 terminated
2026-05-21T05:05:33.086048Z	info	delta	ADS: new delta connection for node:tier1-gateway-86bff4cfb-cmckw.tier1-21
2026-05-21T05:05:33.086472Z	info	delta	CDS: PUSH request for node:tier1-gateway-86bff4cfb-cmckw.tier1 resources:3 removed:0 size:2.4kB cached:2/2 filtered:0
2026-05-21T05:05:33.087040Z	info	delta	LDS: PUSH request for node:tier1-gateway-86bff4cfb-cmckw.tier1 resources:1 removed:0 size:4.5kB filtered:0
2026-05-21T05:05:33.087584Z	info	delta	RDS: PUSH request for node:tier1-gateway-86bff4cfb-cmckw.tier1 resources:1 removed:0 size:695B cached:0/0 filtered:0
2026-05-21T05:05:33.087625Z	info	delta	EDS: PUSH request for node:tier1-gateway-86bff4cfb-cmckw.tier1 resources:2 removed:0 size:317B empty:0 cached:2/2 filtered:0
2026-05-21T05:07:18.932342Z	info	sync complete	name=istiod analyzer attempt=1 time=33.417µs
2026-05-21T05:08:28.502385Z	info	delta	ADS: "10.10.0.24:55012" echo-eastwestgateway-c58fcbbff-4s58v.echo-20 terminated
2026-05-21T05:08:28.825992Z	info	delta	ADS: new delta connection for node:echo-eastwestgateway-c58fcbbff-4s58v.echo-22
2026-05-21T05:08:28.826215Z	info	delta	CDS: PUSH request for node:echo-eastwestgateway-c58fcbbff-4s58v.echo resources:1 removed:0 size:50B filtered:0
2026-05-21T05:08:28.826241Z	info	delta	LDS: PUSH request for node:echo-eastwestgateway-c58fcbbff-4s58v.echo resources:0 removed:0 size:0B
2026-05-21T05:12:24.966747Z	info	sync complete	name=istiod analyzer attempt=1 time=26.709µs
2026-05-21T05:17:30.231572Z	info	sync complete	name=istiod analyzer attempt=1 time=144.958µs
2026-05-21T05:22:36.428777Z	info	sync complete	name=istiod analyzer attempt=1 time=24.5µs
2026-05-21T06:00:13.593048Z	info	sync complete	name=istiod analyzer attempt=1 time=35.75µs
2026-05-21T06:36:59.164515Z	info	sync complete	name=istiod analyzer attempt=1 time=24µs
2026-05-21T07:12:57.190671Z	info	delta	ADS: "10.10.0.23:55160" tier1-gateway-86bff4cfb-cmckw.tier1-21 terminated
2026-05-21T07:12:57.228719Z	info	delta	ADS: new delta connection for node:tier1-gateway-86bff4cfb-cmckw.tier1-23
2026-05-21T07:12:57.229211Z	info	delta	CDS: PUSH request for node:tier1-gateway-86bff4cfb-cmckw.tier1 resources:3 removed:0 size:2.4kB cached:2/2 filtered:0
2026-05-21T07:12:57.230742Z	info	delta	LDS: PUSH request for node:tier1-gateway-86bff4cfb-cmckw.tier1 resources:1 removed:0 size:4.5kB filtered:0
2026-05-21T07:12:57.231461Z	info	delta	RDS: PUSH request for node:tier1-gateway-86bff4cfb-cmckw.tier1 resources:1 removed:0 size:695B cached:0/0 filtered:0
2026-05-21T07:12:57.231507Z	info	delta	EDS: PUSH request for node:tier1-gateway-86bff4cfb-cmckw.tier1 resources:2 removed:0 size:317B empty:0 cached:2/2 filtered:0
2026-05-21T07:13:01.921732Z	info	sync complete	name=istiod analyzer attempt=1 time=63.708µs
2026-05-21T07:16:13.396296Z	info	delta	ADS: "10.10.0.24:34532" echo-eastwestgateway-c58fcbbff-4s58v.echo-22 terminated
2026-05-21T07:16:13.501475Z	info	delta	ADS: new delta connection for node:echo-eastwestgateway-c58fcbbff-4s58v.echo-24
2026-05-21T07:16:13.501938Z	info	delta	CDS: PUSH request for node:echo-eastwestgateway-c58fcbbff-4s58v.echo resources:1 removed:0 size:50B filtered:0
2026-05-21T07:16:13.502028Z	info	delta	LDS: PUSH request for node:echo-eastwestgateway-c58fcbbff-4s58v.echo resources:0 removed:0 size:0B
2026-05-21T07:18:07.605864Z	info	sync complete	name=istiod analyzer attempt=1 time=51.625µs
2026-05-21T07:23:13.048153Z	info	sync complete	name=istiod analyzer attempt=1 time=30.958µs
2026-05-21T07:28:19.708371Z	info	sync complete	name=istiod analyzer attempt=1 time=130.625µs
2026-05-21T07:33:25.987524Z	info	sync complete	name=istiod analyzer attempt=1 time=23.541µs
2026-05-21T07:38:31.606570Z	info	sync complete	name=istiod analyzer attempt=1 time=31.541µs
2026-05-21T07:43:37.783431Z	info	sync complete	name=istiod analyzer attempt=1 time=28.333µs
2026-05-21T07:45:56.931426Z	info	delta	ADS: "10.10.0.23:41526" tier1-gateway-86bff4cfb-cmckw.tier1-23 terminated
2026-05-21T07:45:57.168071Z	info	delta	ADS: new delta connection for node:tier1-gateway-86bff4cfb-cmckw.tier1-25
2026-05-21T07:45:57.168467Z	info	delta	CDS: PUSH request for node:tier1-gateway-86bff4cfb-cmckw.tier1 resources:3 removed:0 size:2.4kB cached:2/2 filtered:0
2026-05-21T07:45:57.169905Z	info	delta	LDS: PUSH request for node:tier1-gateway-86bff4cfb-cmckw.tier1 resources:1 removed:0 size:4.5kB filtered:0
2026-05-21T07:45:57.170186Z	info	delta	RDS: PUSH request for node:tier1-gateway-86bff4cfb-cmckw.tier1 resources:1 removed:0 size:695B cached:0/0 filtered:0
2026-05-21T07:45:57.170235Z	info	delta	EDS: PUSH request for node:tier1-gateway-86bff4cfb-cmckw.tier1 resources:2 removed:0 size:317B empty:0 cached:2/2 filtered:0
2026-05-21T07:48:40.685207Z	info	delta	ADS: "10.10.0.24:60000" echo-eastwestgateway-c58fcbbff-4s58v.echo-24 terminated
2026-05-21T07:48:41.033710Z	info	delta	ADS: new delta connection for node:echo-eastwestgateway-c58fcbbff-4s58v.echo-26
2026-05-21T07:48:41.033909Z	info	delta	CDS: PUSH request for node:echo-eastwestgateway-c58fcbbff-4s58v.echo resources:1 removed:0 size:50B filtered:0
2026-05-21T07:48:41.033932Z	info	delta	LDS: PUSH request for node:echo-eastwestgateway-c58fcbbff-4s58v.echo resources:0 removed:0 size:0B
2026-05-21T07:48:43.653184Z	info	sync complete	name=istiod analyzer attempt=1 time=54.834µs
2026-05-21T07:53:49.868132Z	info	sync complete	name=istiod analyzer attempt=1 time=110.917µs
2026-05-21T07:58:55.938360Z	info	sync complete	name=istiod analyzer attempt=1 time=36.208µs
2026-05-21T08:04:02.511928Z	info	sync complete	name=istiod analyzer attempt=1 time=34.959µs
2026-05-21T08:09:07.798907Z	info	sync complete	name=istiod analyzer attempt=1 time=53.166µs
2026-05-21T08:14:13.974873Z	info	sync complete	name=istiod analyzer attempt=1 time=24.042µs
2026-05-21T08:17:49.923060Z	info	delta	ADS: "10.10.0.23:36484" tier1-gateway-86bff4cfb-cmckw.tier1-25 terminated
2026-05-21T08:17:50.335549Z	info	delta	ADS: new delta connection for node:tier1-gateway-86bff4cfb-cmckw.tier1-27
2026-05-21T08:17:50.336202Z	info	delta	CDS: PUSH request for node:tier1-gateway-86bff4cfb-cmckw.tier1 resources:3 removed:0 size:2.4kB cached:2/2 filtered:0
2026-05-21T08:17:50.337040Z	info	delta	LDS: PUSH request for node:tier1-gateway-86bff4cfb-cmckw.tier1 resources:1 removed:0 size:4.5kB filtered:0
2026-05-21T08:17:50.337792Z	info	delta	RDS: PUSH request for node:tier1-gateway-86bff4cfb-cmckw.tier1 resources:1 removed:0 size:695B cached:0/0 filtered:0
2026-05-21T08:17:50.337851Z	info	delta	EDS: PUSH request for node:tier1-gateway-86bff4cfb-cmckw.tier1 resources:2 removed:0 size:317B empty:0 cached:2/2 filtered:0
2026-05-21T08:19:21.044159Z	info	sync complete	name=istiod analyzer attempt=1 time=42.083µs
2026-05-21T08:20:46.467065Z	info	delta	ADS: "10.10.0.24:44044" echo-eastwestgateway-c58fcbbff-4s58v.echo-26 terminated
2026-05-21T08:20:46.575120Z	info	delta	ADS: new delta connection for node:echo-eastwestgateway-c58fcbbff-4s58v.echo-28
2026-05-21T08:20:46.575317Z	info	delta	CDS: PUSH request for node:echo-eastwestgateway-c58fcbbff-4s58v.echo resources:1 removed:0 size:50B filtered:0
2026-05-21T08:20:46.575341Z	info	delta	LDS: PUSH request for node:echo-eastwestgateway-c58fcbbff-4s58v.echo resources:0 removed:0 size:0B
2026-05-21T08:24:27.233285Z	info	sync complete	name=istiod analyzer attempt=1 time=27.667µs
2026-05-21T08:29:33.811994Z	info	sync complete	name=istiod analyzer attempt=1 time=69.166µs
2026-05-21T08:34:38.574587Z	info	sync complete	name=istiod analyzer attempt=1 time=35.917µs
2026-05-21T08:39:46.140845Z	info	sync complete	name=istiod analyzer attempt=1 time=42.917µs
2026-05-21T08:44:51.728152Z	info	sync complete	name=istiod analyzer attempt=1 time=27.125µs
2026-05-21T08:48:19.092742Z	info	delta	ADS: "10.10.0.23:57932" tier1-gateway-86bff4cfb-cmckw.tier1-27 terminated
2026-05-21T08:48:19.344270Z	info	delta	ADS: new delta connection for node:tier1-gateway-86bff4cfb-cmckw.tier1-29
2026-05-21T08:48:19.344566Z	info	delta	CDS: PUSH request for node:tier1-gateway-86bff4cfb-cmckw.tier1 resources:3 removed:0 size:2.4kB cached:2/2 filtered:0
2026-05-21T08:48:19.345290Z	info	delta	LDS: PUSH request for node:tier1-gateway-86bff4cfb-cmckw.tier1 resources:1 removed:0 size:4.5kB filtered:0
2026-05-21T08:48:19.345755Z	info	delta	RDS: PUSH request for node:tier1-gateway-86bff4cfb-cmckw.tier1 resources:1 removed:0 size:695B cached:0/0 filtered:0
2026-05-21T08:48:19.345798Z	info	delta	EDS: PUSH request for node:tier1-gateway-86bff4cfb-cmckw.tier1 resources:2 removed:0 size:317B empty:0 cached:2/2 filtered:0
2026-05-21T08:49:58.457014Z	info	sync complete	name=istiod analyzer attempt=1 time=83.042µs
2026-05-21T08:50:11.850997Z	info	delta	ADS: "10.10.0.24:40812" echo-eastwestgateway-c58fcbbff-4s58v.echo-28 terminated
2026-05-21T08:50:12.248836Z	info	delta	ADS: new delta connection for node:echo-eastwestgateway-c58fcbbff-4s58v.echo-30
2026-05-21T08:50:12.249119Z	info	delta	CDS: PUSH request for node:echo-eastwestgateway-c58fcbbff-4s58v.echo resources:1 removed:0 size:50B filtered:0
2026-05-21T08:50:12.249147Z	info	delta	LDS: PUSH request for node:echo-eastwestgateway-c58fcbbff-4s58v.echo resources:0 removed:0 size:0B
2026-05-21T08:55:04.551149Z	info	sync complete	name=istiod analyzer attempt=1 time=32.958µs
2026-05-21T09:00:10.315477Z	info	sync complete	name=istiod analyzer attempt=1 time=80.917µs
2026-05-21T09:05:17.118607Z	info	sync complete	name=istiod analyzer attempt=1 time=54.125µs
2026-05-21T09:10:22.541619Z	info	sync complete	name=istiod analyzer attempt=1 time=44.792µs
2026-05-21T09:15:28.231798Z	info	sync complete	name=istiod analyzer attempt=1 time=27.042µs
2026-05-21T09:19:27.003425Z	info	delta	ADS: "10.10.0.24:45050" echo-eastwestgateway-c58fcbbff-4s58v.echo-30 terminated
2026-05-21T09:19:27.175514Z	info	delta	ADS: new delta connection for node:echo-eastwestgateway-c58fcbbff-4s58v.echo-31
2026-05-21T09:19:27.175844Z	info	delta	CDS: PUSH request for node:echo-eastwestgateway-c58fcbbff-4s58v.echo resources:1 removed:0 size:50B filtered:0
2026-05-21T09:19:27.175909Z	info	delta	LDS: PUSH request for node:echo-eastwestgateway-c58fcbbff-4s58v.echo resources:0 removed:0 size:0B
2026-05-21T09:20:34.525244Z	info	sync complete	name=istiod analyzer attempt=1 time=27.792µs
2026-05-21T09:21:24.910542Z	info	delta	ADS: "10.10.0.23:52596" tier1-gateway-86bff4cfb-cmckw.tier1-29 terminated
2026-05-21T09:21:24.924224Z	info	delta	ADS: new delta connection for node:tier1-gateway-86bff4cfb-cmckw.tier1-32
2026-05-21T09:21:24.924431Z	info	delta	CDS: PUSH request for node:tier1-gateway-86bff4cfb-cmckw.tier1 resources:3 removed:0 size:2.4kB cached:2/2 filtered:0
2026-05-21T09:21:24.926514Z	info	delta	LDS: PUSH request for node:tier1-gateway-86bff4cfb-cmckw.tier1 resources:1 removed:0 size:4.5kB filtered:0
2026-05-21T09:21:24.927382Z	info	delta	RDS: PUSH request for node:tier1-gateway-86bff4cfb-cmckw.tier1 resources:1 removed:0 size:695B cached:0/0 filtered:0
2026-05-21T09:21:24.927441Z	info	delta	EDS: PUSH request for node:tier1-gateway-86bff4cfb-cmckw.tier1 resources:2 removed:0 size:317B empty:0 cached:2/2 filtered:0
2026-05-21T09:25:40.998526Z	info	sync complete	name=istiod analyzer attempt=1 time=25.583µs
2026-05-21T09:30:47.738644Z	info	sync complete	name=istiod analyzer attempt=1 time=26.75µs
2026-05-21T09:35:53.956023Z	info	sync complete	name=istiod analyzer attempt=1 time=48.208µs
2026-05-21T09:41:00.736757Z	info	sync complete	name=istiod analyzer attempt=1 time=23.5µs
2026-05-21T09:46:06.403236Z	info	sync complete	name=istiod analyzer attempt=1 time=70.208µs
2026-05-21T09:47:27.879569Z	info	delta	ADS: "10.10.0.24:38752" echo-eastwestgateway-c58fcbbff-4s58v.echo-31 terminated
2026-05-21T09:47:27.985397Z	info	delta	ADS: new delta connection for node:echo-eastwestgateway-c58fcbbff-4s58v.echo-33
2026-05-21T09:47:27.985936Z	info	delta	CDS: PUSH request for node:echo-eastwestgateway-c58fcbbff-4s58v.echo resources:1 removed:0 size:50B filtered:0
2026-05-21T09:47:27.986021Z	info	delta	LDS: PUSH request for node:echo-eastwestgateway-c58fcbbff-4s58v.echo resources:0 removed:0 size:0B
2026-05-21T09:48:55.899510Z	info	delta	ADS: "10.10.0.23:60816" tier1-gateway-86bff4cfb-cmckw.tier1-32 terminated
2026-05-21T09:48:55.927862Z	info	delta	ADS: new delta connection for node:tier1-gateway-86bff4cfb-cmckw.tier1-34
2026-05-21T09:48:55.928125Z	info	delta	CDS: PUSH request for node:tier1-gateway-86bff4cfb-cmckw.tier1 resources:3 removed:0 size:2.4kB cached:2/2 filtered:0
2026-05-21T09:48:55.928667Z	info	delta	LDS: PUSH request for node:tier1-gateway-86bff4cfb-cmckw.tier1 resources:1 removed:0 size:4.5kB filtered:0
2026-05-21T09:48:55.929456Z	info	delta	RDS: PUSH request for node:tier1-gateway-86bff4cfb-cmckw.tier1 resources:1 removed:0 size:695B cached:0/0 filtered:0
2026-05-21T09:48:55.929636Z	info	delta	EDS: PUSH request for node:tier1-gateway-86bff4cfb-cmckw.tier1 resources:2 removed:0 size:317B empty:0 cached:2/2 filtered:0
2026-05-21T09:51:11.803854Z	info	sync complete	name=istiod analyzer attempt=1 time=47.667µs
2026-05-21T09:56:17.654703Z	info	sync complete	name=istiod analyzer attempt=1 time=42.625µs
2026-05-21T10:01:24.514073Z	info	sync complete	name=istiod analyzer attempt=1 time=31.417µs
2026-05-21T10:06:31.534301Z	info	sync complete	name=istiod analyzer attempt=1 time=30.792µs
2026-05-21T10:11:37.692928Z	info	sync complete	name=istiod analyzer attempt=1 time=39.209µs
2026-05-21T10:16:23.278274Z	info	delta	ADS: "10.10.0.24:48488" echo-eastwestgateway-c58fcbbff-4s58v.echo-33 terminated
2026-05-21T10:16:23.521532Z	info	delta	ADS: new delta connection for node:echo-eastwestgateway-c58fcbbff-4s58v.echo-35
2026-05-21T10:16:23.521874Z	info	delta	CDS: PUSH request for node:echo-eastwestgateway-c58fcbbff-4s58v.echo resources:1 removed:0 size:50B filtered:0
2026-05-21T10:16:23.522130Z	info	delta	LDS: PUSH request for node:echo-eastwestgateway-c58fcbbff-4s58v.echo resources:0 removed:0 size:0B
2026-05-21T10:16:44.416209Z	info	sync complete	name=istiod analyzer attempt=1 time=25.167µs
2026-05-21T10:17:42.110184Z	info	delta	ADS: "10.10.0.23:40892" tier1-gateway-86bff4cfb-cmckw.tier1-34 terminated
2026-05-21T10:17:42.508332Z	info	delta	ADS: new delta connection for node:tier1-gateway-86bff4cfb-cmckw.tier1-36
2026-05-21T10:17:42.508476Z	info	delta	CDS: PUSH request for node:tier1-gateway-86bff4cfb-cmckw.tier1 resources:3 removed:0 size:2.4kB cached:2/2 filtered:0
2026-05-21T10:17:42.510607Z	info	delta	LDS: PUSH request for node:tier1-gateway-86bff4cfb-cmckw.tier1 resources:1 removed:0 size:4.5kB filtered:0
2026-05-21T10:17:42.511176Z	info	delta	RDS: PUSH request for node:tier1-gateway-86bff4cfb-cmckw.tier1 resources:1 removed:0 size:695B cached:0/0 filtered:0
2026-05-21T10:17:42.511510Z	info	delta	EDS: PUSH request for node:tier1-gateway-86bff4cfb-cmckw.tier1 resources:2 removed:0 size:317B empty:0 cached:2/2 filtered:0
2026-05-21T10:21:50.954895Z	info	sync complete	name=istiod analyzer attempt=1 time=23.75µs
2026-05-21T10:26:57.060946Z	info	sync complete	name=istiod analyzer attempt=1 time=26.333µs
2026-05-21T10:32:03.259171Z	info	sync complete	name=istiod analyzer attempt=1 time=29.75µs
2026-05-21T10:37:08.730372Z	info	sync complete	name=istiod analyzer attempt=1 time=30.708µs
2026-05-21T10:42:14.023973Z	info	sync complete	name=istiod analyzer attempt=1 time=28.333µs
2026-05-21T10:44:33.248185Z	info	delta	ADS: "10.10.0.24:48218" echo-eastwestgateway-c58fcbbff-4s58v.echo-35 terminated
2026-05-21T10:44:33.407143Z	info	delta	ADS: new delta connection for node:echo-eastwestgateway-c58fcbbff-4s58v.echo-37
2026-05-21T10:44:33.407340Z	info	delta	CDS: PUSH request for node:echo-eastwestgateway-c58fcbbff-4s58v.echo resources:1 removed:0 size:50B filtered:0
2026-05-21T10:44:33.407363Z	info	delta	LDS: PUSH request for node:echo-eastwestgateway-c58fcbbff-4s58v.echo resources:0 removed:0 size:0B
2026-05-21T10:47:19.764718Z	info	sync complete	name=istiod analyzer attempt=1 time=23.708µs
2026-05-21T10:50:37.873463Z	info	delta	ADS: "10.10.0.23:41872" tier1-gateway-86bff4cfb-cmckw.tier1-36 terminated
2026-05-21T10:50:38.040887Z	info	delta	ADS: new delta connection for node:tier1-gateway-86bff4cfb-cmckw.tier1-38
2026-05-21T10:50:38.040994Z	info	delta	CDS: PUSH request for node:tier1-gateway-86bff4cfb-cmckw.tier1 resources:3 removed:0 size:2.4kB cached:2/2 filtered:0
2026-05-21T10:50:38.041505Z	info	delta	LDS: PUSH request for node:tier1-gateway-86bff4cfb-cmckw.tier1 resources:1 removed:0 size:4.5kB filtered:0
2026-05-21T10:50:38.041972Z	info	delta	RDS: PUSH request for node:tier1-gateway-86bff4cfb-cmckw.tier1 resources:1 removed:0 size:695B cached:0/0 filtered:0
2026-05-21T10:50:38.042001Z	info	delta	EDS: PUSH request for node:tier1-gateway-86bff4cfb-cmckw.tier1 resources:2 removed:0 size:317B empty:0 cached:2/2 filtered:0
2026-05-21T10:52:26.254891Z	info	sync complete	name=istiod analyzer attempt=1 time=33.791µs
2026-05-21T10:57:32.179852Z	info	sync complete	name=istiod analyzer attempt=1 time=38.458µs
2026-05-21T11:02:38.320345Z	info	sync complete	name=istiod analyzer attempt=1 time=39.042µs
2026-05-21T11:07:45.375392Z	info	sync complete	name=istiod analyzer attempt=1 time=31.25µs
2026-05-21T11:12:51.339043Z	info	sync complete	name=istiod analyzer attempt=1 time=26.833µs
2026-05-21T11:13:30.184560Z	info	delta	ADS: "10.10.0.24:33480" echo-eastwestgateway-c58fcbbff-4s58v.echo-37 terminated
2026-05-21T11:13:30.631444Z	info	delta	ADS: new delta connection for node:echo-eastwestgateway-c58fcbbff-4s58v.echo-39
2026-05-21T11:13:30.631776Z	info	delta	CDS: PUSH request for node:echo-eastwestgateway-c58fcbbff-4s58v.echo resources:1 removed:0 size:50B filtered:0
2026-05-21T11:13:30.631865Z	info	delta	LDS: PUSH request for node:echo-eastwestgateway-c58fcbbff-4s58v.echo resources:0 removed:0 size:0B
2026-05-21T11:17:56.900812Z	info	sync complete	name=istiod analyzer attempt=1 time=23.5µs
2026-05-21T11:21:18.568100Z	info	delta	ADS: "10.10.0.23:44588" tier1-gateway-86bff4cfb-cmckw.tier1-38 terminated
2026-05-21T11:21:19.018913Z	info	delta	ADS: new delta connection for node:tier1-gateway-86bff4cfb-cmckw.tier1-40
2026-05-21T11:21:19.019078Z	info	delta	CDS: PUSH request for node:tier1-gateway-86bff4cfb-cmckw.tier1 resources:3 removed:0 size:2.4kB cached:2/2 filtered:0
2026-05-21T11:21:19.020394Z	info	delta	LDS: PUSH request for node:tier1-gateway-86bff4cfb-cmckw.tier1 resources:1 removed:0 size:4.5kB filtered:0
2026-05-21T11:21:19.021176Z	info	delta	RDS: PUSH request for node:tier1-gateway-86bff4cfb-cmckw.tier1 resources:1 removed:0 size:695B cached:0/0 filtered:0
2026-05-21T11:21:19.021235Z	info	delta	EDS: PUSH request for node:tier1-gateway-86bff4cfb-cmckw.tier1 resources:2 removed:0 size:317B empty:0 cached:2/2 filtered:0
2026-05-21T11:23:03.111895Z	info	sync complete	name=istiod analyzer attempt=1 time=26.334µs
2026-05-21T11:28:09.020159Z	info	sync complete	name=istiod analyzer attempt=1 time=24.125µs
2026-05-21T11:33:15.184497Z	info	sync complete	name=istiod analyzer attempt=1 time=27.208µs
2026-05-21T11:38:21.623285Z	info	sync complete	name=istiod analyzer attempt=1 time=23.5µs
2026-05-21T11:43:28.054668Z	info	sync complete	name=istiod analyzer attempt=1 time=23.417µs
2026-05-21T11:44:38.059311Z	info	delta	ADS: "10.10.0.24:47068" echo-eastwestgateway-c58fcbbff-4s58v.echo-39 terminated
2026-05-21T11:44:38.511214Z	info	delta	ADS: new delta connection for node:echo-eastwestgateway-c58fcbbff-4s58v.echo-41
2026-05-21T11:44:38.511420Z	info	delta	CDS: PUSH request for node:echo-eastwestgateway-c58fcbbff-4s58v.echo resources:1 removed:0 size:50B filtered:0
2026-05-21T11:44:38.511448Z	info	delta	LDS: PUSH request for node:echo-eastwestgateway-c58fcbbff-4s58v.echo resources:0 removed:0 size:0B
2026-05-21T11:48:33.830247Z	info	sync complete	name=istiod analyzer attempt=1 time=46.791µs
2026-05-21T11:53:40.278195Z	info	sync complete	name=istiod analyzer attempt=1 time=38.042µs
2026-05-21T11:53:58.384600Z	info	delta	ADS: "10.10.0.23:43388" tier1-gateway-86bff4cfb-cmckw.tier1-40 terminated
2026-05-21T11:53:58.629913Z	info	delta	ADS: new delta connection for node:tier1-gateway-86bff4cfb-cmckw.tier1-42
2026-05-21T11:53:58.630201Z	info	delta	CDS: PUSH request for node:tier1-gateway-86bff4cfb-cmckw.tier1 resources:3 removed:0 size:2.4kB cached:2/2 filtered:0
2026-05-21T11:53:58.630853Z	info	delta	LDS: PUSH request for node:tier1-gateway-86bff4cfb-cmckw.tier1 resources:1 removed:0 size:4.5kB filtered:0
2026-05-21T11:53:58.631789Z	info	delta	RDS: PUSH request for node:tier1-gateway-86bff4cfb-cmckw.tier1 resources:1 removed:0 size:695B cached:0/0 filtered:0
2026-05-21T11:53:58.631836Z	info	delta	EDS: PUSH request for node:tier1-gateway-86bff4cfb-cmckw.tier1 resources:2 removed:0 size:317B empty:0 cached:2/2 filtered:0
2026-05-21T11:58:46.199071Z	info	sync complete	name=istiod analyzer attempt=1 time=37.666µs
2026-05-21T12:03:52.375548Z	info	sync complete	name=istiod analyzer attempt=1 time=25.5µs
2026-05-21T12:08:57.164866Z	info	sync complete	name=istiod analyzer attempt=1 time=25µs
2026-05-21T12:14:04.065930Z	info	sync complete	name=istiod analyzer attempt=1 time=24.041µs
2026-05-21T12:16:43.682049Z	info	delta	ADS: "10.10.0.24:41332" echo-eastwestgateway-c58fcbbff-4s58v.echo-41 terminated
2026-05-21T12:16:44.052522Z	info	delta	ADS: new delta connection for node:echo-eastwestgateway-c58fcbbff-4s58v.echo-43
2026-05-21T12:16:44.052701Z	info	delta	CDS: PUSH request for node:echo-eastwestgateway-c58fcbbff-4s58v.echo resources:1 removed:0 size:50B filtered:0
2026-05-21T12:16:44.052727Z	info	delta	LDS: PUSH request for node:echo-eastwestgateway-c58fcbbff-4s58v.echo resources:0 removed:0 size:0B
2026-05-21T12:19:09.496165Z	info	sync complete	name=istiod analyzer attempt=1 time=38.5µs
2026-05-21T12:24:15.970308Z	info	sync complete	name=istiod analyzer attempt=1 time=26.292µs
2026-05-21T12:25:57.062487Z	info	delta	ADS: "10.10.0.23:42456" tier1-gateway-86bff4cfb-cmckw.tier1-42 terminated
2026-05-21T12:25:57.426148Z	info	delta	ADS: new delta connection for node:tier1-gateway-86bff4cfb-cmckw.tier1-44
2026-05-21T12:25:57.426456Z	info	delta	CDS: PUSH request for node:tier1-gateway-86bff4cfb-cmckw.tier1 resources:3 removed:0 size:2.4kB cached:2/2 filtered:0
2026-05-21T12:25:57.427373Z	info	delta	LDS: PUSH request for node:tier1-gateway-86bff4cfb-cmckw.tier1 resources:1 removed:0 size:4.5kB filtered:0
2026-05-21T12:25:57.427862Z	info	delta	RDS: PUSH request for node:tier1-gateway-86bff4cfb-cmckw.tier1 resources:1 removed:0 size:695B cached:0/0 filtered:0
2026-05-21T12:25:57.427914Z	info	delta	EDS: PUSH request for node:tier1-gateway-86bff4cfb-cmckw.tier1 resources:2 removed:0 size:317B empty:0 cached:2/2 filtered:0
2026-05-21T12:29:20.922575Z	info	sync complete	name=istiod analyzer attempt=1 time=25.167µs
2026-05-21T12:34:27.068615Z	info	sync complete	name=istiod analyzer attempt=1 time=38.25µs
2026-05-21T12:39:32.348173Z	info	sync complete	name=istiod analyzer attempt=1 time=23.291µs
2026-05-21T12:44:38.021264Z	info	sync complete	name=istiod analyzer attempt=1 time=26.792µs
2026-05-21T12:46:37.448135Z	info	delta	ADS: "10.10.0.24:58748" echo-eastwestgateway-c58fcbbff-4s58v.echo-43 terminated
2026-05-21T12:46:37.561780Z	info	delta	ADS: new delta connection for node:echo-eastwestgateway-c58fcbbff-4s58v.echo-45
2026-05-21T12:46:37.562086Z	info	delta	CDS: PUSH request for node:echo-eastwestgateway-c58fcbbff-4s58v.echo resources:1 removed:0 size:50B filtered:0
2026-05-21T12:46:37.562400Z	info	delta	LDS: PUSH request for node:echo-eastwestgateway-c58fcbbff-4s58v.echo resources:0 removed:0 size:0B
2026-05-21T12:49:43.905466Z	info	sync complete	name=istiod analyzer attempt=1 time=60.958µs
2026-05-21T12:54:49.411068Z	info	sync complete	name=istiod analyzer attempt=1 time=26.958µs
2026-05-21T12:58:39.613289Z	info	delta	ADS: "10.10.0.23:53228" tier1-gateway-86bff4cfb-cmckw.tier1-44 terminated
2026-05-21T12:58:39.803452Z	info	delta	ADS: new delta connection for node:tier1-gateway-86bff4cfb-cmckw.tier1-46
2026-05-21T12:58:39.803704Z	info	delta	CDS: PUSH request for node:tier1-gateway-86bff4cfb-cmckw.tier1 resources:3 removed:0 size:2.4kB cached:2/2 filtered:0
2026-05-21T12:58:39.804187Z	info	delta	LDS: PUSH request for node:tier1-gateway-86bff4cfb-cmckw.tier1 resources:1 removed:0 size:4.5kB filtered:0
2026-05-21T12:58:39.805110Z	info	delta	RDS: PUSH request for node:tier1-gateway-86bff4cfb-cmckw.tier1 resources:1 removed:0 size:695B cached:0/0 filtered:0
2026-05-21T12:58:39.805178Z	info	delta	EDS: PUSH request for node:tier1-gateway-86bff4cfb-cmckw.tier1 resources:2 removed:0 size:317B empty:0 cached:2/2 filtered:0
2026-05-21T12:59:55.299531Z	info	sync complete	name=istiod analyzer attempt=1 time=35.125µs
2026-05-21T13:05:02.027642Z	info	sync complete	name=istiod analyzer attempt=1 time=28.375µs
2026-05-21T13:10:09.277849Z	info	sync complete	name=istiod analyzer attempt=1 time=27.792µs
2026-05-21T13:15:15.368891Z	info	sync complete	name=istiod analyzer attempt=1 time=27.25µs
2026-05-21T13:17:57.771767Z	info	delta	ADS: "10.10.0.24:51378" echo-eastwestgateway-c58fcbbff-4s58v.echo-45 terminated
2026-05-21T13:17:58.151984Z	info	delta	ADS: new delta connection for node:echo-eastwestgateway-c58fcbbff-4s58v.echo-47
2026-05-21T13:17:58.152406Z	info	delta	CDS: PUSH request for node:echo-eastwestgateway-c58fcbbff-4s58v.echo resources:1 removed:0 size:50B filtered:0
2026-05-21T13:17:58.152472Z	info	delta	LDS: PUSH request for node:echo-eastwestgateway-c58fcbbff-4s58v.echo resources:0 removed:0 size:0B
2026-05-21T13:20:21.780554Z	info	sync complete	name=istiod analyzer attempt=1 time=48.834µs
2026-05-21T13:25:27.846462Z	info	sync complete	name=istiod analyzer attempt=1 time=32.625µs
2026-05-21T13:29:44.145071Z	info	delta	ADS: "10.10.0.23:48870" tier1-gateway-86bff4cfb-cmckw.tier1-46 terminated
2026-05-21T13:29:44.615515Z	info	delta	ADS: new delta connection for node:tier1-gateway-86bff4cfb-cmckw.tier1-48
2026-05-21T13:29:44.615863Z	info	delta	CDS: PUSH request for node:tier1-gateway-86bff4cfb-cmckw.tier1 resources:3 removed:0 size:2.4kB cached:2/2 filtered:0
2026-05-21T13:29:44.616918Z	info	delta	LDS: PUSH request for node:tier1-gateway-86bff4cfb-cmckw.tier1 resources:1 removed:0 size:4.5kB filtered:0
2026-05-21T13:29:44.617428Z	info	delta	RDS: PUSH request for node:tier1-gateway-86bff4cfb-cmckw.tier1 resources:1 removed:0 size:695B cached:0/0 filtered:0
2026-05-21T13:29:44.617471Z	info	delta	EDS: PUSH request for node:tier1-gateway-86bff4cfb-cmckw.tier1 resources:2 removed:0 size:317B empty:0 cached:2/2 filtered:0
2026-05-21T13:30:33.886413Z	info	sync complete	name=istiod analyzer attempt=1 time=42µs
2026-05-21T13:35:39.455602Z	info	sync complete	name=istiod analyzer attempt=1 time=31µs
2026-05-21T13:40:46.102107Z	info	sync complete	name=istiod analyzer attempt=1 time=26.041µs
2026-05-21T13:45:52.027100Z	info	sync complete	name=istiod analyzer attempt=1 time=50.083µs
2026-05-21T13:49:08.877924Z	info	delta	ADS: "10.10.0.24:47188" echo-eastwestgateway-c58fcbbff-4s58v.echo-47 terminated
2026-05-21T13:49:08.977037Z	info	delta	ADS: new delta connection for node:echo-eastwestgateway-c58fcbbff-4s58v.echo-49
2026-05-21T13:49:08.977233Z	info	delta	CDS: PUSH request for node:echo-eastwestgateway-c58fcbbff-4s58v.echo resources:1 removed:0 size:50B filtered:0
2026-05-21T13:49:08.977569Z	info	delta	LDS: PUSH request for node:echo-eastwestgateway-c58fcbbff-4s58v.echo resources:0 removed:0 size:0B
2026-05-21T13:50:57.704653Z	info	sync complete	name=istiod analyzer attempt=1 time=35.375µs
2026-05-21T13:56:03.150648Z	info	sync complete	name=istiod analyzer attempt=1 time=24.083µs
2026-05-21T13:59:32.968147Z	info	delta	ADS: "10.10.0.23:47880" tier1-gateway-86bff4cfb-cmckw.tier1-48 terminated
2026-05-21T13:59:33.149840Z	info	delta	ADS: new delta connection for node:tier1-gateway-86bff4cfb-cmckw.tier1-50
2026-05-21T13:59:33.150353Z	info	delta	CDS: PUSH request for node:tier1-gateway-86bff4cfb-cmckw.tier1 resources:3 removed:0 size:2.4kB cached:2/2 filtered:0
2026-05-21T13:59:33.152447Z	info	delta	LDS: PUSH request for node:tier1-gateway-86bff4cfb-cmckw.tier1 resources:1 removed:0 size:4.5kB filtered:0
2026-05-21T13:59:33.152698Z	info	delta	RDS: PUSH request for node:tier1-gateway-86bff4cfb-cmckw.tier1 resources:1 removed:0 size:695B cached:0/0 filtered:0
2026-05-21T13:59:33.152756Z	info	delta	EDS: PUSH request for node:tier1-gateway-86bff4cfb-cmckw.tier1 resources:2 removed:0 size:317B empty:0 cached:2/2 filtered:0
2026-05-21T14:01:08.691474Z	info	sync complete	name=istiod analyzer attempt=1 time=49.917µs
2026-05-21T14:06:14.593353Z	info	sync complete	name=istiod analyzer attempt=1 time=78.625µs
2026-05-21T14:11:20.657119Z	info	sync complete	name=istiod analyzer attempt=1 time=61.458µs
2026-05-21T14:16:26.490217Z	info	sync complete	name=istiod analyzer attempt=1 time=24.416µs
2026-05-21T14:18:58.171897Z	info	delta	ADS: "10.10.0.24:32986" echo-eastwestgateway-c58fcbbff-4s58v.echo-49 terminated
2026-05-21T14:18:58.432518Z	info	delta	ADS: new delta connection for node:echo-eastwestgateway-c58fcbbff-4s58v.echo-51
2026-05-21T14:18:58.432756Z	info	delta	CDS: PUSH request for node:echo-eastwestgateway-c58fcbbff-4s58v.echo resources:1 removed:0 size:50B filtered:0
2026-05-21T14:18:58.433092Z	info	delta	LDS: PUSH request for node:echo-eastwestgateway-c58fcbbff-4s58v.echo resources:0 removed:0 size:0B
2026-05-21T14:21:32.694403Z	info	sync complete	name=istiod analyzer attempt=1 time=26.959µs
2026-05-21T14:26:39.813130Z	info	sync complete	name=istiod analyzer attempt=1 time=66.708µs
2026-05-21T15:03:54.231540Z	info	delta	ADS: "10.10.0.23:57128" tier1-gateway-86bff4cfb-cmckw.tier1-50 terminated
2026-05-21T15:03:54.437788Z	info	delta	ADS: new delta connection for node:tier1-gateway-86bff4cfb-cmckw.tier1-52
2026-05-21T15:03:54.438160Z	info	delta	CDS: PUSH request for node:tier1-gateway-86bff4cfb-cmckw.tier1 resources:3 removed:0 size:2.4kB cached:2/2 filtered:0
2026-05-21T15:03:54.439340Z	info	delta	LDS: PUSH request for node:tier1-gateway-86bff4cfb-cmckw.tier1 resources:1 removed:0 size:4.5kB filtered:0
2026-05-21T15:03:54.440055Z	info	delta	RDS: PUSH request for node:tier1-gateway-86bff4cfb-cmckw.tier1 resources:1 removed:0 size:695B cached:0/0 filtered:0
2026-05-21T15:03:54.440109Z	info	delta	EDS: PUSH request for node:tier1-gateway-86bff4cfb-cmckw.tier1 resources:2 removed:0 size:317B empty:0 cached:2/2 filtered:0
2026-05-21T15:39:18.140254Z	info	sync complete	name=istiod analyzer attempt=1 time=51.458µs
2026-05-21T17:02:32.232646Z	info	sync complete	name=istiod analyzer attempt=1 time=63.542µs
2026-05-21T17:07:38.166474Z	info	sync complete	name=istiod analyzer attempt=1 time=50.666µs
2026-05-21T17:12:44.609964Z	info	sync complete	name=istiod analyzer attempt=1 time=94.584µs
2026-05-21T17:17:28.215871Z	info	delta	ADS: "10.10.0.24:42840" echo-eastwestgateway-c58fcbbff-4s58v.echo-51 terminated
2026-05-21T17:17:28.281623Z	info	delta	ADS: new delta connection for node:echo-eastwestgateway-c58fcbbff-4s58v.echo-53
2026-05-21T17:17:28.282145Z	info	delta	CDS: PUSH request for node:echo-eastwestgateway-c58fcbbff-4s58v.echo resources:1 removed:0 size:50B filtered:0
2026-05-21T17:17:28.282224Z	info	delta	LDS: PUSH request for node:echo-eastwestgateway-c58fcbbff-4s58v.echo resources:0 removed:0 size:0B
2026-05-21T17:17:50.592413Z	info	sync complete	name=istiod analyzer attempt=1 time=74.458µs
2026-05-21T17:22:56.243934Z	info	sync complete	name=istiod analyzer attempt=1 time=88.667µs
2026-05-21T17:33:50.398854Z	info	delta	ADS: "10.10.0.23:33208" tier1-gateway-86bff4cfb-cmckw.tier1-52 terminated
2026-05-21T17:33:50.812672Z	info	delta	ADS: new delta connection for node:tier1-gateway-86bff4cfb-cmckw.tier1-54
2026-05-21T17:33:50.813156Z	info	delta	CDS: PUSH request for node:tier1-gateway-86bff4cfb-cmckw.tier1 resources:3 removed:0 size:2.4kB cached:2/2 filtered:0
2026-05-21T17:33:50.815570Z	info	delta	LDS: PUSH request for node:tier1-gateway-86bff4cfb-cmckw.tier1 resources:1 removed:0 size:4.5kB filtered:0
2026-05-21T17:33:50.816318Z	info	delta	RDS: PUSH request for node:tier1-gateway-86bff4cfb-cmckw.tier1 resources:1 removed:0 size:695B cached:0/0 filtered:0
2026-05-21T17:33:50.816413Z	info	delta	EDS: PUSH request for node:tier1-gateway-86bff4cfb-cmckw.tier1 resources:2 removed:0 size:317B empty:0 cached:2/2 filtered:0
2026-05-21T17:40:39.670664Z	info	sync complete	name=istiod analyzer attempt=1 time=135.375µs
2026-05-21T17:45:43.842298Z	info	sync complete	name=istiod analyzer attempt=1 time=79.167µs
2026-05-21T17:50:50.620982Z	info	sync complete	name=istiod analyzer attempt=1 time=99.542µs
2026-05-21T17:55:56.608753Z	info	sync complete	name=istiod analyzer attempt=1 time=106.541µs
2026-05-21T17:58:45.645054Z	info	delta	ADS: "10.10.0.24:44716" echo-eastwestgateway-c58fcbbff-4s58v.echo-53 terminated
2026-05-21T17:58:45.861727Z	info	delta	ADS: new delta connection for node:echo-eastwestgateway-c58fcbbff-4s58v.echo-55
2026-05-21T17:58:45.862389Z	info	delta	CDS: PUSH request for node:echo-eastwestgateway-c58fcbbff-4s58v.echo resources:1 removed:0 size:50B filtered:0
2026-05-21T17:58:45.862480Z	info	delta	LDS: PUSH request for node:echo-eastwestgateway-c58fcbbff-4s58v.echo resources:0 removed:0 size:0B
2026-05-21T18:01:02.229846Z	info	sync complete	name=istiod analyzer attempt=1 time=65.083µs
2026-05-21T18:06:08.674871Z	info	sync complete	name=istiod analyzer attempt=1 time=57.167µs
2026-05-21T18:35:28.725067Z	info	delta	ADS: "10.10.0.23:50004" tier1-gateway-86bff4cfb-cmckw.tier1-54 terminated
2026-05-21T18:35:28.811573Z	info	delta	ADS: new delta connection for node:tier1-gateway-86bff4cfb-cmckw.tier1-56
2026-05-21T18:35:28.812388Z	info	delta	CDS: PUSH request for node:tier1-gateway-86bff4cfb-cmckw.tier1 resources:3 removed:0 size:2.4kB cached:2/2 filtered:0
2026-05-21T18:35:28.818409Z	info	delta	LDS: PUSH request for node:tier1-gateway-86bff4cfb-cmckw.tier1 resources:1 removed:0 size:4.5kB filtered:0
2026-05-21T18:35:28.819505Z	info	delta	RDS: PUSH request for node:tier1-gateway-86bff4cfb-cmckw.tier1 resources:1 removed:0 size:695B cached:0/0 filtered:0
2026-05-21T18:35:28.819588Z	info	delta	EDS: PUSH request for node:tier1-gateway-86bff4cfb-cmckw.tier1 resources:2 removed:0 size:317B empty:0 cached:2/2 filtered:0
2026-05-21T19:36:05.327730Z	info	sync complete	name=istiod analyzer attempt=1 time=384.792µs
2026-05-22T03:40:27.452850Z	info	sync complete	name=istiod analyzer attempt=1 time=89.792µs
2026-05-22T05:15:06.243281Z	info	sync complete	name=istiod analyzer attempt=1 time=139µs
2026-05-22T05:20:11.866085Z	info	sync complete	name=istiod analyzer attempt=1 time=117.875µs
2026-05-22T05:25:05.789040Z	info	delta	ADS: "10.10.0.24:34868" echo-eastwestgateway-c58fcbbff-4s58v.echo-55 terminated
2026-05-22T05:25:06.023876Z	info	delta	ADS: new delta connection for node:echo-eastwestgateway-c58fcbbff-4s58v.echo-57
2026-05-22T05:25:06.024123Z	info	delta	CDS: PUSH request for node:echo-eastwestgateway-c58fcbbff-4s58v.echo resources:1 removed:0 size:50B filtered:0
2026-05-22T05:25:06.024495Z	info	delta	LDS: PUSH request for node:echo-eastwestgateway-c58fcbbff-4s58v.echo resources:0 removed:0 size:0B
2026-05-22T05:25:17.794529Z	info	sync complete	name=istiod analyzer attempt=1 time=77.084µs
2026-05-22T05:30:24.162880Z	info	sync complete	name=istiod analyzer attempt=1 time=105.917µs
2026-05-22T05:32:53.686157Z	info	delta	ADS: "10.10.0.23:53700" tier1-gateway-86bff4cfb-cmckw.tier1-56 terminated
2026-05-22T05:32:54.137728Z	info	delta	ADS: new delta connection for node:tier1-gateway-86bff4cfb-cmckw.tier1-58
2026-05-22T05:32:54.138104Z	info	delta	CDS: PUSH request for node:tier1-gateway-86bff4cfb-cmckw.tier1 resources:3 removed:0 size:2.4kB cached:2/2 filtered:0
2026-05-22T05:32:54.139082Z	info	delta	LDS: PUSH request for node:tier1-gateway-86bff4cfb-cmckw.tier1 resources:1 removed:0 size:4.5kB filtered:0
2026-05-22T05:32:54.139593Z	info	delta	RDS: PUSH request for node:tier1-gateway-86bff4cfb-cmckw.tier1 resources:1 removed:0 size:695B cached:0/0 filtered:0
2026-05-22T05:32:54.139652Z	info	delta	EDS: PUSH request for node:tier1-gateway-86bff4cfb-cmckw.tier1 resources:2 removed:0 size:317B empty:0 cached:2/2 filtered:0
2026-05-22T05:35:29.756256Z	info	sync complete	name=istiod analyzer attempt=1 time=110.625µs
2026-05-22T05:40:35.988475Z	info	sync complete	name=istiod analyzer attempt=1 time=102.166µs
2026-05-22T05:45:41.458089Z	info	sync complete	name=istiod analyzer attempt=1 time=94.583µs
2026-05-22T05:50:46.618414Z	info	sync complete	name=istiod analyzer attempt=1 time=57.167µs
2026-05-22T05:55:48.185130Z	info	delta	ADS: "10.10.0.24:42994" echo-eastwestgateway-c58fcbbff-4s58v.echo-57 terminated
2026-05-22T05:55:48.630221Z	info	delta	ADS: new delta connection for node:echo-eastwestgateway-c58fcbbff-4s58v.echo-59
2026-05-22T05:55:48.630474Z	info	delta	CDS: PUSH request for node:echo-eastwestgateway-c58fcbbff-4s58v.echo resources:1 removed:0 size:50B filtered:0
2026-05-22T05:55:48.630753Z	info	delta	LDS: PUSH request for node:echo-eastwestgateway-c58fcbbff-4s58v.echo resources:0 removed:0 size:0B
2026-05-22T05:55:52.369286Z	info	sync complete	name=istiod analyzer attempt=1 time=65.541µs
2026-05-22T06:00:58.786150Z	info	sync complete	name=istiod analyzer attempt=1 time=54.667µs
2026-05-22T06:02:25.945065Z	info	delta	ADS: "10.10.0.23:55564" tier1-gateway-86bff4cfb-cmckw.tier1-58 terminated
2026-05-22T06:02:25.987168Z	info	delta	ADS: new delta connection for node:tier1-gateway-86bff4cfb-cmckw.tier1-60
2026-05-22T06:02:25.987494Z	info	delta	CDS: PUSH request for node:tier1-gateway-86bff4cfb-cmckw.tier1 resources:3 removed:0 size:2.4kB cached:2/2 filtered:0
2026-05-22T06:02:25.988766Z	info	delta	LDS: PUSH request for node:tier1-gateway-86bff4cfb-cmckw.tier1 resources:1 removed:0 size:4.5kB filtered:0
2026-05-22T06:02:25.988923Z	info	delta	RDS: PUSH request for node:tier1-gateway-86bff4cfb-cmckw.tier1 resources:1 removed:0 size:695B cached:0/0 filtered:0
2026-05-22T06:02:25.988967Z	info	delta	EDS: PUSH request for node:tier1-gateway-86bff4cfb-cmckw.tier1 resources:2 removed:0 size:317B empty:0 cached:2/2 filtered:0
2026-05-22T06:06:05.119499Z	info	sync complete	name=istiod analyzer attempt=1 time=60.042µs
2026-05-22T06:11:11.242681Z	info	sync complete	name=istiod analyzer attempt=1 time=117.375µs
2026-05-22T06:16:17.532264Z	info	sync complete	name=istiod analyzer attempt=1 time=101.125µs
2026-05-22T06:21:22.220209Z	info	sync complete	name=istiod analyzer attempt=1 time=103.583µs
2026-05-22T06:26:27.662728Z	info	sync complete	name=istiod analyzer attempt=1 time=139.167µs
2026-05-22T06:26:31.430513Z	info	delta	ADS: "10.10.0.24:34990" echo-eastwestgateway-c58fcbbff-4s58v.echo-59 terminated
2026-05-22T06:26:31.445254Z	info	delta	ADS: new delta connection for node:echo-eastwestgateway-c58fcbbff-4s58v.echo-61
2026-05-22T06:26:31.445777Z	info	delta	CDS: PUSH request for node:echo-eastwestgateway-c58fcbbff-4s58v.echo resources:1 removed:0 size:50B filtered:0
2026-05-22T06:26:31.446311Z	info	delta	LDS: PUSH request for node:echo-eastwestgateway-c58fcbbff-4s58v.echo resources:0 removed:0 size:0B
2026-05-22T06:31:32.914839Z	info	sync complete	name=istiod analyzer attempt=1 time=166.166µs
2026-05-22T06:35:14.356795Z	info	delta	ADS: "10.10.0.23:56030" tier1-gateway-86bff4cfb-cmckw.tier1-60 terminated
2026-05-22T06:35:14.734610Z	info	delta	ADS: new delta connection for node:tier1-gateway-86bff4cfb-cmckw.tier1-62
2026-05-22T06:35:14.735405Z	info	delta	CDS: PUSH request for node:tier1-gateway-86bff4cfb-cmckw.tier1 resources:3 removed:0 size:2.4kB cached:2/2 filtered:0
2026-05-22T06:35:14.738288Z	info	delta	LDS: PUSH request for node:tier1-gateway-86bff4cfb-cmckw.tier1 resources:1 removed:0 size:4.5kB filtered:0
2026-05-22T06:35:14.739400Z	info	delta	RDS: PUSH request for node:tier1-gateway-86bff4cfb-cmckw.tier1 resources:1 removed:0 size:695B cached:0/0 filtered:0
2026-05-22T06:35:14.739511Z	info	delta	EDS: PUSH request for node:tier1-gateway-86bff4cfb-cmckw.tier1 resources:2 removed:0 size:317B empty:0 cached:2/2 filtered:0
2026-05-22T06:36:38.236241Z	info	sync complete	name=istiod analyzer attempt=1 time=156.209µs
2026-05-22T06:41:43.365277Z	info	sync complete	name=istiod analyzer attempt=1 time=57.625µs
2026-05-22T06:46:50.726969Z	info	sync complete	name=istiod analyzer attempt=1 time=103.958µs
2026-05-22T06:51:54.723610Z	info	sync complete	name=istiod analyzer attempt=1 time=191.875µs
2026-05-22T06:51:56.731264Z	info	sync complete	name=istiod analyzer attempt=1 time=24.833µs
2026-05-22T06:51:58.730171Z	info	sync complete	name=istiod analyzer attempt=1 time=23.458µs
2026-05-22T06:52:00.584206Z	info	sync complete	name=istiod analyzer attempt=1 time=27.167µs
2026-05-22T06:52:01.736071Z	info	sync complete	name=istiod analyzer attempt=1 time=31.042µs
2026-05-22T06:52:02.838141Z	info	sync complete	name=istiod analyzer attempt=1 time=33.209µs
2026-05-22T06:56:04.352255Z	info	delta	ADS: "10.10.0.24:40454" echo-eastwestgateway-c58fcbbff-4s58v.echo-61 terminated
2026-05-22T06:56:04.741038Z	info	delta	ADS: new delta connection for node:echo-eastwestgateway-c58fcbbff-4s58v.echo-63
2026-05-22T06:56:04.741725Z	info	delta	CDS: PUSH request for node:echo-eastwestgateway-c58fcbbff-4s58v.echo resources:1 removed:0 size:50B filtered:0
2026-05-22T06:56:04.741820Z	info	delta	LDS: PUSH request for node:echo-eastwestgateway-c58fcbbff-4s58v.echo resources:0 removed:0 size:0B
2026-05-22T06:57:01.430532Z	info	sync complete	name=istiod analyzer attempt=1 time=111.625µs
2026-05-22T07:02:06.734771Z	info	sync complete	name=istiod analyzer attempt=1 time=138µs
2026-05-22T07:07:06.602197Z	info	delta	ADS: "10.10.0.23:41828" tier1-gateway-86bff4cfb-cmckw.tier1-62 terminated
2026-05-22T07:07:06.973343Z	info	delta	ADS: new delta connection for node:tier1-gateway-86bff4cfb-cmckw.tier1-64
2026-05-22T07:07:06.973800Z	info	delta	CDS: PUSH request for node:tier1-gateway-86bff4cfb-cmckw.tier1 resources:3 removed:0 size:2.4kB cached:2/2 filtered:0
2026-05-22T07:07:06.975023Z	info	delta	LDS: PUSH request for node:tier1-gateway-86bff4cfb-cmckw.tier1 resources:1 removed:0 size:4.5kB filtered:0
2026-05-22T07:07:06.975431Z	info	delta	RDS: PUSH request for node:tier1-gateway-86bff4cfb-cmckw.tier1 resources:1 removed:0 size:695B cached:0/0 filtered:0
2026-05-22T07:07:06.975657Z	info	delta	EDS: PUSH request for node:tier1-gateway-86bff4cfb-cmckw.tier1 resources:2 removed:0 size:317B empty:0 cached:2/2 filtered:0
2026-05-22T07:07:13.819467Z	info	sync complete	name=istiod analyzer attempt=1 time=71.291µs
2026-05-22T07:12:19.338679Z	info	sync complete	name=istiod analyzer attempt=1 time=54.375µs
2026-05-22T07:17:26.359697Z	info	sync complete	name=istiod analyzer attempt=1 time=28.542µs
2026-05-22T07:22:32.684517Z	info	sync complete	name=istiod analyzer attempt=1 time=58.5µs
2026-05-22T07:24:23.378963Z	info	delta	ADS: "10.10.0.24:57842" echo-eastwestgateway-c58fcbbff-4s58v.echo-63 terminated
2026-05-22T07:24:23.387320Z	info	delta	ADS: new delta connection for node:echo-eastwestgateway-c58fcbbff-4s58v.echo-65
2026-05-22T07:24:23.387682Z	info	delta	CDS: PUSH request for node:echo-eastwestgateway-c58fcbbff-4s58v.echo resources:1 removed:0 size:50B filtered:0
2026-05-22T07:24:23.387968Z	info	delta	LDS: PUSH request for node:echo-eastwestgateway-c58fcbbff-4s58v.echo resources:0 removed:0 size:0B
2026-05-22T07:27:38.145966Z	info	sync complete	name=istiod analyzer attempt=1 time=26.791µs
2026-05-22T07:32:31.578562Z	info	Process sidecar injection request	path=/inject pod=tier1/tier1-gateway-7797ddcd87-***** (actual name not yet known)
2026-05-22T07:32:32.302986Z	info	delta	ADS: new delta connection for node:tier1-gateway-7797ddcd87-6mjbh.tier1-66
2026-05-22T07:32:32.303138Z	info	delta	CDS: PUSH request for node:tier1-gateway-7797ddcd87-6mjbh.tier1 resources:3 removed:0 size:2.4kB cached:2/2
2026-05-22T07:32:32.314266Z	info	delta	EDS: PUSH request for node:tier1-gateway-7797ddcd87-6mjbh.tier1 resources:2 removed:0 size:317B empty:0 cached:2/2 filtered:0
2026-05-22T07:32:32.321759Z	info	delta	LDS: PUSH request for node:tier1-gateway-7797ddcd87-6mjbh.tier1 resources:1 removed:0 size:4.5kB
2026-05-22T07:32:32.327113Z	info	delta	RDS: PUSH request for node:tier1-gateway-7797ddcd87-6mjbh.tier1 resources:1 removed:0 size:695B cached:0/0 filtered:0
2026-05-22T07:32:32.597672Z	info	sync complete	name=istiod analyzer attempt=1 time=23.833µs
2026-05-22T07:32:32.786120Z	info	delta	CDS: PUSH for node:tier1-gateway-7797ddcd87-6mjbh.tier1 resources:3 removed:0 size:2.4kB cached:2/2
2026-05-22T07:32:32.786198Z	info	delta	EDS: PUSH for node:tier1-gateway-7797ddcd87-6mjbh.tier1 resources:2 removed:0 size:317B empty:0 cached:2/2
2026-05-22T07:32:32.786708Z	info	delta	LDS: PUSH for node:tier1-gateway-7797ddcd87-6mjbh.tier1 resources:1 removed:0 size:4.5kB
2026-05-22T07:32:32.786922Z	info	delta	RDS: PUSH for node:tier1-gateway-7797ddcd87-6mjbh.tier1 resources:1 removed:0 size:695B cached:0/0
2026-05-22T07:32:32.889729Z	info	ads	Push debounce stable[36] 1 for config ServiceEntry/tier1/tier1-gateway.tier1.svc.cluster.local: 100.715417ms since last change, 100.715375ms since last push, full=false
2026-05-22T07:32:32.889834Z	info	ads	XDS: Incremental Pushing ConnectedEndpoints:3 Version:2026-05-20T19:28:14Z/28
2026-05-22T07:32:33.798876Z	info	sync complete	name=istiod analyzer attempt=1 time=31.208µs
2026-05-22T07:32:42.905602Z	info	ads	Push debounce stable[37] 1 for config ServiceEntry/tier1/tier1-gateway.tier1.svc.cluster.local: 100.54875ms since last change, 100.548709ms since last push, full=false
2026-05-22T07:32:42.905668Z	info	ads	XDS: Incremental Pushing ConnectedEndpoints:3 Version:2026-05-20T19:28:14Z/28
2026-05-22T07:32:43.937923Z	info	sync complete	name=istiod analyzer attempt=1 time=31.375µs
2026-05-22T07:32:48.813510Z	info	delta	ADS: "10.10.0.23:52684" tier1-gateway-86bff4cfb-cmckw.tier1-64 terminated
2026-05-22T07:32:49.004260Z	info	ads	Push debounce stable[38] 1 for config ServiceEntry/tier1/tier1-gateway.tier1.svc.cluster.local: 100.128792ms since last change, 100.12875ms since last push, full=false
2026-05-22T07:32:49.004311Z	info	ads	XDS: Incremental Pushing ConnectedEndpoints:2 Version:2026-05-20T19:28:14Z/28
2026-05-22T07:32:50.819387Z	info	sync complete	name=istiod analyzer attempt=1 time=54.208µs
2026-05-22T07:34:00.069118Z	info	Process sidecar injection request	path=/inject pod=tier1/tier1-gateway-86bff4cfb-***** (actual name not yet known)
2026-05-22T07:34:00.770124Z	info	delta	ADS: new delta connection for node:tier1-gateway-86bff4cfb-zpq8k.tier1-67
2026-05-22T07:34:00.770229Z	info	delta	CDS: PUSH request for node:tier1-gateway-86bff4cfb-zpq8k.tier1 resources:3 removed:0 size:2.4kB cached:2/2
2026-05-22T07:34:00.772253Z	info	delta	EDS: PUSH request for node:tier1-gateway-86bff4cfb-zpq8k.tier1 resources:2 removed:0 size:317B empty:0 cached:2/2 filtered:0
2026-05-22T07:34:00.788598Z	info	delta	LDS: PUSH request for node:tier1-gateway-86bff4cfb-zpq8k.tier1 resources:1 removed:0 size:4.5kB
2026-05-22T07:34:00.790833Z	info	delta	RDS: PUSH request for node:tier1-gateway-86bff4cfb-zpq8k.tier1 resources:1 removed:0 size:695B cached:0/0 filtered:0
2026-05-22T07:34:00.927968Z	info	delta	CDS: PUSH for node:tier1-gateway-86bff4cfb-zpq8k.tier1 resources:3 removed:0 size:2.4kB cached:2/2
2026-05-22T07:34:00.928035Z	info	delta	EDS: PUSH for node:tier1-gateway-86bff4cfb-zpq8k.tier1 resources:2 removed:0 size:317B empty:0 cached:2/2
2026-05-22T07:34:00.928480Z	info	delta	LDS: PUSH for node:tier1-gateway-86bff4cfb-zpq8k.tier1 resources:1 removed:0 size:4.5kB
2026-05-22T07:34:00.928589Z	info	delta	RDS: PUSH for node:tier1-gateway-86bff4cfb-zpq8k.tier1 resources:1 removed:0 size:695B cached:0/0
2026-05-22T07:34:01.031652Z	info	ads	Push debounce stable[39] 1 for config ServiceEntry/tier1/tier1-gateway.tier1.svc.cluster.local: 100.795625ms since last change, 100.795542ms since last push, full=false
2026-05-22T07:34:01.031705Z	info	ads	XDS: Incremental Pushing ConnectedEndpoints:3 Version:2026-05-20T19:28:14Z/28
2026-05-22T07:34:01.939615Z	info	sync complete	name=istiod analyzer attempt=1 time=25.709µs
2026-05-22T07:34:11.047624Z	info	ads	Push debounce stable[40] 1 for config ServiceEntry/tier1/tier1-gateway.tier1.svc.cluster.local: 101.730251ms since last change, 101.730209ms since last push, full=false
2026-05-22T07:34:11.047673Z	info	ads	XDS: Incremental Pushing ConnectedEndpoints:3 Version:2026-05-20T19:28:14Z/28
2026-05-22T07:34:11.952612Z	info	sync complete	name=istiod analyzer attempt=1 time=32.667µs
2026-05-22T07:34:16.952482Z	info	delta	ADS: "10.10.0.42:57036" tier1-gateway-7797ddcd87-6mjbh.tier1-66 terminated
2026-05-22T07:34:17.144407Z	info	ads	Push debounce stable[41] 1 for config ServiceEntry/tier1/tier1-gateway.tier1.svc.cluster.local: 101.921667ms since last change, 101.921625ms since last push, full=false
2026-05-22T07:34:17.144454Z	info	ads	XDS: Incremental Pushing ConnectedEndpoints:2 Version:2026-05-20T19:28:14Z/28
2026-05-22T07:34:18.960395Z	info	sync complete	name=istiod analyzer attempt=1 time=27.708µs
2026-05-22T07:37:51.461601Z	info	sync complete	name=istiod analyzer attempt=1 time=31.042µs
2026-05-22T07:42:58.419295Z	info	sync complete	name=istiod analyzer attempt=1 time=58.917µs
2026-05-22T07:44:09.263993Z	info	Process sidecar injection request	path=/inject pod=tier1/tier1-gateway-7797ddcd87-***** (actual name not yet known)
2026-05-22T07:44:10.013250Z	info	delta	ADS: new delta connection for node:tier1-gateway-7797ddcd87-6nnw7.tier1-68
2026-05-22T07:44:10.013500Z	info	delta	CDS: PUSH request for node:tier1-gateway-7797ddcd87-6nnw7.tier1 resources:3 removed:0 size:2.4kB cached:2/2
2026-05-22T07:44:10.024394Z	info	delta	EDS: PUSH request for node:tier1-gateway-7797ddcd87-6nnw7.tier1 resources:2 removed:0 size:317B empty:0 cached:2/2 filtered:0
2026-05-22T07:44:10.069793Z	info	delta	LDS: PUSH request for node:tier1-gateway-7797ddcd87-6nnw7.tier1 resources:1 removed:0 size:4.5kB
2026-05-22T07:44:10.074884Z	info	delta	RDS: PUSH request for node:tier1-gateway-7797ddcd87-6nnw7.tier1 resources:1 removed:0 size:695B cached:0/0 filtered:0
2026-05-22T07:44:10.917601Z	info	sync complete	name=istiod analyzer attempt=1 time=29.875µs
2026-05-22T07:44:10.925908Z	info	delta	CDS: PUSH for node:tier1-gateway-7797ddcd87-6nnw7.tier1 resources:3 removed:0 size:2.4kB cached:2/2
2026-05-22T07:44:10.925976Z	info	delta	EDS: PUSH for node:tier1-gateway-7797ddcd87-6nnw7.tier1 resources:2 removed:0 size:317B empty:0 cached:2/2
2026-05-22T07:44:10.926505Z	info	delta	LDS: PUSH for node:tier1-gateway-7797ddcd87-6nnw7.tier1 resources:1 removed:0 size:4.5kB
2026-05-22T07:44:10.926655Z	info	delta	RDS: PUSH for node:tier1-gateway-7797ddcd87-6nnw7.tier1 resources:1 removed:0 size:695B cached:0/0
2026-05-22T07:44:11.032539Z	info	ads	Push debounce stable[42] 1 for config ServiceEntry/tier1/tier1-gateway.tier1.svc.cluster.local: 100.265958ms since last change, 100.265917ms since last push, full=false
2026-05-22T07:44:11.032633Z	info	ads	XDS: Incremental Pushing ConnectedEndpoints:3 Version:2026-05-20T19:28:14Z/28
2026-05-22T07:44:11.939024Z	info	sync complete	name=istiod analyzer attempt=1 time=25.625µs
2026-05-22T07:44:21.050125Z	info	ads	Push debounce stable[43] 1 for config ServiceEntry/tier1/tier1-gateway.tier1.svc.cluster.local: 100.611416ms since last change, 100.611375ms since last push, full=false
2026-05-22T07:44:21.050178Z	info	ads	XDS: Incremental Pushing ConnectedEndpoints:3 Version:2026-05-20T19:28:14Z/28
2026-05-22T07:44:21.956363Z	info	sync complete	name=istiod analyzer attempt=1 time=25.167µs
2026-05-22T07:44:26.958290Z	info	delta	ADS: "10.10.0.43:54304" tier1-gateway-86bff4cfb-zpq8k.tier1-67 terminated
2026-05-22T07:44:27.146369Z	info	ads	Push debounce stable[44] 1 for config ServiceEntry/tier1/tier1-gateway.tier1.svc.cluster.local: 101.908583ms since last change, 101.9085ms since last push, full=false
2026-05-22T07:44:27.146417Z	info	ads	XDS: Incremental Pushing ConnectedEndpoints:2 Version:2026-05-20T19:28:14Z/28
2026-05-22T07:44:28.953340Z	info	sync complete	name=istiod analyzer attempt=1 time=26.375µs
2026-05-22T07:48:03.091037Z	info	sync complete	name=istiod analyzer attempt=1 time=25.541µs
2026-05-22T07:53:10.004461Z	info	sync complete	name=istiod analyzer attempt=1 time=23.375µs
2026-05-22T07:55:32.528255Z	info	delta	ADS: "10.10.0.24:53626" echo-eastwestgateway-c58fcbbff-4s58v.echo-65 terminated
2026-05-22T07:55:32.722975Z	info	delta	ADS: new delta connection for node:echo-eastwestgateway-c58fcbbff-4s58v.echo-69
2026-05-22T07:55:32.723164Z	info	delta	CDS: PUSH request for node:echo-eastwestgateway-c58fcbbff-4s58v.echo resources:1 removed:0 size:50B filtered:0
2026-05-22T07:55:32.723188Z	info	delta	LDS: PUSH request for node:echo-eastwestgateway-c58fcbbff-4s58v.echo resources:0 removed:0 size:0B
2026-05-22T07:58:16.179727Z	info	sync complete	name=istiod analyzer attempt=1 time=27.541µs
2026-05-22T08:03:22.385603Z	info	sync complete	name=istiod analyzer attempt=1 time=35.583µs
2026-05-22T08:08:28.410139Z	info	sync complete	name=istiod analyzer attempt=1 time=26.125µs
2026-05-22T08:13:34.467161Z	info	sync complete	name=istiod analyzer attempt=1 time=29.5µs
2026-05-22T08:15:41.873555Z	info	delta	ADS: "10.10.0.44:53612" tier1-gateway-7797ddcd87-6nnw7.tier1-68 terminated
2026-05-22T08:15:42.367501Z	info	delta	ADS: new delta connection for node:tier1-gateway-7797ddcd87-6nnw7.tier1-70
2026-05-22T08:15:42.367609Z	info	delta	CDS: PUSH request for node:tier1-gateway-7797ddcd87-6nnw7.tier1 resources:3 removed:0 size:2.4kB cached:2/2 filtered:0
2026-05-22T08:15:42.368231Z	info	delta	EDS: PUSH request for node:tier1-gateway-7797ddcd87-6nnw7.tier1 resources:2 removed:0 size:317B empty:0 cached:2/2 filtered:0
2026-05-22T08:15:42.369280Z	info	delta	LDS: PUSH request for node:tier1-gateway-7797ddcd87-6nnw7.tier1 resources:1 removed:0 size:4.5kB filtered:0
2026-05-22T08:15:42.369508Z	info	delta	RDS: PUSH request for node:tier1-gateway-7797ddcd87-6nnw7.tier1 resources:1 removed:0 size:695B cached:0/0 filtered:0
2026-05-22T08:18:02.200970Z	info	sync complete	name=istiod analyzer attempt=1 time=29.458µs
2026-05-22T08:18:04.162002Z	info	sync complete	name=istiod analyzer attempt=1 time=22.125µs
2026-05-22T08:18:05.204879Z	info	sync complete	name=istiod analyzer attempt=1 time=33.75µs
2026-05-22T08:18:07.043461Z	info	sync complete	name=istiod analyzer attempt=1 time=102.041µs
2026-05-22T08:18:08.215033Z	info	sync complete	name=istiod analyzer attempt=1 time=32.125µs
2026-05-22T08:18:09.290940Z	info	sync complete	name=istiod analyzer attempt=1 time=31.167µs
2026-05-22T08:18:39.976361Z	info	sync complete	name=istiod analyzer attempt=1 time=25.084µs
2026-05-22T08:23:46.208727Z	info	sync complete	name=istiod analyzer attempt=1 time=29.208µs
2026-05-22T08:25:28.789824Z	info	delta	ADS: "10.10.0.24:51328" echo-eastwestgateway-c58fcbbff-4s58v.echo-69 terminated
2026-05-22T08:25:29.136520Z	info	delta	ADS: new delta connection for node:echo-eastwestgateway-c58fcbbff-4s58v.echo-71
2026-05-22T08:25:29.136708Z	info	delta	CDS: PUSH request for node:echo-eastwestgateway-c58fcbbff-4s58v.echo resources:1 removed:0 size:50B filtered:0
2026-05-22T08:25:29.136739Z	info	delta	LDS: PUSH request for node:echo-eastwestgateway-c58fcbbff-4s58v.echo resources:0 removed:0 size:0B
2026-05-22T08:28:52.684920Z	info	sync complete	name=istiod analyzer attempt=1 time=29.458µs
2026-05-22T08:33:58.810222Z	info	sync complete	name=istiod analyzer attempt=1 time=37.875µs
2026-05-22T08:39:05.428236Z	info	sync complete	name=istiod analyzer attempt=1 time=50.833µs
2026-05-22T08:44:11.214458Z	info	sync complete	name=istiod analyzer attempt=1 time=47.625µs
2026-05-22T08:47:17.059796Z	info	sync complete	name=istiod analyzer attempt=1 time=36.708µs
2026-05-22T08:48:07.145091Z	info	sync complete	name=istiod analyzer attempt=1 time=35.833µs
2026-05-22T08:48:08.206570Z	info	sync complete	name=istiod analyzer attempt=1 time=29.708µs
2026-05-22T08:48:39.013643Z	info	delta	ADS: "10.10.0.44:52202" tier1-gateway-7797ddcd87-6nnw7.tier1-70 terminated
2026-05-22T08:48:39.219157Z	info	delta	ADS: new delta connection for node:tier1-gateway-7797ddcd87-6nnw7.tier1-72
2026-05-22T08:48:39.219328Z	info	delta	CDS: PUSH request for node:tier1-gateway-7797ddcd87-6nnw7.tier1 resources:3 removed:0 size:2.4kB cached:2/2 filtered:0
2026-05-22T08:48:39.219877Z	info	delta	EDS: PUSH request for node:tier1-gateway-7797ddcd87-6nnw7.tier1 resources:2 removed:0 size:317B empty:0 cached:2/2 filtered:0
2026-05-22T08:48:39.220292Z	info	delta	LDS: PUSH request for node:tier1-gateway-7797ddcd87-6nnw7.tier1 resources:1 removed:0 size:4.5kB filtered:0
2026-05-22T08:48:39.221146Z	info	delta	RDS: PUSH request for node:tier1-gateway-7797ddcd87-6nnw7.tier1 resources:1 removed:0 size:695B cached:0/0 filtered:0
2026-05-22T08:49:16.189579Z	info	sync complete	name=istiod analyzer attempt=1 time=24.708µs
2026-05-22T08:54:22.416188Z	info	sync complete	name=istiod analyzer attempt=1 time=48.458µs
2026-05-22T08:57:41.778393Z	info	delta	ADS: "10.10.0.24:44904" echo-eastwestgateway-c58fcbbff-4s58v.echo-71 terminated
2026-05-22T08:57:42.008227Z	info	delta	ADS: new delta connection for node:echo-eastwestgateway-c58fcbbff-4s58v.echo-73
2026-05-22T08:57:42.008405Z	info	delta	CDS: PUSH request for node:echo-eastwestgateway-c58fcbbff-4s58v.echo resources:1 removed:0 size:50B filtered:0
2026-05-22T08:57:42.008430Z	info	delta	LDS: PUSH request for node:echo-eastwestgateway-c58fcbbff-4s58v.echo resources:0 removed:0 size:0B
2026-05-22T08:59:28.489216Z	info	sync complete	name=istiod analyzer attempt=1 time=41.208µs
2026-05-22T09:04:35.538904Z	info	sync complete	name=istiod analyzer attempt=1 time=26.208µs
2026-05-22T09:09:41.563776Z	info	sync complete	name=istiod analyzer attempt=1 time=58.916µs
2026-05-22T09:14:47.447059Z	info	sync complete	name=istiod analyzer attempt=1 time=22.375µs
2026-05-22T09:19:54.591330Z	info	sync complete	name=istiod analyzer attempt=1 time=27.792µs
2026-05-22T09:20:31.443964Z	info	delta	ADS: "10.10.0.44:42288" tier1-gateway-7797ddcd87-6nnw7.tier1-72 terminated
2026-05-22T09:20:31.815151Z	info	delta	ADS: new delta connection for node:tier1-gateway-7797ddcd87-6nnw7.tier1-74
2026-05-22T09:20:31.815623Z	info	delta	CDS: PUSH request for node:tier1-gateway-7797ddcd87-6nnw7.tier1 resources:3 removed:0 size:2.4kB cached:2/2 filtered:0
2026-05-22T09:20:31.816131Z	info	delta	EDS: PUSH request for node:tier1-gateway-7797ddcd87-6nnw7.tier1 resources:2 removed:0 size:317B empty:0 cached:2/2 filtered:0
2026-05-22T09:20:31.817430Z	info	delta	LDS: PUSH request for node:tier1-gateway-7797ddcd87-6nnw7.tier1 resources:1 removed:0 size:4.5kB filtered:0
2026-05-22T09:20:31.817630Z	info	delta	RDS: PUSH request for node:tier1-gateway-7797ddcd87-6nnw7.tier1 resources:1 removed:0 size:695B cached:0/0 filtered:0
2026-05-22T09:25:01.557137Z	info	sync complete	name=istiod analyzer attempt=1 time=63.708µs
2026-05-22T09:26:50.795986Z	info	sync complete	name=istiod analyzer attempt=1 time=29.75µs
2026-05-22T09:26:52.020007Z	info	sync complete	name=istiod analyzer attempt=1 time=24.959µs
2026-05-22T09:26:53.902300Z	info	sync complete	name=istiod analyzer attempt=1 time=23.584µs
2026-05-22T09:26:55.025070Z	info	sync complete	name=istiod analyzer attempt=1 time=27.791µs
2026-05-22T09:26:56.873089Z	info	sync complete	name=istiod analyzer attempt=1 time=32.542µs
2026-05-22T09:26:58.032139Z	info	sync complete	name=istiod analyzer attempt=1 time=83.042µs
2026-05-22T09:26:59.102105Z	info	sync complete	name=istiod analyzer attempt=1 time=24.917µs
2026-05-22T09:30:07.816240Z	info	sync complete	name=istiod analyzer attempt=1 time=24.459µs
2026-05-22T09:30:52.631909Z	info	delta	ADS: "10.10.0.24:42888" echo-eastwestgateway-c58fcbbff-4s58v.echo-73 terminated
2026-05-22T09:30:53.072097Z	info	delta	ADS: new delta connection for node:echo-eastwestgateway-c58fcbbff-4s58v.echo-75
2026-05-22T09:30:53.072330Z	info	delta	CDS: PUSH request for node:echo-eastwestgateway-c58fcbbff-4s58v.echo resources:1 removed:0 size:50B filtered:0
2026-05-22T09:30:53.072357Z	info	delta	LDS: PUSH request for node:echo-eastwestgateway-c58fcbbff-4s58v.echo resources:0 removed:0 size:0B
2026-05-22T09:35:14.679724Z	info	sync complete	name=istiod analyzer attempt=1 time=34.292µs
2026-05-22T09:40:21.136378Z	info	sync complete	name=istiod analyzer attempt=1 time=62.917µs
2026-05-22T09:45:27.940037Z	info	sync complete	name=istiod analyzer attempt=1 time=37.708µs
2026-05-22T09:48:20.122357Z	info	delta	ADS: "10.10.0.44:39270" tier1-gateway-7797ddcd87-6nnw7.tier1-74 terminated
2026-05-22T09:48:20.265012Z	info	delta	ADS: new delta connection for node:tier1-gateway-7797ddcd87-6nnw7.tier1-76
2026-05-22T09:48:20.265352Z	info	delta	CDS: PUSH request for node:tier1-gateway-7797ddcd87-6nnw7.tier1 resources:3 removed:0 size:2.4kB cached:2/2 filtered:0
2026-05-22T09:48:20.266076Z	info	delta	EDS: PUSH request for node:tier1-gateway-7797ddcd87-6nnw7.tier1 resources:2 removed:0 size:317B empty:0 cached:2/2 filtered:0
2026-05-22T09:48:20.267165Z	info	delta	LDS: PUSH request for node:tier1-gateway-7797ddcd87-6nnw7.tier1 resources:1 removed:0 size:4.5kB filtered:0
2026-05-22T09:48:20.267517Z	info	delta	RDS: PUSH request for node:tier1-gateway-7797ddcd87-6nnw7.tier1 resources:1 removed:0 size:695B cached:0/0 filtered:0
2026-05-22T09:50:33.654348Z	info	sync complete	name=istiod analyzer attempt=1 time=24.208µs
2026-05-22T09:55:40.051551Z	info	sync complete	name=istiod analyzer attempt=1 time=26.292µs
2026-05-22T10:00:26.021160Z	info	delta	ADS: "10.10.0.24:44526" echo-eastwestgateway-c58fcbbff-4s58v.echo-75 terminated
2026-05-22T10:00:26.439637Z	info	delta	ADS: new delta connection for node:echo-eastwestgateway-c58fcbbff-4s58v.echo-77
2026-05-22T10:00:26.439956Z	info	delta	CDS: PUSH request for node:echo-eastwestgateway-c58fcbbff-4s58v.echo resources:1 removed:0 size:50B filtered:0
2026-05-22T10:00:26.439998Z	info	delta	LDS: PUSH request for node:echo-eastwestgateway-c58fcbbff-4s58v.echo resources:0 removed:0 size:0B
2026-05-22T10:00:46.114832Z	info	sync complete	name=istiod analyzer attempt=1 time=30.5µs
2026-05-22T10:05:52.054036Z	info	sync complete	name=istiod analyzer attempt=1 time=24.459µs
2026-05-22T10:10:58.210061Z	info	sync complete	name=istiod analyzer attempt=1 time=26.667µs
2026-05-22T10:16:04.553370Z	info	sync complete	name=istiod analyzer attempt=1 time=48.042µs
2026-05-22T10:19:59.544966Z	info	delta	ADS: "10.10.0.44:56292" tier1-gateway-7797ddcd87-6nnw7.tier1-76 terminated
2026-05-22T10:19:59.674348Z	info	delta	ADS: new delta connection for node:tier1-gateway-7797ddcd87-6nnw7.tier1-78
2026-05-22T10:19:59.674444Z	info	delta	CDS: PUSH request for node:tier1-gateway-7797ddcd87-6nnw7.tier1 resources:3 removed:0 size:2.4kB cached:2/2 filtered:0
2026-05-22T10:19:59.677232Z	info	delta	EDS: PUSH request for node:tier1-gateway-7797ddcd87-6nnw7.tier1 resources:2 removed:0 size:317B empty:0 cached:2/2 filtered:0
2026-05-22T10:19:59.677800Z	info	delta	LDS: PUSH request for node:tier1-gateway-7797ddcd87-6nnw7.tier1 resources:1 removed:0 size:4.5kB filtered:0
2026-05-22T10:19:59.678534Z	info	delta	RDS: PUSH request for node:tier1-gateway-7797ddcd87-6nnw7.tier1 resources:1 removed:0 size:695B cached:0/0 filtered:0
2026-05-22T10:21:10.259300Z	info	sync complete	name=istiod analyzer attempt=1 time=26.416µs
2026-05-22T10:26:16.733701Z	info	sync complete	name=istiod analyzer attempt=1 time=40.041µs
2026-05-22T10:31:21.742227Z	info	sync complete	name=istiod analyzer attempt=1 time=36.875µs
2026-05-22T10:32:32.528636Z	info	delta	ADS: "10.10.0.24:59488" echo-eastwestgateway-c58fcbbff-4s58v.echo-77 terminated
2026-05-22T10:32:32.886974Z	info	delta	ADS: new delta connection for node:echo-eastwestgateway-c58fcbbff-4s58v.echo-79
2026-05-22T10:32:32.887158Z	info	delta	CDS: PUSH request for node:echo-eastwestgateway-c58fcbbff-4s58v.echo resources:1 removed:0 size:50B filtered:0
2026-05-22T10:32:32.887181Z	info	delta	LDS: PUSH request for node:echo-eastwestgateway-c58fcbbff-4s58v.echo resources:0 removed:0 size:0B
2026-05-22T10:36:27.854295Z	info	sync complete	name=istiod analyzer attempt=1 time=23.709µs
2026-05-22T10:41:33.935519Z	info	sync complete	name=istiod analyzer attempt=1 time=54.167µs
2026-05-22T10:46:40.313483Z	info	sync complete	name=istiod analyzer attempt=1 time=38.292µs
2026-05-22T10:51:00.713796Z	info	delta	ADS: "10.10.0.44:38192" tier1-gateway-7797ddcd87-6nnw7.tier1-78 terminated
2026-05-22T10:51:00.824397Z	info	delta	ADS: new delta connection for node:tier1-gateway-7797ddcd87-6nnw7.tier1-80
2026-05-22T10:51:00.824723Z	info	delta	CDS: PUSH request for node:tier1-gateway-7797ddcd87-6nnw7.tier1 resources:3 removed:0 size:2.4kB cached:2/2 filtered:0
2026-05-22T10:51:00.825049Z	info	delta	EDS: PUSH request for node:tier1-gateway-7797ddcd87-6nnw7.tier1 resources:2 removed:0 size:317B empty:0 cached:2/2 filtered:0
2026-05-22T10:51:00.826015Z	info	delta	LDS: PUSH request for node:tier1-gateway-7797ddcd87-6nnw7.tier1 resources:1 removed:0 size:4.5kB filtered:0
2026-05-22T10:51:00.826336Z	info	delta	RDS: PUSH request for node:tier1-gateway-7797ddcd87-6nnw7.tier1 resources:1 removed:0 size:695B cached:0/0 filtered:0
2026-05-22T10:51:46.740698Z	info	sync complete	name=istiod analyzer attempt=1 time=26.458µs
2026-05-22T10:56:51.608568Z	info	sync complete	name=istiod analyzer attempt=1 time=22.959µs
2026-05-22T11:01:58.456982Z	info	sync complete	name=istiod analyzer attempt=1 time=24.917µs
2026-05-22T11:02:29.579130Z	info	delta	ADS: "10.10.0.24:56334" echo-eastwestgateway-c58fcbbff-4s58v.echo-79 terminated
2026-05-22T11:02:29.934372Z	info	delta	ADS: new delta connection for node:echo-eastwestgateway-c58fcbbff-4s58v.echo-81
2026-05-22T11:02:29.934457Z	info	delta	CDS: PUSH request for node:echo-eastwestgateway-c58fcbbff-4s58v.echo resources:1 removed:0 size:50B filtered:0
2026-05-22T11:02:29.934787Z	info	delta	LDS: PUSH request for node:echo-eastwestgateway-c58fcbbff-4s58v.echo resources:0 removed:0 size:0B
2026-05-22T11:07:03.654625Z	info	sync complete	name=istiod analyzer attempt=1 time=55.708µs
2026-05-22T11:12:09.893551Z	info	sync complete	name=istiod analyzer attempt=1 time=38.5µs
2026-05-22T11:17:15.909586Z	info	sync complete	name=istiod analyzer attempt=1 time=37.25µs
2026-05-22T11:20:27.928095Z	info	delta	ADS: "10.10.0.44:46138" tier1-gateway-7797ddcd87-6nnw7.tier1-80 terminated
2026-05-22T11:20:28.188737Z	info	delta	ADS: new delta connection for node:tier1-gateway-7797ddcd87-6nnw7.tier1-82
2026-05-22T11:20:28.188921Z	info	delta	CDS: PUSH request for node:tier1-gateway-7797ddcd87-6nnw7.tier1 resources:3 removed:0 size:2.4kB cached:2/2 filtered:0
2026-05-22T11:20:28.189582Z	info	delta	EDS: PUSH request for node:tier1-gateway-7797ddcd87-6nnw7.tier1 resources:2 removed:0 size:317B empty:0 cached:2/2 filtered:0
2026-05-22T11:20:28.190551Z	info	delta	LDS: PUSH request for node:tier1-gateway-7797ddcd87-6nnw7.tier1 resources:1 removed:0 size:4.5kB filtered:0
2026-05-22T11:20:28.191085Z	info	delta	RDS: PUSH request for node:tier1-gateway-7797ddcd87-6nnw7.tier1 resources:1 removed:0 size:695B cached:0/0 filtered:0
2026-05-22T11:22:21.805128Z	info	sync complete	name=istiod analyzer attempt=1 time=27.459µs
2026-05-22T11:27:25.966907Z	info	sync complete	name=istiod analyzer attempt=1 time=31.333µs
2026-05-22T11:32:32.387335Z	info	sync complete	name=istiod analyzer attempt=1 time=25.792µs
2026-05-22T11:34:55.814045Z	info	delta	ADS: "10.10.0.24:50974" echo-eastwestgateway-c58fcbbff-4s58v.echo-81 terminated
2026-05-22T11:34:56.173053Z	info	delta	ADS: new delta connection for node:echo-eastwestgateway-c58fcbbff-4s58v.echo-83
2026-05-22T11:34:56.173284Z	info	delta	CDS: PUSH request for node:echo-eastwestgateway-c58fcbbff-4s58v.echo resources:1 removed:0 size:50B filtered:0
2026-05-22T11:34:56.173833Z	info	delta	LDS: PUSH request for node:echo-eastwestgateway-c58fcbbff-4s58v.echo resources:0 removed:0 size:0B
2026-05-22T11:37:37.752669Z	info	sync complete	name=istiod analyzer attempt=1 time=29.334µs
2026-05-22T11:42:44.136120Z	info	sync complete	name=istiod analyzer attempt=1 time=53.167µs
2026-05-22T11:47:50.028184Z	info	sync complete	name=istiod analyzer attempt=1 time=24.833µs
2026-05-22T12:43:29.978861Z	info	delta	ADS: "10.10.0.44:51172" tier1-gateway-7797ddcd87-6nnw7.tier1-82 terminated
2026-05-22T12:43:30.474962Z	info	delta	ADS: new delta connection for node:tier1-gateway-7797ddcd87-6nnw7.tier1-84
2026-05-22T12:43:30.475199Z	info	delta	CDS: PUSH request for node:tier1-gateway-7797ddcd87-6nnw7.tier1 resources:3 removed:0 size:2.4kB cached:2/2 filtered:0
2026-05-22T12:43:30.475540Z	info	delta	EDS: PUSH request for node:tier1-gateway-7797ddcd87-6nnw7.tier1 resources:2 removed:0 size:317B empty:0 cached:2/2 filtered:0
2026-05-22T12:43:30.476669Z	info	delta	LDS: PUSH request for node:tier1-gateway-7797ddcd87-6nnw7.tier1 resources:1 removed:0 size:4.5kB filtered:0
2026-05-22T12:43:30.477046Z	info	delta	RDS: PUSH request for node:tier1-gateway-7797ddcd87-6nnw7.tier1 resources:1 removed:0 size:695B cached:0/0 filtered:0
2026-05-22T12:47:05.218590Z	info	sync complete	name=istiod analyzer attempt=1 time=49µs
2026-05-22T12:52:10.837759Z	info	sync complete	name=istiod analyzer attempt=1 time=26.958µs
2026-05-22T12:57:16.469566Z	info	sync complete	name=istiod analyzer attempt=1 time=28.25µs
2026-05-22T12:58:24.387434Z	info	delta	ADS: "10.10.0.24:44004" echo-eastwestgateway-c58fcbbff-4s58v.echo-83 terminated
2026-05-22T12:58:24.487416Z	info	delta	ADS: new delta connection for node:echo-eastwestgateway-c58fcbbff-4s58v.echo-85
2026-05-22T12:58:24.487679Z	info	delta	CDS: PUSH request for node:echo-eastwestgateway-c58fcbbff-4s58v.echo resources:1 removed:0 size:50B filtered:0
2026-05-22T12:58:24.487730Z	info	delta	LDS: PUSH request for node:echo-eastwestgateway-c58fcbbff-4s58v.echo resources:0 removed:0 size:0B
2026-05-22T13:02:21.552020Z	info	sync complete	name=istiod analyzer attempt=1 time=27.541µs
2026-05-22T13:06:52.690346Z	info	ads	Push debounce stable[45] 10 for config VirtualService/tier1/tier1-echo-gw-echo and 9 more configs: 100.642959ms since last change, 119.166375ms since last push, full=true
2026-05-22T13:06:52.690660Z	info	ads	XDS: Pushing Services:16 ConnectedEndpoints:2 Version:2026-05-22T13:06:52Z/29
2026-05-22T13:06:52.690825Z	info	delta	CDS: PUSH for node:tier1-gateway-7797ddcd87-6nnw7.tier1 resources:1 removed:2 size:50B
2026-05-22T13:06:52.690971Z	info	delta	EDS: PUSH for node:tier1-gateway-7797ddcd87-6nnw7.tier1 resources:2 removed:0 size:317B empty:0 cached:0/2
2026-05-22T13:06:52.690998Z	info	delta	LDS: PUSH for node:tier1-gateway-7797ddcd87-6nnw7.tier1 resources:0 removed:1 size:0B
2026-05-22T13:06:52.691007Z	warn	buildGatewayRoutes: no gateways for router tier1-gateway-7797ddcd87-6nnw7.tier1
2026-05-22T13:06:52.691025Z	info	delta	RDS: PUSH for node:tier1-gateway-7797ddcd87-6nnw7.tier1 resources:1 removed:0 size:13B cached:0/0
2026-05-22T13:06:52.691131Z	info	delta	CDS: PUSH for node:echo-eastwestgateway-c58fcbbff-4s58v.echo resources:1 removed:0 size:50B
2026-05-22T13:06:52.691150Z	info	delta	LDS: PUSH for node:echo-eastwestgateway-c58fcbbff-4s58v.echo resources:0 removed:0 size:0B
2026-05-22T13:06:53.159947Z	info	model	reloading network gateways
2026-05-22T13:06:53.159989Z	info	model	gateways changed, triggering push
2026-05-22T13:06:53.167438Z	info	model	Incremental push, service tier1-gateway.tier1.svc.cluster.local at shard Kubernetes/cluster-0 has no endpoints
2026-05-22T13:06:53.295307Z	info	ads	Push debounce stable[46] 5 for config ServiceEntry/tier1/tier1-gateway.tier1.svc.cluster.local and 1 more configs: 101.357667ms since last change, 135.279959ms since last push, full=true
2026-05-22T13:06:53.296455Z	info	ads	XDS: Pushing Services:15 ConnectedEndpoints:2 Version:2026-05-22T13:06:53Z/30
2026-05-22T13:06:53.296567Z	info	delta	CDS: PUSH for node:tier1-gateway-7797ddcd87-6nnw7.tier1 resources:1 removed:0 size:50B
2026-05-22T13:06:53.296589Z	info	delta	LDS: PUSH for node:tier1-gateway-7797ddcd87-6nnw7.tier1 resources:0 removed:0 size:0B
2026-05-22T13:06:53.296601Z	warn	buildGatewayRoutes: no gateways for router tier1-gateway-7797ddcd87-6nnw7.tier1
2026-05-22T13:06:53.296612Z	info	delta	RDS: PUSH for node:tier1-gateway-7797ddcd87-6nnw7.tier1 resources:1 removed:0 size:13B cached:0/0
2026-05-22T13:06:53.296651Z	info	delta	CDS: PUSH for node:echo-eastwestgateway-c58fcbbff-4s58v.echo resources:1 removed:0 size:50B
2026-05-22T13:06:53.296664Z	info	delta	LDS: PUSH for node:echo-eastwestgateway-c58fcbbff-4s58v.echo resources:0 removed:0 size:0B
2026-05-22T13:06:53.300585Z	info	model	reloading network gateways
2026-05-22T13:06:53.300641Z	info	model	gateways changed, triggering push
2026-05-22T13:06:53.304596Z	info	model	Incremental push, service echo-eastwestgateway.echo.svc.cluster.local at shard Kubernetes/cluster-0 has no endpoints
2026-05-22T13:06:53.405283Z	info	ads	Push debounce stable[47] 4 for config ServiceEntry/echo/echo-eastwestgateway.echo.svc.cluster.local: 100.617333ms since last change, 104.59675ms since last push, full=true
2026-05-22T13:06:53.406197Z	info	ads	XDS: Pushing Services:14 ConnectedEndpoints:2 Version:2026-05-22T13:06:53Z/31
2026-05-22T13:06:53.406338Z	info	delta	CDS: PUSH for node:tier1-gateway-7797ddcd87-6nnw7.tier1 resources:1 removed:0 size:50B
2026-05-22T13:06:53.406359Z	info	delta	LDS: PUSH for node:tier1-gateway-7797ddcd87-6nnw7.tier1 resources:0 removed:0 size:0B
2026-05-22T13:06:53.406367Z	warn	buildGatewayRoutes: no gateways for router tier1-gateway-7797ddcd87-6nnw7.tier1
2026-05-22T13:06:53.406373Z	info	delta	RDS: PUSH for node:tier1-gateway-7797ddcd87-6nnw7.tier1 resources:1 removed:0 size:13B cached:0/0
2026-05-22T13:06:53.406407Z	info	delta	CDS: PUSH for node:echo-eastwestgateway-c58fcbbff-4s58v.echo resources:1 removed:0 size:50B
2026-05-22T13:06:53.406577Z	info	delta	LDS: PUSH for node:echo-eastwestgateway-c58fcbbff-4s58v.echo resources:0 removed:0 size:0B
2026-05-22T13:06:54.302168Z	info	sync complete	name=istiod analyzer attempt=1 time=34.917µs
2026-05-22T13:07:04.301497Z	info	sync complete	name=istiod analyzer attempt=1 time=24.125µs
2026-05-22T13:07:09.171968Z	info	delta	ADS: "10.10.0.44:41912" tier1-gateway-7797ddcd87-6nnw7.tier1-84 terminated
2026-05-22T13:07:09.307783Z	info	delta	ADS: "10.10.0.24:36248" echo-eastwestgateway-c58fcbbff-4s58v.echo-85 terminated
2026-05-22T13:07:11.170748Z	info	sync complete	name=istiod analyzer attempt=1 time=23.084µs
2026-05-22T13:07:27.906832Z	info	sync complete	name=istiod analyzer attempt=1 time=78.75µs
2026-05-22T13:11:01.113562Z	info	ads	Push debounce stable[48] 2 for config ServiceEntry/xcp-multicluster/echo.tetrate.io and 1 more configs: 101.146875ms since last change, 102.900291ms since last push, full=true
2026-05-22T13:11:01.113732Z	info	ads	XDS: Pushing Services:13 ConnectedEndpoints:0 Version:2026-05-22T13:11:01Z/32
2026-05-22T13:11:02.012675Z	info	sync complete	name=istiod analyzer attempt=1 time=27.333µs
2026-05-22T13:12:34.443219Z	info	sync complete	name=istiod analyzer attempt=1 time=38.25µs
2026-05-22T13:17:40.600641Z	info	sync complete	name=istiod analyzer attempt=1 time=29.25µs
2026-05-22T13:19:06.978880Z	info	ads	Push debounce stable[49] 2 for config Sidecar/tier1/default and 1 more configs: 101.504167ms since last change, 101.947917ms since last push, full=true
2026-05-22T13:19:06.979496Z	info	ads	XDS: Pushing Services:13 ConnectedEndpoints:0 Version:2026-05-22T13:19:06Z/33
2026-05-22T13:19:07.878001Z	info	sync complete	name=istiod analyzer attempt=1 time=179.792µs
2026-05-22T13:19:07.988730Z	info	ads	Push debounce stable[50] 1 for config EnvoyFilter/tier1/default-upstream-traffic-setting: 101.556167ms since last change, 101.556167ms since last push, full=true
2026-05-22T13:19:07.989074Z	info	ads	XDS: Pushing Services:13 ConnectedEndpoints:0 Version:2026-05-22T13:19:07Z/34
2026-05-22T13:19:08.888015Z	info	sync complete	name=istiod analyzer attempt=1 time=22.75µs
2026-05-22T13:22:46.585004Z	info	sync complete	name=istiod analyzer attempt=1 time=25.625µs
2026-05-22T13:27:53.612474Z	info	sync complete	name=istiod analyzer attempt=1 time=28.791µs
2026-05-22T13:32:59.841298Z	info	sync complete	name=istiod analyzer attempt=1 time=24.834µs
2026-05-22T13:38:06.153050Z	info	sync complete	name=istiod analyzer attempt=1 time=27.292µs
2026-05-22T13:43:11.717037Z	info	sync complete	name=istiod analyzer attempt=1 time=26.416µs
2026-05-22T13:48:17.316870Z	info	sync complete	name=istiod analyzer attempt=1 time=39.666µs
2026-05-22T13:53:23.421214Z	info	sync complete	name=istiod analyzer attempt=1 time=25µs
2026-05-22T13:58:29.076352Z	info	sync complete	name=istiod analyzer attempt=1 time=28.458µs
2026-05-22T14:03:36.179498Z	info	sync complete	name=istiod analyzer attempt=1 time=28.209µs
2026-05-22T14:05:26.622776Z	info	ads	Push debounce stable[51] 1 for config EnvoyFilter/tier1/tier1-gg-default-upstream-traffic-setting: 101.469625ms since last change, 101.469583ms since last push, full=true
2026-05-22T14:05:26.623242Z	info	ads	XDS: Pushing Services:13 ConnectedEndpoints:0 Version:2026-05-22T14:05:26Z/35
2026-05-22T14:05:27.523940Z	info	sync complete	name=istiod analyzer attempt=1 time=62.625µs
2026-05-22T14:05:27.634906Z	info	ads	Push debounce stable[52] 1 for config EnvoyFilter/tier1/tier1-gg-default-upstream-traffic-setting: 101.219292ms since last change, 101.219251ms since last push, full=true
2026-05-22T14:05:27.635260Z	info	ads	XDS: Pushing Services:13 ConnectedEndpoints:0 Version:2026-05-22T14:05:27Z/36
2026-05-22T14:05:28.534934Z	info	sync complete	name=istiod analyzer attempt=1 time=27.25µs
2026-05-22T14:07:01.790836Z	info	ads	Push debounce stable[53] 5 for config AuthorizationPolicy/tier1/allow and 4 more configs: 100.24375ms since last change, 103.891709ms since last push, full=true
2026-05-22T14:07:01.791733Z	info	ads	XDS: Pushing Services:13 ConnectedEndpoints:0 Version:2026-05-22T14:07:01Z/37
2026-05-22T14:07:02.691832Z	info	sync complete	name=istiod analyzer attempt=1 time=35.25µs
2026-05-22T14:07:02.804603Z	info	ads	Push debounce stable[54] 5 for config AuthorizationPolicy/tier1/allow and 4 more configs: 100.193417ms since last change, 104.714208ms since last push, full=true
2026-05-22T14:07:02.805060Z	info	ads	XDS: Pushing Services:13 ConnectedEndpoints:0 Version:2026-05-22T14:07:02Z/38
2026-05-22T14:07:03.704865Z	info	sync complete	name=istiod analyzer attempt=1 time=30.25µs
2026-05-22T14:08:41.314315Z	info	sync complete	name=istiod analyzer attempt=1 time=38.208µs
2026-05-22T14:09:04.742482Z	info	Process sidecar injection request	path=/inject pod=tier1/tier1-gateway-596d499c9c-***** (actual name not yet known)
2026-05-22T14:09:04.747489Z	info	model	reloading network gateways
2026-05-22T14:09:04.747540Z	info	model	gateways changed, triggering push
2026-05-22T14:09:04.751892Z	info	model	Incremental push, service tier1-gateway.tier1.svc.cluster.local at shard Kubernetes/cluster-0 has no endpoints
2026-05-22T14:09:04.852203Z	info	ads	Push debounce stable[55] 5 for config ServiceEntry/tier1/tier1-gateway.tier1.svc.cluster.local: 100.271042ms since last change, 115.418167ms since last push, full=true
2026-05-22T14:09:04.853423Z	info	ads	XDS: Pushing Services:14 ConnectedEndpoints:0 Version:2026-05-22T14:09:04Z/39
2026-05-22T14:09:05.488091Z	info	delta	ADS: new delta connection for node:tier1-gateway-596d499c9c-q76jh.tier1-86
2026-05-22T14:09:05.488184Z	info	delta	CDS: PUSH request for node:tier1-gateway-596d499c9c-q76jh.tier1 resources:1 removed:0 size:72B
2026-05-22T14:09:05.489997Z	info	delta	LDS: PUSH request for node:tier1-gateway-596d499c9c-q76jh.tier1 resources:1 removed:0 size:2.8kB
2026-05-22T14:09:05.772331Z	info	sync complete	name=istiod analyzer attempt=1 time=23.834µs
2026-05-22T14:09:05.878552Z	info	ads	Push debounce stable[56] 2 for config AuthorizationPolicy/tier1/allow and 1 more configs: 100.716416ms since last change, 101.219125ms since last push, full=true
2026-05-22T14:09:05.878677Z	info	ads	XDS: Pushing Services:14 ConnectedEndpoints:1 Version:2026-05-22T14:09:05Z/40
2026-05-22T14:09:05.878814Z	info	delta	CDS: PUSH for node:tier1-gateway-596d499c9c-q76jh.tier1 resources:1 removed:0 size:72B
2026-05-22T14:09:05.878923Z	info	delta	LDS: PUSH for node:tier1-gateway-596d499c9c-q76jh.tier1 resources:1 removed:0 size:2.8kB
2026-05-22T14:09:05.933334Z	info	model	Full push, new service tier1/tier1-gateway.tier1.svc.cluster.local
2026-05-22T14:09:05.936534Z	info	delta	CDS: PUSH for node:tier1-gateway-596d499c9c-q76jh.tier1 resources:1 removed:0 size:72B
2026-05-22T14:09:05.936728Z	info	delta	LDS: PUSH for node:tier1-gateway-596d499c9c-q76jh.tier1 resources:1 removed:0 size:2.8kB
2026-05-22T14:09:06.040123Z	info	ads	Push debounce stable[57] 2 for config ServiceEntry/tier1/tier1-gateway.tier1.svc.cluster.local: 100.451875ms since last change, 106.722333ms since last push, full=true
2026-05-22T14:09:06.040286Z	info	ads	XDS: Pushing Services:14 ConnectedEndpoints:1 Version:2026-05-22T14:09:06Z/41
2026-05-22T14:09:06.040418Z	info	delta	CDS: PUSH for node:tier1-gateway-596d499c9c-q76jh.tier1 resources:1 removed:0 size:72B
2026-05-22T14:09:06.040543Z	info	delta	LDS: PUSH for node:tier1-gateway-596d499c9c-q76jh.tier1 resources:1 removed:0 size:2.8kB
2026-05-22T14:09:06.945561Z	info	sync complete	name=istiod analyzer attempt=1 time=25.542µs
2026-05-22T14:12:09.702038Z	info	model	Cache Update, new service xcp-multicluster/echo.tetrate.io
2026-05-22T14:12:09.808100Z	info	ads	Push debounce stable[58] 2 for config ServiceEntry/xcp-multicluster/echo.tetrate.io: 102.008375ms since last change, 106.028ms since last push, full=true
2026-05-22T14:12:09.808281Z	info	ads	XDS: Pushing Services:15 ConnectedEndpoints:1 Version:2026-05-22T14:12:09Z/42
2026-05-22T14:12:09.808537Z	info	delta	CDS: PUSH for node:tier1-gateway-596d499c9c-q76jh.tier1 resources:3 removed:0 size:2.0kB cached:0/2
2026-05-22T14:12:09.808666Z	info	delta	LDS: PUSH for node:tier1-gateway-596d499c9c-q76jh.tier1 resources:1 removed:0 size:2.8kB
2026-05-22T14:12:09.811385Z	info	delta	EDS: PUSH request for node:tier1-gateway-596d499c9c-q76jh.tier1 resources:2 removed:0 size:328B empty:0 cached:0/2 filtered:0
2026-05-22T14:12:10.707303Z	info	sync complete	name=istiod analyzer attempt=1 time=34.959µs
2026-05-22T14:12:10.814092Z	info	ads	Push debounce stable[59] 2 for config VirtualService/tier1/tier1-echo-gw-echo and 1 more configs: 101.268666ms since last change, 102.0195ms since last push, full=true
2026-05-22T14:12:10.814263Z	info	ads	XDS: Pushing Services:15 ConnectedEndpoints:1 Version:2026-05-22T14:12:10Z/43
2026-05-22T14:12:10.814432Z	info	delta	CDS: PUSH for node:tier1-gateway-596d499c9c-q76jh.tier1 resources:3 removed:0 size:2.0kB cached:0/2
2026-05-22T14:12:10.814476Z	info	delta	EDS: PUSH for node:tier1-gateway-596d499c9c-q76jh.tier1 resources:2 removed:0 size:328B empty:0 cached:0/2
2026-05-22T14:12:10.814579Z	info	delta	LDS: PUSH for node:tier1-gateway-596d499c9c-q76jh.tier1 resources:1 removed:0 size:2.8kB
2026-05-22T14:12:11.713227Z	info	sync complete	name=istiod analyzer attempt=1 time=25.625µs
2026-05-22T14:13:47.001606Z	info	sync complete	name=istiod analyzer attempt=1 time=27.083µs
2026-05-22T14:18:53.379109Z	info	sync complete	name=istiod analyzer attempt=1 time=30.167µs
2026-05-22T14:23:58.109687Z	info	sync complete	name=istiod analyzer attempt=1 time=33.458µs
2026-05-22T14:29:03.536235Z	info	sync complete	name=istiod analyzer attempt=1 time=23.292µs
2026-05-22T14:34:08.931473Z	info	sync complete	name=istiod analyzer attempt=1 time=29.375µs
2026-05-22T14:39:15.882121Z	info	sync complete	name=istiod analyzer attempt=1 time=26.041µs
2026-05-22T14:41:33.553611Z	info	delta	ADS: "10.10.0.52:57256" tier1-gateway-596d499c9c-q76jh.tier1-86 terminated
2026-05-22T14:41:33.863266Z	info	delta	ADS: new delta connection for node:tier1-gateway-596d499c9c-q76jh.tier1-87
2026-05-22T14:41:33.863487Z	info	delta	CDS: PUSH request for node:tier1-gateway-596d499c9c-q76jh.tier1 resources:3 removed:0 size:2.0kB cached:2/2 filtered:0
2026-05-22T14:41:33.864454Z	info	delta	LDS: PUSH request for node:tier1-gateway-596d499c9c-q76jh.tier1 resources:1 removed:0 size:2.8kB filtered:0
2026-05-22T14:41:33.864767Z	info	delta	EDS: PUSH request for node:tier1-gateway-596d499c9c-q76jh.tier1 resources:2 removed:0 size:328B empty:0 cached:2/2 filtered:0
2026-05-22T17:32:06.385349Z	info	sync complete	name=istiod analyzer attempt=1 time=53µs
2026-05-22T17:37:13.094006Z	info	sync complete	name=istiod analyzer attempt=1 time=24.667µs
2026-05-22T17:42:19.503662Z	info	sync complete	name=istiod analyzer attempt=1 time=59.958µs
2026-05-22T17:47:24.622517Z	info	sync complete	name=istiod analyzer attempt=1 time=27.75µs
2026-05-22T17:52:30.268943Z	info	sync complete	name=istiod analyzer attempt=1 time=24.375µs
2026-05-22T18:00:03.859923Z	info	delta	ADS: "10.10.0.52:50644" tier1-gateway-596d499c9c-q76jh.tier1-87 terminated
2026-05-22T18:00:04.049496Z	info	delta	ADS: new delta connection for node:tier1-gateway-596d499c9c-q76jh.tier1-88
2026-05-22T18:00:04.049693Z	info	delta	CDS: PUSH request for node:tier1-gateway-596d499c9c-q76jh.tier1 resources:3 removed:0 size:2.0kB cached:2/2 filtered:0
2026-05-22T18:00:04.050011Z	info	delta	LDS: PUSH request for node:tier1-gateway-596d499c9c-q76jh.tier1 resources:1 removed:0 size:2.8kB filtered:0
2026-05-22T18:00:04.050223Z	info	delta	EDS: PUSH request for node:tier1-gateway-596d499c9c-q76jh.tier1 resources:2 removed:0 size:328B empty:0 cached:2/2 filtered:0
2026-05-22T18:00:42.447672Z	info	sync complete	name=istiod analyzer attempt=1 time=25.583µs
2026-05-22T18:05:47.770158Z	info	sync complete	name=istiod analyzer attempt=1 time=26.541µs
2026-05-22T18:10:54.073124Z	info	sync complete	name=istiod analyzer attempt=1 time=28.458µs
2026-05-22T18:16:00.252706Z	info	sync complete	name=istiod analyzer attempt=1 time=24.583µs
2026-05-22T18:21:05.726893Z	info	sync complete	name=istiod analyzer attempt=1 time=28.041µs
2026-05-22T18:26:13.144327Z	info	sync complete	name=istiod analyzer attempt=1 time=65.333µs
2026-05-22T19:10:04.378059Z	info	sync complete	name=istiod analyzer attempt=1 time=27.75µs
2026-05-22T19:10:10.875267Z	info	delta	ADS: "10.10.0.52:56658" tier1-gateway-596d499c9c-q76jh.tier1-88 terminated
2026-05-22T19:10:11.230527Z	info	delta	ADS: new delta connection for node:tier1-gateway-596d499c9c-q76jh.tier1-89
2026-05-22T19:10:11.230757Z	info	delta	CDS: PUSH request for node:tier1-gateway-596d499c9c-q76jh.tier1 resources:3 removed:0 size:2.0kB cached:2/2 filtered:0
2026-05-22T19:10:11.233181Z	info	delta	LDS: PUSH request for node:tier1-gateway-596d499c9c-q76jh.tier1 resources:1 removed:0 size:2.8kB filtered:0
2026-05-22T19:10:11.233636Z	info	delta	EDS: PUSH request for node:tier1-gateway-596d499c9c-q76jh.tier1 resources:2 removed:0 size:328B empty:0 cached:2/2 filtered:0
2026-05-22T19:15:10.671890Z	info	sync complete	name=istiod analyzer attempt=1 time=29.208µs
2026-05-22T19:19:12.298033Z	info	ads	Push debounce stable[60] 1 for config Secret/kube-system/bootstrap-token-abcdef: 100.375834ms since last change, 100.375792ms since last push, full=false
2026-05-22T19:19:12.298130Z	info	ads	XDS: Incremental Pushing ConnectedEndpoints:1 Version:2026-05-22T14:12:10Z/43
2026-05-22T19:19:13.198073Z	info	sync complete	name=istiod analyzer attempt=1 time=24.416µs
2026-05-22T19:20:16.531437Z	info	sync complete	name=istiod analyzer attempt=1 time=33.625µs
2026-05-22T19:25:22.658734Z	info	sync complete	name=istiod analyzer attempt=1 time=24µs
2026-05-22T19:30:28.107935Z	info	sync complete	name=istiod analyzer attempt=1 time=31.875µs
2026-05-22T19:35:34.877727Z	info	sync complete	name=istiod analyzer attempt=1 time=25.417µs
2026-05-22T19:40:02.922189Z	info	delta	ADS: "10.10.0.52:56664" tier1-gateway-596d499c9c-q76jh.tier1-89 terminated
2026-05-22T19:40:03.143269Z	info	delta	ADS: new delta connection for node:tier1-gateway-596d499c9c-q76jh.tier1-90
2026-05-22T19:40:03.143381Z	info	delta	CDS: PUSH request for node:tier1-gateway-596d499c9c-q76jh.tier1 resources:3 removed:0 size:2.0kB cached:2/2 filtered:0
2026-05-22T19:40:03.143666Z	info	delta	LDS: PUSH request for node:tier1-gateway-596d499c9c-q76jh.tier1 resources:1 removed:0 size:2.8kB filtered:0
2026-05-22T19:40:03.143821Z	info	delta	EDS: PUSH request for node:tier1-gateway-596d499c9c-q76jh.tier1 resources:2 removed:0 size:328B empty:0 cached:2/2 filtered:0
2026-05-22T19:40:39.945197Z	info	sync complete	name=istiod analyzer attempt=1 time=28.5µs
2026-05-22T19:45:45.150621Z	info	sync complete	name=istiod analyzer attempt=1 time=26.208µs
2026-05-22T19:50:50.001579Z	info	sync complete	name=istiod analyzer attempt=1 time=24.083µs
2026-05-22T19:55:55.603732Z	info	sync complete	name=istiod analyzer attempt=1 time=24.542µs
2026-05-22T22:01:19.643191Z	info	sync complete	name=istiod analyzer attempt=1 time=53.541µs
2026-05-22T22:06:25.084775Z	info	sync complete	name=istiod analyzer attempt=1 time=45.25µs
2026-05-22T22:11:30.953876Z	info	delta	ADS: "10.10.0.52:45090" tier1-gateway-596d499c9c-q76jh.tier1-90 terminated
2026-05-22T22:11:31.211730Z	info	delta	ADS: new delta connection for node:tier1-gateway-596d499c9c-q76jh.tier1-91
2026-05-22T22:11:31.211942Z	info	delta	CDS: PUSH request for node:tier1-gateway-596d499c9c-q76jh.tier1 resources:3 removed:0 size:2.0kB cached:2/2 filtered:0
2026-05-22T22:11:31.212757Z	info	delta	LDS: PUSH request for node:tier1-gateway-596d499c9c-q76jh.tier1 resources:1 removed:0 size:2.8kB filtered:0
2026-05-22T22:11:31.212801Z	info	delta	EDS: PUSH request for node:tier1-gateway-596d499c9c-q76jh.tier1 resources:2 removed:0 size:328B empty:0 cached:2/2 filtered:0
2026-05-22T22:11:32.476566Z	info	sync complete	name=istiod analyzer attempt=1 time=55.375µs
2026-05-22T22:16:38.182884Z	info	sync complete	name=istiod analyzer attempt=1 time=58.334µs
2026-05-22T22:21:44.171248Z	info	sync complete	name=istiod analyzer attempt=1 time=56.958µs
2026-05-22T22:26:49.390613Z	info	sync complete	name=istiod analyzer attempt=1 time=60.917µs
2026-05-22T22:31:56.476016Z	info	sync complete	name=istiod analyzer attempt=1 time=56µs
2026-05-22T22:37:02.144394Z	info	sync complete	name=istiod analyzer attempt=1 time=51.666µs
2026-05-22T22:39:40.510018Z	info	delta	ADS: "10.10.0.52:36786" tier1-gateway-596d499c9c-q76jh.tier1-91 terminated
2026-05-22T22:39:40.552703Z	info	delta	ADS: new delta connection for node:tier1-gateway-596d499c9c-q76jh.tier1-92
2026-05-22T22:39:40.552909Z	info	delta	CDS: PUSH request for node:tier1-gateway-596d499c9c-q76jh.tier1 resources:3 removed:0 size:2.0kB cached:2/2 filtered:0
2026-05-22T22:39:40.553839Z	info	delta	LDS: PUSH request for node:tier1-gateway-596d499c9c-q76jh.tier1 resources:1 removed:0 size:2.8kB filtered:0
2026-05-22T22:39:40.554146Z	info	delta	EDS: PUSH request for node:tier1-gateway-596d499c9c-q76jh.tier1 resources:2 removed:0 size:328B empty:0 cached:2/2 filtered:0
2026-05-22T22:42:09.179719Z	info	sync complete	name=istiod analyzer attempt=1 time=56µs
2026-05-22T22:47:17.066227Z	info	sync complete	name=istiod analyzer attempt=1 time=61.375µs
2026-05-22T22:52:23.214265Z	info	sync complete	name=istiod analyzer attempt=1 time=58.125µs
2026-05-22T22:57:29.273537Z	info	sync complete	name=istiod analyzer attempt=1 time=74.625µs
2026-05-23T06:30:24.975634Z	info	sync complete	name=istiod analyzer attempt=1 time=82.75µs
2026-05-23T06:38:50.248587Z	info	sync complete	name=istiod analyzer attempt=1 time=27.125µs
2026-05-23T06:40:07.118171Z	info	delta	ADS: "10.10.0.52:37680" tier1-gateway-596d499c9c-q76jh.tier1-92 terminated
2026-05-23T06:40:07.462546Z	info	delta	ADS: new delta connection for node:tier1-gateway-596d499c9c-q76jh.tier1-93
2026-05-23T06:40:07.462685Z	info	delta	CDS: PUSH request for node:tier1-gateway-596d499c9c-q76jh.tier1 resources:3 removed:0 size:2.0kB cached:2/2 filtered:0
2026-05-23T06:40:07.463351Z	info	delta	LDS: PUSH request for node:tier1-gateway-596d499c9c-q76jh.tier1 resources:1 removed:0 size:2.8kB filtered:0
2026-05-23T06:40:07.463581Z	info	delta	EDS: PUSH request for node:tier1-gateway-596d499c9c-q76jh.tier1 resources:2 removed:0 size:328B empty:0 cached:2/2 filtered:0
2026-05-23T06:43:56.811007Z	info	sync complete	name=istiod analyzer attempt=1 time=25.833µs
2026-05-23T06:45:42.510722Z	info	sync complete	name=istiod analyzer attempt=1 time=32.667µs
2026-05-23T06:46:57.642111Z	info	sync complete	name=istiod analyzer attempt=1 time=40.791µs
2026-05-23T06:46:58.704315Z	info	sync complete	name=istiod analyzer attempt=1 time=22.875µs
2026-05-23T06:47:21.603445Z	info	sync complete	name=istiod analyzer attempt=1 time=28.625µs
2026-05-23T06:47:26.691231Z	info	sync complete	name=istiod analyzer attempt=1 time=24.083µs
2026-05-23T06:48:41.818123Z	info	sync complete	name=istiod analyzer attempt=1 time=37.416µs
2026-05-23T06:48:42.873267Z	info	sync complete	name=istiod analyzer attempt=1 time=22.792µs
2026-05-23T06:49:03.463270Z	info	sync complete	name=istiod analyzer attempt=1 time=24.917µs
2026-05-23T06:54:09.596040Z	info	sync complete	name=istiod analyzer attempt=1 time=37.333µs
2026-05-23T06:56:43.582036Z	info	sync complete	name=istiod analyzer attempt=1 time=26.459µs
2026-05-23T06:56:44.647730Z	info	sync complete	name=istiod analyzer attempt=1 time=24.542µs
2026-05-23T06:56:55.181530Z	info	sync complete	name=istiod analyzer attempt=1 time=22.625µs
2026-05-23T06:56:56.598989Z	info	sync complete	name=istiod analyzer attempt=1 time=23.375µs
2026-05-23T06:56:57.664934Z	info	sync complete	name=istiod analyzer attempt=1 time=28.583µs
2026-05-23T06:57:12.583306Z	info	sync complete	name=istiod analyzer attempt=1 time=23.459µs
2026-05-23T06:57:13.631130Z	info	sync complete	name=istiod analyzer attempt=1 time=29.917µs
2026-05-23T06:57:14.699671Z	info	sync complete	name=istiod analyzer attempt=1 time=23.875µs
2026-05-23T06:57:22.647189Z	info	sync complete	name=istiod analyzer attempt=1 time=30.875µs
2026-05-23T06:57:23.710268Z	info	sync complete	name=istiod analyzer attempt=1 time=24.375µs
2026-05-23T06:59:16.082913Z	info	sync complete	name=istiod analyzer attempt=1 time=28.125µs
2026-05-23T07:04:22.966904Z	info	sync complete	name=istiod analyzer attempt=1 time=33.583µs
2026-05-23T07:09:28.783658Z	info	sync complete	name=istiod analyzer attempt=1 time=27.792µs
2026-05-23T07:11:59.600146Z	info	delta	ADS: "10.10.0.52:50044" tier1-gateway-596d499c9c-q76jh.tier1-93 terminated
2026-05-23T07:11:59.731991Z	info	delta	ADS: new delta connection for node:tier1-gateway-596d499c9c-q76jh.tier1-94
2026-05-23T07:11:59.732295Z	info	delta	CDS: PUSH request for node:tier1-gateway-596d499c9c-q76jh.tier1 resources:3 removed:0 size:2.0kB cached:2/2 filtered:0
2026-05-23T07:11:59.732950Z	info	delta	LDS: PUSH request for node:tier1-gateway-596d499c9c-q76jh.tier1 resources:1 removed:0 size:2.8kB filtered:0
2026-05-23T07:11:59.733134Z	info	delta	EDS: PUSH request for node:tier1-gateway-596d499c9c-q76jh.tier1 resources:2 removed:0 size:328B empty:0 cached:2/2 filtered:0
2026-05-23T07:14:34.397692Z	info	sync complete	name=istiod analyzer attempt=1 time=25.25µs
2026-05-23T07:19:39.782657Z	info	sync complete	name=istiod analyzer attempt=1 time=23.584µs
2026-05-23T07:24:45.249495Z	info	sync complete	name=istiod analyzer attempt=1 time=25µs
2026-05-23T07:29:20.059419Z	info	ads	Push debounce stable[61] 8 for config EnvoyFilter/tier1/default-allow-tier1-echo-gw-external-batch0 and 7 more configs: 100.215208ms since last change, 116.750209ms since last push, full=true
2026-05-23T07:29:20.059777Z	info	ads	XDS: Pushing Services:15 ConnectedEndpoints:1 Version:2026-05-23T07:29:20Z/44
2026-05-23T07:29:20.059976Z	info	delta	CDS: PUSH for node:tier1-gateway-596d499c9c-q76jh.tier1 resources:1 removed:2 size:50B
2026-05-23T07:29:20.060089Z	info	delta	EDS: PUSH for node:tier1-gateway-596d499c9c-q76jh.tier1 resources:2 removed:0 size:328B empty:0 cached:0/2
2026-05-23T07:29:20.060109Z	info	delta	LDS: PUSH for node:tier1-gateway-596d499c9c-q76jh.tier1 resources:0 removed:1 size:0B
2026-05-23T07:29:20.959573Z	info	sync complete	name=istiod analyzer attempt=1 time=32.417µs
2026-05-23T07:29:22.814673Z	info	ads	Push debounce stable[62] 1 for config ServiceEntry/xcp-multicluster/echo.tetrate.io: 100.379958ms since last change, 100.379917ms since last push, full=true
2026-05-23T07:29:22.814850Z	info	ads	XDS: Pushing Services:14 ConnectedEndpoints:1 Version:2026-05-23T07:29:22Z/45
2026-05-23T07:29:23.714433Z	info	sync complete	name=istiod analyzer attempt=1 time=27.625µs
2026-05-23T07:29:30.481730Z	info	model	reloading network gateways
2026-05-23T07:29:30.482516Z	info	model	gateways changed, triggering push
2026-05-23T07:29:30.486277Z	info	model	Incremental push, service tier1-gateway.tier1.svc.cluster.local at shard Kubernetes/cluster-0 has no endpoints
2026-05-23T07:29:30.586682Z	info	ads	Push debounce stable[63] 4 for config ServiceEntry/tier1/tier1-gateway.tier1.svc.cluster.local: 100.368666ms since last change, 104.04425ms since last push, full=true
2026-05-23T07:29:30.587596Z	info	ads	XDS: Pushing Services:13 ConnectedEndpoints:1 Version:2026-05-23T07:29:30Z/46
2026-05-23T07:29:30.587706Z	info	delta	CDS: PUSH for node:tier1-gateway-596d499c9c-q76jh.tier1 resources:1 removed:0 size:50B
2026-05-23T07:29:30.587728Z	info	delta	LDS: PUSH for node:tier1-gateway-596d499c9c-q76jh.tier1 resources:0 removed:0 size:0B
2026-05-23T07:29:31.483800Z	info	sync complete	name=istiod analyzer attempt=1 time=27.083µs
2026-05-23T07:29:36.353832Z	info	sync complete	name=istiod analyzer attempt=1 time=38.708µs
2026-05-23T07:29:41.357747Z	info	delta	ADS: "10.10.0.52:41406" tier1-gateway-596d499c9c-q76jh.tier1-94 terminated
2026-05-23T07:29:41.365649Z	info	sync complete	name=istiod analyzer attempt=1 time=28.125µs
2026-05-23T07:29:41.919028Z	info	ads	Push debounce stable[64] 1 for config ConfigMap/tier1/kube-root-ca.crt: 102.080875ms since last change, 102.080834ms since last push, full=false
2026-05-23T07:29:41.919203Z	info	ads	XDS: Incremental Pushing ConnectedEndpoints:0 Version:2026-05-23T07:29:30Z/46
2026-05-23T07:29:42.880857Z	info	sync complete	name=istiod analyzer attempt=1 time=26.167µs
2026-05-23T07:29:51.835757Z	info	sync complete	name=istiod analyzer attempt=1 time=32.166µs
2026-05-23T07:30:11.263215Z	info	model	reloading network gateways
2026-05-23T07:30:11.263389Z	info	model	gateways changed, triggering push
2026-05-23T07:30:11.269037Z	info	model	Incremental push, service tier1-term-gateway.tier1-term.svc.cluster.local at shard Kubernetes/cluster-0 has no endpoints
2026-05-23T07:30:11.274319Z	info	Process sidecar injection request	path=/inject pod=tier1-term/tier1-term-gateway-86f85c75f8-***** (actual name not yet known)
2026-05-23T07:30:11.369908Z	info	ads	Push debounce stable[65] 9 for config ConfigMap/tier1-term/kube-root-ca.crt and 3 more configs: 100.825459ms since last change, 310.0655ms since last push, full=true
2026-05-23T07:30:11.371207Z	info	ads	XDS: Pushing Services:14 ConnectedEndpoints:0 Version:2026-05-23T07:30:11Z/47
2026-05-23T07:30:11.968444Z	info	delta	ADS: new delta connection for node:tier1-term-gateway-86f85c75f8-np28c.tier1-term-95
2026-05-23T07:30:11.968516Z	info	delta	CDS: PUSH request for node:tier1-term-gateway-86f85c75f8-np28c.tier1-term resources:1 removed:0 size:50B
2026-05-23T07:30:11.969884Z	info	delta	LDS: PUSH request for node:tier1-term-gateway-86f85c75f8-np28c.tier1-term resources:0 removed:0 size:0B
2026-05-23T07:30:12.300008Z	info	sync complete	name=istiod analyzer attempt=1 time=26.25µs
2026-05-23T07:30:12.709892Z	info	model	Full push, new service tier1-term/tier1-term-gateway.tier1-term.svc.cluster.local
2026-05-23T07:30:12.713728Z	info	delta	CDS: PUSH for node:tier1-term-gateway-86f85c75f8-np28c.tier1-term resources:1 removed:0 size:50B
2026-05-23T07:30:12.713787Z	info	delta	LDS: PUSH for node:tier1-term-gateway-86f85c75f8-np28c.tier1-term resources:0 removed:0 size:0B
2026-05-23T07:30:12.838831Z	info	ads	Push debounce stable[66] 10 for config ServiceEntry/tier1-term/tier1-term-gateway.tier1-term.svc.cluster.local and 8 more configs: 100.451709ms since last change, 128.844666ms since last push, full=true
2026-05-23T07:30:12.839603Z	info	ads	XDS: Pushing Services:14 ConnectedEndpoints:1 Version:2026-05-23T07:30:12Z/48
2026-05-23T07:30:12.839741Z	info	delta	CDS: PUSH for node:tier1-term-gateway-86f85c75f8-np28c.tier1-term resources:1 removed:0 size:72B
2026-05-23T07:30:12.840165Z	info	delta	LDS: PUSH for node:tier1-term-gateway-86f85c75f8-np28c.tier1-term resources:1 removed:0 size:4.8kB
2026-05-23T07:30:12.844180Z	info	delta	RDS: PUSH request for node:tier1-term-gateway-86f85c75f8-np28c.tier1-term resources:1 removed:0 size:784B cached:0/0 filtered:0
2026-05-23T07:30:12.845488Z	info	delta	SDS: PUSH request for node:tier1-term-gateway-86f85c75f8-np28c.tier1-term resources:1 removed:0 size:2.8kB cached:0/1 filtered:0
2026-05-23T07:30:13.738983Z	info	sync complete	name=istiod analyzer attempt=1 time=45.167µs
2026-05-23T07:30:13.854842Z	info	ads	Push debounce stable[67] 5 for config EnvoyFilter/tier1-term/default-allow-tier1-echo-term-gw-external-batch0 and 4 more configs: 102.019667ms since last change, 105.011333ms since last push, full=true
2026-05-23T07:30:13.855404Z	info	ads	XDS: Pushing Services:14 ConnectedEndpoints:1 Version:2026-05-23T07:30:13Z/49
2026-05-23T07:30:13.855494Z	info	delta	CDS: PUSH for node:tier1-term-gateway-86f85c75f8-np28c.tier1-term resources:1 removed:0 size:72B
2026-05-23T07:30:13.855674Z	info	delta	LDS: PUSH for node:tier1-term-gateway-86f85c75f8-np28c.tier1-term resources:1 removed:0 size:4.8kB
2026-05-23T07:30:13.855733Z	info	delta	RDS: PUSH for node:tier1-term-gateway-86f85c75f8-np28c.tier1-term resources:1 removed:0 size:784B cached:0/0
2026-05-23T07:30:14.753718Z	info	sync complete	name=istiod analyzer attempt=1 time=24.583µs
2026-05-23T07:30:17.763505Z	info	model	Cache Update, new service xcp-multicluster/echo-term.tetrate.io
2026-05-23T07:30:17.867923Z	info	ads	Push debounce stable[68] 3 for config ServiceEntry/xcp-multicluster/echo-term.tetrate.io and 1 more configs: 100.050084ms since last change, 105.529875ms since last push, full=true
2026-05-23T07:30:17.868193Z	info	ads	XDS: Pushing Services:15 ConnectedEndpoints:1 Version:2026-05-23T07:30:17Z/50
2026-05-23T07:30:17.868522Z	info	delta	CDS: PUSH for node:tier1-term-gateway-86f85c75f8-np28c.tier1-term resources:3 removed:0 size:2.6kB cached:0/2
2026-05-23T07:30:17.868857Z	info	delta	LDS: PUSH for node:tier1-term-gateway-86f85c75f8-np28c.tier1-term resources:1 removed:0 size:4.8kB
2026-05-23T07:30:17.868932Z	info	delta	RDS: PUSH for node:tier1-term-gateway-86f85c75f8-np28c.tier1-term resources:1 removed:0 size:784B cached:0/0
2026-05-23T07:30:17.871775Z	info	delta	EDS: PUSH request for node:tier1-term-gateway-86f85c75f8-np28c.tier1-term resources:2 removed:0 size:332B empty:0 cached:0/2 filtered:0
2026-05-23T07:30:18.767882Z	info	sync complete	name=istiod analyzer attempt=1 time=26.417µs
2026-05-23T07:30:18.873612Z	info	ads	Push debounce stable[69] 2 for config VirtualService/tier1-term/tier1-echo-term-gw-echo and 1 more configs: 101.815208ms since last change, 102.5685ms since last push, full=true
2026-05-23T07:30:18.873787Z	info	ads	XDS: Pushing Services:15 ConnectedEndpoints:1 Version:2026-05-23T07:30:18Z/51
2026-05-23T07:30:18.873972Z	info	delta	CDS: PUSH for node:tier1-term-gateway-86f85c75f8-np28c.tier1-term resources:3 removed:0 size:2.6kB cached:0/2
2026-05-23T07:30:18.874023Z	info	delta	EDS: PUSH for node:tier1-term-gateway-86f85c75f8-np28c.tier1-term resources:2 removed:0 size:332B empty:0 cached:0/2
2026-05-23T07:30:18.874185Z	info	delta	LDS: PUSH for node:tier1-term-gateway-86f85c75f8-np28c.tier1-term resources:1 removed:0 size:4.8kB
2026-05-23T07:30:18.874268Z	info	delta	RDS: PUSH for node:tier1-term-gateway-86f85c75f8-np28c.tier1-term resources:1 removed:0 size:784B cached:0/0
2026-05-23T07:30:19.772789Z	info	sync complete	name=istiod analyzer attempt=1 time=24.708µs
2026-05-23T07:34:59.458723Z	info	sync complete	name=istiod analyzer attempt=1 time=33.833µs
2026-05-23T07:40:06.748113Z	info	sync complete	name=istiod analyzer attempt=1 time=33.208µs
2026-05-23T07:40:56.585734Z	info	sync complete	name=istiod analyzer attempt=1 time=30.125µs
2026-05-23T07:40:57.725808Z	info	sync complete	name=istiod analyzer attempt=1 time=24.5µs
2026-05-23T07:40:58.803060Z	info	sync complete	name=istiod analyzer attempt=1 time=27.875µs
2026-05-23T07:41:09.424016Z	info	sync complete	name=istiod analyzer attempt=1 time=30.417µs
2026-05-23T07:41:10.750603Z	info	sync complete	name=istiod analyzer attempt=1 time=23.416µs
2026-05-23T07:41:25.775152Z	info	sync complete	name=istiod analyzer attempt=1 time=36.542µs
2026-05-23T07:41:26.847029Z	info	sync complete	name=istiod analyzer attempt=1 time=22.417µs
2026-05-23T07:45:12.881659Z	info	sync complete	name=istiod analyzer attempt=1 time=36.833µs
2026-05-23T07:47:59.324742Z	info	sync complete	name=istiod analyzer attempt=1 time=25.333µs
2026-05-23T07:48:00.394716Z	info	sync complete	name=istiod analyzer attempt=1 time=27.625µs
2026-05-23T07:48:01.458705Z	info	sync complete	name=istiod analyzer attempt=1 time=26.042µs
2026-05-23T07:50:19.139634Z	info	sync complete	name=istiod analyzer attempt=1 time=27.125µs
2026-05-23T07:55:24.798014Z	info	sync complete	name=istiod analyzer attempt=1 time=28.541µs
2026-05-23T08:15:30.426154Z	info	sync complete	name=istiod analyzer attempt=1 time=45.833µs
2026-05-23T08:17:05.229732Z	info	delta	ADS: "10.10.0.59:41012" tier1-term-gateway-86f85c75f8-np28c.tier1-term-95 terminated
2026-05-23T08:17:05.552792Z	info	delta	ADS: new delta connection for node:tier1-term-gateway-86f85c75f8-np28c.tier1-term-96
2026-05-23T08:17:05.553023Z	info	delta	CDS: PUSH request for node:tier1-term-gateway-86f85c75f8-np28c.tier1-term resources:3 removed:0 size:2.6kB cached:2/2 filtered:0
2026-05-23T08:17:05.554291Z	info	delta	LDS: PUSH request for node:tier1-term-gateway-86f85c75f8-np28c.tier1-term resources:1 removed:0 size:4.8kB filtered:0
2026-05-23T08:17:05.555729Z	info	delta	SDS: PUSH request for node:tier1-term-gateway-86f85c75f8-np28c.tier1-term resources:1 removed:0 size:2.8kB cached:1/1 filtered:0
2026-05-23T08:17:05.555832Z	info	delta	RDS: PUSH request for node:tier1-term-gateway-86f85c75f8-np28c.tier1-term resources:1 removed:0 size:784B cached:0/0 filtered:0
2026-05-23T08:17:05.555854Z	info	delta	EDS: PUSH request for node:tier1-term-gateway-86f85c75f8-np28c.tier1-term resources:2 removed:0 size:332B empty:0 cached:2/2 filtered:0
2026-05-23T08:20:36.176857Z	info	sync complete	name=istiod analyzer attempt=1 time=27.667µs
2026-05-23T08:25:41.966081Z	info	sync complete	name=istiod analyzer attempt=1 time=25.375µs
2026-05-23T08:30:48.643836Z	info	sync complete	name=istiod analyzer attempt=1 time=32.917µs
2026-05-23T08:35:55.225361Z	info	sync complete	name=istiod analyzer attempt=1 time=25.042µs
2026-05-23T08:37:07.856717Z	info	model	reloading network gateways
2026-05-23T08:37:07.857123Z	info	model	gateways changed, triggering push
2026-05-23T08:37:07.861676Z	info	model	Incremental push, service tier1-term-gateway.tier1-term.svc.cluster.local at shard Kubernetes/cluster-0 has no endpoints
2026-05-23T08:37:07.962370Z	info	ads	Push debounce stable[70] 4 for config ServiceEntry/tier1-term/tier1-term-gateway.tier1-term.svc.cluster.local: 100.616292ms since last change, 105.075042ms since last push, full=true
2026-05-23T08:37:07.964131Z	info	ads	XDS: Pushing Services:14 ConnectedEndpoints:1 Version:2026-05-23T08:37:07Z/52
2026-05-23T08:37:07.964492Z	info	delta	CDS: PUSH for node:tier1-term-gateway-86f85c75f8-np28c.tier1-term resources:3 removed:0 size:2.6kB cached:0/2
2026-05-23T08:37:07.964560Z	info	delta	EDS: PUSH for node:tier1-term-gateway-86f85c75f8-np28c.tier1-term resources:2 removed:0 size:332B empty:0 cached:0/2
2026-05-23T08:37:07.964836Z	info	delta	LDS: PUSH for node:tier1-term-gateway-86f85c75f8-np28c.tier1-term resources:1 removed:0 size:4.8kB
2026-05-23T08:37:07.965009Z	info	delta	RDS: PUSH for node:tier1-term-gateway-86f85c75f8-np28c.tier1-term resources:1 removed:0 size:784B cached:0/0
2026-05-23T08:37:07.965973Z	warn	ads	proxy tier1-term-gateway-86f85c75f8-np28c.tier1-term attempted to access unauthorized certificates echo-term-edge-tls: tier1-term-gateway-service-account/tier1-term is not authorized to read secrets: 
2026-05-23T08:37:08.858554Z	info	sync complete	name=istiod analyzer attempt=1 time=23.375µs
2026-05-23T08:37:08.963174Z	info	ads	Push debounce stable[71] 1 for config Gateway/tier1-term/tier1-echo-term-gw: 100.392667ms since last change, 100.392625ms since last push, full=true
2026-05-23T08:37:08.963284Z	info	ads	XDS: Pushing Services:14 ConnectedEndpoints:1 Version:2026-05-23T08:37:08Z/53
2026-05-23T08:37:08.963414Z	info	delta	CDS: PUSH for node:tier1-term-gateway-86f85c75f8-np28c.tier1-term resources:3 removed:0 size:2.6kB cached:2/2
2026-05-23T08:37:08.963587Z	info	delta	LDS: PUSH for node:tier1-term-gateway-86f85c75f8-np28c.tier1-term resources:1 removed:0 size:4.8kB
2026-05-23T08:37:08.963653Z	info	delta	RDS: PUSH for node:tier1-term-gateway-86f85c75f8-np28c.tier1-term resources:1 removed:0 size:784B cached:0/0
2026-05-23T08:37:09.864086Z	info	sync complete	name=istiod analyzer attempt=1 time=27.083µs
2026-05-23T08:37:13.707194Z	info	sync complete	name=istiod analyzer attempt=1 time=35.542µs
2026-05-23T08:37:18.713254Z	info	delta	ADS: "10.10.0.59:33582" tier1-term-gateway-86f85c75f8-np28c.tier1-term-96 terminated
2026-05-23T08:37:18.716987Z	info	sync complete	name=istiod analyzer attempt=1 time=27.375µs
2026-05-23T08:37:20.248105Z	info	sync complete	name=istiod analyzer attempt=1 time=33.334µs
2026-05-23T08:37:20.354997Z	info	ads	Push debounce stable[72] 2 for config Gateway/tier1-term/tier1-echo-term-gw and 1 more configs: 101.414709ms since last change, 102.432375ms since last push, full=true
2026-05-23T08:37:20.355147Z	info	ads	XDS: Pushing Services:14 ConnectedEndpoints:0 Version:2026-05-23T08:37:20Z/54
2026-05-23T08:37:20.638919Z	info	ads	Push debounce stable[73] 10 for config VirtualService/tier1-term/tier1-echo-term-gw-echo and 9 more configs: 101.79075ms since last change, 212.5335ms since last push, full=true
2026-05-23T08:37:20.639095Z	info	ads	XDS: Pushing Services:14 ConnectedEndpoints:0 Version:2026-05-23T08:37:20Z/55
2026-05-23T08:37:21.552058Z	info	sync complete	name=istiod analyzer attempt=1 time=29.708µs
2026-05-23T08:38:02.791540Z	info	Process sidecar injection request	path=/inject pod=client-c0/client-56b675d94f-***** (actual name not yet known)
2026-05-23T08:38:02.867356Z	info	ads	Push debounce stable[74] 1 for config ConfigMap/client-c0/kube-root-ca.crt: 101.887292ms since last change, 101.88725ms since last push, full=false
2026-05-23T08:38:02.867418Z	info	ads	XDS: Incremental Pushing ConnectedEndpoints:0 Version:2026-05-23T08:37:20Z/55
2026-05-23T08:38:04.304358Z	info	sync complete	name=istiod analyzer attempt=1 time=29.667µs
2026-05-23T08:38:04.626009Z	info	delta	ADS: new delta connection for node:client-56b675d94f-wtkgh.client-c0-97
2026-05-23T08:38:04.626425Z	info	delta	CDS: PUSH request for node:client-56b675d94f-wtkgh.client-c0 resources:25 removed:0 size:27.2kB cached:0/22
2026-05-23T08:38:04.632516Z	info	delta	EDS: PUSH request for node:client-56b675d94f-wtkgh.client-c0 resources:21 removed:0 size:4.4kB empty:0 cached:0/21 filtered:0
2026-05-23T08:38:04.644893Z	info	delta	LDS: PUSH request for node:client-56b675d94f-wtkgh.client-c0 resources:22 removed:0 size:86.1kB
2026-05-23T08:38:04.645149Z	info	delta	NDS: PUSH request for node:client-56b675d94f-wtkgh.client-c0 resources:1 removed:0 size:1.5kB
2026-05-23T08:38:04.654903Z	info	delta	RDS: PUSH request for node:client-56b675d94f-wtkgh.client-c0 resources:13 removed:0 size:8.6kB cached:0/13 filtered:0
2026-05-23T08:38:05.310434Z	info	sync complete	name=istiod analyzer attempt=1 time=31.25µs
2026-05-23T08:38:06.228150Z	info	Process sidecar injection request	path=/inject pod=backend-c1/backend-86f5b4bc7b-***** (actual name not yet known)
2026-05-23T08:38:06.242524Z	info	model	Incremental push, service backend.backend-c1.svc.cluster.local at shard Kubernetes/cluster-0 has no endpoints
2026-05-23T08:38:06.344222Z	info	ads	Push debounce stable[75] 3 for config ConfigMap/backend-c1/kube-root-ca.crt and 1 more configs: 101.661625ms since last change, 127.375667ms since last push, full=true
2026-05-23T08:38:06.344376Z	info	ads	XDS: Pushing Services:15 ConnectedEndpoints:1 Version:2026-05-23T08:38:06Z/56
2026-05-23T08:38:06.344737Z	info	delta	CDS: PUSH for node:client-56b675d94f-wtkgh.client-c0 resources:26 removed:0 size:28.2kB cached:0/23
2026-05-23T08:38:06.344872Z	info	delta	EDS: PUSH for node:client-56b675d94f-wtkgh.client-c0 resources:21 removed:0 size:4.4kB empty:0 cached:0/21
2026-05-23T08:38:06.345556Z	info	delta	LDS: PUSH for node:client-56b675d94f-wtkgh.client-c0 resources:22 removed:0 size:86.1kB
2026-05-23T08:38:06.345797Z	info	delta	RDS: PUSH for node:client-56b675d94f-wtkgh.client-c0 resources:13 removed:0 size:9.1kB cached:0/13
2026-05-23T08:38:06.345826Z	info	delta	NDS: PUSH for node:client-56b675d94f-wtkgh.client-c0 resources:1 removed:0 size:1.6kB
2026-05-23T08:38:06.350773Z	info	delta	EDS: PUSH request for node:client-56b675d94f-wtkgh.client-c0 resources:1 removed:0 size:51B empty:1 cached:0/1 filtered:21
2026-05-23T08:38:07.321661Z	info	model	Full push, new service backend-c1/backend.backend-c1.svc.cluster.local
2026-05-23T08:38:07.325441Z	info	delta	CDS: PUSH for node:client-56b675d94f-wtkgh.client-c0 resources:26 removed:0 size:28.2kB cached:22/23
2026-05-23T08:38:07.325506Z	info	delta	EDS: PUSH for node:client-56b675d94f-wtkgh.client-c0 resources:22 removed:0 size:4.5kB empty:1 cached:21/22
2026-05-23T08:38:07.326228Z	info	delta	LDS: PUSH for node:client-56b675d94f-wtkgh.client-c0 resources:22 removed:0 size:86.1kB
2026-05-23T08:38:07.326446Z	info	delta	RDS: PUSH for node:client-56b675d94f-wtkgh.client-c0 resources:13 removed:0 size:9.1kB cached:6/13
2026-05-23T08:38:07.326477Z	info	delta	NDS: PUSH for node:client-56b675d94f-wtkgh.client-c0 resources:1 removed:0 size:1.6kB
2026-05-23T08:38:07.422331Z	info	ads	Push debounce stable[76] 1 for config ServiceEntry/backend-c1/backend.backend-c1.svc.cluster.local: 100.175375ms since last change, 100.175334ms since last push, full=true
2026-05-23T08:38:07.422491Z	info	ads	XDS: Pushing Services:15 ConnectedEndpoints:1 Version:2026-05-23T08:38:07Z/57
2026-05-23T08:38:07.422614Z	info	delta	CDS: PUSH for node:client-56b675d94f-wtkgh.client-c0 resources:4 removed:0 size:1.8kB cached:0/1
2026-05-23T08:38:07.422638Z	info	delta	EDS: PUSH INC for node:client-56b675d94f-wtkgh.client-c0 resources:1 removed:0 size:51B empty:1 cached:0/1
2026-05-23T08:38:07.423339Z	info	delta	LDS: PUSH for node:client-56b675d94f-wtkgh.client-c0 resources:22 removed:0 size:86.1kB
2026-05-23T08:38:07.423508Z	info	delta	RDS: PUSH for node:client-56b675d94f-wtkgh.client-c0 resources:13 removed:0 size:9.1kB cached:7/13
2026-05-23T08:38:07.423538Z	info	delta	NDS: PUSH for node:client-56b675d94f-wtkgh.client-c0 resources:1 removed:0 size:1.6kB
2026-05-23T08:38:07.648695Z	info	delta	ADS: new delta connection for node:backend-86f5b4bc7b-jkhkv.backend-c1-98
2026-05-23T08:38:07.648836Z	info	delta	CDS: PUSH request for node:backend-86f5b4bc7b-jkhkv.backend-c1 resources:27 removed:0 size:28.5kB cached:23/23
2026-05-23T08:38:07.654418Z	info	delta	EDS: PUSH request for node:backend-86f5b4bc7b-jkhkv.backend-c1 resources:22 removed:0 size:4.5kB empty:0 cached:22/22 filtered:0
2026-05-23T08:38:07.663140Z	info	delta	LDS: PUSH request for node:backend-86f5b4bc7b-jkhkv.backend-c1 resources:22 removed:0 size:95.9kB
2026-05-23T08:38:07.663286Z	info	delta	NDS: PUSH request for node:backend-86f5b4bc7b-jkhkv.backend-c1 resources:1 removed:0 size:1.6kB
2026-05-23T08:38:07.673604Z	info	delta	RDS: PUSH request for node:backend-86f5b4bc7b-jkhkv.backend-c1 resources:13 removed:0 size:9.1kB cached:0/13 filtered:0
2026-05-23T08:38:10.330473Z	info	sync complete	name=istiod analyzer attempt=1 time=41.917µs
2026-05-23T08:38:12.041303Z	info	ads	Push debounce stable[77] 2 for config EnvoyFilter/client-c0/default-upstream-traffic-setting and 1 more configs: 100.838416ms since last change, 101.832792ms since last push, full=true
2026-05-23T08:38:12.041710Z	info	ads	XDS: Pushing Services:15 ConnectedEndpoints:2 Version:2026-05-23T08:38:12Z/58
2026-05-23T08:38:12.042181Z	info	delta	CDS: PUSH for node:client-56b675d94f-wtkgh.client-c0 resources:26 removed:0 size:28.7kB cached:0/23
2026-05-23T08:38:12.042232Z	info	delta	EDS: PUSH for node:client-56b675d94f-wtkgh.client-c0 resources:22 removed:0 size:4.5kB empty:0 cached:22/22
2026-05-23T08:38:12.042830Z	info	delta	LDS: PUSH for node:client-56b675d94f-wtkgh.client-c0 resources:22 removed:0 size:86.1kB
2026-05-23T08:38:12.043170Z	info	delta	RDS: PUSH for node:client-56b675d94f-wtkgh.client-c0 resources:13 removed:0 size:12.7kB cached:0/13
2026-05-23T08:38:12.043197Z	info	delta	NDS: PUSH for node:client-56b675d94f-wtkgh.client-c0 resources:1 removed:0 size:1.6kB
2026-05-23T08:38:12.941317Z	info	sync complete	name=istiod analyzer attempt=1 time=74.125µs
2026-05-23T08:38:13.052266Z	info	ads	Push debounce stable[78] 1 for config EnvoyFilter/client-c0/default-upstream-traffic-setting: 101.562583ms since last change, 101.5625ms since last push, full=true
2026-05-23T08:38:13.052637Z	info	ads	XDS: Pushing Services:15 ConnectedEndpoints:2 Version:2026-05-23T08:38:13Z/59
2026-05-23T08:38:13.053089Z	info	delta	CDS: PUSH for node:client-56b675d94f-wtkgh.client-c0 resources:26 removed:0 size:28.7kB cached:0/23
2026-05-23T08:38:13.053165Z	info	delta	EDS: PUSH for node:client-56b675d94f-wtkgh.client-c0 resources:22 removed:0 size:4.5kB empty:0 cached:22/22
2026-05-23T08:38:13.054327Z	info	delta	LDS: PUSH for node:client-56b675d94f-wtkgh.client-c0 resources:22 removed:0 size:86.1kB
2026-05-23T08:38:13.055216Z	info	delta	RDS: PUSH for node:client-56b675d94f-wtkgh.client-c0 resources:13 removed:0 size:12.7kB cached:0/13
2026-05-23T08:38:13.952326Z	info	sync complete	name=istiod analyzer attempt=1 time=29.041µs
2026-05-23T08:38:16.335071Z	info	delta	CDS: PUSH for node:backend-86f5b4bc7b-jkhkv.backend-c1 resources:27 removed:0 size:28.5kB cached:23/23
2026-05-23T08:38:16.335427Z	info	delta	EDS: PUSH for node:backend-86f5b4bc7b-jkhkv.backend-c1 resources:22 removed:0 size:4.5kB empty:0 cached:22/22
2026-05-23T08:38:16.336366Z	info	delta	LDS: PUSH for node:backend-86f5b4bc7b-jkhkv.backend-c1 resources:22 removed:0 size:95.9kB
2026-05-23T08:38:16.336609Z	info	delta	RDS: PUSH for node:backend-86f5b4bc7b-jkhkv.backend-c1 resources:13 removed:0 size:9.1kB cached:0/13
2026-05-23T08:38:16.336644Z	info	delta	NDS: PUSH for node:backend-86f5b4bc7b-jkhkv.backend-c1 resources:1 removed:0 size:1.6kB
2026-05-23T08:38:16.441373Z	info	ads	Push debounce stable[79] 1 for config ServiceEntry/backend-c1/backend.backend-c1.svc.cluster.local: 100.304916ms since last change, 100.304875ms since last push, full=false
2026-05-23T08:38:16.441422Z	info	ads	XDS: Incremental Pushing ConnectedEndpoints:2 Version:2026-05-23T08:38:13Z/59
2026-05-23T08:38:17.343363Z	info	sync complete	name=istiod analyzer attempt=1 time=25.208µs
2026-05-23T08:38:49.131687Z	info	sync complete	name=istiod analyzer attempt=1 time=42.833µs
2026-05-23T08:43:53.775119Z	info	sync complete	name=istiod analyzer attempt=1 time=52.791µs
2026-05-23T08:45:29.843077Z	info	ads	Push debounce stable[80] 2 for config ServiceEntry/xcp-multicluster/echo-term.tetrate.io and 1 more configs: 100.175042ms since last change, 101.599708ms since last push, full=true
2026-05-23T08:45:29.843418Z	info	ads	XDS: Pushing Services:14 ConnectedEndpoints:2 Version:2026-05-23T08:45:29Z/60
2026-05-23T08:45:29.843801Z	info	delta	CDS: PUSH for node:backend-86f5b4bc7b-jkhkv.backend-c1 resources:4 removed:1 size:1.0kB
2026-05-23T08:45:29.843884Z	info	delta	EDS: PUSH for node:backend-86f5b4bc7b-jkhkv.backend-c1 resources:22 removed:0 size:4.6kB empty:1 cached:21/22
2026-05-23T08:45:29.844911Z	info	delta	LDS: PUSH for node:backend-86f5b4bc7b-jkhkv.backend-c1 resources:22 removed:0 size:95.9kB
2026-05-23T08:45:29.845170Z	info	delta	RDS: PUSH for node:backend-86f5b4bc7b-jkhkv.backend-c1 resources:13 removed:0 size:8.7kB cached:5/13
2026-05-23T08:45:29.845213Z	info	delta	NDS: PUSH for node:backend-86f5b4bc7b-jkhkv.backend-c1 resources:1 removed:0 size:1.5kB
2026-05-23T08:45:29.845357Z	info	delta	CDS: PUSH for node:client-56b675d94f-wtkgh.client-c0 resources:3 removed:1 size:809B
2026-05-23T08:45:29.845406Z	info	delta	EDS: PUSH for node:client-56b675d94f-wtkgh.client-c0 resources:22 removed:0 size:4.6kB empty:1 cached:21/22
2026-05-23T08:45:29.846260Z	info	delta	LDS: PUSH for node:client-56b675d94f-wtkgh.client-c0 resources:22 removed:0 size:86.1kB
2026-05-23T08:45:29.846574Z	info	delta	RDS: PUSH for node:client-56b675d94f-wtkgh.client-c0 resources:13 removed:0 size:12.1kB cached:7/13
2026-05-23T08:45:29.846605Z	info	delta	NDS: PUSH for node:client-56b675d94f-wtkgh.client-c0 resources:1 removed:0 size:1.5kB
2026-05-23T08:45:30.744157Z	info	sync complete	name=istiod analyzer attempt=1 time=25.417µs
2026-05-23T08:48:59.753707Z	info	sync complete	name=istiod analyzer attempt=1 time=25.833µs
2026-05-23T08:54:05.255552Z	info	sync complete	name=istiod analyzer attempt=1 time=28.125µs
2026-05-23T08:59:10.638787Z	info	sync complete	name=istiod analyzer attempt=1 time=45.333µs
2026-05-23T08:59:30.011883Z	info	model	Incremental push, service backend.backend-c1.svc.cluster.local at shard Kubernetes/cluster-0 has no endpoints
2026-05-23T08:59:30.057556Z	info	delta	ADS: "10.10.0.64:35788" backend-86f5b4bc7b-jkhkv.backend-c1-98 terminated
2026-05-23T08:59:30.113468Z	info	ads	Push debounce stable[81] 2 for config ServiceEntry/backend-c1/backend.backend-c1.svc.cluster.local: 101.533584ms since last change, 105.649584ms since last push, full=true
2026-05-23T08:59:30.113661Z	info	ads	XDS: Pushing Services:13 ConnectedEndpoints:1 Version:2026-05-23T08:59:30Z/61
2026-05-23T08:59:30.113879Z	info	delta	CDS: PUSH for node:client-56b675d94f-wtkgh.client-c0 resources:3 removed:1 size:809B
2026-05-23T08:59:30.113907Z	info	delta	EDS: PUSH INC for node:client-56b675d94f-wtkgh.client-c0 resources:0 removed:1 size:0B empty:0 cached:0/0
2026-05-23T08:59:30.114848Z	info	delta	LDS: PUSH for node:client-56b675d94f-wtkgh.client-c0 resources:21 removed:1 size:81.7kB
2026-05-23T08:59:30.115199Z	info	delta	RDS: PUSH for node:client-56b675d94f-wtkgh.client-c0 resources:13 removed:0 size:11.5kB cached:7/13
2026-05-23T08:59:30.115238Z	info	delta	NDS: PUSH for node:client-56b675d94f-wtkgh.client-c0 resources:1 removed:0 size:1.4kB
2026-05-23T08:59:31.400563Z	info	sync complete	name=istiod analyzer attempt=1 time=28.459µs
2026-05-23T08:59:35.194522Z	info	ads	Push debounce stable[82] 1 for config ConfigMap/backend-c1/kube-root-ca.crt: 100.093584ms since last change, 100.093542ms since last push, full=false
2026-05-23T08:59:35.194583Z	info	ads	XDS: Incremental Pushing ConnectedEndpoints:1 Version:2026-05-23T08:59:30Z/61
2026-05-23T08:59:36.116629Z	info	sync complete	name=istiod analyzer attempt=1 time=32.416µs
2026-05-23T09:00:06.977555Z	info	sync complete	name=istiod analyzer attempt=1 time=24.083µs
2026-05-23T09:00:11.976822Z	info	sync complete	name=istiod analyzer attempt=1 time=25.25µs
2026-05-23T09:00:36.008091Z	info	delta	ADS: "10.10.0.63:60592" client-56b675d94f-wtkgh.client-c0-97 terminated
2026-05-23T09:00:37.506157Z	info	sync complete	name=istiod analyzer attempt=1 time=24.208µs
2026-05-23T09:00:48.159906Z	info	ads	Push debounce stable[83] 3 for config ConfigMap/client-c0/kube-root-ca.crt and 2 more configs: 101.886875ms since last change, 156.284625ms since last push, full=true
2026-05-23T09:00:48.160075Z	info	ads	XDS: Pushing Services:13 ConnectedEndpoints:0 Version:2026-05-23T09:00:48Z/62
2026-05-23T09:00:49.114077Z	info	sync complete	name=istiod analyzer attempt=1 time=35.959µs
2026-05-23T09:01:24.855027Z	info	Process sidecar injection request	path=/inject pod=client-c0/client-56b675d94f-***** (actual name not yet known)
2026-05-23T09:01:24.940733Z	info	ads	Push debounce stable[84] 1 for config ConfigMap/client-c0/kube-root-ca.crt: 100.074167ms since last change, 100.074125ms since last push, full=false
2026-05-23T09:01:24.940794Z	info	ads	XDS: Incremental Pushing ConnectedEndpoints:0 Version:2026-05-23T09:00:48Z/62
2026-05-23T09:01:25.892590Z	info	delta	ADS: new delta connection for node:client-56b675d94f-gpv5b.client-c0-99
2026-05-23T09:01:25.892701Z	info	delta	CDS: PUSH request for node:client-56b675d94f-gpv5b.client-c0 resources:24 removed:0 size:26.0kB cached:21/21
2026-05-23T09:01:25.897695Z	info	delta	EDS: PUSH request for node:client-56b675d94f-gpv5b.client-c0 resources:20 removed:0 size:4.3kB empty:0 cached:20/20 filtered:0
2026-05-23T09:01:25.905555Z	info	delta	LDS: PUSH request for node:client-56b675d94f-gpv5b.client-c0 resources:21 removed:0 size:81.7kB
2026-05-23T09:01:25.905649Z	info	delta	NDS: PUSH request for node:client-56b675d94f-gpv5b.client-c0 resources:1 removed:0 size:1.4kB
2026-05-23T09:01:25.917093Z	info	delta	RDS: PUSH request for node:client-56b675d94f-gpv5b.client-c0 resources:12 removed:0 size:8.1kB cached:7/12 filtered:0
2026-05-23T09:01:26.575663Z	info	sync complete	name=istiod analyzer attempt=1 time=25.5µs
2026-05-23T09:01:28.588316Z	info	sync complete	name=istiod analyzer attempt=1 time=32.75µs
2026-05-23T09:01:28.590378Z	info	delta	CDS: PUSH for node:client-56b675d94f-gpv5b.client-c0 resources:24 removed:0 size:26.0kB cached:21/21
2026-05-23T09:01:28.590433Z	info	delta	EDS: PUSH for node:client-56b675d94f-gpv5b.client-c0 resources:20 removed:0 size:4.3kB empty:0 cached:20/20
2026-05-23T09:01:28.591092Z	info	delta	LDS: PUSH for node:client-56b675d94f-gpv5b.client-c0 resources:21 removed:0 size:81.7kB
2026-05-23T09:01:28.591326Z	info	delta	RDS: PUSH for node:client-56b675d94f-gpv5b.client-c0 resources:12 removed:0 size:8.1kB cached:10/12
2026-05-23T09:01:28.591360Z	info	delta	NDS: PUSH for node:client-56b675d94f-gpv5b.client-c0 resources:1 removed:0 size:1.4kB
2026-05-23T09:01:29.595355Z	info	sync complete	name=istiod analyzer attempt=1 time=29.334µs
2026-05-23T09:01:32.835481Z	info	ads	Push debounce stable[85] 2 for config EnvoyFilter/client-c0/default-upstream-traffic-setting and 1 more configs: 100.718542ms since last change, 101.196291ms since last push, full=true
2026-05-23T09:01:32.835850Z	info	ads	XDS: Pushing Services:13 ConnectedEndpoints:1 Version:2026-05-23T09:01:32Z/63
2026-05-23T09:01:32.836266Z	info	delta	CDS: PUSH for node:client-56b675d94f-gpv5b.client-c0 resources:24 removed:0 size:26.5kB cached:0/21
2026-05-23T09:01:32.836305Z	info	delta	EDS: PUSH for node:client-56b675d94f-gpv5b.client-c0 resources:20 removed:0 size:4.3kB empty:0 cached:20/20
2026-05-23T09:01:32.836828Z	info	delta	LDS: PUSH for node:client-56b675d94f-gpv5b.client-c0 resources:21 removed:0 size:81.7kB
2026-05-23T09:01:32.837197Z	info	delta	RDS: PUSH for node:client-56b675d94f-gpv5b.client-c0 resources:12 removed:0 size:11.1kB cached:0/12
2026-05-23T09:01:32.837225Z	info	delta	NDS: PUSH for node:client-56b675d94f-gpv5b.client-c0 resources:1 removed:0 size:1.4kB
2026-05-23T09:01:33.736442Z	info	sync complete	name=istiod analyzer attempt=1 time=27.417µs
2026-05-23T09:01:33.846161Z	info	ads	Push debounce stable[86] 1 for config EnvoyFilter/client-c0/default-upstream-traffic-setting: 100.726375ms since last change, 100.726333ms since last push, full=true
2026-05-23T09:01:33.846521Z	info	ads	XDS: Pushing Services:13 ConnectedEndpoints:1 Version:2026-05-23T09:01:33Z/64
2026-05-23T09:01:33.846897Z	info	delta	CDS: PUSH for node:client-56b675d94f-gpv5b.client-c0 resources:24 removed:0 size:26.5kB cached:0/21
2026-05-23T09:01:33.846937Z	info	delta	EDS: PUSH for node:client-56b675d94f-gpv5b.client-c0 resources:20 removed:0 size:4.3kB empty:0 cached:20/20
2026-05-23T09:01:33.847710Z	info	delta	LDS: PUSH for node:client-56b675d94f-gpv5b.client-c0 resources:21 removed:0 size:81.7kB
2026-05-23T09:01:33.848073Z	info	delta	RDS: PUSH for node:client-56b675d94f-gpv5b.client-c0 resources:12 removed:0 size:11.1kB cached:0/12
2026-05-23T09:01:34.747368Z	info	sync complete	name=istiod analyzer attempt=1 time=23.083µs
2026-05-23T09:04:16.433857Z	info	sync complete	name=istiod analyzer attempt=1 time=28.125µs
2026-05-23T09:09:23.241631Z	info	sync complete	name=istiod analyzer attempt=1 time=38.167µs
2026-05-23T09:12:40.638560Z	info	model	Cache Update, new service xcp-multicluster/backend.backend-c1.svc.cluster.local
2026-05-23T09:12:40.744413Z	info	ads	Push debounce stable[87] 3 for config ServiceEntry/xcp-multicluster/backend.backend-c1.svc.cluster.local and 1 more configs: 101.107084ms since last change, 105.686208ms since last push, full=true
2026-05-23T09:12:40.744732Z	info	ads	XDS: Pushing Services:14 ConnectedEndpoints:1 Version:2026-05-23T09:12:40Z/65
2026-05-23T09:12:40.745198Z	info	delta	CDS: PUSH for node:client-56b675d94f-gpv5b.client-c0 resources:4 removed:0 size:1.9kB cached:0/1
2026-05-23T09:12:40.745259Z	info	delta	EDS: PUSH for node:client-56b675d94f-gpv5b.client-c0 resources:20 removed:0 size:4.3kB empty:0 cached:20/20
2026-05-23T09:12:40.746163Z	info	delta	LDS: PUSH for node:client-56b675d94f-gpv5b.client-c0 resources:22 removed:0 size:86.1kB
2026-05-23T09:12:40.746500Z	info	delta	RDS: PUSH for node:client-56b675d94f-gpv5b.client-c0 resources:12 removed:0 size:11.1kB cached:6/12
2026-05-23T09:12:40.746545Z	info	delta	NDS: PUSH for node:client-56b675d94f-gpv5b.client-c0 resources:1 removed:0 size:1.5kB
2026-05-23T09:12:40.755350Z	info	delta	EDS: PUSH request for node:client-56b675d94f-gpv5b.client-c0 resources:1 removed:0 size:220B empty:0 cached:0/1 filtered:20
2026-05-23T09:12:40.755920Z	info	delta	RDS: PUSH request for node:client-56b675d94f-gpv5b.client-c0 resources:1 removed:0 size:990B cached:0/1 filtered:12
2026-05-23T09:12:41.643784Z	info	sync complete	name=istiod analyzer attempt=1 time=27.333µs
2026-05-23T09:14:28.048687Z	info	sync complete	name=istiod analyzer attempt=1 time=25.167µs
2026-05-23T09:19:33.952330Z	info	sync complete	name=istiod analyzer attempt=1 time=40.375µs
2026-05-23T09:24:40.058289Z	info	sync complete	name=istiod analyzer attempt=1 time=22.917µs
2026-05-23T09:29:46.875293Z	info	sync complete	name=istiod analyzer attempt=1 time=29.959µs
2026-05-23T09:31:07.607857Z	info	delta	ADS: "10.10.0.65:42924" client-56b675d94f-gpv5b.client-c0-99 terminated
2026-05-23T09:31:07.683510Z	info	delta	ADS: new delta connection for node:client-56b675d94f-gpv5b.client-c0-100
2026-05-23T09:31:07.684125Z	info	delta	CDS: PUSH request for node:client-56b675d94f-gpv5b.client-c0 resources:25 removed:0 size:27.6kB cached:22/22 filtered:0
2026-05-23T09:31:07.684921Z	info	delta	EDS: PUSH request for node:client-56b675d94f-gpv5b.client-c0 resources:21 removed:0 size:4.5kB empty:0 cached:21/21 filtered:0
2026-05-23T09:31:07.686515Z	info	delta	LDS: PUSH request for node:client-56b675d94f-gpv5b.client-c0 resources:22 removed:0 size:86.1kB filtered:0
2026-05-23T09:31:07.686715Z	info	delta	NDS: PUSH request for node:client-56b675d94f-gpv5b.client-c0 resources:1 removed:0 size:1.5kB
2026-05-23T09:31:07.687130Z	info	delta	RDS: PUSH request for node:client-56b675d94f-gpv5b.client-c0 resources:13 removed:0 size:12.1kB cached:9/13 filtered:0
2026-05-23T09:34:52.865351Z	info	sync complete	name=istiod analyzer attempt=1 time=44.291µs
2026-05-23T09:39:58.261703Z	info	sync complete	name=istiod analyzer attempt=1 time=27.333µs
2026-05-23T09:40:46.980317Z	info	sync complete	name=istiod analyzer attempt=1 time=23.542µs
2026-05-23T09:40:51.983212Z	info	sync complete	name=istiod analyzer attempt=1 time=29.875µs
2026-05-23T09:44:03.930756Z	info	sync complete	name=istiod analyzer attempt=1 time=30.208µs
2026-05-23T09:44:06.952900Z	info	delta	ADS: "10.10.0.65:45304" client-56b675d94f-gpv5b.client-c0-100 terminated
2026-05-23T09:44:08.422736Z	info	ads	Push debounce stable[88] 3 for config EnvoyFilter/client-c0/default-upstream-traffic-setting and 2 more configs: 100.131958ms since last change, 181.481ms since last push, full=true
2026-05-23T09:44:08.422965Z	info	ads	XDS: Pushing Services:14 ConnectedEndpoints:0 Version:2026-05-23T09:44:08Z/66
2026-05-23T09:44:09.337868Z	info	sync complete	name=istiod analyzer attempt=1 time=31.167µs
2026-05-23T09:47:56.414336Z	info	sync complete	name=istiod analyzer attempt=1 time=24.375µs
2026-05-23T09:53:02.548314Z	info	sync complete	name=istiod analyzer attempt=1 time=27.416µs
2026-05-23T09:54:16.977535Z	info	ads	Push debounce stable[89] 2 for config ServiceEntry/xcp-multicluster/backend.backend-c1.svc.cluster.local and 1 more configs: 100.894125ms since last change, 103.368458ms since last push, full=true
2026-05-23T09:54:16.977722Z	info	ads	XDS: Pushing Services:13 ConnectedEndpoints:0 Version:2026-05-23T09:54:16Z/67
2026-05-23T09:54:17.876703Z	info	sync complete	name=istiod analyzer attempt=1 time=28.375µs
2026-05-23T09:58:09.174252Z	info	sync complete	name=istiod analyzer attempt=1 time=26.625µs
2026-05-23T10:03:14.465094Z	info	sync complete	name=istiod analyzer attempt=1 time=27.625µs
2026-05-23T10:08:20.388297Z	info	sync complete	name=istiod analyzer attempt=1 time=22.458µs
2026-05-23T10:13:26.149232Z	info	sync complete	name=istiod analyzer attempt=1 time=37.083µs
2026-05-23T10:30:16.855733Z	info	sync complete	name=istiod analyzer attempt=1 time=77.917µs
2026-05-23T14:14:08.058896Z	info	sync complete	name=istiod analyzer attempt=1 time=24.042µs
2026-05-23T14:19:13.778899Z	info	sync complete	name=istiod analyzer attempt=1 time=24.292µs
2026-05-23T14:28:33.496731Z	info	sync complete	name=istiod analyzer attempt=1 time=31.333µs
2026-05-23T14:33:40.354424Z	info	sync complete	name=istiod analyzer attempt=1 time=33.75µs
2026-05-23T14:38:47.083653Z	info	sync complete	name=istiod analyzer attempt=1 time=25.792µs
2026-05-23T14:43:52.697007Z	info	sync complete	name=istiod analyzer attempt=1 time=24.667µs
2026-05-23T15:24:04.671725Z	info	sync complete	name=istiod analyzer attempt=1 time=35.25µs
2026-05-23T17:48:31.824434Z	info	sync complete	name=istiod analyzer attempt=1 time=23.542µs
2026-05-23T17:53:38.074208Z	info	sync complete	name=istiod analyzer attempt=1 time=27.583µs
2026-05-23T17:58:43.701547Z	info	sync complete	name=istiod analyzer attempt=1 time=28.334µs
2026-05-23T18:03:49.237151Z	info	sync complete	name=istiod analyzer attempt=1 time=30.084µs
2026-05-23T18:08:55.673117Z	info	sync complete	name=istiod analyzer attempt=1 time=24.541µs
2026-05-23T18:14:01.742651Z	info	sync complete	name=istiod analyzer attempt=1 time=30.541µs
2026-05-23T18:19:07.647169Z	info	sync complete	name=istiod analyzer attempt=1 time=36.625µs
2026-05-23T18:24:12.866655Z	info	sync complete	name=istiod analyzer attempt=1 time=32.459µs
2026-05-23T18:29:18.182769Z	info	sync complete	name=istiod analyzer attempt=1 time=61.666µs
2026-05-23T18:34:23.484540Z	info	sync complete	name=istiod analyzer attempt=1 time=24.166µs
2026-05-23T18:39:29.461192Z	info	sync complete	name=istiod analyzer attempt=1 time=24.625µs
2026-05-23T18:44:36.060353Z	info	sync complete	name=istiod analyzer attempt=1 time=28.625µs
2026-05-23T18:49:41.802284Z	info	sync complete	name=istiod analyzer attempt=1 time=34.75µs
2026-05-23T18:54:48.907001Z	info	sync complete	name=istiod analyzer attempt=1 time=45.583µs
2026-05-23T18:59:53.545813Z	info	sync complete	name=istiod analyzer attempt=1 time=23.792µs
2026-05-23T19:54:31.060009Z	info	sync complete	name=istiod analyzer attempt=1 time=23.333µs
2026-05-23T21:49:47.680478Z	info	sync complete	name=istiod analyzer attempt=1 time=64.375µs
2026-05-23T21:54:54.606623Z	info	sync complete	name=istiod analyzer attempt=1 time=63.791µs
2026-05-23T22:00:00.934398Z	info	sync complete	name=istiod analyzer attempt=1 time=63.959µs
2026-05-23T22:05:06.437621Z	info	sync complete	name=istiod analyzer attempt=1 time=58.042µs
2026-05-23T22:10:12.371940Z	info	sync complete	name=istiod analyzer attempt=1 time=55.083µs
2026-05-23T22:15:17.401373Z	info	sync complete	name=istiod analyzer attempt=1 time=56.333µs
2026-05-23T22:20:22.540417Z	info	sync complete	name=istiod analyzer attempt=1 time=50.042µs
2026-05-23T22:25:29.429431Z	info	sync complete	name=istiod analyzer attempt=1 time=59.417µs
2026-05-23T22:30:35.030288Z	info	sync complete	name=istiod analyzer attempt=1 time=57.959µs
2026-05-23T22:35:40.365273Z	info	sync complete	name=istiod analyzer attempt=1 time=67.75µs
2026-05-23T22:40:45.807326Z	info	sync complete	name=istiod analyzer attempt=1 time=66µs
2026-05-23T22:45:51.227531Z	info	sync complete	name=istiod analyzer attempt=1 time=71.375µs
2026-05-24T05:13:47.542526Z	info	sync complete	name=istiod analyzer attempt=1 time=23.625µs
2026-05-24T07:46:08.445739Z	info	sync complete	name=istiod analyzer attempt=1 time=26µs
2026-05-24T07:51:14.578225Z	info	sync complete	name=istiod analyzer attempt=1 time=23.708µs
2026-05-24T07:56:19.966147Z	info	sync complete	name=istiod analyzer attempt=1 time=31µs
2026-05-24T08:01:26.568921Z	info	sync complete	name=istiod analyzer attempt=1 time=36.625µs
2026-05-24T08:06:32.089178Z	info	sync complete	name=istiod analyzer attempt=1 time=23.042µs
2026-05-24T08:11:38.917749Z	info	sync complete	name=istiod analyzer attempt=1 time=25.166µs
2026-05-24T08:16:45.248641Z	info	sync complete	name=istiod analyzer attempt=1 time=24.209µs
2026-05-24T08:21:52.100104Z	info	sync complete	name=istiod analyzer attempt=1 time=29.208µs
2026-05-24T08:33:08.793911Z	info	sync complete	name=istiod analyzer attempt=1 time=64.417µs
2026-05-24T08:38:15.442855Z	info	sync complete	name=istiod analyzer attempt=1 time=27.166µs
2026-05-24T08:43:20.705092Z	info	sync complete	name=istiod analyzer attempt=1 time=46.416µs
2026-05-24T08:48:26.332845Z	info	sync complete	name=istiod analyzer attempt=1 time=24.042µs
2026-05-24T08:53:32.020564Z	info	sync complete	name=istiod analyzer attempt=1 time=29.167µs
2026-05-24T09:16:49.421952Z	info	sync complete	name=istiod analyzer attempt=1 time=23.458µs
2026-05-24T09:21:55.285996Z	info	sync complete	name=istiod analyzer attempt=1 time=46.041µs
2026-05-24T09:27:00.808384Z	info	sync complete	name=istiod analyzer attempt=1 time=21.792µs
2026-05-24T09:32:06.291792Z	info	sync complete	name=istiod analyzer attempt=1 time=25.958µs
2026-05-24T09:37:12.543771Z	info	sync complete	name=istiod analyzer attempt=1 time=38.541µs
2026-05-24T09:42:18.406241Z	info	sync complete	name=istiod analyzer attempt=1 time=52.042µs
2026-05-24T09:47:25.419367Z	info	sync complete	name=istiod analyzer attempt=1 time=41.208µs
2026-05-24T09:52:31.558183Z	info	sync complete	name=istiod analyzer attempt=1 time=27.541µs
2026-05-24T09:57:38.350446Z	info	sync complete	name=istiod analyzer attempt=1 time=24.542µs
2026-05-24T10:02:44.645099Z	info	sync complete	name=istiod analyzer attempt=1 time=31.458µs
2026-05-24T10:07:51.343053Z	info	sync complete	name=istiod analyzer attempt=1 time=26.958µs
2026-05-24T10:12:57.628298Z	info	sync complete	name=istiod analyzer attempt=1 time=25.709µs
2026-05-24T10:18:04.255528Z	info	sync complete	name=istiod analyzer attempt=1 time=27.875µs
2026-05-24T10:23:10.722892Z	info	sync complete	name=istiod analyzer attempt=1 time=33.375µs
2026-05-24T10:28:16.534986Z	info	sync complete	name=istiod analyzer attempt=1 time=24.208µs
2026-05-24T10:33:22.349067Z	info	sync complete	name=istiod analyzer attempt=1 time=28.458µs
2026-05-24T10:38:42.956421Z	info	sync complete	name=istiod analyzer attempt=1 time=26.292µs
2026-05-24T10:46:24.040239Z	info	sync complete	name=istiod analyzer attempt=1 time=53µs
2026-05-24T10:51:30.654756Z	info	sync complete	name=istiod analyzer attempt=1 time=47.25µs
2026-05-24T10:56:36.055338Z	info	sync complete	name=istiod analyzer attempt=1 time=27.417µs
2026-05-24T11:01:41.610820Z	info	sync complete	name=istiod analyzer attempt=1 time=28.5µs
2026-05-24T11:06:47.708025Z	info	sync complete	name=istiod analyzer attempt=1 time=33.75µs
2026-05-24T11:11:54.105145Z	info	sync complete	name=istiod analyzer attempt=1 time=41.083µs
2026-05-24T11:17:00.603127Z	info	sync complete	name=istiod analyzer attempt=1 time=22.917µs
2026-05-24T11:22:06.402315Z	info	sync complete	name=istiod analyzer attempt=1 time=28.208µs
2026-05-24T11:27:12.316524Z	info	sync complete	name=istiod analyzer attempt=1 time=27.75µs
2026-05-24T11:32:18.606157Z	info	sync complete	name=istiod analyzer attempt=1 time=25.709µs
2026-05-24T12:05:53.397223Z	info	sync complete	name=istiod analyzer attempt=1 time=51.083µs
2026-05-24T12:11:25.952711Z	info	sync complete	name=istiod analyzer attempt=1 time=23.041µs
2026-05-24T12:16:31.969122Z	info	sync complete	name=istiod analyzer attempt=1 time=32.042µs
2026-05-24T12:21:38.687315Z	info	sync complete	name=istiod analyzer attempt=1 time=31.084µs
2026-05-24T12:26:44.810355Z	info	sync complete	name=istiod analyzer attempt=1 time=26.917µs
2026-05-24T12:31:50.521186Z	info	sync complete	name=istiod analyzer attempt=1 time=25.25µs
2026-05-24T12:36:56.953379Z	info	sync complete	name=istiod analyzer attempt=1 time=44.083µs
2026-05-24T12:42:02.887737Z	info	sync complete	name=istiod analyzer attempt=1 time=27.166µs
2026-05-24T13:49:40.766382Z	info	sync complete	name=istiod analyzer attempt=1 time=41.584µs
2026-05-24T13:54:46.909660Z	info	sync complete	name=istiod analyzer attempt=1 time=30.542µs
2026-05-24T13:59:52.180009Z	info	sync complete	name=istiod analyzer attempt=1 time=35.166µs
2026-05-24T14:04:58.418199Z	info	sync complete	name=istiod analyzer attempt=1 time=28.041µs
2026-05-24T14:10:04.955700Z	info	sync complete	name=istiod analyzer attempt=1 time=27.042µs
2026-05-24T14:15:10.423070Z	info	sync complete	name=istiod analyzer attempt=1 time=24.5µs
2026-05-24T14:20:16.291395Z	info	sync complete	name=istiod analyzer attempt=1 time=26.166µs
2026-05-24T14:25:22.825290Z	info	sync complete	name=istiod analyzer attempt=1 time=36.875µs
2026-05-24T14:30:29.445557Z	info	sync complete	name=istiod analyzer attempt=1 time=31.167µs
2026-05-24T14:50:24.539244Z	info	sync complete	name=istiod analyzer attempt=1 time=53.666µs
2026-05-24T14:55:30.778315Z	info	sync complete	name=istiod analyzer attempt=1 time=27.458µs
2026-05-24T15:00:36.644854Z	info	sync complete	name=istiod analyzer attempt=1 time=25.75µs
2026-05-24T16:09:05.895144Z	info	sync complete	name=istiod analyzer attempt=1 time=27.5µs
2026-05-24T18:18:58.685591Z	info	sync complete	name=istiod analyzer attempt=1 time=27.917µs
2026-05-24T18:37:54.812299Z	info	sync complete	name=istiod analyzer attempt=1 time=48.458µs
2026-05-24T18:55:01.566218Z	info	sync complete	name=istiod analyzer attempt=1 time=24.958µs
2026-05-24T19:52:37.840472Z	info	sync complete	name=istiod analyzer attempt=1 time=84.708µs
2026-05-24T21:22:10.538256Z	info	sync complete	name=istiod analyzer attempt=1 time=23.208µs
2026-05-24T21:35:05.254693Z	info	sync complete	name=istiod analyzer attempt=1 time=28.083µs
2026-05-24T21:40:11.043543Z	info	sync complete	name=istiod analyzer attempt=1 time=30.416µs
2026-05-24T21:45:17.166441Z	info	sync complete	name=istiod analyzer attempt=1 time=27.75µs
2026-05-24T21:50:21.829805Z	info	sync complete	name=istiod analyzer attempt=1 time=31.875µs
2026-05-24T21:55:26.336288Z	info	sync complete	name=istiod analyzer attempt=1 time=27.209µs
2026-05-24T22:00:31.499259Z	info	sync complete	name=istiod analyzer attempt=1 time=25.625µs
2026-05-24T22:05:37.500412Z	info	sync complete	name=istiod analyzer attempt=1 time=49.208µs
2026-05-24T22:10:43.113582Z	info	sync complete	name=istiod analyzer attempt=1 time=29.625µs
2026-05-24T22:15:48.687228Z	info	sync complete	name=istiod analyzer attempt=1 time=26.292µs
2026-05-24T22:20:54.968096Z	info	sync complete	name=istiod analyzer attempt=1 time=28.291µs
2026-05-24T22:26:00.286566Z	info	sync complete	name=istiod analyzer attempt=1 time=26.375µs
2026-05-24T22:47:53.762996Z	info	sync complete	name=istiod analyzer attempt=1 time=71.333µs
2026-05-25T00:10:08.232073Z	info	sync complete	name=istiod analyzer attempt=1 time=24.625µs
2026-05-25T01:59:40.176375Z	info	sync complete	name=istiod analyzer attempt=1 time=23.5µs
2026-05-25T02:46:03.899023Z	info	sync complete	name=istiod analyzer attempt=1 time=23.583µs
2026-05-25T03:29:05.774903Z	info	sync complete	name=istiod analyzer attempt=1 time=26.542µs
2026-05-25T04:18:25.049260Z	info	sync complete	name=istiod analyzer attempt=1 time=69.833µs
2026-05-25T04:23:31.464142Z	info	sync complete	name=istiod analyzer attempt=1 time=36.292µs
2026-05-25T04:39:11.577207Z	info	sync complete	name=istiod analyzer attempt=1 time=71.875µs
2026-05-25T04:44:17.960904Z	info	sync complete	name=istiod analyzer attempt=1 time=51.916µs
2026-05-25T04:49:24.251034Z	info	sync complete	name=istiod analyzer attempt=1 time=55.459µs
2026-05-25T04:54:30.404705Z	info	sync complete	name=istiod analyzer attempt=1 time=106.958µs
2026-05-25T04:59:37.104964Z	info	sync complete	name=istiod analyzer attempt=1 time=98.084µs
2026-05-25T05:04:42.811296Z	info	sync complete	name=istiod analyzer attempt=1 time=79.833µs
2026-05-25T05:09:50.160998Z	info	sync complete	name=istiod analyzer attempt=1 time=56.959µs
2026-05-25T05:14:56.511361Z	info	sync complete	name=istiod analyzer attempt=1 time=79.917µs
2026-05-25T05:20:01.919257Z	info	sync complete	name=istiod analyzer attempt=1 time=29.5µs
2026-05-25T05:25:08.150321Z	info	sync complete	name=istiod analyzer attempt=1 time=24.791µs
2026-05-25T05:26:26.519319Z	info	ads	ADS: new connection for node:test-1.default-101
2026-05-25T05:26:26.519463Z	info	ads	istio.io/debug/syncz: PUSH for node:test-1.default resources:0 size:0B
2026-05-25T05:26:27.522739Z	info	ads	ADS: "127.0.0.1:34108" test-1.default-101 terminated
2026-05-25T05:30:14.843745Z	info	sync complete	name=istiod analyzer attempt=1 time=100.166µs
2026-05-25T05:35:21.171417Z	info	sync complete	name=istiod analyzer attempt=1 time=30.667µs
2026-05-25T05:40:27.599483Z	info	sync complete	name=istiod analyzer attempt=1 time=76.125µs
2026-05-25T05:45:34.068994Z	info	sync complete	name=istiod analyzer attempt=1 time=34.375µs
2026-05-25T05:50:40.597533Z	info	sync complete	name=istiod analyzer attempt=1 time=30.416µs
2026-05-25T05:55:46.894640Z	info	sync complete	name=istiod analyzer attempt=1 time=63.541µs
2026-05-25T06:00:53.806780Z	info	sync complete	name=istiod analyzer attempt=1 time=34.583µs
2026-05-25T06:05:59.558734Z	info	sync complete	name=istiod analyzer attempt=1 time=52.542µs
2026-05-25T06:11:05.100441Z	info	sync complete	name=istiod analyzer attempt=1 time=25.708µs
2026-05-25T06:16:11.553195Z	info	sync complete	name=istiod analyzer attempt=1 time=26.458µs
2026-05-25T06:21:17.650660Z	info	sync complete	name=istiod analyzer attempt=1 time=28.625µs
2026-05-25T06:26:23.605409Z	info	sync complete	name=istiod analyzer attempt=1 time=42.333µs
2026-05-25T06:31:30.151866Z	info	sync complete	name=istiod analyzer attempt=1 time=26.042µs
2026-05-25T06:36:36.135763Z	info	sync complete	name=istiod analyzer attempt=1 time=77.75µs
2026-05-25T06:41:42.553520Z	info	sync complete	name=istiod analyzer attempt=1 time=26.208µs
2026-05-25T06:46:49.805642Z	info	sync complete	name=istiod analyzer attempt=1 time=84.125µs
2026-05-25T06:51:56.200969Z	info	sync complete	name=istiod analyzer attempt=1 time=26.875µs
2026-05-25T06:57:01.585855Z	info	sync complete	name=istiod analyzer attempt=1 time=54.75µs
2026-05-25T07:02:07.399958Z	info	sync complete	name=istiod analyzer attempt=1 time=60.042µs
2026-05-25T07:07:13.720795Z	info	sync complete	name=istiod analyzer attempt=1 time=53.416µs
2026-05-25T07:12:19.240439Z	info	sync complete	name=istiod analyzer attempt=1 time=36.25µs
2026-05-25T07:17:24.884055Z	info	sync complete	name=istiod analyzer attempt=1 time=53.625µs
2026-05-25T07:22:31.485505Z	info	sync complete	name=istiod analyzer attempt=1 time=57.625µs
2026-05-25T07:27:35.833627Z	info	sync complete	name=istiod analyzer attempt=1 time=63.542µs
2026-05-25T07:32:41.768117Z	info	sync complete	name=istiod analyzer attempt=1 time=82.875µs
2026-05-25T07:37:48.985783Z	info	sync complete	name=istiod analyzer attempt=1 time=58.333µs
2026-05-25T07:42:56.009683Z	info	sync complete	name=istiod analyzer attempt=1 time=23.167µs
2026-05-25T07:48:02.713248Z	info	sync complete	name=istiod analyzer attempt=1 time=58.25µs
2026-05-25T07:53:07.924880Z	info	sync complete	name=istiod analyzer attempt=1 time=32.333µs
2026-05-25T07:58:13.867856Z	info	sync complete	name=istiod analyzer attempt=1 time=48.541µs
2026-05-25T08:03:19.785131Z	info	sync complete	name=istiod analyzer attempt=1 time=64.375µs
2026-05-25T08:08:26.663586Z	info	sync complete	name=istiod analyzer attempt=1 time=62.25µs
2026-05-25T08:13:31.229946Z	info	sync complete	name=istiod analyzer attempt=1 time=32.75µs
2026-05-25T08:18:37.389517Z	info	sync complete	name=istiod analyzer attempt=1 time=70.25µs
2026-05-25T08:23:42.497360Z	info	sync complete	name=istiod analyzer attempt=1 time=64.334µs
2026-05-25T08:28:48.910110Z	info	sync complete	name=istiod analyzer attempt=1 time=28.5µs
2026-05-25T08:33:54.995495Z	info	sync complete	name=istiod analyzer attempt=1 time=56.25µs
2026-05-25T08:39:00.242610Z	info	sync complete	name=istiod analyzer attempt=1 time=25.291µs
2026-05-25T08:44:06.564753Z	info	sync complete	name=istiod analyzer attempt=1 time=28.584µs
2026-05-25T08:49:11.807108Z	info	sync complete	name=istiod analyzer attempt=1 time=72.208µs
2026-05-25T08:54:18.400834Z	info	sync complete	name=istiod analyzer attempt=1 time=68.917µs
2026-05-25T08:59:25.406687Z	info	sync complete	name=istiod analyzer attempt=1 time=83µs
2026-05-25T09:04:30.585338Z	info	sync complete	name=istiod analyzer attempt=1 time=74.458µs
2026-05-25T09:09:37.168418Z	info	sync complete	name=istiod analyzer attempt=1 time=131.459µs
2026-05-25T09:14:41.960335Z	info	sync complete	name=istiod analyzer attempt=1 time=29.666µs
2026-05-25T09:19:48.158768Z	info	sync complete	name=istiod analyzer attempt=1 time=32.125µs
2026-05-25T09:24:54.457167Z	info	sync complete	name=istiod analyzer attempt=1 time=24.416µs
2026-05-25T09:29:59.784628Z	info	sync complete	name=istiod analyzer attempt=1 time=26.667µs
2026-05-25T09:35:06.226384Z	info	sync complete	name=istiod analyzer attempt=1 time=30.292µs
2026-05-25T09:40:12.126055Z	info	sync complete	name=istiod analyzer attempt=1 time=57.959µs
2026-05-25T09:45:17.396933Z	info	sync complete	name=istiod analyzer attempt=1 time=24.458µs
2026-05-25T09:50:23.417843Z	info	sync complete	name=istiod analyzer attempt=1 time=25.125µs
2026-05-25T09:55:29.961036Z	info	sync complete	name=istiod analyzer attempt=1 time=39.083µs
2026-05-25T10:00:36.679881Z	info	sync complete	name=istiod analyzer attempt=1 time=29.791µs
2026-05-25T10:05:43.368452Z	info	sync complete	name=istiod analyzer attempt=1 time=29.875µs
2026-05-25T10:10:48.487757Z	info	sync complete	name=istiod analyzer attempt=1 time=26.708µs
2026-05-25T10:15:54.387578Z	info	sync complete	name=istiod analyzer attempt=1 time=27.666µs
2026-05-25T10:21:00.637079Z	info	sync complete	name=istiod analyzer attempt=1 time=27.375µs
2026-05-25T10:26:06.449343Z	info	sync complete	name=istiod analyzer attempt=1 time=23.792µs
2026-05-25T10:31:11.672705Z	info	sync complete	name=istiod analyzer attempt=1 time=27µs
2026-05-25T10:36:17.769173Z	info	sync complete	name=istiod analyzer attempt=1 time=42.041µs
2026-05-25T10:41:24.165822Z	info	sync complete	name=istiod analyzer attempt=1 time=105.375µs
2026-05-25T10:43:48.581158Z	info	ads	Push debounce stable[90] 1 for config ConfigMap/tier1/kube-root-ca.crt: 100.026417ms since last change, 100.026375ms since last push, full=false
2026-05-25T10:43:48.581482Z	info	ads	XDS: Incremental Pushing ConnectedEndpoints:0 Version:2026-05-23T09:54:16Z/67
2026-05-25T10:43:48.657870Z	info	model	reloading network gateways
2026-05-25T10:43:48.657925Z	info	model	gateways changed, triggering push
2026-05-25T10:43:48.667502Z	info	Process sidecar injection request	path=/inject pod=tier1/tier1-gateway-596d499c9c-***** (actual name not yet known)
2026-05-25T10:43:48.672724Z	info	model	Incremental push, service tier1-gateway.tier1.svc.cluster.local at shard Kubernetes/cluster-0 has no endpoints
2026-05-25T10:43:48.773215Z	info	ads	Push debounce stable[91] 5 for config ServiceEntry/tier1/tier1-gateway.tier1.svc.cluster.local: 100.461833ms since last change, 119.590833ms since last push, full=true
2026-05-25T10:43:48.775215Z	info	ads	XDS: Pushing Services:14 ConnectedEndpoints:0 Version:2026-05-25T10:43:48Z/68
2026-05-25T10:43:49.401391Z	info	delta	ADS: new delta connection for node:tier1-gateway-596d499c9c-h2rrk.tier1-102
2026-05-25T10:43:49.401558Z	info	delta	CDS: PUSH request for node:tier1-gateway-596d499c9c-h2rrk.tier1 resources:1 removed:0 size:50B
2026-05-25T10:43:49.405079Z	info	delta	LDS: PUSH request for node:tier1-gateway-596d499c9c-h2rrk.tier1 resources:0 removed:0 size:0B
2026-05-25T10:43:49.693578Z	info	sync complete	name=istiod analyzer attempt=1 time=50.583µs
2026-05-25T10:43:50.051481Z	info	model	Full push, new service tier1/tier1-gateway.tier1.svc.cluster.local
2026-05-25T10:43:50.055737Z	info	delta	CDS: PUSH for node:tier1-gateway-596d499c9c-h2rrk.tier1 resources:1 removed:0 size:50B
2026-05-25T10:43:50.055772Z	info	delta	LDS: PUSH for node:tier1-gateway-596d499c9c-h2rrk.tier1 resources:0 removed:0 size:0B
2026-05-25T10:43:50.160093Z	info	ads	Push debounce stable[92] 2 for config ServiceEntry/tier1/tier1-gateway.tier1.svc.cluster.local: 100.367125ms since last change, 108.568791ms since last push, full=true
2026-05-25T10:43:50.160287Z	info	ads	XDS: Pushing Services:14 ConnectedEndpoints:1 Version:2026-05-25T10:43:50Z/69
2026-05-25T10:43:50.160413Z	info	delta	CDS: PUSH for node:tier1-gateway-596d499c9c-h2rrk.tier1 resources:1 removed:0 size:50B
2026-05-25T10:43:50.160438Z	info	delta	LDS: PUSH for node:tier1-gateway-596d499c9c-h2rrk.tier1 resources:0 removed:0 size:0B
2026-05-25T10:43:51.064425Z	info	sync complete	name=istiod analyzer attempt=1 time=33.791µs
2026-05-25T10:44:26.828550Z	info	ads	Push debounce stable[93] 8 for config EnvoyFilter/tier1/default-allow-tier1-echo-gw-external-batch0 and 7 more configs: 101.000916ms since last change, 105.317334ms since last push, full=true
2026-05-25T10:44:26.829625Z	info	ads	XDS: Pushing Services:14 ConnectedEndpoints:1 Version:2026-05-25T10:44:26Z/70
2026-05-25T10:44:26.829786Z	info	delta	CDS: PUSH for node:tier1-gateway-596d499c9c-h2rrk.tier1 resources:1 removed:0 size:72B
2026-05-25T10:44:26.830014Z	info	delta	LDS: PUSH for node:tier1-gateway-596d499c9c-h2rrk.tier1 resources:1 removed:0 size:2.8kB
2026-05-25T10:44:27.728836Z	info	sync complete	name=istiod analyzer attempt=1 time=75.041µs
2026-05-25T10:44:27.847558Z	info	ads	Push debounce stable[94] 5 for config VirtualService/tier1/tier1-echo-gw-echo and 4 more configs: 100.933ms since last change, 107.196833ms since last push, full=true
2026-05-25T10:44:27.848298Z	info	ads	XDS: Pushing Services:14 ConnectedEndpoints:1 Version:2026-05-25T10:44:27Z/71
2026-05-25T10:44:27.848427Z	info	delta	CDS: PUSH for node:tier1-gateway-596d499c9c-h2rrk.tier1 resources:1 removed:0 size:72B
2026-05-25T10:44:27.849028Z	info	delta	LDS: PUSH for node:tier1-gateway-596d499c9c-h2rrk.tier1 resources:1 removed:0 size:2.8kB
2026-05-25T10:44:28.748138Z	info	sync complete	name=istiod analyzer attempt=1 time=30.5µs
2026-05-25T10:44:33.751538Z	info	model	Cache Update, new service xcp-multicluster/echo.tetrate.io
2026-05-25T10:44:33.857134Z	info	ads	Push debounce stable[95] 2 for config ServiceEntry/xcp-multicluster/echo.tetrate.io: 100.79625ms since last change, 105.549708ms since last push, full=true
2026-05-25T10:44:33.857346Z	info	ads	XDS: Pushing Services:15 ConnectedEndpoints:1 Version:2026-05-25T10:44:33Z/72
2026-05-25T10:44:33.857607Z	info	delta	CDS: PUSH for node:tier1-gateway-596d499c9c-h2rrk.tier1 resources:3 removed:0 size:2.0kB cached:0/2
2026-05-25T10:44:33.857756Z	info	delta	LDS: PUSH for node:tier1-gateway-596d499c9c-h2rrk.tier1 resources:1 removed:0 size:2.8kB
2026-05-25T10:44:33.860583Z	info	delta	EDS: PUSH request for node:tier1-gateway-596d499c9c-h2rrk.tier1 resources:2 removed:0 size:328B empty:0 cached:0/2 filtered:0
2026-05-25T10:44:34.758332Z	info	sync complete	name=istiod analyzer attempt=1 time=35.333µs
2026-05-25T10:44:34.865180Z	info	ads	Push debounce stable[96] 2 for config VirtualService/tier1/tier1-echo-gw-echo and 1 more configs: 101.681667ms since last change, 102.177375ms since last push, full=true
2026-05-25T10:44:34.865387Z	info	ads	XDS: Pushing Services:15 ConnectedEndpoints:1 Version:2026-05-25T10:44:34Z/73
2026-05-25T10:44:34.865567Z	info	delta	CDS: PUSH for node:tier1-gateway-596d499c9c-h2rrk.tier1 resources:3 removed:0 size:2.0kB cached:0/2
2026-05-25T10:44:34.865615Z	info	delta	EDS: PUSH for node:tier1-gateway-596d499c9c-h2rrk.tier1 resources:2 removed:0 size:328B empty:0 cached:0/2
2026-05-25T10:44:34.865723Z	info	delta	LDS: PUSH for node:tier1-gateway-596d499c9c-h2rrk.tier1 resources:1 removed:0 size:2.8kB
2026-05-25T10:44:35.765204Z	info	sync complete	name=istiod analyzer attempt=1 time=27.958µs
2026-05-25T10:46:29.976307Z	info	sync complete	name=istiod analyzer attempt=1 time=77.917µs
