2026-05-23T08:38:13.932594Z	debug	debounce	resetting maxSilentCurrent. updated: 1s	id=fcd9f881
2026-05-23T08:38:14.941263Z	debug	debounce	resetting maxSilentCurrent. updated: 1s	id=a09a36e7
2026-05-23T08:38:14.941277Z	debug	debounce	resetting maxSilentCurrent. updated: 1s	id=919326fd
2026-05-23T08:38:16.340837Z	debug	kube	Handle EDS endpoint backend update in namespace backend-c1
2026-05-23T08:38:16.340949Z	debug	kube	triggering EDS push for [backend.backend-c1.svc.cluster.local] in namespace backend-c1
2026-05-23T08:38:16.340972Z	info	discovery-server	UpdateServiceEndpoints: Detected changes in ns/svc: backend-c1/backend.backend-c1.svc.cluster.local.
2026-05-23T08:38:16.341059Z	debug	cluster-state	Triggering cluster state change event due to service_subset_update, at 2026-05-23 08:38:16.3409638 +0000 UTC m=+95893.156292203 (force regenerate config = map[]). Resources: [api_version:"xcp.tetrate.io/v2" kind:"Namespace" metadata:{name:"backend-c1" namespace:"backend-c1"}]
2026-05-23T08:38:17.341216Z	debug	debounce	notify cbk invoked	id=919326fd
2026-05-23T08:38:17.341277Z	debug	debounce	notify cbk returned	id=919326fd
2026-05-23T08:38:17.341283Z	debug	debounce	Applying exponential step-up. maxSilentCurrent updated to: 2s	id=919326fd
2026-05-23T08:38:17.341320Z	info	cluster-state	processClusterStateChangeEvents: cluster-eventid: 2026-05-23 08:38:16.3409638 +0000 UTC m=+95893.156292203 and 0 more, queue length: 0, reasons: service_subset_update,, forceConfigRegenReasons: map[], resources: [api_version:"xcp.tetrate.io/v2" kind:"Namespace" metadata:{name:"backend-c1" namespace:"backend-c1"}]
2026-05-23T08:38:17.341329Z	debug	cluster-state	handleClusterStateChangedEvent: Trigger reasons: service_subset_update,, Forced translation: map[], Resources: [api_version:"xcp.tetrate.io/v2" kind:"Namespace" metadata:{name:"backend-c1" namespace:"backend-c1"}]
2026-05-23T08:38:17.341347Z	debug	eastwest-configgen	namespace "xcp-system" does not have Istio revision "" in boundary "global". Ambient mode: false
2026-05-23T08:38:17.341355Z	debug	eastwest-configgen	namespace "cert-manager" does not have Istio revision "" in boundary "global". Ambient mode: false
2026-05-23T08:38:17.341356Z	debug	eastwest-configgen	namespace "metallb-system" does not have Istio revision "" in boundary "global". Ambient mode: false
2026-05-23T08:38:17.341357Z	debug	eastwest-configgen	namespace "kube-public" does not have Istio revision "" in boundary "global". Ambient mode: false
2026-05-23T08:38:17.341358Z	debug	eastwest-configgen	namespace "kube-node-lease" does not have Istio revision "" in boundary "global". Ambient mode: false
2026-05-23T08:38:17.341359Z	debug	eastwest-configgen	namespace "local-path-storage" does not have Istio revision "" in boundary "global". Ambient mode: false
2026-05-23T08:38:17.341360Z	debug	eastwest-configgen	namespace "default" does not have Istio revision "" in boundary "global". Ambient mode: false
2026-05-23T08:38:17.341371Z	info	eastwest-configgen	no endpoints found for service "echo-term.tetrate.io" port 80
2026-05-23T08:38:17.341381Z	debug	eastwest-configgen	found Istio IsolationBoundary "global" for Namespace "backend-c1"
2026-05-23T08:38:17.341401Z	info	no portname specified for service metallb-webhook-service.metallb-system.svc.cluster.local port 443. no endpoints will be detected
2026-05-23T08:38:17.341422Z	info	eastwest-configgen	no endpoints found for service "metallb-webhook-service.metallb-system.svc.cluster.local" port 443
2026-05-23T08:38:17.341449Z	info	model	matching services for east-west gateway%!(EXTRA string=selector: %v, map[string]string=map[app:backend])
2026-05-23T08:38:17.341464Z	debug	eastwest-configgen	computed east-west gateway associations: {
    "xc-ws": {
      "ExposedServices": {
        "0": {}
      },
      "GatewayServices": {
        "0": {}
      }
    }
  }
2026-05-23T08:38:17.341472Z	debug	configapply	Cluster-state generation triggered for set of map[backend-c1:{}] namespaces
2026-05-23T08:38:17.341484Z	debug	cluster-gen	istioServices: 15
2026-05-23T08:38:17.341509Z	debug	cluster-state	found Istio IsolationBoundary for Namespace "backend-c1" with Revision "stable"
2026-05-23T08:38:17.341549Z	debug	cluster-gen	Not a gateway service backend-c1/backend
2026-05-23T08:38:17.341601Z	debug	discovery-cache	added istio service instances in namespace: cert-manager objects 0, changed false
2026-05-23T08:38:17.341607Z	debug	discovery-cache	added istio service instances in namespace: default objects 0, changed false
2026-05-23T08:38:17.341608Z	debug	discovery-cache	added istio service instances in namespace: istio-system objects 0, changed false
2026-05-23T08:38:17.341609Z	debug	discovery-cache	added istio service instances in namespace: metallb-system objects 0, changed false
2026-05-23T08:38:17.341610Z	debug	discovery-cache	added istio service instances in namespace: backend-c1 objects 0, changed false
2026-05-23T08:38:17.341611Z	debug	discovery-cache	added istio service instances in namespace: xcp-system objects 0, changed false
2026-05-23T08:38:17.341618Z	debug	cluster-state	triggerConfigTranslation false ,triggerConfigTranslationReason true 
2026-05-23T08:38:17.341621Z	debug	cluster-state	All gateway hostname mappings are same.
2026-05-23T08:38:17.341622Z	debug	cluster-state	All gatewayHost bounded k8s svcs have same addresses.
2026-05-23T08:38:17.341623Z	debug	cluster-state	No significant changes detected; skipping report to other clusters.
2026-05-23T08:38:17.341624Z	debug	cluster-state	No significant changes detected for east-west services; skipping report to other clusters.
2026-05-23T08:38:17.341627Z	debug	cluster-state	handleClusterStateChangedEvent, actions: map[sendClusterToCentral:{}]
2026-05-23T08:38:17.341652Z	debug	discovery-cache	required to trigger istio translation as edge received change in locality context for one or more hosts for cluster cluster-0
2026-05-23T08:38:17.341709Z	debug	discovery-server	wrote channel for sending cluster updates
2026-05-23T08:38:17.341713Z	debug	cluster-state	Sent 6 namespaces to central. len(HostToK8sSvc) 0
2026-05-23T08:38:17.341715Z	debug	discovery-server	Sending cluster-state update to central xcp
2026-05-23T08:38:17.341770Z	debug	discovery-server	Done sending cluster-state to central xcp
2026-05-23T08:38:17.341848Z	info	cluster-state	processConfigTranslationNotification: cluster-eventid: 2026-05-23 08:38:17.341619467 +0000 UTC m=+95894.156947870 and 0 more, queue length: 0, reasons: service_subset_update,, forceConfigRegenReasons: map[], resources: [api_version:"xcp.tetrate.io/v2" kind:"Namespace" metadata:{name:"backend-c1" namespace:"backend-c1"}]
2026-05-23T08:38:17.341854Z	debug	configapply	Sending XCP api CRDs to istio config translator
2026-05-23T08:38:17.342010Z	debug	model	gateway-group mapping: map[]
2026-05-23T08:38:17.342018Z	debug	model	security-group mapping: map[]
2026-05-23T08:38:17.342019Z	debug	model	traffic-group mapping: map[]
2026-05-23T08:38:17.342020Z	debug	model	istio-internal-group mapping: map[]
2026-05-23T08:38:17.342020Z	debug	model	gateway-deployment mapping: map[]
2026-05-23T08:38:17.342035Z	debug	model	processing 14 objects for cluster cluster-0
2026-05-23T08:38:17.342157Z	debug	model	Processing workspace: istio-system/xc-ws, o.gvk xcp.tetrate.io/v2/Workspace
2026-05-23T08:38:17.342167Z	debug	model	resolved workspace namespaces [client-c0]
2026-05-23T08:38:17.342172Z	info	model	client-c0: adding workspace xc-ws
2026-05-23T08:38:17.342245Z	debug	model	populateGroups workspace = xc-ws, &{Meta:{GroupVersionKind:xcp.tetrate.io/v2/Workspace UID: Name:xc-ws Namespace:istio-system Domain: Labels:map[] Annotations:map[kubectl.kubernetes.io/last-applied-configuration:{"apiVersion":"xcp.tetrate.io/v2","kind":"Workspace","metadata":{"annotations":{},"name":"xc-ws","namespace":"xcp-system"},"spec":{"namespaceSelector":{"names":["cluster-0/client-c0","cluster-1/backend-c1"]}}}
 xcp.tetrate.io/contentHash:32b68c018c13a57f045d6319290a4b2b] ResourceVersion:374672 CreationTimestamp:2026-05-23 08:38:10 +0000 UTC OwnerReferences:[] Generation:0} Spec:namespace_selector:{names:"cluster-0/client-c0" names:"cluster-1/backend-c1"} Status:<nil> Extra:map[]}
2026-05-23T08:38:17.342251Z	debug	model	registered settings xc-ws-settings for workspace xc-ws
2026-05-23T08:38:17.342467Z	debug	eastwest-configgen	namespace "kube-node-lease" does not have Istio revision "" in boundary "global". Ambient mode: false
2026-05-23T08:38:17.342473Z	debug	eastwest-configgen	namespace "local-path-storage" does not have Istio revision "" in boundary "global". Ambient mode: false
2026-05-23T08:38:17.342474Z	debug	eastwest-configgen	namespace "default" does not have Istio revision "" in boundary "global". Ambient mode: false
2026-05-23T08:38:17.342475Z	debug	eastwest-configgen	namespace "xcp-system" does not have Istio revision "" in boundary "global". Ambient mode: false
2026-05-23T08:38:17.342477Z	debug	eastwest-configgen	namespace "kube-public" does not have Istio revision "" in boundary "global". Ambient mode: false
2026-05-23T08:38:17.342478Z	debug	eastwest-configgen	namespace "metallb-system" does not have Istio revision "" in boundary "global". Ambient mode: false
2026-05-23T08:38:17.342479Z	debug	eastwest-configgen	namespace "cert-manager" does not have Istio revision "" in boundary "global". Ambient mode: false
2026-05-23T08:38:17.342490Z	info	eastwest-configgen	no endpoints found for service "echo-term.tetrate.io" port 80
2026-05-23T08:38:17.342495Z	debug	eastwest-configgen	found Istio IsolationBoundary "global" for Namespace "backend-c1"
2026-05-23T08:38:17.342517Z	info	no portname specified for service metallb-webhook-service.metallb-system.svc.cluster.local port 443. no endpoints will be detected
2026-05-23T08:38:17.342529Z	info	eastwest-configgen	no endpoints found for service "metallb-webhook-service.metallb-system.svc.cluster.local" port 443
2026-05-23T08:38:17.342544Z	info	model	matching services for east-west gateway%!(EXTRA string=selector: %v, map[string]string=map[app:backend])
2026-05-23T08:38:17.342554Z	debug	eastwest-configgen	computed east-west gateway associations: {
    "xc-ws": {
      "ExposedServices": {
        "0": {}
      },
      "GatewayServices": {
        "0": {}
      }
    }
  }
2026-05-23T08:38:17.342567Z	debug	configapply	Translation triggered for set of map[backend-c1:{}] namespaces
2026-05-23T08:38:17.342596Z	debug	translator	error while looking up workspace for namespace "backend-c1": the namespace "backend-c1" is not mapped to any workspace	ns=backend-c1 id=43f5d990
2026-05-23T08:38:17.342601Z	debug	translator	failed to lookup workspace for namespace "backend-c1": the namespace "backend-c1" is not mapped to any workspace	ns=backend-c1 id=43f5d990
2026-05-23T08:38:17.342602Z	debug	translator	workspace for namespace "backend-c1" not found	ns=backend-c1 id=43f5d990
2026-05-23T08:38:17.342604Z	debug	translator	[ambient] buildEastWestGatewayConfigs: entry point called	ns=backend-c1 id=43f5d990
2026-05-23T08:38:17.342606Z	debug	translator	[ambient] doBuildEastWestGatewayConfigsforAllWorkspaces: processing 1 workspaces	ns=backend-c1 id=43f5d990
2026-05-23T08:38:17.342607Z	debug	translator	[ambient] processing workspace 0: xc-ws	ns=backend-c1 id=43f5d990
2026-05-23T08:38:17.342612Z	error	translator	gateway service not found with workload selector labels map[app:ew-gateway] in namespace "backend-c1"	ns=backend-c1 id=43f5d990
2026-05-23T08:38:17.342618Z	debug	translator	[ambient] workspace xc-ws generated 0 regular east-west configs	ns=backend-c1 id=43f5d990
2026-05-23T08:38:17.342620Z	debug	translator	[ambient] EnableAmbient=false, skipping ambient hybrid configs for workspace xc-ws	ns=backend-c1 id=43f5d990
2026-05-23T08:38:17.342621Z	debug	translator	[ambient] doBuildEastWestGatewayConfigsforAllWorkspaces: total generated 0 configs	ns=backend-c1 id=43f5d990
2026-05-23T08:38:17.342624Z	debug	translator	error while looking up workspace for namespace "backend-c1": the namespace "backend-c1" is not mapped to any workspace	ns=backend-c1 id=43f5d990
2026-05-23T08:38:17.342626Z	debug	translator	error while looking up workspace for namespace "backend-c1": the namespace "backend-c1" is not mapped to any workspace	ns=backend-c1 id=43f5d990
2026-05-23T08:38:17.342627Z	debug	translator	generated configurations: 0 traffic, 0 security, 0 gateway, 0 istio internal	ns=backend-c1 id=43f5d990
2026-05-23T08:38:17.342628Z	debug	translator	ew-gen: generating east-west workload entry configs for local services that are exposed for east-west routing	ns=backend-c1 id=43f5d990
2026-05-23T08:38:17.342634Z	debug	resource-cache	Batch-based resource tracking disabled, falling back to namespace-based
2026-05-23T08:38:17.342639Z	debug	resource-cache	[backend-c1] ===BEGIN: Apply request for 0 objects
2026-05-23T08:38:17.342641Z	debug	resource-cache	Delete all objects from the namespace backend-c1
2026-05-23T08:38:17.342642Z	debug	resource-cache	[backend-c1] objects previously in k8s api server cache: 0
2026-05-23T08:38:17.342643Z	debug	resource-cache	[backend-c1] No previous objects at k8s apiserver cache for namespace
2026-05-23T08:38:17.342645Z	debug	resource-cache	[backend-c1] ===END: Apply request for 0 objects in 0.000005 s
2026-05-23T08:38:17.342655Z	debug	resource-cache	[backend-c1] ===BEGIN: Apply request for 0 objects
2026-05-23T08:38:17.342655Z	debug	resource-cache	Delete all objects from the namespace backend-c1
2026-05-23T08:38:17.342656Z	debug	resource-cache	[backend-c1] objects previously in k8s api server cache: 0
2026-05-23T08:38:17.342656Z	debug	resource-cache	Unmanaged Istio resources by kind: map[AuthorizationPolicy:0 DestinationRule:0 EnvoyFilter:0 Gateway:0 PeerAuthentication:0 RequestAuthentication:0 ServiceEntry:0 Sidecar:0 Telemetry:0 VirtualService:0 WasmPlugin:0 WorkloadEntry:0]
2026-05-23T08:38:17.342657Z	debug	resource-cache	[backend-c1] No previous objects at k8s apiserver cache for namespace
2026-05-23T08:38:17.342668Z	debug	resource-cache	[backend-c1] ===END: Apply request for 0 objects in 0.000013 s
2026-05-23T08:38:17.342675Z	debug	cluster-state	Triggering cluster state change event due to config, at 2026-05-23 08:38:17.341619467 +0000 UTC m=+95894.156947870 (force regenerate config = map[]). Resources: []
2026-05-23T08:38:18.343412Z	debug	debounce	notify cbk invoked	id=a09a36e7
2026-05-23T08:38:18.343474Z	debug	config-status	Explanation of the decision flow for the Config Status of "networking.istio.io/EnvoyFilter" "global-forward-xfcc-15443" version ""
Q: Is the config type "networking.istio.io/v1alpha3/EnvoyFilter" supported by XCP?
A: Yes
Q: Is it an internal config of XCP?
A: Yes
Verdict: Config Status is NOT reported since it's an internal config of XCP
Config Status:
```yaml
---
null
```

2026-05-23T08:38:18.343478Z	debug	config-status	Explanation of the decision flow for the Config Status of "networking.istio.io/EnvoyFilter" "global-gw-best-practice" version ""
Q: Is the config type "networking.istio.io/v1alpha3/EnvoyFilter" supported by XCP?
A: Yes
Q: Is it an internal config of XCP?
A: Yes
Verdict: Config Status is NOT reported since it's an internal config of XCP
Config Status:
```yaml
---
null
```

2026-05-23T08:38:18.343482Z	debug	config-status	Explanation of the decision flow for the Config Status of "networking.istio.io/EnvoyFilter" "global-mx-downstream-egress-gateway-filter" version ""
Q: Is the config type "networking.istio.io/v1alpha3/EnvoyFilter" supported by XCP?
A: Yes
Q: Is it an internal config of XCP?
A: Yes
Verdict: Config Status is NOT reported since it's an internal config of XCP
Config Status:
```yaml
---
null
```

2026-05-23T08:38:18.343484Z	debug	config-status	Explanation of the decision flow for the Config Status of "networking.istio.io/EnvoyFilter" "global-mx-downstream-gateway-filter" version ""
Q: Is the config type "networking.istio.io/v1alpha3/EnvoyFilter" supported by XCP?
A: Yes
Q: Is it an internal config of XCP?
A: Yes
Verdict: Config Status is NOT reported since it's an internal config of XCP
Config Status:
```yaml
---
null
```

2026-05-23T08:38:18.343489Z	debug	config-status	Explanation of the decision flow for the Config Status of "networking.istio.io/EnvoyFilter" "global-periodical-access-log" version ""
Q: Is the config type "networking.istio.io/v1alpha3/EnvoyFilter" supported by XCP?
A: Yes
Q: Is it an internal config of XCP?
A: Yes
Verdict: Config Status is NOT reported since it's an internal config of XCP
Config Status:
```yaml
---
null
```

2026-05-23T08:38:18.343492Z	debug	config-status	Explanation of the decision flow for the Config Status of "networking.istio.io/EnvoyFilter" "global-request-id-propagation" version ""
Q: Is the config type "networking.istio.io/v1alpha3/EnvoyFilter" supported by XCP?
A: Yes
Q: Is it an internal config of XCP?
A: Yes
Verdict: Config Status is NOT reported since it's an internal config of XCP
Config Status:
```yaml
---
null
```

2026-05-23T08:38:18.343494Z	debug	config-status	Explanation of the decision flow for the Config Status of "networking.istio.io/EnvoyFilter" "global-tcp-keepalive-envoy-filter" version ""
Q: Is the config type "networking.istio.io/v1alpha3/EnvoyFilter" supported by XCP?
A: Yes
Q: Is it an internal config of XCP?
A: Yes
Verdict: Config Status is NOT reported since it's an internal config of XCP
Config Status:
```yaml
---
null
```

2026-05-23T08:38:18.343498Z	debug	config-status	Explanation of the decision flow for the Config Status of "networking.istio.io/EnvoyFilter" "global-xfcc-extractor-sidecar" version ""
Q: Is the config type "networking.istio.io/v1alpha3/EnvoyFilter" supported by XCP?
A: Yes
Q: Is it an internal config of XCP?
A: Yes
Verdict: Config Status is NOT reported since it's an internal config of XCP
Config Status:
```yaml
---
null
```

2026-05-23T08:38:18.343500Z	debug	config-status	Explanation of the decision flow for the Config Status of "networking.istio.io/EnvoyFilter" "global-xfcc-guard-15443" version ""
Q: Is the config type "networking.istio.io/v1alpha3/EnvoyFilter" supported by XCP?
A: Yes
Q: Is it an internal config of XCP?
A: Yes
Verdict: Config Status is NOT reported since it's an internal config of XCP
Config Status:
```yaml
---
null
```

2026-05-23T08:38:18.343588Z	debug	config-status	Explanation of the decision flow for the Config Status of "xcp.tetrate.io/Cluster" "cluster-0" version ""
Q: Is the config type "xcp.tetrate.io/v2/Cluster" supported by XCP?
A: Yes
Q: Is it an internal config of XCP?
A: No
Q: Is this config object managed by XCP?
A: Yes
Q: Did the Push Context report an ERROR for this config?
A: No
Q: Did the Push Context IGNORE this config?
A: No
Verdict: Config Status is UNKNOWN since status for that config type has NOT been implemented yet
Config Status:
```yaml
---
configId:
  group: xcp.tetrate.io
  kind: Cluster
  name: cluster-0
  namespace: istio-system
  version: v2
details: Config Status for that config type has NOT been implemented yet
metadata:
  annotations:
    kubectl.kubernetes.io/last-applied-configuration: |
      {"apiVersion":"xcp.tetrate.io/v2","kind":"Cluster","metadata":{"annotations":{},"name":"cluster-0","namespace":"xcp-system"},"spec":{"istioTrustDomain":"cluster.local"}}
```

2026-05-23T08:38:18.343622Z	debug	config-status	Explanation of the decision flow for the Config Status of "xcp.tetrate.io/Cluster" "cluster-1" version ""
Q: Is the config type "xcp.tetrate.io/v2/Cluster" supported by XCP?
A: Yes
Q: Is it an internal config of XCP?
A: No
Q: Is this config object managed by XCP?
A: Yes
Q: Did the Push Context report an ERROR for this config?
A: No
Q: Did the Push Context IGNORE this config?
A: No
Verdict: Config Status is UNKNOWN since status for that config type has NOT been implemented yet
Config Status:
```yaml
---
configId:
  group: xcp.tetrate.io
  kind: Cluster
  name: cluster-1
  namespace: istio-system
  version: v2
details: Config Status for that config type has NOT been implemented yet
metadata: {}
```

2026-05-23T08:38:18.343644Z	debug	config-status	Explanation of the decision flow for the Config Status of "xcp.tetrate.io/GlobalSetting" "global" version ""
Q: Is the config type "xcp.tetrate.io/v2/GlobalSetting" supported by XCP?
A: Yes
Q: Is it an internal config of XCP?
A: No
Q: Is this config object managed by XCP?
A: Yes
Q: Did the Push Context report an ERROR for this config?
A: No
Q: Did the Push Context IGNORE this config?
A: No
Q: Does the namespace selector resolve into at least ONE namespace in this cluster?
A: Yes
I: Checking the config status in each of the 10 target namespace(s): [backend-c1 cert-manager client-c0 default echo kube-node-lease kube-public local-path-storage metallb-system xcp-system]
I: [1/10] verdict in "backend-c1" namespace: Config Status is UNKNOWN since there were NO translation errors but the config was NOT mapped onto any output config(s)
I: [2/10] verdict in "cert-manager" namespace: Config Status is UNKNOWN since translation is SKIPPED on that namespace
I: [3/10] verdict in "client-c0" namespace: Config Status is UNKNOWN since there were NO translation errors but the config was NOT mapped onto any output config(s)
I: [4/10] verdict in "default" namespace: Config Status is UNKNOWN since translation is SKIPPED on that namespace
I: [5/10] verdict in "echo" namespace: Config Status is UNKNOWN since there were NO translation errors but the config was NOT mapped onto any output config(s)
I: [6/10] verdict in "kube-node-lease" namespace: Config Status is UNKNOWN since translation is SKIPPED on that namespace
I: [7/10] verdict in "kube-public" namespace: Config Status is UNKNOWN since translation is SKIPPED on that namespace
I: [8/10] verdict in "local-path-storage" namespace: Config Status is UNKNOWN since translation is SKIPPED on that namespace
I: [9/10] verdict in "metallb-system" namespace: Config Status is UNKNOWN since translation is SKIPPED on that namespace
I: [10/10] verdict in "xcp-system" namespace: Config Status is UNKNOWN since translation is SKIPPED on that namespace
I: Status summary across 10 target namespace(s): TRANSLATION SKIPPED in 7 namespace(s), TRANSLATED BUT NOT MAPPED in 3 namespace(s)
I: Using "lenient" strategy to decide on the aggregated status across 10 target namespace(s)
Q: Have there been any errors while translating this config in ANY of the 10 target namespaces?
A: No
Q: Has the config been APPLIED in at least ONE of the target namespaces?
A: No
Verdict: Config Status is NOT reported since the config has NOT yet been APPLIED in ANY of 10 target namespace(s)
Config Status:
```yaml
---
null
```

2026-05-23T08:38:18.343697Z	debug	config-status	Explanation of the decision flow for the Config Status of "xcp.tetrate.io/Workspace" "xc-ws" version ""
Q: Is the config type "xcp.tetrate.io/v2/Workspace" supported by XCP?
A: Yes
Q: Is it an internal config of XCP?
A: No
Q: Is this config object managed by XCP?
A: Yes
Q: Did the Push Context report an ERROR for this config?
A: No
Q: Did the Push Context IGNORE this config?
A: No
Q: Does the namespace selector resolve into at least ONE namespace in this cluster?
A: Yes
I: Checking the config status in each of the 1 target namespace(s): [client-c0]
I: [1/1] verdict in "client-c0" namespace: Config Status is APPLIED since there were NO translation errors and the config IS mapped onto output config(s)
I: Status summary across 1 target namespace(s): APPLIED in 1 namespace(s)
I: Using "lenient" strategy to decide on the aggregated status across 1 target namespace(s)
Q: Have there been any errors while translating this config in ANY of the 1 target namespaces?
A: No
Q: Has the config been APPLIED in at least ONE of the target namespaces?
A: Yes
Verdict: Config Status is "lenient" APPLIED since the config has been APPLIED in at least ONE of the target namespaces
Config Status:
```yaml
---
configId:
  group: xcp.tetrate.io
  kind: Workspace
  name: xc-ws
  namespace: istio-system
  version: v2
details: 'Status summary across 1 target namespace(s): APPLIED in 1 namespace(s)'
metadata:
  annotations:
    kubectl.kubernetes.io/last-applied-configuration: |
      {"apiVersion":"xcp.tetrate.io/v2","kind":"Workspace","metadata":{"annotations":{},"name":"xc-ws","namespace":"xcp-system"},"spec":{"namespaceSelector":{"names":["cluster-0/client-c0","cluster-1/backend-c1"]}}}
result: APPLIED
```

2026-05-23T08:38:18.343747Z	debug	config-status	Explanation of the decision flow for the Config Status of "xcp.tetrate.io/WorkspaceSetting" "xc-ws-settings" version ""
Q: Is the config type "xcp.tetrate.io/v2/WorkspaceSetting" supported by XCP?
A: Yes
Q: Is it an internal config of XCP?
A: No
Q: Is this config object managed by XCP?
A: Yes
Q: Did the Push Context report an ERROR for this config?
A: No
Q: Did the Push Context IGNORE this config?
A: No
Q: Does the namespace selector resolve into at least ONE namespace in this cluster?
A: Yes
I: Checking the config status in each of the 1 target namespace(s): [client-c0]
I: [1/1] verdict in "client-c0" namespace: Config Status is APPLIED since there were NO translation errors and the config IS mapped onto output config(s)
I: Status summary across 1 target namespace(s): APPLIED in 1 namespace(s)
I: Using "lenient" strategy to decide on the aggregated status across 1 target namespace(s)
Q: Have there been any errors while translating this config in ANY of the 1 target namespaces?
A: No
Q: Has the config been APPLIED in at least ONE of the target namespaces?
A: Yes
Verdict: Config Status is "lenient" APPLIED since the config has been APPLIED in at least ONE of the target namespaces
Config Status:
```yaml
---
configId:
  group: xcp.tetrate.io
  kind: WorkspaceSetting
  name: xc-ws-settings
  namespace: istio-system
  version: v2
details: 'Status summary across 1 target namespace(s): APPLIED in 1 namespace(s)'
metadata:
  annotations:
    kubectl.kubernetes.io/last-applied-configuration: |
      {"apiVersion":"xcp.tetrate.io/v2","kind":"WorkspaceSetting","metadata":{"annotations":{},"labels":{"xcp.tetrate.io/workspace":"xc-ws"},"name":"xc-ws-settings","namespace":"xcp-system"},"spec":{"defaultEastWestGatewaySettings":[{"exposedServices":[{"serviceLabels":{"app":"backend"}}],"workloadSelector":{"labels":{"app":"ew-gateway"},"namespace":"backend-c1"}}]}}
  labels:
    xcp.tetrate.io/workspace: xc-ws
result: APPLIED
```

2026-05-23T08:38:18.343882Z	debug	status	generated status report in 437.542µs
2026-05-23T08:38:18.343904Z	debug	debounce	notify cbk returned	id=a09a36e7
2026-05-23T08:38:18.343906Z	debug	debounce	Applying exponential step-up. maxSilentCurrent updated to: 2s	id=a09a36e7
2026-05-23T08:38:18.343912Z	debug	status	triggering status report sender with 4 messages
2026-05-23T08:38:18.343945Z	debug	status	successfully sent config-status report(epoch:48, messages:4) in 30µs
2026-05-23T08:38:19.343321Z	debug	debounce	notify cbk invoked	id=919326fd
2026-05-23T08:38:19.343362Z	debug	debounce	notify cbk returned	id=919326fd
2026-05-23T08:38:19.343369Z	debug	debounce	Applying exponential step-up. maxSilentCurrent updated to: 4s	id=919326fd
2026-05-23T08:38:19.343389Z	info	cluster-state	processClusterStateChangeEvents: cluster-eventid: 2026-05-23 08:38:17.341619467 +0000 UTC m=+95894.156947870 and 0 more, queue length: 0, reasons: config,, forceConfigRegenReasons: map[], resources: []
2026-05-23T08:38:19.343391Z	debug	cluster-state	handleClusterStateChangedEvent: Trigger reasons: config,, Forced translation: map[], Resources: []
2026-05-23T08:38:19.343415Z	debug	cluster-gen	istioServices: 15
2026-05-23T08:38:19.343444Z	debug	cluster-state	found Istio IsolationBoundary for Namespace "backend-c1" with Revision "stable"
2026-05-23T08:38:19.343487Z	debug	cluster-gen	Not a gateway service backend-c1/backend
2026-05-23T08:38:19.343526Z	debug	cluster-gen	Ignoring service kube-system/kube-dns
2026-05-23T08:38:19.343559Z	info	no portname specified for service metallb-webhook-service.metallb-system.svc.cluster.local port 443. no endpoints will be detected
2026-05-23T08:38:19.343565Z	info	no portname specified for service metallb-webhook-service.metallb-system.svc.cluster.local port 443. no endpoints will be detected
2026-05-23T08:38:19.343568Z	debug	cluster-gen	Ignoring service kube-system/metrics-server
2026-05-23T08:38:19.343628Z	debug	discovery-cache	added istio service instances in namespace: metallb-system objects 0, changed false
2026-05-23T08:38:19.343633Z	debug	discovery-cache	added istio service instances in namespace: xcp-system objects 0, changed false
2026-05-23T08:38:19.343634Z	debug	discovery-cache	added istio service instances in namespace: backend-c1 objects 0, changed false
2026-05-23T08:38:19.343634Z	debug	discovery-cache	added istio service instances in namespace: cert-manager objects 0, changed false
2026-05-23T08:38:19.343635Z	debug	discovery-cache	added istio service instances in namespace: istio-system objects 0, changed false
2026-05-23T08:38:19.343636Z	debug	discovery-cache	added istio service instances in namespace: default objects 0, changed false
2026-05-23T08:38:19.343642Z	debug	cluster-state	triggerConfigTranslation false ,triggerConfigTranslationReason false 
2026-05-23T08:38:19.343644Z	debug	cluster-state	All gateway hostname mappings are same.
2026-05-23T08:38:19.343645Z	debug	cluster-state	All gatewayHost bounded k8s svcs have same addresses.
2026-05-23T08:38:19.343646Z	debug	cluster-state	No significant changes detected; skipping report to other clusters.
2026-05-23T08:38:19.343647Z	debug	cluster-state	No significant changes detected for east-west services; skipping report to other clusters.
2026-05-23T08:38:19.343649Z	debug	cluster-state	All gateway hostname mappings are same.
2026-05-23T08:38:19.343652Z	debug	cluster-state	handleClusterStateChangedEvent, actions: map[sendHeaderToCentral:{}]
2026-05-23T08:38:19.343686Z	debug	discovery-server	wrote channel for sending header only
2026-05-23T08:38:19.343696Z	debug	cluster-state	Sent header to central
2026-05-23T08:38:19.343698Z	debug	discovery-server	Sending cluster-state update to central xcp
2026-05-23T08:38:19.343713Z	debug	discovery-server	Done sending cluster-state to central xcp
2026-05-23T08:38:20.344348Z	debug	debounce	resetting maxSilentCurrent. updated: 1s	id=a09a36e7
2026-05-23T08:38:23.345223Z	debug	debounce	resetting maxSilentCurrent. updated: 1s	id=919326fd
2026-05-23T08:38:33.806736Z	debug	discovery-server	Triggering periodic translation due to pending istio status changes
2026-05-23T08:38:34.808059Z	debug	debounce	notify cbk invoked	id=fcd9f881
2026-05-23T08:38:34.808119Z	debug	debounce	notify cbk returned	id=fcd9f881
2026-05-23T08:38:34.808138Z	debug	debounce	Applying exponential step-up. maxSilentCurrent updated to: 2s	id=fcd9f881
2026-05-23T08:38:34.808160Z	info	cluster-state	processConfigTranslationNotification: cluster-eventid: 2026-05-23 08:38:33.806763461 +0000 UTC m=+95910.621882918 and 0 more, queue length: 0, reasons: config,, forceConfigRegenReasons: map[], resources: []
2026-05-23T08:38:34.808164Z	debug	configapply	Sending XCP api CRDs to istio config translator
2026-05-23T08:38:34.808397Z	debug	model	gateway-group mapping: map[]
2026-05-23T08:38:34.808407Z	debug	model	security-group mapping: map[]
2026-05-23T08:38:34.808408Z	debug	model	traffic-group mapping: map[]
2026-05-23T08:38:34.808409Z	debug	model	istio-internal-group mapping: map[]
2026-05-23T08:38:34.808410Z	debug	model	gateway-deployment mapping: map[]
2026-05-23T08:38:34.808430Z	debug	model	processing 14 objects for cluster cluster-0
2026-05-23T08:38:34.808524Z	debug	model	Processing workspace: istio-system/xc-ws, o.gvk xcp.tetrate.io/v2/Workspace
2026-05-23T08:38:34.808531Z	debug	model	resolved workspace namespaces [client-c0]
2026-05-23T08:38:34.808543Z	info	model	client-c0: adding workspace xc-ws
2026-05-23T08:38:34.808629Z	debug	model	populateGroups workspace = xc-ws, &{Meta:{GroupVersionKind:xcp.tetrate.io/v2/Workspace UID: Name:xc-ws Namespace:istio-system Domain: Labels:map[] Annotations:map[kubectl.kubernetes.io/last-applied-configuration:{"apiVersion":"xcp.tetrate.io/v2","kind":"Workspace","metadata":{"annotations":{},"name":"xc-ws","namespace":"xcp-system"},"spec":{"namespaceSelector":{"names":["cluster-0/client-c0","cluster-1/backend-c1"]}}}
 xcp.tetrate.io/contentHash:32b68c018c13a57f045d6319290a4b2b] ResourceVersion:374672 CreationTimestamp:2026-05-23 08:38:10 +0000 UTC OwnerReferences:[] Generation:0} Spec:namespace_selector:{names:"cluster-0/client-c0" names:"cluster-1/backend-c1"} Status:<nil> Extra:map[]}
2026-05-23T08:38:34.808635Z	debug	model	registered settings xc-ws-settings for workspace xc-ws
2026-05-23T08:38:34.808854Z	debug	eastwest-configgen	namespace "metallb-system" does not have Istio revision "" in boundary "global". Ambient mode: false
2026-05-23T08:38:34.808861Z	debug	eastwest-configgen	namespace "kube-public" does not have Istio revision "" in boundary "global". Ambient mode: false
2026-05-23T08:38:34.808862Z	debug	eastwest-configgen	namespace "cert-manager" does not have Istio revision "" in boundary "global". Ambient mode: false
2026-05-23T08:38:34.808863Z	debug	eastwest-configgen	namespace "local-path-storage" does not have Istio revision "" in boundary "global". Ambient mode: false
2026-05-23T08:38:34.808864Z	debug	eastwest-configgen	namespace "default" does not have Istio revision "" in boundary "global". Ambient mode: false
2026-05-23T08:38:34.808865Z	debug	eastwest-configgen	namespace "xcp-system" does not have Istio revision "" in boundary "global". Ambient mode: false
2026-05-23T08:38:34.808866Z	debug	eastwest-configgen	namespace "kube-node-lease" does not have Istio revision "" in boundary "global". Ambient mode: false
2026-05-23T08:38:34.808882Z	info	eastwest-configgen	no endpoints found for service "echo-term.tetrate.io" port 80
2026-05-23T08:38:34.808892Z	debug	eastwest-configgen	found Istio IsolationBoundary "global" for Namespace "backend-c1"
2026-05-23T08:38:34.808919Z	info	no portname specified for service metallb-webhook-service.metallb-system.svc.cluster.local port 443. no endpoints will be detected
2026-05-23T08:38:34.808948Z	info	eastwest-configgen	no endpoints found for service "metallb-webhook-service.metallb-system.svc.cluster.local" port 443
2026-05-23T08:38:34.808959Z	info	model	matching services for east-west gateway%!(EXTRA string=selector: %v, map[string]string=map[app:backend])
2026-05-23T08:38:34.808973Z	debug	eastwest-configgen	computed east-west gateway associations: {
    "xc-ws": {
      "ExposedServices": {
        "0": {}
      },
      "GatewayServices": {
        "0": {}
      }
    }
  }
2026-05-23T08:38:34.808985Z	debug	configapply	Translation triggered for all [metallb-system client-c0 backend-c1 kube-public cert-manager local-path-storage default xcp-system echo kube-node-lease] namespaces
2026-05-23T08:38:34.809014Z	debug	translator	skipping translation for namespace "kube-node-lease"	ns=kube-node-lease id=d5f294d4
2026-05-23T08:38:34.809037Z	debug	resource-cache	Batch-based resource tracking disabled, falling back to namespace-based
2026-05-23T08:38:34.809039Z	debug	resource-cache	[kube-node-lease] ===BEGIN: Apply request for 0 objects
2026-05-23T08:38:34.809040Z	debug	resource-cache	Delete all objects from the namespace kube-node-lease
2026-05-23T08:38:34.809042Z	debug	resource-cache	[kube-node-lease] objects previously in k8s api server cache: 0
2026-05-23T08:38:34.809043Z	debug	resource-cache	[kube-node-lease] No previous objects at k8s apiserver cache for namespace
2026-05-23T08:38:34.809046Z	debug	resource-cache	[kube-node-lease] ===END: Apply request for 0 objects in 0.000006 s
2026-05-23T08:38:34.809060Z	debug	resource-cache	[kube-node-lease] ===BEGIN: Apply request for 0 objects
2026-05-23T08:38:34.809064Z	debug	resource-cache	Delete all objects from the namespace kube-node-lease
2026-05-23T08:38:34.809065Z	debug	resource-cache	[kube-node-lease] objects previously in k8s api server cache: 0
2026-05-23T08:38:34.809066Z	debug	resource-cache	[kube-node-lease] No previous objects at k8s apiserver cache for namespace
2026-05-23T08:38:34.809067Z	debug	resource-cache	[kube-node-lease] ===END: Apply request for 0 objects in 0.000006 s
2026-05-23T08:38:34.809128Z	debug	resource-cache	Unmanaged Istio resources by kind: map[AuthorizationPolicy:0 DestinationRule:0 EnvoyFilter:0 Gateway:0 PeerAuthentication:0 RequestAuthentication:0 ServiceEntry:0 Sidecar:0 Telemetry:0 VirtualService:0 WasmPlugin:0 WorkloadEntry:0]
2026-05-23T08:38:34.809138Z	debug	translator	skipping translation for namespace "metallb-system"	ns=metallb-system id=432a9ed6
2026-05-23T08:38:34.809143Z	debug	resource-cache	Batch-based resource tracking disabled, falling back to namespace-based
2026-05-23T08:38:34.809144Z	debug	resource-cache	[metallb-system] ===BEGIN: Apply request for 0 objects
2026-05-23T08:38:34.809145Z	debug	resource-cache	Delete all objects from the namespace metallb-system
2026-05-23T08:38:34.809146Z	debug	resource-cache	[metallb-system] objects previously in k8s api server cache: 0
2026-05-23T08:38:34.809147Z	debug	resource-cache	[metallb-system] No previous objects at k8s apiserver cache for namespace
2026-05-23T08:38:34.809149Z	debug	resource-cache	[metallb-system] ===END: Apply request for 0 objects in 0.000004 s
2026-05-23T08:38:34.809153Z	debug	resource-cache	[metallb-system] ===BEGIN: Apply request for 0 objects
2026-05-23T08:38:34.809154Z	debug	resource-cache	Delete all objects from the namespace metallb-system
2026-05-23T08:38:34.809155Z	debug	resource-cache	[metallb-system] objects previously in k8s api server cache: 0
2026-05-23T08:38:34.809155Z	debug	resource-cache	[metallb-system] No previous objects at k8s apiserver cache for namespace
2026-05-23T08:38:34.809157Z	debug	resource-cache	[metallb-system] ===END: Apply request for 0 objects in 0.000003 s
2026-05-23T08:38:34.809171Z	warn	translator	error while looking up traffic group for namespace "client-c0": traffic group not found for namespace client-c0 in workspace xc-ws	ns=client-c0 id=f2880efc
2026-05-23T08:38:34.809177Z	debug	translator	traffic group for namespace "client-c0" not found. applying defaults	ns=client-c0 id=f2880efc
2026-05-23T08:38:34.809179Z	debug	translator	traffic group for namespace "client-c0" not found	ns=client-c0 id=f2880efc
2026-05-23T08:38:34.809185Z	debug	translator	upstream traffic setting for namespace "client-c0" not found, default settings will be created	ns=client-c0 id=f2880efc
2026-05-23T08:38:34.809340Z	warn	translator	failed to lookup security group for "client-c0": security group not found for namespace client-c0 in workspace xc-ws	ns=client-c0 id=f2880efc
2026-05-23T08:38:34.809346Z	debug	translator	security group for namespace "client-c0" not found. applying defaults	ns=client-c0 id=f2880efc
2026-05-23T08:38:34.809351Z	debug	translator	defaultEastWestAuthzRequired: cannot get gateway group object: gateway group not found for namespace client-c0 in workspace xc-ws	ns=client-c0 id=f2880efc
2026-05-23T08:38:34.809354Z	debug	translator	gateway group for namespace "client-c0" not found	ns=client-c0 id=f2880efc
2026-05-23T08:38:34.809355Z	debug	translator	[ambient] buildEastWestGatewayConfigs: entry point called	ns=client-c0 id=f2880efc
2026-05-23T08:38:34.809358Z	debug	translator	[ambient] doBuildEastWestGatewayConfigsforAllWorkspaces: processing 1 workspaces	ns=client-c0 id=f2880efc
2026-05-23T08:38:34.809359Z	debug	translator	[ambient] processing workspace 0: xc-ws	ns=client-c0 id=f2880efc
2026-05-23T08:38:34.809361Z	debug	translator	[ambient] workspace xc-ws generated 0 regular east-west configs	ns=client-c0 id=f2880efc
2026-05-23T08:38:34.809362Z	debug	translator	[ambient] EnableAmbient=false, skipping ambient hybrid configs for workspace xc-ws	ns=client-c0 id=f2880efc
2026-05-23T08:38:34.809363Z	debug	translator	[ambient] doBuildEastWestGatewayConfigsforAllWorkspaces: total generated 0 configs	ns=client-c0 id=f2880efc
2026-05-23T08:38:34.809366Z	debug	translator	error while looking up istio internal group for namespace "client-c0": istio internal group not found for namespace client-c0 in workspace xc-ws	ns=client-c0 id=f2880efc
2026-05-23T08:38:34.809367Z	debug	translator	generated configurations: 2 traffic, 0 security, 0 gateway, 0 istio internal	ns=client-c0 id=f2880efc
2026-05-23T08:38:34.809368Z	debug	translator	ew-gen: generating east-west workload entry configs for local services that are exposed for east-west routing	ns=client-c0 id=f2880efc
2026-05-23T08:38:34.809443Z	debug	translator	skipping translation for namespace "local-path-storage"	ns=local-path-storage id=ec48ca9f
2026-05-23T08:38:34.809460Z	debug	resource-cache	Batch-based resource tracking disabled, falling back to namespace-based
2026-05-23T08:38:34.809463Z	debug	resource-cache	[local-path-storage] ===BEGIN: Apply request for 0 objects
2026-05-23T08:38:34.809464Z	debug	resource-cache	Delete all objects from the namespace local-path-storage
2026-05-23T08:38:34.809465Z	debug	resource-cache	[local-path-storage] objects previously in k8s api server cache: 0
2026-05-23T08:38:34.809466Z	debug	resource-cache	[local-path-storage] No previous objects at k8s apiserver cache for namespace
2026-05-23T08:38:34.809458Z	debug	translator	skipping translation for namespace "kube-public"	ns=kube-public id=2ae2b1d1
2026-05-23T08:38:34.809467Z	debug	resource-cache	[local-path-storage] ===END: Apply request for 0 objects in 0.000004 s
2026-05-23T08:38:34.809471Z	debug	resource-cache	Batch-based resource tracking disabled, falling back to namespace-based
2026-05-23T08:38:34.809474Z	debug	resource-cache	[kube-public] ===BEGIN: Apply request for 0 objects
2026-05-23T08:38:34.809476Z	debug	resource-cache	Delete all objects from the namespace kube-public
2026-05-23T08:38:34.809477Z	debug	resource-cache	[kube-public] objects previously in k8s api server cache: 0
2026-05-23T08:38:34.809477Z	debug	resource-cache	[kube-public] No previous objects at k8s apiserver cache for namespace
2026-05-23T08:38:34.809479Z	debug	resource-cache	[kube-public] ===END: Apply request for 0 objects in 0.000004 s
2026-05-23T08:38:34.809482Z	debug	resource-cache	[local-path-storage] ===BEGIN: Apply request for 0 objects
2026-05-23T08:38:34.809483Z	debug	resource-cache	Delete all objects from the namespace local-path-storage
2026-05-23T08:38:34.809484Z	debug	resource-cache	[local-path-storage] objects previously in k8s api server cache: 0
2026-05-23T08:38:34.809484Z	debug	resource-cache	[local-path-storage] No previous objects at k8s apiserver cache for namespace
2026-05-23T08:38:34.809485Z	debug	resource-cache	[local-path-storage] ===END: Apply request for 0 objects in 0.000004 s
2026-05-23T08:38:34.809488Z	debug	resource-cache	[kube-public] ===BEGIN: Apply request for 0 objects
2026-05-23T08:38:34.809489Z	debug	resource-cache	Delete all objects from the namespace kube-public
2026-05-23T08:38:34.809490Z	debug	resource-cache	[kube-public] objects previously in k8s api server cache: 0
2026-05-23T08:38:34.809490Z	debug	resource-cache	[kube-public] No previous objects at k8s apiserver cache for namespace
2026-05-23T08:38:34.809491Z	debug	resource-cache	[kube-public] ===END: Apply request for 0 objects in 0.000003 s
2026-05-23T08:38:34.809492Z	debug	translator	skipping translation for namespace "cert-manager"	ns=cert-manager id=033fb4db
2026-05-23T08:38:34.809496Z	debug	resource-cache	Batch-based resource tracking disabled, falling back to namespace-based
2026-05-23T08:38:34.809497Z	debug	resource-cache	[cert-manager] ===BEGIN: Apply request for 0 objects
2026-05-23T08:38:34.809498Z	debug	resource-cache	Delete all objects from the namespace cert-manager
2026-05-23T08:38:34.809498Z	debug	resource-cache	[cert-manager] objects previously in k8s api server cache: 0
2026-05-23T08:38:34.809499Z	debug	resource-cache	[cert-manager] No previous objects at k8s apiserver cache for namespace
2026-05-23T08:38:34.809500Z	debug	resource-cache	[cert-manager] ===END: Apply request for 0 objects in 0.000003 s
2026-05-23T08:38:34.809501Z	debug	translator	error while looking up workspace for namespace "backend-c1": the namespace "backend-c1" is not mapped to any workspace	ns=backend-c1 id=ad9d0bc8
2026-05-23T08:38:34.809504Z	debug	resource-cache	[cert-manager] ===BEGIN: Apply request for 0 objects
2026-05-23T08:38:34.809504Z	debug	translator	failed to lookup workspace for namespace "backend-c1": the namespace "backend-c1" is not mapped to any workspace	ns=backend-c1 id=ad9d0bc8
2026-05-23T08:38:34.809504Z	debug	resource-cache	Delete all objects from the namespace cert-manager
2026-05-23T08:38:34.809505Z	debug	translator	workspace for namespace "backend-c1" not found	ns=backend-c1 id=ad9d0bc8
2026-05-23T08:38:34.809506Z	debug	resource-cache	[cert-manager] objects previously in k8s api server cache: 0
2026-05-23T08:38:34.809506Z	debug	translator	[ambient] buildEastWestGatewayConfigs: entry point called	ns=backend-c1 id=ad9d0bc8
2026-05-23T08:38:34.809509Z	debug	translator	[ambient] doBuildEastWestGatewayConfigsforAllWorkspaces: processing 1 workspaces	ns=backend-c1 id=ad9d0bc8
2026-05-23T08:38:34.809510Z	debug	translator	[ambient] processing workspace 0: xc-ws	ns=backend-c1 id=ad9d0bc8
2026-05-23T08:38:34.809510Z	debug	translator	skipping translation for namespace "default"	ns=default id=3c192dfb
2026-05-23T08:38:34.809513Z	debug	resource-cache	Batch-based resource tracking disabled, falling back to namespace-based
2026-05-23T08:38:34.809513Z	debug	resource-cache	[default] ===BEGIN: Apply request for 0 objects
2026-05-23T08:38:34.809514Z	debug	resource-cache	Delete all objects from the namespace default
2026-05-23T08:38:34.809515Z	error	translator	gateway service not found with workload selector labels map[app:ew-gateway] in namespace "backend-c1"	ns=backend-c1 id=ad9d0bc8
2026-05-23T08:38:34.809515Z	debug	resource-cache	[default] objects previously in k8s api server cache: 0
2026-05-23T08:38:34.809516Z	debug	translator	[ambient] workspace xc-ws generated 0 regular east-west configs	ns=backend-c1 id=ad9d0bc8
2026-05-23T08:38:34.809516Z	debug	resource-cache	[default] No previous objects at k8s apiserver cache for namespace
2026-05-23T08:38:34.809517Z	debug	translator	[ambient] EnableAmbient=false, skipping ambient hybrid configs for workspace xc-ws	ns=backend-c1 id=ad9d0bc8
2026-05-23T08:38:34.809518Z	debug	resource-cache	[default] ===END: Apply request for 0 objects in 0.000004 s
2026-05-23T08:38:34.809518Z	debug	translator	[ambient] doBuildEastWestGatewayConfigsforAllWorkspaces: total generated 0 configs	ns=backend-c1 id=ad9d0bc8
2026-05-23T08:38:34.809521Z	debug	translator	error while looking up workspace for namespace "backend-c1": the namespace "backend-c1" is not mapped to any workspace	ns=backend-c1 id=ad9d0bc8
2026-05-23T08:38:34.809526Z	debug	translator	error while looking up workspace for namespace "backend-c1": the namespace "backend-c1" is not mapped to any workspace	ns=backend-c1 id=ad9d0bc8
2026-05-23T08:38:34.809527Z	debug	translator	generated configurations: 0 traffic, 0 security, 0 gateway, 0 istio internal	ns=backend-c1 id=ad9d0bc8
2026-05-23T08:38:34.809529Z	debug	translator	error while looking up workspace for namespace "echo": the namespace "echo" is not mapped to any workspace	ns=echo id=a15ac7eb
2026-05-23T08:38:34.809528Z	debug	translator	ew-gen: generating east-west workload entry configs for local services that are exposed for east-west routing	ns=backend-c1 id=ad9d0bc8
2026-05-23T08:38:34.809531Z	debug	translator	failed to lookup workspace for namespace "echo": the namespace "echo" is not mapped to any workspace	ns=echo id=a15ac7eb
2026-05-23T08:38:34.809532Z	debug	translator	workspace for namespace "echo" not found	ns=echo id=a15ac7eb
2026-05-23T08:38:34.809533Z	debug	translator	[ambient] buildEastWestGatewayConfigs: entry point called	ns=echo id=a15ac7eb
2026-05-23T08:38:34.809533Z	debug	resource-cache	Batch-based resource tracking disabled, falling back to namespace-based
2026-05-23T08:38:34.809534Z	debug	resource-cache	[backend-c1] ===BEGIN: Apply request for 0 objects
2026-05-23T08:38:34.809534Z	debug	translator	[ambient] doBuildEastWestGatewayConfigsforAllWorkspaces: processing 1 workspaces	ns=echo id=a15ac7eb
2026-05-23T08:38:34.809535Z	debug	translator	[ambient] processing workspace 0: xc-ws	ns=echo id=a15ac7eb
2026-05-23T08:38:34.809538Z	debug	resource-cache	Delete all objects from the namespace backend-c1
2026-05-23T08:38:34.809539Z	debug	translator	[ambient] workspace xc-ws generated 0 regular east-west configs	ns=echo id=a15ac7eb
2026-05-23T08:38:34.809522Z	debug	resource-cache	[default] ===BEGIN: Apply request for 0 objects
2026-05-23T08:38:34.809542Z	debug	translator	[ambient] EnableAmbient=false, skipping ambient hybrid configs for workspace xc-ws	ns=echo id=a15ac7eb
2026-05-23T08:38:34.809542Z	debug	resource-cache	Delete all objects from the namespace default
2026-05-23T08:38:34.809543Z	debug	translator	[ambient] doBuildEastWestGatewayConfigsforAllWorkspaces: total generated 0 configs	ns=echo id=a15ac7eb
2026-05-23T08:38:34.809544Z	debug	resource-cache	[default] objects previously in k8s api server cache: 0
2026-05-23T08:38:34.809545Z	debug	resource-cache	[default] No previous objects at k8s apiserver cache for namespace
2026-05-23T08:38:34.809546Z	debug	resource-cache	[default] ===END: Apply request for 0 objects in 0.000024 s
2026-05-23T08:38:34.809540Z	debug	resource-cache	[backend-c1] objects previously in k8s api server cache: 0
2026-05-23T08:38:34.809548Z	debug	resource-cache	[backend-c1] No previous objects at k8s apiserver cache for namespace
2026-05-23T08:38:34.809528Z	debug	translator	skipping translation for namespace "xcp-system"	ns=xcp-system id=99c10edc
2026-05-23T08:38:34.809582Z	debug	resource-cache	Batch-based resource tracking disabled, falling back to namespace-based
2026-05-23T08:38:34.809585Z	debug	resource-cache	[xcp-system] ===BEGIN: Apply request for 0 objects
2026-05-23T08:38:34.809587Z	debug	resource-cache	Delete all objects from the namespace xcp-system
2026-05-23T08:38:34.809588Z	debug	resource-cache	[xcp-system] objects previously in k8s api server cache: 0
2026-05-23T08:38:34.809588Z	debug	resource-cache	[xcp-system] No previous objects at k8s apiserver cache for namespace
2026-05-23T08:38:34.809589Z	debug	resource-cache	[xcp-system] ===END: Apply request for 0 objects in 0.000004 s
2026-05-23T08:38:34.809597Z	debug	resource-cache	[xcp-system] ===BEGIN: Apply request for 0 objects
2026-05-23T08:38:34.809599Z	debug	resource-cache	Delete all objects from the namespace xcp-system
2026-05-23T08:38:34.809600Z	debug	resource-cache	[xcp-system] objects previously in k8s api server cache: 0
2026-05-23T08:38:34.809601Z	debug	resource-cache	[xcp-system] No previous objects at k8s apiserver cache for namespace
2026-05-23T08:38:34.809602Z	debug	resource-cache	[xcp-system] ===END: Apply request for 0 objects in 0.000005 s
2026-05-23T08:38:34.809546Z	debug	translator	error while looking up workspace for namespace "echo": the namespace "echo" is not mapped to any workspace	ns=echo id=a15ac7eb
2026-05-23T08:38:34.809606Z	debug	translator	error while looking up workspace for namespace "echo": the namespace "echo" is not mapped to any workspace	ns=echo id=a15ac7eb
2026-05-23T08:38:34.809607Z	debug	translator	generated configurations: 0 traffic, 0 security, 0 gateway, 0 istio internal	ns=echo id=a15ac7eb
2026-05-23T08:38:34.809608Z	debug	translator	ew-gen: generating east-west workload entry configs for local services that are exposed for east-west routing	ns=echo id=a15ac7eb
2026-05-23T08:38:34.809609Z	debug	resource-cache	Batch-based resource tracking disabled, falling back to namespace-based
2026-05-23T08:38:34.809610Z	debug	resource-cache	[echo] ===BEGIN: Apply request for 0 objects
2026-05-23T08:38:34.809611Z	debug	resource-cache	Delete all objects from the namespace echo
2026-05-23T08:38:34.809612Z	debug	resource-cache	[echo] objects previously in k8s api server cache: 0
2026-05-23T08:38:34.809612Z	debug	resource-cache	[echo] No previous objects at k8s apiserver cache for namespace
2026-05-23T08:38:34.809613Z	debug	resource-cache	[echo] ===END: Apply request for 0 objects in 0.000003 s
2026-05-23T08:38:34.809616Z	debug	resource-cache	[echo] ===BEGIN: Apply request for 0 objects
2026-05-23T08:38:34.809621Z	debug	resource-cache	Delete all objects from the namespace echo
2026-05-23T08:38:34.809624Z	debug	resource-cache	[echo] objects previously in k8s api server cache: 0
2026-05-23T08:38:34.809625Z	debug	resource-cache	[echo] No previous objects at k8s apiserver cache for namespace
2026-05-23T08:38:34.809626Z	debug	resource-cache	[echo] ===END: Apply request for 0 objects in 0.000009 s
2026-05-23T08:38:34.809549Z	debug	resource-cache	[backend-c1] ===END: Apply request for 0 objects in 0.000015 s
2026-05-23T08:38:34.809635Z	debug	resource-cache	[backend-c1] ===BEGIN: Apply request for 0 objects
2026-05-23T08:38:34.809637Z	debug	resource-cache	Delete all objects from the namespace backend-c1
2026-05-23T08:38:34.809638Z	debug	resource-cache	[backend-c1] objects previously in k8s api server cache: 0
2026-05-23T08:38:34.809639Z	debug	resource-cache	[backend-c1] No previous objects at k8s apiserver cache for namespace
2026-05-23T08:38:34.809640Z	debug	resource-cache	[backend-c1] ===END: Apply request for 0 objects in 0.000004 s
2026-05-23T08:38:34.809507Z	debug	resource-cache	[cert-manager] No previous objects at k8s apiserver cache for namespace
2026-05-23T08:38:34.809646Z	debug	resource-cache	[cert-manager] ===END: Apply request for 0 objects in 0.000142 s
2026-05-23T08:38:34.809652Z	debug	configapply	Applying 2 istio objects in namespace client-c0
2026-05-23T08:38:34.809659Z	debug	configapply	   networking.istio.io/v1/Sidecar [client-c0/default]
2026-05-23T08:38:34.809660Z	debug	configapply	   networking.istio.io/v1alpha3/EnvoyFilter [client-c0/default-upstream-traffic-setting]
2026-05-23T08:38:34.809660Z	debug	resource-cache	[client-c0] ===BEGIN: Apply request for 2 objects
2026-05-23T08:38:34.809756Z	debug	resource-cache	[client-c0] Create for {"type":{"group":"networking.istio.io","version":"v1alpha3","kind":"EnvoyFilter"},"name":"default-upstream-traffic-setting","namespace":"client-c0","labels":{"istio.io/rev":"global"},"annotations":{"kubectl.kubernetes.io/last-applied-configuration":"{\"apiVersion\":\"xcp.tetrate.io/v2\",\"kind\":\"Workspace\",\"metadata\":{\"annotations\":{},\"name\":\"xc-ws\",\"namespace\":\"xcp-system\"},\"spec\":{\"namespaceSelector\":{\"names\":[\"cluster-0/client-c0\",\"cluster-1/backend-c1\"]}}}\n","xcp.tetrate.io/contentHash":"32b68c018c13a57f045d6319290a4b2b"},"creationTimestamp":"0001-01-01T00:00:00Z","Spec":{"configPatches":[{"applyTo":"CLUSTER","match":{"context":"SIDECAR_OUTBOUND","proxy":{"proxyVersion":"^1\\.(22|24|28)(\\.\\d+)?(-.*)?$"}},"patch":{"operation":"MERGE","value":{"@type":"type.googleapis.com/envoy.config.cluster.v3.Cluster","common_lb_config":{"healthy_panic_threshold":{}},"outlier_detection":{"consecutive_gateway_failure":10,"enforcing_consecutive_5xx":0,"enforcing_consecutive_gateway_failure":100,"max_ejection_percent":100}}}},{"applyTo":"HTTP_ROUTE","match":{"context":"SIDECAR_OUTBOUND","proxy":{"proxyVersion":"^1\\.(22|24|28)(\\.\\d+)?(-.*)?$"},"routeConfiguration":{"vhost":{"route":{"action":"ROUTE"}}}},"patch":{"operation":"MERGE","value":{"@type":"type.googleapis.com/envoy.config.route.v3.Route","route":{"retry_policy":{"host_selection_retry_max_attempts":"5","num_retries":2,"retriable_status_codes":[503],"retry_host_predicate":[{"name":"envoy.retry_host_predicates.previous_hosts","typed_config":{"@type":"type.googleapis.com/envoy.extensions.retry.host.previous_hosts.v3.PreviousHostsPredicate"}}],"retry_on":"reset,connect-failure,refused-stream,unavailable,cancelled,retriable-status-codes"}}}}}],"priority":100},"Status":null,"Extra":null}
2026-05-23T08:38:34.809823Z	debug	configapply	computed hash for EnvoyFilter:client-c0/default-upstream-traffic-setting - 14645e3efdd68386f959e9db371e7301
2026-05-23T08:38:34.809831Z	debug	discovery-server	same hash so neither creating nor updating
2026-05-23T08:38:34.809835Z	debug	resource-cache	[client-c0] objects previously in k8s api server cache: 2
2026-05-23T08:38:34.809851Z	debug	resource-cache	[client-c0] stale resources to be deleted []
2026-05-23T08:38:34.809872Z	debug	resource-cache	[client-c0] Create for {"type":{"group":"networking.istio.io","version":"v1","kind":"Sidecar"},"name":"default","namespace":"client-c0","labels":{"istio.io/rev":"global"},"annotations":{"kubectl.kubernetes.io/last-applied-configuration":"{\"apiVersion\":\"xcp.tetrate.io/v2\",\"kind\":\"Workspace\",\"metadata\":{\"annotations\":{},\"name\":\"xc-ws\",\"namespace\":\"xcp-system\"},\"spec\":{\"namespaceSelector\":{\"names\":[\"cluster-0/client-c0\",\"cluster-1/backend-c1\"]}}}\n","xcp.tetrate.io/contentHash":"32b68c018c13a57f045d6319290a4b2b"},"creationTimestamp":"0001-01-01T00:00:00Z","Spec":{"egress":[{"hosts":["*/*"]}]},"Status":null,"Extra":null}
2026-05-23T08:38:34.809887Z	debug	configapply	computed hash for Sidecar:client-c0/default - 70cf1206d3284c26c17024a87c57be8e
2026-05-23T08:38:34.809890Z	debug	discovery-server	same hash so neither creating nor updating
2026-05-23T08:38:34.809895Z	debug	resource-cache	[client-c0] ResourceCache length 13
2026-05-23T08:38:34.809896Z	debug	resource-cache	[client-c0] ===END: Apply request for 2 objects in 0.000235 s
2026-05-23T08:38:34.809904Z	debug	cluster-state	Triggering cluster state change event due to config, at 2026-05-23 08:38:33.806763461 +0000 UTC m=+95910.621882918 (force regenerate config = map[]). Resources: []
2026-05-23T08:38:35.810521Z	debug	debounce	notify cbk invoked	id=919326fd
2026-05-23T08:38:35.810554Z	debug	debounce	notify cbk invoked	id=a09a36e7
2026-05-23T08:38:35.810573Z	info	cluster-state	processClusterStateChangeEvents: cluster-eventid: 2026-05-23 08:38:33.806763461 +0000 UTC m=+95910.621882918 and 0 more, queue length: 0, reasons: config,, forceConfigRegenReasons: map[], resources: []
2026-05-23T08:38:35.810576Z	debug	cluster-state	handleClusterStateChangedEvent: Trigger reasons: config,, Forced translation: map[], Resources: []
2026-05-23T08:38:35.810589Z	debug	config-status	Explanation of the decision flow for the Config Status of "networking.istio.io/EnvoyFilter" "global-forward-xfcc-15443" version ""
Q: Is the config type "networking.istio.io/v1alpha3/EnvoyFilter" supported by XCP?
A: Yes
Q: Is it an internal config of XCP?
A: Yes
Verdict: Config Status is NOT reported since it's an internal config of XCP
Config Status:
```yaml
---
null
```

2026-05-23T08:38:35.810558Z	debug	debounce	notify cbk returned	id=919326fd
2026-05-23T08:38:35.810595Z	debug	debounce	Applying exponential step-up. maxSilentCurrent updated to: 2s	id=919326fd
2026-05-23T08:38:35.810598Z	debug	config-status	Explanation of the decision flow for the Config Status of "networking.istio.io/EnvoyFilter" "global-gw-best-practice" version ""
Q: Is the config type "networking.istio.io/v1alpha3/EnvoyFilter" supported by XCP?
A: Yes
Q: Is it an internal config of XCP?
A: Yes
Verdict: Config Status is NOT reported since it's an internal config of XCP
Config Status:
```yaml
---
null
```

2026-05-23T08:38:35.810604Z	debug	config-status	Explanation of the decision flow for the Config Status of "networking.istio.io/EnvoyFilter" "global-mx-downstream-egress-gateway-filter" version ""
Q: Is the config type "networking.istio.io/v1alpha3/EnvoyFilter" supported by XCP?
A: Yes
Q: Is it an internal config of XCP?
A: Yes
Verdict: Config Status is NOT reported since it's an internal config of XCP
Config Status:
```yaml
---
null
```

2026-05-23T08:38:35.810610Z	debug	config-status	Explanation of the decision flow for the Config Status of "networking.istio.io/EnvoyFilter" "global-mx-downstream-gateway-filter" version ""
Q: Is the config type "networking.istio.io/v1alpha3/EnvoyFilter" supported by XCP?
A: Yes
Q: Is it an internal config of XCP?
A: Yes
Verdict: Config Status is NOT reported since it's an internal config of XCP
Config Status:
```yaml
---
null
```

2026-05-23T08:38:35.810613Z	debug	config-status	Explanation of the decision flow for the Config Status of "networking.istio.io/EnvoyFilter" "global-periodical-access-log" version ""
Q: Is the config type "networking.istio.io/v1alpha3/EnvoyFilter" supported by XCP?
A: Yes
Q: Is it an internal config of XCP?
A: Yes
Verdict: Config Status is NOT reported since it's an internal config of XCP
Config Status:
```yaml
---
null
```

2026-05-23T08:38:35.810633Z	debug	config-status	Explanation of the decision flow for the Config Status of "networking.istio.io/EnvoyFilter" "global-request-id-propagation" version ""
Q: Is the config type "networking.istio.io/v1alpha3/EnvoyFilter" supported by XCP?
A: Yes
Q: Is it an internal config of XCP?
A: Yes
Verdict: Config Status is NOT reported since it's an internal config of XCP
Config Status:
```yaml
---
null
```

2026-05-23T08:38:35.810638Z	debug	config-status	Explanation of the decision flow for the Config Status of "networking.istio.io/EnvoyFilter" "global-tcp-keepalive-envoy-filter" version ""
Q: Is the config type "networking.istio.io/v1alpha3/EnvoyFilter" supported by XCP?
A: Yes
Q: Is it an internal config of XCP?
A: Yes
Verdict: Config Status is NOT reported since it's an internal config of XCP
Config Status:
```yaml
---
null
```

2026-05-23T08:38:35.810641Z	debug	config-status	Explanation of the decision flow for the Config Status of "networking.istio.io/EnvoyFilter" "global-xfcc-extractor-sidecar" version ""
Q: Is the config type "networking.istio.io/v1alpha3/EnvoyFilter" supported by XCP?
A: Yes
Q: Is it an internal config of XCP?
A: Yes
Verdict: Config Status is NOT reported since it's an internal config of XCP
Config Status:
```yaml
---
null
```

2026-05-23T08:38:35.810645Z	debug	config-status	Explanation of the decision flow for the Config Status of "networking.istio.io/EnvoyFilter" "global-xfcc-guard-15443" version ""
Q: Is the config type "networking.istio.io/v1alpha3/EnvoyFilter" supported by XCP?
A: Yes
Q: Is it an internal config of XCP?
A: Yes
Verdict: Config Status is NOT reported since it's an internal config of XCP
Config Status:
```yaml
---
null
```

2026-05-23T08:38:35.810765Z	debug	config-status	Explanation of the decision flow for the Config Status of "xcp.tetrate.io/Cluster" "cluster-0" version ""
Q: Is the config type "xcp.tetrate.io/v2/Cluster" supported by XCP?
A: Yes
Q: Is it an internal config of XCP?
A: No
Q: Is this config object managed by XCP?
A: Yes
Q: Did the Push Context report an ERROR for this config?
A: No
Q: Did the Push Context IGNORE this config?
A: No
Verdict: Config Status is UNKNOWN since status for that config type has NOT been implemented yet
Config Status:
```yaml
---
configId:
  group: xcp.tetrate.io
  kind: Cluster
  name: cluster-0
  namespace: istio-system
  version: v2
details: Config Status for that config type has NOT been implemented yet
metadata:
  annotations:
    kubectl.kubernetes.io/last-applied-configuration: |
      {"apiVersion":"xcp.tetrate.io/v2","kind":"Cluster","metadata":{"annotations":{},"name":"cluster-0","namespace":"xcp-system"},"spec":{"istioTrustDomain":"cluster.local"}}
```

2026-05-23T08:38:35.810810Z	debug	config-status	Explanation of the decision flow for the Config Status of "xcp.tetrate.io/Cluster" "cluster-1" version ""
Q: Is the config type "xcp.tetrate.io/v2/Cluster" supported by XCP?
A: Yes
Q: Is it an internal config of XCP?
A: No
Q: Is this config object managed by XCP?
A: Yes
Q: Did the Push Context report an ERROR for this config?
A: No
Q: Did the Push Context IGNORE this config?
A: No
Verdict: Config Status is UNKNOWN since status for that config type has NOT been implemented yet
Config Status:
```yaml
---
configId:
  group: xcp.tetrate.io
  kind: Cluster
  name: cluster-1
  namespace: istio-system
  version: v2
details: Config Status for that config type has NOT been implemented yet
metadata: {}
```

2026-05-23T08:38:35.810846Z	debug	config-status	Explanation of the decision flow for the Config Status of "xcp.tetrate.io/GlobalSetting" "global" version ""
Q: Is the config type "xcp.tetrate.io/v2/GlobalSetting" supported by XCP?
A: Yes
Q: Is it an internal config of XCP?
A: No
Q: Is this config object managed by XCP?
A: Yes
Q: Did the Push Context report an ERROR for this config?
A: No
Q: Did the Push Context IGNORE this config?
A: No
Q: Does the namespace selector resolve into at least ONE namespace in this cluster?
A: Yes
I: Checking the config status in each of the 10 target namespace(s): [backend-c1 cert-manager client-c0 default echo kube-node-lease kube-public local-path-storage metallb-system xcp-system]
I: [1/10] verdict in "backend-c1" namespace: Config Status is UNKNOWN since there were NO translation errors but the config was NOT mapped onto any output config(s)
I: [2/10] verdict in "cert-manager" namespace: Config Status is UNKNOWN since translation is SKIPPED on that namespace
I: [3/10] verdict in "client-c0" namespace: Config Status is UNKNOWN since there were NO translation errors but the config was NOT mapped onto any output config(s)
I: [4/10] verdict in "default" namespace: Config Status is UNKNOWN since translation is SKIPPED on that namespace
I: [5/10] verdict in "echo" namespace: Config Status is UNKNOWN since there were NO translation errors but the config was NOT mapped onto any output config(s)
I: [6/10] verdict in "kube-node-lease" namespace: Config Status is UNKNOWN since translation is SKIPPED on that namespace
I: [7/10] verdict in "kube-public" namespace: Config Status is UNKNOWN since translation is SKIPPED on that namespace
I: [8/10] verdict in "local-path-storage" namespace: Config Status is UNKNOWN since translation is SKIPPED on that namespace
I: [9/10] verdict in "metallb-system" namespace: Config Status is UNKNOWN since translation is SKIPPED on that namespace
I: [10/10] verdict in "xcp-system" namespace: Config Status is UNKNOWN since translation is SKIPPED on that namespace
I: Status summary across 10 target namespace(s): TRANSLATION SKIPPED in 7 namespace(s), TRANSLATED BUT NOT MAPPED in 3 namespace(s)
I: Using "lenient" strategy to decide on the aggregated status across 10 target namespace(s)
Q: Have there been any errors while translating this config in ANY of the 10 target namespaces?
A: No
Q: Has the config been APPLIED in at least ONE of the target namespaces?
A: No
Verdict: Config Status is NOT reported since the config has NOT yet been APPLIED in ANY of 10 target namespace(s)
Config Status:
```yaml
---
null
```

2026-05-23T08:38:35.810897Z	debug	config-status	Explanation of the decision flow for the Config Status of "xcp.tetrate.io/Workspace" "xc-ws" version ""
Q: Is the config type "xcp.tetrate.io/v2/Workspace" supported by XCP?
A: Yes
Q: Is it an internal config of XCP?
A: No
Q: Is this config object managed by XCP?
A: Yes
Q: Did the Push Context report an ERROR for this config?
A: No
Q: Did the Push Context IGNORE this config?
A: No
Q: Does the namespace selector resolve into at least ONE namespace in this cluster?
A: Yes
I: Checking the config status in each of the 1 target namespace(s): [client-c0]
I: [1/1] verdict in "client-c0" namespace: Config Status is APPLIED since there were NO translation errors and the config IS mapped onto output config(s)
I: Status summary across 1 target namespace(s): APPLIED in 1 namespace(s)
I: Using "lenient" strategy to decide on the aggregated status across 1 target namespace(s)
Q: Have there been any errors while translating this config in ANY of the 1 target namespaces?
A: No
Q: Has the config been APPLIED in at least ONE of the target namespaces?
A: Yes
Verdict: Config Status is "lenient" APPLIED since the config has been APPLIED in at least ONE of the target namespaces
Config Status:
```yaml
---
configId:
  group: xcp.tetrate.io
  kind: Workspace
  name: xc-ws
  namespace: istio-system
  version: v2
details: 'Status summary across 1 target namespace(s): APPLIED in 1 namespace(s)'
metadata:
  annotations:
    kubectl.kubernetes.io/last-applied-configuration: |
      {"apiVersion":"xcp.tetrate.io/v2","kind":"Workspace","metadata":{"annotations":{},"name":"xc-ws","namespace":"xcp-system"},"spec":{"namespaceSelector":{"names":["cluster-0/client-c0","cluster-1/backend-c1"]}}}
result: APPLIED
```

2026-05-23T08:38:35.810965Z	debug	config-status	Explanation of the decision flow for the Config Status of "xcp.tetrate.io/WorkspaceSetting" "xc-ws-settings" version ""
Q: Is the config type "xcp.tetrate.io/v2/WorkspaceSetting" supported by XCP?
A: Yes
Q: Is it an internal config of XCP?
A: No
Q: Is this config object managed by XCP?
A: Yes
Q: Did the Push Context report an ERROR for this config?
A: No
Q: Did the Push Context IGNORE this config?
A: No
Q: Does the namespace selector resolve into at least ONE namespace in this cluster?
A: Yes
I: Checking the config status in each of the 1 target namespace(s): [client-c0]
I: [1/1] verdict in "client-c0" namespace: Config Status is APPLIED since there were NO translation errors and the config IS mapped onto output config(s)
I: Status summary across 1 target namespace(s): APPLIED in 1 namespace(s)
I: Using "lenient" strategy to decide on the aggregated status across 1 target namespace(s)
Q: Have there been any errors while translating this config in ANY of the 1 target namespaces?
A: No
Q: Has the config been APPLIED in at least ONE of the target namespaces?
A: Yes
Verdict: Config Status is "lenient" APPLIED since the config has been APPLIED in at least ONE of the target namespaces
Config Status:
```yaml
---
configId:
  group: xcp.tetrate.io
  kind: WorkspaceSetting
  name: xc-ws-settings
  namespace: istio-system
  version: v2
details: 'Status summary across 1 target namespace(s): APPLIED in 1 namespace(s)'
metadata:
  annotations:
    kubectl.kubernetes.io/last-applied-configuration: |
      {"apiVersion":"xcp.tetrate.io/v2","kind":"WorkspaceSetting","metadata":{"annotations":{},"labels":{"xcp.tetrate.io/workspace":"xc-ws"},"name":"xc-ws-settings","namespace":"xcp-system"},"spec":{"defaultEastWestGatewaySettings":[{"exposedServices":[{"serviceLabels":{"app":"backend"}}],"workloadSelector":{"labels":{"app":"ew-gateway"},"namespace":"backend-c1"}}]}}
  labels:
    xcp.tetrate.io/workspace: xc-ws
result: APPLIED
```

2026-05-23T08:38:35.811091Z	debug	status	generated status report in 526.834µs
2026-05-23T08:38:35.811098Z	debug	debounce	notify cbk returned	id=a09a36e7
2026-05-23T08:38:35.811101Z	debug	debounce	Applying exponential step-up. maxSilentCurrent updated to: 2s	id=a09a36e7
2026-05-23T08:38:35.811105Z	debug	status	triggering status report sender with 4 messages
2026-05-23T08:38:35.811139Z	debug	status	successfully sent config-status report(epoch:49, messages:4) in 30.792µs
2026-05-23T08:38:35.810592Z	debug	cluster-gen	istioServices: 15
2026-05-23T08:38:35.811180Z	debug	cluster-state	found Istio IsolationBoundary for Namespace "backend-c1" with Revision "stable"
2026-05-23T08:38:35.811217Z	debug	cluster-gen	Not a gateway service backend-c1/backend
2026-05-23T08:38:35.811376Z	debug	cluster-gen	Ignoring service kube-system/metrics-server
2026-05-23T08:38:35.811608Z	debug	cluster-gen	Ignoring service kube-system/kube-dns
2026-05-23T08:38:35.811618Z	info	no portname specified for service metallb-webhook-service.metallb-system.svc.cluster.local port 443. no endpoints will be detected
2026-05-23T08:38:35.811651Z	info	no portname specified for service metallb-webhook-service.metallb-system.svc.cluster.local port 443. no endpoints will be detected
2026-05-23T08:38:35.811863Z	debug	discovery-cache	added istio service instances in namespace: cert-manager objects 0, changed false
2026-05-23T08:38:35.811877Z	debug	discovery-cache	added istio service instances in namespace: xcp-system objects 0, changed false
2026-05-23T08:38:35.811880Z	debug	discovery-cache	added istio service instances in namespace: istio-system objects 0, changed false
2026-05-23T08:38:35.811882Z	debug	discovery-cache	added istio service instances in namespace: default objects 0, changed false
2026-05-23T08:38:35.811883Z	debug	discovery-cache	added istio service instances in namespace: metallb-system objects 0, changed false
2026-05-23T08:38:35.811886Z	debug	discovery-cache	added istio service instances in namespace: backend-c1 objects 0, changed false
2026-05-23T08:38:35.811893Z	debug	cluster-state	triggerConfigTranslation false ,triggerConfigTranslationReason false 
2026-05-23T08:38:35.811895Z	debug	cluster-state	All gateway hostname mappings are same.
2026-05-23T08:38:35.811896Z	debug	cluster-state	All gatewayHost bounded k8s svcs have same addresses.
2026-05-23T08:38:35.811899Z	debug	cluster-state	No significant changes detected; skipping report to other clusters.
2026-05-23T08:38:35.811901Z	debug	cluster-state	No significant changes detected for east-west services; skipping report to other clusters.
2026-05-23T08:38:35.811902Z	debug	cluster-state	All gateway hostname mappings are same.
2026-05-23T08:38:35.811908Z	debug	cluster-state	handleClusterStateChangedEvent, actions: map[sendHeaderToCentral:{}]
2026-05-23T08:38:35.811969Z	debug	discovery-server	wrote channel for sending header only
2026-05-23T08:38:35.811972Z	debug	cluster-state	Sent header to central
2026-05-23T08:38:35.811976Z	debug	discovery-server	Sending cluster-state update to central xcp
2026-05-23T08:38:35.812005Z	debug	discovery-server	Done sending cluster-state to central xcp
2026-05-23T08:38:36.808531Z	debug	debounce	resetting maxSilentCurrent. updated: 1s	id=fcd9f881
2026-05-23T08:38:37.811561Z	debug	debounce	resetting maxSilentCurrent. updated: 1s	id=a09a36e7
2026-05-23T08:38:37.811629Z	debug	debounce	resetting maxSilentCurrent. updated: 1s	id=919326fd
2026-05-23T08:39:10.027370Z	debug	discovery-server	Received cluster state update for cluster cluster-1 from central xcp
2026-05-23T08:39:10.027413Z	debug	mc-configapply	Cluster cluster-1 exposed services changed: false
2026-05-23T08:39:10.027420Z	debug	mc-configapply	Downloaded cluster status updates for cluster cluster-1 and regenerated service entries
2026-05-23T08:39:10.027429Z	debug	discovery-server	Waiting on recv for cluster updates
2026-05-23T08:39:10.027450Z	debug	discovery-server	Applying cluster config: cluster-1
2026-05-23T08:39:10.027899Z	info	discovery-server	compressed cluster state cluster-1 size (bytes): 2008
2026-05-23T08:39:10.027963Z	debug	failed to extract annotations map from k8s object, create an empty annotations map
2026-05-23T08:39:10.027992Z	debug	configapply	computed hash for Cluster:istio-system/cluster-1 - e86acdb72f2b07814b50a11cff65b00c
2026-05-23T08:39:10.028012Z	debug	discovery-server	Updating spec istio-system/cluster-1:
2026-05-23T08:39:10.029672Z	debug	handling validation webhook for xcp.tetrate.io/v2, Kind=Cluster
2026-05-23T08:39:10.029914Z	info	Authorized Admission request for UPDATE operation on xcp.tetrate.io/v2, Kind=Cluster/cluster-1 for username system:serviceaccount:istio-system:xcp-edge
2026-05-23T08:39:10.925554Z	debug	discovery-server	Sending config resync request update to central xcp
2026-05-23T08:39:10.925585Z	debug	discovery-server	Done sending config resync request to central xcp
2026-05-23T08:39:10.925788Z	debug	discovery-server	Received resync keepalive response from central xcp.
2026-05-23T08:39:10.925820Z	debug	discovery-server	Waiting on recv for crds
2026-05-23T08:39:11.028043Z	debug	discovery-server	Received crd stream with 4 CR objects and 38 configuration version from central xcp
2026-05-23T08:39:11.028058Z	debug	transform	Received xcp root api crd of kind: GlobalSetting
2026-05-23T08:39:11.028067Z	debug	transform	Received xcp root api crd of kind: Workspace
2026-05-23T08:39:11.028079Z	debug	transform	Received xcp root api crd of kind: WorkspaceSetting
2026-05-23T08:39:11.028090Z	debug	transform	Received xcp root api crd of kind: Cluster
2026-05-23T08:39:11.028113Z	debug	resource-cache	[istio-system] ===BEGIN: Apply request for 4 objects
2026-05-23T08:39:11.028201Z	debug	resource-cache	[istio-system] objects previously in k8s api server cache: 4
2026-05-23T08:39:11.028226Z	debug	resource-cache	[istio-system] Create for {"type":{"group":"xcp.tetrate.io","version":"v2","kind":"Cluster"},"name":"cluster-0","namespace":"istio-system","annotations":{"kubectl.kubernetes.io/last-applied-configuration":"{\"apiVersion\":\"xcp.tetrate.io/v2\",\"kind\":\"Cluster\",\"metadata\":{\"annotations\":{},\"name\":\"cluster-0\",\"namespace\":\"xcp-system\"},\"spec\":{\"istioTrustDomain\":\"cluster.local\"}}\n"},"creationTimestamp":"0001-01-01T00:00:00Z","Spec":{"istioTrustDomain":"cluster.local","state":{"xcpVersion":"v0.0.0-unofficial","istioVersions":["1.28.3-9aa2ee3271-distroless"],"provider":"kind","lastSyncTime":"2026-05-23T08:38:17.342010425Z","metadata":"null","discoveredLocality":{"region":"us-east1"},"monotonicVersion":{"epoch":[414,1187164380],"counter":[235]},"mode":"CONTROL","clusterUid":"3c79532d-841c-4e9b-9a58-ff7a4559c078"},"network":"nw-cluster-0","gwHostNamespacesChanged":false,"eastWestServiceNamespacesChanged":false},"Status":null,"Extra":null}
2026-05-23T08:39:11.028255Z	debug	resource-cache	[istio-system] stale resources to be deleted []
2026-05-23T08:39:11.028253Z	debug	resource-cache	[istio-system] Create for {"type":{"group":"xcp.tetrate.io","version":"v2","kind":"GlobalSetting"},"name":"global","namespace":"istio-system","annotations":{"kubectl.kubernetes.io/last-applied-configuration":"{\"apiVersion\":\"xcp.tetrate.io/v2\",\"kind\":\"GlobalSetting\",\"metadata\":{\"annotations\":{},\"name\":\"global\",\"namespace\":\"xcp-system\"},\"spec\":{\"networkSettings\":{\"networkReachability\":{\"nw-cluster-0\":\"nw-cluster-1\",\"nw-cluster-1\":\"nw-cluster-0\"}}}}\n"},"creationTimestamp":"0001-01-01T00:00:00Z","Spec":{"networkSettings":{"networkReachability":{"nw-cluster-0":"nw-cluster-1","nw-cluster-1":"nw-cluster-0"}}},"Status":null,"Extra":null}
2026-05-23T08:39:11.028262Z	debug	resource-cache	[istio-system] Create for {"type":{"group":"xcp.tetrate.io","version":"v2","kind":"Workspace"},"name":"xc-ws","namespace":"istio-system","annotations":{"kubectl.kubernetes.io/last-applied-configuration":"{\"apiVersion\":\"xcp.tetrate.io/v2\",\"kind\":\"Workspace\",\"metadata\":{\"annotations\":{},\"name\":\"xc-ws\",\"namespace\":\"xcp-system\"},\"spec\":{\"namespaceSelector\":{\"names\":[\"cluster-0/client-c0\",\"cluster-1/backend-c1\"]}}}\n"},"creationTimestamp":"0001-01-01T00:00:00Z","Spec":{"namespaceSelector":{"names":["cluster-0/client-c0","cluster-1/backend-c1"]}},"Status":null,"Extra":null}
2026-05-23T08:39:11.028279Z	debug	configapply	computed hash for Cluster:istio-system/cluster-0 - c9eeb3b4b0ff5724a169ce683164fba1
2026-05-23T08:39:11.028296Z	debug	discovery-server	Updating spec istio-system/cluster-0:
2026-05-23T08:39:11.028303Z	debug	configapply	computed hash for Workspace:istio-system/xc-ws - 32b68c018c13a57f045d6319290a4b2b
2026-05-23T08:39:11.028323Z	debug	resource-cache	[istio-system] Create for {"type":{"group":"xcp.tetrate.io","version":"v2","kind":"WorkspaceSetting"},"name":"xc-ws-settings","namespace":"istio-system","labels":{"xcp.tetrate.io/workspace":"xc-ws"},"annotations":{"kubectl.kubernetes.io/last-applied-configuration":"{\"apiVersion\":\"xcp.tetrate.io/v2\",\"kind\":\"WorkspaceSetting\",\"metadata\":{\"annotations\":{},\"labels\":{\"xcp.tetrate.io/workspace\":\"xc-ws\"},\"name\":\"xc-ws-settings\",\"namespace\":\"xcp-system\"},\"spec\":{\"defaultEastWestGatewaySettings\":[{\"exposedServices\":[{\"serviceLabels\":{\"app\":\"backend\"}}],\"workloadSelector\":{\"labels\":{\"app\":\"ew-gateway\"},\"namespace\":\"backend-c1\"}}]}}\n"},"creationTimestamp":"0001-01-01T00:00:00Z","Spec":{"defaultEastWestGatewaySettings":[{"workloadSelector":{"namespace":"backend-c1","labels":{"app":"ew-gateway"}},"exposedServices":[{"serviceLabels":{"app":"backend"}}]}]},"Status":null,"Extra":null}
2026-05-23T08:39:11.028322Z	debug	discovery-server	same hash so neither creating nor updating
2026-05-23T08:39:11.028303Z	debug	configapply	computed hash for GlobalSetting:istio-system/global - a4ea6fdb96a560bad02f02d83ce678a8
2026-05-23T08:39:11.028341Z	debug	discovery-server	same hash so neither creating nor updating
2026-05-23T08:39:11.028357Z	debug	configapply	computed hash for WorkspaceSetting:istio-system/xc-ws-settings - c849a72e3c0bf9b4408d35e4eb3c49b0
2026-05-23T08:39:11.028365Z	debug	discovery-server	same hash so neither creating nor updating
2026-05-23T08:39:11.031145Z	debug	handling validation webhook for xcp.tetrate.io/v2, Kind=Cluster
2026-05-23T08:39:11.031506Z	info	Authorized Admission request for UPDATE operation on xcp.tetrate.io/v2, Kind=Cluster/cluster-0 for username system:serviceaccount:istio-system:xcp-edge
2026-05-23T08:39:11.034837Z	debug	resource-cache	[istio-system] ResourceCache length 13
2026-05-23T08:39:11.034870Z	debug	resource-cache	[istio-system] ===END: Apply request for 4 objects in 0.006755 s
2026-05-23T08:39:11.034877Z	debug	discovery-server	Pushed cr objects from central xcp to local k8s apiserver
2026-05-23T08:39:11.034884Z	debug	discovery-server	Waiting on recv for crds
2026-05-23T08:39:11.034889Z	debug	discovery-server	Sending xcp config update notification to Istio config translator channel
2026-05-23T08:39:11.034918Z	debug	discovery-server	Channel written successfully
2026-05-23T08:39:12.035661Z	debug	debounce	notify cbk invoked	id=fcd9f881
2026-05-23T08:39:12.035776Z	debug	debounce	notify cbk returned	id=fcd9f881
2026-05-23T08:39:12.035794Z	debug	debounce	Applying exponential step-up. maxSilentCurrent updated to: 2s	id=fcd9f881
2026-05-23T08:39:12.035823Z	info	cluster-state	processConfigTranslationNotification: cluster-eventid: 2026-05-23 08:39:11.034915756 +0000 UTC m=+95947.849908977 and 0 more, queue length: 0, reasons: config,, forceConfigRegenReasons: map[], resources: []
2026-05-23T08:39:12.035831Z	debug	configapply	Sending XCP api CRDs to istio config translator
2026-05-23T08:39:12.036137Z	debug	model	gateway-group mapping: map[]
2026-05-23T08:39:12.036149Z	debug	model	security-group mapping: map[]
2026-05-23T08:39:12.036151Z	debug	model	traffic-group mapping: map[]
2026-05-23T08:39:12.036152Z	debug	model	istio-internal-group mapping: map[]
2026-05-23T08:39:12.036153Z	debug	model	gateway-deployment mapping: map[]
2026-05-23T08:39:12.036174Z	debug	model	processing 14 objects for cluster cluster-0
2026-05-23T08:39:12.036354Z	debug	model	Processing workspace: istio-system/xc-ws, o.gvk xcp.tetrate.io/v2/Workspace
2026-05-23T08:39:12.036370Z	debug	model	resolved workspace namespaces [client-c0]
2026-05-23T08:39:12.036381Z	info	model	client-c0: adding workspace xc-ws
2026-05-23T08:39:12.036578Z	debug	model	populateGroups workspace = xc-ws, &{Meta:{GroupVersionKind:xcp.tetrate.io/v2/Workspace UID: Name:xc-ws Namespace:istio-system Domain: Labels:map[] Annotations:map[kubectl.kubernetes.io/last-applied-configuration:{"apiVersion":"xcp.tetrate.io/v2","kind":"Workspace","metadata":{"annotations":{},"name":"xc-ws","namespace":"xcp-system"},"spec":{"namespaceSelector":{"names":["cluster-0/client-c0","cluster-1/backend-c1"]}}}
 xcp.tetrate.io/contentHash:32b68c018c13a57f045d6319290a4b2b] ResourceVersion:374672 CreationTimestamp:2026-05-23 08:38:10 +0000 UTC OwnerReferences:[] Generation:0} Spec:namespace_selector:{names:"cluster-0/client-c0" names:"cluster-1/backend-c1"} Status:<nil> Extra:map[]}
2026-05-23T08:39:12.036589Z	debug	model	registered settings xc-ws-settings for workspace xc-ws
2026-05-23T08:39:12.036953Z	debug	eastwest-configgen	namespace "local-path-storage" does not have Istio revision "" in boundary "global". Ambient mode: false
2026-05-23T08:39:12.036963Z	debug	eastwest-configgen	namespace "metallb-system" does not have Istio revision "" in boundary "global". Ambient mode: false
2026-05-23T08:39:12.036965Z	debug	eastwest-configgen	namespace "cert-manager" does not have Istio revision "" in boundary "global". Ambient mode: false
2026-05-23T08:39:12.036967Z	debug	eastwest-configgen	namespace "default" does not have Istio revision "" in boundary "global". Ambient mode: false
2026-05-23T08:39:12.036969Z	debug	eastwest-configgen	namespace "xcp-system" does not have Istio revision "" in boundary "global". Ambient mode: false
2026-05-23T08:39:12.036971Z	debug	eastwest-configgen	namespace "kube-public" does not have Istio revision "" in boundary "global". Ambient mode: false
2026-05-23T08:39:12.036973Z	debug	eastwest-configgen	namespace "kube-node-lease" does not have Istio revision "" in boundary "global". Ambient mode: false
2026-05-23T08:39:12.037036Z	info	eastwest-configgen	no endpoints found for service "echo-term.tetrate.io" port 80
2026-05-23T08:39:12.037065Z	info	no portname specified for service metallb-webhook-service.metallb-system.svc.cluster.local port 443. no endpoints will be detected
2026-05-23T08:39:12.037123Z	debug	eastwest-configgen	found Istio IsolationBoundary "global" for Namespace "backend-c1"
2026-05-23T08:39:12.037125Z	info	eastwest-configgen	no endpoints found for service "metallb-webhook-service.metallb-system.svc.cluster.local" port 443
2026-05-23T08:39:12.037158Z	info	model	matching services for east-west gateway%!(EXTRA string=selector: %v, map[string]string=map[app:backend])
2026-05-23T08:39:12.037168Z	debug	eastwest-configgen	computed east-west gateway associations: {
    "xc-ws": {
      "ExposedServices": {
        "0": {}
      },
      "GatewayServices": {
        "0": {}
      }
    }
  }
2026-05-23T08:39:12.037189Z	debug	configapply	Translation triggered for all [default xcp-system client-c0 backend-c1 kube-public echo kube-node-lease local-path-storage metallb-system cert-manager] namespaces
2026-05-23T08:39:12.037219Z	debug	translator	skipping translation for namespace "cert-manager"	ns=cert-manager id=e7678e46
2026-05-23T08:39:12.037246Z	debug	resource-cache	Batch-based resource tracking disabled, falling back to namespace-based
2026-05-23T08:39:12.037250Z	debug	resource-cache	[cert-manager] ===BEGIN: Apply request for 0 objects
2026-05-23T08:39:12.037252Z	debug	resource-cache	Delete all objects from the namespace cert-manager
2026-05-23T08:39:12.037254Z	debug	resource-cache	[cert-manager] objects previously in k8s api server cache: 0
2026-05-23T08:39:12.037255Z	debug	resource-cache	[cert-manager] No previous objects at k8s apiserver cache for namespace
2026-05-23T08:39:12.037259Z	debug	resource-cache	[cert-manager] ===END: Apply request for 0 objects in 0.000007 s
2026-05-23T08:39:12.037278Z	debug	resource-cache	[cert-manager] ===BEGIN: Apply request for 0 objects
2026-05-23T08:39:12.037281Z	debug	resource-cache	Delete all objects from the namespace cert-manager
2026-05-23T08:39:12.037282Z	debug	resource-cache	[cert-manager] objects previously in k8s api server cache: 0
2026-05-23T08:39:12.037283Z	debug	resource-cache	[cert-manager] No previous objects at k8s apiserver cache for namespace
2026-05-23T08:39:12.037285Z	debug	resource-cache	[cert-manager] ===END: Apply request for 0 objects in 0.000007 s
2026-05-23T08:39:12.037413Z	debug	resource-cache	Unmanaged Istio resources by kind: map[AuthorizationPolicy:0 DestinationRule:0 EnvoyFilter:0 Gateway:0 PeerAuthentication:0 RequestAuthentication:0 ServiceEntry:0 Sidecar:0 Telemetry:0 VirtualService:0 WasmPlugin:0 WorkloadEntry:0]
2026-05-23T08:39:12.037422Z	debug	translator	skipping translation for namespace "default"	ns=default id=327be0d0
2026-05-23T08:39:12.037429Z	debug	resource-cache	Batch-based resource tracking disabled, falling back to namespace-based
2026-05-23T08:39:12.037430Z	debug	resource-cache	[default] ===BEGIN: Apply request for 0 objects
2026-05-23T08:39:12.037431Z	debug	resource-cache	Delete all objects from the namespace default
2026-05-23T08:39:12.037433Z	debug	resource-cache	[default] objects previously in k8s api server cache: 0
2026-05-23T08:39:12.037434Z	debug	resource-cache	[default] No previous objects at k8s apiserver cache for namespace
2026-05-23T08:39:12.037435Z	debug	resource-cache	[default] ===END: Apply request for 0 objects in 0.000005 s
2026-05-23T08:39:12.037442Z	debug	resource-cache	[default] ===BEGIN: Apply request for 0 objects
2026-05-23T08:39:12.037443Z	debug	resource-cache	Delete all objects from the namespace default
2026-05-23T08:39:12.037444Z	debug	resource-cache	[default] objects previously in k8s api server cache: 0
2026-05-23T08:39:12.037445Z	debug	resource-cache	[default] No previous objects at k8s apiserver cache for namespace
2026-05-23T08:39:12.037447Z	debug	resource-cache	[default] ===END: Apply request for 0 objects in 0.000004 s
2026-05-23T08:39:12.037465Z	debug	translator	skipping translation for namespace "xcp-system"	ns=xcp-system id=24333395
2026-05-23T08:39:12.037469Z	debug	resource-cache	Batch-based resource tracking disabled, falling back to namespace-based
2026-05-23T08:39:12.037471Z	debug	resource-cache	[xcp-system] ===BEGIN: Apply request for 0 objects
2026-05-23T08:39:12.037472Z	debug	resource-cache	Delete all objects from the namespace xcp-system
2026-05-23T08:39:12.037473Z	debug	resource-cache	[xcp-system] objects previously in k8s api server cache: 0
2026-05-23T08:39:12.037474Z	debug	resource-cache	[xcp-system] No previous objects at k8s apiserver cache for namespace
2026-05-23T08:39:12.037475Z	debug	resource-cache	[xcp-system] ===END: Apply request for 0 objects in 0.000004 s
2026-05-23T08:39:12.037480Z	debug	resource-cache	[xcp-system] ===BEGIN: Apply request for 0 objects
2026-05-23T08:39:12.037481Z	debug	resource-cache	Delete all objects from the namespace xcp-system
2026-05-23T08:39:12.037482Z	debug	resource-cache	[xcp-system] objects previously in k8s api server cache: 0
2026-05-23T08:39:12.037483Z	debug	resource-cache	[xcp-system] No previous objects at k8s apiserver cache for namespace
2026-05-23T08:39:12.037488Z	debug	resource-cache	[xcp-system] ===END: Apply request for 0 objects in 0.000008 s
2026-05-23T08:39:12.037517Z	warn	translator	error while looking up traffic group for namespace "client-c0": traffic group not found for namespace client-c0 in workspace xc-ws	ns=client-c0 id=59808468
2026-05-23T08:39:12.037531Z	debug	translator	traffic group for namespace "client-c0" not found. applying defaults	ns=client-c0 id=59808468
2026-05-23T08:39:12.037535Z	debug	translator	traffic group for namespace "client-c0" not found	ns=client-c0 id=59808468
2026-05-23T08:39:12.037560Z	debug	translator	upstream traffic setting for namespace "client-c0" not found, default settings will be created	ns=client-c0 id=59808468
2026-05-23T08:39:12.037621Z	debug	translator	error while looking up workspace for namespace "echo": the namespace "echo" is not mapped to any workspace	ns=echo id=35475aeb
2026-05-23T08:39:12.037627Z	debug	translator	failed to lookup workspace for namespace "echo": the namespace "echo" is not mapped to any workspace	ns=echo id=35475aeb
2026-05-23T08:39:12.037629Z	debug	translator	workspace for namespace "echo" not found	ns=echo id=35475aeb
2026-05-23T08:39:12.037630Z	debug	translator	[ambient] buildEastWestGatewayConfigs: entry point called	ns=echo id=35475aeb
2026-05-23T08:39:12.037633Z	debug	translator	[ambient] doBuildEastWestGatewayConfigsforAllWorkspaces: processing 1 workspaces	ns=echo id=35475aeb
2026-05-23T08:39:12.037635Z	debug	translator	[ambient] processing workspace 0: xc-ws	ns=echo id=35475aeb
2026-05-23T08:39:12.037639Z	debug	translator	[ambient] workspace xc-ws generated 0 regular east-west configs	ns=echo id=35475aeb
2026-05-23T08:39:12.037644Z	debug	translator	[ambient] EnableAmbient=false, skipping ambient hybrid configs for workspace xc-ws	ns=echo id=35475aeb
2026-05-23T08:39:12.037645Z	debug	translator	[ambient] doBuildEastWestGatewayConfigsforAllWorkspaces: total generated 0 configs	ns=echo id=35475aeb
2026-05-23T08:39:12.037651Z	debug	translator	error while looking up workspace for namespace "echo": the namespace "echo" is not mapped to any workspace	ns=echo id=35475aeb
2026-05-23T08:39:12.037653Z	debug	translator	error while looking up workspace for namespace "echo": the namespace "echo" is not mapped to any workspace	ns=echo id=35475aeb
2026-05-23T08:39:12.037654Z	debug	translator	generated configurations: 0 traffic, 0 security, 0 gateway, 0 istio internal	ns=echo id=35475aeb
2026-05-23T08:39:12.037655Z	debug	translator	ew-gen: generating east-west workload entry configs for local services that are exposed for east-west routing	ns=echo id=35475aeb
2026-05-23T08:39:12.037645Z	debug	translator	skipping translation for namespace "local-path-storage"	ns=local-path-storage id=9e330e05
2026-05-23T08:39:12.037676Z	debug	resource-cache	Batch-based resource tracking disabled, falling back to namespace-based
2026-05-23T08:39:12.037679Z	debug	resource-cache	[local-path-storage] ===BEGIN: Apply request for 0 objects
2026-05-23T08:39:12.037682Z	debug	resource-cache	Delete all objects from the namespace local-path-storage
2026-05-23T08:39:12.037682Z	debug	translator	error while looking up workspace for namespace "backend-c1": the namespace "backend-c1" is not mapped to any workspace	ns=backend-c1 id=07f74c86
2026-05-23T08:39:12.037687Z	debug	translator	failed to lookup workspace for namespace "backend-c1": the namespace "backend-c1" is not mapped to any workspace	ns=backend-c1 id=07f74c86
2026-05-23T08:39:12.037689Z	debug	translator	workspace for namespace "backend-c1" not found	ns=backend-c1 id=07f74c86
2026-05-23T08:39:12.037691Z	debug	translator	[ambient] buildEastWestGatewayConfigs: entry point called	ns=backend-c1 id=07f74c86
2026-05-23T08:39:12.037693Z	debug	translator	[ambient] doBuildEastWestGatewayConfigsforAllWorkspaces: processing 1 workspaces	ns=backend-c1 id=07f74c86
2026-05-23T08:39:12.037697Z	debug	translator	[ambient] processing workspace 0: xc-ws	ns=backend-c1 id=07f74c86
2026-05-23T08:39:12.037701Z	debug	resource-cache	[local-path-storage] objects previously in k8s api server cache: 0
2026-05-23T08:39:12.037697Z	debug	translator	skipping translation for namespace "kube-node-lease"	ns=kube-node-lease id=ff1a9b56
2026-05-23T08:39:12.037708Z	error	translator	gateway service not found with workload selector labels map[app:ew-gateway] in namespace "backend-c1"	ns=backend-c1 id=07f74c86
2026-05-23T08:39:12.037712Z	debug	resource-cache	Batch-based resource tracking disabled, falling back to namespace-based
2026-05-23T08:39:12.037715Z	debug	translator	[ambient] workspace xc-ws generated 0 regular east-west configs	ns=backend-c1 id=07f74c86
2026-05-23T08:39:12.037719Z	debug	resource-cache	[kube-node-lease] ===BEGIN: Apply request for 0 objects
2026-05-23T08:39:12.037720Z	debug	translator	[ambient] EnableAmbient=false, skipping ambient hybrid configs for workspace xc-ws	ns=backend-c1 id=07f74c86
2026-05-23T08:39:12.037723Z	debug	resource-cache	Delete all objects from the namespace kube-node-lease
2026-05-23T08:39:12.037708Z	debug	resource-cache	[local-path-storage] No previous objects at k8s apiserver cache for namespace
2026-05-23T08:39:12.037720Z	debug	translator	skipping translation for namespace "metallb-system"	ns=metallb-system id=d3af8320
2026-05-23T08:39:12.037733Z	debug	resource-cache	Batch-based resource tracking disabled, falling back to namespace-based
2026-05-23T08:39:12.037737Z	debug	resource-cache	[metallb-system] ===BEGIN: Apply request for 0 objects
2026-05-23T08:39:12.037738Z	debug	translator	skipping translation for namespace "kube-public"	ns=kube-public id=9e3fcf6f
2026-05-23T08:39:12.037755Z	debug	resource-cache	Batch-based resource tracking disabled, falling back to namespace-based
2026-05-23T08:39:12.037757Z	debug	resource-cache	[kube-public] ===BEGIN: Apply request for 0 objects
2026-05-23T08:39:12.037758Z	debug	resource-cache	Delete all objects from the namespace kube-public
2026-05-23T08:39:12.037760Z	debug	resource-cache	[kube-public] objects previously in k8s api server cache: 0
2026-05-23T08:39:12.037758Z	debug	resource-cache	Delete all objects from the namespace metallb-system
2026-05-23T08:39:12.037761Z	debug	resource-cache	[kube-public] No previous objects at k8s apiserver cache for namespace
2026-05-23T08:39:12.037765Z	debug	resource-cache	[metallb-system] objects previously in k8s api server cache: 0
2026-05-23T08:39:12.037766Z	debug	resource-cache	[kube-public] ===END: Apply request for 0 objects in 0.000009 s
2026-05-23T08:39:12.037767Z	debug	resource-cache	[metallb-system] No previous objects at k8s apiserver cache for namespace
2026-05-23T08:39:12.037770Z	debug	resource-cache	[metallb-system] ===END: Apply request for 0 objects in 0.000033 s
2026-05-23T08:39:12.037786Z	debug	resource-cache	[kube-public] ===BEGIN: Apply request for 0 objects
2026-05-23T08:39:12.037790Z	debug	resource-cache	Delete all objects from the namespace kube-public
2026-05-23T08:39:12.037792Z	debug	resource-cache	[kube-public] objects previously in k8s api server cache: 0
2026-05-23T08:39:12.037792Z	debug	resource-cache	[metallb-system] ===BEGIN: Apply request for 0 objects
2026-05-23T08:39:12.037723Z	debug	translator	[ambient] doBuildEastWestGatewayConfigsforAllWorkspaces: total generated 0 configs	ns=backend-c1 id=07f74c86
2026-05-23T08:39:12.037797Z	debug	resource-cache	Delete all objects from the namespace metallb-system
2026-05-23T08:39:12.037801Z	debug	resource-cache	[metallb-system] objects previously in k8s api server cache: 0
2026-05-23T08:39:12.037802Z	debug	resource-cache	[metallb-system] No previous objects at k8s apiserver cache for namespace
2026-05-23T08:39:12.037804Z	debug	resource-cache	[metallb-system] ===END: Apply request for 0 objects in 0.000012 s
2026-05-23T08:39:12.037804Z	warn	translator	failed to lookup security group for "client-c0": security group not found for namespace client-c0 in workspace xc-ws	ns=client-c0 id=59808468
2026-05-23T08:39:12.037729Z	debug	resource-cache	[local-path-storage] ===END: Apply request for 0 objects in 0.000049 s
2026-05-23T08:39:12.037820Z	debug	resource-cache	[local-path-storage] ===BEGIN: Apply request for 0 objects
2026-05-23T08:39:12.037821Z	debug	resource-cache	Delete all objects from the namespace local-path-storage
2026-05-23T08:39:12.037822Z	debug	resource-cache	[local-path-storage] objects previously in k8s api server cache: 0
2026-05-23T08:39:12.037823Z	debug	resource-cache	[local-path-storage] No previous objects at k8s apiserver cache for namespace
2026-05-23T08:39:12.037825Z	debug	resource-cache	[local-path-storage] ===END: Apply request for 0 objects in 0.000005 s
2026-05-23T08:39:12.037793Z	debug	resource-cache	[kube-public] No previous objects at k8s apiserver cache for namespace
2026-05-23T08:39:12.037829Z	debug	resource-cache	[kube-public] ===END: Apply request for 0 objects in 0.000043 s
2026-05-23T08:39:12.037806Z	debug	translator	error while looking up workspace for namespace "backend-c1": the namespace "backend-c1" is not mapped to any workspace	ns=backend-c1 id=07f74c86
2026-05-23T08:39:12.037842Z	debug	translator	error while looking up workspace for namespace "backend-c1": the namespace "backend-c1" is not mapped to any workspace	ns=backend-c1 id=07f74c86
2026-05-23T08:39:12.037844Z	debug	translator	generated configurations: 0 traffic, 0 security, 0 gateway, 0 istio internal	ns=backend-c1 id=07f74c86
2026-05-23T08:39:12.037846Z	debug	translator	ew-gen: generating east-west workload entry configs for local services that are exposed for east-west routing	ns=backend-c1 id=07f74c86
2026-05-23T08:39:12.037850Z	debug	resource-cache	Batch-based resource tracking disabled, falling back to namespace-based
2026-05-23T08:39:12.037851Z	debug	resource-cache	[backend-c1] ===BEGIN: Apply request for 0 objects
2026-05-23T08:39:12.037853Z	debug	resource-cache	Delete all objects from the namespace backend-c1
2026-05-23T08:39:12.037854Z	debug	resource-cache	[backend-c1] objects previously in k8s api server cache: 0
2026-05-23T08:39:12.037855Z	debug	resource-cache	[backend-c1] No previous objects at k8s apiserver cache for namespace
2026-05-23T08:39:12.037857Z	debug	resource-cache	[backend-c1] ===END: Apply request for 0 objects in 0.000006 s
2026-05-23T08:39:12.037862Z	debug	resource-cache	[backend-c1] ===BEGIN: Apply request for 0 objects
2026-05-23T08:39:12.037886Z	debug	resource-cache	Delete all objects from the namespace backend-c1
2026-05-23T08:39:12.037892Z	debug	resource-cache	[backend-c1] objects previously in k8s api server cache: 0
2026-05-23T08:39:12.037894Z	debug	resource-cache	[backend-c1] No previous objects at k8s apiserver cache for namespace
2026-05-23T08:39:12.037899Z	debug	resource-cache	[backend-c1] ===END: Apply request for 0 objects in 0.000035 s
2026-05-23T08:39:12.037810Z	debug	translator	security group for namespace "client-c0" not found. applying defaults	ns=client-c0 id=59808468
2026-05-23T08:39:12.037975Z	debug	translator	defaultEastWestAuthzRequired: cannot get gateway group object: gateway group not found for namespace client-c0 in workspace xc-ws	ns=client-c0 id=59808468
2026-05-23T08:39:12.037986Z	debug	translator	gateway group for namespace "client-c0" not found	ns=client-c0 id=59808468
2026-05-23T08:39:12.037993Z	debug	translator	[ambient] buildEastWestGatewayConfigs: entry point called	ns=client-c0 id=59808468
2026-05-23T08:39:12.038000Z	debug	translator	[ambient] doBuildEastWestGatewayConfigsforAllWorkspaces: processing 1 workspaces	ns=client-c0 id=59808468
2026-05-23T08:39:12.038002Z	debug	translator	[ambient] processing workspace 0: xc-ws	ns=client-c0 id=59808468
2026-05-23T08:39:12.038005Z	debug	translator	[ambient] workspace xc-ws generated 0 regular east-west configs	ns=client-c0 id=59808468
2026-05-23T08:39:12.038006Z	debug	translator	[ambient] EnableAmbient=false, skipping ambient hybrid configs for workspace xc-ws	ns=client-c0 id=59808468
2026-05-23T08:39:12.038008Z	debug	translator	[ambient] doBuildEastWestGatewayConfigsforAllWorkspaces: total generated 0 configs	ns=client-c0 id=59808468
2026-05-23T08:39:12.038016Z	debug	translator	error while looking up istio internal group for namespace "client-c0": istio internal group not found for namespace client-c0 in workspace xc-ws	ns=client-c0 id=59808468
2026-05-23T08:39:12.038026Z	debug	translator	generated configurations: 2 traffic, 0 security, 0 gateway, 0 istio internal	ns=client-c0 id=59808468
2026-05-23T08:39:12.038028Z	debug	translator	ew-gen: generating east-west workload entry configs for local services that are exposed for east-west routing	ns=client-c0 id=59808468
2026-05-23T08:39:12.038083Z	debug	resource-cache	[kube-node-lease] objects previously in k8s api server cache: 0
2026-05-23T08:39:12.038094Z	debug	resource-cache	[kube-node-lease] No previous objects at k8s apiserver cache for namespace
2026-05-23T08:39:12.038101Z	debug	resource-cache	[kube-node-lease] ===END: Apply request for 0 objects in 0.000379 s
2026-05-23T08:39:12.038112Z	debug	resource-cache	[kube-node-lease] ===BEGIN: Apply request for 0 objects
2026-05-23T08:39:12.038117Z	debug	resource-cache	Delete all objects from the namespace kube-node-lease
2026-05-23T08:39:12.038122Z	debug	resource-cache	[kube-node-lease] objects previously in k8s api server cache: 0
2026-05-23T08:39:12.038124Z	debug	resource-cache	[kube-node-lease] No previous objects at k8s apiserver cache for namespace
2026-05-23T08:39:12.038126Z	debug	resource-cache	[kube-node-lease] ===END: Apply request for 0 objects in 0.000014 s
2026-05-23T08:39:12.037669Z	debug	resource-cache	Batch-based resource tracking disabled, falling back to namespace-based
2026-05-23T08:39:12.038141Z	debug	resource-cache	[echo] ===BEGIN: Apply request for 0 objects
2026-05-23T08:39:12.038144Z	debug	resource-cache	Delete all objects from the namespace echo
2026-05-23T08:39:12.038145Z	debug	resource-cache	[echo] objects previously in k8s api server cache: 0
2026-05-23T08:39:12.038146Z	debug	resource-cache	[echo] No previous objects at k8s apiserver cache for namespace
2026-05-23T08:39:12.038147Z	debug	resource-cache	[echo] ===END: Apply request for 0 objects in 0.000007 s
2026-05-23T08:39:12.038153Z	debug	resource-cache	[echo] ===BEGIN: Apply request for 0 objects
2026-05-23T08:39:12.038160Z	debug	resource-cache	Delete all objects from the namespace echo
2026-05-23T08:39:12.038165Z	debug	resource-cache	[echo] objects previously in k8s api server cache: 0
2026-05-23T08:39:12.038166Z	debug	resource-cache	[echo] No previous objects at k8s apiserver cache for namespace
2026-05-23T08:39:12.038167Z	debug	resource-cache	[echo] ===END: Apply request for 0 objects in 0.000013 s
2026-05-23T08:39:12.038449Z	debug	configapply	Applying 2 istio objects in namespace client-c0
2026-05-23T08:39:12.038482Z	debug	configapply	   networking.istio.io/v1/Sidecar [client-c0/default]
2026-05-23T08:39:12.038485Z	debug	configapply	   networking.istio.io/v1alpha3/EnvoyFilter [client-c0/default-upstream-traffic-setting]
2026-05-23T08:39:12.038486Z	debug	resource-cache	[client-c0] ===BEGIN: Apply request for 2 objects
2026-05-23T08:39:12.038553Z	debug	resource-cache	[client-c0] objects previously in k8s api server cache: 2
2026-05-23T08:39:12.038595Z	debug	resource-cache	[client-c0] stale resources to be deleted []
2026-05-23T08:39:12.038619Z	debug	resource-cache	[client-c0] Create for {"type":{"group":"networking.istio.io","version":"v1alpha3","kind":"EnvoyFilter"},"name":"default-upstream-traffic-setting","namespace":"client-c0","labels":{"istio.io/rev":"global"},"annotations":{"kubectl.kubernetes.io/last-applied-configuration":"{\"apiVersion\":\"xcp.tetrate.io/v2\",\"kind\":\"Workspace\",\"metadata\":{\"annotations\":{},\"name\":\"xc-ws\",\"namespace\":\"xcp-system\"},\"spec\":{\"namespaceSelector\":{\"names\":[\"cluster-0/client-c0\",\"cluster-1/backend-c1\"]}}}\n","xcp.tetrate.io/contentHash":"32b68c018c13a57f045d6319290a4b2b"},"creationTimestamp":"0001-01-01T00:00:00Z","Spec":{"configPatches":[{"applyTo":"CLUSTER","match":{"context":"SIDECAR_OUTBOUND","proxy":{"proxyVersion":"^1\\.(22|24|28)(\\.\\d+)?(-.*)?$"}},"patch":{"operation":"MERGE","value":{"@type":"type.googleapis.com/envoy.config.cluster.v3.Cluster","common_lb_config":{"healthy_panic_threshold":{}},"outlier_detection":{"consecutive_gateway_failure":10,"enforcing_consecutive_5xx":0,"enforcing_consecutive_gateway_failure":100,"max_ejection_percent":100}}}},{"applyTo":"HTTP_ROUTE","match":{"context":"SIDECAR_OUTBOUND","proxy":{"proxyVersion":"^1\\.(22|24|28)(\\.\\d+)?(-.*)?$"},"routeConfiguration":{"vhost":{"route":{"action":"ROUTE"}}}},"patch":{"operation":"MERGE","value":{"@type":"type.googleapis.com/envoy.config.route.v3.Route","route":{"retry_policy":{"host_selection_retry_max_attempts":"5","num_retries":2,"retriable_status_codes":[503],"retry_host_predicate":[{"name":"envoy.retry_host_predicates.previous_hosts","typed_config":{"@type":"type.googleapis.com/envoy.extensions.retry.host.previous_hosts.v3.PreviousHostsPredicate"}}],"retry_on":"reset,connect-failure,refused-stream,unavailable,cancelled,retriable-status-codes"}}}}}],"priority":100},"Status":null,"Extra":null}
2026-05-23T08:39:12.038722Z	debug	configapply	computed hash for EnvoyFilter:client-c0/default-upstream-traffic-setting - 14645e3efdd68386f959e9db371e7301
2026-05-23T08:39:12.038735Z	debug	discovery-server	same hash so neither creating nor updating
2026-05-23T08:39:12.038745Z	debug	resource-cache	[client-c0] Create for {"type":{"group":"networking.istio.io","version":"v1","kind":"Sidecar"},"name":"default","namespace":"client-c0","labels":{"istio.io/rev":"global"},"annotations":{"kubectl.kubernetes.io/last-applied-configuration":"{\"apiVersion\":\"xcp.tetrate.io/v2\",\"kind\":\"Workspace\",\"metadata\":{\"annotations\":{},\"name\":\"xc-ws\",\"namespace\":\"xcp-system\"},\"spec\":{\"namespaceSelector\":{\"names\":[\"cluster-0/client-c0\",\"cluster-1/backend-c1\"]}}}\n","xcp.tetrate.io/contentHash":"32b68c018c13a57f045d6319290a4b2b"},"creationTimestamp":"0001-01-01T00:00:00Z","Spec":{"egress":[{"hosts":["*/*"]}]},"Status":null,"Extra":null}
2026-05-23T08:39:12.038767Z	debug	configapply	computed hash for Sidecar:client-c0/default - 70cf1206d3284c26c17024a87c57be8e
2026-05-23T08:39:12.038777Z	debug	discovery-server	same hash so neither creating nor updating
2026-05-23T08:39:12.038793Z	debug	resource-cache	[client-c0] ResourceCache length 13
2026-05-23T08:39:12.038800Z	debug	resource-cache	[client-c0] ===END: Apply request for 2 objects in 0.000314 s
2026-05-23T08:39:12.038818Z	debug	cluster-state	Triggering cluster state change event due to config, at 2026-05-23 08:39:11.034915756 +0000 UTC m=+95947.849908977 (force regenerate config = map[]). Resources: []
2026-05-23T08:39:12.944510Z	debug	security	Read provided XCP Central certificate chain:
-----BEGIN CERTIFICATE-----
MIIFbTCCA1WgAwIBAgIUBD0/+0EfuEYZvVjrKE5cvNEja8swDQYJKoZIhvcNAQEL
BQAwRjELMAkGA1UEBhMCVVMxCzAJBgNVBAgMAkNBMRAwDgYDVQQKDAdUZXRyYXRl
MRgwFgYDVQQDDA9YQ1AtZTJlLXRlc3QtY2EwHhcNMjQwNjE3MTMxMjAzWhcNMzQw
NjE1MTMxMjAzWjBGMQswCQYDVQQGEwJVUzELMAkGA1UECAwCQ0ExEDAOBgNVBAoM
B1RldHJhdGUxGDAWBgNVBAMMD1hDUC1lMmUtdGVzdC1jYTCCAiIwDQYJKoZIhvcN
AQEBBQADggIPADCCAgoCggIBAIkO9mBBITqNjJed3zjKhu15p4EkX7qkDaKQjQdu
9zEvocDbtZU81ibmjuQFlL0vAiqHfKA8nUXKdidI9xHNdS7xUp3IlZoEFWX1jBUD
SLgQooe8BIIcEXfkVO019jLfMbDB5tQ6jzsjZ4F3ER5wh5rkLhEfbvq4ZiF3zQD/
82LDU5vwJ91qDWCHl8og9rla5MaAX2fTZhkQUQJiDip9uZ0Ft5lai1fKq8gICrod
4iPfiZH6sJB5cTC/aHd8CHY3FrJp8ZuGhZQzaV6PvfdFsCr+EISDlCkNdlNov7hA
Z8F8bRGrEqPAcYsS/Kk94oLAQBW7YvTPBrFnDWmyMnaKjCLGqTHmAY3tTrSI31lb
rnNakF2EGziOwNjxsI84d61U6KFtXMtsgKCNJr/MORVS/0f9yA7Q0WE5bEdx24m9
+qaWnMd5FtjC38GEALfSmo9YN3+Q+M+hdfipPKpv0khjHX7yPTrFvAOHi1wsy3Hj
1OdDFr/H9pG12DnlToVruVDfr5xypoWNK8pf2utZcMOcBzdfMNAVCqeE84BrPu2c
8mHinMfWX10X14nd2gdMUYyBgGqJGqiLuFMdthyCWpmg9BbYK013Esn36v8ap7gE
/VIiY/YTYNtmKE12IhBDa+y6izBXo69OAMB7iZHPDW5lnAXKfpGtaZO+9pqrTCI0
vdNTAgMBAAGjUzBRMB0GA1UdDgQWBBSlvheSoWwG4xtqKfuEWkYlmN0YbTAfBgNV
HSMEGDAWgBSlvheSoWwG4xtqKfuEWkYlmN0YbTAPBgNVHRMBAf8EBTADAQH/MA0G
CSqGSIb3DQEBCwUAA4ICAQACp7Yw/dQGSinvV0Z5kYjugapyBE7iIpyqRh2UgYzz
HT3bcXfSz95YO/TB+utF1C8g4yqxW8b5G0EIRgg9uqtxvrGmK18o6x2N1GEeCcfU
ke2xqrOP7dpWk3uwT2aeJN/LjfqR2KADscKtD7V5EN8v3JgH3Ul0M5g9RalaEppv
yQr0H9B8sdxRawIxD+HO1S/lsQhlGGCmgTQQF23gRmL1oxwR3Mujx9Se2NHZi0ha
fcyll1OLtUxsD6cNjwiqoiv5J1TV9Ukux2tyO/gQmdheuyZoKt6+lObL8DIStQuK
IGcaX7mMKGMD7URAR4crUSP6AFHZ4tRJ7Ryu0vv2+JBjH24LVM8PIHQYqgnAohar
7n/laa7bXlKueuTo7EAVGTYPnV/CGYm/MKJ1cYll/aRBFYcU4m+fOF4AAOo/8umu
kFFHbv+Abnei/pEYb77vsBaHE68gT5YLM/pY/6XXa2+UVROCBQXbLps/0GZk2FTS
tHKBteLYBVia9F7HSAP1wAl4qt+r7D7wm9gtchwp2vqNI6vMJYHSDbjk9q255DVs
Tew5/zH2PlvDaNMyLCnueC9VzFqBou/ZDmqUyOAlxDr4VC5NwnbgT8eyqcwlip3Y
9IWjGcTB5TSlndw5NVe48g1UTtR5Ji7mRyZxtLjLu0JPby9UJeM7ouJ+/y6ybh3U
oQ==
-----END CERTIFICATE-----

2026-05-23T08:39:12.944650Z	info	grpc-client	Fetched CA certificates required to verify connection to central
2026-05-23T08:39:13.039565Z	debug	debounce	notify cbk invoked	id=919326fd
2026-05-23T08:39:13.039600Z	debug	debounce	notify cbk returned	id=919326fd
2026-05-23T08:39:13.039608Z	debug	debounce	Applying exponential step-up. maxSilentCurrent updated to: 2s	id=919326fd
2026-05-23T08:39:13.039638Z	info	cluster-state	processClusterStateChangeEvents: cluster-eventid: 2026-05-23 08:39:11.034915756 +0000 UTC m=+95947.849908977 and 0 more, queue length: 0, reasons: config,, forceConfigRegenReasons: map[], resources: []
2026-05-23T08:39:13.039645Z	debug	cluster-state	handleClusterStateChangedEvent: Trigger reasons: config,, Forced translation: map[], Resources: []
2026-05-23T08:39:13.039680Z	debug	cluster-gen	istioServices: 15
2026-05-23T08:39:13.039683Z	debug	debounce	notify cbk invoked	id=a09a36e7
2026-05-23T08:39:13.039748Z	debug	cluster-state	found Istio IsolationBoundary for Namespace "backend-c1" with Revision "stable"
2026-05-23T08:39:13.039754Z	debug	config-status	Explanation of the decision flow for the Config Status of "networking.istio.io/EnvoyFilter" "global-forward-xfcc-15443" version ""
Q: Is the config type "networking.istio.io/v1alpha3/EnvoyFilter" supported by XCP?
A: Yes
Q: Is it an internal config of XCP?
A: Yes
Verdict: Config Status is NOT reported since it's an internal config of XCP
Config Status:
```yaml
---
null
```

2026-05-23T08:39:13.039766Z	debug	cluster-gen	Ignoring service kube-system/metrics-server
2026-05-23T08:39:13.039781Z	debug	config-status	Explanation of the decision flow for the Config Status of "networking.istio.io/EnvoyFilter" "global-gw-best-practice" version ""
Q: Is the config type "networking.istio.io/v1alpha3/EnvoyFilter" supported by XCP?
A: Yes
Q: Is it an internal config of XCP?
A: Yes
Verdict: Config Status is NOT reported since it's an internal config of XCP
Config Status:
```yaml
---
null
```

2026-05-23T08:39:13.039797Z	debug	cluster-gen	Not a gateway service backend-c1/backend
2026-05-23T08:39:13.039801Z	debug	config-status	Explanation of the decision flow for the Config Status of "networking.istio.io/EnvoyFilter" "global-mx-downstream-egress-gateway-filter" version ""
Q: Is the config type "networking.istio.io/v1alpha3/EnvoyFilter" supported by XCP?
A: Yes
Q: Is it an internal config of XCP?
A: Yes
Verdict: Config Status is NOT reported since it's an internal config of XCP
Config Status:
```yaml
---
null
```

2026-05-23T08:39:13.039809Z	debug	config-status	Explanation of the decision flow for the Config Status of "networking.istio.io/EnvoyFilter" "global-mx-downstream-gateway-filter" version ""
Q: Is the config type "networking.istio.io/v1alpha3/EnvoyFilter" supported by XCP?
A: Yes
Q: Is it an internal config of XCP?
A: Yes
Verdict: Config Status is NOT reported since it's an internal config of XCP
Config Status:
```yaml
---
null
```

2026-05-23T08:39:13.039808Z	debug	cluster-gen	Ignoring service kube-system/kube-dns
2026-05-23T08:39:13.039819Z	debug	config-status	Explanation of the decision flow for the Config Status of "networking.istio.io/EnvoyFilter" "global-periodical-access-log" version ""
Q: Is the config type "networking.istio.io/v1alpha3/EnvoyFilter" supported by XCP?
A: Yes
Q: Is it an internal config of XCP?
A: Yes
Verdict: Config Status is NOT reported since it's an internal config of XCP
Config Status:
```yaml
---
null
```

2026-05-23T08:39:13.039827Z	debug	config-status	Explanation of the decision flow for the Config Status of "networking.istio.io/EnvoyFilter" "global-request-id-propagation" version ""
Q: Is the config type "networking.istio.io/v1alpha3/EnvoyFilter" supported by XCP?
A: Yes
Q: Is it an internal config of XCP?
A: Yes
Verdict: Config Status is NOT reported since it's an internal config of XCP
Config Status:
```yaml
---
null
```

2026-05-23T08:39:13.039835Z	debug	config-status	Explanation of the decision flow for the Config Status of "networking.istio.io/EnvoyFilter" "global-tcp-keepalive-envoy-filter" version ""
Q: Is the config type "networking.istio.io/v1alpha3/EnvoyFilter" supported by XCP?
A: Yes
Q: Is it an internal config of XCP?
A: Yes
Verdict: Config Status is NOT reported since it's an internal config of XCP
Config Status:
```yaml
---
null
```

2026-05-23T08:39:13.039840Z	debug	config-status	Explanation of the decision flow for the Config Status of "networking.istio.io/EnvoyFilter" "global-xfcc-extractor-sidecar" version ""
Q: Is the config type "networking.istio.io/v1alpha3/EnvoyFilter" supported by XCP?
A: Yes
Q: Is it an internal config of XCP?
A: Yes
Verdict: Config Status is NOT reported since it's an internal config of XCP
Config Status:
```yaml
---
null
```

2026-05-23T08:39:13.039866Z	debug	config-status	Explanation of the decision flow for the Config Status of "networking.istio.io/EnvoyFilter" "global-xfcc-guard-15443" version ""
Q: Is the config type "networking.istio.io/v1alpha3/EnvoyFilter" supported by XCP?
A: Yes
Q: Is it an internal config of XCP?
A: Yes
Verdict: Config Status is NOT reported since it's an internal config of XCP
Config Status:
```yaml
---
null
```

2026-05-23T08:39:13.039903Z	info	no portname specified for service metallb-webhook-service.metallb-system.svc.cluster.local port 443. no endpoints will be detected
2026-05-23T08:39:13.039930Z	info	no portname specified for service metallb-webhook-service.metallb-system.svc.cluster.local port 443. no endpoints will be detected
2026-05-23T08:39:13.039978Z	debug	config-status	Explanation of the decision flow for the Config Status of "xcp.tetrate.io/Cluster" "cluster-0" version ""
Q: Is the config type "xcp.tetrate.io/v2/Cluster" supported by XCP?
A: Yes
Q: Is it an internal config of XCP?
A: No
Q: Is this config object managed by XCP?
A: Yes
Q: Did the Push Context report an ERROR for this config?
A: No
Q: Did the Push Context IGNORE this config?
A: No
Verdict: Config Status is UNKNOWN since status for that config type has NOT been implemented yet
Config Status:
```yaml
---
configId:
  group: xcp.tetrate.io
  kind: Cluster
  name: cluster-0
  namespace: istio-system
  version: v2
details: Config Status for that config type has NOT been implemented yet
metadata:
  annotations:
    kubectl.kubernetes.io/last-applied-configuration: |
      {"apiVersion":"xcp.tetrate.io/v2","kind":"Cluster","metadata":{"annotations":{},"name":"cluster-0","namespace":"xcp-system"},"spec":{"istioTrustDomain":"cluster.local"}}
```

2026-05-23T08:39:13.040011Z	debug	config-status	Explanation of the decision flow for the Config Status of "xcp.tetrate.io/Cluster" "cluster-1" version ""
Q: Is the config type "xcp.tetrate.io/v2/Cluster" supported by XCP?
A: Yes
Q: Is it an internal config of XCP?
A: No
Q: Is this config object managed by XCP?
A: Yes
Q: Did the Push Context report an ERROR for this config?
A: No
Q: Did the Push Context IGNORE this config?
A: No
Verdict: Config Status is UNKNOWN since status for that config type has NOT been implemented yet
Config Status:
```yaml
---
configId:
  group: xcp.tetrate.io
  kind: Cluster
  name: cluster-1
  namespace: istio-system
  version: v2
details: Config Status for that config type has NOT been implemented yet
metadata: {}
```

2026-05-23T08:39:13.040022Z	debug	discovery-cache	added istio service instances in namespace: xcp-system objects 0, changed false
2026-05-23T08:39:13.040026Z	debug	discovery-cache	added istio service instances in namespace: cert-manager objects 0, changed false
2026-05-23T08:39:13.040027Z	debug	discovery-cache	added istio service instances in namespace: istio-system objects 0, changed false
2026-05-23T08:39:13.040028Z	debug	discovery-cache	added istio service instances in namespace: default objects 0, changed false
2026-05-23T08:39:13.040029Z	debug	discovery-cache	added istio service instances in namespace: metallb-system objects 0, changed false
2026-05-23T08:39:13.040031Z	debug	discovery-cache	added istio service instances in namespace: backend-c1 objects 0, changed false
2026-05-23T08:39:13.040037Z	debug	config-status	Explanation of the decision flow for the Config Status of "xcp.tetrate.io/GlobalSetting" "global" version ""
Q: Is the config type "xcp.tetrate.io/v2/GlobalSetting" supported by XCP?
A: Yes
Q: Is it an internal config of XCP?
A: No
Q: Is this config object managed by XCP?
A: Yes
Q: Did the Push Context report an ERROR for this config?
A: No
Q: Did the Push Context IGNORE this config?
A: No
Q: Does the namespace selector resolve into at least ONE namespace in this cluster?
A: Yes
I: Checking the config status in each of the 10 target namespace(s): [backend-c1 cert-manager client-c0 default echo kube-node-lease kube-public local-path-storage metallb-system xcp-system]
I: [1/10] verdict in "backend-c1" namespace: Config Status is UNKNOWN since there were NO translation errors but the config was NOT mapped onto any output config(s)
I: [2/10] verdict in "cert-manager" namespace: Config Status is UNKNOWN since translation is SKIPPED on that namespace
I: [3/10] verdict in "client-c0" namespace: Config Status is UNKNOWN since there were NO translation errors but the config was NOT mapped onto any output config(s)
I: [4/10] verdict in "default" namespace: Config Status is UNKNOWN since translation is SKIPPED on that namespace
I: [5/10] verdict in "echo" namespace: Config Status is UNKNOWN since there were NO translation errors but the config was NOT mapped onto any output config(s)
I: [6/10] verdict in "kube-node-lease" namespace: Config Status is UNKNOWN since translation is SKIPPED on that namespace
I: [7/10] verdict in "kube-public" namespace: Config Status is UNKNOWN since translation is SKIPPED on that namespace
I: [8/10] verdict in "local-path-storage" namespace: Config Status is UNKNOWN since translation is SKIPPED on that namespace
I: [9/10] verdict in "metallb-system" namespace: Config Status is UNKNOWN since translation is SKIPPED on that namespace
I: [10/10] verdict in "xcp-system" namespace: Config Status is UNKNOWN since translation is SKIPPED on that namespace
I: Status summary across 10 target namespace(s): TRANSLATION SKIPPED in 7 namespace(s), TRANSLATED BUT NOT MAPPED in 3 namespace(s)
I: Using "lenient" strategy to decide on the aggregated status across 10 target namespace(s)
Q: Have there been any errors while translating this config in ANY of the 10 target namespaces?
A: No
Q: Has the config been APPLIED in at least ONE of the target namespaces?
A: No
Verdict: Config Status is NOT reported since the config has NOT yet been APPLIED in ANY of 10 target namespace(s)
Config Status:
```yaml
---
null
```

2026-05-23T08:39:13.040128Z	debug	config-status	Explanation of the decision flow for the Config Status of "xcp.tetrate.io/Workspace" "xc-ws" version ""
Q: Is the config type "xcp.tetrate.io/v2/Workspace" supported by XCP?
A: Yes
Q: Is it an internal config of XCP?
A: No
Q: Is this config object managed by XCP?
A: Yes
Q: Did the Push Context report an ERROR for this config?
A: No
Q: Did the Push Context IGNORE this config?
A: No
Q: Does the namespace selector resolve into at least ONE namespace in this cluster?
A: Yes
I: Checking the config status in each of the 1 target namespace(s): [client-c0]
I: [1/1] verdict in "client-c0" namespace: Config Status is APPLIED since there were NO translation errors and the config IS mapped onto output config(s)
I: Status summary across 1 target namespace(s): APPLIED in 1 namespace(s)
I: Using "lenient" strategy to decide on the aggregated status across 1 target namespace(s)
Q: Have there been any errors while translating this config in ANY of the 1 target namespaces?
A: No
Q: Has the config been APPLIED in at least ONE of the target namespaces?
A: Yes
Verdict: Config Status is "lenient" APPLIED since the config has been APPLIED in at least ONE of the target namespaces
Config Status:
```yaml
---
configId:
  group: xcp.tetrate.io
  kind: Workspace
  name: xc-ws
  namespace: istio-system
  version: v2
details: 'Status summary across 1 target namespace(s): APPLIED in 1 namespace(s)'
metadata:
  annotations:
    kubectl.kubernetes.io/last-applied-configuration: |
      {"apiVersion":"xcp.tetrate.io/v2","kind":"Workspace","metadata":{"annotations":{},"name":"xc-ws","namespace":"xcp-system"},"spec":{"namespaceSelector":{"names":["cluster-0/client-c0","cluster-1/backend-c1"]}}}
result: APPLIED
```

2026-05-23T08:39:13.040195Z	debug	config-status	Explanation of the decision flow for the Config Status of "xcp.tetrate.io/WorkspaceSetting" "xc-ws-settings" version ""
Q: Is the config type "xcp.tetrate.io/v2/WorkspaceSetting" supported by XCP?
A: Yes
Q: Is it an internal config of XCP?
A: No
Q: Is this config object managed by XCP?
A: Yes
Q: Did the Push Context report an ERROR for this config?
A: No
Q: Did the Push Context IGNORE this config?
A: No
Q: Does the namespace selector resolve into at least ONE namespace in this cluster?
A: Yes
I: Checking the config status in each of the 1 target namespace(s): [client-c0]
I: [1/1] verdict in "client-c0" namespace: Config Status is APPLIED since there were NO translation errors and the config IS mapped onto output config(s)
I: Status summary across 1 target namespace(s): APPLIED in 1 namespace(s)
I: Using "lenient" strategy to decide on the aggregated status across 1 target namespace(s)
Q: Have there been any errors while translating this config in ANY of the 1 target namespaces?
A: No
Q: Has the config been APPLIED in at least ONE of the target namespaces?
A: Yes
Verdict: Config Status is "lenient" APPLIED since the config has been APPLIED in at least ONE of the target namespaces
Config Status:
```yaml
---
configId:
  group: xcp.tetrate.io
  kind: WorkspaceSetting
  name: xc-ws-settings
  namespace: istio-system
  version: v2
details: 'Status summary across 1 target namespace(s): APPLIED in 1 namespace(s)'
metadata:
  annotations:
    kubectl.kubernetes.io/last-applied-configuration: |
      {"apiVersion":"xcp.tetrate.io/v2","kind":"WorkspaceSetting","metadata":{"annotations":{},"labels":{"xcp.tetrate.io/workspace":"xc-ws"},"name":"xc-ws-settings","namespace":"xcp-system"},"spec":{"defaultEastWestGatewaySettings":[{"exposedServices":[{"serviceLabels":{"app":"backend"}}],"workloadSelector":{"labels":{"app":"ew-gateway"},"namespace":"backend-c1"}}]}}
  labels:
    xcp.tetrate.io/workspace: xc-ws
result: APPLIED
```

2026-05-23T08:39:13.040330Z	debug	status	generated status report in 625.917µs
2026-05-23T08:39:13.040338Z	debug	debounce	notify cbk returned	id=a09a36e7
2026-05-23T08:39:13.040340Z	debug	debounce	Applying exponential step-up. maxSilentCurrent updated to: 2s	id=a09a36e7
2026-05-23T08:39:13.040344Z	debug	status	triggering status report sender with 4 messages
2026-05-23T08:39:13.040380Z	debug	status	successfully sent config-status report(epoch:50, messages:4) in 32.625µs
2026-05-23T08:39:13.040038Z	debug	cluster-state	triggerConfigTranslation false ,triggerConfigTranslationReason false 
2026-05-23T08:39:13.040400Z	debug	cluster-state	All gateway hostname mappings are same.
2026-05-23T08:39:13.040403Z	debug	cluster-state	All gatewayHost bounded k8s svcs have same addresses.
2026-05-23T08:39:13.040404Z	debug	cluster-state	No significant changes detected; skipping report to other clusters.
2026-05-23T08:39:13.040405Z	debug	cluster-state	No significant changes detected for east-west services; skipping report to other clusters.
2026-05-23T08:39:13.040407Z	debug	cluster-state	All gateway hostname mappings are same.
2026-05-23T08:39:13.040413Z	debug	cluster-state	handleClusterStateChangedEvent, actions: map[sendHeaderToCentral:{}]
2026-05-23T08:39:13.040442Z	debug	discovery-server	wrote channel for sending header only
2026-05-23T08:39:13.040447Z	debug	cluster-state	Sent header to central
2026-05-23T08:39:13.040467Z	debug	discovery-server	Sending cluster-state update to central xcp
2026-05-23T08:39:13.040480Z	debug	discovery-server	Done sending cluster-state to central xcp
2026-05-23T08:39:13.945733Z	error	stream	[config-status] Error receiving on stream: gRPC status code Unavailable: closing transport due to: connection error: desc = "error reading from server: EOF", received prior goaway: code: ENHANCE_YOUR_CALM, debug data: "too_many_pings"	name=config-status-771be08d
2026-05-23T08:39:13.945754Z	debug	stream	[config-status] canceling context	name=config-status-771be08d
2026-05-23T08:39:13.945757Z	debug	stream	[config-status] wg wait	name=config-status-771be08d
2026-05-23T08:39:13.945772Z	error	stream	[config-status] Error sending on stream: sendFunc returning on exit	name=config-status-771be08d
2026-05-23T08:39:13.945776Z	warn	stream	[config-status] Error sending on stream: sendFunc returning on exit	name=config-status-771be08d
2026-05-23T08:39:13.945778Z	debug	stream	[config-status] closing stream	name=config-status-771be08d
2026-05-23T08:39:13.945780Z	debug	stream	[config-status] sending CloseSend	name=config-status-771be08d
2026-05-23T08:39:13.945784Z	info	stream	[config-status] closed stream, err=<nil>	name=config-status-771be08d
2026-05-23T08:39:13.945785Z	info	stream	[config-status] establishing new stream	name=config-status-771be08d
2026-05-23T08:39:13.945790Z	info	stream	[config-status] connecting new permanent stream with max age 8760h0m0s	name=config-status-771be08d
2026-05-23T08:39:13.945946Z	info	discovery-server	Connecting to XCP central using JWT auth
2026-05-23T08:39:13.945999Z	debug	security	Read provided XCP Central certificate chain:
-----BEGIN CERTIFICATE-----
MIIFbTCCA1WgAwIBAgIUBD0/+0EfuEYZvVjrKE5cvNEja8swDQYJKoZIhvcNAQEL
BQAwRjELMAkGA1UEBhMCVVMxCzAJBgNVBAgMAkNBMRAwDgYDVQQKDAdUZXRyYXRl
MRgwFgYDVQQDDA9YQ1AtZTJlLXRlc3QtY2EwHhcNMjQwNjE3MTMxMjAzWhcNMzQw
NjE1MTMxMjAzWjBGMQswCQYDVQQGEwJVUzELMAkGA1UECAwCQ0ExEDAOBgNVBAoM
B1RldHJhdGUxGDAWBgNVBAMMD1hDUC1lMmUtdGVzdC1jYTCCAiIwDQYJKoZIhvcN
AQEBBQADggIPADCCAgoCggIBAIkO9mBBITqNjJed3zjKhu15p4EkX7qkDaKQjQdu
9zEvocDbtZU81ibmjuQFlL0vAiqHfKA8nUXKdidI9xHNdS7xUp3IlZoEFWX1jBUD
SLgQooe8BIIcEXfkVO019jLfMbDB5tQ6jzsjZ4F3ER5wh5rkLhEfbvq4ZiF3zQD/
82LDU5vwJ91qDWCHl8og9rla5MaAX2fTZhkQUQJiDip9uZ0Ft5lai1fKq8gICrod
4iPfiZH6sJB5cTC/aHd8CHY3FrJp8ZuGhZQzaV6PvfdFsCr+EISDlCkNdlNov7hA
Z8F8bRGrEqPAcYsS/Kk94oLAQBW7YvTPBrFnDWmyMnaKjCLGqTHmAY3tTrSI31lb
rnNakF2EGziOwNjxsI84d61U6KFtXMtsgKCNJr/MORVS/0f9yA7Q0WE5bEdx24m9
+qaWnMd5FtjC38GEALfSmo9YN3+Q+M+hdfipPKpv0khjHX7yPTrFvAOHi1wsy3Hj
1OdDFr/H9pG12DnlToVruVDfr5xypoWNK8pf2utZcMOcBzdfMNAVCqeE84BrPu2c
8mHinMfWX10X14nd2gdMUYyBgGqJGqiLuFMdthyCWpmg9BbYK013Esn36v8ap7gE
/VIiY/YTYNtmKE12IhBDa+y6izBXo69OAMB7iZHPDW5lnAXKfpGtaZO+9pqrTCI0
vdNTAgMBAAGjUzBRMB0GA1UdDgQWBBSlvheSoWwG4xtqKfuEWkYlmN0YbTAfBgNV
HSMEGDAWgBSlvheSoWwG4xtqKfuEWkYlmN0YbTAPBgNVHRMBAf8EBTADAQH/MA0G
CSqGSIb3DQEBCwUAA4ICAQACp7Yw/dQGSinvV0Z5kYjugapyBE7iIpyqRh2UgYzz
HT3bcXfSz95YO/TB+utF1C8g4yqxW8b5G0EIRgg9uqtxvrGmK18o6x2N1GEeCcfU
ke2xqrOP7dpWk3uwT2aeJN/LjfqR2KADscKtD7V5EN8v3JgH3Ul0M5g9RalaEppv
yQr0H9B8sdxRawIxD+HO1S/lsQhlGGCmgTQQF23gRmL1oxwR3Mujx9Se2NHZi0ha
fcyll1OLtUxsD6cNjwiqoiv5J1TV9Ukux2tyO/gQmdheuyZoKt6+lObL8DIStQuK
IGcaX7mMKGMD7URAR4crUSP6AFHZ4tRJ7Ryu0vv2+JBjH24LVM8PIHQYqgnAohar
7n/laa7bXlKueuTo7EAVGTYPnV/CGYm/MKJ1cYll/aRBFYcU4m+fOF4AAOo/8umu
kFFHbv+Abnei/pEYb77vsBaHE68gT5YLM/pY/6XXa2+UVROCBQXbLps/0GZk2FTS
tHKBteLYBVia9F7HSAP1wAl4qt+r7D7wm9gtchwp2vqNI6vMJYHSDbjk9q255DVs
Tew5/zH2PlvDaNMyLCnueC9VzFqBou/ZDmqUyOAlxDr4VC5NwnbgT8eyqcwlip3Y
9IWjGcTB5TSlndw5NVe48g1UTtR5Ji7mRyZxtLjLu0JPby9UJeM7ouJ+/y6ybh3U
oQ==
-----END CERTIFICATE-----

2026-05-23T08:39:13.946050Z	info	grpc-client	Fetched CA certificates required to verify connection to central
2026-05-23T08:39:13.946081Z	debug	security	Read provided XCP Central certificate chain:
-----BEGIN CERTIFICATE-----
MIIFbTCCA1WgAwIBAgIUBD0/+0EfuEYZvVjrKE5cvNEja8swDQYJKoZIhvcNAQEL
BQAwRjELMAkGA1UEBhMCVVMxCzAJBgNVBAgMAkNBMRAwDgYDVQQKDAdUZXRyYXRl
MRgwFgYDVQQDDA9YQ1AtZTJlLXRlc3QtY2EwHhcNMjQwNjE3MTMxMjAzWhcNMzQw
NjE1MTMxMjAzWjBGMQswCQYDVQQGEwJVUzELMAkGA1UECAwCQ0ExEDAOBgNVBAoM
B1RldHJhdGUxGDAWBgNVBAMMD1hDUC1lMmUtdGVzdC1jYTCCAiIwDQYJKoZIhvcN
AQEBBQADggIPADCCAgoCggIBAIkO9mBBITqNjJed3zjKhu15p4EkX7qkDaKQjQdu
9zEvocDbtZU81ibmjuQFlL0vAiqHfKA8nUXKdidI9xHNdS7xUp3IlZoEFWX1jBUD
SLgQooe8BIIcEXfkVO019jLfMbDB5tQ6jzsjZ4F3ER5wh5rkLhEfbvq4ZiF3zQD/
82LDU5vwJ91qDWCHl8og9rla5MaAX2fTZhkQUQJiDip9uZ0Ft5lai1fKq8gICrod
4iPfiZH6sJB5cTC/aHd8CHY3FrJp8ZuGhZQzaV6PvfdFsCr+EISDlCkNdlNov7hA
Z8F8bRGrEqPAcYsS/Kk94oLAQBW7YvTPBrFnDWmyMnaKjCLGqTHmAY3tTrSI31lb
rnNakF2EGziOwNjxsI84d61U6KFtXMtsgKCNJr/MORVS/0f9yA7Q0WE5bEdx24m9
+qaWnMd5FtjC38GEALfSmo9YN3+Q+M+hdfipPKpv0khjHX7yPTrFvAOHi1wsy3Hj
1OdDFr/H9pG12DnlToVruVDfr5xypoWNK8pf2utZcMOcBzdfMNAVCqeE84BrPu2c
8mHinMfWX10X14nd2gdMUYyBgGqJGqiLuFMdthyCWpmg9BbYK013Esn36v8ap7gE
/VIiY/YTYNtmKE12IhBDa+y6izBXo69OAMB7iZHPDW5lnAXKfpGtaZO+9pqrTCI0
vdNTAgMBAAGjUzBRMB0GA1UdDgQWBBSlvheSoWwG4xtqKfuEWkYlmN0YbTAfBgNV
HSMEGDAWgBSlvheSoWwG4xtqKfuEWkYlmN0YbTAPBgNVHRMBAf8EBTADAQH/MA0G
CSqGSIb3DQEBCwUAA4ICAQACp7Yw/dQGSinvV0Z5kYjugapyBE7iIpyqRh2UgYzz
HT3bcXfSz95YO/TB+utF1C8g4yqxW8b5G0EIRgg9uqtxvrGmK18o6x2N1GEeCcfU
ke2xqrOP7dpWk3uwT2aeJN/LjfqR2KADscKtD7V5EN8v3JgH3Ul0M5g9RalaEppv
yQr0H9B8sdxRawIxD+HO1S/lsQhlGGCmgTQQF23gRmL1oxwR3Mujx9Se2NHZi0ha
fcyll1OLtUxsD6cNjwiqoiv5J1TV9Ukux2tyO/gQmdheuyZoKt6+lObL8DIStQuK
IGcaX7mMKGMD7URAR4crUSP6AFHZ4tRJ7Ryu0vv2+JBjH24LVM8PIHQYqgnAohar
7n/laa7bXlKueuTo7EAVGTYPnV/CGYm/MKJ1cYll/aRBFYcU4m+fOF4AAOo/8umu
kFFHbv+Abnei/pEYb77vsBaHE68gT5YLM/pY/6XXa2+UVROCBQXbLps/0GZk2FTS
tHKBteLYBVia9F7HSAP1wAl4qt+r7D7wm9gtchwp2vqNI6vMJYHSDbjk9q255DVs
Tew5/zH2PlvDaNMyLCnueC9VzFqBou/ZDmqUyOAlxDr4VC5NwnbgT8eyqcwlip3Y
9IWjGcTB5TSlndw5NVe48g1UTtR5Ji7mRyZxtLjLu0JPby9UJeM7ouJ+/y6ybh3U
oQ==
-----END CERTIFICATE-----

2026-05-23T08:39:13.946100Z	info	grpc-client	Fetched CA certificates required to verify connection to central
2026-05-23T08:39:13.948843Z	debug	security	Read provided XCP Central certificate chain:
-----BEGIN CERTIFICATE-----
MIIFbTCCA1WgAwIBAgIUBD0/+0EfuEYZvVjrKE5cvNEja8swDQYJKoZIhvcNAQEL
BQAwRjELMAkGA1UEBhMCVVMxCzAJBgNVBAgMAkNBMRAwDgYDVQQKDAdUZXRyYXRl
MRgwFgYDVQQDDA9YQ1AtZTJlLXRlc3QtY2EwHhcNMjQwNjE3MTMxMjAzWhcNMzQw
NjE1MTMxMjAzWjBGMQswCQYDVQQGEwJVUzELMAkGA1UECAwCQ0ExEDAOBgNVBAoM
B1RldHJhdGUxGDAWBgNVBAMMD1hDUC1lMmUtdGVzdC1jYTCCAiIwDQYJKoZIhvcN
AQEBBQADggIPADCCAgoCggIBAIkO9mBBITqNjJed3zjKhu15p4EkX7qkDaKQjQdu
9zEvocDbtZU81ibmjuQFlL0vAiqHfKA8nUXKdidI9xHNdS7xUp3IlZoEFWX1jBUD
SLgQooe8BIIcEXfkVO019jLfMbDB5tQ6jzsjZ4F3ER5wh5rkLhEfbvq4ZiF3zQD/
82LDU5vwJ91qDWCHl8og9rla5MaAX2fTZhkQUQJiDip9uZ0Ft5lai1fKq8gICrod
4iPfiZH6sJB5cTC/aHd8CHY3FrJp8ZuGhZQzaV6PvfdFsCr+EISDlCkNdlNov7hA
Z8F8bRGrEqPAcYsS/Kk94oLAQBW7YvTPBrFnDWmyMnaKjCLGqTHmAY3tTrSI31lb
rnNakF2EGziOwNjxsI84d61U6KFtXMtsgKCNJr/MORVS/0f9yA7Q0WE5bEdx24m9
+qaWnMd5FtjC38GEALfSmo9YN3+Q+M+hdfipPKpv0khjHX7yPTrFvAOHi1wsy3Hj
1OdDFr/H9pG12DnlToVruVDfr5xypoWNK8pf2utZcMOcBzdfMNAVCqeE84BrPu2c
8mHinMfWX10X14nd2gdMUYyBgGqJGqiLuFMdthyCWpmg9BbYK013Esn36v8ap7gE
/VIiY/YTYNtmKE12IhBDa+y6izBXo69OAMB7iZHPDW5lnAXKfpGtaZO+9pqrTCI0
vdNTAgMBAAGjUzBRMB0GA1UdDgQWBBSlvheSoWwG4xtqKfuEWkYlmN0YbTAfBgNV
HSMEGDAWgBSlvheSoWwG4xtqKfuEWkYlmN0YbTAPBgNVHRMBAf8EBTADAQH/MA0G
CSqGSIb3DQEBCwUAA4ICAQACp7Yw/dQGSinvV0Z5kYjugapyBE7iIpyqRh2UgYzz
HT3bcXfSz95YO/TB+utF1C8g4yqxW8b5G0EIRgg9uqtxvrGmK18o6x2N1GEeCcfU
ke2xqrOP7dpWk3uwT2aeJN/LjfqR2KADscKtD7V5EN8v3JgH3Ul0M5g9RalaEppv
yQr0H9B8sdxRawIxD+HO1S/lsQhlGGCmgTQQF23gRmL1oxwR3Mujx9Se2NHZi0ha
fcyll1OLtUxsD6cNjwiqoiv5J1TV9Ukux2tyO/gQmdheuyZoKt6+lObL8DIStQuK
IGcaX7mMKGMD7URAR4crUSP6AFHZ4tRJ7Ryu0vv2+JBjH24LVM8PIHQYqgnAohar
7n/laa7bXlKueuTo7EAVGTYPnV/CGYm/MKJ1cYll/aRBFYcU4m+fOF4AAOo/8umu
kFFHbv+Abnei/pEYb77vsBaHE68gT5YLM/pY/6XXa2+UVROCBQXbLps/0GZk2FTS
tHKBteLYBVia9F7HSAP1wAl4qt+r7D7wm9gtchwp2vqNI6vMJYHSDbjk9q255DVs
Tew5/zH2PlvDaNMyLCnueC9VzFqBou/ZDmqUyOAlxDr4VC5NwnbgT8eyqcwlip3Y
9IWjGcTB5TSlndw5NVe48g1UTtR5Ji7mRyZxtLjLu0JPby9UJeM7ouJ+/y6ybh3U
oQ==
-----END CERTIFICATE-----

2026-05-23T08:39:13.948908Z	info	grpc-client	Fetched CA certificates required to verify connection to central
2026-05-23T08:39:13.950856Z	info	stream	[config-status] connected	name=config-status-771be08d
2026-05-23T08:39:13.950866Z	debug	stream	[config-status] Spawning cluster statusLabel send goroutine	name=config-status-771be08d
2026-05-23T08:39:13.950878Z	debug	status	re-triggering status report on connect
2026-05-23T08:39:13.950880Z	debug	status	sent-epoch(50) matches generated-epoch(50) and hence skipping
2026-05-23T08:39:14.036717Z	debug	debounce	resetting maxSilentCurrent. updated: 1s	id=fcd9f881
2026-05-23T08:39:15.040999Z	debug	debounce	resetting maxSilentCurrent. updated: 1s	id=a09a36e7
2026-05-23T08:39:15.041023Z	debug	debounce	resetting maxSilentCurrent. updated: 1s	id=919326fd
2026-05-23T08:40:11.030061Z	debug	discovery-server	Sending config resync request update to central xcp
2026-05-23T08:40:11.030125Z	debug	discovery-server	Done sending config resync request to central xcp
2026-05-23T08:40:11.030683Z	debug	discovery-server	Received resync keepalive response from central xcp.
2026-05-23T08:40:11.030703Z	debug	discovery-server	Waiting on recv for crds
2026-05-23T08:40:38.124442Z	debug	discovery-server	Received cluster state update for cluster cluster-1 from central xcp
2026-05-23T08:40:38.124474Z	debug	mc-configapply	Cluster cluster-1 exposed services changed: false
2026-05-23T08:40:38.124480Z	debug	mc-configapply	Downloaded cluster status updates for cluster cluster-1 and regenerated service entries
2026-05-23T08:40:38.124484Z	debug	discovery-server	Waiting on recv for cluster updates
2026-05-23T08:40:38.124496Z	debug	discovery-server	Applying cluster config: cluster-1
2026-05-23T08:40:38.124724Z	info	discovery-server	compressed cluster state cluster-1 size (bytes): 2007
2026-05-23T08:40:38.124778Z	debug	failed to extract annotations map from k8s object, create an empty annotations map
2026-05-23T08:40:38.124791Z	debug	configapply	computed hash for Cluster:istio-system/cluster-1 - 4534dd298644aa72df5d9a945414a256
2026-05-23T08:40:38.124798Z	debug	discovery-server	Updating spec istio-system/cluster-1:
2026-05-23T08:40:38.126764Z	debug	handling validation webhook for xcp.tetrate.io/v2, Kind=Cluster
2026-05-23T08:40:38.127054Z	info	Authorized Admission request for UPDATE operation on xcp.tetrate.io/v2, Kind=Cluster/cluster-1 for username system:serviceaccount:istio-system:xcp-edge
2026-05-23T08:41:11.031439Z	debug	discovery-server	Sending config resync request update to central xcp
2026-05-23T08:41:11.031498Z	debug	discovery-server	Done sending config resync request to central xcp
2026-05-23T08:41:11.031816Z	debug	discovery-server	Received resync keepalive response from central xcp.
2026-05-23T08:41:11.031830Z	debug	discovery-server	Waiting on recv for crds
2026-05-23T08:41:13.956200Z	debug	security	Read provided XCP Central certificate chain:
-----BEGIN CERTIFICATE-----
MIIFbTCCA1WgAwIBAgIUBD0/+0EfuEYZvVjrKE5cvNEja8swDQYJKoZIhvcNAQEL
BQAwRjELMAkGA1UEBhMCVVMxCzAJBgNVBAgMAkNBMRAwDgYDVQQKDAdUZXRyYXRl
MRgwFgYDVQQDDA9YQ1AtZTJlLXRlc3QtY2EwHhcNMjQwNjE3MTMxMjAzWhcNMzQw
NjE1MTMxMjAzWjBGMQswCQYDVQQGEwJVUzELMAkGA1UECAwCQ0ExEDAOBgNVBAoM
B1RldHJhdGUxGDAWBgNVBAMMD1hDUC1lMmUtdGVzdC1jYTCCAiIwDQYJKoZIhvcN
AQEBBQADggIPADCCAgoCggIBAIkO9mBBITqNjJed3zjKhu15p4EkX7qkDaKQjQdu
9zEvocDbtZU81ibmjuQFlL0vAiqHfKA8nUXKdidI9xHNdS7xUp3IlZoEFWX1jBUD
SLgQooe8BIIcEXfkVO019jLfMbDB5tQ6jzsjZ4F3ER5wh5rkLhEfbvq4ZiF3zQD/
82LDU5vwJ91qDWCHl8og9rla5MaAX2fTZhkQUQJiDip9uZ0Ft5lai1fKq8gICrod
4iPfiZH6sJB5cTC/aHd8CHY3FrJp8ZuGhZQzaV6PvfdFsCr+EISDlCkNdlNov7hA
Z8F8bRGrEqPAcYsS/Kk94oLAQBW7YvTPBrFnDWmyMnaKjCLGqTHmAY3tTrSI31lb
rnNakF2EGziOwNjxsI84d61U6KFtXMtsgKCNJr/MORVS/0f9yA7Q0WE5bEdx24m9
+qaWnMd5FtjC38GEALfSmo9YN3+Q+M+hdfipPKpv0khjHX7yPTrFvAOHi1wsy3Hj
1OdDFr/H9pG12DnlToVruVDfr5xypoWNK8pf2utZcMOcBzdfMNAVCqeE84BrPu2c
8mHinMfWX10X14nd2gdMUYyBgGqJGqiLuFMdthyCWpmg9BbYK013Esn36v8ap7gE
/VIiY/YTYNtmKE12IhBDa+y6izBXo69OAMB7iZHPDW5lnAXKfpGtaZO+9pqrTCI0
vdNTAgMBAAGjUzBRMB0GA1UdDgQWBBSlvheSoWwG4xtqKfuEWkYlmN0YbTAfBgNV
HSMEGDAWgBSlvheSoWwG4xtqKfuEWkYlmN0YbTAPBgNVHRMBAf8EBTADAQH/MA0G
CSqGSIb3DQEBCwUAA4ICAQACp7Yw/dQGSinvV0Z5kYjugapyBE7iIpyqRh2UgYzz
HT3bcXfSz95YO/TB+utF1C8g4yqxW8b5G0EIRgg9uqtxvrGmK18o6x2N1GEeCcfU
ke2xqrOP7dpWk3uwT2aeJN/LjfqR2KADscKtD7V5EN8v3JgH3Ul0M5g9RalaEppv
yQr0H9B8sdxRawIxD+HO1S/lsQhlGGCmgTQQF23gRmL1oxwR3Mujx9Se2NHZi0ha
fcyll1OLtUxsD6cNjwiqoiv5J1TV9Ukux2tyO/gQmdheuyZoKt6+lObL8DIStQuK
IGcaX7mMKGMD7URAR4crUSP6AFHZ4tRJ7Ryu0vv2+JBjH24LVM8PIHQYqgnAohar
7n/laa7bXlKueuTo7EAVGTYPnV/CGYm/MKJ1cYll/aRBFYcU4m+fOF4AAOo/8umu
kFFHbv+Abnei/pEYb77vsBaHE68gT5YLM/pY/6XXa2+UVROCBQXbLps/0GZk2FTS
tHKBteLYBVia9F7HSAP1wAl4qt+r7D7wm9gtchwp2vqNI6vMJYHSDbjk9q255DVs
Tew5/zH2PlvDaNMyLCnueC9VzFqBou/ZDmqUyOAlxDr4VC5NwnbgT8eyqcwlip3Y
9IWjGcTB5TSlndw5NVe48g1UTtR5Ji7mRyZxtLjLu0JPby9UJeM7ouJ+/y6ybh3U
oQ==
-----END CERTIFICATE-----

2026-05-23T08:41:13.956347Z	info	grpc-client	Fetched CA certificates required to verify connection to central
2026-05-23T08:41:14.956891Z	error	stream	[config-status] Error receiving on stream: gRPC status code Unavailable: closing transport due to: connection error: desc = "error reading from server: EOF", received prior goaway: code: ENHANCE_YOUR_CALM, debug data: "too_many_pings"	name=config-status-771be08d
2026-05-23T08:41:14.956936Z	debug	stream	[config-status] canceling context	name=config-status-771be08d
2026-05-23T08:41:14.956952Z	debug	stream	[config-status] wg wait	name=config-status-771be08d
2026-05-23T08:41:14.956973Z	error	stream	[config-status] Error sending on stream: sendFunc returning on exit	name=config-status-771be08d
2026-05-23T08:41:14.956983Z	warn	stream	[config-status] Error sending on stream: sendFunc returning on exit	name=config-status-771be08d
2026-05-23T08:41:14.956989Z	debug	stream	[config-status] closing stream	name=config-status-771be08d
2026-05-23T08:41:14.957000Z	debug	stream	[config-status] sending CloseSend	name=config-status-771be08d
2026-05-23T08:41:14.957012Z	info	stream	[config-status] closed stream, err=<nil>	name=config-status-771be08d
2026-05-23T08:41:14.957021Z	info	stream	[config-status] establishing new stream	name=config-status-771be08d
2026-05-23T08:41:14.957025Z	info	stream	[config-status] connecting new permanent stream with max age 8760h0m0s	name=config-status-771be08d
2026-05-23T08:41:14.957258Z	info	discovery-server	Connecting to XCP central using JWT auth
2026-05-23T08:41:14.957350Z	debug	security	Read provided XCP Central certificate chain:
-----BEGIN CERTIFICATE-----
MIIFbTCCA1WgAwIBAgIUBD0/+0EfuEYZvVjrKE5cvNEja8swDQYJKoZIhvcNAQEL
BQAwRjELMAkGA1UEBhMCVVMxCzAJBgNVBAgMAkNBMRAwDgYDVQQKDAdUZXRyYXRl
MRgwFgYDVQQDDA9YQ1AtZTJlLXRlc3QtY2EwHhcNMjQwNjE3MTMxMjAzWhcNMzQw
NjE1MTMxMjAzWjBGMQswCQYDVQQGEwJVUzELMAkGA1UECAwCQ0ExEDAOBgNVBAoM
B1RldHJhdGUxGDAWBgNVBAMMD1hDUC1lMmUtdGVzdC1jYTCCAiIwDQYJKoZIhvcN
AQEBBQADggIPADCCAgoCggIBAIkO9mBBITqNjJed3zjKhu15p4EkX7qkDaKQjQdu
9zEvocDbtZU81ibmjuQFlL0vAiqHfKA8nUXKdidI9xHNdS7xUp3IlZoEFWX1jBUD
SLgQooe8BIIcEXfkVO019jLfMbDB5tQ6jzsjZ4F3ER5wh5rkLhEfbvq4ZiF3zQD/
82LDU5vwJ91qDWCHl8og9rla5MaAX2fTZhkQUQJiDip9uZ0Ft5lai1fKq8gICrod
4iPfiZH6sJB5cTC/aHd8CHY3FrJp8ZuGhZQzaV6PvfdFsCr+EISDlCkNdlNov7hA
Z8F8bRGrEqPAcYsS/Kk94oLAQBW7YvTPBrFnDWmyMnaKjCLGqTHmAY3tTrSI31lb
rnNakF2EGziOwNjxsI84d61U6KFtXMtsgKCNJr/MORVS/0f9yA7Q0WE5bEdx24m9
+qaWnMd5FtjC38GEALfSmo9YN3+Q+M+hdfipPKpv0khjHX7yPTrFvAOHi1wsy3Hj
1OdDFr/H9pG12DnlToVruVDfr5xypoWNK8pf2utZcMOcBzdfMNAVCqeE84BrPu2c
8mHinMfWX10X14nd2gdMUYyBgGqJGqiLuFMdthyCWpmg9BbYK013Esn36v8ap7gE
/VIiY/YTYNtmKE12IhBDa+y6izBXo69OAMB7iZHPDW5lnAXKfpGtaZO+9pqrTCI0
vdNTAgMBAAGjUzBRMB0GA1UdDgQWBBSlvheSoWwG4xtqKfuEWkYlmN0YbTAfBgNV
HSMEGDAWgBSlvheSoWwG4xtqKfuEWkYlmN0YbTAPBgNVHRMBAf8EBTADAQH/MA0G
CSqGSIb3DQEBCwUAA4ICAQACp7Yw/dQGSinvV0Z5kYjugapyBE7iIpyqRh2UgYzz
HT3bcXfSz95YO/TB+utF1C8g4yqxW8b5G0EIRgg9uqtxvrGmK18o6x2N1GEeCcfU
ke2xqrOP7dpWk3uwT2aeJN/LjfqR2KADscKtD7V5EN8v3JgH3Ul0M5g9RalaEppv
yQr0H9B8sdxRawIxD+HO1S/lsQhlGGCmgTQQF23gRmL1oxwR3Mujx9Se2NHZi0ha
fcyll1OLtUxsD6cNjwiqoiv5J1TV9Ukux2tyO/gQmdheuyZoKt6+lObL8DIStQuK
IGcaX7mMKGMD7URAR4crUSP6AFHZ4tRJ7Ryu0vv2+JBjH24LVM8PIHQYqgnAohar
7n/laa7bXlKueuTo7EAVGTYPnV/CGYm/MKJ1cYll/aRBFYcU4m+fOF4AAOo/8umu
kFFHbv+Abnei/pEYb77vsBaHE68gT5YLM/pY/6XXa2+UVROCBQXbLps/0GZk2FTS
tHKBteLYBVia9F7HSAP1wAl4qt+r7D7wm9gtchwp2vqNI6vMJYHSDbjk9q255DVs
Tew5/zH2PlvDaNMyLCnueC9VzFqBou/ZDmqUyOAlxDr4VC5NwnbgT8eyqcwlip3Y
9IWjGcTB5TSlndw5NVe48g1UTtR5Ji7mRyZxtLjLu0JPby9UJeM7ouJ+/y6ybh3U
oQ==
-----END CERTIFICATE-----

2026-05-23T08:41:14.957407Z	info	grpc-client	Fetched CA certificates required to verify connection to central
2026-05-23T08:41:14.957440Z	debug	security	Read provided XCP Central certificate chain:
-----BEGIN CERTIFICATE-----
MIIFbTCCA1WgAwIBAgIUBD0/+0EfuEYZvVjrKE5cvNEja8swDQYJKoZIhvcNAQEL
BQAwRjELMAkGA1UEBhMCVVMxCzAJBgNVBAgMAkNBMRAwDgYDVQQKDAdUZXRyYXRl
MRgwFgYDVQQDDA9YQ1AtZTJlLXRlc3QtY2EwHhcNMjQwNjE3MTMxMjAzWhcNMzQw
NjE1MTMxMjAzWjBGMQswCQYDVQQGEwJVUzELMAkGA1UECAwCQ0ExEDAOBgNVBAoM
B1RldHJhdGUxGDAWBgNVBAMMD1hDUC1lMmUtdGVzdC1jYTCCAiIwDQYJKoZIhvcN
AQEBBQADggIPADCCAgoCggIBAIkO9mBBITqNjJed3zjKhu15p4EkX7qkDaKQjQdu
9zEvocDbtZU81ibmjuQFlL0vAiqHfKA8nUXKdidI9xHNdS7xUp3IlZoEFWX1jBUD
SLgQooe8BIIcEXfkVO019jLfMbDB5tQ6jzsjZ4F3ER5wh5rkLhEfbvq4ZiF3zQD/
82LDU5vwJ91qDWCHl8og9rla5MaAX2fTZhkQUQJiDip9uZ0Ft5lai1fKq8gICrod
4iPfiZH6sJB5cTC/aHd8CHY3FrJp8ZuGhZQzaV6PvfdFsCr+EISDlCkNdlNov7hA
Z8F8bRGrEqPAcYsS/Kk94oLAQBW7YvTPBrFnDWmyMnaKjCLGqTHmAY3tTrSI31lb
rnNakF2EGziOwNjxsI84d61U6KFtXMtsgKCNJr/MORVS/0f9yA7Q0WE5bEdx24m9
+qaWnMd5FtjC38GEALfSmo9YN3+Q+M+hdfipPKpv0khjHX7yPTrFvAOHi1wsy3Hj
1OdDFr/H9pG12DnlToVruVDfr5xypoWNK8pf2utZcMOcBzdfMNAVCqeE84BrPu2c
8mHinMfWX10X14nd2gdMUYyBgGqJGqiLuFMdthyCWpmg9BbYK013Esn36v8ap7gE
/VIiY/YTYNtmKE12IhBDa+y6izBXo69OAMB7iZHPDW5lnAXKfpGtaZO+9pqrTCI0
vdNTAgMBAAGjUzBRMB0GA1UdDgQWBBSlvheSoWwG4xtqKfuEWkYlmN0YbTAfBgNV
HSMEGDAWgBSlvheSoWwG4xtqKfuEWkYlmN0YbTAPBgNVHRMBAf8EBTADAQH/MA0G
CSqGSIb3DQEBCwUAA4ICAQACp7Yw/dQGSinvV0Z5kYjugapyBE7iIpyqRh2UgYzz
HT3bcXfSz95YO/TB+utF1C8g4yqxW8b5G0EIRgg9uqtxvrGmK18o6x2N1GEeCcfU
ke2xqrOP7dpWk3uwT2aeJN/LjfqR2KADscKtD7V5EN8v3JgH3Ul0M5g9RalaEppv
yQr0H9B8sdxRawIxD+HO1S/lsQhlGGCmgTQQF23gRmL1oxwR3Mujx9Se2NHZi0ha
fcyll1OLtUxsD6cNjwiqoiv5J1TV9Ukux2tyO/gQmdheuyZoKt6+lObL8DIStQuK
IGcaX7mMKGMD7URAR4crUSP6AFHZ4tRJ7Ryu0vv2+JBjH24LVM8PIHQYqgnAohar
7n/laa7bXlKueuTo7EAVGTYPnV/CGYm/MKJ1cYll/aRBFYcU4m+fOF4AAOo/8umu
kFFHbv+Abnei/pEYb77vsBaHE68gT5YLM/pY/6XXa2+UVROCBQXbLps/0GZk2FTS
tHKBteLYBVia9F7HSAP1wAl4qt+r7D7wm9gtchwp2vqNI6vMJYHSDbjk9q255DVs
Tew5/zH2PlvDaNMyLCnueC9VzFqBou/ZDmqUyOAlxDr4VC5NwnbgT8eyqcwlip3Y
9IWjGcTB5TSlndw5NVe48g1UTtR5Ji7mRyZxtLjLu0JPby9UJeM7ouJ+/y6ybh3U
oQ==
-----END CERTIFICATE-----

2026-05-23T08:41:14.957468Z	info	grpc-client	Fetched CA certificates required to verify connection to central
2026-05-23T08:41:14.959692Z	debug	security	Read provided XCP Central certificate chain:
-----BEGIN CERTIFICATE-----
MIIFbTCCA1WgAwIBAgIUBD0/+0EfuEYZvVjrKE5cvNEja8swDQYJKoZIhvcNAQEL
BQAwRjELMAkGA1UEBhMCVVMxCzAJBgNVBAgMAkNBMRAwDgYDVQQKDAdUZXRyYXRl
MRgwFgYDVQQDDA9YQ1AtZTJlLXRlc3QtY2EwHhcNMjQwNjE3MTMxMjAzWhcNMzQw
NjE1MTMxMjAzWjBGMQswCQYDVQQGEwJVUzELMAkGA1UECAwCQ0ExEDAOBgNVBAoM
B1RldHJhdGUxGDAWBgNVBAMMD1hDUC1lMmUtdGVzdC1jYTCCAiIwDQYJKoZIhvcN
AQEBBQADggIPADCCAgoCggIBAIkO9mBBITqNjJed3zjKhu15p4EkX7qkDaKQjQdu
9zEvocDbtZU81ibmjuQFlL0vAiqHfKA8nUXKdidI9xHNdS7xUp3IlZoEFWX1jBUD
SLgQooe8BIIcEXfkVO019jLfMbDB5tQ6jzsjZ4F3ER5wh5rkLhEfbvq4ZiF3zQD/
82LDU5vwJ91qDWCHl8og9rla5MaAX2fTZhkQUQJiDip9uZ0Ft5lai1fKq8gICrod
4iPfiZH6sJB5cTC/aHd8CHY3FrJp8ZuGhZQzaV6PvfdFsCr+EISDlCkNdlNov7hA
Z8F8bRGrEqPAcYsS/Kk94oLAQBW7YvTPBrFnDWmyMnaKjCLGqTHmAY3tTrSI31lb
rnNakF2EGziOwNjxsI84d61U6KFtXMtsgKCNJr/MORVS/0f9yA7Q0WE5bEdx24m9
+qaWnMd5FtjC38GEALfSmo9YN3+Q+M+hdfipPKpv0khjHX7yPTrFvAOHi1wsy3Hj
1OdDFr/H9pG12DnlToVruVDfr5xypoWNK8pf2utZcMOcBzdfMNAVCqeE84BrPu2c
8mHinMfWX10X14nd2gdMUYyBgGqJGqiLuFMdthyCWpmg9BbYK013Esn36v8ap7gE
/VIiY/YTYNtmKE12IhBDa+y6izBXo69OAMB7iZHPDW5lnAXKfpGtaZO+9pqrTCI0
vdNTAgMBAAGjUzBRMB0GA1UdDgQWBBSlvheSoWwG4xtqKfuEWkYlmN0YbTAfBgNV
HSMEGDAWgBSlvheSoWwG4xtqKfuEWkYlmN0YbTAPBgNVHRMBAf8EBTADAQH/MA0G
CSqGSIb3DQEBCwUAA4ICAQACp7Yw/dQGSinvV0Z5kYjugapyBE7iIpyqRh2UgYzz
HT3bcXfSz95YO/TB+utF1C8g4yqxW8b5G0EIRgg9uqtxvrGmK18o6x2N1GEeCcfU
ke2xqrOP7dpWk3uwT2aeJN/LjfqR2KADscKtD7V5EN8v3JgH3Ul0M5g9RalaEppv
yQr0H9B8sdxRawIxD+HO1S/lsQhlGGCmgTQQF23gRmL1oxwR3Mujx9Se2NHZi0ha
fcyll1OLtUxsD6cNjwiqoiv5J1TV9Ukux2tyO/gQmdheuyZoKt6+lObL8DIStQuK
IGcaX7mMKGMD7URAR4crUSP6AFHZ4tRJ7Ryu0vv2+JBjH24LVM8PIHQYqgnAohar
7n/laa7bXlKueuTo7EAVGTYPnV/CGYm/MKJ1cYll/aRBFYcU4m+fOF4AAOo/8umu
kFFHbv+Abnei/pEYb77vsBaHE68gT5YLM/pY/6XXa2+UVROCBQXbLps/0GZk2FTS
tHKBteLYBVia9F7HSAP1wAl4qt+r7D7wm9gtchwp2vqNI6vMJYHSDbjk9q255DVs
Tew5/zH2PlvDaNMyLCnueC9VzFqBou/ZDmqUyOAlxDr4VC5NwnbgT8eyqcwlip3Y
9IWjGcTB5TSlndw5NVe48g1UTtR5Ji7mRyZxtLjLu0JPby9UJeM7ouJ+/y6ybh3U
oQ==
-----END CERTIFICATE-----

2026-05-23T08:41:14.959733Z	info	grpc-client	Fetched CA certificates required to verify connection to central
2026-05-23T08:41:14.961867Z	info	stream	[config-status] connected	name=config-status-771be08d
2026-05-23T08:41:14.961865Z	debug	status	re-triggering status report on connect
2026-05-23T08:41:14.961882Z	debug	stream	[config-status] Spawning cluster statusLabel send goroutine	name=config-status-771be08d
2026-05-23T08:41:14.961892Z	debug	status	sent-epoch(50) matches generated-epoch(50) and hence skipping
2026-05-23T08:42:11.033680Z	debug	discovery-server	Sending config resync request update to central xcp
2026-05-23T08:42:11.033795Z	debug	discovery-server	Done sending config resync request to central xcp
2026-05-23T08:42:11.034144Z	debug	discovery-server	Received resync keepalive response from central xcp.
2026-05-23T08:42:11.034158Z	debug	discovery-server	Waiting on recv for crds
2026-05-23T08:43:11.035183Z	debug	discovery-server	Sending config resync request update to central xcp
2026-05-23T08:43:11.035233Z	debug	discovery-server	Done sending config resync request to central xcp
2026-05-23T08:43:11.035394Z	debug	discovery-server	Received resync keepalive response from central xcp.
2026-05-23T08:43:11.035410Z	debug	discovery-server	Waiting on recv for crds
2026-05-23T08:44:11.036585Z	debug	discovery-server	Sending config resync request update to central xcp
2026-05-23T08:44:11.036645Z	debug	discovery-server	Done sending config resync request to central xcp
2026-05-23T08:44:11.036952Z	debug	discovery-server	Received resync keepalive response from central xcp.
2026-05-23T08:44:11.036972Z	debug	discovery-server	Waiting on recv for crds
2026-05-23T08:45:11.037955Z	debug	discovery-server	Sending config resync request update to central xcp
2026-05-23T08:45:11.038034Z	debug	discovery-server	Done sending config resync request to central xcp
2026-05-23T08:45:11.038501Z	debug	discovery-server	Received resync keepalive response from central xcp.
2026-05-23T08:45:11.038562Z	debug	discovery-server	Waiting on recv for crds
2026-05-23T08:45:14.972425Z	debug	security	Read provided XCP Central certificate chain:
-----BEGIN CERTIFICATE-----
MIIFbTCCA1WgAwIBAgIUBD0/+0EfuEYZvVjrKE5cvNEja8swDQYJKoZIhvcNAQEL
BQAwRjELMAkGA1UEBhMCVVMxCzAJBgNVBAgMAkNBMRAwDgYDVQQKDAdUZXRyYXRl
MRgwFgYDVQQDDA9YQ1AtZTJlLXRlc3QtY2EwHhcNMjQwNjE3MTMxMjAzWhcNMzQw
NjE1MTMxMjAzWjBGMQswCQYDVQQGEwJVUzELMAkGA1UECAwCQ0ExEDAOBgNVBAoM
B1RldHJhdGUxGDAWBgNVBAMMD1hDUC1lMmUtdGVzdC1jYTCCAiIwDQYJKoZIhvcN
AQEBBQADggIPADCCAgoCggIBAIkO9mBBITqNjJed3zjKhu15p4EkX7qkDaKQjQdu
9zEvocDbtZU81ibmjuQFlL0vAiqHfKA8nUXKdidI9xHNdS7xUp3IlZoEFWX1jBUD
SLgQooe8BIIcEXfkVO019jLfMbDB5tQ6jzsjZ4F3ER5wh5rkLhEfbvq4ZiF3zQD/
82LDU5vwJ91qDWCHl8og9rla5MaAX2fTZhkQUQJiDip9uZ0Ft5lai1fKq8gICrod
4iPfiZH6sJB5cTC/aHd8CHY3FrJp8ZuGhZQzaV6PvfdFsCr+EISDlCkNdlNov7hA
Z8F8bRGrEqPAcYsS/Kk94oLAQBW7YvTPBrFnDWmyMnaKjCLGqTHmAY3tTrSI31lb
rnNakF2EGziOwNjxsI84d61U6KFtXMtsgKCNJr/MORVS/0f9yA7Q0WE5bEdx24m9
+qaWnMd5FtjC38GEALfSmo9YN3+Q+M+hdfipPKpv0khjHX7yPTrFvAOHi1wsy3Hj
1OdDFr/H9pG12DnlToVruVDfr5xypoWNK8pf2utZcMOcBzdfMNAVCqeE84BrPu2c
8mHinMfWX10X14nd2gdMUYyBgGqJGqiLuFMdthyCWpmg9BbYK013Esn36v8ap7gE
/VIiY/YTYNtmKE12IhBDa+y6izBXo69OAMB7iZHPDW5lnAXKfpGtaZO+9pqrTCI0
vdNTAgMBAAGjUzBRMB0GA1UdDgQWBBSlvheSoWwG4xtqKfuEWkYlmN0YbTAfBgNV
HSMEGDAWgBSlvheSoWwG4xtqKfuEWkYlmN0YbTAPBgNVHRMBAf8EBTADAQH/MA0G
CSqGSIb3DQEBCwUAA4ICAQACp7Yw/dQGSinvV0Z5kYjugapyBE7iIpyqRh2UgYzz
HT3bcXfSz95YO/TB+utF1C8g4yqxW8b5G0EIRgg9uqtxvrGmK18o6x2N1GEeCcfU
ke2xqrOP7dpWk3uwT2aeJN/LjfqR2KADscKtD7V5EN8v3JgH3Ul0M5g9RalaEppv
yQr0H9B8sdxRawIxD+HO1S/lsQhlGGCmgTQQF23gRmL1oxwR3Mujx9Se2NHZi0ha
fcyll1OLtUxsD6cNjwiqoiv5J1TV9Ukux2tyO/gQmdheuyZoKt6+lObL8DIStQuK
IGcaX7mMKGMD7URAR4crUSP6AFHZ4tRJ7Ryu0vv2+JBjH24LVM8PIHQYqgnAohar
7n/laa7bXlKueuTo7EAVGTYPnV/CGYm/MKJ1cYll/aRBFYcU4m+fOF4AAOo/8umu
kFFHbv+Abnei/pEYb77vsBaHE68gT5YLM/pY/6XXa2+UVROCBQXbLps/0GZk2FTS
tHKBteLYBVia9F7HSAP1wAl4qt+r7D7wm9gtchwp2vqNI6vMJYHSDbjk9q255DVs
Tew5/zH2PlvDaNMyLCnueC9VzFqBou/ZDmqUyOAlxDr4VC5NwnbgT8eyqcwlip3Y
9IWjGcTB5TSlndw5NVe48g1UTtR5Ji7mRyZxtLjLu0JPby9UJeM7ouJ+/y6ybh3U
oQ==
-----END CERTIFICATE-----

2026-05-23T08:45:14.972489Z	info	grpc-client	Fetched CA certificates required to verify connection to central
2026-05-23T08:45:15.974164Z	error	stream	[config-status] Error receiving on stream: gRPC status code Unavailable: closing transport due to: connection error: desc = "error reading from server: EOF", received prior goaway: code: ENHANCE_YOUR_CALM, debug data: "too_many_pings"	name=config-status-771be08d
2026-05-23T08:45:15.974188Z	debug	stream	[config-status] canceling context	name=config-status-771be08d
2026-05-23T08:45:15.974192Z	debug	stream	[config-status] wg wait	name=config-status-771be08d
2026-05-23T08:45:15.974199Z	error	stream	[config-status] Error sending on stream: sendFunc returning on exit	name=config-status-771be08d
2026-05-23T08:45:15.974203Z	warn	stream	[config-status] Error sending on stream: sendFunc returning on exit	name=config-status-771be08d
2026-05-23T08:45:15.974205Z	debug	stream	[config-status] closing stream	name=config-status-771be08d
2026-05-23T08:45:15.974207Z	debug	stream	[config-status] sending CloseSend	name=config-status-771be08d
2026-05-23T08:45:15.974212Z	info	stream	[config-status] closed stream, err=<nil>	name=config-status-771be08d
2026-05-23T08:45:15.974214Z	info	stream	[config-status] establishing new stream	name=config-status-771be08d
2026-05-23T08:45:15.974218Z	info	stream	[config-status] connecting new permanent stream with max age 8760h0m0s	name=config-status-771be08d
2026-05-23T08:45:15.974387Z	info	discovery-server	Connecting to XCP central using JWT auth
2026-05-23T08:45:15.974438Z	debug	security	Read provided XCP Central certificate chain:
-----BEGIN CERTIFICATE-----
MIIFbTCCA1WgAwIBAgIUBD0/+0EfuEYZvVjrKE5cvNEja8swDQYJKoZIhvcNAQEL
BQAwRjELMAkGA1UEBhMCVVMxCzAJBgNVBAgMAkNBMRAwDgYDVQQKDAdUZXRyYXRl
MRgwFgYDVQQDDA9YQ1AtZTJlLXRlc3QtY2EwHhcNMjQwNjE3MTMxMjAzWhcNMzQw
NjE1MTMxMjAzWjBGMQswCQYDVQQGEwJVUzELMAkGA1UECAwCQ0ExEDAOBgNVBAoM
B1RldHJhdGUxGDAWBgNVBAMMD1hDUC1lMmUtdGVzdC1jYTCCAiIwDQYJKoZIhvcN
AQEBBQADggIPADCCAgoCggIBAIkO9mBBITqNjJed3zjKhu15p4EkX7qkDaKQjQdu
9zEvocDbtZU81ibmjuQFlL0vAiqHfKA8nUXKdidI9xHNdS7xUp3IlZoEFWX1jBUD
SLgQooe8BIIcEXfkVO019jLfMbDB5tQ6jzsjZ4F3ER5wh5rkLhEfbvq4ZiF3zQD/
82LDU5vwJ91qDWCHl8og9rla5MaAX2fTZhkQUQJiDip9uZ0Ft5lai1fKq8gICrod
4iPfiZH6sJB5cTC/aHd8CHY3FrJp8ZuGhZQzaV6PvfdFsCr+EISDlCkNdlNov7hA
Z8F8bRGrEqPAcYsS/Kk94oLAQBW7YvTPBrFnDWmyMnaKjCLGqTHmAY3tTrSI31lb
rnNakF2EGziOwNjxsI84d61U6KFtXMtsgKCNJr/MORVS/0f9yA7Q0WE5bEdx24m9
+qaWnMd5FtjC38GEALfSmo9YN3+Q+M+hdfipPKpv0khjHX7yPTrFvAOHi1wsy3Hj
1OdDFr/H9pG12DnlToVruVDfr5xypoWNK8pf2utZcMOcBzdfMNAVCqeE84BrPu2c
8mHinMfWX10X14nd2gdMUYyBgGqJGqiLuFMdthyCWpmg9BbYK013Esn36v8ap7gE
/VIiY/YTYNtmKE12IhBDa+y6izBXo69OAMB7iZHPDW5lnAXKfpGtaZO+9pqrTCI0
vdNTAgMBAAGjUzBRMB0GA1UdDgQWBBSlvheSoWwG4xtqKfuEWkYlmN0YbTAfBgNV
HSMEGDAWgBSlvheSoWwG4xtqKfuEWkYlmN0YbTAPBgNVHRMBAf8EBTADAQH/MA0G
CSqGSIb3DQEBCwUAA4ICAQACp7Yw/dQGSinvV0Z5kYjugapyBE7iIpyqRh2UgYzz
HT3bcXfSz95YO/TB+utF1C8g4yqxW8b5G0EIRgg9uqtxvrGmK18o6x2N1GEeCcfU
ke2xqrOP7dpWk3uwT2aeJN/LjfqR2KADscKtD7V5EN8v3JgH3Ul0M5g9RalaEppv
yQr0H9B8sdxRawIxD+HO1S/lsQhlGGCmgTQQF23gRmL1oxwR3Mujx9Se2NHZi0ha
fcyll1OLtUxsD6cNjwiqoiv5J1TV9Ukux2tyO/gQmdheuyZoKt6+lObL8DIStQuK
IGcaX7mMKGMD7URAR4crUSP6AFHZ4tRJ7Ryu0vv2+JBjH24LVM8PIHQYqgnAohar
7n/laa7bXlKueuTo7EAVGTYPnV/CGYm/MKJ1cYll/aRBFYcU4m+fOF4AAOo/8umu
kFFHbv+Abnei/pEYb77vsBaHE68gT5YLM/pY/6XXa2+UVROCBQXbLps/0GZk2FTS
tHKBteLYBVia9F7HSAP1wAl4qt+r7D7wm9gtchwp2vqNI6vMJYHSDbjk9q255DVs
Tew5/zH2PlvDaNMyLCnueC9VzFqBou/ZDmqUyOAlxDr4VC5NwnbgT8eyqcwlip3Y
9IWjGcTB5TSlndw5NVe48g1UTtR5Ji7mRyZxtLjLu0JPby9UJeM7ouJ+/y6ybh3U
oQ==
-----END CERTIFICATE-----

2026-05-23T08:45:15.974473Z	info	grpc-client	Fetched CA certificates required to verify connection to central
2026-05-23T08:45:15.974495Z	debug	security	Read provided XCP Central certificate chain:
-----BEGIN CERTIFICATE-----
MIIFbTCCA1WgAwIBAgIUBD0/+0EfuEYZvVjrKE5cvNEja8swDQYJKoZIhvcNAQEL
BQAwRjELMAkGA1UEBhMCVVMxCzAJBgNVBAgMAkNBMRAwDgYDVQQKDAdUZXRyYXRl
MRgwFgYDVQQDDA9YQ1AtZTJlLXRlc3QtY2EwHhcNMjQwNjE3MTMxMjAzWhcNMzQw
NjE1MTMxMjAzWjBGMQswCQYDVQQGEwJVUzELMAkGA1UECAwCQ0ExEDAOBgNVBAoM
B1RldHJhdGUxGDAWBgNVBAMMD1hDUC1lMmUtdGVzdC1jYTCCAiIwDQYJKoZIhvcN
AQEBBQADggIPADCCAgoCggIBAIkO9mBBITqNjJed3zjKhu15p4EkX7qkDaKQjQdu
9zEvocDbtZU81ibmjuQFlL0vAiqHfKA8nUXKdidI9xHNdS7xUp3IlZoEFWX1jBUD
SLgQooe8BIIcEXfkVO019jLfMbDB5tQ6jzsjZ4F3ER5wh5rkLhEfbvq4ZiF3zQD/
82LDU5vwJ91qDWCHl8og9rla5MaAX2fTZhkQUQJiDip9uZ0Ft5lai1fKq8gICrod
4iPfiZH6sJB5cTC/aHd8CHY3FrJp8ZuGhZQzaV6PvfdFsCr+EISDlCkNdlNov7hA
Z8F8bRGrEqPAcYsS/Kk94oLAQBW7YvTPBrFnDWmyMnaKjCLGqTHmAY3tTrSI31lb
rnNakF2EGziOwNjxsI84d61U6KFtXMtsgKCNJr/MORVS/0f9yA7Q0WE5bEdx24m9
+qaWnMd5FtjC38GEALfSmo9YN3+Q+M+hdfipPKpv0khjHX7yPTrFvAOHi1wsy3Hj
1OdDFr/H9pG12DnlToVruVDfr5xypoWNK8pf2utZcMOcBzdfMNAVCqeE84BrPu2c
8mHinMfWX10X14nd2gdMUYyBgGqJGqiLuFMdthyCWpmg9BbYK013Esn36v8ap7gE
/VIiY/YTYNtmKE12IhBDa+y6izBXo69OAMB7iZHPDW5lnAXKfpGtaZO+9pqrTCI0
vdNTAgMBAAGjUzBRMB0GA1UdDgQWBBSlvheSoWwG4xtqKfuEWkYlmN0YbTAfBgNV
HSMEGDAWgBSlvheSoWwG4xtqKfuEWkYlmN0YbTAPBgNVHRMBAf8EBTADAQH/MA0G
CSqGSIb3DQEBCwUAA4ICAQACp7Yw/dQGSinvV0Z5kYjugapyBE7iIpyqRh2UgYzz
HT3bcXfSz95YO/TB+utF1C8g4yqxW8b5G0EIRgg9uqtxvrGmK18o6x2N1GEeCcfU
ke2xqrOP7dpWk3uwT2aeJN/LjfqR2KADscKtD7V5EN8v3JgH3Ul0M5g9RalaEppv
yQr0H9B8sdxRawIxD+HO1S/lsQhlGGCmgTQQF23gRmL1oxwR3Mujx9Se2NHZi0ha
fcyll1OLtUxsD6cNjwiqoiv5J1TV9Ukux2tyO/gQmdheuyZoKt6+lObL8DIStQuK
IGcaX7mMKGMD7URAR4crUSP6AFHZ4tRJ7Ryu0vv2+JBjH24LVM8PIHQYqgnAohar
7n/laa7bXlKueuTo7EAVGTYPnV/CGYm/MKJ1cYll/aRBFYcU4m+fOF4AAOo/8umu
kFFHbv+Abnei/pEYb77vsBaHE68gT5YLM/pY/6XXa2+UVROCBQXbLps/0GZk2FTS
tHKBteLYBVia9F7HSAP1wAl4qt+r7D7wm9gtchwp2vqNI6vMJYHSDbjk9q255DVs
Tew5/zH2PlvDaNMyLCnueC9VzFqBou/ZDmqUyOAlxDr4VC5NwnbgT8eyqcwlip3Y
9IWjGcTB5TSlndw5NVe48g1UTtR5Ji7mRyZxtLjLu0JPby9UJeM7ouJ+/y6ybh3U
oQ==
-----END CERTIFICATE-----

2026-05-23T08:45:15.974510Z	info	grpc-client	Fetched CA certificates required to verify connection to central
2026-05-23T08:45:15.977295Z	debug	security	Read provided XCP Central certificate chain:
-----BEGIN CERTIFICATE-----
MIIFbTCCA1WgAwIBAgIUBD0/+0EfuEYZvVjrKE5cvNEja8swDQYJKoZIhvcNAQEL
BQAwRjELMAkGA1UEBhMCVVMxCzAJBgNVBAgMAkNBMRAwDgYDVQQKDAdUZXRyYXRl
MRgwFgYDVQQDDA9YQ1AtZTJlLXRlc3QtY2EwHhcNMjQwNjE3MTMxMjAzWhcNMzQw
NjE1MTMxMjAzWjBGMQswCQYDVQQGEwJVUzELMAkGA1UECAwCQ0ExEDAOBgNVBAoM
B1RldHJhdGUxGDAWBgNVBAMMD1hDUC1lMmUtdGVzdC1jYTCCAiIwDQYJKoZIhvcN
AQEBBQADggIPADCCAgoCggIBAIkO9mBBITqNjJed3zjKhu15p4EkX7qkDaKQjQdu
9zEvocDbtZU81ibmjuQFlL0vAiqHfKA8nUXKdidI9xHNdS7xUp3IlZoEFWX1jBUD
SLgQooe8BIIcEXfkVO019jLfMbDB5tQ6jzsjZ4F3ER5wh5rkLhEfbvq4ZiF3zQD/
82LDU5vwJ91qDWCHl8og9rla5MaAX2fTZhkQUQJiDip9uZ0Ft5lai1fKq8gICrod
4iPfiZH6sJB5cTC/aHd8CHY3FrJp8ZuGhZQzaV6PvfdFsCr+EISDlCkNdlNov7hA
Z8F8bRGrEqPAcYsS/Kk94oLAQBW7YvTPBrFnDWmyMnaKjCLGqTHmAY3tTrSI31lb
rnNakF2EGziOwNjxsI84d61U6KFtXMtsgKCNJr/MORVS/0f9yA7Q0WE5bEdx24m9
+qaWnMd5FtjC38GEALfSmo9YN3+Q+M+hdfipPKpv0khjHX7yPTrFvAOHi1wsy3Hj
1OdDFr/H9pG12DnlToVruVDfr5xypoWNK8pf2utZcMOcBzdfMNAVCqeE84BrPu2c
8mHinMfWX10X14nd2gdMUYyBgGqJGqiLuFMdthyCWpmg9BbYK013Esn36v8ap7gE
/VIiY/YTYNtmKE12IhBDa+y6izBXo69OAMB7iZHPDW5lnAXKfpGtaZO+9pqrTCI0
vdNTAgMBAAGjUzBRMB0GA1UdDgQWBBSlvheSoWwG4xtqKfuEWkYlmN0YbTAfBgNV
HSMEGDAWgBSlvheSoWwG4xtqKfuEWkYlmN0YbTAPBgNVHRMBAf8EBTADAQH/MA0G
CSqGSIb3DQEBCwUAA4ICAQACp7Yw/dQGSinvV0Z5kYjugapyBE7iIpyqRh2UgYzz
HT3bcXfSz95YO/TB+utF1C8g4yqxW8b5G0EIRgg9uqtxvrGmK18o6x2N1GEeCcfU
ke2xqrOP7dpWk3uwT2aeJN/LjfqR2KADscKtD7V5EN8v3JgH3Ul0M5g9RalaEppv
yQr0H9B8sdxRawIxD+HO1S/lsQhlGGCmgTQQF23gRmL1oxwR3Mujx9Se2NHZi0ha
fcyll1OLtUxsD6cNjwiqoiv5J1TV9Ukux2tyO/gQmdheuyZoKt6+lObL8DIStQuK
IGcaX7mMKGMD7URAR4crUSP6AFHZ4tRJ7Ryu0vv2+JBjH24LVM8PIHQYqgnAohar
7n/laa7bXlKueuTo7EAVGTYPnV/CGYm/MKJ1cYll/aRBFYcU4m+fOF4AAOo/8umu
kFFHbv+Abnei/pEYb77vsBaHE68gT5YLM/pY/6XXa2+UVROCBQXbLps/0GZk2FTS
tHKBteLYBVia9F7HSAP1wAl4qt+r7D7wm9gtchwp2vqNI6vMJYHSDbjk9q255DVs
Tew5/zH2PlvDaNMyLCnueC9VzFqBou/ZDmqUyOAlxDr4VC5NwnbgT8eyqcwlip3Y
9IWjGcTB5TSlndw5NVe48g1UTtR5Ji7mRyZxtLjLu0JPby9UJeM7ouJ+/y6ybh3U
oQ==
-----END CERTIFICATE-----

2026-05-23T08:45:15.977358Z	info	grpc-client	Fetched CA certificates required to verify connection to central
2026-05-23T08:45:15.979470Z	info	stream	[config-status] connected	name=config-status-771be08d
2026-05-23T08:45:15.979484Z	debug	stream	[config-status] Spawning cluster statusLabel send goroutine	name=config-status-771be08d
2026-05-23T08:45:15.979502Z	debug	status	re-triggering status report on connect
2026-05-23T08:45:15.979511Z	debug	status	sent-epoch(50) matches generated-epoch(50) and hence skipping
2026-05-23T08:45:28.724134Z	info	discovery-server	triggering full re-sync of cluster-state
2026-05-23T08:45:29.725094Z	debug	debounce	notify cbk invoked	id=919326fd
2026-05-23T08:45:29.725152Z	debug	debounce	notify cbk returned	id=919326fd
2026-05-23T08:45:29.725159Z	debug	debounce	Applying exponential step-up. maxSilentCurrent updated to: 2s	id=919326fd
2026-05-23T08:45:29.725182Z	info	cluster-state	processClusterStateChangeEvents: cluster-eventid: 2026-05-23 08:45:28.724171542 +0000 UTC m=+96325.536762234 and 0 more, queue length: 0, reasons: periodic_full_cluster_state_resync,, forceConfigRegenReasons: map[], resources: []
2026-05-23T08:45:29.725186Z	debug	cluster-state	handleClusterStateChangedEvent: Trigger reasons: periodic_full_cluster_state_resync,, Forced translation: map[], Resources: []
2026-05-23T08:45:29.725260Z	debug	cluster-gen	istioServices: 15
2026-05-23T08:45:29.725352Z	debug	cluster-state	found Istio IsolationBoundary for Namespace "backend-c1" with Revision "stable"
2026-05-23T08:45:29.725408Z	debug	cluster-gen	Not a gateway service backend-c1/backend
2026-05-23T08:45:29.725400Z	debug	cluster-gen	Ignoring service kube-system/metrics-server
2026-05-23T08:45:29.725476Z	debug	cluster-gen	Ignoring service kube-system/kube-dns
2026-05-23T08:45:29.725524Z	info	no portname specified for service metallb-webhook-service.metallb-system.svc.cluster.local port 443. no endpoints will be detected
2026-05-23T08:45:29.725531Z	info	no portname specified for service metallb-webhook-service.metallb-system.svc.cluster.local port 443. no endpoints will be detected
2026-05-23T08:45:29.725564Z	debug	discovery-cache	added istio service instances in namespace: xcp-system objects 0, changed false
2026-05-23T08:45:29.725568Z	debug	discovery-cache	added istio service instances in namespace: cert-manager objects 0, changed false
2026-05-23T08:45:29.725570Z	debug	discovery-cache	added istio service instances in namespace: default objects 0, changed false
2026-05-23T08:45:29.725571Z	debug	discovery-cache	added istio service instances in namespace: metallb-system objects 0, changed false
2026-05-23T08:45:29.725573Z	debug	discovery-cache	added istio service instances in namespace: backend-c1 objects 0, changed false
2026-05-23T08:45:29.725574Z	debug	discovery-cache	added istio service instances in namespace: istio-system objects 0, changed false
2026-05-23T08:45:29.725583Z	debug	cluster-state	triggerConfigTranslation false ,triggerConfigTranslationReason false 
2026-05-23T08:45:29.725592Z	debug	cluster-state	Sending full cluster state to central as part of periodic resync.
2026-05-23T08:45:29.725594Z	debug	cluster-state	Sending full cluster state to central as part of periodic resync.
2026-05-23T08:45:29.725600Z	debug	cluster-state	handleClusterStateChangedEvent, actions: map[sendClusterToCentral:{} triggerServiceEntryRegeneration:{}]
2026-05-23T08:45:29.725635Z	debug	discovery-server	found changes related to gateway hosts attached to lb/nodeport services. (re)generating local SEs
2026-05-23T08:45:29.725742Z	debug	discovery-server	wrote channel for sending cluster updates
2026-05-23T08:45:29.725752Z	debug	cluster-state	Sent 6 namespaces to central. len(HostToK8sSvc) 0
2026-05-23T08:45:29.725757Z	debug	discovery-server	Sending cluster-state update to central xcp
2026-05-23T08:45:29.725871Z	debug	discovery-server	Done sending cluster-state to central xcp
2026-05-23T08:45:29.737917Z	debug	debounce	notify cbk invoked	id=29da738d
2026-05-23T08:45:29.737956Z	debug	mc-configapply	-->cluster cluster-0
2026-05-23T08:45:29.737973Z	debug	mc-configapply	-->cluster cluster-1
2026-05-23T08:45:29.738010Z	debug	mc-configgen	cluster cluster-0, namespaces 0
2026-05-23T08:45:29.738012Z	debug	mc-configgen	cluster cluster-1, namespaces 0
2026-05-23T08:45:29.738019Z	debug	mc-configapply	applying 0 istio objects for multicluster
2026-05-23T08:45:29.738021Z	debug	resource-cache	[xcp-multicluster] ===BEGIN: Apply request for 0 objects
2026-05-23T08:45:29.738023Z	debug	resource-cache	Delete all objects from the namespace xcp-multicluster
2026-05-23T08:45:29.738025Z	debug	resource-cache	[xcp-multicluster] objects previously in k8s api server cache: 2
2026-05-23T08:45:29.740367Z	debug	resource-cache	[xcp-multicluster] deleted global-gateway-echo-term-tetrate-io from k8s api server as part of cleanup
2026-05-23T08:45:29.741083Z	debug	serviceentries	deleting ServiceEntry "global-gateway-echo-term-tetrate-io"
2026-05-23T08:45:29.741106Z	debug	serviceentry	Handle event delete for service entry xcp-multicluster/global-gateway-echo-term-tetrate-io
2026-05-23T08:45:29.742596Z	debug	resource-cache	[xcp-multicluster] deleted global-gateway-echo-term-tetrate-io from k8s api server as part of cleanup
2026-05-23T08:45:29.742617Z	debug	resource-cache	[xcp-multicluster] stale resources to be deleted []
2026-05-23T08:45:29.742623Z	debug	resource-cache	[xcp-multicluster] ===END: Apply request for 0 objects in 0.004600 s
2026-05-23T08:45:29.742630Z	debug	debounce	notify cbk returned	id=29da738d
2026-05-23T08:45:29.742634Z	debug	debounce	Applying steady step-up. maxSilentCurrent updated to: 10ms	id=29da738d
2026-05-23T08:45:29.754178Z	debug	debounce	resetting maxSilentCurrent. updated: 10ms	id=29da738d
2026-05-23T08:45:31.726983Z	debug	debounce	resetting maxSilentCurrent. updated: 1s	id=919326fd
2026-05-23T08:46:11.039352Z	debug	discovery-server	Sending config resync request update to central xcp
2026-05-23T08:46:11.039410Z	debug	discovery-server	Done sending config resync request to central xcp
2026-05-23T08:46:11.039629Z	debug	discovery-server	Received resync keepalive response from central xcp.
2026-05-23T08:46:11.039640Z	debug	discovery-server	Waiting on recv for crds
2026-05-23T08:47:11.040947Z	debug	discovery-server	Sending config resync request update to central xcp
2026-05-23T08:47:11.040994Z	debug	discovery-server	Done sending config resync request to central xcp
2026-05-23T08:47:11.041178Z	debug	discovery-server	Received resync keepalive response from central xcp.
2026-05-23T08:47:11.041190Z	debug	discovery-server	Waiting on recv for crds
2026-05-23T08:47:15.983883Z	debug	security	Read provided XCP Central certificate chain:
-----BEGIN CERTIFICATE-----
MIIFbTCCA1WgAwIBAgIUBD0/+0EfuEYZvVjrKE5cvNEja8swDQYJKoZIhvcNAQEL
BQAwRjELMAkGA1UEBhMCVVMxCzAJBgNVBAgMAkNBMRAwDgYDVQQKDAdUZXRyYXRl
MRgwFgYDVQQDDA9YQ1AtZTJlLXRlc3QtY2EwHhcNMjQwNjE3MTMxMjAzWhcNMzQw
NjE1MTMxMjAzWjBGMQswCQYDVQQGEwJVUzELMAkGA1UECAwCQ0ExEDAOBgNVBAoM
B1RldHJhdGUxGDAWBgNVBAMMD1hDUC1lMmUtdGVzdC1jYTCCAiIwDQYJKoZIhvcN
AQEBBQADggIPADCCAgoCggIBAIkO9mBBITqNjJed3zjKhu15p4EkX7qkDaKQjQdu
9zEvocDbtZU81ibmjuQFlL0vAiqHfKA8nUXKdidI9xHNdS7xUp3IlZoEFWX1jBUD
SLgQooe8BIIcEXfkVO019jLfMbDB5tQ6jzsjZ4F3ER5wh5rkLhEfbvq4ZiF3zQD/
82LDU5vwJ91qDWCHl8og9rla5MaAX2fTZhkQUQJiDip9uZ0Ft5lai1fKq8gICrod
4iPfiZH6sJB5cTC/aHd8CHY3FrJp8ZuGhZQzaV6PvfdFsCr+EISDlCkNdlNov7hA
Z8F8bRGrEqPAcYsS/Kk94oLAQBW7YvTPBrFnDWmyMnaKjCLGqTHmAY3tTrSI31lb
rnNakF2EGziOwNjxsI84d61U6KFtXMtsgKCNJr/MORVS/0f9yA7Q0WE5bEdx24m9
+qaWnMd5FtjC38GEALfSmo9YN3+Q+M+hdfipPKpv0khjHX7yPTrFvAOHi1wsy3Hj
1OdDFr/H9pG12DnlToVruVDfr5xypoWNK8pf2utZcMOcBzdfMNAVCqeE84BrPu2c
8mHinMfWX10X14nd2gdMUYyBgGqJGqiLuFMdthyCWpmg9BbYK013Esn36v8ap7gE
/VIiY/YTYNtmKE12IhBDa+y6izBXo69OAMB7iZHPDW5lnAXKfpGtaZO+9pqrTCI0
vdNTAgMBAAGjUzBRMB0GA1UdDgQWBBSlvheSoWwG4xtqKfuEWkYlmN0YbTAfBgNV
HSMEGDAWgBSlvheSoWwG4xtqKfuEWkYlmN0YbTAPBgNVHRMBAf8EBTADAQH/MA0G
CSqGSIb3DQEBCwUAA4ICAQACp7Yw/dQGSinvV0Z5kYjugapyBE7iIpyqRh2UgYzz
HT3bcXfSz95YO/TB+utF1C8g4yqxW8b5G0EIRgg9uqtxvrGmK18o6x2N1GEeCcfU
ke2xqrOP7dpWk3uwT2aeJN/LjfqR2KADscKtD7V5EN8v3JgH3Ul0M5g9RalaEppv
yQr0H9B8sdxRawIxD+HO1S/lsQhlGGCmgTQQF23gRmL1oxwR3Mujx9Se2NHZi0ha
fcyll1OLtUxsD6cNjwiqoiv5J1TV9Ukux2tyO/gQmdheuyZoKt6+lObL8DIStQuK
IGcaX7mMKGMD7URAR4crUSP6AFHZ4tRJ7Ryu0vv2+JBjH24LVM8PIHQYqgnAohar
7n/laa7bXlKueuTo7EAVGTYPnV/CGYm/MKJ1cYll/aRBFYcU4m+fOF4AAOo/8umu
kFFHbv+Abnei/pEYb77vsBaHE68gT5YLM/pY/6XXa2+UVROCBQXbLps/0GZk2FTS
tHKBteLYBVia9F7HSAP1wAl4qt+r7D7wm9gtchwp2vqNI6vMJYHSDbjk9q255DVs
Tew5/zH2PlvDaNMyLCnueC9VzFqBou/ZDmqUyOAlxDr4VC5NwnbgT8eyqcwlip3Y
9IWjGcTB5TSlndw5NVe48g1UTtR5Ji7mRyZxtLjLu0JPby9UJeM7ouJ+/y6ybh3U
oQ==
-----END CERTIFICATE-----

2026-05-23T08:47:15.983987Z	info	grpc-client	Fetched CA certificates required to verify connection to central
2026-05-23T08:47:16.983935Z	error	stream	[config-status] Error receiving on stream: gRPC status code Unavailable: closing transport due to: connection error: desc = "error reading from server: EOF", received prior goaway: code: ENHANCE_YOUR_CALM, debug data: "too_many_pings"	name=config-status-771be08d
2026-05-23T08:47:16.983957Z	debug	stream	[config-status] canceling context	name=config-status-771be08d
2026-05-23T08:47:16.983960Z	debug	stream	[config-status] wg wait	name=config-status-771be08d
2026-05-23T08:47:16.983963Z	error	stream	[config-status] Error sending on stream: sendFunc returning on exit	name=config-status-771be08d
2026-05-23T08:47:16.983966Z	warn	stream	[config-status] Error sending on stream: sendFunc returning on exit	name=config-status-771be08d
2026-05-23T08:47:16.983970Z	debug	stream	[config-status] closing stream	name=config-status-771be08d
2026-05-23T08:47:16.983971Z	debug	stream	[config-status] sending CloseSend	name=config-status-771be08d
2026-05-23T08:47:16.983979Z	info	stream	[config-status] closed stream, err=<nil>	name=config-status-771be08d
2026-05-23T08:47:16.983982Z	info	stream	[config-status] establishing new stream	name=config-status-771be08d
2026-05-23T08:47:16.983986Z	info	stream	[config-status] connecting new permanent stream with max age 8760h0m0s	name=config-status-771be08d
2026-05-23T08:47:16.984096Z	info	discovery-server	Connecting to XCP central using JWT auth
2026-05-23T08:47:16.984136Z	debug	security	Read provided XCP Central certificate chain:
-----BEGIN CERTIFICATE-----
MIIFbTCCA1WgAwIBAgIUBD0/+0EfuEYZvVjrKE5cvNEja8swDQYJKoZIhvcNAQEL
BQAwRjELMAkGA1UEBhMCVVMxCzAJBgNVBAgMAkNBMRAwDgYDVQQKDAdUZXRyYXRl
MRgwFgYDVQQDDA9YQ1AtZTJlLXRlc3QtY2EwHhcNMjQwNjE3MTMxMjAzWhcNMzQw
NjE1MTMxMjAzWjBGMQswCQYDVQQGEwJVUzELMAkGA1UECAwCQ0ExEDAOBgNVBAoM
B1RldHJhdGUxGDAWBgNVBAMMD1hDUC1lMmUtdGVzdC1jYTCCAiIwDQYJKoZIhvcN
AQEBBQADggIPADCCAgoCggIBAIkO9mBBITqNjJed3zjKhu15p4EkX7qkDaKQjQdu
9zEvocDbtZU81ibmjuQFlL0vAiqHfKA8nUXKdidI9xHNdS7xUp3IlZoEFWX1jBUD
SLgQooe8BIIcEXfkVO019jLfMbDB5tQ6jzsjZ4F3ER5wh5rkLhEfbvq4ZiF3zQD/
82LDU5vwJ91qDWCHl8og9rla5MaAX2fTZhkQUQJiDip9uZ0Ft5lai1fKq8gICrod
4iPfiZH6sJB5cTC/aHd8CHY3FrJp8ZuGhZQzaV6PvfdFsCr+EISDlCkNdlNov7hA
Z8F8bRGrEqPAcYsS/Kk94oLAQBW7YvTPBrFnDWmyMnaKjCLGqTHmAY3tTrSI31lb
rnNakF2EGziOwNjxsI84d61U6KFtXMtsgKCNJr/MORVS/0f9yA7Q0WE5bEdx24m9
+qaWnMd5FtjC38GEALfSmo9YN3+Q+M+hdfipPKpv0khjHX7yPTrFvAOHi1wsy3Hj
1OdDFr/H9pG12DnlToVruVDfr5xypoWNK8pf2utZcMOcBzdfMNAVCqeE84BrPu2c
8mHinMfWX10X14nd2gdMUYyBgGqJGqiLuFMdthyCWpmg9BbYK013Esn36v8ap7gE
/VIiY/YTYNtmKE12IhBDa+y6izBXo69OAMB7iZHPDW5lnAXKfpGtaZO+9pqrTCI0
vdNTAgMBAAGjUzBRMB0GA1UdDgQWBBSlvheSoWwG4xtqKfuEWkYlmN0YbTAfBgNV
HSMEGDAWgBSlvheSoWwG4xtqKfuEWkYlmN0YbTAPBgNVHRMBAf8EBTADAQH/MA0G
CSqGSIb3DQEBCwUAA4ICAQACp7Yw/dQGSinvV0Z5kYjugapyBE7iIpyqRh2UgYzz
HT3bcXfSz95YO/TB+utF1C8g4yqxW8b5G0EIRgg9uqtxvrGmK18o6x2N1GEeCcfU
ke2xqrOP7dpWk3uwT2aeJN/LjfqR2KADscKtD7V5EN8v3JgH3Ul0M5g9RalaEppv
yQr0H9B8sdxRawIxD+HO1S/lsQhlGGCmgTQQF23gRmL1oxwR3Mujx9Se2NHZi0ha
fcyll1OLtUxsD6cNjwiqoiv5J1TV9Ukux2tyO/gQmdheuyZoKt6+lObL8DIStQuK
IGcaX7mMKGMD7URAR4crUSP6AFHZ4tRJ7Ryu0vv2+JBjH24LVM8PIHQYqgnAohar
7n/laa7bXlKueuTo7EAVGTYPnV/CGYm/MKJ1cYll/aRBFYcU4m+fOF4AAOo/8umu
kFFHbv+Abnei/pEYb77vsBaHE68gT5YLM/pY/6XXa2+UVROCBQXbLps/0GZk2FTS
tHKBteLYBVia9F7HSAP1wAl4qt+r7D7wm9gtchwp2vqNI6vMJYHSDbjk9q255DVs
Tew5/zH2PlvDaNMyLCnueC9VzFqBou/ZDmqUyOAlxDr4VC5NwnbgT8eyqcwlip3Y
9IWjGcTB5TSlndw5NVe48g1UTtR5Ji7mRyZxtLjLu0JPby9UJeM7ouJ+/y6ybh3U
oQ==
-----END CERTIFICATE-----

2026-05-23T08:47:16.984170Z	info	grpc-client	Fetched CA certificates required to verify connection to central
2026-05-23T08:47:16.984179Z	debug	security	Read provided XCP Central certificate chain:
-----BEGIN CERTIFICATE-----
MIIFbTCCA1WgAwIBAgIUBD0/+0EfuEYZvVjrKE5cvNEja8swDQYJKoZIhvcNAQEL
BQAwRjELMAkGA1UEBhMCVVMxCzAJBgNVBAgMAkNBMRAwDgYDVQQKDAdUZXRyYXRl
MRgwFgYDVQQDDA9YQ1AtZTJlLXRlc3QtY2EwHhcNMjQwNjE3MTMxMjAzWhcNMzQw
NjE1MTMxMjAzWjBGMQswCQYDVQQGEwJVUzELMAkGA1UECAwCQ0ExEDAOBgNVBAoM
B1RldHJhdGUxGDAWBgNVBAMMD1hDUC1lMmUtdGVzdC1jYTCCAiIwDQYJKoZIhvcN
AQEBBQADggIPADCCAgoCggIBAIkO9mBBITqNjJed3zjKhu15p4EkX7qkDaKQjQdu
9zEvocDbtZU81ibmjuQFlL0vAiqHfKA8nUXKdidI9xHNdS7xUp3IlZoEFWX1jBUD
SLgQooe8BIIcEXfkVO019jLfMbDB5tQ6jzsjZ4F3ER5wh5rkLhEfbvq4ZiF3zQD/
82LDU5vwJ91qDWCHl8og9rla5MaAX2fTZhkQUQJiDip9uZ0Ft5lai1fKq8gICrod
4iPfiZH6sJB5cTC/aHd8CHY3FrJp8ZuGhZQzaV6PvfdFsCr+EISDlCkNdlNov7hA
Z8F8bRGrEqPAcYsS/Kk94oLAQBW7YvTPBrFnDWmyMnaKjCLGqTHmAY3tTrSI31lb
rnNakF2EGziOwNjxsI84d61U6KFtXMtsgKCNJr/MORVS/0f9yA7Q0WE5bEdx24m9
+qaWnMd5FtjC38GEALfSmo9YN3+Q+M+hdfipPKpv0khjHX7yPTrFvAOHi1wsy3Hj
1OdDFr/H9pG12DnlToVruVDfr5xypoWNK8pf2utZcMOcBzdfMNAVCqeE84BrPu2c
8mHinMfWX10X14nd2gdMUYyBgGqJGqiLuFMdthyCWpmg9BbYK013Esn36v8ap7gE
/VIiY/YTYNtmKE12IhBDa+y6izBXo69OAMB7iZHPDW5lnAXKfpGtaZO+9pqrTCI0
vdNTAgMBAAGjUzBRMB0GA1UdDgQWBBSlvheSoWwG4xtqKfuEWkYlmN0YbTAfBgNV
HSMEGDAWgBSlvheSoWwG4xtqKfuEWkYlmN0YbTAPBgNVHRMBAf8EBTADAQH/MA0G
CSqGSIb3DQEBCwUAA4ICAQACp7Yw/dQGSinvV0Z5kYjugapyBE7iIpyqRh2UgYzz
HT3bcXfSz95YO/TB+utF1C8g4yqxW8b5G0EIRgg9uqtxvrGmK18o6x2N1GEeCcfU
ke2xqrOP7dpWk3uwT2aeJN/LjfqR2KADscKtD7V5EN8v3JgH3Ul0M5g9RalaEppv
yQr0H9B8sdxRawIxD+HO1S/lsQhlGGCmgTQQF23gRmL1oxwR3Mujx9Se2NHZi0ha
fcyll1OLtUxsD6cNjwiqoiv5J1TV9Ukux2tyO/gQmdheuyZoKt6+lObL8DIStQuK
IGcaX7mMKGMD7URAR4crUSP6AFHZ4tRJ7Ryu0vv2+JBjH24LVM8PIHQYqgnAohar
7n/laa7bXlKueuTo7EAVGTYPnV/CGYm/MKJ1cYll/aRBFYcU4m+fOF4AAOo/8umu
kFFHbv+Abnei/pEYb77vsBaHE68gT5YLM/pY/6XXa2+UVROCBQXbLps/0GZk2FTS
tHKBteLYBVia9F7HSAP1wAl4qt+r7D7wm9gtchwp2vqNI6vMJYHSDbjk9q255DVs
Tew5/zH2PlvDaNMyLCnueC9VzFqBou/ZDmqUyOAlxDr4VC5NwnbgT8eyqcwlip3Y
9IWjGcTB5TSlndw5NVe48g1UTtR5Ji7mRyZxtLjLu0JPby9UJeM7ouJ+/y6ybh3U
oQ==
-----END CERTIFICATE-----

2026-05-23T08:47:16.984195Z	info	grpc-client	Fetched CA certificates required to verify connection to central
2026-05-23T08:47:16.986506Z	debug	security	Read provided XCP Central certificate chain:
-----BEGIN CERTIFICATE-----
MIIFbTCCA1WgAwIBAgIUBD0/+0EfuEYZvVjrKE5cvNEja8swDQYJKoZIhvcNAQEL
BQAwRjELMAkGA1UEBhMCVVMxCzAJBgNVBAgMAkNBMRAwDgYDVQQKDAdUZXRyYXRl
MRgwFgYDVQQDDA9YQ1AtZTJlLXRlc3QtY2EwHhcNMjQwNjE3MTMxMjAzWhcNMzQw
NjE1MTMxMjAzWjBGMQswCQYDVQQGEwJVUzELMAkGA1UECAwCQ0ExEDAOBgNVBAoM
B1RldHJhdGUxGDAWBgNVBAMMD1hDUC1lMmUtdGVzdC1jYTCCAiIwDQYJKoZIhvcN
AQEBBQADggIPADCCAgoCggIBAIkO9mBBITqNjJed3zjKhu15p4EkX7qkDaKQjQdu
9zEvocDbtZU81ibmjuQFlL0vAiqHfKA8nUXKdidI9xHNdS7xUp3IlZoEFWX1jBUD
SLgQooe8BIIcEXfkVO019jLfMbDB5tQ6jzsjZ4F3ER5wh5rkLhEfbvq4ZiF3zQD/
82LDU5vwJ91qDWCHl8og9rla5MaAX2fTZhkQUQJiDip9uZ0Ft5lai1fKq8gICrod
4iPfiZH6sJB5cTC/aHd8CHY3FrJp8ZuGhZQzaV6PvfdFsCr+EISDlCkNdlNov7hA
Z8F8bRGrEqPAcYsS/Kk94oLAQBW7YvTPBrFnDWmyMnaKjCLGqTHmAY3tTrSI31lb
rnNakF2EGziOwNjxsI84d61U6KFtXMtsgKCNJr/MORVS/0f9yA7Q0WE5bEdx24m9
+qaWnMd5FtjC38GEALfSmo9YN3+Q+M+hdfipPKpv0khjHX7yPTrFvAOHi1wsy3Hj
1OdDFr/H9pG12DnlToVruVDfr5xypoWNK8pf2utZcMOcBzdfMNAVCqeE84BrPu2c
8mHinMfWX10X14nd2gdMUYyBgGqJGqiLuFMdthyCWpmg9BbYK013Esn36v8ap7gE
/VIiY/YTYNtmKE12IhBDa+y6izBXo69OAMB7iZHPDW5lnAXKfpGtaZO+9pqrTCI0
vdNTAgMBAAGjUzBRMB0GA1UdDgQWBBSlvheSoWwG4xtqKfuEWkYlmN0YbTAfBgNV
HSMEGDAWgBSlvheSoWwG4xtqKfuEWkYlmN0YbTAPBgNVHRMBAf8EBTADAQH/MA0G
CSqGSIb3DQEBCwUAA4ICAQACp7Yw/dQGSinvV0Z5kYjugapyBE7iIpyqRh2UgYzz
HT3bcXfSz95YO/TB+utF1C8g4yqxW8b5G0EIRgg9uqtxvrGmK18o6x2N1GEeCcfU
ke2xqrOP7dpWk3uwT2aeJN/LjfqR2KADscKtD7V5EN8v3JgH3Ul0M5g9RalaEppv
yQr0H9B8sdxRawIxD+HO1S/lsQhlGGCmgTQQF23gRmL1oxwR3Mujx9Se2NHZi0ha
fcyll1OLtUxsD6cNjwiqoiv5J1TV9Ukux2tyO/gQmdheuyZoKt6+lObL8DIStQuK
IGcaX7mMKGMD7URAR4crUSP6AFHZ4tRJ7Ryu0vv2+JBjH24LVM8PIHQYqgnAohar
7n/laa7bXlKueuTo7EAVGTYPnV/CGYm/MKJ1cYll/aRBFYcU4m+fOF4AAOo/8umu
kFFHbv+Abnei/pEYb77vsBaHE68gT5YLM/pY/6XXa2+UVROCBQXbLps/0GZk2FTS
tHKBteLYBVia9F7HSAP1wAl4qt+r7D7wm9gtchwp2vqNI6vMJYHSDbjk9q255DVs
Tew5/zH2PlvDaNMyLCnueC9VzFqBou/ZDmqUyOAlxDr4VC5NwnbgT8eyqcwlip3Y
9IWjGcTB5TSlndw5NVe48g1UTtR5Ji7mRyZxtLjLu0JPby9UJeM7ouJ+/y6ybh3U
oQ==
-----END CERTIFICATE-----

2026-05-23T08:47:16.986539Z	info	grpc-client	Fetched CA certificates required to verify connection to central
2026-05-23T08:47:16.988498Z	info	stream	[config-status] connected	name=config-status-771be08d
2026-05-23T08:47:16.988510Z	debug	stream	[config-status] Spawning cluster statusLabel send goroutine	name=config-status-771be08d
2026-05-23T08:47:16.988525Z	debug	status	re-triggering status report on connect
2026-05-23T08:47:16.988529Z	debug	status	sent-epoch(50) matches generated-epoch(50) and hence skipping
2026-05-23T08:48:11.043134Z	debug	discovery-server	Sending config resync request update to central xcp
2026-05-23T08:48:11.043161Z	debug	discovery-server	Done sending config resync request to central xcp
2026-05-23T08:48:11.043298Z	debug	discovery-server	Received resync keepalive response from central xcp.
2026-05-23T08:48:11.043310Z	debug	discovery-server	Waiting on recv for crds
2026-05-23T08:49:11.043713Z	debug	discovery-server	Sending config resync request update to central xcp
2026-05-23T08:49:11.043766Z	debug	discovery-server	Done sending config resync request to central xcp
2026-05-23T08:49:11.044085Z	debug	discovery-server	Received resync keepalive response from central xcp.
2026-05-23T08:49:11.044099Z	debug	discovery-server	Waiting on recv for crds
2026-05-23T08:50:11.044980Z	debug	discovery-server	Sending config resync request update to central xcp
2026-05-23T08:50:11.045038Z	debug	discovery-server	Done sending config resync request to central xcp
2026-05-23T08:50:11.045402Z	debug	discovery-server	Received resync keepalive response from central xcp.
2026-05-23T08:50:11.045413Z	debug	discovery-server	Waiting on recv for crds
2026-05-23T08:50:16.994440Z	debug	security	Read provided XCP Central certificate chain:
-----BEGIN CERTIFICATE-----
MIIFbTCCA1WgAwIBAgIUBD0/+0EfuEYZvVjrKE5cvNEja8swDQYJKoZIhvcNAQEL
BQAwRjELMAkGA1UEBhMCVVMxCzAJBgNVBAgMAkNBMRAwDgYDVQQKDAdUZXRyYXRl
MRgwFgYDVQQDDA9YQ1AtZTJlLXRlc3QtY2EwHhcNMjQwNjE3MTMxMjAzWhcNMzQw
NjE1MTMxMjAzWjBGMQswCQYDVQQGEwJVUzELMAkGA1UECAwCQ0ExEDAOBgNVBAoM
B1RldHJhdGUxGDAWBgNVBAMMD1hDUC1lMmUtdGVzdC1jYTCCAiIwDQYJKoZIhvcN
AQEBBQADggIPADCCAgoCggIBAIkO9mBBITqNjJed3zjKhu15p4EkX7qkDaKQjQdu
9zEvocDbtZU81ibmjuQFlL0vAiqHfKA8nUXKdidI9xHNdS7xUp3IlZoEFWX1jBUD
SLgQooe8BIIcEXfkVO019jLfMbDB5tQ6jzsjZ4F3ER5wh5rkLhEfbvq4ZiF3zQD/
82LDU5vwJ91qDWCHl8og9rla5MaAX2fTZhkQUQJiDip9uZ0Ft5lai1fKq8gICrod
4iPfiZH6sJB5cTC/aHd8CHY3FrJp8ZuGhZQzaV6PvfdFsCr+EISDlCkNdlNov7hA
Z8F8bRGrEqPAcYsS/Kk94oLAQBW7YvTPBrFnDWmyMnaKjCLGqTHmAY3tTrSI31lb
rnNakF2EGziOwNjxsI84d61U6KFtXMtsgKCNJr/MORVS/0f9yA7Q0WE5bEdx24m9
+qaWnMd5FtjC38GEALfSmo9YN3+Q+M+hdfipPKpv0khjHX7yPTrFvAOHi1wsy3Hj
1OdDFr/H9pG12DnlToVruVDfr5xypoWNK8pf2utZcMOcBzdfMNAVCqeE84BrPu2c
8mHinMfWX10X14nd2gdMUYyBgGqJGqiLuFMdthyCWpmg9BbYK013Esn36v8ap7gE
/VIiY/YTYNtmKE12IhBDa+y6izBXo69OAMB7iZHPDW5lnAXKfpGtaZO+9pqrTCI0
vdNTAgMBAAGjUzBRMB0GA1UdDgQWBBSlvheSoWwG4xtqKfuEWkYlmN0YbTAfBgNV
HSMEGDAWgBSlvheSoWwG4xtqKfuEWkYlmN0YbTAPBgNVHRMBAf8EBTADAQH/MA0G
CSqGSIb3DQEBCwUAA4ICAQACp7Yw/dQGSinvV0Z5kYjugapyBE7iIpyqRh2UgYzz
HT3bcXfSz95YO/TB+utF1C8g4yqxW8b5G0EIRgg9uqtxvrGmK18o6x2N1GEeCcfU
ke2xqrOP7dpWk3uwT2aeJN/LjfqR2KADscKtD7V5EN8v3JgH3Ul0M5g9RalaEppv
yQr0H9B8sdxRawIxD+HO1S/lsQhlGGCmgTQQF23gRmL1oxwR3Mujx9Se2NHZi0ha
fcyll1OLtUxsD6cNjwiqoiv5J1TV9Ukux2tyO/gQmdheuyZoKt6+lObL8DIStQuK
IGcaX7mMKGMD7URAR4crUSP6AFHZ4tRJ7Ryu0vv2+JBjH24LVM8PIHQYqgnAohar
7n/laa7bXlKueuTo7EAVGTYPnV/CGYm/MKJ1cYll/aRBFYcU4m+fOF4AAOo/8umu
kFFHbv+Abnei/pEYb77vsBaHE68gT5YLM/pY/6XXa2+UVROCBQXbLps/0GZk2FTS
tHKBteLYBVia9F7HSAP1wAl4qt+r7D7wm9gtchwp2vqNI6vMJYHSDbjk9q255DVs
Tew5/zH2PlvDaNMyLCnueC9VzFqBou/ZDmqUyOAlxDr4VC5NwnbgT8eyqcwlip3Y
9IWjGcTB5TSlndw5NVe48g1UTtR5Ji7mRyZxtLjLu0JPby9UJeM7ouJ+/y6ybh3U
oQ==
-----END CERTIFICATE-----

2026-05-23T08:50:16.994519Z	info	grpc-client	Fetched CA certificates required to verify connection to central
2026-05-23T08:50:17.995382Z	error	stream	[config-status] Error receiving on stream: gRPC status code Unavailable: closing transport due to: connection error: desc = "error reading from server: EOF", received prior goaway: code: ENHANCE_YOUR_CALM, debug data: "too_many_pings"	name=config-status-771be08d
2026-05-23T08:50:17.995403Z	debug	stream	[config-status] canceling context	name=config-status-771be08d
2026-05-23T08:50:17.995406Z	debug	stream	[config-status] wg wait	name=config-status-771be08d
2026-05-23T08:50:17.995410Z	error	stream	[config-status] Error sending on stream: sendFunc returning on exit	name=config-status-771be08d
2026-05-23T08:50:17.995414Z	warn	stream	[config-status] Error sending on stream: sendFunc returning on exit	name=config-status-771be08d
2026-05-23T08:50:17.995417Z	debug	stream	[config-status] closing stream	name=config-status-771be08d
2026-05-23T08:50:17.995420Z	debug	stream	[config-status] sending CloseSend	name=config-status-771be08d
2026-05-23T08:50:17.995430Z	info	stream	[config-status] closed stream, err=<nil>	name=config-status-771be08d
2026-05-23T08:50:17.995437Z	info	stream	[config-status] establishing new stream	name=config-status-771be08d
2026-05-23T08:50:17.995442Z	info	stream	[config-status] connecting new permanent stream with max age 8760h0m0s	name=config-status-771be08d
2026-05-23T08:50:17.995554Z	info	discovery-server	Connecting to XCP central using JWT auth
2026-05-23T08:50:17.995597Z	debug	security	Read provided XCP Central certificate chain:
-----BEGIN CERTIFICATE-----
MIIFbTCCA1WgAwIBAgIUBD0/+0EfuEYZvVjrKE5cvNEja8swDQYJKoZIhvcNAQEL
BQAwRjELMAkGA1UEBhMCVVMxCzAJBgNVBAgMAkNBMRAwDgYDVQQKDAdUZXRyYXRl
MRgwFgYDVQQDDA9YQ1AtZTJlLXRlc3QtY2EwHhcNMjQwNjE3MTMxMjAzWhcNMzQw
NjE1MTMxMjAzWjBGMQswCQYDVQQGEwJVUzELMAkGA1UECAwCQ0ExEDAOBgNVBAoM
B1RldHJhdGUxGDAWBgNVBAMMD1hDUC1lMmUtdGVzdC1jYTCCAiIwDQYJKoZIhvcN
AQEBBQADggIPADCCAgoCggIBAIkO9mBBITqNjJed3zjKhu15p4EkX7qkDaKQjQdu
9zEvocDbtZU81ibmjuQFlL0vAiqHfKA8nUXKdidI9xHNdS7xUp3IlZoEFWX1jBUD
SLgQooe8BIIcEXfkVO019jLfMbDB5tQ6jzsjZ4F3ER5wh5rkLhEfbvq4ZiF3zQD/
82LDU5vwJ91qDWCHl8og9rla5MaAX2fTZhkQUQJiDip9uZ0Ft5lai1fKq8gICrod
4iPfiZH6sJB5cTC/aHd8CHY3FrJp8ZuGhZQzaV6PvfdFsCr+EISDlCkNdlNov7hA
Z8F8bRGrEqPAcYsS/Kk94oLAQBW7YvTPBrFnDWmyMnaKjCLGqTHmAY3tTrSI31lb
rnNakF2EGziOwNjxsI84d61U6KFtXMtsgKCNJr/MORVS/0f9yA7Q0WE5bEdx24m9
+qaWnMd5FtjC38GEALfSmo9YN3+Q+M+hdfipPKpv0khjHX7yPTrFvAOHi1wsy3Hj
1OdDFr/H9pG12DnlToVruVDfr5xypoWNK8pf2utZcMOcBzdfMNAVCqeE84BrPu2c
8mHinMfWX10X14nd2gdMUYyBgGqJGqiLuFMdthyCWpmg9BbYK013Esn36v8ap7gE
/VIiY/YTYNtmKE12IhBDa+y6izBXo69OAMB7iZHPDW5lnAXKfpGtaZO+9pqrTCI0
vdNTAgMBAAGjUzBRMB0GA1UdDgQWBBSlvheSoWwG4xtqKfuEWkYlmN0YbTAfBgNV
HSMEGDAWgBSlvheSoWwG4xtqKfuEWkYlmN0YbTAPBgNVHRMBAf8EBTADAQH/MA0G
CSqGSIb3DQEBCwUAA4ICAQACp7Yw/dQGSinvV0Z5kYjugapyBE7iIpyqRh2UgYzz
HT3bcXfSz95YO/TB+utF1C8g4yqxW8b5G0EIRgg9uqtxvrGmK18o6x2N1GEeCcfU
ke2xqrOP7dpWk3uwT2aeJN/LjfqR2KADscKtD7V5EN8v3JgH3Ul0M5g9RalaEppv
yQr0H9B8sdxRawIxD+HO1S/lsQhlGGCmgTQQF23gRmL1oxwR3Mujx9Se2NHZi0ha
fcyll1OLtUxsD6cNjwiqoiv5J1TV9Ukux2tyO/gQmdheuyZoKt6+lObL8DIStQuK
IGcaX7mMKGMD7URAR4crUSP6AFHZ4tRJ7Ryu0vv2+JBjH24LVM8PIHQYqgnAohar
7n/laa7bXlKueuTo7EAVGTYPnV/CGYm/MKJ1cYll/aRBFYcU4m+fOF4AAOo/8umu
kFFHbv+Abnei/pEYb77vsBaHE68gT5YLM/pY/6XXa2+UVROCBQXbLps/0GZk2FTS
tHKBteLYBVia9F7HSAP1wAl4qt+r7D7wm9gtchwp2vqNI6vMJYHSDbjk9q255DVs
Tew5/zH2PlvDaNMyLCnueC9VzFqBou/ZDmqUyOAlxDr4VC5NwnbgT8eyqcwlip3Y
9IWjGcTB5TSlndw5NVe48g1UTtR5Ji7mRyZxtLjLu0JPby9UJeM7ouJ+/y6ybh3U
oQ==
-----END CERTIFICATE-----

2026-05-23T08:50:17.995631Z	info	grpc-client	Fetched CA certificates required to verify connection to central
2026-05-23T08:50:17.995653Z	debug	security	Read provided XCP Central certificate chain:
-----BEGIN CERTIFICATE-----
MIIFbTCCA1WgAwIBAgIUBD0/+0EfuEYZvVjrKE5cvNEja8swDQYJKoZIhvcNAQEL
BQAwRjELMAkGA1UEBhMCVVMxCzAJBgNVBAgMAkNBMRAwDgYDVQQKDAdUZXRyYXRl
MRgwFgYDVQQDDA9YQ1AtZTJlLXRlc3QtY2EwHhcNMjQwNjE3MTMxMjAzWhcNMzQw
NjE1MTMxMjAzWjBGMQswCQYDVQQGEwJVUzELMAkGA1UECAwCQ0ExEDAOBgNVBAoM
B1RldHJhdGUxGDAWBgNVBAMMD1hDUC1lMmUtdGVzdC1jYTCCAiIwDQYJKoZIhvcN
AQEBBQADggIPADCCAgoCggIBAIkO9mBBITqNjJed3zjKhu15p4EkX7qkDaKQjQdu
9zEvocDbtZU81ibmjuQFlL0vAiqHfKA8nUXKdidI9xHNdS7xUp3IlZoEFWX1jBUD
SLgQooe8BIIcEXfkVO019jLfMbDB5tQ6jzsjZ4F3ER5wh5rkLhEfbvq4ZiF3zQD/
82LDU5vwJ91qDWCHl8og9rla5MaAX2fTZhkQUQJiDip9uZ0Ft5lai1fKq8gICrod
4iPfiZH6sJB5cTC/aHd8CHY3FrJp8ZuGhZQzaV6PvfdFsCr+EISDlCkNdlNov7hA
Z8F8bRGrEqPAcYsS/Kk94oLAQBW7YvTPBrFnDWmyMnaKjCLGqTHmAY3tTrSI31lb
rnNakF2EGziOwNjxsI84d61U6KFtXMtsgKCNJr/MORVS/0f9yA7Q0WE5bEdx24m9
+qaWnMd5FtjC38GEALfSmo9YN3+Q+M+hdfipPKpv0khjHX7yPTrFvAOHi1wsy3Hj
1OdDFr/H9pG12DnlToVruVDfr5xypoWNK8pf2utZcMOcBzdfMNAVCqeE84BrPu2c
8mHinMfWX10X14nd2gdMUYyBgGqJGqiLuFMdthyCWpmg9BbYK013Esn36v8ap7gE
/VIiY/YTYNtmKE12IhBDa+y6izBXo69OAMB7iZHPDW5lnAXKfpGtaZO+9pqrTCI0
vdNTAgMBAAGjUzBRMB0GA1UdDgQWBBSlvheSoWwG4xtqKfuEWkYlmN0YbTAfBgNV
HSMEGDAWgBSlvheSoWwG4xtqKfuEWkYlmN0YbTAPBgNVHRMBAf8EBTADAQH/MA0G
CSqGSIb3DQEBCwUAA4ICAQACp7Yw/dQGSinvV0Z5kYjugapyBE7iIpyqRh2UgYzz
HT3bcXfSz95YO/TB+utF1C8g4yqxW8b5G0EIRgg9uqtxvrGmK18o6x2N1GEeCcfU
ke2xqrOP7dpWk3uwT2aeJN/LjfqR2KADscKtD7V5EN8v3JgH3Ul0M5g9RalaEppv
yQr0H9B8sdxRawIxD+HO1S/lsQhlGGCmgTQQF23gRmL1oxwR3Mujx9Se2NHZi0ha
fcyll1OLtUxsD6cNjwiqoiv5J1TV9Ukux2tyO/gQmdheuyZoKt6+lObL8DIStQuK
IGcaX7mMKGMD7URAR4crUSP6AFHZ4tRJ7Ryu0vv2+JBjH24LVM8PIHQYqgnAohar
7n/laa7bXlKueuTo7EAVGTYPnV/CGYm/MKJ1cYll/aRBFYcU4m+fOF4AAOo/8umu
kFFHbv+Abnei/pEYb77vsBaHE68gT5YLM/pY/6XXa2+UVROCBQXbLps/0GZk2FTS
tHKBteLYBVia9F7HSAP1wAl4qt+r7D7wm9gtchwp2vqNI6vMJYHSDbjk9q255DVs
Tew5/zH2PlvDaNMyLCnueC9VzFqBou/ZDmqUyOAlxDr4VC5NwnbgT8eyqcwlip3Y
9IWjGcTB5TSlndw5NVe48g1UTtR5Ji7mRyZxtLjLu0JPby9UJeM7ouJ+/y6ybh3U
oQ==
-----END CERTIFICATE-----

2026-05-23T08:50:17.995668Z	info	grpc-client	Fetched CA certificates required to verify connection to central
2026-05-23T08:50:17.997845Z	debug	security	Read provided XCP Central certificate chain:
-----BEGIN CERTIFICATE-----
MIIFbTCCA1WgAwIBAgIUBD0/+0EfuEYZvVjrKE5cvNEja8swDQYJKoZIhvcNAQEL
BQAwRjELMAkGA1UEBhMCVVMxCzAJBgNVBAgMAkNBMRAwDgYDVQQKDAdUZXRyYXRl
MRgwFgYDVQQDDA9YQ1AtZTJlLXRlc3QtY2EwHhcNMjQwNjE3MTMxMjAzWhcNMzQw
NjE1MTMxMjAzWjBGMQswCQYDVQQGEwJVUzELMAkGA1UECAwCQ0ExEDAOBgNVBAoM
B1RldHJhdGUxGDAWBgNVBAMMD1hDUC1lMmUtdGVzdC1jYTCCAiIwDQYJKoZIhvcN
AQEBBQADggIPADCCAgoCggIBAIkO9mBBITqNjJed3zjKhu15p4EkX7qkDaKQjQdu
9zEvocDbtZU81ibmjuQFlL0vAiqHfKA8nUXKdidI9xHNdS7xUp3IlZoEFWX1jBUD
SLgQooe8BIIcEXfkVO019jLfMbDB5tQ6jzsjZ4F3ER5wh5rkLhEfbvq4ZiF3zQD/
82LDU5vwJ91qDWCHl8og9rla5MaAX2fTZhkQUQJiDip9uZ0Ft5lai1fKq8gICrod
4iPfiZH6sJB5cTC/aHd8CHY3FrJp8ZuGhZQzaV6PvfdFsCr+EISDlCkNdlNov7hA
Z8F8bRGrEqPAcYsS/Kk94oLAQBW7YvTPBrFnDWmyMnaKjCLGqTHmAY3tTrSI31lb
rnNakF2EGziOwNjxsI84d61U6KFtXMtsgKCNJr/MORVS/0f9yA7Q0WE5bEdx24m9
+qaWnMd5FtjC38GEALfSmo9YN3+Q+M+hdfipPKpv0khjHX7yPTrFvAOHi1wsy3Hj
1OdDFr/H9pG12DnlToVruVDfr5xypoWNK8pf2utZcMOcBzdfMNAVCqeE84BrPu2c
8mHinMfWX10X14nd2gdMUYyBgGqJGqiLuFMdthyCWpmg9BbYK013Esn36v8ap7gE
/VIiY/YTYNtmKE12IhBDa+y6izBXo69OAMB7iZHPDW5lnAXKfpGtaZO+9pqrTCI0
vdNTAgMBAAGjUzBRMB0GA1UdDgQWBBSlvheSoWwG4xtqKfuEWkYlmN0YbTAfBgNV
HSMEGDAWgBSlvheSoWwG4xtqKfuEWkYlmN0YbTAPBgNVHRMBAf8EBTADAQH/MA0G
CSqGSIb3DQEBCwUAA4ICAQACp7Yw/dQGSinvV0Z5kYjugapyBE7iIpyqRh2UgYzz
HT3bcXfSz95YO/TB+utF1C8g4yqxW8b5G0EIRgg9uqtxvrGmK18o6x2N1GEeCcfU
ke2xqrOP7dpWk3uwT2aeJN/LjfqR2KADscKtD7V5EN8v3JgH3Ul0M5g9RalaEppv
yQr0H9B8sdxRawIxD+HO1S/lsQhlGGCmgTQQF23gRmL1oxwR3Mujx9Se2NHZi0ha
fcyll1OLtUxsD6cNjwiqoiv5J1TV9Ukux2tyO/gQmdheuyZoKt6+lObL8DIStQuK
IGcaX7mMKGMD7URAR4crUSP6AFHZ4tRJ7Ryu0vv2+JBjH24LVM8PIHQYqgnAohar
7n/laa7bXlKueuTo7EAVGTYPnV/CGYm/MKJ1cYll/aRBFYcU4m+fOF4AAOo/8umu
kFFHbv+Abnei/pEYb77vsBaHE68gT5YLM/pY/6XXa2+UVROCBQXbLps/0GZk2FTS
tHKBteLYBVia9F7HSAP1wAl4qt+r7D7wm9gtchwp2vqNI6vMJYHSDbjk9q255DVs
Tew5/zH2PlvDaNMyLCnueC9VzFqBou/ZDmqUyOAlxDr4VC5NwnbgT8eyqcwlip3Y
9IWjGcTB5TSlndw5NVe48g1UTtR5Ji7mRyZxtLjLu0JPby9UJeM7ouJ+/y6ybh3U
oQ==
-----END CERTIFICATE-----

2026-05-23T08:50:17.997915Z	info	grpc-client	Fetched CA certificates required to verify connection to central
2026-05-23T08:50:17.999985Z	info	stream	[config-status] connected	name=config-status-771be08d
2026-05-23T08:50:17.999990Z	debug	status	re-triggering status report on connect
2026-05-23T08:50:17.999999Z	debug	stream	[config-status] Spawning cluster statusLabel send goroutine	name=config-status-771be08d
2026-05-23T08:50:18.000008Z	debug	status	sent-epoch(50) matches generated-epoch(50) and hence skipping
2026-05-23T08:50:41.265230Z	info	discovery-server	triggering full re-sync of cluster-state
2026-05-23T08:50:42.266288Z	debug	debounce	notify cbk invoked	id=919326fd
2026-05-23T08:50:42.266334Z	debug	debounce	notify cbk returned	id=919326fd
2026-05-23T08:50:42.266355Z	debug	debounce	Applying exponential step-up. maxSilentCurrent updated to: 2s	id=919326fd
2026-05-23T08:50:42.266376Z	info	cluster-state	processClusterStateChangeEvents: cluster-eventid: 2026-05-23 08:50:41.265274631 +0000 UTC m=+96638.075730920 and 0 more, queue length: 0, reasons: periodic_full_cluster_state_resync,, forceConfigRegenReasons: map[], resources: []
2026-05-23T08:50:42.266381Z	debug	cluster-state	handleClusterStateChangedEvent: Trigger reasons: periodic_full_cluster_state_resync,, Forced translation: map[], Resources: []
2026-05-23T08:50:42.266436Z	debug	cluster-gen	istioServices: 14
2026-05-23T08:50:42.266523Z	info	no portname specified for service metallb-webhook-service.metallb-system.svc.cluster.local port 443. no endpoints will be detected
2026-05-23T08:50:42.266534Z	info	no portname specified for service metallb-webhook-service.metallb-system.svc.cluster.local port 443. no endpoints will be detected
2026-05-23T08:50:42.266545Z	debug	cluster-state	found Istio IsolationBoundary for Namespace "backend-c1" with Revision "stable"
2026-05-23T08:50:42.266556Z	debug	cluster-gen	Not a gateway service backend-c1/backend
2026-05-23T08:50:42.266561Z	debug	cluster-gen	Ignoring service kube-system/kube-dns
2026-05-23T08:50:42.266562Z	debug	cluster-gen	Ignoring service kube-system/metrics-server
2026-05-23T08:50:42.266650Z	debug	discovery-cache	added istio service instances in namespace: backend-c1 objects 0, changed false
2026-05-23T08:50:42.266660Z	debug	discovery-cache	added istio service instances in namespace: cert-manager objects 0, changed false
2026-05-23T08:50:42.266661Z	debug	discovery-cache	added istio service instances in namespace: default objects 0, changed false
2026-05-23T08:50:42.266662Z	debug	discovery-cache	added istio service instances in namespace: istio-system objects 0, changed false
2026-05-23T08:50:42.266663Z	debug	discovery-cache	added istio service instances in namespace: metallb-system objects 0, changed false
2026-05-23T08:50:42.266664Z	debug	discovery-cache	added istio service instances in namespace: xcp-system objects 0, changed false
2026-05-23T08:50:42.266674Z	debug	cluster-state	triggerConfigTranslation false ,triggerConfigTranslationReason false 
2026-05-23T08:50:42.266676Z	debug	cluster-state	Sending full cluster state to central as part of periodic resync.
2026-05-23T08:50:42.266677Z	debug	cluster-state	Sending full cluster state to central as part of periodic resync.
2026-05-23T08:50:42.266683Z	debug	cluster-state	handleClusterStateChangedEvent, actions: map[sendClusterToCentral:{} triggerServiceEntryRegeneration:{}]
2026-05-23T08:50:42.266787Z	debug	discovery-server	wrote channel for sending cluster updates
2026-05-23T08:50:42.266793Z	debug	cluster-state	Sent 6 namespaces to central. len(HostToK8sSvc) 0
2026-05-23T08:50:42.266794Z	debug	discovery-server	found changes related to gateway hosts attached to lb/nodeport services. (re)generating local SEs
2026-05-23T08:50:42.266807Z	debug	discovery-server	Sending cluster-state update to central xcp
2026-05-23T08:50:42.266886Z	debug	discovery-server	Done sending cluster-state to central xcp
2026-05-23T08:50:42.277313Z	debug	debounce	notify cbk invoked	id=29da738d
2026-05-23T08:50:42.277360Z	debug	mc-configapply	-->cluster cluster-0
2026-05-23T08:50:42.277375Z	debug	mc-configapply	-->cluster cluster-1
2026-05-23T08:50:42.277392Z	debug	mc-configgen	cluster cluster-0, namespaces 0
2026-05-23T08:50:42.277393Z	debug	mc-configgen	cluster cluster-1, namespaces 0
2026-05-23T08:50:42.277395Z	debug	mc-configapply	applying 0 istio objects for multicluster
2026-05-23T08:50:42.277397Z	debug	resource-cache	[xcp-multicluster] ===BEGIN: Apply request for 0 objects
2026-05-23T08:50:42.277399Z	debug	resource-cache	Delete all objects from the namespace xcp-multicluster
2026-05-23T08:50:42.277400Z	debug	resource-cache	[xcp-multicluster] objects previously in k8s api server cache: 0
2026-05-23T08:50:42.277401Z	debug	resource-cache	[xcp-multicluster] No previous objects at k8s apiserver cache for namespace
2026-05-23T08:50:42.277404Z	debug	resource-cache	[xcp-multicluster] ===END: Apply request for 0 objects in 0.000006 s
2026-05-23T08:50:42.277410Z	debug	debounce	notify cbk returned	id=29da738d
2026-05-23T08:50:42.277413Z	debug	debounce	Applying steady step-up. maxSilentCurrent updated to: 10ms	id=29da738d
2026-05-23T08:50:42.289035Z	debug	debounce	resetting maxSilentCurrent. updated: 10ms	id=29da738d
2026-05-23T08:50:44.267075Z	debug	debounce	resetting maxSilentCurrent. updated: 1s	id=919326fd
2026-05-23T08:51:11.046443Z	debug	discovery-server	Sending config resync request update to central xcp
2026-05-23T08:51:11.046480Z	debug	discovery-server	Done sending config resync request to central xcp
2026-05-23T08:51:11.046698Z	debug	discovery-server	Received resync keepalive response from central xcp.
2026-05-23T08:51:11.046714Z	debug	discovery-server	Waiting on recv for crds
2026-05-23T08:51:40.098689Z	error	discovery-server	Error received on cluster state stream: rpc error: code = DeadlineExceeded desc = context deadline exceeded
2026-05-23T08:51:40.098705Z	error	stream	[cluster-state] Error receiving on stream: gRPC status code DeadlineExceeded: context deadline exceeded	name=cluster-state-d88e8220
2026-05-23T08:51:40.098725Z	debug	stream	[cluster-state] canceling context	name=cluster-state-d88e8220
2026-05-23T08:51:40.098728Z	debug	stream	[cluster-state] wg wait	name=cluster-state-d88e8220
2026-05-23T08:51:40.098729Z	debug	stream	[cluster-state] closing stream	name=cluster-state-d88e8220
2026-05-23T08:51:40.098731Z	debug	stream	[cluster-state] sending CloseSend	name=cluster-state-d88e8220
2026-05-23T08:51:40.098735Z	info	stream	[cluster-state] closed stream, err=<nil>	name=cluster-state-d88e8220
2026-05-23T08:51:40.098739Z	info	stream	[cluster-state] establishing new stream	name=cluster-state-d88e8220
2026-05-23T08:51:40.098744Z	info	stream	[cluster-state] connecting new permanent stream with max age 24h0m0s	name=cluster-state-d88e8220
2026-05-23T08:51:40.098746Z	debug	discovery-server	Creating stream client for cluster state from central xcp
2026-05-23T08:51:40.098839Z	info	stream	[cluster-state] connected	name=cluster-state-d88e8220
2026-05-23T08:51:40.098844Z	debug	discovery-server	Waiting on recv for cluster updates
2026-05-23T08:51:40.099276Z	debug	discovery-server	Received cluster state update for cluster cluster-1 from central xcp
2026-05-23T08:51:40.099299Z	debug	mc-configapply	Cluster cluster-1 exposed services changed: false
2026-05-23T08:51:40.099305Z	debug	mc-configapply	Downloaded cluster status updates for cluster cluster-1 and regenerated service entries
2026-05-23T08:51:40.099389Z	debug	discovery-server	Waiting on recv for cluster updates
2026-05-23T08:51:40.099390Z	debug	discovery-server	Applying cluster config: cluster-1
2026-05-23T08:51:40.099833Z	info	discovery-server	compressed cluster state cluster-1 size (bytes): 2007
2026-05-23T08:51:40.099931Z	debug	failed to extract annotations map from k8s object, create an empty annotations map
2026-05-23T08:51:40.099951Z	debug	configapply	computed hash for Cluster:istio-system/cluster-1 - 4534dd298644aa72df5d9a945414a256
2026-05-23T08:51:40.099958Z	debug	discovery-server	same hash so neither creating nor updating
2026-05-23T08:51:48.004041Z	debug	security	Read provided XCP Central certificate chain:
-----BEGIN CERTIFICATE-----
MIIFbTCCA1WgAwIBAgIUBD0/+0EfuEYZvVjrKE5cvNEja8swDQYJKoZIhvcNAQEL
BQAwRjELMAkGA1UEBhMCVVMxCzAJBgNVBAgMAkNBMRAwDgYDVQQKDAdUZXRyYXRl
MRgwFgYDVQQDDA9YQ1AtZTJlLXRlc3QtY2EwHhcNMjQwNjE3MTMxMjAzWhcNMzQw
NjE1MTMxMjAzWjBGMQswCQYDVQQGEwJVUzELMAkGA1UECAwCQ0ExEDAOBgNVBAoM
B1RldHJhdGUxGDAWBgNVBAMMD1hDUC1lMmUtdGVzdC1jYTCCAiIwDQYJKoZIhvcN
AQEBBQADggIPADCCAgoCggIBAIkO9mBBITqNjJed3zjKhu15p4EkX7qkDaKQjQdu
9zEvocDbtZU81ibmjuQFlL0vAiqHfKA8nUXKdidI9xHNdS7xUp3IlZoEFWX1jBUD
SLgQooe8BIIcEXfkVO019jLfMbDB5tQ6jzsjZ4F3ER5wh5rkLhEfbvq4ZiF3zQD/
82LDU5vwJ91qDWCHl8og9rla5MaAX2fTZhkQUQJiDip9uZ0Ft5lai1fKq8gICrod
4iPfiZH6sJB5cTC/aHd8CHY3FrJp8ZuGhZQzaV6PvfdFsCr+EISDlCkNdlNov7hA
Z8F8bRGrEqPAcYsS/Kk94oLAQBW7YvTPBrFnDWmyMnaKjCLGqTHmAY3tTrSI31lb
rnNakF2EGziOwNjxsI84d61U6KFtXMtsgKCNJr/MORVS/0f9yA7Q0WE5bEdx24m9
+qaWnMd5FtjC38GEALfSmo9YN3+Q+M+hdfipPKpv0khjHX7yPTrFvAOHi1wsy3Hj
1OdDFr/H9pG12DnlToVruVDfr5xypoWNK8pf2utZcMOcBzdfMNAVCqeE84BrPu2c
8mHinMfWX10X14nd2gdMUYyBgGqJGqiLuFMdthyCWpmg9BbYK013Esn36v8ap7gE
/VIiY/YTYNtmKE12IhBDa+y6izBXo69OAMB7iZHPDW5lnAXKfpGtaZO+9pqrTCI0
vdNTAgMBAAGjUzBRMB0GA1UdDgQWBBSlvheSoWwG4xtqKfuEWkYlmN0YbTAfBgNV
HSMEGDAWgBSlvheSoWwG4xtqKfuEWkYlmN0YbTAPBgNVHRMBAf8EBTADAQH/MA0G
CSqGSIb3DQEBCwUAA4ICAQACp7Yw/dQGSinvV0Z5kYjugapyBE7iIpyqRh2UgYzz
HT3bcXfSz95YO/TB+utF1C8g4yqxW8b5G0EIRgg9uqtxvrGmK18o6x2N1GEeCcfU
ke2xqrOP7dpWk3uwT2aeJN/LjfqR2KADscKtD7V5EN8v3JgH3Ul0M5g9RalaEppv
yQr0H9B8sdxRawIxD+HO1S/lsQhlGGCmgTQQF23gRmL1oxwR3Mujx9Se2NHZi0ha
fcyll1OLtUxsD6cNjwiqoiv5J1TV9Ukux2tyO/gQmdheuyZoKt6+lObL8DIStQuK
IGcaX7mMKGMD7URAR4crUSP6AFHZ4tRJ7Ryu0vv2+JBjH24LVM8PIHQYqgnAohar
7n/laa7bXlKueuTo7EAVGTYPnV/CGYm/MKJ1cYll/aRBFYcU4m+fOF4AAOo/8umu
kFFHbv+Abnei/pEYb77vsBaHE68gT5YLM/pY/6XXa2+UVROCBQXbLps/0GZk2FTS
tHKBteLYBVia9F7HSAP1wAl4qt+r7D7wm9gtchwp2vqNI6vMJYHSDbjk9q255DVs
Tew5/zH2PlvDaNMyLCnueC9VzFqBou/ZDmqUyOAlxDr4VC5NwnbgT8eyqcwlip3Y
9IWjGcTB5TSlndw5NVe48g1UTtR5Ji7mRyZxtLjLu0JPby9UJeM7ouJ+/y6ybh3U
oQ==
-----END CERTIFICATE-----

2026-05-23T08:51:48.004100Z	info	grpc-client	Fetched CA certificates required to verify connection to central
2026-05-23T08:51:49.005881Z	error	stream	[config-status] Error receiving on stream: gRPC status code Unavailable: closing transport due to: connection error: desc = "error reading from server: EOF", received prior goaway: code: ENHANCE_YOUR_CALM, debug data: "too_many_pings"	name=config-status-771be08d
2026-05-23T08:51:49.005897Z	debug	stream	[config-status] canceling context	name=config-status-771be08d
2026-05-23T08:51:49.005900Z	debug	stream	[config-status] wg wait	name=config-status-771be08d
2026-05-23T08:51:49.005908Z	error	stream	[config-status] Error sending on stream: sendFunc returning on exit	name=config-status-771be08d
2026-05-23T08:51:49.005910Z	warn	stream	[config-status] Error sending on stream: sendFunc returning on exit	name=config-status-771be08d
2026-05-23T08:51:49.005912Z	debug	stream	[config-status] closing stream	name=config-status-771be08d
2026-05-23T08:51:49.005914Z	debug	stream	[config-status] sending CloseSend	name=config-status-771be08d
2026-05-23T08:51:49.005918Z	info	stream	[config-status] closed stream, err=<nil>	name=config-status-771be08d
2026-05-23T08:51:49.005919Z	info	stream	[config-status] establishing new stream	name=config-status-771be08d
2026-05-23T08:51:49.005924Z	info	stream	[config-status] connecting new permanent stream with max age 8760h0m0s	name=config-status-771be08d
2026-05-23T08:51:49.006024Z	info	discovery-server	Connecting to XCP central using JWT auth
2026-05-23T08:51:49.006079Z	debug	security	Read provided XCP Central certificate chain:
-----BEGIN CERTIFICATE-----
MIIFbTCCA1WgAwIBAgIUBD0/+0EfuEYZvVjrKE5cvNEja8swDQYJKoZIhvcNAQEL
BQAwRjELMAkGA1UEBhMCVVMxCzAJBgNVBAgMAkNBMRAwDgYDVQQKDAdUZXRyYXRl
MRgwFgYDVQQDDA9YQ1AtZTJlLXRlc3QtY2EwHhcNMjQwNjE3MTMxMjAzWhcNMzQw
NjE1MTMxMjAzWjBGMQswCQYDVQQGEwJVUzELMAkGA1UECAwCQ0ExEDAOBgNVBAoM
B1RldHJhdGUxGDAWBgNVBAMMD1hDUC1lMmUtdGVzdC1jYTCCAiIwDQYJKoZIhvcN
AQEBBQADggIPADCCAgoCggIBAIkO9mBBITqNjJed3zjKhu15p4EkX7qkDaKQjQdu
9zEvocDbtZU81ibmjuQFlL0vAiqHfKA8nUXKdidI9xHNdS7xUp3IlZoEFWX1jBUD
SLgQooe8BIIcEXfkVO019jLfMbDB5tQ6jzsjZ4F3ER5wh5rkLhEfbvq4ZiF3zQD/
82LDU5vwJ91qDWCHl8og9rla5MaAX2fTZhkQUQJiDip9uZ0Ft5lai1fKq8gICrod
4iPfiZH6sJB5cTC/aHd8CHY3FrJp8ZuGhZQzaV6PvfdFsCr+EISDlCkNdlNov7hA
Z8F8bRGrEqPAcYsS/Kk94oLAQBW7YvTPBrFnDWmyMnaKjCLGqTHmAY3tTrSI31lb
rnNakF2EGziOwNjxsI84d61U6KFtXMtsgKCNJr/MORVS/0f9yA7Q0WE5bEdx24m9
+qaWnMd5FtjC38GEALfSmo9YN3+Q+M+hdfipPKpv0khjHX7yPTrFvAOHi1wsy3Hj
1OdDFr/H9pG12DnlToVruVDfr5xypoWNK8pf2utZcMOcBzdfMNAVCqeE84BrPu2c
8mHinMfWX10X14nd2gdMUYyBgGqJGqiLuFMdthyCWpmg9BbYK013Esn36v8ap7gE
/VIiY/YTYNtmKE12IhBDa+y6izBXo69OAMB7iZHPDW5lnAXKfpGtaZO+9pqrTCI0
vdNTAgMBAAGjUzBRMB0GA1UdDgQWBBSlvheSoWwG4xtqKfuEWkYlmN0YbTAfBgNV
HSMEGDAWgBSlvheSoWwG4xtqKfuEWkYlmN0YbTAPBgNVHRMBAf8EBTADAQH/MA0G
CSqGSIb3DQEBCwUAA4ICAQACp7Yw/dQGSinvV0Z5kYjugapyBE7iIpyqRh2UgYzz
HT3bcXfSz95YO/TB+utF1C8g4yqxW8b5G0EIRgg9uqtxvrGmK18o6x2N1GEeCcfU
ke2xqrOP7dpWk3uwT2aeJN/LjfqR2KADscKtD7V5EN8v3JgH3Ul0M5g9RalaEppv
yQr0H9B8sdxRawIxD+HO1S/lsQhlGGCmgTQQF23gRmL1oxwR3Mujx9Se2NHZi0ha
fcyll1OLtUxsD6cNjwiqoiv5J1TV9Ukux2tyO/gQmdheuyZoKt6+lObL8DIStQuK
IGcaX7mMKGMD7URAR4crUSP6AFHZ4tRJ7Ryu0vv2+JBjH24LVM8PIHQYqgnAohar
7n/laa7bXlKueuTo7EAVGTYPnV/CGYm/MKJ1cYll/aRBFYcU4m+fOF4AAOo/8umu
kFFHbv+Abnei/pEYb77vsBaHE68gT5YLM/pY/6XXa2+UVROCBQXbLps/0GZk2FTS
tHKBteLYBVia9F7HSAP1wAl4qt+r7D7wm9gtchwp2vqNI6vMJYHSDbjk9q255DVs
Tew5/zH2PlvDaNMyLCnueC9VzFqBou/ZDmqUyOAlxDr4VC5NwnbgT8eyqcwlip3Y
9IWjGcTB5TSlndw5NVe48g1UTtR5Ji7mRyZxtLjLu0JPby9UJeM7ouJ+/y6ybh3U
oQ==
-----END CERTIFICATE-----

2026-05-23T08:51:49.006114Z	info	grpc-client	Fetched CA certificates required to verify connection to central
2026-05-23T08:51:49.006124Z	debug	security	Read provided XCP Central certificate chain:
-----BEGIN CERTIFICATE-----
MIIFbTCCA1WgAwIBAgIUBD0/+0EfuEYZvVjrKE5cvNEja8swDQYJKoZIhvcNAQEL
BQAwRjELMAkGA1UEBhMCVVMxCzAJBgNVBAgMAkNBMRAwDgYDVQQKDAdUZXRyYXRl
MRgwFgYDVQQDDA9YQ1AtZTJlLXRlc3QtY2EwHhcNMjQwNjE3MTMxMjAzWhcNMzQw
NjE1MTMxMjAzWjBGMQswCQYDVQQGEwJVUzELMAkGA1UECAwCQ0ExEDAOBgNVBAoM
B1RldHJhdGUxGDAWBgNVBAMMD1hDUC1lMmUtdGVzdC1jYTCCAiIwDQYJKoZIhvcN
AQEBBQADggIPADCCAgoCggIBAIkO9mBBITqNjJed3zjKhu15p4EkX7qkDaKQjQdu
9zEvocDbtZU81ibmjuQFlL0vAiqHfKA8nUXKdidI9xHNdS7xUp3IlZoEFWX1jBUD
SLgQooe8BIIcEXfkVO019jLfMbDB5tQ6jzsjZ4F3ER5wh5rkLhEfbvq4ZiF3zQD/
82LDU5vwJ91qDWCHl8og9rla5MaAX2fTZhkQUQJiDip9uZ0Ft5lai1fKq8gICrod
4iPfiZH6sJB5cTC/aHd8CHY3FrJp8ZuGhZQzaV6PvfdFsCr+EISDlCkNdlNov7hA
Z8F8bRGrEqPAcYsS/Kk94oLAQBW7YvTPBrFnDWmyMnaKjCLGqTHmAY3tTrSI31lb
rnNakF2EGziOwNjxsI84d61U6KFtXMtsgKCNJr/MORVS/0f9yA7Q0WE5bEdx24m9
+qaWnMd5FtjC38GEALfSmo9YN3+Q+M+hdfipPKpv0khjHX7yPTrFvAOHi1wsy3Hj
1OdDFr/H9pG12DnlToVruVDfr5xypoWNK8pf2utZcMOcBzdfMNAVCqeE84BrPu2c
8mHinMfWX10X14nd2gdMUYyBgGqJGqiLuFMdthyCWpmg9BbYK013Esn36v8ap7gE
/VIiY/YTYNtmKE12IhBDa+y6izBXo69OAMB7iZHPDW5lnAXKfpGtaZO+9pqrTCI0
vdNTAgMBAAGjUzBRMB0GA1UdDgQWBBSlvheSoWwG4xtqKfuEWkYlmN0YbTAfBgNV
HSMEGDAWgBSlvheSoWwG4xtqKfuEWkYlmN0YbTAPBgNVHRMBAf8EBTADAQH/MA0G
CSqGSIb3DQEBCwUAA4ICAQACp7Yw/dQGSinvV0Z5kYjugapyBE7iIpyqRh2UgYzz
HT3bcXfSz95YO/TB+utF1C8g4yqxW8b5G0EIRgg9uqtxvrGmK18o6x2N1GEeCcfU
ke2xqrOP7dpWk3uwT2aeJN/LjfqR2KADscKtD7V5EN8v3JgH3Ul0M5g9RalaEppv
yQr0H9B8sdxRawIxD+HO1S/lsQhlGGCmgTQQF23gRmL1oxwR3Mujx9Se2NHZi0ha
fcyll1OLtUxsD6cNjwiqoiv5J1TV9Ukux2tyO/gQmdheuyZoKt6+lObL8DIStQuK
IGcaX7mMKGMD7URAR4crUSP6AFHZ4tRJ7Ryu0vv2+JBjH24LVM8PIHQYqgnAohar
7n/laa7bXlKueuTo7EAVGTYPnV/CGYm/MKJ1cYll/aRBFYcU4m+fOF4AAOo/8umu
kFFHbv+Abnei/pEYb77vsBaHE68gT5YLM/pY/6XXa2+UVROCBQXbLps/0GZk2FTS
tHKBteLYBVia9F7HSAP1wAl4qt+r7D7wm9gtchwp2vqNI6vMJYHSDbjk9q255DVs
Tew5/zH2PlvDaNMyLCnueC9VzFqBou/ZDmqUyOAlxDr4VC5NwnbgT8eyqcwlip3Y
9IWjGcTB5TSlndw5NVe48g1UTtR5Ji7mRyZxtLjLu0JPby9UJeM7ouJ+/y6ybh3U
oQ==
-----END CERTIFICATE-----

2026-05-23T08:51:49.006136Z	info	grpc-client	Fetched CA certificates required to verify connection to central
2026-05-23T08:51:49.008895Z	debug	security	Read provided XCP Central certificate chain:
-----BEGIN CERTIFICATE-----
MIIFbTCCA1WgAwIBAgIUBD0/+0EfuEYZvVjrKE5cvNEja8swDQYJKoZIhvcNAQEL
BQAwRjELMAkGA1UEBhMCVVMxCzAJBgNVBAgMAkNBMRAwDgYDVQQKDAdUZXRyYXRl
MRgwFgYDVQQDDA9YQ1AtZTJlLXRlc3QtY2EwHhcNMjQwNjE3MTMxMjAzWhcNMzQw
NjE1MTMxMjAzWjBGMQswCQYDVQQGEwJVUzELMAkGA1UECAwCQ0ExEDAOBgNVBAoM
B1RldHJhdGUxGDAWBgNVBAMMD1hDUC1lMmUtdGVzdC1jYTCCAiIwDQYJKoZIhvcN
AQEBBQADggIPADCCAgoCggIBAIkO9mBBITqNjJed3zjKhu15p4EkX7qkDaKQjQdu
9zEvocDbtZU81ibmjuQFlL0vAiqHfKA8nUXKdidI9xHNdS7xUp3IlZoEFWX1jBUD
SLgQooe8BIIcEXfkVO019jLfMbDB5tQ6jzsjZ4F3ER5wh5rkLhEfbvq4ZiF3zQD/
82LDU5vwJ91qDWCHl8og9rla5MaAX2fTZhkQUQJiDip9uZ0Ft5lai1fKq8gICrod
4iPfiZH6sJB5cTC/aHd8CHY3FrJp8ZuGhZQzaV6PvfdFsCr+EISDlCkNdlNov7hA
Z8F8bRGrEqPAcYsS/Kk94oLAQBW7YvTPBrFnDWmyMnaKjCLGqTHmAY3tTrSI31lb
rnNakF2EGziOwNjxsI84d61U6KFtXMtsgKCNJr/MORVS/0f9yA7Q0WE5bEdx24m9
+qaWnMd5FtjC38GEALfSmo9YN3+Q+M+hdfipPKpv0khjHX7yPTrFvAOHi1wsy3Hj
1OdDFr/H9pG12DnlToVruVDfr5xypoWNK8pf2utZcMOcBzdfMNAVCqeE84BrPu2c
8mHinMfWX10X14nd2gdMUYyBgGqJGqiLuFMdthyCWpmg9BbYK013Esn36v8ap7gE
/VIiY/YTYNtmKE12IhBDa+y6izBXo69OAMB7iZHPDW5lnAXKfpGtaZO+9pqrTCI0
vdNTAgMBAAGjUzBRMB0GA1UdDgQWBBSlvheSoWwG4xtqKfuEWkYlmN0YbTAfBgNV
HSMEGDAWgBSlvheSoWwG4xtqKfuEWkYlmN0YbTAPBgNVHRMBAf8EBTADAQH/MA0G
CSqGSIb3DQEBCwUAA4ICAQACp7Yw/dQGSinvV0Z5kYjugapyBE7iIpyqRh2UgYzz
HT3bcXfSz95YO/TB+utF1C8g4yqxW8b5G0EIRgg9uqtxvrGmK18o6x2N1GEeCcfU
ke2xqrOP7dpWk3uwT2aeJN/LjfqR2KADscKtD7V5EN8v3JgH3Ul0M5g9RalaEppv
yQr0H9B8sdxRawIxD+HO1S/lsQhlGGCmgTQQF23gRmL1oxwR3Mujx9Se2NHZi0ha
fcyll1OLtUxsD6cNjwiqoiv5J1TV9Ukux2tyO/gQmdheuyZoKt6+lObL8DIStQuK
IGcaX7mMKGMD7URAR4crUSP6AFHZ4tRJ7Ryu0vv2+JBjH24LVM8PIHQYqgnAohar
7n/laa7bXlKueuTo7EAVGTYPnV/CGYm/MKJ1cYll/aRBFYcU4m+fOF4AAOo/8umu
kFFHbv+Abnei/pEYb77vsBaHE68gT5YLM/pY/6XXa2+UVROCBQXbLps/0GZk2FTS
tHKBteLYBVia9F7HSAP1wAl4qt+r7D7wm9gtchwp2vqNI6vMJYHSDbjk9q255DVs
Tew5/zH2PlvDaNMyLCnueC9VzFqBou/ZDmqUyOAlxDr4VC5NwnbgT8eyqcwlip3Y
9IWjGcTB5TSlndw5NVe48g1UTtR5Ji7mRyZxtLjLu0JPby9UJeM7ouJ+/y6ybh3U
oQ==
-----END CERTIFICATE-----

2026-05-23T08:51:49.008950Z	info	grpc-client	Fetched CA certificates required to verify connection to central
2026-05-23T08:51:49.011731Z	info	stream	[config-status] connected	name=config-status-771be08d
2026-05-23T08:51:49.011807Z	debug	stream	[config-status] Spawning cluster statusLabel send goroutine	name=config-status-771be08d
2026-05-23T08:51:49.011744Z	debug	status	re-triggering status report on connect
2026-05-23T08:51:49.011875Z	debug	status	sent-epoch(50) matches generated-epoch(50) and hence skipping
2026-05-23T08:52:11.048712Z	debug	discovery-server	Sending config resync request update to central xcp
2026-05-23T08:52:11.048822Z	debug	discovery-server	Done sending config resync request to central xcp
2026-05-23T08:52:11.049148Z	debug	discovery-server	Received resync keepalive response from central xcp.
2026-05-23T08:52:11.049165Z	debug	discovery-server	Waiting on recv for crds
2026-05-23T08:53:11.050144Z	debug	discovery-server	Sending config resync request update to central xcp
2026-05-23T08:53:11.050205Z	debug	discovery-server	Done sending config resync request to central xcp
2026-05-23T08:53:11.050445Z	debug	discovery-server	Received resync keepalive response from central xcp.
2026-05-23T08:53:11.050457Z	debug	discovery-server	Waiting on recv for crds
2026-05-23T08:54:11.051744Z	debug	discovery-server	Sending config resync request update to central xcp
2026-05-23T08:54:11.051766Z	debug	discovery-server	Done sending config resync request to central xcp
2026-05-23T08:54:11.051905Z	debug	discovery-server	Received resync keepalive response from central xcp.
2026-05-23T08:54:11.051917Z	debug	discovery-server	Waiting on recv for crds
2026-05-23T08:54:23.525460Z	debug	discovery-server	Received cluster state update for cluster cluster-1 from central xcp
2026-05-23T08:54:23.525489Z	debug	mc-configapply	Cluster cluster-1 exposed services changed: false
2026-05-23T08:54:23.525493Z	debug	mc-configapply	Downloaded cluster status updates for cluster cluster-1 and regenerated service entries
2026-05-23T08:54:23.525497Z	debug	discovery-server	Waiting on recv for cluster updates
2026-05-23T08:54:23.525507Z	debug	discovery-server	Applying cluster config: cluster-1
2026-05-23T08:54:23.525759Z	info	discovery-server	compressed cluster state cluster-1 size (bytes): 2006
2026-05-23T08:54:23.525823Z	debug	failed to extract annotations map from k8s object, create an empty annotations map
2026-05-23T08:54:23.525838Z	debug	configapply	computed hash for Cluster:istio-system/cluster-1 - 6e5a1ab96af2f48e8089483fdc8a7d54
2026-05-23T08:54:23.525846Z	debug	discovery-server	Updating spec istio-system/cluster-1:
2026-05-23T08:54:23.529224Z	debug	handling validation webhook for xcp.tetrate.io/v2, Kind=Cluster
2026-05-23T08:54:23.529466Z	info	Authorized Admission request for UPDATE operation on xcp.tetrate.io/v2, Kind=Cluster/cluster-1 for username system:serviceaccount:istio-system:xcp-edge
2026-05-23T08:54:49.013204Z	debug	security	Read provided XCP Central certificate chain:
-----BEGIN CERTIFICATE-----
MIIFbTCCA1WgAwIBAgIUBD0/+0EfuEYZvVjrKE5cvNEja8swDQYJKoZIhvcNAQEL
BQAwRjELMAkGA1UEBhMCVVMxCzAJBgNVBAgMAkNBMRAwDgYDVQQKDAdUZXRyYXRl
MRgwFgYDVQQDDA9YQ1AtZTJlLXRlc3QtY2EwHhcNMjQwNjE3MTMxMjAzWhcNMzQw
NjE1MTMxMjAzWjBGMQswCQYDVQQGEwJVUzELMAkGA1UECAwCQ0ExEDAOBgNVBAoM
B1RldHJhdGUxGDAWBgNVBAMMD1hDUC1lMmUtdGVzdC1jYTCCAiIwDQYJKoZIhvcN
AQEBBQADggIPADCCAgoCggIBAIkO9mBBITqNjJed3zjKhu15p4EkX7qkDaKQjQdu
9zEvocDbtZU81ibmjuQFlL0vAiqHfKA8nUXKdidI9xHNdS7xUp3IlZoEFWX1jBUD
SLgQooe8BIIcEXfkVO019jLfMbDB5tQ6jzsjZ4F3ER5wh5rkLhEfbvq4ZiF3zQD/
82LDU5vwJ91qDWCHl8og9rla5MaAX2fTZhkQUQJiDip9uZ0Ft5lai1fKq8gICrod
4iPfiZH6sJB5cTC/aHd8CHY3FrJp8ZuGhZQzaV6PvfdFsCr+EISDlCkNdlNov7hA
Z8F8bRGrEqPAcYsS/Kk94oLAQBW7YvTPBrFnDWmyMnaKjCLGqTHmAY3tTrSI31lb
rnNakF2EGziOwNjxsI84d61U6KFtXMtsgKCNJr/MORVS/0f9yA7Q0WE5bEdx24m9
+qaWnMd5FtjC38GEALfSmo9YN3+Q+M+hdfipPKpv0khjHX7yPTrFvAOHi1wsy3Hj
1OdDFr/H9pG12DnlToVruVDfr5xypoWNK8pf2utZcMOcBzdfMNAVCqeE84BrPu2c
8mHinMfWX10X14nd2gdMUYyBgGqJGqiLuFMdthyCWpmg9BbYK013Esn36v8ap7gE
/VIiY/YTYNtmKE12IhBDa+y6izBXo69OAMB7iZHPDW5lnAXKfpGtaZO+9pqrTCI0
vdNTAgMBAAGjUzBRMB0GA1UdDgQWBBSlvheSoWwG4xtqKfuEWkYlmN0YbTAfBgNV
HSMEGDAWgBSlvheSoWwG4xtqKfuEWkYlmN0YbTAPBgNVHRMBAf8EBTADAQH/MA0G
CSqGSIb3DQEBCwUAA4ICAQACp7Yw/dQGSinvV0Z5kYjugapyBE7iIpyqRh2UgYzz
HT3bcXfSz95YO/TB+utF1C8g4yqxW8b5G0EIRgg9uqtxvrGmK18o6x2N1GEeCcfU
ke2xqrOP7dpWk3uwT2aeJN/LjfqR2KADscKtD7V5EN8v3JgH3Ul0M5g9RalaEppv
yQr0H9B8sdxRawIxD+HO1S/lsQhlGGCmgTQQF23gRmL1oxwR3Mujx9Se2NHZi0ha
fcyll1OLtUxsD6cNjwiqoiv5J1TV9Ukux2tyO/gQmdheuyZoKt6+lObL8DIStQuK
IGcaX7mMKGMD7URAR4crUSP6AFHZ4tRJ7Ryu0vv2+JBjH24LVM8PIHQYqgnAohar
7n/laa7bXlKueuTo7EAVGTYPnV/CGYm/MKJ1cYll/aRBFYcU4m+fOF4AAOo/8umu
kFFHbv+Abnei/pEYb77vsBaHE68gT5YLM/pY/6XXa2+UVROCBQXbLps/0GZk2FTS
tHKBteLYBVia9F7HSAP1wAl4qt+r7D7wm9gtchwp2vqNI6vMJYHSDbjk9q255DVs
Tew5/zH2PlvDaNMyLCnueC9VzFqBou/ZDmqUyOAlxDr4VC5NwnbgT8eyqcwlip3Y
9IWjGcTB5TSlndw5NVe48g1UTtR5Ji7mRyZxtLjLu0JPby9UJeM7ouJ+/y6ybh3U
oQ==
-----END CERTIFICATE-----

2026-05-23T08:54:49.013277Z	info	grpc-client	Fetched CA certificates required to verify connection to central
2026-05-23T08:54:50.013884Z	error	stream	[config-status] Error receiving on stream: gRPC status code Unavailable: closing transport due to: connection error: desc = "error reading from server: EOF", received prior goaway: code: ENHANCE_YOUR_CALM, debug data: "too_many_pings"	name=config-status-771be08d
2026-05-23T08:54:50.013904Z	debug	stream	[config-status] canceling context	name=config-status-771be08d
2026-05-23T08:54:50.013907Z	debug	stream	[config-status] wg wait	name=config-status-771be08d
2026-05-23T08:54:50.013920Z	error	stream	[config-status] Error sending on stream: sendFunc returning on exit	name=config-status-771be08d
2026-05-23T08:54:50.013924Z	warn	stream	[config-status] Error sending on stream: sendFunc returning on exit	name=config-status-771be08d
2026-05-23T08:54:50.013927Z	debug	stream	[config-status] closing stream	name=config-status-771be08d
2026-05-23T08:54:50.013929Z	debug	stream	[config-status] sending CloseSend	name=config-status-771be08d
2026-05-23T08:54:50.013933Z	info	stream	[config-status] closed stream, err=<nil>	name=config-status-771be08d
2026-05-23T08:54:50.013938Z	info	stream	[config-status] establishing new stream	name=config-status-771be08d
2026-05-23T08:54:50.013942Z	info	stream	[config-status] connecting new permanent stream with max age 8760h0m0s	name=config-status-771be08d
2026-05-23T08:54:50.014038Z	info	discovery-server	Connecting to XCP central using JWT auth
2026-05-23T08:54:50.014080Z	debug	security	Read provided XCP Central certificate chain:
-----BEGIN CERTIFICATE-----
MIIFbTCCA1WgAwIBAgIUBD0/+0EfuEYZvVjrKE5cvNEja8swDQYJKoZIhvcNAQEL
BQAwRjELMAkGA1UEBhMCVVMxCzAJBgNVBAgMAkNBMRAwDgYDVQQKDAdUZXRyYXRl
MRgwFgYDVQQDDA9YQ1AtZTJlLXRlc3QtY2EwHhcNMjQwNjE3MTMxMjAzWhcNMzQw
NjE1MTMxMjAzWjBGMQswCQYDVQQGEwJVUzELMAkGA1UECAwCQ0ExEDAOBgNVBAoM
B1RldHJhdGUxGDAWBgNVBAMMD1hDUC1lMmUtdGVzdC1jYTCCAiIwDQYJKoZIhvcN
AQEBBQADggIPADCCAgoCggIBAIkO9mBBITqNjJed3zjKhu15p4EkX7qkDaKQjQdu
9zEvocDbtZU81ibmjuQFlL0vAiqHfKA8nUXKdidI9xHNdS7xUp3IlZoEFWX1jBUD
SLgQooe8BIIcEXfkVO019jLfMbDB5tQ6jzsjZ4F3ER5wh5rkLhEfbvq4ZiF3zQD/
82LDU5vwJ91qDWCHl8og9rla5MaAX2fTZhkQUQJiDip9uZ0Ft5lai1fKq8gICrod
4iPfiZH6sJB5cTC/aHd8CHY3FrJp8ZuGhZQzaV6PvfdFsCr+EISDlCkNdlNov7hA
Z8F8bRGrEqPAcYsS/Kk94oLAQBW7YvTPBrFnDWmyMnaKjCLGqTHmAY3tTrSI31lb
rnNakF2EGziOwNjxsI84d61U6KFtXMtsgKCNJr/MORVS/0f9yA7Q0WE5bEdx24m9
+qaWnMd5FtjC38GEALfSmo9YN3+Q+M+hdfipPKpv0khjHX7yPTrFvAOHi1wsy3Hj
1OdDFr/H9pG12DnlToVruVDfr5xypoWNK8pf2utZcMOcBzdfMNAVCqeE84BrPu2c
8mHinMfWX10X14nd2gdMUYyBgGqJGqiLuFMdthyCWpmg9BbYK013Esn36v8ap7gE
/VIiY/YTYNtmKE12IhBDa+y6izBXo69OAMB7iZHPDW5lnAXKfpGtaZO+9pqrTCI0
vdNTAgMBAAGjUzBRMB0GA1UdDgQWBBSlvheSoWwG4xtqKfuEWkYlmN0YbTAfBgNV
HSMEGDAWgBSlvheSoWwG4xtqKfuEWkYlmN0YbTAPBgNVHRMBAf8EBTADAQH/MA0G
CSqGSIb3DQEBCwUAA4ICAQACp7Yw/dQGSinvV0Z5kYjugapyBE7iIpyqRh2UgYzz
HT3bcXfSz95YO/TB+utF1C8g4yqxW8b5G0EIRgg9uqtxvrGmK18o6x2N1GEeCcfU
ke2xqrOP7dpWk3uwT2aeJN/LjfqR2KADscKtD7V5EN8v3JgH3Ul0M5g9RalaEppv
yQr0H9B8sdxRawIxD+HO1S/lsQhlGGCmgTQQF23gRmL1oxwR3Mujx9Se2NHZi0ha
fcyll1OLtUxsD6cNjwiqoiv5J1TV9Ukux2tyO/gQmdheuyZoKt6+lObL8DIStQuK
IGcaX7mMKGMD7URAR4crUSP6AFHZ4tRJ7Ryu0vv2+JBjH24LVM8PIHQYqgnAohar
7n/laa7bXlKueuTo7EAVGTYPnV/CGYm/MKJ1cYll/aRBFYcU4m+fOF4AAOo/8umu
kFFHbv+Abnei/pEYb77vsBaHE68gT5YLM/pY/6XXa2+UVROCBQXbLps/0GZk2FTS
tHKBteLYBVia9F7HSAP1wAl4qt+r7D7wm9gtchwp2vqNI6vMJYHSDbjk9q255DVs
Tew5/zH2PlvDaNMyLCnueC9VzFqBou/ZDmqUyOAlxDr4VC5NwnbgT8eyqcwlip3Y
9IWjGcTB5TSlndw5NVe48g1UTtR5Ji7mRyZxtLjLu0JPby9UJeM7ouJ+/y6ybh3U
oQ==
-----END CERTIFICATE-----

2026-05-23T08:54:50.014109Z	info	grpc-client	Fetched CA certificates required to verify connection to central
2026-05-23T08:54:50.014123Z	debug	security	Read provided XCP Central certificate chain:
-----BEGIN CERTIFICATE-----
MIIFbTCCA1WgAwIBAgIUBD0/+0EfuEYZvVjrKE5cvNEja8swDQYJKoZIhvcNAQEL
BQAwRjELMAkGA1UEBhMCVVMxCzAJBgNVBAgMAkNBMRAwDgYDVQQKDAdUZXRyYXRl
MRgwFgYDVQQDDA9YQ1AtZTJlLXRlc3QtY2EwHhcNMjQwNjE3MTMxMjAzWhcNMzQw
NjE1MTMxMjAzWjBGMQswCQYDVQQGEwJVUzELMAkGA1UECAwCQ0ExEDAOBgNVBAoM
B1RldHJhdGUxGDAWBgNVBAMMD1hDUC1lMmUtdGVzdC1jYTCCAiIwDQYJKoZIhvcN
AQEBBQADggIPADCCAgoCggIBAIkO9mBBITqNjJed3zjKhu15p4EkX7qkDaKQjQdu
9zEvocDbtZU81ibmjuQFlL0vAiqHfKA8nUXKdidI9xHNdS7xUp3IlZoEFWX1jBUD
SLgQooe8BIIcEXfkVO019jLfMbDB5tQ6jzsjZ4F3ER5wh5rkLhEfbvq4ZiF3zQD/
82LDU5vwJ91qDWCHl8og9rla5MaAX2fTZhkQUQJiDip9uZ0Ft5lai1fKq8gICrod
4iPfiZH6sJB5cTC/aHd8CHY3FrJp8ZuGhZQzaV6PvfdFsCr+EISDlCkNdlNov7hA
Z8F8bRGrEqPAcYsS/Kk94oLAQBW7YvTPBrFnDWmyMnaKjCLGqTHmAY3tTrSI31lb
rnNakF2EGziOwNjxsI84d61U6KFtXMtsgKCNJr/MORVS/0f9yA7Q0WE5bEdx24m9
+qaWnMd5FtjC38GEALfSmo9YN3+Q+M+hdfipPKpv0khjHX7yPTrFvAOHi1wsy3Hj
1OdDFr/H9pG12DnlToVruVDfr5xypoWNK8pf2utZcMOcBzdfMNAVCqeE84BrPu2c
8mHinMfWX10X14nd2gdMUYyBgGqJGqiLuFMdthyCWpmg9BbYK013Esn36v8ap7gE
/VIiY/YTYNtmKE12IhBDa+y6izBXo69OAMB7iZHPDW5lnAXKfpGtaZO+9pqrTCI0
vdNTAgMBAAGjUzBRMB0GA1UdDgQWBBSlvheSoWwG4xtqKfuEWkYlmN0YbTAfBgNV
HSMEGDAWgBSlvheSoWwG4xtqKfuEWkYlmN0YbTAPBgNVHRMBAf8EBTADAQH/MA0G
CSqGSIb3DQEBCwUAA4ICAQACp7Yw/dQGSinvV0Z5kYjugapyBE7iIpyqRh2UgYzz
HT3bcXfSz95YO/TB+utF1C8g4yqxW8b5G0EIRgg9uqtxvrGmK18o6x2N1GEeCcfU
ke2xqrOP7dpWk3uwT2aeJN/LjfqR2KADscKtD7V5EN8v3JgH3Ul0M5g9RalaEppv
yQr0H9B8sdxRawIxD+HO1S/lsQhlGGCmgTQQF23gRmL1oxwR3Mujx9Se2NHZi0ha
fcyll1OLtUxsD6cNjwiqoiv5J1TV9Ukux2tyO/gQmdheuyZoKt6+lObL8DIStQuK
IGcaX7mMKGMD7URAR4crUSP6AFHZ4tRJ7Ryu0vv2+JBjH24LVM8PIHQYqgnAohar
7n/laa7bXlKueuTo7EAVGTYPnV/CGYm/MKJ1cYll/aRBFYcU4m+fOF4AAOo/8umu
kFFHbv+Abnei/pEYb77vsBaHE68gT5YLM/pY/6XXa2+UVROCBQXbLps/0GZk2FTS
tHKBteLYBVia9F7HSAP1wAl4qt+r7D7wm9gtchwp2vqNI6vMJYHSDbjk9q255DVs
Tew5/zH2PlvDaNMyLCnueC9VzFqBou/ZDmqUyOAlxDr4VC5NwnbgT8eyqcwlip3Y
9IWjGcTB5TSlndw5NVe48g1UTtR5Ji7mRyZxtLjLu0JPby9UJeM7ouJ+/y6ybh3U
oQ==
-----END CERTIFICATE-----

2026-05-23T08:54:50.014136Z	info	grpc-client	Fetched CA certificates required to verify connection to central
2026-05-23T08:54:50.016064Z	debug	security	Read provided XCP Central certificate chain:
-----BEGIN CERTIFICATE-----
MIIFbTCCA1WgAwIBAgIUBD0/+0EfuEYZvVjrKE5cvNEja8swDQYJKoZIhvcNAQEL
BQAwRjELMAkGA1UEBhMCVVMxCzAJBgNVBAgMAkNBMRAwDgYDVQQKDAdUZXRyYXRl
MRgwFgYDVQQDDA9YQ1AtZTJlLXRlc3QtY2EwHhcNMjQwNjE3MTMxMjAzWhcNMzQw
NjE1MTMxMjAzWjBGMQswCQYDVQQGEwJVUzELMAkGA1UECAwCQ0ExEDAOBgNVBAoM
B1RldHJhdGUxGDAWBgNVBAMMD1hDUC1lMmUtdGVzdC1jYTCCAiIwDQYJKoZIhvcN
AQEBBQADggIPADCCAgoCggIBAIkO9mBBITqNjJed3zjKhu15p4EkX7qkDaKQjQdu
9zEvocDbtZU81ibmjuQFlL0vAiqHfKA8nUXKdidI9xHNdS7xUp3IlZoEFWX1jBUD
SLgQooe8BIIcEXfkVO019jLfMbDB5tQ6jzsjZ4F3ER5wh5rkLhEfbvq4ZiF3zQD/
82LDU5vwJ91qDWCHl8og9rla5MaAX2fTZhkQUQJiDip9uZ0Ft5lai1fKq8gICrod
4iPfiZH6sJB5cTC/aHd8CHY3FrJp8ZuGhZQzaV6PvfdFsCr+EISDlCkNdlNov7hA
Z8F8bRGrEqPAcYsS/Kk94oLAQBW7YvTPBrFnDWmyMnaKjCLGqTHmAY3tTrSI31lb
rnNakF2EGziOwNjxsI84d61U6KFtXMtsgKCNJr/MORVS/0f9yA7Q0WE5bEdx24m9
+qaWnMd5FtjC38GEALfSmo9YN3+Q+M+hdfipPKpv0khjHX7yPTrFvAOHi1wsy3Hj
1OdDFr/H9pG12DnlToVruVDfr5xypoWNK8pf2utZcMOcBzdfMNAVCqeE84BrPu2c
8mHinMfWX10X14nd2gdMUYyBgGqJGqiLuFMdthyCWpmg9BbYK013Esn36v8ap7gE
/VIiY/YTYNtmKE12IhBDa+y6izBXo69OAMB7iZHPDW5lnAXKfpGtaZO+9pqrTCI0
vdNTAgMBAAGjUzBRMB0GA1UdDgQWBBSlvheSoWwG4xtqKfuEWkYlmN0YbTAfBgNV
HSMEGDAWgBSlvheSoWwG4xtqKfuEWkYlmN0YbTAPBgNVHRMBAf8EBTADAQH/MA0G
CSqGSIb3DQEBCwUAA4ICAQACp7Yw/dQGSinvV0Z5kYjugapyBE7iIpyqRh2UgYzz
HT3bcXfSz95YO/TB+utF1C8g4yqxW8b5G0EIRgg9uqtxvrGmK18o6x2N1GEeCcfU
ke2xqrOP7dpWk3uwT2aeJN/LjfqR2KADscKtD7V5EN8v3JgH3Ul0M5g9RalaEppv
yQr0H9B8sdxRawIxD+HO1S/lsQhlGGCmgTQQF23gRmL1oxwR3Mujx9Se2NHZi0ha
fcyll1OLtUxsD6cNjwiqoiv5J1TV9Ukux2tyO/gQmdheuyZoKt6+lObL8DIStQuK
IGcaX7mMKGMD7URAR4crUSP6AFHZ4tRJ7Ryu0vv2+JBjH24LVM8PIHQYqgnAohar
7n/laa7bXlKueuTo7EAVGTYPnV/CGYm/MKJ1cYll/aRBFYcU4m+fOF4AAOo/8umu
kFFHbv+Abnei/pEYb77vsBaHE68gT5YLM/pY/6XXa2+UVROCBQXbLps/0GZk2FTS
tHKBteLYBVia9F7HSAP1wAl4qt+r7D7wm9gtchwp2vqNI6vMJYHSDbjk9q255DVs
Tew5/zH2PlvDaNMyLCnueC9VzFqBou/ZDmqUyOAlxDr4VC5NwnbgT8eyqcwlip3Y
9IWjGcTB5TSlndw5NVe48g1UTtR5Ji7mRyZxtLjLu0JPby9UJeM7ouJ+/y6ybh3U
oQ==
-----END CERTIFICATE-----

2026-05-23T08:54:50.016110Z	info	grpc-client	Fetched CA certificates required to verify connection to central
2026-05-23T08:54:50.018026Z	info	stream	[config-status] connected	name=config-status-771be08d
2026-05-23T08:54:50.018040Z	debug	stream	[config-status] Spawning cluster statusLabel send goroutine	name=config-status-771be08d
2026-05-23T08:54:50.018056Z	debug	status	re-triggering status report on connect
2026-05-23T08:54:50.018061Z	debug	status	sent-epoch(50) matches generated-epoch(50) and hence skipping
2026-05-23T08:55:11.053656Z	debug	discovery-server	Sending config resync request update to central xcp
2026-05-23T08:55:11.053684Z	debug	discovery-server	Done sending config resync request to central xcp
2026-05-23T08:55:11.053935Z	debug	discovery-server	Received resync keepalive response from central xcp.
2026-05-23T08:55:11.053949Z	debug	discovery-server	Waiting on recv for crds
2026-05-23T08:56:11.054777Z	debug	discovery-server	Sending config resync request update to central xcp
2026-05-23T08:56:11.054838Z	debug	discovery-server	Done sending config resync request to central xcp
2026-05-23T08:56:11.055085Z	debug	discovery-server	Received resync keepalive response from central xcp.
2026-05-23T08:56:11.055101Z	debug	discovery-server	Waiting on recv for crds
2026-05-23T08:56:50.021660Z	debug	security	Read provided XCP Central certificate chain:
-----BEGIN CERTIFICATE-----
MIIFbTCCA1WgAwIBAgIUBD0/+0EfuEYZvVjrKE5cvNEja8swDQYJKoZIhvcNAQEL
BQAwRjELMAkGA1UEBhMCVVMxCzAJBgNVBAgMAkNBMRAwDgYDVQQKDAdUZXRyYXRl
MRgwFgYDVQQDDA9YQ1AtZTJlLXRlc3QtY2EwHhcNMjQwNjE3MTMxMjAzWhcNMzQw
NjE1MTMxMjAzWjBGMQswCQYDVQQGEwJVUzELMAkGA1UECAwCQ0ExEDAOBgNVBAoM
B1RldHJhdGUxGDAWBgNVBAMMD1hDUC1lMmUtdGVzdC1jYTCCAiIwDQYJKoZIhvcN
AQEBBQADggIPADCCAgoCggIBAIkO9mBBITqNjJed3zjKhu15p4EkX7qkDaKQjQdu
9zEvocDbtZU81ibmjuQFlL0vAiqHfKA8nUXKdidI9xHNdS7xUp3IlZoEFWX1jBUD
SLgQooe8BIIcEXfkVO019jLfMbDB5tQ6jzsjZ4F3ER5wh5rkLhEfbvq4ZiF3zQD/
82LDU5vwJ91qDWCHl8og9rla5MaAX2fTZhkQUQJiDip9uZ0Ft5lai1fKq8gICrod
4iPfiZH6sJB5cTC/aHd8CHY3FrJp8ZuGhZQzaV6PvfdFsCr+EISDlCkNdlNov7hA
Z8F8bRGrEqPAcYsS/Kk94oLAQBW7YvTPBrFnDWmyMnaKjCLGqTHmAY3tTrSI31lb
rnNakF2EGziOwNjxsI84d61U6KFtXMtsgKCNJr/MORVS/0f9yA7Q0WE5bEdx24m9
+qaWnMd5FtjC38GEALfSmo9YN3+Q+M+hdfipPKpv0khjHX7yPTrFvAOHi1wsy3Hj
1OdDFr/H9pG12DnlToVruVDfr5xypoWNK8pf2utZcMOcBzdfMNAVCqeE84BrPu2c
8mHinMfWX10X14nd2gdMUYyBgGqJGqiLuFMdthyCWpmg9BbYK013Esn36v8ap7gE
/VIiY/YTYNtmKE12IhBDa+y6izBXo69OAMB7iZHPDW5lnAXKfpGtaZO+9pqrTCI0
vdNTAgMBAAGjUzBRMB0GA1UdDgQWBBSlvheSoWwG4xtqKfuEWkYlmN0YbTAfBgNV
HSMEGDAWgBSlvheSoWwG4xtqKfuEWkYlmN0YbTAPBgNVHRMBAf8EBTADAQH/MA0G
CSqGSIb3DQEBCwUAA4ICAQACp7Yw/dQGSinvV0Z5kYjugapyBE7iIpyqRh2UgYzz
HT3bcXfSz95YO/TB+utF1C8g4yqxW8b5G0EIRgg9uqtxvrGmK18o6x2N1GEeCcfU
ke2xqrOP7dpWk3uwT2aeJN/LjfqR2KADscKtD7V5EN8v3JgH3Ul0M5g9RalaEppv
yQr0H9B8sdxRawIxD+HO1S/lsQhlGGCmgTQQF23gRmL1oxwR3Mujx9Se2NHZi0ha
fcyll1OLtUxsD6cNjwiqoiv5J1TV9Ukux2tyO/gQmdheuyZoKt6+lObL8DIStQuK
IGcaX7mMKGMD7URAR4crUSP6AFHZ4tRJ7Ryu0vv2+JBjH24LVM8PIHQYqgnAohar
7n/laa7bXlKueuTo7EAVGTYPnV/CGYm/MKJ1cYll/aRBFYcU4m+fOF4AAOo/8umu
kFFHbv+Abnei/pEYb77vsBaHE68gT5YLM/pY/6XXa2+UVROCBQXbLps/0GZk2FTS
tHKBteLYBVia9F7HSAP1wAl4qt+r7D7wm9gtchwp2vqNI6vMJYHSDbjk9q255DVs
Tew5/zH2PlvDaNMyLCnueC9VzFqBou/ZDmqUyOAlxDr4VC5NwnbgT8eyqcwlip3Y
9IWjGcTB5TSlndw5NVe48g1UTtR5Ji7mRyZxtLjLu0JPby9UJeM7ouJ+/y6ybh3U
oQ==
-----END CERTIFICATE-----

2026-05-23T08:56:50.021741Z	info	grpc-client	Fetched CA certificates required to verify connection to central
2026-05-23T08:56:51.022041Z	error	stream	[config-status] Error receiving on stream: gRPC status code Unavailable: closing transport due to: connection error: desc = "error reading from server: EOF", received prior goaway: code: ENHANCE_YOUR_CALM, debug data: "too_many_pings"	name=config-status-771be08d
2026-05-23T08:56:51.022061Z	debug	stream	[config-status] canceling context	name=config-status-771be08d
2026-05-23T08:56:51.022065Z	debug	stream	[config-status] wg wait	name=config-status-771be08d
2026-05-23T08:56:51.022069Z	error	stream	[config-status] Error sending on stream: sendFunc returning on exit	name=config-status-771be08d
2026-05-23T08:56:51.022072Z	warn	stream	[config-status] Error sending on stream: sendFunc returning on exit	name=config-status-771be08d
2026-05-23T08:56:51.022076Z	debug	stream	[config-status] closing stream	name=config-status-771be08d
2026-05-23T08:56:51.022078Z	debug	stream	[config-status] sending CloseSend	name=config-status-771be08d
2026-05-23T08:56:51.022082Z	info	stream	[config-status] closed stream, err=<nil>	name=config-status-771be08d
2026-05-23T08:56:51.022083Z	info	stream	[config-status] establishing new stream	name=config-status-771be08d
2026-05-23T08:56:51.022088Z	info	stream	[config-status] connecting new permanent stream with max age 8760h0m0s	name=config-status-771be08d
2026-05-23T08:56:51.022212Z	info	discovery-server	Connecting to XCP central using JWT auth
2026-05-23T08:56:51.022265Z	debug	security	Read provided XCP Central certificate chain:
-----BEGIN CERTIFICATE-----
MIIFbTCCA1WgAwIBAgIUBD0/+0EfuEYZvVjrKE5cvNEja8swDQYJKoZIhvcNAQEL
BQAwRjELMAkGA1UEBhMCVVMxCzAJBgNVBAgMAkNBMRAwDgYDVQQKDAdUZXRyYXRl
MRgwFgYDVQQDDA9YQ1AtZTJlLXRlc3QtY2EwHhcNMjQwNjE3MTMxMjAzWhcNMzQw
NjE1MTMxMjAzWjBGMQswCQYDVQQGEwJVUzELMAkGA1UECAwCQ0ExEDAOBgNVBAoM
B1RldHJhdGUxGDAWBgNVBAMMD1hDUC1lMmUtdGVzdC1jYTCCAiIwDQYJKoZIhvcN
AQEBBQADggIPADCCAgoCggIBAIkO9mBBITqNjJed3zjKhu15p4EkX7qkDaKQjQdu
9zEvocDbtZU81ibmjuQFlL0vAiqHfKA8nUXKdidI9xHNdS7xUp3IlZoEFWX1jBUD
SLgQooe8BIIcEXfkVO019jLfMbDB5tQ6jzsjZ4F3ER5wh5rkLhEfbvq4ZiF3zQD/
82LDU5vwJ91qDWCHl8og9rla5MaAX2fTZhkQUQJiDip9uZ0Ft5lai1fKq8gICrod
4iPfiZH6sJB5cTC/aHd8CHY3FrJp8ZuGhZQzaV6PvfdFsCr+EISDlCkNdlNov7hA
Z8F8bRGrEqPAcYsS/Kk94oLAQBW7YvTPBrFnDWmyMnaKjCLGqTHmAY3tTrSI31lb
rnNakF2EGziOwNjxsI84d61U6KFtXMtsgKCNJr/MORVS/0f9yA7Q0WE5bEdx24m9
+qaWnMd5FtjC38GEALfSmo9YN3+Q+M+hdfipPKpv0khjHX7yPTrFvAOHi1wsy3Hj
1OdDFr/H9pG12DnlToVruVDfr5xypoWNK8pf2utZcMOcBzdfMNAVCqeE84BrPu2c
8mHinMfWX10X14nd2gdMUYyBgGqJGqiLuFMdthyCWpmg9BbYK013Esn36v8ap7gE
/VIiY/YTYNtmKE12IhBDa+y6izBXo69OAMB7iZHPDW5lnAXKfpGtaZO+9pqrTCI0
vdNTAgMBAAGjUzBRMB0GA1UdDgQWBBSlvheSoWwG4xtqKfuEWkYlmN0YbTAfBgNV
HSMEGDAWgBSlvheSoWwG4xtqKfuEWkYlmN0YbTAPBgNVHRMBAf8EBTADAQH/MA0G
CSqGSIb3DQEBCwUAA4ICAQACp7Yw/dQGSinvV0Z5kYjugapyBE7iIpyqRh2UgYzz
HT3bcXfSz95YO/TB+utF1C8g4yqxW8b5G0EIRgg9uqtxvrGmK18o6x2N1GEeCcfU
ke2xqrOP7dpWk3uwT2aeJN/LjfqR2KADscKtD7V5EN8v3JgH3Ul0M5g9RalaEppv
yQr0H9B8sdxRawIxD+HO1S/lsQhlGGCmgTQQF23gRmL1oxwR3Mujx9Se2NHZi0ha
fcyll1OLtUxsD6cNjwiqoiv5J1TV9Ukux2tyO/gQmdheuyZoKt6+lObL8DIStQuK
IGcaX7mMKGMD7URAR4crUSP6AFHZ4tRJ7Ryu0vv2+JBjH24LVM8PIHQYqgnAohar
7n/laa7bXlKueuTo7EAVGTYPnV/CGYm/MKJ1cYll/aRBFYcU4m+fOF4AAOo/8umu
kFFHbv+Abnei/pEYb77vsBaHE68gT5YLM/pY/6XXa2+UVROCBQXbLps/0GZk2FTS
tHKBteLYBVia9F7HSAP1wAl4qt+r7D7wm9gtchwp2vqNI6vMJYHSDbjk9q255DVs
Tew5/zH2PlvDaNMyLCnueC9VzFqBou/ZDmqUyOAlxDr4VC5NwnbgT8eyqcwlip3Y
9IWjGcTB5TSlndw5NVe48g1UTtR5Ji7mRyZxtLjLu0JPby9UJeM7ouJ+/y6ybh3U
oQ==
-----END CERTIFICATE-----

2026-05-23T08:56:51.022304Z	info	grpc-client	Fetched CA certificates required to verify connection to central
2026-05-23T08:56:51.022318Z	debug	security	Read provided XCP Central certificate chain:
-----BEGIN CERTIFICATE-----
MIIFbTCCA1WgAwIBAgIUBD0/+0EfuEYZvVjrKE5cvNEja8swDQYJKoZIhvcNAQEL
BQAwRjELMAkGA1UEBhMCVVMxCzAJBgNVBAgMAkNBMRAwDgYDVQQKDAdUZXRyYXRl
MRgwFgYDVQQDDA9YQ1AtZTJlLXRlc3QtY2EwHhcNMjQwNjE3MTMxMjAzWhcNMzQw
NjE1MTMxMjAzWjBGMQswCQYDVQQGEwJVUzELMAkGA1UECAwCQ0ExEDAOBgNVBAoM
B1RldHJhdGUxGDAWBgNVBAMMD1hDUC1lMmUtdGVzdC1jYTCCAiIwDQYJKoZIhvcN
AQEBBQADggIPADCCAgoCggIBAIkO9mBBITqNjJed3zjKhu15p4EkX7qkDaKQjQdu
9zEvocDbtZU81ibmjuQFlL0vAiqHfKA8nUXKdidI9xHNdS7xUp3IlZoEFWX1jBUD
SLgQooe8BIIcEXfkVO019jLfMbDB5tQ6jzsjZ4F3ER5wh5rkLhEfbvq4ZiF3zQD/
82LDU5vwJ91qDWCHl8og9rla5MaAX2fTZhkQUQJiDip9uZ0Ft5lai1fKq8gICrod
4iPfiZH6sJB5cTC/aHd8CHY3FrJp8ZuGhZQzaV6PvfdFsCr+EISDlCkNdlNov7hA
Z8F8bRGrEqPAcYsS/Kk94oLAQBW7YvTPBrFnDWmyMnaKjCLGqTHmAY3tTrSI31lb
rnNakF2EGziOwNjxsI84d61U6KFtXMtsgKCNJr/MORVS/0f9yA7Q0WE5bEdx24m9
+qaWnMd5FtjC38GEALfSmo9YN3+Q+M+hdfipPKpv0khjHX7yPTrFvAOHi1wsy3Hj
1OdDFr/H9pG12DnlToVruVDfr5xypoWNK8pf2utZcMOcBzdfMNAVCqeE84BrPu2c
8mHinMfWX10X14nd2gdMUYyBgGqJGqiLuFMdthyCWpmg9BbYK013Esn36v8ap7gE
/VIiY/YTYNtmKE12IhBDa+y6izBXo69OAMB7iZHPDW5lnAXKfpGtaZO+9pqrTCI0
vdNTAgMBAAGjUzBRMB0GA1UdDgQWBBSlvheSoWwG4xtqKfuEWkYlmN0YbTAfBgNV
HSMEGDAWgBSlvheSoWwG4xtqKfuEWkYlmN0YbTAPBgNVHRMBAf8EBTADAQH/MA0G
CSqGSIb3DQEBCwUAA4ICAQACp7Yw/dQGSinvV0Z5kYjugapyBE7iIpyqRh2UgYzz
HT3bcXfSz95YO/TB+utF1C8g4yqxW8b5G0EIRgg9uqtxvrGmK18o6x2N1GEeCcfU
ke2xqrOP7dpWk3uwT2aeJN/LjfqR2KADscKtD7V5EN8v3JgH3Ul0M5g9RalaEppv
yQr0H9B8sdxRawIxD+HO1S/lsQhlGGCmgTQQF23gRmL1oxwR3Mujx9Se2NHZi0ha
fcyll1OLtUxsD6cNjwiqoiv5J1TV9Ukux2tyO/gQmdheuyZoKt6+lObL8DIStQuK
IGcaX7mMKGMD7URAR4crUSP6AFHZ4tRJ7Ryu0vv2+JBjH24LVM8PIHQYqgnAohar
7n/laa7bXlKueuTo7EAVGTYPnV/CGYm/MKJ1cYll/aRBFYcU4m+fOF4AAOo/8umu
kFFHbv+Abnei/pEYb77vsBaHE68gT5YLM/pY/6XXa2+UVROCBQXbLps/0GZk2FTS
tHKBteLYBVia9F7HSAP1wAl4qt+r7D7wm9gtchwp2vqNI6vMJYHSDbjk9q255DVs
Tew5/zH2PlvDaNMyLCnueC9VzFqBou/ZDmqUyOAlxDr4VC5NwnbgT8eyqcwlip3Y
9IWjGcTB5TSlndw5NVe48g1UTtR5Ji7mRyZxtLjLu0JPby9UJeM7ouJ+/y6ybh3U
oQ==
-----END CERTIFICATE-----

2026-05-23T08:56:51.022332Z	info	grpc-client	Fetched CA certificates required to verify connection to central
2026-05-23T08:56:51.024326Z	debug	security	Read provided XCP Central certificate chain:
-----BEGIN CERTIFICATE-----
MIIFbTCCA1WgAwIBAgIUBD0/+0EfuEYZvVjrKE5cvNEja8swDQYJKoZIhvcNAQEL
BQAwRjELMAkGA1UEBhMCVVMxCzAJBgNVBAgMAkNBMRAwDgYDVQQKDAdUZXRyYXRl
MRgwFgYDVQQDDA9YQ1AtZTJlLXRlc3QtY2EwHhcNMjQwNjE3MTMxMjAzWhcNMzQw
NjE1MTMxMjAzWjBGMQswCQYDVQQGEwJVUzELMAkGA1UECAwCQ0ExEDAOBgNVBAoM
B1RldHJhdGUxGDAWBgNVBAMMD1hDUC1lMmUtdGVzdC1jYTCCAiIwDQYJKoZIhvcN
AQEBBQADggIPADCCAgoCggIBAIkO9mBBITqNjJed3zjKhu15p4EkX7qkDaKQjQdu
9zEvocDbtZU81ibmjuQFlL0vAiqHfKA8nUXKdidI9xHNdS7xUp3IlZoEFWX1jBUD
SLgQooe8BIIcEXfkVO019jLfMbDB5tQ6jzsjZ4F3ER5wh5rkLhEfbvq4ZiF3zQD/
82LDU5vwJ91qDWCHl8og9rla5MaAX2fTZhkQUQJiDip9uZ0Ft5lai1fKq8gICrod
4iPfiZH6sJB5cTC/aHd8CHY3FrJp8ZuGhZQzaV6PvfdFsCr+EISDlCkNdlNov7hA
Z8F8bRGrEqPAcYsS/Kk94oLAQBW7YvTPBrFnDWmyMnaKjCLGqTHmAY3tTrSI31lb
rnNakF2EGziOwNjxsI84d61U6KFtXMtsgKCNJr/MORVS/0f9yA7Q0WE5bEdx24m9
+qaWnMd5FtjC38GEALfSmo9YN3+Q+M+hdfipPKpv0khjHX7yPTrFvAOHi1wsy3Hj
1OdDFr/H9pG12DnlToVruVDfr5xypoWNK8pf2utZcMOcBzdfMNAVCqeE84BrPu2c
8mHinMfWX10X14nd2gdMUYyBgGqJGqiLuFMdthyCWpmg9BbYK013Esn36v8ap7gE
/VIiY/YTYNtmKE12IhBDa+y6izBXo69OAMB7iZHPDW5lnAXKfpGtaZO+9pqrTCI0
vdNTAgMBAAGjUzBRMB0GA1UdDgQWBBSlvheSoWwG4xtqKfuEWkYlmN0YbTAfBgNV
HSMEGDAWgBSlvheSoWwG4xtqKfuEWkYlmN0YbTAPBgNVHRMBAf8EBTADAQH/MA0G
CSqGSIb3DQEBCwUAA4ICAQACp7Yw/dQGSinvV0Z5kYjugapyBE7iIpyqRh2UgYzz
HT3bcXfSz95YO/TB+utF1C8g4yqxW8b5G0EIRgg9uqtxvrGmK18o6x2N1GEeCcfU
ke2xqrOP7dpWk3uwT2aeJN/LjfqR2KADscKtD7V5EN8v3JgH3Ul0M5g9RalaEppv
yQr0H9B8sdxRawIxD+HO1S/lsQhlGGCmgTQQF23gRmL1oxwR3Mujx9Se2NHZi0ha
fcyll1OLtUxsD6cNjwiqoiv5J1TV9Ukux2tyO/gQmdheuyZoKt6+lObL8DIStQuK
IGcaX7mMKGMD7URAR4crUSP6AFHZ4tRJ7Ryu0vv2+JBjH24LVM8PIHQYqgnAohar
7n/laa7bXlKueuTo7EAVGTYPnV/CGYm/MKJ1cYll/aRBFYcU4m+fOF4AAOo/8umu
kFFHbv+Abnei/pEYb77vsBaHE68gT5YLM/pY/6XXa2+UVROCBQXbLps/0GZk2FTS
tHKBteLYBVia9F7HSAP1wAl4qt+r7D7wm9gtchwp2vqNI6vMJYHSDbjk9q255DVs
Tew5/zH2PlvDaNMyLCnueC9VzFqBou/ZDmqUyOAlxDr4VC5NwnbgT8eyqcwlip3Y
9IWjGcTB5TSlndw5NVe48g1UTtR5Ji7mRyZxtLjLu0JPby9UJeM7ouJ+/y6ybh3U
oQ==
-----END CERTIFICATE-----

2026-05-23T08:56:51.024379Z	info	grpc-client	Fetched CA certificates required to verify connection to central
2026-05-23T08:56:51.026288Z	info	stream	[config-status] connected	name=config-status-771be08d
2026-05-23T08:56:51.026300Z	debug	stream	[config-status] Spawning cluster statusLabel send goroutine	name=config-status-771be08d
2026-05-23T08:56:51.026321Z	debug	status	re-triggering status report on connect
2026-05-23T08:56:51.026326Z	debug	status	sent-epoch(50) matches generated-epoch(50) and hence skipping
2026-05-23T08:57:11.055641Z	debug	discovery-server	Sending config resync request update to central xcp
2026-05-23T08:57:11.055678Z	debug	discovery-server	Done sending config resync request to central xcp
2026-05-23T08:57:11.055910Z	debug	discovery-server	Received resync keepalive response from central xcp.
2026-05-23T08:57:11.056025Z	debug	discovery-server	Waiting on recv for crds
2026-05-23T08:58:11.057830Z	debug	discovery-server	Sending config resync request update to central xcp
2026-05-23T08:58:11.057891Z	debug	discovery-server	Done sending config resync request to central xcp
2026-05-23T08:58:11.058210Z	debug	discovery-server	Received resync keepalive response from central xcp.
2026-05-23T08:58:11.058229Z	debug	discovery-server	Waiting on recv for crds
2026-05-23T08:58:21.029625Z	debug	security	Read provided XCP Central certificate chain:
-----BEGIN CERTIFICATE-----
MIIFbTCCA1WgAwIBAgIUBD0/+0EfuEYZvVjrKE5cvNEja8swDQYJKoZIhvcNAQEL
BQAwRjELMAkGA1UEBhMCVVMxCzAJBgNVBAgMAkNBMRAwDgYDVQQKDAdUZXRyYXRl
MRgwFgYDVQQDDA9YQ1AtZTJlLXRlc3QtY2EwHhcNMjQwNjE3MTMxMjAzWhcNMzQw
NjE1MTMxMjAzWjBGMQswCQYDVQQGEwJVUzELMAkGA1UECAwCQ0ExEDAOBgNVBAoM
B1RldHJhdGUxGDAWBgNVBAMMD1hDUC1lMmUtdGVzdC1jYTCCAiIwDQYJKoZIhvcN
AQEBBQADggIPADCCAgoCggIBAIkO9mBBITqNjJed3zjKhu15p4EkX7qkDaKQjQdu
9zEvocDbtZU81ibmjuQFlL0vAiqHfKA8nUXKdidI9xHNdS7xUp3IlZoEFWX1jBUD
SLgQooe8BIIcEXfkVO019jLfMbDB5tQ6jzsjZ4F3ER5wh5rkLhEfbvq4ZiF3zQD/
82LDU5vwJ91qDWCHl8og9rla5MaAX2fTZhkQUQJiDip9uZ0Ft5lai1fKq8gICrod
4iPfiZH6sJB5cTC/aHd8CHY3FrJp8ZuGhZQzaV6PvfdFsCr+EISDlCkNdlNov7hA
Z8F8bRGrEqPAcYsS/Kk94oLAQBW7YvTPBrFnDWmyMnaKjCLGqTHmAY3tTrSI31lb
rnNakF2EGziOwNjxsI84d61U6KFtXMtsgKCNJr/MORVS/0f9yA7Q0WE5bEdx24m9
+qaWnMd5FtjC38GEALfSmo9YN3+Q+M+hdfipPKpv0khjHX7yPTrFvAOHi1wsy3Hj
1OdDFr/H9pG12DnlToVruVDfr5xypoWNK8pf2utZcMOcBzdfMNAVCqeE84BrPu2c
8mHinMfWX10X14nd2gdMUYyBgGqJGqiLuFMdthyCWpmg9BbYK013Esn36v8ap7gE
/VIiY/YTYNtmKE12IhBDa+y6izBXo69OAMB7iZHPDW5lnAXKfpGtaZO+9pqrTCI0
vdNTAgMBAAGjUzBRMB0GA1UdDgQWBBSlvheSoWwG4xtqKfuEWkYlmN0YbTAfBgNV
HSMEGDAWgBSlvheSoWwG4xtqKfuEWkYlmN0YbTAPBgNVHRMBAf8EBTADAQH/MA0G
CSqGSIb3DQEBCwUAA4ICAQACp7Yw/dQGSinvV0Z5kYjugapyBE7iIpyqRh2UgYzz
HT3bcXfSz95YO/TB+utF1C8g4yqxW8b5G0EIRgg9uqtxvrGmK18o6x2N1GEeCcfU
ke2xqrOP7dpWk3uwT2aeJN/LjfqR2KADscKtD7V5EN8v3JgH3Ul0M5g9RalaEppv
yQr0H9B8sdxRawIxD+HO1S/lsQhlGGCmgTQQF23gRmL1oxwR3Mujx9Se2NHZi0ha
fcyll1OLtUxsD6cNjwiqoiv5J1TV9Ukux2tyO/gQmdheuyZoKt6+lObL8DIStQuK
IGcaX7mMKGMD7URAR4crUSP6AFHZ4tRJ7Ryu0vv2+JBjH24LVM8PIHQYqgnAohar
7n/laa7bXlKueuTo7EAVGTYPnV/CGYm/MKJ1cYll/aRBFYcU4m+fOF4AAOo/8umu
kFFHbv+Abnei/pEYb77vsBaHE68gT5YLM/pY/6XXa2+UVROCBQXbLps/0GZk2FTS
tHKBteLYBVia9F7HSAP1wAl4qt+r7D7wm9gtchwp2vqNI6vMJYHSDbjk9q255DVs
Tew5/zH2PlvDaNMyLCnueC9VzFqBou/ZDmqUyOAlxDr4VC5NwnbgT8eyqcwlip3Y
9IWjGcTB5TSlndw5NVe48g1UTtR5Ji7mRyZxtLjLu0JPby9UJeM7ouJ+/y6ybh3U
oQ==
-----END CERTIFICATE-----

2026-05-23T08:58:21.029696Z	info	grpc-client	Fetched CA certificates required to verify connection to central
2026-05-23T08:58:22.030101Z	error	stream	[config-status] Error receiving on stream: gRPC status code Unavailable: closing transport due to: connection error: desc = "error reading from server: EOF", received prior goaway: code: ENHANCE_YOUR_CALM, debug data: "too_many_pings"	name=config-status-771be08d
2026-05-23T08:58:22.030122Z	debug	stream	[config-status] canceling context	name=config-status-771be08d
2026-05-23T08:58:22.030125Z	debug	stream	[config-status] wg wait	name=config-status-771be08d
2026-05-23T08:58:22.030129Z	error	stream	[config-status] Error sending on stream: sendFunc returning on exit	name=config-status-771be08d
2026-05-23T08:58:22.030132Z	warn	stream	[config-status] Error sending on stream: sendFunc returning on exit	name=config-status-771be08d
2026-05-23T08:58:22.030135Z	debug	stream	[config-status] closing stream	name=config-status-771be08d
2026-05-23T08:58:22.030138Z	debug	stream	[config-status] sending CloseSend	name=config-status-771be08d
2026-05-23T08:58:22.030142Z	info	stream	[config-status] closed stream, err=<nil>	name=config-status-771be08d
2026-05-23T08:58:22.030143Z	info	stream	[config-status] establishing new stream	name=config-status-771be08d
2026-05-23T08:58:22.030148Z	info	stream	[config-status] connecting new permanent stream with max age 8760h0m0s	name=config-status-771be08d
2026-05-23T08:58:22.030295Z	info	discovery-server	Connecting to XCP central using JWT auth
2026-05-23T08:58:22.030344Z	debug	security	Read provided XCP Central certificate chain:
-----BEGIN CERTIFICATE-----
MIIFbTCCA1WgAwIBAgIUBD0/+0EfuEYZvVjrKE5cvNEja8swDQYJKoZIhvcNAQEL
BQAwRjELMAkGA1UEBhMCVVMxCzAJBgNVBAgMAkNBMRAwDgYDVQQKDAdUZXRyYXRl
MRgwFgYDVQQDDA9YQ1AtZTJlLXRlc3QtY2EwHhcNMjQwNjE3MTMxMjAzWhcNMzQw
NjE1MTMxMjAzWjBGMQswCQYDVQQGEwJVUzELMAkGA1UECAwCQ0ExEDAOBgNVBAoM
B1RldHJhdGUxGDAWBgNVBAMMD1hDUC1lMmUtdGVzdC1jYTCCAiIwDQYJKoZIhvcN
AQEBBQADggIPADCCAgoCggIBAIkO9mBBITqNjJed3zjKhu15p4EkX7qkDaKQjQdu
9zEvocDbtZU81ibmjuQFlL0vAiqHfKA8nUXKdidI9xHNdS7xUp3IlZoEFWX1jBUD
SLgQooe8BIIcEXfkVO019jLfMbDB5tQ6jzsjZ4F3ER5wh5rkLhEfbvq4ZiF3zQD/
82LDU5vwJ91qDWCHl8og9rla5MaAX2fTZhkQUQJiDip9uZ0Ft5lai1fKq8gICrod
4iPfiZH6sJB5cTC/aHd8CHY3FrJp8ZuGhZQzaV6PvfdFsCr+EISDlCkNdlNov7hA
Z8F8bRGrEqPAcYsS/Kk94oLAQBW7YvTPBrFnDWmyMnaKjCLGqTHmAY3tTrSI31lb
rnNakF2EGziOwNjxsI84d61U6KFtXMtsgKCNJr/MORVS/0f9yA7Q0WE5bEdx24m9
+qaWnMd5FtjC38GEALfSmo9YN3+Q+M+hdfipPKpv0khjHX7yPTrFvAOHi1wsy3Hj
1OdDFr/H9pG12DnlToVruVDfr5xypoWNK8pf2utZcMOcBzdfMNAVCqeE84BrPu2c
8mHinMfWX10X14nd2gdMUYyBgGqJGqiLuFMdthyCWpmg9BbYK013Esn36v8ap7gE
/VIiY/YTYNtmKE12IhBDa+y6izBXo69OAMB7iZHPDW5lnAXKfpGtaZO+9pqrTCI0
vdNTAgMBAAGjUzBRMB0GA1UdDgQWBBSlvheSoWwG4xtqKfuEWkYlmN0YbTAfBgNV
HSMEGDAWgBSlvheSoWwG4xtqKfuEWkYlmN0YbTAPBgNVHRMBAf8EBTADAQH/MA0G
CSqGSIb3DQEBCwUAA4ICAQACp7Yw/dQGSinvV0Z5kYjugapyBE7iIpyqRh2UgYzz
HT3bcXfSz95YO/TB+utF1C8g4yqxW8b5G0EIRgg9uqtxvrGmK18o6x2N1GEeCcfU
ke2xqrOP7dpWk3uwT2aeJN/LjfqR2KADscKtD7V5EN8v3JgH3Ul0M5g9RalaEppv
yQr0H9B8sdxRawIxD+HO1S/lsQhlGGCmgTQQF23gRmL1oxwR3Mujx9Se2NHZi0ha
fcyll1OLtUxsD6cNjwiqoiv5J1TV9Ukux2tyO/gQmdheuyZoKt6+lObL8DIStQuK
IGcaX7mMKGMD7URAR4crUSP6AFHZ4tRJ7Ryu0vv2+JBjH24LVM8PIHQYqgnAohar
7n/laa7bXlKueuTo7EAVGTYPnV/CGYm/MKJ1cYll/aRBFYcU4m+fOF4AAOo/8umu
kFFHbv+Abnei/pEYb77vsBaHE68gT5YLM/pY/6XXa2+UVROCBQXbLps/0GZk2FTS
tHKBteLYBVia9F7HSAP1wAl4qt+r7D7wm9gtchwp2vqNI6vMJYHSDbjk9q255DVs
Tew5/zH2PlvDaNMyLCnueC9VzFqBou/ZDmqUyOAlxDr4VC5NwnbgT8eyqcwlip3Y
9IWjGcTB5TSlndw5NVe48g1UTtR5Ji7mRyZxtLjLu0JPby9UJeM7ouJ+/y6ybh3U
oQ==
-----END CERTIFICATE-----

2026-05-23T08:58:22.030388Z	info	grpc-client	Fetched CA certificates required to verify connection to central
2026-05-23T08:58:22.030398Z	debug	security	Read provided XCP Central certificate chain:
-----BEGIN CERTIFICATE-----
MIIFbTCCA1WgAwIBAgIUBD0/+0EfuEYZvVjrKE5cvNEja8swDQYJKoZIhvcNAQEL
BQAwRjELMAkGA1UEBhMCVVMxCzAJBgNVBAgMAkNBMRAwDgYDVQQKDAdUZXRyYXRl
MRgwFgYDVQQDDA9YQ1AtZTJlLXRlc3QtY2EwHhcNMjQwNjE3MTMxMjAzWhcNMzQw
NjE1MTMxMjAzWjBGMQswCQYDVQQGEwJVUzELMAkGA1UECAwCQ0ExEDAOBgNVBAoM
B1RldHJhdGUxGDAWBgNVBAMMD1hDUC1lMmUtdGVzdC1jYTCCAiIwDQYJKoZIhvcN
AQEBBQADggIPADCCAgoCggIBAIkO9mBBITqNjJed3zjKhu15p4EkX7qkDaKQjQdu
9zEvocDbtZU81ibmjuQFlL0vAiqHfKA8nUXKdidI9xHNdS7xUp3IlZoEFWX1jBUD
SLgQooe8BIIcEXfkVO019jLfMbDB5tQ6jzsjZ4F3ER5wh5rkLhEfbvq4ZiF3zQD/
82LDU5vwJ91qDWCHl8og9rla5MaAX2fTZhkQUQJiDip9uZ0Ft5lai1fKq8gICrod
4iPfiZH6sJB5cTC/aHd8CHY3FrJp8ZuGhZQzaV6PvfdFsCr+EISDlCkNdlNov7hA
Z8F8bRGrEqPAcYsS/Kk94oLAQBW7YvTPBrFnDWmyMnaKjCLGqTHmAY3tTrSI31lb
rnNakF2EGziOwNjxsI84d61U6KFtXMtsgKCNJr/MORVS/0f9yA7Q0WE5bEdx24m9
+qaWnMd5FtjC38GEALfSmo9YN3+Q+M+hdfipPKpv0khjHX7yPTrFvAOHi1wsy3Hj
1OdDFr/H9pG12DnlToVruVDfr5xypoWNK8pf2utZcMOcBzdfMNAVCqeE84BrPu2c
8mHinMfWX10X14nd2gdMUYyBgGqJGqiLuFMdthyCWpmg9BbYK013Esn36v8ap7gE
/VIiY/YTYNtmKE12IhBDa+y6izBXo69OAMB7iZHPDW5lnAXKfpGtaZO+9pqrTCI0
vdNTAgMBAAGjUzBRMB0GA1UdDgQWBBSlvheSoWwG4xtqKfuEWkYlmN0YbTAfBgNV
HSMEGDAWgBSlvheSoWwG4xtqKfuEWkYlmN0YbTAPBgNVHRMBAf8EBTADAQH/MA0G
CSqGSIb3DQEBCwUAA4ICAQACp7Yw/dQGSinvV0Z5kYjugapyBE7iIpyqRh2UgYzz
HT3bcXfSz95YO/TB+utF1C8g4yqxW8b5G0EIRgg9uqtxvrGmK18o6x2N1GEeCcfU
ke2xqrOP7dpWk3uwT2aeJN/LjfqR2KADscKtD7V5EN8v3JgH3Ul0M5g9RalaEppv
yQr0H9B8sdxRawIxD+HO1S/lsQhlGGCmgTQQF23gRmL1oxwR3Mujx9Se2NHZi0ha
fcyll1OLtUxsD6cNjwiqoiv5J1TV9Ukux2tyO/gQmdheuyZoKt6+lObL8DIStQuK
IGcaX7mMKGMD7URAR4crUSP6AFHZ4tRJ7Ryu0vv2+JBjH24LVM8PIHQYqgnAohar
7n/laa7bXlKueuTo7EAVGTYPnV/CGYm/MKJ1cYll/aRBFYcU4m+fOF4AAOo/8umu
kFFHbv+Abnei/pEYb77vsBaHE68gT5YLM/pY/6XXa2+UVROCBQXbLps/0GZk2FTS
tHKBteLYBVia9F7HSAP1wAl4qt+r7D7wm9gtchwp2vqNI6vMJYHSDbjk9q255DVs
Tew5/zH2PlvDaNMyLCnueC9VzFqBou/ZDmqUyOAlxDr4VC5NwnbgT8eyqcwlip3Y
9IWjGcTB5TSlndw5NVe48g1UTtR5Ji7mRyZxtLjLu0JPby9UJeM7ouJ+/y6ybh3U
oQ==
-----END CERTIFICATE-----

2026-05-23T08:58:22.030411Z	info	grpc-client	Fetched CA certificates required to verify connection to central
2026-05-23T08:58:22.033428Z	debug	security	Read provided XCP Central certificate chain:
-----BEGIN CERTIFICATE-----
MIIFbTCCA1WgAwIBAgIUBD0/+0EfuEYZvVjrKE5cvNEja8swDQYJKoZIhvcNAQEL
BQAwRjELMAkGA1UEBhMCVVMxCzAJBgNVBAgMAkNBMRAwDgYDVQQKDAdUZXRyYXRl
MRgwFgYDVQQDDA9YQ1AtZTJlLXRlc3QtY2EwHhcNMjQwNjE3MTMxMjAzWhcNMzQw
NjE1MTMxMjAzWjBGMQswCQYDVQQGEwJVUzELMAkGA1UECAwCQ0ExEDAOBgNVBAoM
B1RldHJhdGUxGDAWBgNVBAMMD1hDUC1lMmUtdGVzdC1jYTCCAiIwDQYJKoZIhvcN
AQEBBQADggIPADCCAgoCggIBAIkO9mBBITqNjJed3zjKhu15p4EkX7qkDaKQjQdu
9zEvocDbtZU81ibmjuQFlL0vAiqHfKA8nUXKdidI9xHNdS7xUp3IlZoEFWX1jBUD
SLgQooe8BIIcEXfkVO019jLfMbDB5tQ6jzsjZ4F3ER5wh5rkLhEfbvq4ZiF3zQD/
82LDU5vwJ91qDWCHl8og9rla5MaAX2fTZhkQUQJiDip9uZ0Ft5lai1fKq8gICrod
4iPfiZH6sJB5cTC/aHd8CHY3FrJp8ZuGhZQzaV6PvfdFsCr+EISDlCkNdlNov7hA
Z8F8bRGrEqPAcYsS/Kk94oLAQBW7YvTPBrFnDWmyMnaKjCLGqTHmAY3tTrSI31lb
rnNakF2EGziOwNjxsI84d61U6KFtXMtsgKCNJr/MORVS/0f9yA7Q0WE5bEdx24m9
+qaWnMd5FtjC38GEALfSmo9YN3+Q+M+hdfipPKpv0khjHX7yPTrFvAOHi1wsy3Hj
1OdDFr/H9pG12DnlToVruVDfr5xypoWNK8pf2utZcMOcBzdfMNAVCqeE84BrPu2c
8mHinMfWX10X14nd2gdMUYyBgGqJGqiLuFMdthyCWpmg9BbYK013Esn36v8ap7gE
/VIiY/YTYNtmKE12IhBDa+y6izBXo69OAMB7iZHPDW5lnAXKfpGtaZO+9pqrTCI0
vdNTAgMBAAGjUzBRMB0GA1UdDgQWBBSlvheSoWwG4xtqKfuEWkYlmN0YbTAfBgNV
HSMEGDAWgBSlvheSoWwG4xtqKfuEWkYlmN0YbTAPBgNVHRMBAf8EBTADAQH/MA0G
CSqGSIb3DQEBCwUAA4ICAQACp7Yw/dQGSinvV0Z5kYjugapyBE7iIpyqRh2UgYzz
HT3bcXfSz95YO/TB+utF1C8g4yqxW8b5G0EIRgg9uqtxvrGmK18o6x2N1GEeCcfU
ke2xqrOP7dpWk3uwT2aeJN/LjfqR2KADscKtD7V5EN8v3JgH3Ul0M5g9RalaEppv
yQr0H9B8sdxRawIxD+HO1S/lsQhlGGCmgTQQF23gRmL1oxwR3Mujx9Se2NHZi0ha
fcyll1OLtUxsD6cNjwiqoiv5J1TV9Ukux2tyO/gQmdheuyZoKt6+lObL8DIStQuK
IGcaX7mMKGMD7URAR4crUSP6AFHZ4tRJ7Ryu0vv2+JBjH24LVM8PIHQYqgnAohar
7n/laa7bXlKueuTo7EAVGTYPnV/CGYm/MKJ1cYll/aRBFYcU4m+fOF4AAOo/8umu
kFFHbv+Abnei/pEYb77vsBaHE68gT5YLM/pY/6XXa2+UVROCBQXbLps/0GZk2FTS
tHKBteLYBVia9F7HSAP1wAl4qt+r7D7wm9gtchwp2vqNI6vMJYHSDbjk9q255DVs
Tew5/zH2PlvDaNMyLCnueC9VzFqBou/ZDmqUyOAlxDr4VC5NwnbgT8eyqcwlip3Y
9IWjGcTB5TSlndw5NVe48g1UTtR5Ji7mRyZxtLjLu0JPby9UJeM7ouJ+/y6ybh3U
oQ==
-----END CERTIFICATE-----

2026-05-23T08:58:22.033500Z	info	grpc-client	Fetched CA certificates required to verify connection to central
2026-05-23T08:58:22.035722Z	info	stream	[config-status] connected	name=config-status-771be08d
2026-05-23T08:58:22.035747Z	debug	status	re-triggering status report on connect
2026-05-23T08:58:22.035777Z	debug	stream	[config-status] Spawning cluster statusLabel send goroutine	name=config-status-771be08d
2026-05-23T08:58:22.035792Z	debug	status	sent-epoch(50) matches generated-epoch(50) and hence skipping
2026-05-23T08:59:11.060344Z	debug	discovery-server	Sending config resync request update to central xcp
2026-05-23T08:59:11.060391Z	debug	discovery-server	Done sending config resync request to central xcp
2026-05-23T08:59:11.060669Z	debug	discovery-server	Received resync keepalive response from central xcp.
2026-05-23T08:59:11.060683Z	debug	discovery-server	Waiting on recv for crds
2026-05-23T08:59:30.007598Z	debug	kube	Handle event delete for service backend in namespace backend-c1
2026-05-23T08:59:30.007723Z	debug	cluster-state	Triggering resource state change event due to service, at 2026-05-23 08:59:30.007665834 +0000 UTC m=+97166.814814409 (force regenerate config = map[]). Resources: [api_version:"xcp.tetrate.io/v2" kind:"Namespace" metadata:{name:"backend-c1" namespace:"backend-c1"}]
2026-05-23T08:59:30.011842Z	debug	kube	Handle EDS endpoint backend delete in namespace backend-c1
2026-05-23T08:59:30.011891Z	debug	kube	triggering EDS push for [backend.backend-c1.svc.cluster.local] in namespace backend-c1
2026-05-23T08:59:30.011899Z	debug	kube	Handle EDS endpoint: skip collecting workload entry endpoints, service backend.backend-c1.svc.cluster.local/ has not been populated
2026-05-23T08:59:30.011919Z	info	discovery-server	UpdateServiceEndpoints: no healthy endpoints found for ns/svc: backend-c1/backend.backend-c1.svc.cluster.local
2026-05-23T08:59:30.011972Z	debug	cluster-state	Triggering cluster state change event due to service_subset_update, at 2026-05-23 08:59:30.011908167 +0000 UTC m=+97166.819056701 (force regenerate config = map[]). Resources: [api_version:"xcp.tetrate.io/v2" kind:"Namespace" metadata:{name:"backend-c1" namespace:"backend-c1"}]
2026-05-23T08:59:30.019428Z	debug	debounce	notify cbk invoked	id=04df2d4f
2026-05-23T08:59:30.019501Z	debug	debounce	notify cbk returned	id=04df2d4f
2026-05-23T08:59:30.019507Z	debug	debounce	Applying steady step-up. maxSilentCurrent updated to: 10ms	id=04df2d4f
2026-05-23T08:59:30.019613Z	info	cluster-state	processClusterStateChangeEvents: cluster-eventid: 2026-05-23 08:59:30.007665834 +0000 UTC m=+97166.814814409 and 0 more, queue length: 0, reasons: service,, forceConfigRegenReasons: map[], resources: [api_version:"xcp.tetrate.io/v2" kind:"Namespace" metadata:{name:"backend-c1" namespace:"backend-c1"}]
2026-05-23T08:59:30.019624Z	debug	cluster-state	handleClusterStateChangedEvent: Trigger reasons: service,, Forced translation: map[], Resources: [api_version:"xcp.tetrate.io/v2" kind:"Namespace" metadata:{name:"backend-c1" namespace:"backend-c1"}]
2026-05-23T08:59:30.019634Z	debug	configapply	Cluster-state generation triggered for set of map[backend-c1:{}] namespaces
2026-05-23T08:59:30.019686Z	debug	cluster-gen	istioServices: 13
2026-05-23T08:59:30.020006Z	debug	discovery-cache	added istio service instances in namespace: istio-system objects 0, changed false
2026-05-23T08:59:30.020013Z	debug	discovery-cache	added istio service instances in namespace: metallb-system objects 0, changed false
2026-05-23T08:59:30.020014Z	debug	discovery-cache	added istio service instances in namespace: xcp-system objects 0, changed false
2026-05-23T08:59:30.020015Z	debug	discovery-cache	added istio service instances in namespace: cert-manager objects 0, changed false
2026-05-23T08:59:30.020016Z	debug	discovery-cache	added istio service instances in namespace: default objects 0, changed false
2026-05-23T08:59:30.020053Z	debug	cluster-state	triggerConfigTranslation false ,triggerConfigTranslationReason true 
2026-05-23T08:59:30.020072Z	debug	cluster-state	All gateway hostname mappings are same.
2026-05-23T08:59:30.020077Z	debug	cluster-state	All gatewayHost bounded k8s svcs have same addresses.
2026-05-23T08:59:30.020078Z	debug	cluster-state	No significant changes detected; skipping report to other clusters.
2026-05-23T08:59:30.020080Z	debug	cluster-state	No significant changes detected for east-west services; skipping report to other clusters.
2026-05-23T08:59:30.020098Z	debug	cluster-state	handleClusterStateChangedEvent, actions: map[sendClusterToCentral:{}]
2026-05-23T08:59:30.020144Z	debug	discovery-cache	required to trigger istio translation as edge received change in failover setting for one or more hosts for cluster cluster-0
2026-05-23T08:59:30.020148Z	debug	discovery-cache	required to trigger istio translation as edge received change in locality context for one or more hosts for cluster cluster-0
2026-05-23T08:59:30.020205Z	debug	discovery-server	wrote channel for sending cluster updates
2026-05-23T08:59:30.020206Z	debug	cluster-state	Sent 5 namespaces to central. len(HostToK8sSvc) 0
2026-05-23T08:59:30.020212Z	debug	discovery-server	Sending cluster-state update to central xcp
2026-05-23T08:59:30.020280Z	debug	discovery-server	Done sending cluster-state to central xcp
2026-05-23T08:59:30.020420Z	info	cluster-state	processConfigTranslationNotification: cluster-eventid: 2026-05-23 08:59:30.020065417 +0000 UTC m=+97166.827213951 and 0 more, queue length: 0, reasons: service,, forceConfigRegenReasons: map[], resources: [api_version:"xcp.tetrate.io/v2" kind:"Namespace" metadata:{name:"backend-c1" namespace:"backend-c1"}]
2026-05-23T08:59:30.020428Z	debug	configapply	Sending XCP api CRDs to istio config translator
2026-05-23T08:59:30.020668Z	debug	model	gateway-group mapping: map[]
2026-05-23T08:59:30.020675Z	debug	model	security-group mapping: map[]
2026-05-23T08:59:30.020676Z	debug	model	traffic-group mapping: map[]
2026-05-23T08:59:30.020677Z	debug	model	istio-internal-group mapping: map[]
2026-05-23T08:59:30.020678Z	debug	model	gateway-deployment mapping: map[]
2026-05-23T08:59:30.020697Z	debug	model	processing 14 objects for cluster cluster-0
2026-05-23T08:59:30.020785Z	debug	model	Processing workspace: istio-system/xc-ws, o.gvk xcp.tetrate.io/v2/Workspace
2026-05-23T08:59:30.020850Z	debug	model	resolved workspace namespaces [client-c0]
2026-05-23T08:59:30.020865Z	info	model	client-c0: adding workspace xc-ws
2026-05-23T08:59:30.020960Z	debug	model	populateGroups workspace = xc-ws, &{Meta:{GroupVersionKind:xcp.tetrate.io/v2/Workspace UID: Name:xc-ws Namespace:istio-system Domain: Labels:map[] Annotations:map[kubectl.kubernetes.io/last-applied-configuration:{"apiVersion":"xcp.tetrate.io/v2","kind":"Workspace","metadata":{"annotations":{},"name":"xc-ws","namespace":"xcp-system"},"spec":{"namespaceSelector":{"names":["cluster-0/client-c0","cluster-1/backend-c1"]}}}
 xcp.tetrate.io/contentHash:32b68c018c13a57f045d6319290a4b2b] ResourceVersion:374672 CreationTimestamp:2026-05-23 08:38:10 +0000 UTC OwnerReferences:[] Generation:0} Spec:namespace_selector:{names:"cluster-0/client-c0" names:"cluster-1/backend-c1"} Status:<nil> Extra:map[]}
2026-05-23T08:59:30.020968Z	debug	model	registered settings xc-ws-settings for workspace xc-ws
2026-05-23T08:59:30.021211Z	debug	eastwest-configgen	namespace "kube-public" does not have Istio revision "" in boundary "global". Ambient mode: false
2026-05-23T08:59:30.021222Z	debug	eastwest-configgen	namespace "metallb-system" does not have Istio revision "" in boundary "global". Ambient mode: false
2026-05-23T08:59:30.021223Z	debug	eastwest-configgen	namespace "default" does not have Istio revision "" in boundary "global". Ambient mode: false
2026-05-23T08:59:30.021225Z	debug	eastwest-configgen	namespace "xcp-system" does not have Istio revision "" in boundary "global". Ambient mode: false
2026-05-23T08:59:30.021226Z	debug	eastwest-configgen	namespace "cert-manager" does not have Istio revision "" in boundary "global". Ambient mode: false
2026-05-23T08:59:30.021227Z	debug	eastwest-configgen	namespace "kube-node-lease" does not have Istio revision "" in boundary "global". Ambient mode: false
2026-05-23T08:59:30.021228Z	debug	eastwest-configgen	namespace "local-path-storage" does not have Istio revision "" in boundary "global". Ambient mode: false
2026-05-23T08:59:30.021276Z	info	no portname specified for service metallb-webhook-service.metallb-system.svc.cluster.local port 443. no endpoints will be detected
2026-05-23T08:59:30.021352Z	info	eastwest-configgen	no endpoints found for service "metallb-webhook-service.metallb-system.svc.cluster.local" port 443
2026-05-23T08:59:30.021391Z	info	model	matching services for east-west gateway%!(EXTRA string=selector: %v, map[string]string=map[app:backend])
2026-05-23T08:59:30.021404Z	debug	eastwest-configgen	computed east-west gateway associations: {
    "xc-ws": {
      "ExposedServices": {
        "0": {}
      },
      "GatewayServices": {
        "0": {}
      }
    }
  }
2026-05-23T08:59:30.021418Z	debug	configapply	Translation triggered for set of map[backend-c1:{}] namespaces
2026-05-23T08:59:30.021490Z	debug	translator	error while looking up workspace for namespace "backend-c1": the namespace "backend-c1" is not mapped to any workspace	ns=backend-c1 id=a4b6015e
2026-05-23T08:59:30.021505Z	debug	translator	failed to lookup workspace for namespace "backend-c1": the namespace "backend-c1" is not mapped to any workspace	ns=backend-c1 id=a4b6015e
2026-05-23T08:59:30.021507Z	debug	translator	workspace for namespace "backend-c1" not found	ns=backend-c1 id=a4b6015e
2026-05-23T08:59:30.021513Z	debug	translator	[ambient] buildEastWestGatewayConfigs: entry point called	ns=backend-c1 id=a4b6015e
2026-05-23T08:59:30.021524Z	debug	translator	[ambient] doBuildEastWestGatewayConfigsforAllWorkspaces: processing 1 workspaces	ns=backend-c1 id=a4b6015e
2026-05-23T08:59:30.021530Z	debug	translator	[ambient] processing workspace 0: xc-ws	ns=backend-c1 id=a4b6015e
2026-05-23T08:59:30.021538Z	error	translator	gateway service not found with workload selector labels map[app:ew-gateway] in namespace "backend-c1"	ns=backend-c1 id=a4b6015e
2026-05-23T08:59:30.021541Z	debug	translator	[ambient] workspace xc-ws generated 0 regular east-west configs	ns=backend-c1 id=a4b6015e
2026-05-23T08:59:30.021543Z	debug	translator	[ambient] EnableAmbient=false, skipping ambient hybrid configs for workspace xc-ws	ns=backend-c1 id=a4b6015e
2026-05-23T08:59:30.021549Z	debug	translator	[ambient] doBuildEastWestGatewayConfigsforAllWorkspaces: total generated 0 configs	ns=backend-c1 id=a4b6015e
2026-05-23T08:59:30.021560Z	debug	translator	error while looking up workspace for namespace "backend-c1": the namespace "backend-c1" is not mapped to any workspace	ns=backend-c1 id=a4b6015e
2026-05-23T08:59:30.021562Z	debug	translator	error while looking up workspace for namespace "backend-c1": the namespace "backend-c1" is not mapped to any workspace	ns=backend-c1 id=a4b6015e
2026-05-23T08:59:30.021563Z	debug	translator	generated configurations: 0 traffic, 0 security, 0 gateway, 0 istio internal	ns=backend-c1 id=a4b6015e
2026-05-23T08:59:30.021566Z	debug	translator	ew-gen: generating east-west workload entry configs for local services that are exposed for east-west routing	ns=backend-c1 id=a4b6015e
2026-05-23T08:59:30.021573Z	debug	resource-cache	Batch-based resource tracking disabled, falling back to namespace-based
2026-05-23T08:59:30.021743Z	debug	resource-cache	[backend-c1] ===BEGIN: Apply request for 0 objects
2026-05-23T08:59:30.021751Z	debug	resource-cache	Delete all objects from the namespace backend-c1
2026-05-23T08:59:30.021753Z	debug	resource-cache	[backend-c1] objects previously in k8s api server cache: 0
2026-05-23T08:59:30.021754Z	debug	resource-cache	[backend-c1] No previous objects at k8s apiserver cache for namespace
2026-05-23T08:59:30.021756Z	debug	resource-cache	[backend-c1] ===END: Apply request for 0 objects in 0.000012 s
2026-05-23T08:59:30.021768Z	debug	resource-cache	[backend-c1] ===BEGIN: Apply request for 0 objects
2026-05-23T08:59:30.021769Z	debug	resource-cache	Delete all objects from the namespace backend-c1
2026-05-23T08:59:30.021770Z	debug	resource-cache	[backend-c1] objects previously in k8s api server cache: 0
2026-05-23T08:59:30.021771Z	debug	resource-cache	[backend-c1] No previous objects at k8s apiserver cache for namespace
2026-05-23T08:59:30.021772Z	debug	resource-cache	[backend-c1] ===END: Apply request for 0 objects in 0.000004 s
2026-05-23T08:59:30.021789Z	debug	cluster-state	Triggering cluster state change event due to config, at 2026-05-23 08:59:30.020065417 +0000 UTC m=+97166.827213951 (force regenerate config = map[]). Resources: []
2026-05-23T08:59:30.021679Z	debug	resource-cache	Unmanaged Istio resources by kind: map[AuthorizationPolicy:0 DestinationRule:0 EnvoyFilter:0 Gateway:0 PeerAuthentication:0 RequestAuthentication:0 ServiceEntry:0 Sidecar:0 Telemetry:0 VirtualService:0 WasmPlugin:0 WorkloadEntry:0]
2026-05-23T08:59:30.031375Z	debug	debounce	resetting maxSilentCurrent. updated: 10ms	id=04df2d4f
2026-05-23T08:59:31.023364Z	debug	debounce	notify cbk invoked	id=a09a36e7
2026-05-23T08:59:31.023419Z	debug	debounce	notify cbk invoked	id=919326fd
2026-05-23T08:59:31.023452Z	debug	debounce	notify cbk returned	id=919326fd
2026-05-23T08:59:31.023479Z	debug	debounce	Applying exponential step-up. maxSilentCurrent updated to: 2s	id=919326fd
2026-05-23T08:59:31.023483Z	info	cluster-state	processClusterStateChangeEvents: cluster-eventid: 2026-05-23 08:59:30.011908167 +0000 UTC m=+97166.819056701 and 0 more, queue length: 0, reasons: config,service_subset_update,, forceConfigRegenReasons: map[], resources: []
2026-05-23T08:59:31.023466Z	debug	config-status	Explanation of the decision flow for the Config Status of "networking.istio.io/EnvoyFilter" "global-forward-xfcc-15443" version ""
Q: Is the config type "networking.istio.io/v1alpha3/EnvoyFilter" supported by XCP?
A: Yes
Q: Is it an internal config of XCP?
A: Yes
Verdict: Config Status is NOT reported since it's an internal config of XCP
Config Status:
```yaml
---
null
```

2026-05-23T08:59:31.023498Z	debug	config-status	Explanation of the decision flow for the Config Status of "networking.istio.io/EnvoyFilter" "global-gw-best-practice" version ""
Q: Is the config type "networking.istio.io/v1alpha3/EnvoyFilter" supported by XCP?
A: Yes
Q: Is it an internal config of XCP?
A: Yes
Verdict: Config Status is NOT reported since it's an internal config of XCP
Config Status:
```yaml
---
null
```

2026-05-23T08:59:31.023504Z	debug	config-status	Explanation of the decision flow for the Config Status of "networking.istio.io/EnvoyFilter" "global-mx-downstream-egress-gateway-filter" version ""
Q: Is the config type "networking.istio.io/v1alpha3/EnvoyFilter" supported by XCP?
A: Yes
Q: Is it an internal config of XCP?
A: Yes
Verdict: Config Status is NOT reported since it's an internal config of XCP
Config Status:
```yaml
---
null
```

2026-05-23T08:59:31.023508Z	debug	config-status	Explanation of the decision flow for the Config Status of "networking.istio.io/EnvoyFilter" "global-mx-downstream-gateway-filter" version ""
Q: Is the config type "networking.istio.io/v1alpha3/EnvoyFilter" supported by XCP?
A: Yes
Q: Is it an internal config of XCP?
A: Yes
Verdict: Config Status is NOT reported since it's an internal config of XCP
Config Status:
```yaml
---
null
```

2026-05-23T08:59:31.023511Z	debug	config-status	Explanation of the decision flow for the Config Status of "networking.istio.io/EnvoyFilter" "global-periodical-access-log" version ""
Q: Is the config type "networking.istio.io/v1alpha3/EnvoyFilter" supported by XCP?
A: Yes
Q: Is it an internal config of XCP?
A: Yes
Verdict: Config Status is NOT reported since it's an internal config of XCP
Config Status:
```yaml
---
null
```

2026-05-23T08:59:31.023514Z	debug	config-status	Explanation of the decision flow for the Config Status of "networking.istio.io/EnvoyFilter" "global-request-id-propagation" version ""
Q: Is the config type "networking.istio.io/v1alpha3/EnvoyFilter" supported by XCP?
A: Yes
Q: Is it an internal config of XCP?
A: Yes
Verdict: Config Status is NOT reported since it's an internal config of XCP
Config Status:
```yaml
---
null
```

2026-05-23T08:59:31.023518Z	debug	config-status	Explanation of the decision flow for the Config Status of "networking.istio.io/EnvoyFilter" "global-tcp-keepalive-envoy-filter" version ""
Q: Is the config type "networking.istio.io/v1alpha3/EnvoyFilter" supported by XCP?
A: Yes
Q: Is it an internal config of XCP?
A: Yes
Verdict: Config Status is NOT reported since it's an internal config of XCP
Config Status:
```yaml
---
null
```

2026-05-23T08:59:31.023521Z	debug	config-status	Explanation of the decision flow for the Config Status of "networking.istio.io/EnvoyFilter" "global-xfcc-extractor-sidecar" version ""
Q: Is the config type "networking.istio.io/v1alpha3/EnvoyFilter" supported by XCP?
A: Yes
Q: Is it an internal config of XCP?
A: Yes
Verdict: Config Status is NOT reported since it's an internal config of XCP
Config Status:
```yaml
---
null
```

2026-05-23T08:59:31.023524Z	debug	config-status	Explanation of the decision flow for the Config Status of "networking.istio.io/EnvoyFilter" "global-xfcc-guard-15443" version ""
Q: Is the config type "networking.istio.io/v1alpha3/EnvoyFilter" supported by XCP?
A: Yes
Q: Is it an internal config of XCP?
A: Yes
Verdict: Config Status is NOT reported since it's an internal config of XCP
Config Status:
```yaml
---
null
```

2026-05-23T08:59:31.023657Z	debug	config-status	Explanation of the decision flow for the Config Status of "xcp.tetrate.io/Cluster" "cluster-0" version ""
Q: Is the config type "xcp.tetrate.io/v2/Cluster" supported by XCP?
A: Yes
Q: Is it an internal config of XCP?
A: No
Q: Is this config object managed by XCP?
A: Yes
Q: Did the Push Context report an ERROR for this config?
A: No
Q: Did the Push Context IGNORE this config?
A: No
Verdict: Config Status is UNKNOWN since status for that config type has NOT been implemented yet
Config Status:
```yaml
---
configId:
  group: xcp.tetrate.io
  kind: Cluster
  name: cluster-0
  namespace: istio-system
  version: v2
details: Config Status for that config type has NOT been implemented yet
metadata:
  annotations:
    kubectl.kubernetes.io/last-applied-configuration: |
      {"apiVersion":"xcp.tetrate.io/v2","kind":"Cluster","metadata":{"annotations":{},"name":"cluster-0","namespace":"xcp-system"},"spec":{"istioTrustDomain":"cluster.local"}}
```

2026-05-23T08:59:31.023702Z	debug	config-status	Explanation of the decision flow for the Config Status of "xcp.tetrate.io/Cluster" "cluster-1" version ""
Q: Is the config type "xcp.tetrate.io/v2/Cluster" supported by XCP?
A: Yes
Q: Is it an internal config of XCP?
A: No
Q: Is this config object managed by XCP?
A: Yes
Q: Did the Push Context report an ERROR for this config?
A: No
Q: Did the Push Context IGNORE this config?
A: No
Verdict: Config Status is UNKNOWN since status for that config type has NOT been implemented yet
Config Status:
```yaml
---
configId:
  group: xcp.tetrate.io
  kind: Cluster
  name: cluster-1
  namespace: istio-system
  version: v2
details: Config Status for that config type has NOT been implemented yet
metadata: {}
```

2026-05-23T08:59:31.023731Z	debug	config-status	Explanation of the decision flow for the Config Status of "xcp.tetrate.io/GlobalSetting" "global" version ""
Q: Is the config type "xcp.tetrate.io/v2/GlobalSetting" supported by XCP?
A: Yes
Q: Is it an internal config of XCP?
A: No
Q: Is this config object managed by XCP?
A: Yes
Q: Did the Push Context report an ERROR for this config?
A: No
Q: Did the Push Context IGNORE this config?
A: No
Q: Does the namespace selector resolve into at least ONE namespace in this cluster?
A: Yes
I: Checking the config status in each of the 10 target namespace(s): [backend-c1 cert-manager client-c0 default echo kube-node-lease kube-public local-path-storage metallb-system xcp-system]
I: [1/10] verdict in "backend-c1" namespace: Config Status is UNKNOWN since there were NO translation errors but the config was NOT mapped onto any output config(s)
I: [2/10] verdict in "cert-manager" namespace: Config Status is UNKNOWN since translation is SKIPPED on that namespace
I: [3/10] verdict in "client-c0" namespace: Config Status is UNKNOWN since there were NO translation errors but the config was NOT mapped onto any output config(s)
I: [4/10] verdict in "default" namespace: Config Status is UNKNOWN since translation is SKIPPED on that namespace
I: [5/10] verdict in "echo" namespace: Config Status is UNKNOWN since there were NO translation errors but the config was NOT mapped onto any output config(s)
I: [6/10] verdict in "kube-node-lease" namespace: Config Status is UNKNOWN since translation is SKIPPED on that namespace
I: [7/10] verdict in "kube-public" namespace: Config Status is UNKNOWN since translation is SKIPPED on that namespace
I: [8/10] verdict in "local-path-storage" namespace: Config Status is UNKNOWN since translation is SKIPPED on that namespace
I: [9/10] verdict in "metallb-system" namespace: Config Status is UNKNOWN since translation is SKIPPED on that namespace
I: [10/10] verdict in "xcp-system" namespace: Config Status is UNKNOWN since translation is SKIPPED on that namespace
I: Status summary across 10 target namespace(s): TRANSLATION SKIPPED in 7 namespace(s), TRANSLATED BUT NOT MAPPED in 3 namespace(s)
I: Using "lenient" strategy to decide on the aggregated status across 10 target namespace(s)
Q: Have there been any errors while translating this config in ANY of the 10 target namespaces?
A: No
Q: Has the config been APPLIED in at least ONE of the target namespaces?
A: No
Verdict: Config Status is NOT reported since the config has NOT yet been APPLIED in ANY of 10 target namespace(s)
Config Status:
```yaml
---
null
```

2026-05-23T08:59:31.023789Z	debug	config-status	Explanation of the decision flow for the Config Status of "xcp.tetrate.io/Workspace" "xc-ws" version ""
Q: Is the config type "xcp.tetrate.io/v2/Workspace" supported by XCP?
A: Yes
Q: Is it an internal config of XCP?
A: No
Q: Is this config object managed by XCP?
A: Yes
Q: Did the Push Context report an ERROR for this config?
A: No
Q: Did the Push Context IGNORE this config?
A: No
Q: Does the namespace selector resolve into at least ONE namespace in this cluster?
A: Yes
I: Checking the config status in each of the 1 target namespace(s): [client-c0]
I: [1/1] verdict in "client-c0" namespace: Config Status is APPLIED since there were NO translation errors and the config IS mapped onto output config(s)
I: Status summary across 1 target namespace(s): APPLIED in 1 namespace(s)
I: Using "lenient" strategy to decide on the aggregated status across 1 target namespace(s)
Q: Have there been any errors while translating this config in ANY of the 1 target namespaces?
A: No
Q: Has the config been APPLIED in at least ONE of the target namespaces?
A: Yes
Verdict: Config Status is "lenient" APPLIED since the config has been APPLIED in at least ONE of the target namespaces
Config Status:
```yaml
---
configId:
  group: xcp.tetrate.io
  kind: Workspace
  name: xc-ws
  namespace: istio-system
  version: v2
details: 'Status summary across 1 target namespace(s): APPLIED in 1 namespace(s)'
metadata:
  annotations:
    kubectl.kubernetes.io/last-applied-configuration: |
      {"apiVersion":"xcp.tetrate.io/v2","kind":"Workspace","metadata":{"annotations":{},"name":"xc-ws","namespace":"xcp-system"},"spec":{"namespaceSelector":{"names":["cluster-0/client-c0","cluster-1/backend-c1"]}}}
result: APPLIED
```

2026-05-23T08:59:31.023843Z	debug	config-status	Explanation of the decision flow for the Config Status of "xcp.tetrate.io/WorkspaceSetting" "xc-ws-settings" version ""
Q: Is the config type "xcp.tetrate.io/v2/WorkspaceSetting" supported by XCP?
A: Yes
Q: Is it an internal config of XCP?
A: No
Q: Is this config object managed by XCP?
A: Yes
Q: Did the Push Context report an ERROR for this config?
A: No
Q: Did the Push Context IGNORE this config?
A: No
Q: Does the namespace selector resolve into at least ONE namespace in this cluster?
A: Yes
I: Checking the config status in each of the 1 target namespace(s): [client-c0]
I: [1/1] verdict in "client-c0" namespace: Config Status is APPLIED since there were NO translation errors and the config IS mapped onto output config(s)
I: Status summary across 1 target namespace(s): APPLIED in 1 namespace(s)
I: Using "lenient" strategy to decide on the aggregated status across 1 target namespace(s)
Q: Have there been any errors while translating this config in ANY of the 1 target namespaces?
A: No
Q: Has the config been APPLIED in at least ONE of the target namespaces?
A: Yes
Verdict: Config Status is "lenient" APPLIED since the config has been APPLIED in at least ONE of the target namespaces
Config Status:
```yaml
---
configId:
  group: xcp.tetrate.io
  kind: WorkspaceSetting
  name: xc-ws-settings
  namespace: istio-system
  version: v2
details: 'Status summary across 1 target namespace(s): APPLIED in 1 namespace(s)'
metadata:
  annotations:
    kubectl.kubernetes.io/last-applied-configuration: |
      {"apiVersion":"xcp.tetrate.io/v2","kind":"WorkspaceSetting","metadata":{"annotations":{},"labels":{"xcp.tetrate.io/workspace":"xc-ws"},"name":"xc-ws-settings","namespace":"xcp-system"},"spec":{"defaultEastWestGatewaySettings":[{"exposedServices":[{"serviceLabels":{"app":"backend"}}],"workloadSelector":{"labels":{"app":"ew-gateway"},"namespace":"backend-c1"}}]}}
  labels:
    xcp.tetrate.io/workspace: xc-ws
result: APPLIED
```

2026-05-23T08:59:31.024038Z	debug	status	generated status report in 643.375µs
2026-05-23T08:59:31.024046Z	debug	debounce	notify cbk returned	id=a09a36e7
2026-05-23T08:59:31.024053Z	debug	debounce	Applying exponential step-up. maxSilentCurrent updated to: 2s	id=a09a36e7
2026-05-23T08:59:31.024057Z	debug	status	triggering status report sender with 4 messages
2026-05-23T08:59:31.024199Z	debug	status	successfully sent config-status report(epoch:51, messages:4) in 132.583µs
2026-05-23T08:59:31.023487Z	debug	cluster-state	handleClusterStateChangedEvent: Trigger reasons: config,service_subset_update,, Forced translation: map[], Resources: []
2026-05-23T08:59:31.024328Z	debug	eastwest-configgen	namespace "kube-public" does not have Istio revision "" in boundary "global". Ambient mode: false
2026-05-23T08:59:31.024331Z	debug	eastwest-configgen	namespace "metallb-system" does not have Istio revision "" in boundary "global". Ambient mode: false
2026-05-23T08:59:31.024333Z	debug	eastwest-configgen	namespace "default" does not have Istio revision "" in boundary "global". Ambient mode: false
2026-05-23T08:59:31.024334Z	debug	eastwest-configgen	namespace "xcp-system" does not have Istio revision "" in boundary "global". Ambient mode: false
2026-05-23T08:59:31.024336Z	debug	eastwest-configgen	namespace "cert-manager" does not have Istio revision "" in boundary "global". Ambient mode: false
2026-05-23T08:59:31.024337Z	debug	eastwest-configgen	namespace "kube-node-lease" does not have Istio revision "" in boundary "global". Ambient mode: false
2026-05-23T08:59:31.024338Z	debug	eastwest-configgen	namespace "local-path-storage" does not have Istio revision "" in boundary "global". Ambient mode: false
2026-05-23T08:59:31.024384Z	info	no portname specified for service metallb-webhook-service.metallb-system.svc.cluster.local port 443. no endpoints will be detected
2026-05-23T08:59:31.024394Z	info	eastwest-configgen	no endpoints found for service "metallb-webhook-service.metallb-system.svc.cluster.local" port 443
2026-05-23T08:59:31.024431Z	info	model	matching services for east-west gateway%!(EXTRA string=selector: %v, map[string]string=map[app:backend])
2026-05-23T08:59:31.024484Z	debug	eastwest-configgen	computed east-west gateway associations: {
    "xc-ws": {
      "ExposedServices": {
        "0": {}
      },
      "GatewayServices": {
        "0": {}
      }
    }
  }
2026-05-23T08:59:31.024540Z	debug	cluster-gen	istioServices: 13
2026-05-23T08:59:31.024587Z	debug	cluster-gen	Ignoring service kube-system/metrics-server
2026-05-23T08:59:31.024637Z	info	no portname specified for service metallb-webhook-service.metallb-system.svc.cluster.local port 443. no endpoints will be detected
2026-05-23T08:59:31.024648Z	info	no portname specified for service metallb-webhook-service.metallb-system.svc.cluster.local port 443. no endpoints will be detected
2026-05-23T08:59:31.024644Z	debug	cluster-gen	Ignoring service kube-system/kube-dns
2026-05-23T08:59:31.024685Z	debug	discovery-cache	added istio service instances in namespace: istio-system objects 0, changed false
2026-05-23T08:59:31.024691Z	debug	discovery-cache	added istio service instances in namespace: xcp-system objects 0, changed false
2026-05-23T08:59:31.024692Z	debug	discovery-cache	added istio service instances in namespace: cert-manager objects 0, changed false
2026-05-23T08:59:31.024693Z	debug	discovery-cache	added istio service instances in namespace: metallb-system objects 0, changed false
2026-05-23T08:59:31.024694Z	debug	discovery-cache	added istio service instances in namespace: default objects 0, changed false
2026-05-23T08:59:31.024699Z	debug	cluster-state	triggerConfigTranslation false ,triggerConfigTranslationReason true 
2026-05-23T08:59:31.024703Z	debug	cluster-state	All gateway hostname mappings are same.
2026-05-23T08:59:31.024704Z	debug	cluster-state	All gatewayHost bounded k8s svcs have same addresses.
2026-05-23T08:59:31.024705Z	debug	cluster-state	No significant changes detected; skipping report to other clusters.
2026-05-23T08:59:31.024706Z	debug	cluster-state	No significant changes detected for east-west services; skipping report to other clusters.
2026-05-23T08:59:31.024711Z	debug	cluster-state	handleClusterStateChangedEvent, actions: map[sendClusterToCentral:{}]
2026-05-23T08:59:31.024770Z	debug	discovery-server	wrote channel for sending cluster updates
2026-05-23T08:59:31.024775Z	debug	cluster-state	Sent 5 namespaces to central. len(HostToK8sSvc) 0
2026-05-23T08:59:31.024778Z	debug	discovery-server	Sending cluster-state update to central xcp
2026-05-23T08:59:31.024824Z	debug	discovery-server	Done sending cluster-state to central xcp
2026-05-23T08:59:31.024889Z	info	cluster-state	processConfigTranslationNotification: cluster-eventid: 2026-05-23 08:59:31.024700501 +0000 UTC m=+97167.831849035 and 0 more, queue length: 0, reasons: config,service_subset_update,, forceConfigRegenReasons: map[], resources: []
2026-05-23T08:59:31.024895Z	debug	configapply	Sending XCP api CRDs to istio config translator
2026-05-23T08:59:31.025019Z	debug	model	gateway-group mapping: map[]
2026-05-23T08:59:31.025023Z	debug	model	security-group mapping: map[]
2026-05-23T08:59:31.025023Z	debug	model	traffic-group mapping: map[]
2026-05-23T08:59:31.025024Z	debug	model	istio-internal-group mapping: map[]
2026-05-23T08:59:31.025025Z	debug	model	gateway-deployment mapping: map[]
2026-05-23T08:59:31.025035Z	debug	model	processing 14 objects for cluster cluster-0
2026-05-23T08:59:31.025116Z	debug	model	Processing workspace: istio-system/xc-ws, o.gvk xcp.tetrate.io/v2/Workspace
2026-05-23T08:59:31.025124Z	debug	model	resolved workspace namespaces [client-c0]
2026-05-23T08:59:31.025130Z	info	model	client-c0: adding workspace xc-ws
2026-05-23T08:59:31.025244Z	debug	model	populateGroups workspace = xc-ws, &{Meta:{GroupVersionKind:xcp.tetrate.io/v2/Workspace UID: Name:xc-ws Namespace:istio-system Domain: Labels:map[] Annotations:map[kubectl.kubernetes.io/last-applied-configuration:{"apiVersion":"xcp.tetrate.io/v2","kind":"Workspace","metadata":{"annotations":{},"name":"xc-ws","namespace":"xcp-system"},"spec":{"namespaceSelector":{"names":["cluster-0/client-c0","cluster-1/backend-c1"]}}}
 xcp.tetrate.io/contentHash:32b68c018c13a57f045d6319290a4b2b] ResourceVersion:374672 CreationTimestamp:2026-05-23 08:38:10 +0000 UTC OwnerReferences:[] Generation:0} Spec:namespace_selector:{names:"cluster-0/client-c0" names:"cluster-1/backend-c1"} Status:<nil> Extra:map[]}
2026-05-23T08:59:31.025251Z	debug	model	registered settings xc-ws-settings for workspace xc-ws
2026-05-23T08:59:31.025456Z	debug	eastwest-configgen	namespace "local-path-storage" does not have Istio revision "" in boundary "global". Ambient mode: false
2026-05-23T08:59:31.025461Z	debug	eastwest-configgen	namespace "metallb-system" does not have Istio revision "" in boundary "global". Ambient mode: false
2026-05-23T08:59:31.025462Z	debug	eastwest-configgen	namespace "default" does not have Istio revision "" in boundary "global". Ambient mode: false
2026-05-23T08:59:31.025463Z	debug	eastwest-configgen	namespace "xcp-system" does not have Istio revision "" in boundary "global". Ambient mode: false
2026-05-23T08:59:31.025465Z	debug	eastwest-configgen	namespace "kube-public" does not have Istio revision "" in boundary "global". Ambient mode: false
2026-05-23T08:59:31.025466Z	debug	eastwest-configgen	namespace "cert-manager" does not have Istio revision "" in boundary "global". Ambient mode: false
2026-05-23T08:59:31.025467Z	debug	eastwest-configgen	namespace "kube-node-lease" does not have Istio revision "" in boundary "global". Ambient mode: false
2026-05-23T08:59:31.025514Z	info	no portname specified for service metallb-webhook-service.metallb-system.svc.cluster.local port 443. no endpoints will be detected
2026-05-23T08:59:31.025523Z	info	eastwest-configgen	no endpoints found for service "metallb-webhook-service.metallb-system.svc.cluster.local" port 443
2026-05-23T08:59:31.025535Z	info	model	matching services for east-west gateway%!(EXTRA string=selector: %v, map[string]string=map[app:backend])
2026-05-23T08:59:31.025549Z	debug	eastwest-configgen	computed east-west gateway associations: {
    "xc-ws": {
      "ExposedServices": {
        "0": {}
      },
      "GatewayServices": {
        "0": {}
      }
    }
  }
2026-05-23T08:59:31.025568Z	debug	configapply	Translation triggered for all [local-path-storage metallb-system default xcp-system client-c0 backend-c1 kube-public cert-manager echo kube-node-lease] namespaces
2026-05-23T08:59:31.025606Z	debug	translator	skipping translation for namespace "kube-node-lease"	ns=kube-node-lease id=cf15434e
2026-05-23T08:59:31.025640Z	debug	translator	skipping translation for namespace "kube-public"	ns=kube-public id=1c498b47
2026-05-23T08:59:31.025648Z	debug	resource-cache	Unmanaged Istio resources by kind: map[AuthorizationPolicy:0 DestinationRule:0 EnvoyFilter:0 Gateway:0 PeerAuthentication:0 RequestAuthentication:0 ServiceEntry:0 Sidecar:0 Telemetry:0 VirtualService:0 WasmPlugin:0 WorkloadEntry:0]
2026-05-23T08:59:31.025654Z	debug	resource-cache	Batch-based resource tracking disabled, falling back to namespace-based
2026-05-23T08:59:31.025650Z	debug	resource-cache	Batch-based resource tracking disabled, falling back to namespace-based
2026-05-23T08:59:31.025660Z	debug	resource-cache	[kube-node-lease] ===BEGIN: Apply request for 0 objects
2026-05-23T08:59:31.025662Z	debug	resource-cache	Delete all objects from the namespace kube-node-lease
2026-05-23T08:59:31.025660Z	debug	translator	skipping translation for namespace "metallb-system"	ns=metallb-system id=4204612a
2026-05-23T08:59:31.025667Z	debug	resource-cache	Batch-based resource tracking disabled, falling back to namespace-based
2026-05-23T08:59:31.025669Z	debug	resource-cache	[metallb-system] ===BEGIN: Apply request for 0 objects
2026-05-23T08:59:31.025669Z	debug	translator	error while looking up workspace for namespace "backend-c1": the namespace "backend-c1" is not mapped to any workspace	ns=backend-c1 id=9d4d73f2
2026-05-23T08:59:31.025670Z	debug	resource-cache	Delete all objects from the namespace metallb-system
2026-05-23T08:59:31.025673Z	debug	resource-cache	[metallb-system] objects previously in k8s api server cache: 0
2026-05-23T08:59:31.025673Z	debug	translator	failed to lookup workspace for namespace "backend-c1": the namespace "backend-c1" is not mapped to any workspace	ns=backend-c1 id=9d4d73f2
2026-05-23T08:59:31.025675Z	debug	resource-cache	[metallb-system] No previous objects at k8s apiserver cache for namespace
2026-05-23T08:59:31.025668Z	debug	translator	skipping translation for namespace "cert-manager"	ns=cert-manager id=2eb82a84
2026-05-23T08:59:31.025678Z	debug	resource-cache	[metallb-system] ===END: Apply request for 0 objects in 0.000008 s
2026-05-23T08:59:31.025676Z	debug	translator	workspace for namespace "backend-c1" not found	ns=backend-c1 id=9d4d73f2
2026-05-23T08:59:31.025682Z	debug	translator	[ambient] buildEastWestGatewayConfigs: entry point called	ns=backend-c1 id=9d4d73f2
2026-05-23T08:59:31.025685Z	debug	translator	error while looking up workspace for namespace "echo": the namespace "echo" is not mapped to any workspace	ns=echo id=7242c53e
2026-05-23T08:59:31.025664Z	debug	resource-cache	[kube-node-lease] objects previously in k8s api server cache: 0
2026-05-23T08:59:31.025689Z	debug	translator	failed to lookup workspace for namespace "echo": the namespace "echo" is not mapped to any workspace	ns=echo id=7242c53e
2026-05-23T08:59:31.025646Z	debug	translator	skipping translation for namespace "default"	ns=default id=4c5f6ec8
2026-05-23T08:59:31.025693Z	debug	resource-cache	Batch-based resource tracking disabled, falling back to namespace-based
2026-05-23T08:59:31.025690Z	debug	resource-cache	[kube-node-lease] No previous objects at k8s apiserver cache for namespace
2026-05-23T08:59:31.025695Z	debug	resource-cache	[default] ===BEGIN: Apply request for 0 objects
2026-05-23T08:59:31.025696Z	debug	resource-cache	[metallb-system] ===BEGIN: Apply request for 0 objects
2026-05-23T08:59:31.025697Z	debug	resource-cache	Delete all objects from the namespace default
2026-05-23T08:59:31.025697Z	debug	resource-cache	[kube-node-lease] ===END: Apply request for 0 objects in 0.000037 s
2026-05-23T08:59:31.025699Z	debug	resource-cache	[default] objects previously in k8s api server cache: 0
2026-05-23T08:59:31.025618Z	warn	translator	error while looking up traffic group for namespace "client-c0": traffic group not found for namespace client-c0 in workspace xc-ws	ns=client-c0 id=82c65310
2026-05-23T08:59:31.025624Z	debug	translator	skipping translation for namespace "local-path-storage"	ns=local-path-storage id=a9c84c6a
2026-05-23T08:59:31.025703Z	debug	resource-cache	Batch-based resource tracking disabled, falling back to namespace-based
2026-05-23T08:59:31.025704Z	debug	resource-cache	[local-path-storage] ===BEGIN: Apply request for 0 objects
2026-05-23T08:59:31.025706Z	debug	resource-cache	Delete all objects from the namespace local-path-storage
2026-05-23T08:59:31.025707Z	debug	resource-cache	[local-path-storage] objects previously in k8s api server cache: 0
2026-05-23T08:59:31.025708Z	debug	resource-cache	[local-path-storage] No previous objects at k8s apiserver cache for namespace
2026-05-23T08:59:31.025709Z	debug	resource-cache	[kube-node-lease] ===BEGIN: Apply request for 0 objects
2026-05-23T08:59:31.025710Z	debug	resource-cache	[local-path-storage] ===END: Apply request for 0 objects in 0.000006 s
2026-05-23T08:59:31.025679Z	debug	resource-cache	Batch-based resource tracking disabled, falling back to namespace-based
2026-05-23T08:59:31.025714Z	debug	resource-cache	[cert-manager] ===BEGIN: Apply request for 0 objects
2026-05-23T08:59:31.025715Z	debug	resource-cache	Delete all objects from the namespace cert-manager
2026-05-23T08:59:31.025717Z	debug	resource-cache	[cert-manager] objects previously in k8s api server cache: 0
2026-05-23T08:59:31.025718Z	debug	resource-cache	[cert-manager] No previous objects at k8s apiserver cache for namespace
2026-05-23T08:59:31.025719Z	debug	translator	traffic group for namespace "client-c0" not found. applying defaults	ns=client-c0 id=82c65310
2026-05-23T08:59:31.025721Z	debug	resource-cache	[cert-manager] ===END: Apply request for 0 objects in 0.000007 s
2026-05-23T08:59:31.025727Z	debug	resource-cache	[local-path-storage] ===BEGIN: Apply request for 0 objects
2026-05-23T08:59:31.025733Z	debug	resource-cache	Delete all objects from the namespace local-path-storage
2026-05-23T08:59:31.025735Z	debug	resource-cache	[local-path-storage] objects previously in k8s api server cache: 0
2026-05-23T08:59:31.025736Z	debug	resource-cache	[local-path-storage] No previous objects at k8s apiserver cache for namespace
2026-05-23T08:59:31.025737Z	debug	resource-cache	[local-path-storage] ===END: Apply request for 0 objects in 0.000010 s
2026-05-23T08:59:31.025711Z	debug	resource-cache	Delete all objects from the namespace kube-node-lease
2026-05-23T08:59:31.025752Z	debug	resource-cache	[kube-node-lease] objects previously in k8s api server cache: 0
2026-05-23T08:59:31.025754Z	debug	resource-cache	[kube-node-lease] No previous objects at k8s apiserver cache for namespace
2026-05-23T08:59:31.025755Z	debug	resource-cache	[kube-node-lease] ===END: Apply request for 0 objects in 0.000046 s
2026-05-23T08:59:31.025697Z	debug	resource-cache	Delete all objects from the namespace metallb-system
2026-05-23T08:59:31.025760Z	debug	resource-cache	[metallb-system] objects previously in k8s api server cache: 0
2026-05-23T08:59:31.025761Z	debug	resource-cache	[metallb-system] No previous objects at k8s apiserver cache for namespace
2026-05-23T08:59:31.025762Z	debug	resource-cache	[metallb-system] ===END: Apply request for 0 objects in 0.000066 s
2026-05-23T08:59:31.025693Z	debug	translator	workspace for namespace "echo" not found	ns=echo id=7242c53e
2026-05-23T08:59:31.025766Z	debug	translator	[ambient] buildEastWestGatewayConfigs: entry point called	ns=echo id=7242c53e
2026-05-23T08:59:31.025768Z	debug	translator	[ambient] doBuildEastWestGatewayConfigsforAllWorkspaces: processing 1 workspaces	ns=echo id=7242c53e
2026-05-23T08:59:31.025770Z	debug	translator	[ambient] processing workspace 0: xc-ws	ns=echo id=7242c53e
2026-05-23T08:59:31.025778Z	debug	translator	[ambient] workspace xc-ws generated 0 regular east-west configs	ns=echo id=7242c53e
2026-05-23T08:59:31.025780Z	debug	translator	[ambient] EnableAmbient=false, skipping ambient hybrid configs for workspace xc-ws	ns=echo id=7242c53e
2026-05-23T08:59:31.025782Z	debug	translator	[ambient] doBuildEastWestGatewayConfigsforAllWorkspaces: total generated 0 configs	ns=echo id=7242c53e
2026-05-23T08:59:31.025787Z	debug	translator	error while looking up workspace for namespace "echo": the namespace "echo" is not mapped to any workspace	ns=echo id=7242c53e
2026-05-23T08:59:31.025799Z	debug	translator	error while looking up workspace for namespace "echo": the namespace "echo" is not mapped to any workspace	ns=echo id=7242c53e
2026-05-23T08:59:31.025801Z	debug	translator	generated configurations: 0 traffic, 0 security, 0 gateway, 0 istio internal	ns=echo id=7242c53e
2026-05-23T08:59:31.025802Z	debug	translator	ew-gen: generating east-west workload entry configs for local services that are exposed for east-west routing	ns=echo id=7242c53e
2026-05-23T08:59:31.025807Z	debug	resource-cache	Batch-based resource tracking disabled, falling back to namespace-based
2026-05-23T08:59:31.025809Z	debug	resource-cache	[echo] ===BEGIN: Apply request for 0 objects
2026-05-23T08:59:31.025810Z	debug	resource-cache	Delete all objects from the namespace echo
2026-05-23T08:59:31.025811Z	debug	resource-cache	[echo] objects previously in k8s api server cache: 0
2026-05-23T08:59:31.025813Z	debug	resource-cache	[echo] No previous objects at k8s apiserver cache for namespace
2026-05-23T08:59:31.025814Z	debug	resource-cache	[echo] ===END: Apply request for 0 objects in 0.000006 s
2026-05-23T08:59:31.025821Z	debug	resource-cache	[echo] ===BEGIN: Apply request for 0 objects
2026-05-23T08:59:31.025827Z	debug	resource-cache	Delete all objects from the namespace echo
2026-05-23T08:59:31.025828Z	debug	resource-cache	[echo] objects previously in k8s api server cache: 0
2026-05-23T08:59:31.025829Z	debug	resource-cache	[echo] No previous objects at k8s apiserver cache for namespace
2026-05-23T08:59:31.025831Z	debug	resource-cache	[echo] ===END: Apply request for 0 objects in 0.000009 s
2026-05-23T08:59:31.025686Z	debug	translator	[ambient] doBuildEastWestGatewayConfigsforAllWorkspaces: processing 1 workspaces	ns=backend-c1 id=9d4d73f2
2026-05-23T08:59:31.025835Z	debug	translator	[ambient] processing workspace 0: xc-ws	ns=backend-c1 id=9d4d73f2
2026-05-23T08:59:31.025840Z	error	translator	gateway service not found with workload selector labels map[app:ew-gateway] in namespace "backend-c1"	ns=backend-c1 id=9d4d73f2
2026-05-23T08:59:31.025841Z	debug	translator	[ambient] workspace xc-ws generated 0 regular east-west configs	ns=backend-c1 id=9d4d73f2
2026-05-23T08:59:31.025842Z	debug	translator	[ambient] EnableAmbient=false, skipping ambient hybrid configs for workspace xc-ws	ns=backend-c1 id=9d4d73f2
2026-05-23T08:59:31.025844Z	debug	translator	[ambient] doBuildEastWestGatewayConfigsforAllWorkspaces: total generated 0 configs	ns=backend-c1 id=9d4d73f2
2026-05-23T08:59:31.025847Z	debug	translator	error while looking up workspace for namespace "backend-c1": the namespace "backend-c1" is not mapped to any workspace	ns=backend-c1 id=9d4d73f2
2026-05-23T08:59:31.025850Z	debug	translator	error while looking up workspace for namespace "backend-c1": the namespace "backend-c1" is not mapped to any workspace	ns=backend-c1 id=9d4d73f2
2026-05-23T08:59:31.025852Z	debug	translator	generated configurations: 0 traffic, 0 security, 0 gateway, 0 istio internal	ns=backend-c1 id=9d4d73f2
2026-05-23T08:59:31.025853Z	debug	translator	ew-gen: generating east-west workload entry configs for local services that are exposed for east-west routing	ns=backend-c1 id=9d4d73f2
2026-05-23T08:59:31.025856Z	debug	resource-cache	Batch-based resource tracking disabled, falling back to namespace-based
2026-05-23T08:59:31.025857Z	debug	resource-cache	[backend-c1] ===BEGIN: Apply request for 0 objects
2026-05-23T08:59:31.025859Z	debug	resource-cache	Delete all objects from the namespace backend-c1
2026-05-23T08:59:31.025860Z	debug	resource-cache	[backend-c1] objects previously in k8s api server cache: 0
2026-05-23T08:59:31.025862Z	debug	resource-cache	[backend-c1] No previous objects at k8s apiserver cache for namespace
2026-05-23T08:59:31.025863Z	debug	resource-cache	[backend-c1] ===END: Apply request for 0 objects in 0.000006 s
2026-05-23T08:59:31.025869Z	debug	resource-cache	[backend-c1] ===BEGIN: Apply request for 0 objects
2026-05-23T08:59:31.025875Z	debug	resource-cache	Delete all objects from the namespace backend-c1
2026-05-23T08:59:31.025877Z	debug	resource-cache	[backend-c1] objects previously in k8s api server cache: 0
2026-05-23T08:59:31.025878Z	debug	resource-cache	[backend-c1] No previous objects at k8s apiserver cache for namespace
2026-05-23T08:59:31.025879Z	debug	resource-cache	[backend-c1] ===END: Apply request for 0 objects in 0.000010 s
2026-05-23T08:59:31.025727Z	debug	resource-cache	[cert-manager] ===BEGIN: Apply request for 0 objects
2026-05-23T08:59:31.025883Z	debug	resource-cache	Delete all objects from the namespace cert-manager
2026-05-23T08:59:31.025884Z	debug	resource-cache	[cert-manager] objects previously in k8s api server cache: 0
2026-05-23T08:59:31.025885Z	debug	resource-cache	[cert-manager] No previous objects at k8s apiserver cache for namespace
2026-05-23T08:59:31.025887Z	debug	resource-cache	[cert-manager] ===END: Apply request for 0 objects in 0.000159 s
2026-05-23T08:59:31.025700Z	debug	resource-cache	[default] No previous objects at k8s apiserver cache for namespace
2026-05-23T08:59:31.025891Z	debug	resource-cache	[default] ===END: Apply request for 0 objects in 0.000196 s
2026-05-23T08:59:31.025897Z	debug	resource-cache	[default] ===BEGIN: Apply request for 0 objects
2026-05-23T08:59:31.025903Z	debug	resource-cache	Delete all objects from the namespace default
2026-05-23T08:59:31.025905Z	debug	resource-cache	[default] objects previously in k8s api server cache: 0
2026-05-23T08:59:31.025906Z	debug	resource-cache	[default] No previous objects at k8s apiserver cache for namespace
2026-05-23T08:59:31.025908Z	debug	resource-cache	[default] ===END: Apply request for 0 objects in 0.000011 s
2026-05-23T08:59:31.025657Z	debug	resource-cache	[kube-public] ===BEGIN: Apply request for 0 objects
2026-05-23T08:59:31.025911Z	debug	resource-cache	Delete all objects from the namespace kube-public
2026-05-23T08:59:31.025912Z	debug	resource-cache	[kube-public] objects previously in k8s api server cache: 0
2026-05-23T08:59:31.025913Z	debug	resource-cache	[kube-public] No previous objects at k8s apiserver cache for namespace
2026-05-23T08:59:31.025915Z	debug	resource-cache	[kube-public] ===END: Apply request for 0 objects in 0.000258 s
2026-05-23T08:59:31.025920Z	debug	resource-cache	[kube-public] ===BEGIN: Apply request for 0 objects
2026-05-23T08:59:31.025921Z	debug	resource-cache	Delete all objects from the namespace kube-public
2026-05-23T08:59:31.025922Z	debug	resource-cache	[kube-public] objects previously in k8s api server cache: 0
2026-05-23T08:59:31.025924Z	debug	resource-cache	[kube-public] No previous objects at k8s apiserver cache for namespace
2026-05-23T08:59:31.025925Z	debug	resource-cache	[kube-public] ===END: Apply request for 0 objects in 0.000005 s
2026-05-23T08:59:31.025728Z	debug	translator	traffic group for namespace "client-c0" not found	ns=client-c0 id=82c65310
2026-05-23T08:59:31.025954Z	debug	translator	upstream traffic setting for namespace "client-c0" not found, default settings will be created	ns=client-c0 id=82c65310
2026-05-23T08:59:31.026431Z	warn	translator	failed to lookup security group for "client-c0": security group not found for namespace client-c0 in workspace xc-ws	ns=client-c0 id=82c65310
2026-05-23T08:59:31.026439Z	debug	translator	security group for namespace "client-c0" not found. applying defaults	ns=client-c0 id=82c65310
2026-05-23T08:59:31.026455Z	debug	translator	defaultEastWestAuthzRequired: cannot get gateway group object: gateway group not found for namespace client-c0 in workspace xc-ws	ns=client-c0 id=82c65310
2026-05-23T08:59:31.026464Z	debug	translator	gateway group for namespace "client-c0" not found	ns=client-c0 id=82c65310
2026-05-23T08:59:31.026469Z	debug	translator	[ambient] buildEastWestGatewayConfigs: entry point called	ns=client-c0 id=82c65310
2026-05-23T08:59:31.026471Z	debug	translator	[ambient] doBuildEastWestGatewayConfigsforAllWorkspaces: processing 1 workspaces	ns=client-c0 id=82c65310
2026-05-23T08:59:31.026473Z	debug	translator	[ambient] processing workspace 0: xc-ws	ns=client-c0 id=82c65310
2026-05-23T08:59:31.026475Z	debug	translator	[ambient] workspace xc-ws generated 0 regular east-west configs	ns=client-c0 id=82c65310
2026-05-23T08:59:31.026476Z	debug	translator	[ambient] EnableAmbient=false, skipping ambient hybrid configs for workspace xc-ws	ns=client-c0 id=82c65310
2026-05-23T08:59:31.026477Z	debug	translator	[ambient] doBuildEastWestGatewayConfigsforAllWorkspaces: total generated 0 configs	ns=client-c0 id=82c65310
2026-05-23T08:59:31.026480Z	debug	translator	error while looking up istio internal group for namespace "client-c0": istio internal group not found for namespace client-c0 in workspace xc-ws	ns=client-c0 id=82c65310
2026-05-23T08:59:31.026501Z	debug	translator	generated configurations: 2 traffic, 0 security, 0 gateway, 0 istio internal	ns=client-c0 id=82c65310
2026-05-23T08:59:31.026503Z	debug	translator	ew-gen: generating east-west workload entry configs for local services that are exposed for east-west routing	ns=client-c0 id=82c65310
2026-05-23T08:59:31.027001Z	debug	configapply	Applying 2 istio objects in namespace client-c0
2026-05-23T08:59:31.027013Z	debug	configapply	   networking.istio.io/v1/Sidecar [client-c0/default]
2026-05-23T08:59:31.027014Z	debug	configapply	   networking.istio.io/v1alpha3/EnvoyFilter [client-c0/default-upstream-traffic-setting]
2026-05-23T08:59:31.027016Z	debug	resource-cache	[client-c0] ===BEGIN: Apply request for 2 objects
2026-05-23T08:59:31.027143Z	debug	resource-cache	[client-c0] Create for {"type":{"group":"networking.istio.io","version":"v1alpha3","kind":"EnvoyFilter"},"name":"default-upstream-traffic-setting","namespace":"client-c0","labels":{"istio.io/rev":"global"},"annotations":{"kubectl.kubernetes.io/last-applied-configuration":"{\"apiVersion\":\"xcp.tetrate.io/v2\",\"kind\":\"Workspace\",\"metadata\":{\"annotations\":{},\"name\":\"xc-ws\",\"namespace\":\"xcp-system\"},\"spec\":{\"namespaceSelector\":{\"names\":[\"cluster-0/client-c0\",\"cluster-1/backend-c1\"]}}}\n","xcp.tetrate.io/contentHash":"32b68c018c13a57f045d6319290a4b2b"},"creationTimestamp":"0001-01-01T00:00:00Z","Spec":{"configPatches":[{"applyTo":"CLUSTER","match":{"context":"SIDECAR_OUTBOUND","proxy":{"proxyVersion":"^1\\.(22|24|28)(\\.\\d+)?(-.*)?$"}},"patch":{"operation":"MERGE","value":{"@type":"type.googleapis.com/envoy.config.cluster.v3.Cluster","common_lb_config":{"healthy_panic_threshold":{}},"outlier_detection":{"consecutive_gateway_failure":10,"enforcing_consecutive_5xx":0,"enforcing_consecutive_gateway_failure":100,"max_ejection_percent":100}}}},{"applyTo":"HTTP_ROUTE","match":{"context":"SIDECAR_OUTBOUND","proxy":{"proxyVersion":"^1\\.(22|24|28)(\\.\\d+)?(-.*)?$"},"routeConfiguration":{"vhost":{"route":{"action":"ROUTE"}}}},"patch":{"operation":"MERGE","value":{"@type":"type.googleapis.com/envoy.config.route.v3.Route","route":{"retry_policy":{"host_selection_retry_max_attempts":"5","num_retries":2,"retriable_status_codes":[503],"retry_host_predicate":[{"name":"envoy.retry_host_predicates.previous_hosts","typed_config":{"@type":"type.googleapis.com/envoy.extensions.retry.host.previous_hosts.v3.PreviousHostsPredicate"}}],"retry_on":"reset,connect-failure,refused-stream,unavailable,cancelled,retriable-status-codes"}}}}}],"priority":100},"Status":null,"Extra":null}
2026-05-23T08:59:31.027226Z	debug	configapply	computed hash for EnvoyFilter:client-c0/default-upstream-traffic-setting - 14645e3efdd68386f959e9db371e7301
2026-05-23T08:59:31.027232Z	debug	discovery-server	same hash so neither creating nor updating
2026-05-23T08:59:31.025631Z	debug	translator	skipping translation for namespace "xcp-system"	ns=xcp-system id=cf14bdd7
2026-05-23T08:59:31.027235Z	debug	resource-cache	Batch-based resource tracking disabled, falling back to namespace-based
2026-05-23T08:59:31.027236Z	debug	resource-cache	[xcp-system] ===BEGIN: Apply request for 0 objects
2026-05-23T08:59:31.027237Z	debug	resource-cache	Delete all objects from the namespace xcp-system
2026-05-23T08:59:31.027239Z	debug	resource-cache	[xcp-system] objects previously in k8s api server cache: 0
2026-05-23T08:59:31.027240Z	debug	resource-cache	[xcp-system] No previous objects at k8s apiserver cache for namespace
2026-05-23T08:59:31.027241Z	debug	resource-cache	[xcp-system] ===END: Apply request for 0 objects in 0.000004 s
2026-05-23T08:59:31.027247Z	debug	resource-cache	[xcp-system] ===BEGIN: Apply request for 0 objects
2026-05-23T08:59:31.027248Z	debug	resource-cache	Delete all objects from the namespace xcp-system
2026-05-23T08:59:31.027249Z	debug	resource-cache	[xcp-system] objects previously in k8s api server cache: 0
2026-05-23T08:59:31.027250Z	debug	resource-cache	[xcp-system] No previous objects at k8s apiserver cache for namespace
2026-05-23T08:59:31.027251Z	debug	resource-cache	[xcp-system] ===END: Apply request for 0 objects in 0.000004 s
2026-05-23T08:59:31.027259Z	debug	resource-cache	[client-c0] objects previously in k8s api server cache: 2
2026-05-23T08:59:31.027274Z	debug	resource-cache	[client-c0] stale resources to be deleted []
2026-05-23T08:59:31.027294Z	debug	resource-cache	[client-c0] Create for {"type":{"group":"networking.istio.io","version":"v1","kind":"Sidecar"},"name":"default","namespace":"client-c0","labels":{"istio.io/rev":"global"},"annotations":{"kubectl.kubernetes.io/last-applied-configuration":"{\"apiVersion\":\"xcp.tetrate.io/v2\",\"kind\":\"Workspace\",\"metadata\":{\"annotations\":{},\"name\":\"xc-ws\",\"namespace\":\"xcp-system\"},\"spec\":{\"namespaceSelector\":{\"names\":[\"cluster-0/client-c0\",\"cluster-1/backend-c1\"]}}}\n","xcp.tetrate.io/contentHash":"32b68c018c13a57f045d6319290a4b2b"},"creationTimestamp":"0001-01-01T00:00:00Z","Spec":{"egress":[{"hosts":["*/*"]}]},"Status":null,"Extra":null}
2026-05-23T08:59:31.027313Z	debug	configapply	computed hash for Sidecar:client-c0/default - 70cf1206d3284c26c17024a87c57be8e
2026-05-23T08:59:31.027315Z	debug	discovery-server	same hash so neither creating nor updating
2026-05-23T08:59:31.027319Z	debug	resource-cache	[client-c0] ResourceCache length 13
2026-05-23T08:59:31.027320Z	debug	resource-cache	[client-c0] ===END: Apply request for 2 objects in 0.000304 s
2026-05-23T08:59:31.027325Z	debug	cluster-state	Triggering cluster state change event due to config, at 2026-05-23 08:59:31.024700501 +0000 UTC m=+97167.831849035 (force regenerate config = map[]). Resources: []
2026-05-23T08:59:33.028712Z	debug	debounce	notify cbk invoked	id=919326fd
2026-05-23T08:59:33.028743Z	debug	debounce	notify cbk invoked	id=a09a36e7
2026-05-23T08:59:33.028754Z	debug	debounce	notify cbk returned	id=919326fd
2026-05-23T08:59:33.028759Z	debug	debounce	Applying exponential step-up. maxSilentCurrent updated to: 4s	id=919326fd
2026-05-23T08:59:33.028777Z	info	cluster-state	processClusterStateChangeEvents: cluster-eventid: 2026-05-23 08:59:31.024700501 +0000 UTC m=+97167.831849035 and 0 more, queue length: 0, reasons: config,, forceConfigRegenReasons: map[], resources: []
2026-05-23T08:59:33.028780Z	debug	cluster-state	handleClusterStateChangedEvent: Trigger reasons: config,, Forced translation: map[], Resources: []
2026-05-23T08:59:33.028789Z	debug	config-status	Explanation of the decision flow for the Config Status of "networking.istio.io/EnvoyFilter" "global-forward-xfcc-15443" version ""
Q: Is the config type "networking.istio.io/v1alpha3/EnvoyFilter" supported by XCP?
A: Yes
Q: Is it an internal config of XCP?
A: Yes
Verdict: Config Status is NOT reported since it's an internal config of XCP
Config Status:
```yaml
---
null
```

2026-05-23T08:59:33.028797Z	debug	config-status	Explanation of the decision flow for the Config Status of "networking.istio.io/EnvoyFilter" "global-gw-best-practice" version ""
Q: Is the config type "networking.istio.io/v1alpha3/EnvoyFilter" supported by XCP?
A: Yes
Q: Is it an internal config of XCP?
A: Yes
Verdict: Config Status is NOT reported since it's an internal config of XCP
Config Status:
```yaml
---
null
```

2026-05-23T08:59:33.028799Z	debug	cluster-gen	istioServices: 13
2026-05-23T08:59:33.028801Z	debug	config-status	Explanation of the decision flow for the Config Status of "networking.istio.io/EnvoyFilter" "global-mx-downstream-egress-gateway-filter" version ""
Q: Is the config type "networking.istio.io/v1alpha3/EnvoyFilter" supported by XCP?
A: Yes
Q: Is it an internal config of XCP?
A: Yes
Verdict: Config Status is NOT reported since it's an internal config of XCP
Config Status:
```yaml
---
null
```

2026-05-23T08:59:33.028804Z	debug	config-status	Explanation of the decision flow for the Config Status of "networking.istio.io/EnvoyFilter" "global-mx-downstream-gateway-filter" version ""
Q: Is the config type "networking.istio.io/v1alpha3/EnvoyFilter" supported by XCP?
A: Yes
Q: Is it an internal config of XCP?
A: Yes
Verdict: Config Status is NOT reported since it's an internal config of XCP
Config Status:
```yaml
---
null
```

2026-05-23T08:59:33.028813Z	debug	config-status	Explanation of the decision flow for the Config Status of "networking.istio.io/EnvoyFilter" "global-periodical-access-log" version ""
Q: Is the config type "networking.istio.io/v1alpha3/EnvoyFilter" supported by XCP?
A: Yes
Q: Is it an internal config of XCP?
A: Yes
Verdict: Config Status is NOT reported since it's an internal config of XCP
Config Status:
```yaml
---
null
```

2026-05-23T08:59:33.028816Z	debug	config-status	Explanation of the decision flow for the Config Status of "networking.istio.io/EnvoyFilter" "global-request-id-propagation" version ""
Q: Is the config type "networking.istio.io/v1alpha3/EnvoyFilter" supported by XCP?
A: Yes
Q: Is it an internal config of XCP?
A: Yes
Verdict: Config Status is NOT reported since it's an internal config of XCP
Config Status:
```yaml
---
null
```

2026-05-23T08:59:33.028822Z	debug	config-status	Explanation of the decision flow for the Config Status of "networking.istio.io/EnvoyFilter" "global-tcp-keepalive-envoy-filter" version ""
Q: Is the config type "networking.istio.io/v1alpha3/EnvoyFilter" supported by XCP?
A: Yes
Q: Is it an internal config of XCP?
A: Yes
Verdict: Config Status is NOT reported since it's an internal config of XCP
Config Status:
```yaml
---
null
```

2026-05-23T08:59:33.028826Z	debug	config-status	Explanation of the decision flow for the Config Status of "networking.istio.io/EnvoyFilter" "global-xfcc-extractor-sidecar" version ""
Q: Is the config type "networking.istio.io/v1alpha3/EnvoyFilter" supported by XCP?
A: Yes
Q: Is it an internal config of XCP?
A: Yes
Verdict: Config Status is NOT reported since it's an internal config of XCP
Config Status:
```yaml
---
null
```

2026-05-23T08:59:33.028829Z	debug	config-status	Explanation of the decision flow for the Config Status of "networking.istio.io/EnvoyFilter" "global-xfcc-guard-15443" version ""
Q: Is the config type "networking.istio.io/v1alpha3/EnvoyFilter" supported by XCP?
A: Yes
Q: Is it an internal config of XCP?
A: Yes
Verdict: Config Status is NOT reported since it's an internal config of XCP
Config Status:
```yaml
---
null
```

2026-05-23T08:59:33.028861Z	info	no portname specified for service metallb-webhook-service.metallb-system.svc.cluster.local port 443. no endpoints will be detected
2026-05-23T08:59:33.028869Z	info	no portname specified for service metallb-webhook-service.metallb-system.svc.cluster.local port 443. no endpoints will be detected
2026-05-23T08:59:33.028868Z	debug	cluster-gen	Ignoring service kube-system/metrics-server
2026-05-23T08:59:33.028913Z	debug	cluster-gen	Ignoring service kube-system/kube-dns
2026-05-23T08:59:33.028930Z	debug	config-status	Explanation of the decision flow for the Config Status of "xcp.tetrate.io/Cluster" "cluster-0" version ""
Q: Is the config type "xcp.tetrate.io/v2/Cluster" supported by XCP?
A: Yes
Q: Is it an internal config of XCP?
A: No
Q: Is this config object managed by XCP?
A: Yes
Q: Did the Push Context report an ERROR for this config?
A: No
Q: Did the Push Context IGNORE this config?
A: No
Verdict: Config Status is UNKNOWN since status for that config type has NOT been implemented yet
Config Status:
```yaml
---
configId:
  group: xcp.tetrate.io
  kind: Cluster
  name: cluster-0
  namespace: istio-system
  version: v2
details: Config Status for that config type has NOT been implemented yet
metadata:
  annotations:
    kubectl.kubernetes.io/last-applied-configuration: |
      {"apiVersion":"xcp.tetrate.io/v2","kind":"Cluster","metadata":{"annotations":{},"name":"cluster-0","namespace":"xcp-system"},"spec":{"istioTrustDomain":"cluster.local"}}
```

2026-05-23T08:59:33.028956Z	debug	discovery-cache	added istio service instances in namespace: default objects 0, changed false
2026-05-23T08:59:33.028960Z	debug	discovery-cache	added istio service instances in namespace: istio-system objects 0, changed false
2026-05-23T08:59:33.028961Z	debug	discovery-cache	added istio service instances in namespace: metallb-system objects 0, changed false
2026-05-23T08:59:33.028961Z	debug	discovery-cache	added istio service instances in namespace: xcp-system objects 0, changed false
2026-05-23T08:59:33.028962Z	debug	discovery-cache	added istio service instances in namespace: cert-manager objects 0, changed false
2026-05-23T08:59:33.028969Z	debug	cluster-state	triggerConfigTranslation false ,triggerConfigTranslationReason false 
2026-05-23T08:59:33.028980Z	debug	cluster-state	All gateway hostname mappings are same.
2026-05-23T08:59:33.028981Z	debug	cluster-state	All gatewayHost bounded k8s svcs have same addresses.
2026-05-23T08:59:33.028982Z	debug	cluster-state	No significant changes detected; skipping report to other clusters.
2026-05-23T08:59:33.028983Z	debug	cluster-state	No significant changes detected for east-west services; skipping report to other clusters.
2026-05-23T08:59:33.028985Z	debug	cluster-state	All gateway hostname mappings are same.
2026-05-23T08:59:33.028989Z	debug	cluster-state	handleClusterStateChangedEvent, actions: map[sendHeaderToCentral:{}]
2026-05-23T08:59:33.029021Z	debug	discovery-server	wrote channel for sending header only
2026-05-23T08:59:33.029025Z	debug	cluster-state	Sent header to central
2026-05-23T08:59:33.029027Z	debug	discovery-server	Sending cluster-state update to central xcp
2026-05-23T08:59:33.029041Z	debug	discovery-server	Done sending cluster-state to central xcp
2026-05-23T08:59:33.028970Z	debug	config-status	Explanation of the decision flow for the Config Status of "xcp.tetrate.io/Cluster" "cluster-1" version ""
Q: Is the config type "xcp.tetrate.io/v2/Cluster" supported by XCP?
A: Yes
Q: Is it an internal config of XCP?
A: No
Q: Is this config object managed by XCP?
A: Yes
Q: Did the Push Context report an ERROR for this config?
A: No
Q: Did the Push Context IGNORE this config?
A: No
Verdict: Config Status is UNKNOWN since status for that config type has NOT been implemented yet
Config Status:
```yaml
---
configId:
  group: xcp.tetrate.io
  kind: Cluster
  name: cluster-1
  namespace: istio-system
  version: v2
details: Config Status for that config type has NOT been implemented yet
metadata: {}
```

2026-05-23T08:59:33.029084Z	debug	config-status	Explanation of the decision flow for the Config Status of "xcp.tetrate.io/GlobalSetting" "global" version ""
Q: Is the config type "xcp.tetrate.io/v2/GlobalSetting" supported by XCP?
A: Yes
Q: Is it an internal config of XCP?
A: No
Q: Is this config object managed by XCP?
A: Yes
Q: Did the Push Context report an ERROR for this config?
A: No
Q: Did the Push Context IGNORE this config?
A: No
Q: Does the namespace selector resolve into at least ONE namespace in this cluster?
A: Yes
I: Checking the config status in each of the 10 target namespace(s): [backend-c1 cert-manager client-c0 default echo kube-node-lease kube-public local-path-storage metallb-system xcp-system]
I: [1/10] verdict in "backend-c1" namespace: Config Status is UNKNOWN since there were NO translation errors but the config was NOT mapped onto any output config(s)
I: [2/10] verdict in "cert-manager" namespace: Config Status is UNKNOWN since translation is SKIPPED on that namespace
I: [3/10] verdict in "client-c0" namespace: Config Status is UNKNOWN since there were NO translation errors but the config was NOT mapped onto any output config(s)
I: [4/10] verdict in "default" namespace: Config Status is UNKNOWN since translation is SKIPPED on that namespace
I: [5/10] verdict in "echo" namespace: Config Status is UNKNOWN since there were NO translation errors but the config was NOT mapped onto any output config(s)
I: [6/10] verdict in "kube-node-lease" namespace: Config Status is UNKNOWN since translation is SKIPPED on that namespace
I: [7/10] verdict in "kube-public" namespace: Config Status is UNKNOWN since translation is SKIPPED on that namespace
I: [8/10] verdict in "local-path-storage" namespace: Config Status is UNKNOWN since translation is SKIPPED on that namespace
I: [9/10] verdict in "metallb-system" namespace: Config Status is UNKNOWN since translation is SKIPPED on that namespace
I: [10/10] verdict in "xcp-system" namespace: Config Status is UNKNOWN since translation is SKIPPED on that namespace
I: Status summary across 10 target namespace(s): TRANSLATION SKIPPED in 7 namespace(s), TRANSLATED BUT NOT MAPPED in 3 namespace(s)
I: Using "lenient" strategy to decide on the aggregated status across 10 target namespace(s)
Q: Have there been any errors while translating this config in ANY of the 10 target namespaces?
A: No
Q: Has the config been APPLIED in at least ONE of the target namespaces?
A: No
Verdict: Config Status is NOT reported since the config has NOT yet been APPLIED in ANY of 10 target namespace(s)
Config Status:
```yaml
---
null
```

2026-05-23T08:59:33.029150Z	debug	config-status	Explanation of the decision flow for the Config Status of "xcp.tetrate.io/Workspace" "xc-ws" version ""
Q: Is the config type "xcp.tetrate.io/v2/Workspace" supported by XCP?
A: Yes
Q: Is it an internal config of XCP?
A: No
Q: Is this config object managed by XCP?
A: Yes
Q: Did the Push Context report an ERROR for this config?
A: No
Q: Did the Push Context IGNORE this config?
A: No
Q: Does the namespace selector resolve into at least ONE namespace in this cluster?
A: Yes
I: Checking the config status in each of the 1 target namespace(s): [client-c0]
I: [1/1] verdict in "client-c0" namespace: Config Status is APPLIED since there were NO translation errors and the config IS mapped onto output config(s)
I: Status summary across 1 target namespace(s): APPLIED in 1 namespace(s)
I: Using "lenient" strategy to decide on the aggregated status across 1 target namespace(s)
Q: Have there been any errors while translating this config in ANY of the 1 target namespaces?
A: No
Q: Has the config been APPLIED in at least ONE of the target namespaces?
A: Yes
Verdict: Config Status is "lenient" APPLIED since the config has been APPLIED in at least ONE of the target namespaces
Config Status:
```yaml
---
configId:
  group: xcp.tetrate.io
  kind: Workspace
  name: xc-ws
  namespace: istio-system
  version: v2
details: 'Status summary across 1 target namespace(s): APPLIED in 1 namespace(s)'
metadata:
  annotations:
    kubectl.kubernetes.io/last-applied-configuration: |
      {"apiVersion":"xcp.tetrate.io/v2","kind":"Workspace","metadata":{"annotations":{},"name":"xc-ws","namespace":"xcp-system"},"spec":{"namespaceSelector":{"names":["cluster-0/client-c0","cluster-1/backend-c1"]}}}
result: APPLIED
```

2026-05-23T08:59:33.029209Z	debug	config-status	Explanation of the decision flow for the Config Status of "xcp.tetrate.io/WorkspaceSetting" "xc-ws-settings" version ""
Q: Is the config type "xcp.tetrate.io/v2/WorkspaceSetting" supported by XCP?
A: Yes
Q: Is it an internal config of XCP?
A: No
Q: Is this config object managed by XCP?
A: Yes
Q: Did the Push Context report an ERROR for this config?
A: No
Q: Did the Push Context IGNORE this config?
A: No
Q: Does the namespace selector resolve into at least ONE namespace in this cluster?
A: Yes
I: Checking the config status in each of the 1 target namespace(s): [client-c0]
I: [1/1] verdict in "client-c0" namespace: Config Status is APPLIED since there were NO translation errors and the config IS mapped onto output config(s)
I: Status summary across 1 target namespace(s): APPLIED in 1 namespace(s)
I: Using "lenient" strategy to decide on the aggregated status across 1 target namespace(s)
Q: Have there been any errors while translating this config in ANY of the 1 target namespaces?
A: No
Q: Has the config been APPLIED in at least ONE of the target namespaces?
A: Yes
Verdict: Config Status is "lenient" APPLIED since the config has been APPLIED in at least ONE of the target namespaces
Config Status:
```yaml
---
configId:
  group: xcp.tetrate.io
  kind: WorkspaceSetting
  name: xc-ws-settings
  namespace: istio-system
  version: v2
details: 'Status summary across 1 target namespace(s): APPLIED in 1 namespace(s)'
metadata:
  annotations:
    kubectl.kubernetes.io/last-applied-configuration: |
      {"apiVersion":"xcp.tetrate.io/v2","kind":"WorkspaceSetting","metadata":{"annotations":{},"labels":{"xcp.tetrate.io/workspace":"xc-ws"},"name":"xc-ws-settings","namespace":"xcp-system"},"spec":{"defaultEastWestGatewaySettings":[{"exposedServices":[{"serviceLabels":{"app":"backend"}}],"workloadSelector":{"labels":{"app":"ew-gateway"},"namespace":"backend-c1"}}]}}
  labels:
    xcp.tetrate.io/workspace: xc-ws
result: APPLIED
```

2026-05-23T08:59:33.029348Z	debug	status	generated status report in 591.917µs
2026-05-23T08:59:33.029354Z	debug	debounce	notify cbk returned	id=a09a36e7
2026-05-23T08:59:33.029355Z	debug	debounce	Applying exponential step-up. maxSilentCurrent updated to: 4s	id=a09a36e7
2026-05-23T08:59:33.029357Z	debug	status	triggering status report sender with 4 messages
2026-05-23T08:59:33.029396Z	debug	status	successfully sent config-status report(epoch:52, messages:4) in 33.209µs
2026-05-23T08:59:35.114475Z	debug	configapply	translator regenerate event received for namespace backend-c1 delete
2026-05-23T08:59:35.114513Z	debug	cluster-state	Triggering cluster state change event due to namespace_update, at 2026-05-23 08:59:35.114499461 +0000 UTC m=+97171.921647995 (force regenerate config = map[]). Resources: []
2026-05-23T08:59:35.114527Z	debug	configapply	deleted namespace: backend-c1
2026-05-23T08:59:37.029528Z	debug	debounce	resetting maxSilentCurrent. updated: 1s	id=a09a36e7
2026-05-23T08:59:39.116588Z	debug	debounce	notify cbk invoked	id=919326fd
2026-05-23T08:59:39.116638Z	debug	debounce	notify cbk returned	id=919326fd
2026-05-23T08:59:39.116646Z	debug	debounce	Applying exponential step-up. maxSilentCurrent updated to: 8s	id=919326fd
2026-05-23T08:59:39.116665Z	info	cluster-state	processClusterStateChangeEvents: cluster-eventid: 2026-05-23 08:59:35.114499461 +0000 UTC m=+97171.921647995 and 0 more, queue length: 0, reasons: namespace_update,, forceConfigRegenReasons: map[], resources: []
2026-05-23T08:59:39.116669Z	debug	cluster-state	handleClusterStateChangedEvent: Trigger reasons: namespace_update,, Forced translation: map[], Resources: []
2026-05-23T08:59:39.116691Z	debug	cluster-gen	istioServices: 13
2026-05-23T08:59:39.116813Z	debug	cluster-gen	Ignoring service kube-system/kube-dns
2026-05-23T08:59:39.116849Z	info	no portname specified for service metallb-webhook-service.metallb-system.svc.cluster.local port 443. no endpoints will be detected
2026-05-23T08:59:39.116852Z	info	no portname specified for service metallb-webhook-service.metallb-system.svc.cluster.local port 443. no endpoints will be detected
2026-05-23T08:59:39.116856Z	debug	cluster-gen	Ignoring service kube-system/metrics-server
2026-05-23T08:59:39.116933Z	debug	discovery-cache	added istio service instances in namespace: istio-system objects 0, changed false
2026-05-23T08:59:39.116939Z	debug	discovery-cache	added istio service instances in namespace: cert-manager objects 0, changed false
2026-05-23T08:59:39.116940Z	debug	discovery-cache	added istio service instances in namespace: default objects 0, changed false
2026-05-23T08:59:39.116942Z	debug	discovery-cache	added istio service instances in namespace: metallb-system objects 0, changed false
2026-05-23T08:59:39.116943Z	debug	discovery-cache	added istio service instances in namespace: xcp-system objects 0, changed false
2026-05-23T08:59:39.116950Z	debug	cluster-state	triggerConfigTranslation false ,triggerConfigTranslationReason false 
2026-05-23T08:59:39.116952Z	debug	cluster-state	All gateway hostname mappings are same.
2026-05-23T08:59:39.116953Z	debug	cluster-state	All gatewayHost bounded k8s svcs have same addresses.
2026-05-23T08:59:39.116954Z	debug	cluster-state	No significant changes detected; skipping report to other clusters.
2026-05-23T08:59:39.116955Z	debug	cluster-state	No significant changes detected for east-west services; skipping report to other clusters.
2026-05-23T08:59:39.116961Z	debug	cluster-state	handleClusterStateChangedEvent, actions: map[sendClusterToCentral:{}]
2026-05-23T08:59:39.117044Z	debug	discovery-server	wrote channel for sending cluster updates
2026-05-23T08:59:39.117050Z	debug	cluster-state	Sent 5 namespaces to central. len(HostToK8sSvc) 0
2026-05-23T08:59:39.117053Z	debug	discovery-server	Sending cluster-state update to central xcp
2026-05-23T08:59:39.117123Z	debug	discovery-server	Done sending cluster-state to central xcp
2026-05-23T08:59:47.117364Z	debug	debounce	resetting maxSilentCurrent. updated: 1s	id=919326fd
2026-05-23T09:00:01.026277Z	debug	security	Read provided XCP Central certificate chain:
-----BEGIN CERTIFICATE-----
MIIFbTCCA1WgAwIBAgIUBD0/+0EfuEYZvVjrKE5cvNEja8swDQYJKoZIhvcNAQEL
BQAwRjELMAkGA1UEBhMCVVMxCzAJBgNVBAgMAkNBMRAwDgYDVQQKDAdUZXRyYXRl
MRgwFgYDVQQDDA9YQ1AtZTJlLXRlc3QtY2EwHhcNMjQwNjE3MTMxMjAzWhcNMzQw
NjE1MTMxMjAzWjBGMQswCQYDVQQGEwJVUzELMAkGA1UECAwCQ0ExEDAOBgNVBAoM
B1RldHJhdGUxGDAWBgNVBAMMD1hDUC1lMmUtdGVzdC1jYTCCAiIwDQYJKoZIhvcN
AQEBBQADggIPADCCAgoCggIBAIkO9mBBITqNjJed3zjKhu15p4EkX7qkDaKQjQdu
9zEvocDbtZU81ibmjuQFlL0vAiqHfKA8nUXKdidI9xHNdS7xUp3IlZoEFWX1jBUD
SLgQooe8BIIcEXfkVO019jLfMbDB5tQ6jzsjZ4F3ER5wh5rkLhEfbvq4ZiF3zQD/
82LDU5vwJ91qDWCHl8og9rla5MaAX2fTZhkQUQJiDip9uZ0Ft5lai1fKq8gICrod
4iPfiZH6sJB5cTC/aHd8CHY3FrJp8ZuGhZQzaV6PvfdFsCr+EISDlCkNdlNov7hA
Z8F8bRGrEqPAcYsS/Kk94oLAQBW7YvTPBrFnDWmyMnaKjCLGqTHmAY3tTrSI31lb
rnNakF2EGziOwNjxsI84d61U6KFtXMtsgKCNJr/MORVS/0f9yA7Q0WE5bEdx24m9
+qaWnMd5FtjC38GEALfSmo9YN3+Q+M+hdfipPKpv0khjHX7yPTrFvAOHi1wsy3Hj
1OdDFr/H9pG12DnlToVruVDfr5xypoWNK8pf2utZcMOcBzdfMNAVCqeE84BrPu2c
8mHinMfWX10X14nd2gdMUYyBgGqJGqiLuFMdthyCWpmg9BbYK013Esn36v8ap7gE
/VIiY/YTYNtmKE12IhBDa+y6izBXo69OAMB7iZHPDW5lnAXKfpGtaZO+9pqrTCI0
vdNTAgMBAAGjUzBRMB0GA1UdDgQWBBSlvheSoWwG4xtqKfuEWkYlmN0YbTAfBgNV
HSMEGDAWgBSlvheSoWwG4xtqKfuEWkYlmN0YbTAPBgNVHRMBAf8EBTADAQH/MA0G
CSqGSIb3DQEBCwUAA4ICAQACp7Yw/dQGSinvV0Z5kYjugapyBE7iIpyqRh2UgYzz
HT3bcXfSz95YO/TB+utF1C8g4yqxW8b5G0EIRgg9uqtxvrGmK18o6x2N1GEeCcfU
ke2xqrOP7dpWk3uwT2aeJN/LjfqR2KADscKtD7V5EN8v3JgH3Ul0M5g9RalaEppv
yQr0H9B8sdxRawIxD+HO1S/lsQhlGGCmgTQQF23gRmL1oxwR3Mujx9Se2NHZi0ha
fcyll1OLtUxsD6cNjwiqoiv5J1TV9Ukux2tyO/gQmdheuyZoKt6+lObL8DIStQuK
IGcaX7mMKGMD7URAR4crUSP6AFHZ4tRJ7Ryu0vv2+JBjH24LVM8PIHQYqgnAohar
7n/laa7bXlKueuTo7EAVGTYPnV/CGYm/MKJ1cYll/aRBFYcU4m+fOF4AAOo/8umu
kFFHbv+Abnei/pEYb77vsBaHE68gT5YLM/pY/6XXa2+UVROCBQXbLps/0GZk2FTS
tHKBteLYBVia9F7HSAP1wAl4qt+r7D7wm9gtchwp2vqNI6vMJYHSDbjk9q255DVs
Tew5/zH2PlvDaNMyLCnueC9VzFqBou/ZDmqUyOAlxDr4VC5NwnbgT8eyqcwlip3Y
9IWjGcTB5TSlndw5NVe48g1UTtR5Ji7mRyZxtLjLu0JPby9UJeM7ouJ+/y6ybh3U
oQ==
-----END CERTIFICATE-----

2026-05-23T09:00:01.026337Z	info	grpc-client	Fetched CA certificates required to verify connection to central
2026-05-23T09:00:02.027859Z	error	stream	[config-status] Error receiving on stream: gRPC status code Unavailable: closing transport due to: connection error: desc = "error reading from server: EOF", received prior goaway: code: ENHANCE_YOUR_CALM, debug data: "too_many_pings"	name=config-status-771be08d
2026-05-23T09:00:02.027879Z	debug	stream	[config-status] canceling context	name=config-status-771be08d
2026-05-23T09:00:02.027882Z	debug	stream	[config-status] wg wait	name=config-status-771be08d
2026-05-23T09:00:02.027894Z	error	stream	[config-status] Error sending on stream: sendFunc returning on exit	name=config-status-771be08d
2026-05-23T09:00:02.027900Z	warn	stream	[config-status] Error sending on stream: sendFunc returning on exit	name=config-status-771be08d
2026-05-23T09:00:02.027902Z	debug	stream	[config-status] closing stream	name=config-status-771be08d
2026-05-23T09:00:02.027903Z	debug	stream	[config-status] sending CloseSend	name=config-status-771be08d
2026-05-23T09:00:02.027907Z	info	stream	[config-status] closed stream, err=<nil>	name=config-status-771be08d
2026-05-23T09:00:02.027909Z	info	stream	[config-status] establishing new stream	name=config-status-771be08d
2026-05-23T09:00:02.027913Z	info	stream	[config-status] connecting new permanent stream with max age 8760h0m0s	name=config-status-771be08d
2026-05-23T09:00:02.028040Z	info	discovery-server	Connecting to XCP central using JWT auth
2026-05-23T09:00:02.028085Z	debug	security	Read provided XCP Central certificate chain:
-----BEGIN CERTIFICATE-----
MIIFbTCCA1WgAwIBAgIUBD0/+0EfuEYZvVjrKE5cvNEja8swDQYJKoZIhvcNAQEL
BQAwRjELMAkGA1UEBhMCVVMxCzAJBgNVBAgMAkNBMRAwDgYDVQQKDAdUZXRyYXRl
MRgwFgYDVQQDDA9YQ1AtZTJlLXRlc3QtY2EwHhcNMjQwNjE3MTMxMjAzWhcNMzQw
NjE1MTMxMjAzWjBGMQswCQYDVQQGEwJVUzELMAkGA1UECAwCQ0ExEDAOBgNVBAoM
B1RldHJhdGUxGDAWBgNVBAMMD1hDUC1lMmUtdGVzdC1jYTCCAiIwDQYJKoZIhvcN
AQEBBQADggIPADCCAgoCggIBAIkO9mBBITqNjJed3zjKhu15p4EkX7qkDaKQjQdu
9zEvocDbtZU81ibmjuQFlL0vAiqHfKA8nUXKdidI9xHNdS7xUp3IlZoEFWX1jBUD
SLgQooe8BIIcEXfkVO019jLfMbDB5tQ6jzsjZ4F3ER5wh5rkLhEfbvq4ZiF3zQD/
82LDU5vwJ91qDWCHl8og9rla5MaAX2fTZhkQUQJiDip9uZ0Ft5lai1fKq8gICrod
4iPfiZH6sJB5cTC/aHd8CHY3FrJp8ZuGhZQzaV6PvfdFsCr+EISDlCkNdlNov7hA
Z8F8bRGrEqPAcYsS/Kk94oLAQBW7YvTPBrFnDWmyMnaKjCLGqTHmAY3tTrSI31lb
rnNakF2EGziOwNjxsI84d61U6KFtXMtsgKCNJr/MORVS/0f9yA7Q0WE5bEdx24m9
+qaWnMd5FtjC38GEALfSmo9YN3+Q+M+hdfipPKpv0khjHX7yPTrFvAOHi1wsy3Hj
1OdDFr/H9pG12DnlToVruVDfr5xypoWNK8pf2utZcMOcBzdfMNAVCqeE84BrPu2c
8mHinMfWX10X14nd2gdMUYyBgGqJGqiLuFMdthyCWpmg9BbYK013Esn36v8ap7gE
/VIiY/YTYNtmKE12IhBDa+y6izBXo69OAMB7iZHPDW5lnAXKfpGtaZO+9pqrTCI0
vdNTAgMBAAGjUzBRMB0GA1UdDgQWBBSlvheSoWwG4xtqKfuEWkYlmN0YbTAfBgNV
HSMEGDAWgBSlvheSoWwG4xtqKfuEWkYlmN0YbTAPBgNVHRMBAf8EBTADAQH/MA0G
CSqGSIb3DQEBCwUAA4ICAQACp7Yw/dQGSinvV0Z5kYjugapyBE7iIpyqRh2UgYzz
HT3bcXfSz95YO/TB+utF1C8g4yqxW8b5G0EIRgg9uqtxvrGmK18o6x2N1GEeCcfU
ke2xqrOP7dpWk3uwT2aeJN/LjfqR2KADscKtD7V5EN8v3JgH3Ul0M5g9RalaEppv
yQr0H9B8sdxRawIxD+HO1S/lsQhlGGCmgTQQF23gRmL1oxwR3Mujx9Se2NHZi0ha
fcyll1OLtUxsD6cNjwiqoiv5J1TV9Ukux2tyO/gQmdheuyZoKt6+lObL8DIStQuK
IGcaX7mMKGMD7URAR4crUSP6AFHZ4tRJ7Ryu0vv2+JBjH24LVM8PIHQYqgnAohar
7n/laa7bXlKueuTo7EAVGTYPnV/CGYm/MKJ1cYll/aRBFYcU4m+fOF4AAOo/8umu
kFFHbv+Abnei/pEYb77vsBaHE68gT5YLM/pY/6XXa2+UVROCBQXbLps/0GZk2FTS
tHKBteLYBVia9F7HSAP1wAl4qt+r7D7wm9gtchwp2vqNI6vMJYHSDbjk9q255DVs
Tew5/zH2PlvDaNMyLCnueC9VzFqBou/ZDmqUyOAlxDr4VC5NwnbgT8eyqcwlip3Y
9IWjGcTB5TSlndw5NVe48g1UTtR5Ji7mRyZxtLjLu0JPby9UJeM7ouJ+/y6ybh3U
oQ==
-----END CERTIFICATE-----

2026-05-23T09:00:02.028117Z	info	grpc-client	Fetched CA certificates required to verify connection to central
2026-05-23T09:00:02.028127Z	debug	security	Read provided XCP Central certificate chain:
-----BEGIN CERTIFICATE-----
MIIFbTCCA1WgAwIBAgIUBD0/+0EfuEYZvVjrKE5cvNEja8swDQYJKoZIhvcNAQEL
BQAwRjELMAkGA1UEBhMCVVMxCzAJBgNVBAgMAkNBMRAwDgYDVQQKDAdUZXRyYXRl
MRgwFgYDVQQDDA9YQ1AtZTJlLXRlc3QtY2EwHhcNMjQwNjE3MTMxMjAzWhcNMzQw
NjE1MTMxMjAzWjBGMQswCQYDVQQGEwJVUzELMAkGA1UECAwCQ0ExEDAOBgNVBAoM
B1RldHJhdGUxGDAWBgNVBAMMD1hDUC1lMmUtdGVzdC1jYTCCAiIwDQYJKoZIhvcN
AQEBBQADggIPADCCAgoCggIBAIkO9mBBITqNjJed3zjKhu15p4EkX7qkDaKQjQdu
9zEvocDbtZU81ibmjuQFlL0vAiqHfKA8nUXKdidI9xHNdS7xUp3IlZoEFWX1jBUD
SLgQooe8BIIcEXfkVO019jLfMbDB5tQ6jzsjZ4F3ER5wh5rkLhEfbvq4ZiF3zQD/
82LDU5vwJ91qDWCHl8og9rla5MaAX2fTZhkQUQJiDip9uZ0Ft5lai1fKq8gICrod
4iPfiZH6sJB5cTC/aHd8CHY3FrJp8ZuGhZQzaV6PvfdFsCr+EISDlCkNdlNov7hA
Z8F8bRGrEqPAcYsS/Kk94oLAQBW7YvTPBrFnDWmyMnaKjCLGqTHmAY3tTrSI31lb
rnNakF2EGziOwNjxsI84d61U6KFtXMtsgKCNJr/MORVS/0f9yA7Q0WE5bEdx24m9
+qaWnMd5FtjC38GEALfSmo9YN3+Q+M+hdfipPKpv0khjHX7yPTrFvAOHi1wsy3Hj
1OdDFr/H9pG12DnlToVruVDfr5xypoWNK8pf2utZcMOcBzdfMNAVCqeE84BrPu2c
8mHinMfWX10X14nd2gdMUYyBgGqJGqiLuFMdthyCWpmg9BbYK013Esn36v8ap7gE
/VIiY/YTYNtmKE12IhBDa+y6izBXo69OAMB7iZHPDW5lnAXKfpGtaZO+9pqrTCI0
vdNTAgMBAAGjUzBRMB0GA1UdDgQWBBSlvheSoWwG4xtqKfuEWkYlmN0YbTAfBgNV
HSMEGDAWgBSlvheSoWwG4xtqKfuEWkYlmN0YbTAPBgNVHRMBAf8EBTADAQH/MA0G
CSqGSIb3DQEBCwUAA4ICAQACp7Yw/dQGSinvV0Z5kYjugapyBE7iIpyqRh2UgYzz
HT3bcXfSz95YO/TB+utF1C8g4yqxW8b5G0EIRgg9uqtxvrGmK18o6x2N1GEeCcfU
ke2xqrOP7dpWk3uwT2aeJN/LjfqR2KADscKtD7V5EN8v3JgH3Ul0M5g9RalaEppv
yQr0H9B8sdxRawIxD+HO1S/lsQhlGGCmgTQQF23gRmL1oxwR3Mujx9Se2NHZi0ha
fcyll1OLtUxsD6cNjwiqoiv5J1TV9Ukux2tyO/gQmdheuyZoKt6+lObL8DIStQuK
IGcaX7mMKGMD7URAR4crUSP6AFHZ4tRJ7Ryu0vv2+JBjH24LVM8PIHQYqgnAohar
7n/laa7bXlKueuTo7EAVGTYPnV/CGYm/MKJ1cYll/aRBFYcU4m+fOF4AAOo/8umu
kFFHbv+Abnei/pEYb77vsBaHE68gT5YLM/pY/6XXa2+UVROCBQXbLps/0GZk2FTS
tHKBteLYBVia9F7HSAP1wAl4qt+r7D7wm9gtchwp2vqNI6vMJYHSDbjk9q255DVs
Tew5/zH2PlvDaNMyLCnueC9VzFqBou/ZDmqUyOAlxDr4VC5NwnbgT8eyqcwlip3Y
9IWjGcTB5TSlndw5NVe48g1UTtR5Ji7mRyZxtLjLu0JPby9UJeM7ouJ+/y6ybh3U
oQ==
-----END CERTIFICATE-----

2026-05-23T09:00:02.028140Z	info	grpc-client	Fetched CA certificates required to verify connection to central
2026-05-23T09:00:02.030229Z	debug	security	Read provided XCP Central certificate chain:
-----BEGIN CERTIFICATE-----
MIIFbTCCA1WgAwIBAgIUBD0/+0EfuEYZvVjrKE5cvNEja8swDQYJKoZIhvcNAQEL
BQAwRjELMAkGA1UEBhMCVVMxCzAJBgNVBAgMAkNBMRAwDgYDVQQKDAdUZXRyYXRl
MRgwFgYDVQQDDA9YQ1AtZTJlLXRlc3QtY2EwHhcNMjQwNjE3MTMxMjAzWhcNMzQw
NjE1MTMxMjAzWjBGMQswCQYDVQQGEwJVUzELMAkGA1UECAwCQ0ExEDAOBgNVBAoM
B1RldHJhdGUxGDAWBgNVBAMMD1hDUC1lMmUtdGVzdC1jYTCCAiIwDQYJKoZIhvcN
AQEBBQADggIPADCCAgoCggIBAIkO9mBBITqNjJed3zjKhu15p4EkX7qkDaKQjQdu
9zEvocDbtZU81ibmjuQFlL0vAiqHfKA8nUXKdidI9xHNdS7xUp3IlZoEFWX1jBUD
SLgQooe8BIIcEXfkVO019jLfMbDB5tQ6jzsjZ4F3ER5wh5rkLhEfbvq4ZiF3zQD/
82LDU5vwJ91qDWCHl8og9rla5MaAX2fTZhkQUQJiDip9uZ0Ft5lai1fKq8gICrod
4iPfiZH6sJB5cTC/aHd8CHY3FrJp8ZuGhZQzaV6PvfdFsCr+EISDlCkNdlNov7hA
Z8F8bRGrEqPAcYsS/Kk94oLAQBW7YvTPBrFnDWmyMnaKjCLGqTHmAY3tTrSI31lb
rnNakF2EGziOwNjxsI84d61U6KFtXMtsgKCNJr/MORVS/0f9yA7Q0WE5bEdx24m9
+qaWnMd5FtjC38GEALfSmo9YN3+Q+M+hdfipPKpv0khjHX7yPTrFvAOHi1wsy3Hj
1OdDFr/H9pG12DnlToVruVDfr5xypoWNK8pf2utZcMOcBzdfMNAVCqeE84BrPu2c
8mHinMfWX10X14nd2gdMUYyBgGqJGqiLuFMdthyCWpmg9BbYK013Esn36v8ap7gE
/VIiY/YTYNtmKE12IhBDa+y6izBXo69OAMB7iZHPDW5lnAXKfpGtaZO+9pqrTCI0
vdNTAgMBAAGjUzBRMB0GA1UdDgQWBBSlvheSoWwG4xtqKfuEWkYlmN0YbTAfBgNV
HSMEGDAWgBSlvheSoWwG4xtqKfuEWkYlmN0YbTAPBgNVHRMBAf8EBTADAQH/MA0G
CSqGSIb3DQEBCwUAA4ICAQACp7Yw/dQGSinvV0Z5kYjugapyBE7iIpyqRh2UgYzz
HT3bcXfSz95YO/TB+utF1C8g4yqxW8b5G0EIRgg9uqtxvrGmK18o6x2N1GEeCcfU
ke2xqrOP7dpWk3uwT2aeJN/LjfqR2KADscKtD7V5EN8v3JgH3Ul0M5g9RalaEppv
yQr0H9B8sdxRawIxD+HO1S/lsQhlGGCmgTQQF23gRmL1oxwR3Mujx9Se2NHZi0ha
fcyll1OLtUxsD6cNjwiqoiv5J1TV9Ukux2tyO/gQmdheuyZoKt6+lObL8DIStQuK
IGcaX7mMKGMD7URAR4crUSP6AFHZ4tRJ7Ryu0vv2+JBjH24LVM8PIHQYqgnAohar
7n/laa7bXlKueuTo7EAVGTYPnV/CGYm/MKJ1cYll/aRBFYcU4m+fOF4AAOo/8umu
kFFHbv+Abnei/pEYb77vsBaHE68gT5YLM/pY/6XXa2+UVROCBQXbLps/0GZk2FTS
tHKBteLYBVia9F7HSAP1wAl4qt+r7D7wm9gtchwp2vqNI6vMJYHSDbjk9q255DVs
Tew5/zH2PlvDaNMyLCnueC9VzFqBou/ZDmqUyOAlxDr4VC5NwnbgT8eyqcwlip3Y
9IWjGcTB5TSlndw5NVe48g1UTtR5Ji7mRyZxtLjLu0JPby9UJeM7ouJ+/y6ybh3U
oQ==
-----END CERTIFICATE-----

2026-05-23T09:00:02.030291Z	info	grpc-client	Fetched CA certificates required to verify connection to central
2026-05-23T09:00:02.032191Z	info	stream	[config-status] connected	name=config-status-771be08d
2026-05-23T09:00:02.032207Z	debug	stream	[config-status] Spawning cluster statusLabel send goroutine	name=config-status-771be08d
2026-05-23T09:00:02.032193Z	debug	status	re-triggering status report on connect
2026-05-23T09:00:02.032213Z	debug	status	sent-epoch(52) matches generated-epoch(52) and hence skipping
2026-05-23T09:00:11.061675Z	debug	discovery-server	Sending config resync request update to central xcp
2026-05-23T09:00:11.061755Z	debug	discovery-server	Done sending config resync request to central xcp
2026-05-23T09:00:11.062025Z	debug	discovery-server	Received resync keepalive response from central xcp.
2026-05-23T09:00:11.062037Z	debug	discovery-server	Waiting on recv for crds
2026-05-23T09:00:48.057838Z	debug	discovery-server	Marked pending status translation due to status change for client-c0/default-upstream-traffic-setting
2026-05-23T09:00:48.113028Z	debug	configapply	translator regenerate event received for namespace client-c0 delete
2026-05-23T09:00:48.113079Z	debug	cluster-state	Triggering cluster state change event due to namespace_update, at 2026-05-23 09:00:48.113069967 +0000 UTC m=+97244.919830196 (force regenerate config = map[]). Resources: []
2026-05-23T09:00:48.113089Z	debug	configapply	deleted namespace: client-c0
2026-05-23T09:00:49.113973Z	debug	debounce	notify cbk invoked	id=919326fd
2026-05-23T09:00:49.114020Z	debug	debounce	notify cbk returned	id=919326fd
2026-05-23T09:00:49.114026Z	debug	debounce	Applying exponential step-up. maxSilentCurrent updated to: 2s	id=919326fd
2026-05-23T09:00:49.114048Z	info	cluster-state	processClusterStateChangeEvents: cluster-eventid: 2026-05-23 09:00:48.113069967 +0000 UTC m=+97244.919830196 and 0 more, queue length: 0, reasons: namespace_update,, forceConfigRegenReasons: map[], resources: []
2026-05-23T09:00:49.114051Z	debug	cluster-state	handleClusterStateChangedEvent: Trigger reasons: namespace_update,, Forced translation: map[], Resources: []
2026-05-23T09:00:49.114076Z	debug	cluster-gen	istioServices: 13
2026-05-23T09:00:49.114177Z	debug	cluster-gen	Ignoring service kube-system/metrics-server
2026-05-23T09:00:49.114222Z	info	no portname specified for service metallb-webhook-service.metallb-system.svc.cluster.local port 443. no endpoints will be detected
2026-05-23T09:00:49.114229Z	info	no portname specified for service metallb-webhook-service.metallb-system.svc.cluster.local port 443. no endpoints will be detected
2026-05-23T09:00:49.114218Z	debug	cluster-gen	Ignoring service kube-system/kube-dns
2026-05-23T09:00:49.114244Z	debug	discovery-cache	added istio service instances in namespace: metallb-system objects 0, changed false
2026-05-23T09:00:49.114245Z	debug	discovery-cache	added istio service instances in namespace: istio-system objects 0, changed false
2026-05-23T09:00:49.114246Z	debug	discovery-cache	added istio service instances in namespace: cert-manager objects 0, changed false
2026-05-23T09:00:49.114246Z	debug	discovery-cache	added istio service instances in namespace: xcp-system objects 0, changed false
2026-05-23T09:00:49.114247Z	debug	discovery-cache	added istio service instances in namespace: default objects 0, changed false
2026-05-23T09:00:49.114256Z	debug	cluster-state	triggerConfigTranslation false ,triggerConfigTranslationReason false 
2026-05-23T09:00:49.114259Z	debug	cluster-state	All gateway hostname mappings are same.
2026-05-23T09:00:49.114259Z	debug	cluster-state	All gatewayHost bounded k8s svcs have same addresses.
2026-05-23T09:00:49.114260Z	debug	cluster-state	No significant changes detected; skipping report to other clusters.
2026-05-23T09:00:49.114261Z	debug	cluster-state	No significant changes detected for east-west services; skipping report to other clusters.
2026-05-23T09:00:49.114265Z	debug	cluster-state	handleClusterStateChangedEvent, actions: map[sendClusterToCentral:{}]
2026-05-23T09:00:49.114335Z	debug	discovery-server	wrote channel for sending cluster updates
2026-05-23T09:00:49.114342Z	debug	cluster-state	Sent 5 namespaces to central. len(HostToK8sSvc) 0
2026-05-23T09:00:49.114345Z	debug	discovery-server	Sending cluster-state update to central xcp
2026-05-23T09:00:49.114407Z	debug	discovery-server	Done sending cluster-state to central xcp
2026-05-23T09:00:51.114780Z	debug	debounce	resetting maxSilentCurrent. updated: 1s	id=919326fd
2026-05-23T09:00:57.840367Z	debug	discovery-server	Received crd stream with 2 CR objects and 41 configuration version from central xcp
2026-05-23T09:00:57.840386Z	debug	transform	Received xcp root api crd of kind: GlobalSetting
2026-05-23T09:00:57.840395Z	debug	transform	Received xcp root api crd of kind: Cluster
2026-05-23T09:00:57.840403Z	debug	resource-cache	[istio-system] ===BEGIN: Apply request for 2 objects
2026-05-23T09:00:57.840444Z	debug	resource-cache	[istio-system] objects previously in k8s api server cache: 4
2026-05-23T09:00:57.840496Z	debug	resource-cache	[istio-system] Create for {"type":{"group":"xcp.tetrate.io","version":"v2","kind":"GlobalSetting"},"name":"global","namespace":"istio-system","annotations":{"kubectl.kubernetes.io/last-applied-configuration":"{\"apiVersion\":\"xcp.tetrate.io/v2\",\"kind\":\"GlobalSetting\",\"metadata\":{\"annotations\":{},\"name\":\"global\",\"namespace\":\"xcp-system\"},\"spec\":{\"networkSettings\":{\"networkReachability\":{\"nw-cluster-0\":\"nw-cluster-1\",\"nw-cluster-1\":\"nw-cluster-0\"}}}}\n"},"creationTimestamp":"0001-01-01T00:00:00Z","Spec":{"networkSettings":{"networkReachability":{"nw-cluster-0":"nw-cluster-1","nw-cluster-1":"nw-cluster-0"}}},"Status":null,"Extra":null}
2026-05-23T09:00:57.840512Z	debug	resource-cache	[istio-system] Create for {"type":{"group":"xcp.tetrate.io","version":"v2","kind":"Cluster"},"name":"cluster-0","namespace":"istio-system","annotations":{"kubectl.kubernetes.io/last-applied-configuration":"{\"apiVersion\":\"xcp.tetrate.io/v2\",\"kind\":\"Cluster\",\"metadata\":{\"annotations\":{},\"name\":\"cluster-0\",\"namespace\":\"xcp-system\"},\"spec\":{\"istioTrustDomain\":\"cluster.local\"}}\n"},"creationTimestamp":"0001-01-01T00:00:00Z","Spec":{"istioTrustDomain":"cluster.local","state":{"xcpVersion":"v0.0.0-unofficial","istioVersions":["1.28.3-9aa2ee3271-distroless"],"provider":"kind","lastSyncTime":"2026-05-23T09:00:49.114613801Z","metadata":"null","discoveredLocality":{"region":"us-east1"},"monotonicVersion":{"epoch":[414,1187164380],"counter":[245]},"mode":"CONTROL","clusterUid":"3c79532d-841c-4e9b-9a58-ff7a4559c078"},"network":"nw-cluster-0","gwHostNamespacesChanged":false,"eastWestServiceNamespacesChanged":false},"Status":null,"Extra":null}
2026-05-23T09:00:57.840529Z	debug	configapply	computed hash for GlobalSetting:istio-system/global - a4ea6fdb96a560bad02f02d83ce678a8
2026-05-23T09:00:57.840539Z	debug	discovery-server	same hash so neither creating nor updating
2026-05-23T09:00:57.840555Z	debug	configapply	computed hash for Cluster:istio-system/cluster-0 - ae9ad34956468157185793f30b30dac5
2026-05-23T09:00:57.840567Z	debug	discovery-server	Updating spec istio-system/cluster-0:
2026-05-23T09:00:57.844796Z	debug	handling validation webhook for xcp.tetrate.io/v2, Kind=Cluster
2026-05-23T09:00:57.845022Z	info	Authorized Admission request for UPDATE operation on xcp.tetrate.io/v2, Kind=Cluster/cluster-0 for username system:serviceaccount:istio-system:xcp-edge
2026-05-23T09:00:57.845619Z	info	Authorized Admission request for DELETE operation on xcp.tetrate.io/v2, Kind=WorkspaceSetting/xc-ws-settings for username system:serviceaccount:istio-system:xcp-edge
2026-05-23T09:00:57.847105Z	debug	resource-cache	[istio-system] deleted xc-ws-settings from k8s api server as part of cleanup
2026-05-23T09:00:57.847488Z	debug	discovery-server	Sending xcp config update notification to Istio config translator channel
2026-05-23T09:00:57.847508Z	debug	discovery-server	Channel written successfully
2026-05-23T09:00:57.847551Z	debug	resource-cache	[istio-system] ResourceCache length 11
2026-05-23T09:00:57.847838Z	debug	discovery-server	Sending xcp config update notification to Istio config translator channel
2026-05-23T09:00:57.847845Z	debug	discovery-server	Channel written successfully
2026-05-23T09:00:57.848368Z	info	Authorized Admission request for DELETE operation on xcp.tetrate.io/v2, Kind=Workspace/xc-ws for username system:serviceaccount:istio-system:xcp-edge
2026-05-23T09:00:57.849514Z	debug	resource-cache	[istio-system] deleted xc-ws from k8s api server as part of cleanup
2026-05-23T09:00:57.849527Z	debug	resource-cache	[istio-system] stale resources to be deleted []
2026-05-23T09:00:57.849532Z	debug	resource-cache	[istio-system] ===END: Apply request for 2 objects in 0.009129 s
2026-05-23T09:00:57.849538Z	debug	discovery-server	Pushed cr objects from central xcp to local k8s apiserver
2026-05-23T09:00:57.849543Z	debug	discovery-server	Waiting on recv for crds
2026-05-23T09:00:57.849815Z	debug	discovery-server	Sending xcp config update notification to Istio config translator channel
2026-05-23T09:00:57.849826Z	debug	discovery-server	Channel written successfully
2026-05-23T09:00:58.850837Z	debug	debounce	notify cbk invoked	id=fcd9f881
2026-05-23T09:00:58.850948Z	debug	debounce	notify cbk returned	id=fcd9f881
2026-05-23T09:00:58.850956Z	debug	debounce	Applying exponential step-up. maxSilentCurrent updated to: 2s	id=fcd9f881
2026-05-23T09:00:58.850975Z	info	cluster-state	processConfigTranslationNotification: cluster-eventid: 2026-05-23 09:00:57.849825514 +0000 UTC m=+97254.656585701 and 0 more, queue length: 0, reasons: config,, forceConfigRegenReasons: map[], resources: []
2026-05-23T09:00:58.851016Z	debug	configapply	Sending XCP api CRDs to istio config translator
2026-05-23T09:00:58.851194Z	debug	model	gateway-group mapping: map[]
2026-05-23T09:00:58.851201Z	debug	model	security-group mapping: map[]
2026-05-23T09:00:58.851202Z	debug	model	traffic-group mapping: map[]
2026-05-23T09:00:58.851203Z	debug	model	istio-internal-group mapping: map[]
2026-05-23T09:00:58.851204Z	debug	model	gateway-deployment mapping: map[]
2026-05-23T09:00:58.851214Z	debug	model	processing 12 objects for cluster cluster-0
2026-05-23T09:00:58.851595Z	debug	eastwest-configgen	namespace "xcp-system" does not have Istio revision "" in boundary "global". Ambient mode: false
2026-05-23T09:00:58.851601Z	debug	eastwest-configgen	namespace "kube-public" does not have Istio revision "" in boundary "global". Ambient mode: false
2026-05-23T09:00:58.851602Z	debug	eastwest-configgen	namespace "cert-manager" does not have Istio revision "" in boundary "global". Ambient mode: false
2026-05-23T09:00:58.851603Z	debug	eastwest-configgen	namespace "kube-node-lease" does not have Istio revision "" in boundary "global". Ambient mode: false
2026-05-23T09:00:58.851604Z	debug	eastwest-configgen	namespace "local-path-storage" does not have Istio revision "" in boundary "global". Ambient mode: false
2026-05-23T09:00:58.851605Z	debug	eastwest-configgen	namespace "metallb-system" does not have Istio revision "" in boundary "global". Ambient mode: false
2026-05-23T09:00:58.851606Z	debug	eastwest-configgen	namespace "default" does not have Istio revision "" in boundary "global". Ambient mode: false
2026-05-23T09:00:58.851644Z	info	no portname specified for service metallb-webhook-service.metallb-system.svc.cluster.local port 443. no endpoints will be detected
2026-05-23T09:00:58.851652Z	info	eastwest-configgen	no endpoints found for service "metallb-webhook-service.metallb-system.svc.cluster.local" port 443
2026-05-23T09:00:58.851674Z	debug	eastwest-configgen	computed east-west gateway associations: {}
2026-05-23T09:00:58.851682Z	debug	configapply	Translation triggered for all [xcp-system kube-public cert-manager echo kube-node-lease local-path-storage metallb-system default] namespaces
2026-05-23T09:00:58.851704Z	debug	translator	skipping translation for namespace "default"	ns=default id=fa4d880e
2026-05-23T09:00:58.851710Z	debug	resource-cache	Batch-based resource tracking disabled, falling back to namespace-based
2026-05-23T09:00:58.851711Z	debug	resource-cache	[default] ===BEGIN: Apply request for 0 objects
2026-05-23T09:00:58.851713Z	debug	resource-cache	Delete all objects from the namespace default
2026-05-23T09:00:58.851714Z	debug	resource-cache	[default] objects previously in k8s api server cache: 0
2026-05-23T09:00:58.851715Z	debug	resource-cache	[default] No previous objects at k8s apiserver cache for namespace
2026-05-23T09:00:58.851717Z	debug	resource-cache	[default] ===END: Apply request for 0 objects in 0.000005 s
2026-05-23T09:00:58.851726Z	debug	resource-cache	[default] ===BEGIN: Apply request for 0 objects
2026-05-23T09:00:58.851727Z	debug	resource-cache	Delete all objects from the namespace default
2026-05-23T09:00:58.851728Z	debug	resource-cache	[default] objects previously in k8s api server cache: 0
2026-05-23T09:00:58.851729Z	debug	resource-cache	[default] No previous objects at k8s apiserver cache for namespace
2026-05-23T09:00:58.851730Z	debug	resource-cache	[default] ===END: Apply request for 0 objects in 0.000003 s
2026-05-23T09:00:58.851780Z	debug	resource-cache	Unmanaged Istio resources by kind: map[AuthorizationPolicy:0 DestinationRule:0 EnvoyFilter:0 Gateway:0 PeerAuthentication:0 RequestAuthentication:0 ServiceEntry:0 Sidecar:0 Telemetry:0 VirtualService:0 WasmPlugin:0 WorkloadEntry:0]
2026-05-23T09:00:58.851784Z	debug	translator	skipping translation for namespace "xcp-system"	ns=xcp-system id=a3d014c9
2026-05-23T09:00:58.851787Z	debug	resource-cache	Batch-based resource tracking disabled, falling back to namespace-based
2026-05-23T09:00:58.851788Z	debug	resource-cache	[xcp-system] ===BEGIN: Apply request for 0 objects
2026-05-23T09:00:58.851789Z	debug	resource-cache	Delete all objects from the namespace xcp-system
2026-05-23T09:00:58.851790Z	debug	resource-cache	[xcp-system] objects previously in k8s api server cache: 0
2026-05-23T09:00:58.851790Z	debug	resource-cache	[xcp-system] No previous objects at k8s apiserver cache for namespace
2026-05-23T09:00:58.851791Z	debug	resource-cache	[xcp-system] ===END: Apply request for 0 objects in 0.000003 s
2026-05-23T09:00:58.851794Z	debug	resource-cache	[xcp-system] ===BEGIN: Apply request for 0 objects
2026-05-23T09:00:58.851799Z	debug	resource-cache	Delete all objects from the namespace xcp-system
2026-05-23T09:00:58.851799Z	debug	resource-cache	[xcp-system] objects previously in k8s api server cache: 0
2026-05-23T09:00:58.851800Z	debug	resource-cache	[xcp-system] No previous objects at k8s apiserver cache for namespace
2026-05-23T09:00:58.851801Z	debug	resource-cache	[xcp-system] ===END: Apply request for 0 objects in 0.000006 s
2026-05-23T09:00:58.851805Z	debug	translator	skipping translation for namespace "kube-public"	ns=kube-public id=a825c873
2026-05-23T09:00:58.851807Z	debug	resource-cache	Batch-based resource tracking disabled, falling back to namespace-based
2026-05-23T09:00:58.851808Z	debug	resource-cache	[kube-public] ===BEGIN: Apply request for 0 objects
2026-05-23T09:00:58.851808Z	debug	resource-cache	Delete all objects from the namespace kube-public
2026-05-23T09:00:58.851809Z	debug	resource-cache	[kube-public] objects previously in k8s api server cache: 0
2026-05-23T09:00:58.851810Z	debug	resource-cache	[kube-public] No previous objects at k8s apiserver cache for namespace
2026-05-23T09:00:58.851810Z	debug	resource-cache	[kube-public] ===END: Apply request for 0 objects in 0.000003 s
2026-05-23T09:00:58.851813Z	debug	resource-cache	[kube-public] ===BEGIN: Apply request for 0 objects
2026-05-23T09:00:58.851814Z	debug	resource-cache	Delete all objects from the namespace kube-public
2026-05-23T09:00:58.851815Z	debug	resource-cache	[kube-public] objects previously in k8s api server cache: 0
2026-05-23T09:00:58.851815Z	debug	resource-cache	[kube-public] No previous objects at k8s apiserver cache for namespace
2026-05-23T09:00:58.851816Z	debug	resource-cache	[kube-public] ===END: Apply request for 0 objects in 0.000003 s
2026-05-23T09:00:58.851819Z	debug	translator	skipping translation for namespace "cert-manager"	ns=cert-manager id=5dd672d7
2026-05-23T09:00:58.851821Z	debug	resource-cache	Batch-based resource tracking disabled, falling back to namespace-based
2026-05-23T09:00:58.851822Z	debug	resource-cache	[cert-manager] ===BEGIN: Apply request for 0 objects
2026-05-23T09:00:58.851823Z	debug	resource-cache	Delete all objects from the namespace cert-manager
2026-05-23T09:00:58.851823Z	debug	resource-cache	[cert-manager] objects previously in k8s api server cache: 0
2026-05-23T09:00:58.851824Z	debug	resource-cache	[cert-manager] No previous objects at k8s apiserver cache for namespace
2026-05-23T09:00:58.851825Z	debug	resource-cache	[cert-manager] ===END: Apply request for 0 objects in 0.000003 s
2026-05-23T09:00:58.851827Z	debug	resource-cache	[cert-manager] ===BEGIN: Apply request for 0 objects
2026-05-23T09:00:58.851828Z	debug	resource-cache	Delete all objects from the namespace cert-manager
2026-05-23T09:00:58.851829Z	debug	resource-cache	[cert-manager] objects previously in k8s api server cache: 0
2026-05-23T09:00:58.851830Z	debug	resource-cache	[cert-manager] No previous objects at k8s apiserver cache for namespace
2026-05-23T09:00:58.851830Z	debug	resource-cache	[cert-manager] ===END: Apply request for 0 objects in 0.000003 s
2026-05-23T09:00:58.851840Z	debug	translator	error while looking up workspace for namespace "echo": the namespace "echo" is not mapped to any workspace	ns=echo id=7556d046
2026-05-23T09:00:58.851842Z	debug	translator	failed to lookup workspace for namespace "echo": the namespace "echo" is not mapped to any workspace	ns=echo id=7556d046
2026-05-23T09:00:58.851843Z	debug	translator	workspace for namespace "echo" not found	ns=echo id=7556d046
2026-05-23T09:00:58.851844Z	debug	translator	[ambient] buildEastWestGatewayConfigs: entry point called	ns=echo id=7556d046
2026-05-23T09:00:58.851846Z	debug	translator	[ambient] doBuildEastWestGatewayConfigsforAllWorkspaces: processing 0 workspaces	ns=echo id=7556d046
2026-05-23T09:00:58.851847Z	debug	translator	[ambient] doBuildEastWestGatewayConfigsforAllWorkspaces: total generated 0 configs	ns=echo id=7556d046
2026-05-23T09:00:58.851848Z	debug	translator	error while looking up workspace for namespace "echo": the namespace "echo" is not mapped to any workspace	ns=echo id=7556d046
2026-05-23T09:00:58.851849Z	debug	translator	error while looking up workspace for namespace "echo": the namespace "echo" is not mapped to any workspace	ns=echo id=7556d046
2026-05-23T09:00:58.851850Z	debug	translator	generated configurations: 0 traffic, 0 security, 0 gateway, 0 istio internal	ns=echo id=7556d046
2026-05-23T09:00:58.851851Z	debug	translator	ew-gen: generating east-west workload entry configs for local services that are exposed for east-west routing	ns=echo id=7556d046
2026-05-23T09:00:58.851855Z	debug	resource-cache	Batch-based resource tracking disabled, falling back to namespace-based
2026-05-23T09:00:58.851856Z	debug	resource-cache	[echo] ===BEGIN: Apply request for 0 objects
2026-05-23T09:00:58.851857Z	debug	resource-cache	Delete all objects from the namespace echo
2026-05-23T09:00:58.851858Z	debug	resource-cache	[echo] objects previously in k8s api server cache: 0
2026-05-23T09:00:58.851859Z	debug	resource-cache	[echo] No previous objects at k8s apiserver cache for namespace
2026-05-23T09:00:58.851860Z	debug	resource-cache	[echo] ===END: Apply request for 0 objects in 0.000003 s
2026-05-23T09:00:58.851863Z	debug	resource-cache	[echo] ===BEGIN: Apply request for 0 objects
2026-05-23T09:00:58.851864Z	debug	resource-cache	Delete all objects from the namespace echo
2026-05-23T09:00:58.851865Z	debug	resource-cache	[echo] objects previously in k8s api server cache: 0
2026-05-23T09:00:58.851865Z	debug	resource-cache	[echo] No previous objects at k8s apiserver cache for namespace
2026-05-23T09:00:58.851866Z	debug	resource-cache	[echo] ===END: Apply request for 0 objects in 0.000003 s
2026-05-23T09:00:58.851870Z	debug	translator	skipping translation for namespace "kube-node-lease"	ns=kube-node-lease id=e1e52a34
2026-05-23T09:00:58.851872Z	debug	resource-cache	Batch-based resource tracking disabled, falling back to namespace-based
2026-05-23T09:00:58.851873Z	debug	resource-cache	[kube-node-lease] ===BEGIN: Apply request for 0 objects
2026-05-23T09:00:58.851874Z	debug	resource-cache	Delete all objects from the namespace kube-node-lease
2026-05-23T09:00:58.851875Z	debug	resource-cache	[kube-node-lease] objects previously in k8s api server cache: 0
2026-05-23T09:00:58.851875Z	debug	resource-cache	[kube-node-lease] No previous objects at k8s apiserver cache for namespace
2026-05-23T09:00:58.851876Z	debug	resource-cache	[kube-node-lease] ===END: Apply request for 0 objects in 0.000003 s
2026-05-23T09:00:58.851879Z	debug	resource-cache	[kube-node-lease] ===BEGIN: Apply request for 0 objects
2026-05-23T09:00:58.851880Z	debug	resource-cache	Delete all objects from the namespace kube-node-lease
2026-05-23T09:00:58.851880Z	debug	resource-cache	[kube-node-lease] objects previously in k8s api server cache: 0
2026-05-23T09:00:58.851881Z	debug	resource-cache	[kube-node-lease] No previous objects at k8s apiserver cache for namespace
2026-05-23T09:00:58.851882Z	debug	resource-cache	[kube-node-lease] ===END: Apply request for 0 objects in 0.000002 s
2026-05-23T09:00:58.851885Z	debug	translator	skipping translation for namespace "local-path-storage"	ns=local-path-storage id=25861000
2026-05-23T09:00:58.851887Z	debug	resource-cache	Batch-based resource tracking disabled, falling back to namespace-based
2026-05-23T09:00:58.851888Z	debug	resource-cache	[local-path-storage] ===BEGIN: Apply request for 0 objects
2026-05-23T09:00:58.851888Z	debug	resource-cache	Delete all objects from the namespace local-path-storage
2026-05-23T09:00:58.851889Z	debug	resource-cache	[local-path-storage] objects previously in k8s api server cache: 0
2026-05-23T09:00:58.851890Z	debug	resource-cache	[local-path-storage] No previous objects at k8s apiserver cache for namespace
2026-05-23T09:00:58.851890Z	debug	resource-cache	[local-path-storage] ===END: Apply request for 0 objects in 0.000003 s
2026-05-23T09:00:58.851893Z	debug	resource-cache	[local-path-storage] ===BEGIN: Apply request for 0 objects
2026-05-23T09:00:58.851894Z	debug	resource-cache	Delete all objects from the namespace local-path-storage
2026-05-23T09:00:58.851895Z	debug	resource-cache	[local-path-storage] objects previously in k8s api server cache: 0
2026-05-23T09:00:58.851896Z	debug	resource-cache	[local-path-storage] No previous objects at k8s apiserver cache for namespace
2026-05-23T09:00:58.851896Z	debug	resource-cache	[local-path-storage] ===END: Apply request for 0 objects in 0.000003 s
2026-05-23T09:00:58.851899Z	debug	translator	skipping translation for namespace "metallb-system"	ns=metallb-system id=d69b859c
2026-05-23T09:00:58.851901Z	debug	resource-cache	Batch-based resource tracking disabled, falling back to namespace-based
2026-05-23T09:00:58.851902Z	debug	resource-cache	[metallb-system] ===BEGIN: Apply request for 0 objects
2026-05-23T09:00:58.851903Z	debug	resource-cache	Delete all objects from the namespace metallb-system
2026-05-23T09:00:58.851903Z	debug	resource-cache	[metallb-system] objects previously in k8s api server cache: 0
2026-05-23T09:00:58.851904Z	debug	resource-cache	[metallb-system] No previous objects at k8s apiserver cache for namespace
2026-05-23T09:00:58.851905Z	debug	resource-cache	[metallb-system] ===END: Apply request for 0 objects in 0.000003 s
2026-05-23T09:00:58.851907Z	debug	resource-cache	[metallb-system] ===BEGIN: Apply request for 0 objects
2026-05-23T09:00:58.851908Z	debug	resource-cache	Delete all objects from the namespace metallb-system
2026-05-23T09:00:58.851909Z	debug	resource-cache	[metallb-system] objects previously in k8s api server cache: 0
2026-05-23T09:00:58.851909Z	debug	resource-cache	[metallb-system] No previous objects at k8s apiserver cache for namespace
2026-05-23T09:00:58.851910Z	debug	resource-cache	[metallb-system] ===END: Apply request for 0 objects in 0.000003 s
2026-05-23T09:00:58.851914Z	debug	cluster-state	Triggering cluster state change event due to config, at 2026-05-23 09:00:57.849825514 +0000 UTC m=+97254.656585701 (force regenerate config = map[]). Resources: []
2026-05-23T09:00:59.852771Z	debug	debounce	notify cbk invoked	id=919326fd
2026-05-23T09:00:59.852793Z	debug	debounce	notify cbk invoked	id=a09a36e7
2026-05-23T09:00:59.852809Z	debug	debounce	notify cbk returned	id=919326fd
2026-05-23T09:00:59.852814Z	debug	debounce	Applying exponential step-up. maxSilentCurrent updated to: 2s	id=919326fd
2026-05-23T09:00:59.852831Z	info	cluster-state	processClusterStateChangeEvents: cluster-eventid: 2026-05-23 09:00:57.849825514 +0000 UTC m=+97254.656585701 and 0 more, queue length: 0, reasons: config,, forceConfigRegenReasons: map[], resources: []
2026-05-23T09:00:59.852832Z	debug	config-status	Explanation of the decision flow for the Config Status of "networking.istio.io/EnvoyFilter" "global-forward-xfcc-15443" version ""
Q: Is the config type "networking.istio.io/v1alpha3/EnvoyFilter" supported by XCP?
A: Yes
Q: Is it an internal config of XCP?
A: Yes
Verdict: Config Status is NOT reported since it's an internal config of XCP
Config Status:
```yaml
---
null
```

2026-05-23T09:00:59.852833Z	debug	cluster-state	handleClusterStateChangedEvent: Trigger reasons: config,, Forced translation: map[], Resources: []
2026-05-23T09:00:59.852838Z	debug	config-status	Explanation of the decision flow for the Config Status of "networking.istio.io/EnvoyFilter" "global-gw-best-practice" version ""
Q: Is the config type "networking.istio.io/v1alpha3/EnvoyFilter" supported by XCP?
A: Yes
Q: Is it an internal config of XCP?
A: Yes
Verdict: Config Status is NOT reported since it's an internal config of XCP
Config Status:
```yaml
---
null
```

2026-05-23T09:00:59.852843Z	debug	config-status	Explanation of the decision flow for the Config Status of "networking.istio.io/EnvoyFilter" "global-mx-downstream-egress-gateway-filter" version ""
Q: Is the config type "networking.istio.io/v1alpha3/EnvoyFilter" supported by XCP?
A: Yes
Q: Is it an internal config of XCP?
A: Yes
Verdict: Config Status is NOT reported since it's an internal config of XCP
Config Status:
```yaml
---
null
```

2026-05-23T09:00:59.852847Z	debug	config-status	Explanation of the decision flow for the Config Status of "networking.istio.io/EnvoyFilter" "global-mx-downstream-gateway-filter" version ""
Q: Is the config type "networking.istio.io/v1alpha3/EnvoyFilter" supported by XCP?
A: Yes
Q: Is it an internal config of XCP?
A: Yes
Verdict: Config Status is NOT reported since it's an internal config of XCP
Config Status:
```yaml
---
null
```

2026-05-23T09:00:59.852853Z	debug	cluster-gen	istioServices: 13
2026-05-23T09:00:59.852854Z	debug	config-status	Explanation of the decision flow for the Config Status of "networking.istio.io/EnvoyFilter" "global-periodical-access-log" version ""
Q: Is the config type "networking.istio.io/v1alpha3/EnvoyFilter" supported by XCP?
A: Yes
Q: Is it an internal config of XCP?
A: Yes
Verdict: Config Status is NOT reported since it's an internal config of XCP
Config Status:
```yaml
---
null
```

2026-05-23T09:00:59.852858Z	debug	config-status	Explanation of the decision flow for the Config Status of "networking.istio.io/EnvoyFilter" "global-request-id-propagation" version ""
Q: Is the config type "networking.istio.io/v1alpha3/EnvoyFilter" supported by XCP?
A: Yes
Q: Is it an internal config of XCP?
A: Yes
Verdict: Config Status is NOT reported since it's an internal config of XCP
Config Status:
```yaml
---
null
```

2026-05-23T09:00:59.852863Z	debug	config-status	Explanation of the decision flow for the Config Status of "networking.istio.io/EnvoyFilter" "global-tcp-keepalive-envoy-filter" version ""
Q: Is the config type "networking.istio.io/v1alpha3/EnvoyFilter" supported by XCP?
A: Yes
Q: Is it an internal config of XCP?
A: Yes
Verdict: Config Status is NOT reported since it's an internal config of XCP
Config Status:
```yaml
---
null
```

2026-05-23T09:00:59.852867Z	debug	config-status	Explanation of the decision flow for the Config Status of "networking.istio.io/EnvoyFilter" "global-xfcc-extractor-sidecar" version ""
Q: Is the config type "networking.istio.io/v1alpha3/EnvoyFilter" supported by XCP?
A: Yes
Q: Is it an internal config of XCP?
A: Yes
Verdict: Config Status is NOT reported since it's an internal config of XCP
Config Status:
```yaml
---
null
```

2026-05-23T09:00:59.852874Z	debug	config-status	Explanation of the decision flow for the Config Status of "networking.istio.io/EnvoyFilter" "global-xfcc-guard-15443" version ""
Q: Is the config type "networking.istio.io/v1alpha3/EnvoyFilter" supported by XCP?
A: Yes
Q: Is it an internal config of XCP?
A: Yes
Verdict: Config Status is NOT reported since it's an internal config of XCP
Config Status:
```yaml
---
null
```

2026-05-23T09:00:59.852969Z	debug	cluster-gen	Ignoring service kube-system/kube-dns
2026-05-23T09:00:59.852994Z	debug	config-status	Explanation of the decision flow for the Config Status of "xcp.tetrate.io/Cluster" "cluster-0" version ""
Q: Is the config type "xcp.tetrate.io/v2/Cluster" supported by XCP?
A: Yes
Q: Is it an internal config of XCP?
A: No
Q: Is this config object managed by XCP?
A: Yes
Q: Did the Push Context report an ERROR for this config?
A: No
Q: Did the Push Context IGNORE this config?
A: No
Verdict: Config Status is UNKNOWN since status for that config type has NOT been implemented yet
Config Status:
```yaml
---
configId:
  group: xcp.tetrate.io
  kind: Cluster
  name: cluster-0
  namespace: istio-system
  version: v2
details: Config Status for that config type has NOT been implemented yet
metadata:
  annotations:
    kubectl.kubernetes.io/last-applied-configuration: |
      {"apiVersion":"xcp.tetrate.io/v2","kind":"Cluster","metadata":{"annotations":{},"name":"cluster-0","namespace":"xcp-system"},"spec":{"istioTrustDomain":"cluster.local"}}
```

2026-05-23T09:00:59.852997Z	info	no portname specified for service metallb-webhook-service.metallb-system.svc.cluster.local port 443. no endpoints will be detected
2026-05-23T09:00:59.852999Z	info	no portname specified for service metallb-webhook-service.metallb-system.svc.cluster.local port 443. no endpoints will be detected
2026-05-23T09:00:59.853001Z	debug	cluster-gen	Ignoring service kube-system/metrics-server
2026-05-23T09:00:59.853026Z	debug	config-status	Explanation of the decision flow for the Config Status of "xcp.tetrate.io/Cluster" "cluster-1" version ""
Q: Is the config type "xcp.tetrate.io/v2/Cluster" supported by XCP?
A: Yes
Q: Is it an internal config of XCP?
A: No
Q: Is this config object managed by XCP?
A: Yes
Q: Did the Push Context report an ERROR for this config?
A: No
Q: Did the Push Context IGNORE this config?
A: No
Verdict: Config Status is UNKNOWN since status for that config type has NOT been implemented yet
Config Status:
```yaml
---
configId:
  group: xcp.tetrate.io
  kind: Cluster
  name: cluster-1
  namespace: istio-system
  version: v2
details: Config Status for that config type has NOT been implemented yet
metadata: {}
```

2026-05-23T09:00:59.853044Z	debug	config-status	Explanation of the decision flow for the Config Status of "xcp.tetrate.io/GlobalSetting" "global" version ""
Q: Is the config type "xcp.tetrate.io/v2/GlobalSetting" supported by XCP?
A: Yes
Q: Is it an internal config of XCP?
A: No
Q: Is this config object managed by XCP?
A: Yes
Q: Did the Push Context report an ERROR for this config?
A: No
Q: Did the Push Context IGNORE this config?
A: No
Q: Does the namespace selector resolve into at least ONE namespace in this cluster?
A: Yes
I: Checking the config status in each of the 8 target namespace(s): [cert-manager default echo kube-node-lease kube-public local-path-storage metallb-system xcp-system]
I: [1/8] verdict in "cert-manager" namespace: Config Status is UNKNOWN since translation is SKIPPED on that namespace
I: [2/8] verdict in "default" namespace: Config Status is UNKNOWN since translation is SKIPPED on that namespace
I: [3/8] verdict in "echo" namespace: Config Status is UNKNOWN since there were NO translation errors but the config was NOT mapped onto any output config(s)
I: [4/8] verdict in "kube-node-lease" namespace: Config Status is UNKNOWN since translation is SKIPPED on that namespace
I: [5/8] verdict in "kube-public" namespace: Config Status is UNKNOWN since translation is SKIPPED on that namespace
I: [6/8] verdict in "local-path-storage" namespace: Config Status is UNKNOWN since translation is SKIPPED on that namespace
I: [7/8] verdict in "metallb-system" namespace: Config Status is UNKNOWN since translation is SKIPPED on that namespace
I: [8/8] verdict in "xcp-system" namespace: Config Status is UNKNOWN since translation is SKIPPED on that namespace
I: Status summary across 8 target namespace(s): TRANSLATION SKIPPED in 7 namespace(s), TRANSLATED BUT NOT MAPPED in 1 namespace(s)
I: Using "lenient" strategy to decide on the aggregated status across 8 target namespace(s)
Q: Have there been any errors while translating this config in ANY of the 8 target namespaces?
A: No
Q: Has the config been APPLIED in at least ONE of the target namespaces?
A: No
Verdict: Config Status is NOT reported since the config has NOT yet been APPLIED in ANY of 8 target namespace(s)
Config Status:
```yaml
---
null
```

2026-05-23T09:00:59.853053Z	debug	discovery-cache	added istio service instances in namespace: istio-system objects 0, changed false
2026-05-23T09:00:59.853054Z	debug	discovery-cache	added istio service instances in namespace: cert-manager objects 0, changed false
2026-05-23T09:00:59.853055Z	debug	discovery-cache	added istio service instances in namespace: default objects 0, changed false
2026-05-23T09:00:59.853056Z	debug	discovery-cache	added istio service instances in namespace: metallb-system objects 0, changed false
2026-05-23T09:00:59.853058Z	debug	discovery-cache	added istio service instances in namespace: xcp-system objects 0, changed false
2026-05-23T09:00:59.853065Z	debug	cluster-state	triggerConfigTranslation false ,triggerConfigTranslationReason false 
2026-05-23T09:00:59.853071Z	debug	cluster-state	All gateway hostname mappings are same.
2026-05-23T09:00:59.853071Z	debug	cluster-state	All gatewayHost bounded k8s svcs have same addresses.
2026-05-23T09:00:59.853072Z	debug	cluster-state	No significant changes detected; skipping report to other clusters.
2026-05-23T09:00:59.853073Z	debug	cluster-state	No significant changes detected for east-west services; skipping report to other clusters.
2026-05-23T09:00:59.853075Z	debug	cluster-state	All gateway hostname mappings are same.
2026-05-23T09:00:59.853078Z	debug	cluster-state	handleClusterStateChangedEvent, actions: map[sendHeaderToCentral:{}]
2026-05-23T09:00:59.853101Z	debug	discovery-server	wrote channel for sending header only
2026-05-23T09:00:59.853106Z	debug	cluster-state	Sent header to central
2026-05-23T09:00:59.853109Z	debug	discovery-server	Sending cluster-state update to central xcp
2026-05-23T09:00:59.853124Z	debug	discovery-server	Done sending cluster-state to central xcp
2026-05-23T09:00:59.853169Z	debug	status	generated status report in 365.292µs
2026-05-23T09:00:59.853178Z	debug	debounce	notify cbk returned	id=a09a36e7
2026-05-23T09:00:59.853180Z	debug	debounce	Applying exponential step-up. maxSilentCurrent updated to: 2s	id=a09a36e7
2026-05-23T09:00:59.853183Z	debug	status	triggering status report sender with 2 messages
2026-05-23T09:00:59.853230Z	debug	status	successfully sent config-status report(epoch:53, messages:2) in 41µs
2026-05-23T09:01:00.852744Z	debug	debounce	resetting maxSilentCurrent. updated: 1s	id=fcd9f881
2026-05-23T09:01:01.853703Z	debug	debounce	resetting maxSilentCurrent. updated: 1s	id=919326fd
2026-05-23T09:01:01.853736Z	debug	debounce	resetting maxSilentCurrent. updated: 1s	id=a09a36e7
2026-05-23T09:01:03.814774Z	debug	discovery-server	Triggering periodic translation due to pending istio status changes
2026-05-23T09:01:04.816571Z	debug	debounce	notify cbk invoked	id=fcd9f881
2026-05-23T09:01:04.816623Z	debug	debounce	notify cbk returned	id=fcd9f881
2026-05-23T09:01:04.816629Z	debug	debounce	Applying exponential step-up. maxSilentCurrent updated to: 2s	id=fcd9f881
2026-05-23T09:01:04.816647Z	info	cluster-state	processConfigTranslationNotification: cluster-eventid: 2026-05-23 09:01:03.814796586 +0000 UTC m=+97260.621707745 and 0 more, queue length: 0, reasons: config,, forceConfigRegenReasons: map[], resources: []
2026-05-23T09:01:04.816693Z	debug	configapply	Sending XCP api CRDs to istio config translator
2026-05-23T09:01:04.816905Z	debug	model	gateway-group mapping: map[]
2026-05-23T09:01:04.816923Z	debug	model	security-group mapping: map[]
2026-05-23T09:01:04.816927Z	debug	model	traffic-group mapping: map[]
2026-05-23T09:01:04.816928Z	debug	model	istio-internal-group mapping: map[]
2026-05-23T09:01:04.816929Z	debug	model	gateway-deployment mapping: map[]
2026-05-23T09:01:04.816946Z	debug	model	processing 12 objects for cluster cluster-0
2026-05-23T09:01:04.817306Z	debug	eastwest-configgen	namespace "metallb-system" does not have Istio revision "" in boundary "global". Ambient mode: false
2026-05-23T09:01:04.817315Z	debug	eastwest-configgen	namespace "default" does not have Istio revision "" in boundary "global". Ambient mode: false
2026-05-23T09:01:04.817316Z	debug	eastwest-configgen	namespace "xcp-system" does not have Istio revision "" in boundary "global". Ambient mode: false
2026-05-23T09:01:04.817317Z	debug	eastwest-configgen	namespace "kube-public" does not have Istio revision "" in boundary "global". Ambient mode: false
2026-05-23T09:01:04.817318Z	debug	eastwest-configgen	namespace "cert-manager" does not have Istio revision "" in boundary "global". Ambient mode: false
2026-05-23T09:01:04.817319Z	debug	eastwest-configgen	namespace "kube-node-lease" does not have Istio revision "" in boundary "global". Ambient mode: false
2026-05-23T09:01:04.817320Z	debug	eastwest-configgen	namespace "local-path-storage" does not have Istio revision "" in boundary "global". Ambient mode: false
2026-05-23T09:01:04.817367Z	info	no portname specified for service metallb-webhook-service.metallb-system.svc.cluster.local port 443. no endpoints will be detected
2026-05-23T09:01:04.817376Z	info	eastwest-configgen	no endpoints found for service "metallb-webhook-service.metallb-system.svc.cluster.local" port 443
2026-05-23T09:01:04.817490Z	debug	eastwest-configgen	computed east-west gateway associations: {}
2026-05-23T09:01:04.817515Z	debug	configapply	Translation triggered for all [cert-manager echo kube-node-lease local-path-storage metallb-system default xcp-system kube-public] namespaces
2026-05-23T09:01:04.817559Z	debug	translator	skipping translation for namespace "kube-public"	ns=kube-public id=58c4df4f
2026-05-23T09:01:04.817569Z	debug	resource-cache	Batch-based resource tracking disabled, falling back to namespace-based
2026-05-23T09:01:04.817571Z	debug	resource-cache	[kube-public] ===BEGIN: Apply request for 0 objects
2026-05-23T09:01:04.817572Z	debug	resource-cache	Delete all objects from the namespace kube-public
2026-05-23T09:01:04.817574Z	debug	resource-cache	[kube-public] objects previously in k8s api server cache: 0
2026-05-23T09:01:04.817575Z	debug	resource-cache	[kube-public] No previous objects at k8s apiserver cache for namespace
2026-05-23T09:01:04.817577Z	debug	resource-cache	[kube-public] ===END: Apply request for 0 objects in 0.000005 s
2026-05-23T09:01:04.817594Z	debug	resource-cache	[kube-public] ===BEGIN: Apply request for 0 objects
2026-05-23T09:01:04.817595Z	debug	resource-cache	Delete all objects from the namespace kube-public
2026-05-23T09:01:04.817597Z	debug	resource-cache	[kube-public] objects previously in k8s api server cache: 0
2026-05-23T09:01:04.817597Z	debug	resource-cache	[kube-public] No previous objects at k8s apiserver cache for namespace
2026-05-23T09:01:04.817598Z	debug	resource-cache	[kube-public] ===END: Apply request for 0 objects in 0.000004 s
2026-05-23T09:01:04.817605Z	debug	translator	skipping translation for namespace "local-path-storage"	ns=local-path-storage id=bd4bcbe4
2026-05-23T09:01:04.817614Z	debug	resource-cache	Batch-based resource tracking disabled, falling back to namespace-based
2026-05-23T09:01:04.817614Z	debug	resource-cache	[local-path-storage] ===BEGIN: Apply request for 0 objects
2026-05-23T09:01:04.817616Z	debug	resource-cache	Delete all objects from the namespace local-path-storage
2026-05-23T09:01:04.817617Z	debug	resource-cache	[local-path-storage] objects previously in k8s api server cache: 0
2026-05-23T09:01:04.817617Z	debug	resource-cache	[local-path-storage] No previous objects at k8s apiserver cache for namespace
2026-05-23T09:01:04.817618Z	debug	resource-cache	[local-path-storage] ===END: Apply request for 0 objects in 0.000004 s
2026-05-23T09:01:04.817617Z	debug	translator	skipping translation for namespace "kube-node-lease"	ns=kube-node-lease id=9e591f96
2026-05-23T09:01:04.817623Z	debug	resource-cache	[local-path-storage] ===BEGIN: Apply request for 0 objects
2026-05-23T09:01:04.817625Z	debug	resource-cache	Delete all objects from the namespace local-path-storage
2026-05-23T09:01:04.817625Z	debug	resource-cache	Batch-based resource tracking disabled, falling back to namespace-based
2026-05-23T09:01:04.817625Z	debug	resource-cache	[local-path-storage] objects previously in k8s api server cache: 0
2026-05-23T09:01:04.817626Z	debug	resource-cache	[kube-node-lease] ===BEGIN: Apply request for 0 objects
2026-05-23T09:01:04.817626Z	debug	resource-cache	[local-path-storage] No previous objects at k8s apiserver cache for namespace
2026-05-23T09:01:04.817627Z	debug	resource-cache	Delete all objects from the namespace kube-node-lease
2026-05-23T09:01:04.817627Z	debug	resource-cache	[local-path-storage] ===END: Apply request for 0 objects in 0.000004 s
2026-05-23T09:01:04.817628Z	debug	resource-cache	[kube-node-lease] objects previously in k8s api server cache: 0
2026-05-23T09:01:04.817629Z	debug	resource-cache	[kube-node-lease] No previous objects at k8s apiserver cache for namespace
2026-05-23T09:01:04.817631Z	debug	resource-cache	[kube-node-lease] ===END: Apply request for 0 objects in 0.000004 s
2026-05-23T09:01:04.817632Z	debug	translator	skipping translation for namespace "metallb-system"	ns=metallb-system id=5eb9e372
2026-05-23T09:01:04.817635Z	debug	resource-cache	Batch-based resource tracking disabled, falling back to namespace-based
2026-05-23T09:01:04.817636Z	debug	resource-cache	[metallb-system] ===BEGIN: Apply request for 0 objects
2026-05-23T09:01:04.817636Z	debug	resource-cache	Delete all objects from the namespace metallb-system
2026-05-23T09:01:04.817637Z	debug	resource-cache	[metallb-system] objects previously in k8s api server cache: 0
2026-05-23T09:01:04.817638Z	debug	resource-cache	[metallb-system] No previous objects at k8s apiserver cache for namespace
2026-05-23T09:01:04.817638Z	debug	resource-cache	[metallb-system] ===END: Apply request for 0 objects in 0.000003 s
2026-05-23T09:01:04.817640Z	debug	resource-cache	[kube-node-lease] ===BEGIN: Apply request for 0 objects
2026-05-23T09:01:04.817641Z	debug	resource-cache	Delete all objects from the namespace kube-node-lease
2026-05-23T09:01:04.817643Z	debug	resource-cache	[kube-node-lease] objects previously in k8s api server cache: 0
2026-05-23T09:01:04.817643Z	debug	resource-cache	[kube-node-lease] No previous objects at k8s apiserver cache for namespace
2026-05-23T09:01:04.817644Z	debug	resource-cache	[kube-node-lease] ===END: Apply request for 0 objects in 0.000004 s
2026-05-23T09:01:04.817644Z	debug	translator	skipping translation for namespace "default"	ns=default id=bba8ea51
2026-05-23T09:01:04.817641Z	debug	resource-cache	[metallb-system] ===BEGIN: Apply request for 0 objects
2026-05-23T09:01:04.817647Z	debug	resource-cache	Batch-based resource tracking disabled, falling back to namespace-based
2026-05-23T09:01:04.817648Z	debug	resource-cache	Delete all objects from the namespace metallb-system
2026-05-23T09:01:04.817648Z	debug	resource-cache	[default] ===BEGIN: Apply request for 0 objects
2026-05-23T09:01:04.817652Z	debug	resource-cache	Delete all objects from the namespace default
2026-05-23T09:01:04.817653Z	debug	resource-cache	[default] objects previously in k8s api server cache: 0
2026-05-23T09:01:04.817653Z	debug	resource-cache	[default] No previous objects at k8s apiserver cache for namespace
2026-05-23T09:01:04.817654Z	debug	resource-cache	[default] ===END: Apply request for 0 objects in 0.000006 s
2026-05-23T09:01:04.817659Z	debug	resource-cache	[default] ===BEGIN: Apply request for 0 objects
2026-05-23T09:01:04.817660Z	debug	resource-cache	Delete all objects from the namespace default
2026-05-23T09:01:04.817660Z	debug	resource-cache	[default] objects previously in k8s api server cache: 0
2026-05-23T09:01:04.817662Z	debug	resource-cache	[default] No previous objects at k8s apiserver cache for namespace
2026-05-23T09:01:04.817663Z	debug	resource-cache	[default] ===END: Apply request for 0 objects in 0.000004 s
2026-05-23T09:01:04.817649Z	debug	resource-cache	[metallb-system] objects previously in k8s api server cache: 0
2026-05-23T09:01:04.817665Z	debug	resource-cache	[metallb-system] No previous objects at k8s apiserver cache for namespace
2026-05-23T09:01:04.817665Z	debug	resource-cache	[metallb-system] ===END: Apply request for 0 objects in 0.000024 s
2026-05-23T09:01:04.817670Z	debug	translator	skipping translation for namespace "cert-manager"	ns=cert-manager id=f3ff33e1
2026-05-23T09:01:04.817672Z	debug	resource-cache	Batch-based resource tracking disabled, falling back to namespace-based
2026-05-23T09:01:04.817673Z	debug	resource-cache	[cert-manager] ===BEGIN: Apply request for 0 objects
2026-05-23T09:01:04.817674Z	debug	resource-cache	Delete all objects from the namespace cert-manager
2026-05-23T09:01:04.817675Z	debug	resource-cache	[cert-manager] objects previously in k8s api server cache: 0
2026-05-23T09:01:04.817675Z	debug	resource-cache	[cert-manager] No previous objects at k8s apiserver cache for namespace
2026-05-23T09:01:04.817676Z	debug	resource-cache	[cert-manager] ===END: Apply request for 0 objects in 0.000003 s
2026-05-23T09:01:04.817679Z	debug	resource-cache	[cert-manager] ===BEGIN: Apply request for 0 objects
2026-05-23T09:01:04.817680Z	debug	resource-cache	Delete all objects from the namespace cert-manager
2026-05-23T09:01:04.817680Z	debug	resource-cache	[cert-manager] objects previously in k8s api server cache: 0
2026-05-23T09:01:04.817681Z	debug	resource-cache	[cert-manager] No previous objects at k8s apiserver cache for namespace
2026-05-23T09:01:04.817682Z	debug	resource-cache	[cert-manager] ===END: Apply request for 0 objects in 0.000003 s
2026-05-23T09:01:04.817694Z	debug	translator	error while looking up workspace for namespace "echo": the namespace "echo" is not mapped to any workspace	ns=echo id=871ab972
2026-05-23T09:01:04.817697Z	debug	translator	failed to lookup workspace for namespace "echo": the namespace "echo" is not mapped to any workspace	ns=echo id=871ab972
2026-05-23T09:01:04.817698Z	debug	translator	workspace for namespace "echo" not found	ns=echo id=871ab972
2026-05-23T09:01:04.817699Z	debug	translator	[ambient] buildEastWestGatewayConfigs: entry point called	ns=echo id=871ab972
2026-05-23T09:01:04.817701Z	debug	translator	[ambient] doBuildEastWestGatewayConfigsforAllWorkspaces: processing 0 workspaces	ns=echo id=871ab972
2026-05-23T09:01:04.817702Z	debug	translator	[ambient] doBuildEastWestGatewayConfigsforAllWorkspaces: total generated 0 configs	ns=echo id=871ab972
2026-05-23T09:01:04.817703Z	debug	translator	error while looking up workspace for namespace "echo": the namespace "echo" is not mapped to any workspace	ns=echo id=871ab972
2026-05-23T09:01:04.817705Z	debug	translator	error while looking up workspace for namespace "echo": the namespace "echo" is not mapped to any workspace	ns=echo id=871ab972
2026-05-23T09:01:04.817705Z	debug	resource-cache	Unmanaged Istio resources by kind: map[AuthorizationPolicy:0 DestinationRule:0 EnvoyFilter:0 Gateway:0 PeerAuthentication:0 RequestAuthentication:0 ServiceEntry:0 Sidecar:0 Telemetry:0 VirtualService:0 WasmPlugin:0 WorkloadEntry:0]
2026-05-23T09:01:04.817705Z	debug	translator	generated configurations: 0 traffic, 0 security, 0 gateway, 0 istio internal	ns=echo id=871ab972
2026-05-23T09:01:04.817709Z	debug	translator	ew-gen: generating east-west workload entry configs for local services that are exposed for east-west routing	ns=echo id=871ab972
2026-05-23T09:01:04.817713Z	debug	resource-cache	Batch-based resource tracking disabled, falling back to namespace-based
2026-05-23T09:01:04.817715Z	debug	resource-cache	[echo] ===BEGIN: Apply request for 0 objects
2026-05-23T09:01:04.817716Z	debug	resource-cache	Delete all objects from the namespace echo
2026-05-23T09:01:04.817717Z	debug	resource-cache	[echo] objects previously in k8s api server cache: 0
2026-05-23T09:01:04.817717Z	debug	resource-cache	[echo] No previous objects at k8s apiserver cache for namespace
2026-05-23T09:01:04.817718Z	debug	resource-cache	[echo] ===END: Apply request for 0 objects in 0.000004 s
2026-05-23T09:01:04.817722Z	debug	resource-cache	[echo] ===BEGIN: Apply request for 0 objects
2026-05-23T09:01:04.817723Z	debug	resource-cache	Delete all objects from the namespace echo
2026-05-23T09:01:04.817724Z	debug	resource-cache	[echo] objects previously in k8s api server cache: 0
2026-05-23T09:01:04.817725Z	debug	resource-cache	[echo] No previous objects at k8s apiserver cache for namespace
2026-05-23T09:01:04.817725Z	debug	resource-cache	[echo] ===END: Apply request for 0 objects in 0.000003 s
2026-05-23T09:01:04.817715Z	debug	translator	skipping translation for namespace "xcp-system"	ns=xcp-system id=727b4336
2026-05-23T09:01:04.817765Z	debug	resource-cache	Batch-based resource tracking disabled, falling back to namespace-based
2026-05-23T09:01:04.817767Z	debug	resource-cache	[xcp-system] ===BEGIN: Apply request for 0 objects
2026-05-23T09:01:04.817768Z	debug	resource-cache	Delete all objects from the namespace xcp-system
2026-05-23T09:01:04.817769Z	debug	resource-cache	[xcp-system] objects previously in k8s api server cache: 0
2026-05-23T09:01:04.817770Z	debug	resource-cache	[xcp-system] No previous objects at k8s apiserver cache for namespace
2026-05-23T09:01:04.817772Z	debug	resource-cache	[xcp-system] ===END: Apply request for 0 objects in 0.000005 s
2026-05-23T09:01:04.817780Z	debug	resource-cache	[xcp-system] ===BEGIN: Apply request for 0 objects
2026-05-23T09:01:04.817781Z	debug	resource-cache	Delete all objects from the namespace xcp-system
2026-05-23T09:01:04.817782Z	debug	resource-cache	[xcp-system] objects previously in k8s api server cache: 0
2026-05-23T09:01:04.817784Z	debug	resource-cache	[xcp-system] No previous objects at k8s apiserver cache for namespace
2026-05-23T09:01:04.817785Z	debug	resource-cache	[xcp-system] ===END: Apply request for 0 objects in 0.000004 s
2026-05-23T09:01:04.817798Z	debug	cluster-state	Triggering cluster state change event due to config, at 2026-05-23 09:01:03.814796586 +0000 UTC m=+97260.621707745 (force regenerate config = map[]). Resources: []
2026-05-23T09:01:05.818752Z	debug	debounce	notify cbk invoked	id=919326fd
2026-05-23T09:01:05.818781Z	debug	debounce	notify cbk invoked	id=a09a36e7
2026-05-23T09:01:05.818796Z	debug	debounce	notify cbk returned	id=919326fd
2026-05-23T09:01:05.818804Z	debug	debounce	Applying exponential step-up. maxSilentCurrent updated to: 2s	id=919326fd
2026-05-23T09:01:05.818825Z	info	cluster-state	processClusterStateChangeEvents: cluster-eventid: 2026-05-23 09:01:03.814796586 +0000 UTC m=+97260.621707745 and 0 more, queue length: 0, reasons: config,, forceConfigRegenReasons: map[], resources: []
2026-05-23T09:01:05.818825Z	debug	config-status	Explanation of the decision flow for the Config Status of "networking.istio.io/EnvoyFilter" "global-forward-xfcc-15443" version ""
Q: Is the config type "networking.istio.io/v1alpha3/EnvoyFilter" supported by XCP?
A: Yes
Q: Is it an internal config of XCP?
A: Yes
Verdict: Config Status is NOT reported since it's an internal config of XCP
Config Status:
```yaml
---
null
```

2026-05-23T09:01:05.818828Z	debug	cluster-state	handleClusterStateChangedEvent: Trigger reasons: config,, Forced translation: map[], Resources: []
2026-05-23T09:01:05.818836Z	debug	config-status	Explanation of the decision flow for the Config Status of "networking.istio.io/EnvoyFilter" "global-gw-best-practice" version ""
Q: Is the config type "networking.istio.io/v1alpha3/EnvoyFilter" supported by XCP?
A: Yes
Q: Is it an internal config of XCP?
A: Yes
Verdict: Config Status is NOT reported since it's an internal config of XCP
Config Status:
```yaml
---
null
```

2026-05-23T09:01:05.818841Z	debug	config-status	Explanation of the decision flow for the Config Status of "networking.istio.io/EnvoyFilter" "global-mx-downstream-egress-gateway-filter" version ""
Q: Is the config type "networking.istio.io/v1alpha3/EnvoyFilter" supported by XCP?
A: Yes
Q: Is it an internal config of XCP?
A: Yes
Verdict: Config Status is NOT reported since it's an internal config of XCP
Config Status:
```yaml
---
null
```

2026-05-23T09:01:05.818849Z	debug	config-status	Explanation of the decision flow for the Config Status of "networking.istio.io/EnvoyFilter" "global-mx-downstream-gateway-filter" version ""
Q: Is the config type "networking.istio.io/v1alpha3/EnvoyFilter" supported by XCP?
A: Yes
Q: Is it an internal config of XCP?
A: Yes
Verdict: Config Status is NOT reported since it's an internal config of XCP
Config Status:
```yaml
---
null
```

2026-05-23T09:01:05.818860Z	debug	config-status	Explanation of the decision flow for the Config Status of "networking.istio.io/EnvoyFilter" "global-periodical-access-log" version ""
Q: Is the config type "networking.istio.io/v1alpha3/EnvoyFilter" supported by XCP?
A: Yes
Q: Is it an internal config of XCP?
A: Yes
Verdict: Config Status is NOT reported since it's an internal config of XCP
Config Status:
```yaml
---
null
```

2026-05-23T09:01:05.818865Z	debug	config-status	Explanation of the decision flow for the Config Status of "networking.istio.io/EnvoyFilter" "global-request-id-propagation" version ""
Q: Is the config type "networking.istio.io/v1alpha3/EnvoyFilter" supported by XCP?
A: Yes
Q: Is it an internal config of XCP?
A: Yes
Verdict: Config Status is NOT reported since it's an internal config of XCP
Config Status:
```yaml
---
null
```

2026-05-23T09:01:05.818869Z	debug	config-status	Explanation of the decision flow for the Config Status of "networking.istio.io/EnvoyFilter" "global-tcp-keepalive-envoy-filter" version ""
Q: Is the config type "networking.istio.io/v1alpha3/EnvoyFilter" supported by XCP?
A: Yes
Q: Is it an internal config of XCP?
A: Yes
Verdict: Config Status is NOT reported since it's an internal config of XCP
Config Status:
```yaml
---
null
```

2026-05-23T09:01:05.818880Z	debug	config-status	Explanation of the decision flow for the Config Status of "networking.istio.io/EnvoyFilter" "global-xfcc-extractor-sidecar" version ""
Q: Is the config type "networking.istio.io/v1alpha3/EnvoyFilter" supported by XCP?
A: Yes
Q: Is it an internal config of XCP?
A: Yes
Verdict: Config Status is NOT reported since it's an internal config of XCP
Config Status:
```yaml
---
null
```

2026-05-23T09:01:05.818889Z	debug	config-status	Explanation of the decision flow for the Config Status of "networking.istio.io/EnvoyFilter" "global-xfcc-guard-15443" version ""
Q: Is the config type "networking.istio.io/v1alpha3/EnvoyFilter" supported by XCP?
A: Yes
Q: Is it an internal config of XCP?
A: Yes
Verdict: Config Status is NOT reported since it's an internal config of XCP
Config Status:
```yaml
---
null
```

2026-05-23T09:01:05.819030Z	debug	config-status	Explanation of the decision flow for the Config Status of "xcp.tetrate.io/Cluster" "cluster-0" version ""
Q: Is the config type "xcp.tetrate.io/v2/Cluster" supported by XCP?
A: Yes
Q: Is it an internal config of XCP?
A: No
Q: Is this config object managed by XCP?
A: Yes
Q: Did the Push Context report an ERROR for this config?
A: No
Q: Did the Push Context IGNORE this config?
A: No
Verdict: Config Status is UNKNOWN since status for that config type has NOT been implemented yet
Config Status:
```yaml
---
configId:
  group: xcp.tetrate.io
  kind: Cluster
  name: cluster-0
  namespace: istio-system
  version: v2
details: Config Status for that config type has NOT been implemented yet
metadata:
  annotations:
    kubectl.kubernetes.io/last-applied-configuration: |
      {"apiVersion":"xcp.tetrate.io/v2","kind":"Cluster","metadata":{"annotations":{},"name":"cluster-0","namespace":"xcp-system"},"spec":{"istioTrustDomain":"cluster.local"}}
```

2026-05-23T09:01:05.819084Z	debug	config-status	Explanation of the decision flow for the Config Status of "xcp.tetrate.io/Cluster" "cluster-1" version ""
Q: Is the config type "xcp.tetrate.io/v2/Cluster" supported by XCP?
A: Yes
Q: Is it an internal config of XCP?
A: No
Q: Is this config object managed by XCP?
A: Yes
Q: Did the Push Context report an ERROR for this config?
A: No
Q: Did the Push Context IGNORE this config?
A: No
Verdict: Config Status is UNKNOWN since status for that config type has NOT been implemented yet
Config Status:
```yaml
---
configId:
  group: xcp.tetrate.io
  kind: Cluster
  name: cluster-1
  namespace: istio-system
  version: v2
details: Config Status for that config type has NOT been implemented yet
metadata: {}
```

2026-05-23T09:01:05.819120Z	debug	config-status	Explanation of the decision flow for the Config Status of "xcp.tetrate.io/GlobalSetting" "global" version ""
Q: Is the config type "xcp.tetrate.io/v2/GlobalSetting" supported by XCP?
A: Yes
Q: Is it an internal config of XCP?
A: No
Q: Is this config object managed by XCP?
A: Yes
Q: Did the Push Context report an ERROR for this config?
A: No
Q: Did the Push Context IGNORE this config?
A: No
Q: Does the namespace selector resolve into at least ONE namespace in this cluster?
A: Yes
I: Checking the config status in each of the 8 target namespace(s): [cert-manager default echo kube-node-lease kube-public local-path-storage metallb-system xcp-system]
I: [1/8] verdict in "cert-manager" namespace: Config Status is UNKNOWN since translation is SKIPPED on that namespace
I: [2/8] verdict in "default" namespace: Config Status is UNKNOWN since translation is SKIPPED on that namespace
I: [3/8] verdict in "echo" namespace: Config Status is UNKNOWN since there were NO translation errors but the config was NOT mapped onto any output config(s)
I: [4/8] verdict in "kube-node-lease" namespace: Config Status is UNKNOWN since translation is SKIPPED on that namespace
I: [5/8] verdict in "kube-public" namespace: Config Status is UNKNOWN since translation is SKIPPED on that namespace
I: [6/8] verdict in "local-path-storage" namespace: Config Status is UNKNOWN since translation is SKIPPED on that namespace
I: [7/8] verdict in "metallb-system" namespace: Config Status is UNKNOWN since translation is SKIPPED on that namespace
I: [8/8] verdict in "xcp-system" namespace: Config Status is UNKNOWN since translation is SKIPPED on that namespace
I: Status summary across 8 target namespace(s): TRANSLATION SKIPPED in 7 namespace(s), TRANSLATED BUT NOT MAPPED in 1 namespace(s)
I: Using "lenient" strategy to decide on the aggregated status across 8 target namespace(s)
Q: Have there been any errors while translating this config in ANY of the 8 target namespaces?
A: No
Q: Has the config been APPLIED in at least ONE of the target namespaces?
A: No
Verdict: Config Status is NOT reported since the config has NOT yet been APPLIED in ANY of 8 target namespace(s)
Config Status:
```yaml
---
null
```

2026-05-23T09:01:05.819340Z	debug	status	generated status report in 543.625µs
2026-05-23T09:01:05.819353Z	debug	debounce	notify cbk returned	id=a09a36e7
2026-05-23T09:01:05.819358Z	debug	debounce	Applying exponential step-up. maxSilentCurrent updated to: 2s	id=a09a36e7
2026-05-23T09:01:05.819363Z	debug	status	triggering status report sender with 2 messages
2026-05-23T09:01:05.819407Z	debug	status	successfully sent config-status report(epoch:54, messages:2) in 31.375µs
2026-05-23T09:01:05.818852Z	debug	cluster-gen	istioServices: 13
2026-05-23T09:01:05.819530Z	debug	cluster-gen	Ignoring service kube-system/kube-dns
2026-05-23T09:01:05.819580Z	info	no portname specified for service metallb-webhook-service.metallb-system.svc.cluster.local port 443. no endpoints will be detected
2026-05-23T09:01:05.819581Z	info	no portname specified for service metallb-webhook-service.metallb-system.svc.cluster.local port 443. no endpoints will be detected
2026-05-23T09:01:05.819585Z	debug	cluster-gen	Ignoring service kube-system/metrics-server
2026-05-23T09:01:05.819635Z	debug	discovery-cache	added istio service instances in namespace: metallb-system objects 0, changed false
2026-05-23T09:01:05.819641Z	debug	discovery-cache	added istio service instances in namespace: xcp-system objects 0, changed false
2026-05-23T09:01:05.819642Z	debug	discovery-cache	added istio service instances in namespace: istio-system objects 0, changed false
2026-05-23T09:01:05.819643Z	debug	discovery-cache	added istio service instances in namespace: cert-manager objects 0, changed false
2026-05-23T09:01:05.819644Z	debug	discovery-cache	added istio service instances in namespace: default objects 0, changed false
2026-05-23T09:01:05.819649Z	debug	cluster-state	triggerConfigTranslation false ,triggerConfigTranslationReason false 
2026-05-23T09:01:05.819651Z	debug	cluster-state	All gateway hostname mappings are same.
2026-05-23T09:01:05.819652Z	debug	cluster-state	All gatewayHost bounded k8s svcs have same addresses.
2026-05-23T09:01:05.819652Z	debug	cluster-state	No significant changes detected; skipping report to other clusters.
2026-05-23T09:01:05.819653Z	debug	cluster-state	No significant changes detected for east-west services; skipping report to other clusters.
2026-05-23T09:01:05.819654Z	debug	cluster-state	All gateway hostname mappings are same.
2026-05-23T09:01:05.819657Z	debug	cluster-state	handleClusterStateChangedEvent, actions: map[sendHeaderToCentral:{}]
2026-05-23T09:01:05.819679Z	debug	discovery-server	wrote channel for sending header only
2026-05-23T09:01:05.819683Z	debug	cluster-state	Sent header to central
2026-05-23T09:01:05.819685Z	debug	discovery-server	Sending cluster-state update to central xcp
2026-05-23T09:01:05.819706Z	debug	discovery-server	Done sending cluster-state to central xcp
2026-05-23T09:01:06.818664Z	debug	debounce	resetting maxSilentCurrent. updated: 1s	id=fcd9f881
2026-05-23T09:01:07.819735Z	debug	debounce	resetting maxSilentCurrent. updated: 1s	id=919326fd
2026-05-23T09:01:07.819752Z	debug	debounce	resetting maxSilentCurrent. updated: 1s	id=a09a36e7
2026-05-23T09:01:24.836472Z	debug	configapply	translator regenerate event received for namespace client-c0 add
2026-05-23T09:01:24.836500Z	debug	cluster-state	Triggering cluster state change event due to namespace_update, at 2026-05-23 09:01:24.836490471 +0000 UTC m=+97281.643401630 (force regenerate config = map[]). Resources: []
2026-05-23T09:01:24.836502Z	debug	configapply	added/updated namespace: client-c0
2026-05-23T09:01:24.836979Z	debug	model	gateway-group mapping: map[]
2026-05-23T09:01:24.837001Z	debug	model	security-group mapping: map[]
2026-05-23T09:01:24.837003Z	debug	model	traffic-group mapping: map[]
2026-05-23T09:01:24.837005Z	debug	model	istio-internal-group mapping: map[]
2026-05-23T09:01:24.837007Z	debug	model	gateway-deployment mapping: map[]
2026-05-23T09:01:24.837035Z	debug	model	processing 12 objects for cluster cluster-0
2026-05-23T09:01:24.837331Z	info	mutatingServer	system:serviceaccount:istio-system:istiod-stable is not XCP edge user, not adding content hash annotation
2026-05-23T09:01:24.838519Z	info	mutatingServer	system:serviceaccount:kube-system:root-ca-cert-publisher is not XCP edge user, not adding content hash annotation
2026-05-23T09:01:24.841314Z	info	mutatingServer	system:serviceaccount:istio-system:istiod-stable is not XCP edge user, not adding content hash annotation
2026-05-23T09:01:24.844167Z	info	mutatingServer	system:serviceaccount:istio-system:istiod-stable is not XCP edge user, not adding content hash annotation
2026-05-23T09:01:24.862208Z	debug	kube	Pod client-c0/client-56b675d94f-gpv5b has no IP
2026-05-23T09:01:24.867926Z	debug	kube	Pod client-c0/client-56b675d94f-gpv5b has no IP
2026-05-23T09:01:24.878141Z	debug	kube	Pod client-c0/client-56b675d94f-gpv5b has no IP
2026-05-23T09:01:25.838780Z	debug	debounce	notify cbk invoked	id=919326fd
2026-05-23T09:01:25.838829Z	debug	debounce	notify cbk returned	id=919326fd
2026-05-23T09:01:25.838834Z	debug	debounce	Applying exponential step-up. maxSilentCurrent updated to: 2s	id=919326fd
2026-05-23T09:01:25.838852Z	info	cluster-state	processClusterStateChangeEvents: cluster-eventid: 2026-05-23 09:01:24.836490471 +0000 UTC m=+97281.643401630 and 0 more, queue length: 0, reasons: namespace_update,, forceConfigRegenReasons: map[], resources: []
2026-05-23T09:01:25.838855Z	debug	cluster-state	handleClusterStateChangedEvent: Trigger reasons: namespace_update,, Forced translation: map[], Resources: []
2026-05-23T09:01:25.838875Z	debug	cluster-gen	istioServices: 13
2026-05-23T09:01:25.838985Z	debug	cluster-gen	Ignoring service kube-system/kube-dns
2026-05-23T09:01:25.839011Z	info	no portname specified for service metallb-webhook-service.metallb-system.svc.cluster.local port 443. no endpoints will be detected
2026-05-23T09:01:25.839016Z	info	no portname specified for service metallb-webhook-service.metallb-system.svc.cluster.local port 443. no endpoints will be detected
2026-05-23T09:01:25.839019Z	debug	cluster-gen	Ignoring service kube-system/metrics-server
2026-05-23T09:01:25.839075Z	debug	discovery-cache	added istio service instances in namespace: istio-system objects 0, changed false
2026-05-23T09:01:25.839080Z	debug	discovery-cache	added istio service instances in namespace: cert-manager objects 0, changed false
2026-05-23T09:01:25.839081Z	debug	discovery-cache	added istio service instances in namespace: default objects 0, changed false
2026-05-23T09:01:25.839082Z	debug	discovery-cache	added istio service instances in namespace: metallb-system objects 0, changed false
2026-05-23T09:01:25.839083Z	debug	discovery-cache	added istio service instances in namespace: xcp-system objects 0, changed false
2026-05-23T09:01:25.839090Z	debug	cluster-state	triggerConfigTranslation false ,triggerConfigTranslationReason false 
2026-05-23T09:01:25.839092Z	debug	cluster-state	All gateway hostname mappings are same.
2026-05-23T09:01:25.839093Z	debug	cluster-state	All gatewayHost bounded k8s svcs have same addresses.
2026-05-23T09:01:25.839093Z	debug	cluster-state	No significant changes detected; skipping report to other clusters.
2026-05-23T09:01:25.839094Z	debug	cluster-state	No significant changes detected for east-west services; skipping report to other clusters.
2026-05-23T09:01:25.839100Z	debug	cluster-state	handleClusterStateChangedEvent, actions: map[sendClusterToCentral:{}]
2026-05-23T09:01:25.839163Z	debug	discovery-server	wrote channel for sending cluster updates
2026-05-23T09:01:25.839167Z	debug	cluster-state	Sent 5 namespaces to central. len(HostToK8sSvc) 0
2026-05-23T09:01:25.839170Z	debug	discovery-server	Sending cluster-state update to central xcp
2026-05-23T09:01:25.839228Z	debug	discovery-server	Done sending cluster-state to central xcp
2026-05-23T09:01:27.839832Z	debug	debounce	resetting maxSilentCurrent. updated: 1s	id=919326fd
2026-05-23T09:01:31.721827Z	debug	discovery-server	Received crd stream with 4 CR objects and 43 configuration version from central xcp
2026-05-23T09:01:31.721846Z	debug	transform	Received xcp root api crd of kind: GlobalSetting
2026-05-23T09:01:31.721854Z	debug	transform	Received xcp root api crd of kind: Workspace
2026-05-23T09:01:31.721858Z	debug	transform	Received xcp root api crd of kind: WorkspaceSetting
2026-05-23T09:01:31.721866Z	debug	transform	Received xcp root api crd of kind: Cluster
2026-05-23T09:01:31.721874Z	debug	resource-cache	[istio-system] ===BEGIN: Apply request for 4 objects
2026-05-23T09:01:31.721939Z	debug	resource-cache	[istio-system] Create for {"type":{"group":"xcp.tetrate.io","version":"v2","kind":"GlobalSetting"},"name":"global","namespace":"istio-system","annotations":{"kubectl.kubernetes.io/last-applied-configuration":"{\"apiVersion\":\"xcp.tetrate.io/v2\",\"kind\":\"GlobalSetting\",\"metadata\":{\"annotations\":{},\"name\":\"global\",\"namespace\":\"xcp-system\"},\"spec\":{\"networkSettings\":{\"networkReachability\":{\"nw-cluster-0\":\"nw-cluster-1\",\"nw-cluster-1\":\"nw-cluster-0\"}}}}\n"},"creationTimestamp":"0001-01-01T00:00:00Z","Spec":{"networkSettings":{"networkReachability":{"nw-cluster-0":"nw-cluster-1","nw-cluster-1":"nw-cluster-0"}}},"Status":null,"Extra":null}
2026-05-23T09:01:31.721964Z	debug	resource-cache	[istio-system] Create for {"type":{"group":"xcp.tetrate.io","version":"v2","kind":"Cluster"},"name":"cluster-0","namespace":"istio-system","annotations":{"kubectl.kubernetes.io/last-applied-configuration":"{\"apiVersion\":\"xcp.tetrate.io/v2\",\"kind\":\"Cluster\",\"metadata\":{\"annotations\":{},\"name\":\"cluster-0\",\"namespace\":\"xcp-system\"},\"spec\":{\"istioTrustDomain\":\"cluster.local\"}}\n"},"creationTimestamp":"0001-01-01T00:00:00Z","Spec":{"istioTrustDomain":"cluster.local","state":{"xcpVersion":"v0.0.0-unofficial","istioVersions":["1.28.3-9aa2ee3271-distroless"],"provider":"kind","lastSyncTime":"2026-05-23T09:01:25.839444804Z","metadata":"null","discoveredLocality":{"region":"us-east1"},"monotonicVersion":{"epoch":[414,1187164380],"counter":[248]},"mode":"CONTROL","clusterUid":"3c79532d-841c-4e9b-9a58-ff7a4559c078"},"network":"nw-cluster-0","gwHostNamespacesChanged":false,"eastWestServiceNamespacesChanged":false},"Status":null,"Extra":null}
2026-05-23T09:01:31.721965Z	debug	resource-cache	[istio-system] objects previously in k8s api server cache: 2
2026-05-23T09:01:31.722000Z	debug	configapply	computed hash for Cluster:istio-system/cluster-0 - 4f7c773a823da1cbc085bc364e4403f4
2026-05-23T09:01:31.722001Z	debug	resource-cache	[istio-system] Create for {"type":{"group":"xcp.tetrate.io","version":"v2","kind":"WorkspaceSetting"},"name":"xc-ws-settings","namespace":"istio-system","labels":{"xcp.tetrate.io/workspace":"xc-ws"},"annotations":{"kubectl.kubernetes.io/last-applied-configuration":"{\"apiVersion\":\"xcp.tetrate.io/v2\",\"kind\":\"WorkspaceSetting\",\"metadata\":{\"annotations\":{},\"labels\":{\"xcp.tetrate.io/workspace\":\"xc-ws\"},\"name\":\"xc-ws-settings\",\"namespace\":\"xcp-system\"},\"spec\":{\"defaultEastWestGatewaySettings\":[{\"exposedServices\":[{\"serviceLabels\":{\"app\":\"backend\"}}],\"workloadSelector\":{\"labels\":{\"app\":\"ew-gateway\"},\"namespace\":\"backend-c1\"}}]}}\n"},"creationTimestamp":"0001-01-01T00:00:00Z","Spec":{"defaultEastWestGatewaySettings":[{"workloadSelector":{"namespace":"backend-c1","labels":{"app":"ew-gateway"}},"exposedServices":[{"serviceLabels":{"app":"backend"}}]}]},"Status":null,"Extra":null}
2026-05-23T09:01:31.722010Z	debug	discovery-server	Updating spec istio-system/cluster-0:
2026-05-23T09:01:31.722017Z	debug	configapply	computed hash for WorkspaceSetting:istio-system/xc-ws-settings - c849a72e3c0bf9b4408d35e4eb3c49b0
2026-05-23T09:01:31.722020Z	warn	kube	kube-client could not fetch on get xc-ws-settings/istio-system
2026-05-23T09:01:31.722021Z	debug	resource-cache	[istio-system] Create for {"type":{"group":"xcp.tetrate.io","version":"v2","kind":"Workspace"},"name":"xc-ws","namespace":"istio-system","annotations":{"kubectl.kubernetes.io/last-applied-configuration":"{\"apiVersion\":\"xcp.tetrate.io/v2\",\"kind\":\"Workspace\",\"metadata\":{\"annotations\":{},\"name\":\"xc-ws\",\"namespace\":\"xcp-system\"},\"spec\":{\"namespaceSelector\":{\"names\":[\"cluster-0/client-c0\",\"cluster-1/backend-c1\"]}}}\n"},"creationTimestamp":"0001-01-01T00:00:00Z","Spec":{"namespaceSelector":{"names":["cluster-0/client-c0","cluster-1/backend-c1"]}},"Status":null,"Extra":null}
2026-05-23T09:01:31.722058Z	debug	configapply	computed hash for Workspace:istio-system/xc-ws - 32b68c018c13a57f045d6319290a4b2b
2026-05-23T09:01:31.722086Z	warn	kube	kube-client could not fetch on get xc-ws/istio-system
2026-05-23T09:01:31.721965Z	debug	configapply	computed hash for GlobalSetting:istio-system/global - a4ea6fdb96a560bad02f02d83ce678a8
2026-05-23T09:01:31.722093Z	debug	discovery-server	same hash so neither creating nor updating
2026-05-23T09:01:31.722022Z	debug	resource-cache	[istio-system] stale resources to be deleted []
2026-05-23T09:01:31.723627Z	debug	handling validation webhook for xcp.tetrate.io/v2, Kind=WorkspaceSetting
2026-05-23T09:01:31.723778Z	info	Authorized Admission request for CREATE operation on xcp.tetrate.io/v2, Kind=WorkspaceSetting/xc-ws-settings for username system:serviceaccount:istio-system:xcp-edge
2026-05-23T09:01:31.724213Z	debug	handling validation webhook for xcp.tetrate.io/v2, Kind=Workspace
2026-05-23T09:01:31.724294Z	info	Authorized Admission request for CREATE operation on xcp.tetrate.io/v2, Kind=Workspace/xc-ws for username system:serviceaccount:istio-system:xcp-edge
2026-05-23T09:01:31.725253Z	debug	handling validation webhook for xcp.tetrate.io/v2, Kind=Cluster
2026-05-23T09:01:31.725445Z	info	Authorized Admission request for UPDATE operation on xcp.tetrate.io/v2, Kind=Cluster/cluster-0 for username system:serviceaccount:istio-system:xcp-edge
2026-05-23T09:01:31.726326Z	debug	discovery-server	Sending xcp config update notification to Istio config translator channel
2026-05-23T09:01:31.726337Z	debug	discovery-server	Channel written successfully
2026-05-23T09:01:31.727210Z	debug	discovery-server	Sending xcp config update notification to Istio config translator channel
2026-05-23T09:01:31.727221Z	debug	discovery-server	Channel written successfully
2026-05-23T09:01:31.727438Z	debug	discovery-server	Sending xcp config update notification to Istio config translator channel
2026-05-23T09:01:31.727466Z	debug	discovery-server	Channel written successfully
2026-05-23T09:01:31.727596Z	debug	resource-cache	[istio-system] ResourceCache length 12
2026-05-23T09:01:31.727606Z	debug	resource-cache	[istio-system] ===END: Apply request for 4 objects in 0.005731 s
2026-05-23T09:01:31.727610Z	debug	discovery-server	Pushed cr objects from central xcp to local k8s apiserver
2026-05-23T09:01:31.727614Z	debug	discovery-server	Waiting on recv for crds
2026-05-23T09:01:32.729306Z	debug	debounce	notify cbk invoked	id=fcd9f881
2026-05-23T09:01:32.729357Z	debug	debounce	notify cbk returned	id=fcd9f881
2026-05-23T09:01:32.729363Z	debug	debounce	Applying exponential step-up. maxSilentCurrent updated to: 2s	id=fcd9f881
2026-05-23T09:01:32.729379Z	info	cluster-state	processConfigTranslationNotification: cluster-eventid: 2026-05-23 09:01:31.727464668 +0000 UTC m=+97288.533849507 and 0 more, queue length: 0, reasons: config,, forceConfigRegenReasons: map[], resources: []
2026-05-23T09:01:32.729382Z	debug	configapply	Sending XCP api CRDs to istio config translator
2026-05-23T09:01:32.729547Z	debug	model	gateway-group mapping: map[]
2026-05-23T09:01:32.729552Z	debug	model	security-group mapping: map[]
2026-05-23T09:01:32.729553Z	debug	model	traffic-group mapping: map[]
2026-05-23T09:01:32.729554Z	debug	model	istio-internal-group mapping: map[]
2026-05-23T09:01:32.729555Z	debug	model	gateway-deployment mapping: map[]
2026-05-23T09:01:32.729571Z	debug	model	processing 14 objects for cluster cluster-0
2026-05-23T09:01:32.729660Z	debug	model	Processing workspace: istio-system/xc-ws, o.gvk xcp.tetrate.io/v2/Workspace
2026-05-23T09:01:32.729666Z	debug	model	resolved workspace namespaces [client-c0]
2026-05-23T09:01:32.729672Z	info	model	client-c0: adding workspace xc-ws
2026-05-23T09:01:32.729794Z	debug	model	populateGroups workspace = xc-ws, &{Meta:{GroupVersionKind:xcp.tetrate.io/v2/Workspace UID: Name:xc-ws Namespace:istio-system Domain: Labels:map[] Annotations:map[kubectl.kubernetes.io/last-applied-configuration:{"apiVersion":"xcp.tetrate.io/v2","kind":"Workspace","metadata":{"annotations":{},"name":"xc-ws","namespace":"xcp-system"},"spec":{"namespaceSelector":{"names":["cluster-0/client-c0","cluster-1/backend-c1"]}}}
 xcp.tetrate.io/contentHash:32b68c018c13a57f045d6319290a4b2b] ResourceVersion:380056 CreationTimestamp:2026-05-23 09:01:31 +0000 UTC OwnerReferences:[] Generation:0} Spec:namespace_selector:{names:"cluster-0/client-c0" names:"cluster-1/backend-c1"} Status:<nil> Extra:map[]}
2026-05-23T09:01:32.729799Z	debug	model	registered settings xc-ws-settings for workspace xc-ws
2026-05-23T09:01:32.730010Z	debug	eastwest-configgen	namespace "cert-manager" does not have Istio revision "" in boundary "global". Ambient mode: false
2026-05-23T09:01:32.730015Z	debug	eastwest-configgen	namespace "kube-node-lease" does not have Istio revision "" in boundary "global". Ambient mode: false
2026-05-23T09:01:32.730016Z	debug	eastwest-configgen	namespace "kube-public" does not have Istio revision "" in boundary "global". Ambient mode: false
2026-05-23T09:01:32.730017Z	debug	eastwest-configgen	namespace "local-path-storage" does not have Istio revision "" in boundary "global". Ambient mode: false
2026-05-23T09:01:32.730018Z	debug	eastwest-configgen	namespace "metallb-system" does not have Istio revision "" in boundary "global". Ambient mode: false
2026-05-23T09:01:32.730018Z	debug	eastwest-configgen	namespace "default" does not have Istio revision "" in boundary "global". Ambient mode: false
2026-05-23T09:01:32.730019Z	debug	eastwest-configgen	namespace "xcp-system" does not have Istio revision "" in boundary "global". Ambient mode: false
2026-05-23T09:01:32.730089Z	info	no portname specified for service metallb-webhook-service.metallb-system.svc.cluster.local port 443. no endpoints will be detected
2026-05-23T09:01:32.730103Z	info	eastwest-configgen	no endpoints found for service "metallb-webhook-service.metallb-system.svc.cluster.local" port 443
2026-05-23T09:01:32.730111Z	info	model	matching services for east-west gateway%!(EXTRA string=selector: %v, map[string]string=map[app:backend])
2026-05-23T09:01:32.730117Z	debug	eastwest-configgen	computed east-west gateway associations: {
    "xc-ws": {
      "ExposedServices": {
        "0": {}
      },
      "GatewayServices": {
        "0": {}
      }
    }
  }
2026-05-23T09:01:32.730123Z	debug	configapply	Translation triggered for all [kube-public local-path-storage metallb-system default xcp-system client-c0 cert-manager echo kube-node-lease] namespaces
2026-05-23T09:01:32.730140Z	debug	translator	skipping translation for namespace "kube-node-lease"	ns=kube-node-lease id=c680e5db
2026-05-23T09:01:32.730151Z	debug	resource-cache	Batch-based resource tracking disabled, falling back to namespace-based
2026-05-23T09:01:32.730153Z	debug	resource-cache	[kube-node-lease] ===BEGIN: Apply request for 0 objects
2026-05-23T09:01:32.730149Z	debug	translator	skipping translation for namespace "default"	ns=default id=5034ed99
2026-05-23T09:01:32.730156Z	debug	resource-cache	Batch-based resource tracking disabled, falling back to namespace-based
2026-05-23T09:01:32.730157Z	debug	resource-cache	[default] ===BEGIN: Apply request for 0 objects
2026-05-23T09:01:32.730158Z	debug	resource-cache	Delete all objects from the namespace default
2026-05-23T09:01:32.730158Z	debug	translator	skipping translation for namespace "xcp-system"	ns=xcp-system id=b6334ea3
2026-05-23T09:01:32.730162Z	debug	resource-cache	Batch-based resource tracking disabled, falling back to namespace-based
2026-05-23T09:01:32.730163Z	debug	resource-cache	[xcp-system] ===BEGIN: Apply request for 0 objects
2026-05-23T09:01:32.730164Z	debug	resource-cache	Delete all objects from the namespace xcp-system
2026-05-23T09:01:32.730165Z	debug	resource-cache	[xcp-system] objects previously in k8s api server cache: 0
2026-05-23T09:01:32.730166Z	debug	resource-cache	[xcp-system] No previous objects at k8s apiserver cache for namespace
2026-05-23T09:01:32.730169Z	debug	resource-cache	[xcp-system] ===END: Apply request for 0 objects in 0.000003 s
2026-05-23T09:01:32.730180Z	debug	resource-cache	[xcp-system] ===BEGIN: Apply request for 0 objects
2026-05-23T09:01:32.730181Z	debug	resource-cache	Delete all objects from the namespace xcp-system
2026-05-23T09:01:32.730181Z	debug	resource-cache	[xcp-system] objects previously in k8s api server cache: 0
2026-05-23T09:01:32.730182Z	debug	resource-cache	[xcp-system] No previous objects at k8s apiserver cache for namespace
2026-05-23T09:01:32.730183Z	debug	resource-cache	[xcp-system] ===END: Apply request for 0 objects in 0.000003 s
2026-05-23T09:01:32.730160Z	debug	resource-cache	[default] objects previously in k8s api server cache: 0
2026-05-23T09:01:32.730187Z	debug	resource-cache	[default] No previous objects at k8s apiserver cache for namespace
2026-05-23T09:01:32.730188Z	debug	resource-cache	[default] ===END: Apply request for 0 objects in 0.000031 s
2026-05-23T09:01:32.730191Z	debug	resource-cache	[default] ===BEGIN: Apply request for 0 objects
2026-05-23T09:01:32.730192Z	debug	resource-cache	Delete all objects from the namespace default
2026-05-23T09:01:32.730193Z	debug	resource-cache	[default] objects previously in k8s api server cache: 0
2026-05-23T09:01:32.730194Z	debug	resource-cache	[default] No previous objects at k8s apiserver cache for namespace
2026-05-23T09:01:32.730195Z	debug	resource-cache	[default] ===END: Apply request for 0 objects in 0.000004 s
2026-05-23T09:01:32.730154Z	debug	resource-cache	Delete all objects from the namespace kube-node-lease
2026-05-23T09:01:32.730202Z	debug	resource-cache	[kube-node-lease] objects previously in k8s api server cache: 0
2026-05-23T09:01:32.730203Z	debug	resource-cache	[kube-node-lease] No previous objects at k8s apiserver cache for namespace
2026-05-23T09:01:32.730204Z	debug	resource-cache	[kube-node-lease] ===END: Apply request for 0 objects in 0.000051 s
2026-05-23T09:01:32.730207Z	debug	resource-cache	[kube-node-lease] ===BEGIN: Apply request for 0 objects
2026-05-23T09:01:32.730207Z	debug	resource-cache	Delete all objects from the namespace kube-node-lease
2026-05-23T09:01:32.730208Z	debug	resource-cache	[kube-node-lease] objects previously in k8s api server cache: 0
2026-05-23T09:01:32.730209Z	debug	resource-cache	[kube-node-lease] No previous objects at k8s apiserver cache for namespace
2026-05-23T09:01:32.730210Z	debug	resource-cache	[kube-node-lease] ===END: Apply request for 0 objects in 0.000003 s
2026-05-23T09:01:32.730220Z	debug	resource-cache	Unmanaged Istio resources by kind: map[AuthorizationPolicy:0 DestinationRule:0 EnvoyFilter:0 Gateway:0 PeerAuthentication:0 RequestAuthentication:0 ServiceEntry:0 Sidecar:0 Telemetry:0 VirtualService:0 WasmPlugin:0 WorkloadEntry:0]
2026-05-23T09:01:32.730222Z	warn	translator	error while looking up traffic group for namespace "client-c0": traffic group not found for namespace client-c0 in workspace xc-ws	ns=client-c0 id=b1780649
2026-05-23T09:01:32.730231Z	debug	translator	error while looking up workspace for namespace "echo": the namespace "echo" is not mapped to any workspace	ns=echo id=bec5a231
2026-05-23T09:01:32.730233Z	debug	translator	traffic group for namespace "client-c0" not found. applying defaults	ns=client-c0 id=b1780649
2026-05-23T09:01:32.730235Z	debug	translator	failed to lookup workspace for namespace "echo": the namespace "echo" is not mapped to any workspace	ns=echo id=bec5a231
2026-05-23T09:01:32.730236Z	debug	translator	workspace for namespace "echo" not found	ns=echo id=bec5a231
2026-05-23T09:01:32.730236Z	debug	translator	traffic group for namespace "client-c0" not found	ns=client-c0 id=b1780649
2026-05-23T09:01:32.730237Z	debug	translator	[ambient] buildEastWestGatewayConfigs: entry point called	ns=echo id=bec5a231
2026-05-23T09:01:32.730238Z	debug	translator	[ambient] doBuildEastWestGatewayConfigsforAllWorkspaces: processing 1 workspaces	ns=echo id=bec5a231
2026-05-23T09:01:32.730239Z	debug	translator	[ambient] processing workspace 0: xc-ws	ns=echo id=bec5a231
2026-05-23T09:01:32.730241Z	debug	translator	[ambient] workspace xc-ws generated 0 regular east-west configs	ns=echo id=bec5a231
2026-05-23T09:01:32.730242Z	debug	translator	[ambient] EnableAmbient=false, skipping ambient hybrid configs for workspace xc-ws	ns=echo id=bec5a231
2026-05-23T09:01:32.730243Z	debug	translator	[ambient] doBuildEastWestGatewayConfigsforAllWorkspaces: total generated 0 configs	ns=echo id=bec5a231
2026-05-23T09:01:32.730244Z	debug	translator	upstream traffic setting for namespace "client-c0" not found, default settings will be created	ns=client-c0 id=b1780649
2026-05-23T09:01:32.730246Z	debug	translator	error while looking up workspace for namespace "echo": the namespace "echo" is not mapped to any workspace	ns=echo id=bec5a231
2026-05-23T09:01:32.730247Z	debug	translator	error while looking up workspace for namespace "echo": the namespace "echo" is not mapped to any workspace	ns=echo id=bec5a231
2026-05-23T09:01:32.730248Z	debug	translator	generated configurations: 0 traffic, 0 security, 0 gateway, 0 istio internal	ns=echo id=bec5a231
2026-05-23T09:01:32.730249Z	debug	translator	ew-gen: generating east-west workload entry configs for local services that are exposed for east-west routing	ns=echo id=bec5a231
2026-05-23T09:01:32.730254Z	debug	resource-cache	Batch-based resource tracking disabled, falling back to namespace-based
2026-05-23T09:01:32.730254Z	debug	resource-cache	[echo] ===BEGIN: Apply request for 0 objects
2026-05-23T09:01:32.730255Z	debug	resource-cache	Delete all objects from the namespace echo
2026-05-23T09:01:32.730256Z	debug	resource-cache	[echo] objects previously in k8s api server cache: 0
2026-05-23T09:01:32.730256Z	debug	resource-cache	[echo] No previous objects at k8s apiserver cache for namespace
2026-05-23T09:01:32.730257Z	debug	resource-cache	[echo] ===END: Apply request for 0 objects in 0.000003 s
2026-05-23T09:01:32.730261Z	debug	resource-cache	[echo] ===BEGIN: Apply request for 0 objects
2026-05-23T09:01:32.730262Z	debug	resource-cache	Delete all objects from the namespace echo
2026-05-23T09:01:32.730262Z	debug	resource-cache	[echo] objects previously in k8s api server cache: 0
2026-05-23T09:01:32.730263Z	debug	resource-cache	[echo] No previous objects at k8s apiserver cache for namespace
2026-05-23T09:01:32.730264Z	debug	resource-cache	[echo] ===END: Apply request for 0 objects in 0.000003 s
2026-05-23T09:01:32.730269Z	debug	translator	skipping translation for namespace "metallb-system"	ns=metallb-system id=e17cddc5
2026-05-23T09:01:32.730271Z	debug	resource-cache	Batch-based resource tracking disabled, falling back to namespace-based
2026-05-23T09:01:32.730272Z	debug	resource-cache	[metallb-system] ===BEGIN: Apply request for 0 objects
2026-05-23T09:01:32.730272Z	debug	resource-cache	Delete all objects from the namespace metallb-system
2026-05-23T09:01:32.730273Z	debug	resource-cache	[metallb-system] objects previously in k8s api server cache: 0
2026-05-23T09:01:32.730274Z	debug	resource-cache	[metallb-system] No previous objects at k8s apiserver cache for namespace
2026-05-23T09:01:32.730274Z	debug	resource-cache	[metallb-system] ===END: Apply request for 0 objects in 0.000003 s
2026-05-23T09:01:32.730277Z	debug	resource-cache	[metallb-system] ===BEGIN: Apply request for 0 objects
2026-05-23T09:01:32.730278Z	debug	resource-cache	Delete all objects from the namespace metallb-system
2026-05-23T09:01:32.730279Z	debug	resource-cache	[metallb-system] objects previously in k8s api server cache: 0
2026-05-23T09:01:32.730279Z	debug	resource-cache	[metallb-system] No previous objects at k8s apiserver cache for namespace
2026-05-23T09:01:32.730280Z	debug	resource-cache	[metallb-system] ===END: Apply request for 0 objects in 0.000003 s
2026-05-23T09:01:32.730283Z	debug	translator	skipping translation for namespace "kube-public"	ns=kube-public id=7d56f386
2026-05-23T09:01:32.730281Z	debug	translator	skipping translation for namespace "local-path-storage"	ns=local-path-storage id=3e9c6f77
2026-05-23T09:01:32.730288Z	debug	resource-cache	Batch-based resource tracking disabled, falling back to namespace-based
2026-05-23T09:01:32.730289Z	debug	resource-cache	[local-path-storage] ===BEGIN: Apply request for 0 objects
2026-05-23T09:01:32.730290Z	debug	resource-cache	Delete all objects from the namespace local-path-storage
2026-05-23T09:01:32.730291Z	debug	resource-cache	[local-path-storage] objects previously in k8s api server cache: 0
2026-05-23T09:01:32.730291Z	debug	resource-cache	[local-path-storage] No previous objects at k8s apiserver cache for namespace
2026-05-23T09:01:32.730292Z	debug	resource-cache	[local-path-storage] ===END: Apply request for 0 objects in 0.000004 s
2026-05-23T09:01:32.730299Z	debug	resource-cache	[local-path-storage] ===BEGIN: Apply request for 0 objects
2026-05-23T09:01:32.730300Z	debug	resource-cache	Delete all objects from the namespace local-path-storage
2026-05-23T09:01:32.730301Z	debug	resource-cache	[local-path-storage] objects previously in k8s api server cache: 0
2026-05-23T09:01:32.730301Z	debug	resource-cache	[local-path-storage] No previous objects at k8s apiserver cache for namespace
2026-05-23T09:01:32.730302Z	debug	resource-cache	[local-path-storage] ===END: Apply request for 0 objects in 0.000004 s
2026-05-23T09:01:32.730286Z	debug	resource-cache	Batch-based resource tracking disabled, falling back to namespace-based
2026-05-23T09:01:32.730306Z	debug	resource-cache	[kube-public] ===BEGIN: Apply request for 0 objects
2026-05-23T09:01:32.730307Z	debug	resource-cache	Delete all objects from the namespace kube-public
2026-05-23T09:01:32.730308Z	debug	resource-cache	[kube-public] objects previously in k8s api server cache: 0
2026-05-23T09:01:32.730309Z	debug	resource-cache	[kube-public] No previous objects at k8s apiserver cache for namespace
2026-05-23T09:01:32.730310Z	debug	resource-cache	[kube-public] ===END: Apply request for 0 objects in 0.000004 s
2026-05-23T09:01:32.730313Z	debug	resource-cache	[kube-public] ===BEGIN: Apply request for 0 objects
2026-05-23T09:01:32.730314Z	debug	resource-cache	Delete all objects from the namespace kube-public
2026-05-23T09:01:32.730315Z	debug	resource-cache	[kube-public] objects previously in k8s api server cache: 0
2026-05-23T09:01:32.730315Z	debug	resource-cache	[kube-public] No previous objects at k8s apiserver cache for namespace
2026-05-23T09:01:32.730316Z	debug	resource-cache	[kube-public] ===END: Apply request for 0 objects in 0.000003 s
2026-05-23T09:01:32.730384Z	warn	translator	failed to lookup security group for "client-c0": security group not found for namespace client-c0 in workspace xc-ws	ns=client-c0 id=b1780649
2026-05-23T09:01:32.730390Z	debug	translator	security group for namespace "client-c0" not found. applying defaults	ns=client-c0 id=b1780649
2026-05-23T09:01:32.730394Z	debug	translator	defaultEastWestAuthzRequired: cannot get gateway group object: gateway group not found for namespace client-c0 in workspace xc-ws	ns=client-c0 id=b1780649
2026-05-23T09:01:32.730397Z	debug	translator	gateway group for namespace "client-c0" not found	ns=client-c0 id=b1780649
2026-05-23T09:01:32.730398Z	debug	translator	[ambient] buildEastWestGatewayConfigs: entry point called	ns=client-c0 id=b1780649
2026-05-23T09:01:32.730400Z	debug	translator	[ambient] doBuildEastWestGatewayConfigsforAllWorkspaces: processing 1 workspaces	ns=client-c0 id=b1780649
2026-05-23T09:01:32.730401Z	debug	translator	[ambient] processing workspace 0: xc-ws	ns=client-c0 id=b1780649
2026-05-23T09:01:32.730402Z	debug	translator	[ambient] workspace xc-ws generated 0 regular east-west configs	ns=client-c0 id=b1780649
2026-05-23T09:01:32.730405Z	debug	translator	[ambient] EnableAmbient=false, skipping ambient hybrid configs for workspace xc-ws	ns=client-c0 id=b1780649
2026-05-23T09:01:32.730406Z	debug	translator	[ambient] doBuildEastWestGatewayConfigsforAllWorkspaces: total generated 0 configs	ns=client-c0 id=b1780649
2026-05-23T09:01:32.730409Z	debug	translator	error while looking up istio internal group for namespace "client-c0": istio internal group not found for namespace client-c0 in workspace xc-ws	ns=client-c0 id=b1780649
2026-05-23T09:01:32.730411Z	debug	translator	generated configurations: 2 traffic, 0 security, 0 gateway, 0 istio internal	ns=client-c0 id=b1780649
2026-05-23T09:01:32.730412Z	debug	translator	ew-gen: generating east-west workload entry configs for local services that are exposed for east-west routing	ns=client-c0 id=b1780649
2026-05-23T09:01:32.730652Z	debug	configapply	Applying 2 istio objects in namespace client-c0
2026-05-23T09:01:32.730657Z	debug	configapply	   networking.istio.io/v1/Sidecar [client-c0/default]
2026-05-23T09:01:32.730658Z	debug	configapply	   networking.istio.io/v1alpha3/EnvoyFilter [client-c0/default-upstream-traffic-setting]
2026-05-23T09:01:32.730659Z	debug	resource-cache	[client-c0] ===BEGIN: Apply request for 2 objects
2026-05-23T09:01:32.730736Z	debug	resource-cache	[client-c0] Create for {"type":{"group":"networking.istio.io","version":"v1alpha3","kind":"EnvoyFilter"},"name":"default-upstream-traffic-setting","namespace":"client-c0","labels":{"istio.io/rev":"global"},"annotations":{"kubectl.kubernetes.io/last-applied-configuration":"{\"apiVersion\":\"xcp.tetrate.io/v2\",\"kind\":\"Workspace\",\"metadata\":{\"annotations\":{},\"name\":\"xc-ws\",\"namespace\":\"xcp-system\"},\"spec\":{\"namespaceSelector\":{\"names\":[\"cluster-0/client-c0\",\"cluster-1/backend-c1\"]}}}\n","xcp.tetrate.io/contentHash":"32b68c018c13a57f045d6319290a4b2b"},"creationTimestamp":"0001-01-01T00:00:00Z","Spec":{"configPatches":[{"applyTo":"CLUSTER","match":{"context":"SIDECAR_OUTBOUND","proxy":{"proxyVersion":"^1\\.(22|24|28)(\\.\\d+)?(-.*)?$"}},"patch":{"operation":"MERGE","value":{"@type":"type.googleapis.com/envoy.config.cluster.v3.Cluster","common_lb_config":{"healthy_panic_threshold":{}},"outlier_detection":{"consecutive_gateway_failure":10,"enforcing_consecutive_5xx":0,"enforcing_consecutive_gateway_failure":100,"max_ejection_percent":100}}}},{"applyTo":"HTTP_ROUTE","match":{"context":"SIDECAR_OUTBOUND","proxy":{"proxyVersion":"^1\\.(22|24|28)(\\.\\d+)?(-.*)?$"},"routeConfiguration":{"vhost":{"route":{"action":"ROUTE"}}}},"patch":{"operation":"MERGE","value":{"@type":"type.googleapis.com/envoy.config.route.v3.Route","route":{"retry_policy":{"host_selection_retry_max_attempts":"5","num_retries":2,"retriable_status_codes":[503],"retry_host_predicate":[{"name":"envoy.retry_host_predicates.previous_hosts","typed_config":{"@type":"type.googleapis.com/envoy.extensions.retry.host.previous_hosts.v3.PreviousHostsPredicate"}}],"retry_on":"reset,connect-failure,refused-stream,unavailable,cancelled,retriable-status-codes"}}}}}],"priority":100},"Status":null,"Extra":null}
2026-05-23T09:01:32.730796Z	debug	configapply	computed hash for EnvoyFilter:client-c0/default-upstream-traffic-setting - 14645e3efdd68386f959e9db371e7301
2026-05-23T09:01:32.730802Z	warn	kube	kube-client could not fetch on get default-upstream-traffic-setting/client-c0
2026-05-23T09:01:32.730225Z	debug	translator	skipping translation for namespace "cert-manager"	ns=cert-manager id=22db4eb5
2026-05-23T09:01:32.731051Z	debug	resource-cache	Batch-based resource tracking disabled, falling back to namespace-based
2026-05-23T09:01:32.731052Z	debug	resource-cache	[cert-manager] ===BEGIN: Apply request for 0 objects
2026-05-23T09:01:32.731053Z	debug	resource-cache	Delete all objects from the namespace cert-manager
2026-05-23T09:01:32.731054Z	debug	resource-cache	[cert-manager] objects previously in k8s api server cache: 0
2026-05-23T09:01:32.731055Z	debug	resource-cache	[cert-manager] No previous objects at k8s apiserver cache for namespace
2026-05-23T09:01:32.731056Z	debug	resource-cache	[cert-manager] ===END: Apply request for 0 objects in 0.000003 s
2026-05-23T09:01:32.731081Z	debug	resource-cache	[cert-manager] ===BEGIN: Apply request for 0 objects
2026-05-23T09:01:32.731113Z	debug	resource-cache	Delete all objects from the namespace cert-manager
2026-05-23T09:01:32.731116Z	debug	resource-cache	[cert-manager] objects previously in k8s api server cache: 0
2026-05-23T09:01:32.731116Z	debug	resource-cache	[cert-manager] No previous objects at k8s apiserver cache for namespace
2026-05-23T09:01:32.731118Z	debug	resource-cache	[cert-manager] ===END: Apply request for 0 objects in 0.000036 s
2026-05-23T09:01:32.731138Z	debug	resource-cache	[client-c0] Create for {"type":{"group":"networking.istio.io","version":"v1","kind":"Sidecar"},"name":"default","namespace":"client-c0","labels":{"istio.io/rev":"global"},"annotations":{"kubectl.kubernetes.io/last-applied-configuration":"{\"apiVersion\":\"xcp.tetrate.io/v2\",\"kind\":\"Workspace\",\"metadata\":{\"annotations\":{},\"name\":\"xc-ws\",\"namespace\":\"xcp-system\"},\"spec\":{\"namespaceSelector\":{\"names\":[\"cluster-0/client-c0\",\"cluster-1/backend-c1\"]}}}\n","xcp.tetrate.io/contentHash":"32b68c018c13a57f045d6319290a4b2b"},"creationTimestamp":"0001-01-01T00:00:00Z","Spec":{"egress":[{"hosts":["*/*"]}]},"Status":null,"Extra":null}
2026-05-23T09:01:32.731108Z	debug	resource-cache	[client-c0] objects previously in k8s api server cache: 0
2026-05-23T09:01:32.731141Z	debug	resource-cache	[client-c0] No previous objects at k8s apiserver cache for namespace
2026-05-23T09:01:32.731152Z	debug	configapply	computed hash for Sidecar:client-c0/default - 70cf1206d3284c26c17024a87c57be8e
2026-05-23T09:01:32.731155Z	warn	kube	kube-client could not fetch on get default/client-c0
2026-05-23T09:01:32.734635Z	debug	resource-cache	[client-c0] ResourceCache length 12
2026-05-23T09:01:32.734646Z	debug	resource-cache	[client-c0] ===END: Apply request for 2 objects in 0.003986 s
2026-05-23T09:01:32.734657Z	debug	cluster-state	Triggering cluster state change event due to config, at 2026-05-23 09:01:31.727464668 +0000 UTC m=+97288.533849507 (force regenerate config = map[]). Resources: []
2026-05-23T09:01:33.736335Z	debug	debounce	notify cbk invoked	id=919326fd
2026-05-23T09:01:33.736366Z	debug	debounce	notify cbk returned	id=919326fd
2026-05-23T09:01:33.736372Z	debug	debounce	Applying exponential step-up. maxSilentCurrent updated to: 2s	id=919326fd
2026-05-23T09:01:33.736390Z	info	cluster-state	processClusterStateChangeEvents: cluster-eventid: 2026-05-23 09:01:31.727464668 +0000 UTC m=+97288.533849507 and 0 more, queue length: 0, reasons: config,, forceConfigRegenReasons: map[], resources: []
2026-05-23T09:01:33.736396Z	debug	cluster-state	handleClusterStateChangedEvent: Trigger reasons: config,, Forced translation: map[], Resources: []
2026-05-23T09:01:33.736413Z	debug	cluster-gen	istioServices: 13
2026-05-23T09:01:33.736494Z	info	no portname specified for service metallb-webhook-service.metallb-system.svc.cluster.local port 443. no endpoints will be detected
2026-05-23T09:01:33.736497Z	info	no portname specified for service metallb-webhook-service.metallb-system.svc.cluster.local port 443. no endpoints will be detected
2026-05-23T09:01:33.736500Z	debug	cluster-gen	Ignoring service kube-system/metrics-server
2026-05-23T09:01:33.736580Z	debug	debounce	notify cbk invoked	id=a09a36e7
2026-05-23T09:01:33.736444Z	debug	cluster-gen	Ignoring service kube-system/kube-dns
2026-05-23T09:01:33.736600Z	debug	config-status	Explanation of the decision flow for the Config Status of "networking.istio.io/EnvoyFilter" "global-forward-xfcc-15443" version ""
Q: Is the config type "networking.istio.io/v1alpha3/EnvoyFilter" supported by XCP?
A: Yes
Q: Is it an internal config of XCP?
A: Yes
Verdict: Config Status is NOT reported since it's an internal config of XCP
Config Status:
```yaml
---
null
```

2026-05-23T09:01:33.736624Z	debug	config-status	Explanation of the decision flow for the Config Status of "networking.istio.io/EnvoyFilter" "global-gw-best-practice" version ""
Q: Is the config type "networking.istio.io/v1alpha3/EnvoyFilter" supported by XCP?
A: Yes
Q: Is it an internal config of XCP?
A: Yes
Verdict: Config Status is NOT reported since it's an internal config of XCP
Config Status:
```yaml
---
null
```

2026-05-23T09:01:33.736632Z	debug	discovery-cache	added istio service instances in namespace: cert-manager objects 0, changed false
2026-05-23T09:01:33.736636Z	debug	discovery-cache	added istio service instances in namespace: default objects 0, changed false
2026-05-23T09:01:33.736637Z	debug	discovery-cache	added istio service instances in namespace: metallb-system objects 0, changed false
2026-05-23T09:01:33.736636Z	debug	config-status	Explanation of the decision flow for the Config Status of "networking.istio.io/EnvoyFilter" "global-mx-downstream-egress-gateway-filter" version ""
Q: Is the config type "networking.istio.io/v1alpha3/EnvoyFilter" supported by XCP?
A: Yes
Q: Is it an internal config of XCP?
A: Yes
Verdict: Config Status is NOT reported since it's an internal config of XCP
Config Status:
```yaml
---
null
```

2026-05-23T09:01:33.736638Z	debug	discovery-cache	added istio service instances in namespace: xcp-system objects 0, changed false
2026-05-23T09:01:33.736640Z	debug	discovery-cache	added istio service instances in namespace: istio-system objects 0, changed false
2026-05-23T09:01:33.736647Z	debug	cluster-state	triggerConfigTranslation false ,triggerConfigTranslationReason false 
2026-05-23T09:01:33.736649Z	debug	cluster-state	All gateway hostname mappings are same.
2026-05-23T09:01:33.736650Z	debug	cluster-state	All gatewayHost bounded k8s svcs have same addresses.
2026-05-23T09:01:33.736650Z	debug	cluster-state	No significant changes detected; skipping report to other clusters.
2026-05-23T09:01:33.736651Z	debug	cluster-state	No significant changes detected for east-west services; skipping report to other clusters.
2026-05-23T09:01:33.736653Z	debug	cluster-state	All gateway hostname mappings are same.
2026-05-23T09:01:33.736656Z	debug	cluster-state	handleClusterStateChangedEvent, actions: map[sendHeaderToCentral:{}]
2026-05-23T09:01:33.736690Z	debug	discovery-server	wrote channel for sending header only
2026-05-23T09:01:33.736697Z	debug	cluster-state	Sent header to central
2026-05-23T09:01:33.736700Z	debug	discovery-server	Sending cluster-state update to central xcp
2026-05-23T09:01:33.736718Z	debug	discovery-server	Done sending cluster-state to central xcp
2026-05-23T09:01:33.736718Z	debug	config-status	Explanation of the decision flow for the Config Status of "networking.istio.io/EnvoyFilter" "global-mx-downstream-gateway-filter" version ""
Q: Is the config type "networking.istio.io/v1alpha3/EnvoyFilter" supported by XCP?
A: Yes
Q: Is it an internal config of XCP?
A: Yes
Verdict: Config Status is NOT reported since it's an internal config of XCP
Config Status:
```yaml
---
null
```

2026-05-23T09:01:33.736743Z	debug	config-status	Explanation of the decision flow for the Config Status of "networking.istio.io/EnvoyFilter" "global-periodical-access-log" version ""
Q: Is the config type "networking.istio.io/v1alpha3/EnvoyFilter" supported by XCP?
A: Yes
Q: Is it an internal config of XCP?
A: Yes
Verdict: Config Status is NOT reported since it's an internal config of XCP
Config Status:
```yaml
---
null
```

2026-05-23T09:01:33.736755Z	debug	config-status	Explanation of the decision flow for the Config Status of "networking.istio.io/EnvoyFilter" "global-request-id-propagation" version ""
Q: Is the config type "networking.istio.io/v1alpha3/EnvoyFilter" supported by XCP?
A: Yes
Q: Is it an internal config of XCP?
A: Yes
Verdict: Config Status is NOT reported since it's an internal config of XCP
Config Status:
```yaml
---
null
```

2026-05-23T09:01:33.736761Z	debug	config-status	Explanation of the decision flow for the Config Status of "networking.istio.io/EnvoyFilter" "global-tcp-keepalive-envoy-filter" version ""
Q: Is the config type "networking.istio.io/v1alpha3/EnvoyFilter" supported by XCP?
A: Yes
Q: Is it an internal config of XCP?
A: Yes
Verdict: Config Status is NOT reported since it's an internal config of XCP
Config Status:
```yaml
---
null
```

2026-05-23T09:01:33.736786Z	debug	config-status	Explanation of the decision flow for the Config Status of "networking.istio.io/EnvoyFilter" "global-xfcc-extractor-sidecar" version ""
Q: Is the config type "networking.istio.io/v1alpha3/EnvoyFilter" supported by XCP?
A: Yes
Q: Is it an internal config of XCP?
A: Yes
Verdict: Config Status is NOT reported since it's an internal config of XCP
Config Status:
```yaml
---
null
```

2026-05-23T09:01:33.736793Z	debug	config-status	Explanation of the decision flow for the Config Status of "networking.istio.io/EnvoyFilter" "global-xfcc-guard-15443" version ""
Q: Is the config type "networking.istio.io/v1alpha3/EnvoyFilter" supported by XCP?
A: Yes
Q: Is it an internal config of XCP?
A: Yes
Verdict: Config Status is NOT reported since it's an internal config of XCP
Config Status:
```yaml
---
null
```

2026-05-23T09:01:33.736908Z	debug	config-status	Explanation of the decision flow for the Config Status of "xcp.tetrate.io/Cluster" "cluster-0" version ""
Q: Is the config type "xcp.tetrate.io/v2/Cluster" supported by XCP?
A: Yes
Q: Is it an internal config of XCP?
A: No
Q: Is this config object managed by XCP?
A: Yes
Q: Did the Push Context report an ERROR for this config?
A: No
Q: Did the Push Context IGNORE this config?
A: No
Verdict: Config Status is UNKNOWN since status for that config type has NOT been implemented yet
Config Status:
```yaml
---
configId:
  group: xcp.tetrate.io
  kind: Cluster
  name: cluster-0
  namespace: istio-system
  version: v2
details: Config Status for that config type has NOT been implemented yet
metadata:
  annotations:
    kubectl.kubernetes.io/last-applied-configuration: |
      {"apiVersion":"xcp.tetrate.io/v2","kind":"Cluster","metadata":{"annotations":{},"name":"cluster-0","namespace":"xcp-system"},"spec":{"istioTrustDomain":"cluster.local"}}
```

2026-05-23T09:01:33.736949Z	debug	config-status	Explanation of the decision flow for the Config Status of "xcp.tetrate.io/Cluster" "cluster-1" version ""
Q: Is the config type "xcp.tetrate.io/v2/Cluster" supported by XCP?
A: Yes
Q: Is it an internal config of XCP?
A: No
Q: Is this config object managed by XCP?
A: Yes
Q: Did the Push Context report an ERROR for this config?
A: No
Q: Did the Push Context IGNORE this config?
A: No
Verdict: Config Status is UNKNOWN since status for that config type has NOT been implemented yet
Config Status:
```yaml
---
configId:
  group: xcp.tetrate.io
  kind: Cluster
  name: cluster-1
  namespace: istio-system
  version: v2
details: Config Status for that config type has NOT been implemented yet
metadata: {}
```

2026-05-23T09:01:33.736970Z	debug	config-status	Explanation of the decision flow for the Config Status of "xcp.tetrate.io/GlobalSetting" "global" version ""
Q: Is the config type "xcp.tetrate.io/v2/GlobalSetting" supported by XCP?
A: Yes
Q: Is it an internal config of XCP?
A: No
Q: Is this config object managed by XCP?
A: Yes
Q: Did the Push Context report an ERROR for this config?
A: No
Q: Did the Push Context IGNORE this config?
A: No
Q: Does the namespace selector resolve into at least ONE namespace in this cluster?
A: Yes
I: Checking the config status in each of the 9 target namespace(s): [cert-manager client-c0 default echo kube-node-lease kube-public local-path-storage metallb-system xcp-system]
I: [1/9] verdict in "cert-manager" namespace: Config Status is UNKNOWN since translation is SKIPPED on that namespace
I: [2/9] verdict in "client-c0" namespace: Config Status is UNKNOWN since there were NO translation errors but the config was NOT mapped onto any output config(s)
I: [3/9] verdict in "default" namespace: Config Status is UNKNOWN since translation is SKIPPED on that namespace
I: [4/9] verdict in "echo" namespace: Config Status is UNKNOWN since there were NO translation errors but the config was NOT mapped onto any output config(s)
I: [5/9] verdict in "kube-node-lease" namespace: Config Status is UNKNOWN since translation is SKIPPED on that namespace
I: [6/9] verdict in "kube-public" namespace: Config Status is UNKNOWN since translation is SKIPPED on that namespace
I: [7/9] verdict in "local-path-storage" namespace: Config Status is UNKNOWN since translation is SKIPPED on that namespace
I: [8/9] verdict in "metallb-system" namespace: Config Status is UNKNOWN since translation is SKIPPED on that namespace
I: [9/9] verdict in "xcp-system" namespace: Config Status is UNKNOWN since translation is SKIPPED on that namespace
I: Status summary across 9 target namespace(s): TRANSLATION SKIPPED in 7 namespace(s), TRANSLATED BUT NOT MAPPED in 2 namespace(s)
I: Using "lenient" strategy to decide on the aggregated status across 9 target namespace(s)
Q: Have there been any errors while translating this config in ANY of the 9 target namespaces?
A: No
Q: Has the config been APPLIED in at least ONE of the target namespaces?
A: No
Verdict: Config Status is NOT reported since the config has NOT yet been APPLIED in ANY of 9 target namespace(s)
Config Status:
```yaml
---
null
```

2026-05-23T09:01:33.737016Z	debug	config-status	Explanation of the decision flow for the Config Status of "xcp.tetrate.io/Workspace" "xc-ws" version ""
Q: Is the config type "xcp.tetrate.io/v2/Workspace" supported by XCP?
A: Yes
Q: Is it an internal config of XCP?
A: No
Q: Is this config object managed by XCP?
A: Yes
Q: Did the Push Context report an ERROR for this config?
A: No
Q: Did the Push Context IGNORE this config?
A: No
Q: Does the namespace selector resolve into at least ONE namespace in this cluster?
A: Yes
I: Checking the config status in each of the 1 target namespace(s): [client-c0]
I: [1/1] verdict in "client-c0" namespace: Config Status is APPLIED since there were NO translation errors and the config IS mapped onto output config(s)
I: Status summary across 1 target namespace(s): APPLIED in 1 namespace(s)
I: Using "lenient" strategy to decide on the aggregated status across 1 target namespace(s)
Q: Have there been any errors while translating this config in ANY of the 1 target namespaces?
A: No
Q: Has the config been APPLIED in at least ONE of the target namespaces?
A: Yes
Verdict: Config Status is "lenient" APPLIED since the config has been APPLIED in at least ONE of the target namespaces
Config Status:
```yaml
---
configId:
  group: xcp.tetrate.io
  kind: Workspace
  name: xc-ws
  namespace: istio-system
  version: v2
details: 'Status summary across 1 target namespace(s): APPLIED in 1 namespace(s)'
metadata:
  annotations:
    kubectl.kubernetes.io/last-applied-configuration: |
      {"apiVersion":"xcp.tetrate.io/v2","kind":"Workspace","metadata":{"annotations":{},"name":"xc-ws","namespace":"xcp-system"},"spec":{"namespaceSelector":{"names":["cluster-0/client-c0","cluster-1/backend-c1"]}}}
result: APPLIED
```

2026-05-23T09:01:33.737081Z	debug	config-status	Explanation of the decision flow for the Config Status of "xcp.tetrate.io/WorkspaceSetting" "xc-ws-settings" version ""
Q: Is the config type "xcp.tetrate.io/v2/WorkspaceSetting" supported by XCP?
A: Yes
Q: Is it an internal config of XCP?
A: No
Q: Is this config object managed by XCP?
A: Yes
Q: Did the Push Context report an ERROR for this config?
A: No
Q: Did the Push Context IGNORE this config?
A: No
Q: Does the namespace selector resolve into at least ONE namespace in this cluster?
A: Yes
I: Checking the config status in each of the 1 target namespace(s): [client-c0]
I: [1/1] verdict in "client-c0" namespace: Config Status is APPLIED since there were NO translation errors and the config IS mapped onto output config(s)
I: Status summary across 1 target namespace(s): APPLIED in 1 namespace(s)
I: Using "lenient" strategy to decide on the aggregated status across 1 target namespace(s)
Q: Have there been any errors while translating this config in ANY of the 1 target namespaces?
A: No
Q: Has the config been APPLIED in at least ONE of the target namespaces?
A: Yes
Verdict: Config Status is "lenient" APPLIED since the config has been APPLIED in at least ONE of the target namespaces
Config Status:
```yaml
---
configId:
  group: xcp.tetrate.io
  kind: WorkspaceSetting
  name: xc-ws-settings
  namespace: istio-system
  version: v2
details: 'Status summary across 1 target namespace(s): APPLIED in 1 namespace(s)'
metadata:
  annotations:
    kubectl.kubernetes.io/last-applied-configuration: |
      {"apiVersion":"xcp.tetrate.io/v2","kind":"WorkspaceSetting","metadata":{"annotations":{},"labels":{"xcp.tetrate.io/workspace":"xc-ws"},"name":"xc-ws-settings","namespace":"xcp-system"},"spec":{"defaultEastWestGatewaySettings":[{"exposedServices":[{"serviceLabels":{"app":"backend"}}],"workloadSelector":{"labels":{"app":"ew-gateway"},"namespace":"backend-c1"}}]}}
  labels:
    xcp.tetrate.io/workspace: xc-ws
result: APPLIED
```

2026-05-23T09:01:33.737200Z	debug	status	generated status report in 616.166µs
2026-05-23T09:01:33.737210Z	debug	debounce	notify cbk returned	id=a09a36e7
2026-05-23T09:01:33.737213Z	debug	debounce	Applying exponential step-up. maxSilentCurrent updated to: 2s	id=a09a36e7
2026-05-23T09:01:33.737215Z	debug	status	triggering status report sender with 4 messages
2026-05-23T09:01:33.737277Z	debug	status	successfully sent config-status report(epoch:55, messages:4) in 55.917µs
2026-05-23T09:01:33.744973Z	debug	discovery-server	Updated status cache for EnvoyFilter client-c0/default-upstream-traffic-setting value: true
2026-05-23T09:01:33.744988Z	debug	discovery-server	Marked pending status translation due to status change for client-c0/default-upstream-traffic-setting
2026-05-23T09:01:33.817274Z	debug	discovery-server	Triggering periodic translation due to pending istio status changes
2026-05-23T09:01:35.737185Z	debug	debounce	resetting maxSilentCurrent. updated: 1s	id=919326fd
2026-05-23T09:01:35.737231Z	debug	debounce	resetting maxSilentCurrent. updated: 1s	id=a09a36e7
2026-05-23T09:01:35.819334Z	debug	debounce	notify cbk invoked	id=fcd9f881
2026-05-23T09:01:35.819379Z	debug	debounce	notify cbk returned	id=fcd9f881
2026-05-23T09:01:35.819385Z	debug	debounce	Applying exponential step-up. maxSilentCurrent updated to: 4s	id=fcd9f881
2026-05-23T09:01:35.819403Z	info	cluster-state	processConfigTranslationNotification: cluster-eventid: 2026-05-23 09:01:33.817325586 +0000 UTC m=+97290.623710383 and 0 more, queue length: 0, reasons: config,, forceConfigRegenReasons: map[], resources: []
2026-05-23T09:01:35.819407Z	debug	configapply	Sending XCP api CRDs to istio config translator
2026-05-23T09:01:35.819562Z	debug	model	gateway-group mapping: map[]
2026-05-23T09:01:35.819567Z	debug	model	security-group mapping: map[]
2026-05-23T09:01:35.819568Z	debug	model	traffic-group mapping: map[]
2026-05-23T09:01:35.819570Z	debug	model	istio-internal-group mapping: map[]
2026-05-23T09:01:35.819571Z	debug	model	gateway-deployment mapping: map[]
2026-05-23T09:01:35.819583Z	debug	model	processing 14 objects for cluster cluster-0
2026-05-23T09:01:35.819659Z	debug	model	Processing workspace: istio-system/xc-ws, o.gvk xcp.tetrate.io/v2/Workspace
2026-05-23T09:01:35.819666Z	debug	model	resolved workspace namespaces [client-c0]
2026-05-23T09:01:35.819673Z	info	model	client-c0: adding workspace xc-ws
2026-05-23T09:01:35.819773Z	debug	model	populateGroups workspace = xc-ws, &{Meta:{GroupVersionKind:xcp.tetrate.io/v2/Workspace UID: Name:xc-ws Namespace:istio-system Domain: Labels:map[] Annotations:map[kubectl.kubernetes.io/last-applied-configuration:{"apiVersion":"xcp.tetrate.io/v2","kind":"Workspace","metadata":{"annotations":{},"name":"xc-ws","namespace":"xcp-system"},"spec":{"namespaceSelector":{"names":["cluster-0/client-c0","cluster-1/backend-c1"]}}}
 xcp.tetrate.io/contentHash:32b68c018c13a57f045d6319290a4b2b] ResourceVersion:380056 CreationTimestamp:2026-05-23 09:01:31 +0000 UTC OwnerReferences:[] Generation:0} Spec:namespace_selector:{names:"cluster-0/client-c0" names:"cluster-1/backend-c1"} Status:<nil> Extra:map[]}
2026-05-23T09:01:35.819779Z	debug	model	registered settings xc-ws-settings for workspace xc-ws
2026-05-23T09:01:35.819987Z	debug	eastwest-configgen	namespace "default" does not have Istio revision "" in boundary "global". Ambient mode: false
2026-05-23T09:01:35.819991Z	debug	eastwest-configgen	namespace "xcp-system" does not have Istio revision "" in boundary "global". Ambient mode: false
2026-05-23T09:01:35.819993Z	debug	eastwest-configgen	namespace "kube-node-lease" does not have Istio revision "" in boundary "global". Ambient mode: false
2026-05-23T09:01:35.819994Z	debug	eastwest-configgen	namespace "metallb-system" does not have Istio revision "" in boundary "global". Ambient mode: false
2026-05-23T09:01:35.819996Z	debug	eastwest-configgen	namespace "kube-public" does not have Istio revision "" in boundary "global". Ambient mode: false
2026-05-23T09:01:35.819996Z	debug	eastwest-configgen	namespace "cert-manager" does not have Istio revision "" in boundary "global". Ambient mode: false
2026-05-23T09:01:35.819997Z	debug	eastwest-configgen	namespace "local-path-storage" does not have Istio revision "" in boundary "global". Ambient mode: false
2026-05-23T09:01:35.820054Z	info	no portname specified for service metallb-webhook-service.metallb-system.svc.cluster.local port 443. no endpoints will be detected
2026-05-23T09:01:35.820080Z	info	eastwest-configgen	no endpoints found for service "metallb-webhook-service.metallb-system.svc.cluster.local" port 443
2026-05-23T09:01:35.820093Z	info	model	matching services for east-west gateway%!(EXTRA string=selector: %v, map[string]string=map[app:backend])
2026-05-23T09:01:35.820101Z	debug	eastwest-configgen	computed east-west gateway associations: {
    "xc-ws": {
      "ExposedServices": {
        "0": {}
      },
      "GatewayServices": {
        "0": {}
      }
    }
  }
2026-05-23T09:01:35.820115Z	debug	configapply	Translation triggered for all [echo kube-node-lease metallb-system client-c0 kube-public cert-manager local-path-storage default xcp-system] namespaces
2026-05-23T09:01:35.820135Z	debug	translator	skipping translation for namespace "xcp-system"	ns=xcp-system id=29c5be9f
2026-05-23T09:01:35.820141Z	debug	resource-cache	Batch-based resource tracking disabled, falling back to namespace-based
2026-05-23T09:01:35.820143Z	debug	resource-cache	[xcp-system] ===BEGIN: Apply request for 0 objects
2026-05-23T09:01:35.820144Z	debug	resource-cache	Delete all objects from the namespace xcp-system
2026-05-23T09:01:35.820145Z	debug	resource-cache	[xcp-system] objects previously in k8s api server cache: 0
2026-05-23T09:01:35.820146Z	debug	resource-cache	[xcp-system] No previous objects at k8s apiserver cache for namespace
2026-05-23T09:01:35.820140Z	debug	translator	skipping translation for namespace "metallb-system"	ns=metallb-system id=9bfafe9f
2026-05-23T09:01:35.820150Z	debug	resource-cache	Batch-based resource tracking disabled, falling back to namespace-based
2026-05-23T09:01:35.820152Z	debug	resource-cache	[metallb-system] ===BEGIN: Apply request for 0 objects
2026-05-23T09:01:35.820153Z	debug	resource-cache	Delete all objects from the namespace metallb-system
2026-05-23T09:01:35.820154Z	debug	resource-cache	[metallb-system] objects previously in k8s api server cache: 0
2026-05-23T09:01:35.820155Z	debug	resource-cache	[metallb-system] No previous objects at k8s apiserver cache for namespace
2026-05-23T09:01:35.820156Z	debug	resource-cache	[metallb-system] ===END: Apply request for 0 objects in 0.000005 s
2026-05-23T09:01:35.820157Z	debug	translator	skipping translation for namespace "default"	ns=default id=97e836b9
2026-05-23T09:01:35.820159Z	debug	resource-cache	Batch-based resource tracking disabled, falling back to namespace-based
2026-05-23T09:01:35.820160Z	debug	resource-cache	[default] ===BEGIN: Apply request for 0 objects
2026-05-23T09:01:35.820161Z	debug	resource-cache	Delete all objects from the namespace default
2026-05-23T09:01:35.820162Z	debug	resource-cache	[default] objects previously in k8s api server cache: 0
2026-05-23T09:01:35.820162Z	debug	resource-cache	[default] No previous objects at k8s apiserver cache for namespace
2026-05-23T09:01:35.820163Z	debug	resource-cache	[default] ===END: Apply request for 0 objects in 0.000003 s
2026-05-23T09:01:35.820169Z	debug	resource-cache	[metallb-system] ===BEGIN: Apply request for 0 objects
2026-05-23T09:01:35.820170Z	debug	resource-cache	[default] ===BEGIN: Apply request for 0 objects
2026-05-23T09:01:35.820171Z	debug	resource-cache	Delete all objects from the namespace metallb-system
2026-05-23T09:01:35.820171Z	debug	resource-cache	Delete all objects from the namespace default
2026-05-23T09:01:35.820172Z	debug	resource-cache	[metallb-system] objects previously in k8s api server cache: 0
2026-05-23T09:01:35.820172Z	debug	resource-cache	[default] objects previously in k8s api server cache: 0
2026-05-23T09:01:35.820173Z	debug	resource-cache	[metallb-system] No previous objects at k8s apiserver cache for namespace
2026-05-23T09:01:35.820173Z	debug	resource-cache	[default] No previous objects at k8s apiserver cache for namespace
2026-05-23T09:01:35.820174Z	debug	resource-cache	[metallb-system] ===END: Apply request for 0 objects in 0.000004 s
2026-05-23T09:01:35.820174Z	debug	resource-cache	[default] ===END: Apply request for 0 objects in 0.000004 s
2026-05-23T09:01:35.820151Z	debug	translator	skipping translation for namespace "local-path-storage"	ns=local-path-storage id=6ab5139f
2026-05-23T09:01:35.820179Z	debug	resource-cache	Batch-based resource tracking disabled, falling back to namespace-based
2026-05-23T09:01:35.820180Z	debug	resource-cache	[local-path-storage] ===BEGIN: Apply request for 0 objects
2026-05-23T09:01:35.820180Z	debug	resource-cache	Delete all objects from the namespace local-path-storage
2026-05-23T09:01:35.820184Z	debug	resource-cache	[local-path-storage] objects previously in k8s api server cache: 0
2026-05-23T09:01:35.820185Z	debug	resource-cache	[local-path-storage] No previous objects at k8s apiserver cache for namespace
2026-05-23T09:01:35.820186Z	debug	resource-cache	[local-path-storage] ===END: Apply request for 0 objects in 0.000006 s
2026-05-23T09:01:35.820188Z	debug	translator	error while looking up workspace for namespace "echo": the namespace "echo" is not mapped to any workspace	ns=echo id=97d54be8
2026-05-23T09:01:35.820189Z	debug	resource-cache	[local-path-storage] ===BEGIN: Apply request for 0 objects
2026-05-23T09:01:35.820190Z	debug	resource-cache	Delete all objects from the namespace local-path-storage
2026-05-23T09:01:35.820190Z	debug	translator	failed to lookup workspace for namespace "echo": the namespace "echo" is not mapped to any workspace	ns=echo id=97d54be8
2026-05-23T09:01:35.820195Z	debug	translator	workspace for namespace "echo" not found	ns=echo id=97d54be8
2026-05-23T09:01:35.820196Z	debug	translator	[ambient] buildEastWestGatewayConfigs: entry point called	ns=echo id=97d54be8
2026-05-23T09:01:35.820195Z	debug	translator	skipping translation for namespace "kube-node-lease"	ns=kube-node-lease id=0111f8a9
2026-05-23T09:01:35.820198Z	debug	resource-cache	Batch-based resource tracking disabled, falling back to namespace-based
2026-05-23T09:01:35.820198Z	debug	translator	[ambient] doBuildEastWestGatewayConfigsforAllWorkspaces: processing 1 workspaces	ns=echo id=97d54be8
2026-05-23T09:01:35.820199Z	debug	resource-cache	[kube-node-lease] ===BEGIN: Apply request for 0 objects
2026-05-23T09:01:35.820200Z	debug	translator	[ambient] processing workspace 0: xc-ws	ns=echo id=97d54be8
2026-05-23T09:01:35.820148Z	debug	resource-cache	[xcp-system] ===END: Apply request for 0 objects in 0.000004 s
2026-05-23T09:01:35.820201Z	warn	translator	error while looking up traffic group for namespace "client-c0": traffic group not found for namespace client-c0 in workspace xc-ws	ns=client-c0 id=e7b01c92
2026-05-23T09:01:35.820200Z	debug	resource-cache	Delete all objects from the namespace kube-node-lease
2026-05-23T09:01:35.820205Z	debug	resource-cache	[xcp-system] ===BEGIN: Apply request for 0 objects
2026-05-23T09:01:35.820205Z	debug	resource-cache	[kube-node-lease] objects previously in k8s api server cache: 0
2026-05-23T09:01:35.820206Z	debug	resource-cache	Delete all objects from the namespace xcp-system
2026-05-23T09:01:35.820207Z	debug	resource-cache	[kube-node-lease] No previous objects at k8s apiserver cache for namespace
2026-05-23T09:01:35.820208Z	debug	resource-cache	[xcp-system] objects previously in k8s api server cache: 0
2026-05-23T09:01:35.820209Z	debug	resource-cache	[kube-node-lease] ===END: Apply request for 0 objects in 0.000010 s
2026-05-23T09:01:35.820203Z	debug	translator	[ambient] workspace xc-ws generated 0 regular east-west configs	ns=echo id=97d54be8
2026-05-23T09:01:35.820211Z	debug	translator	[ambient] EnableAmbient=false, skipping ambient hybrid configs for workspace xc-ws	ns=echo id=97d54be8
2026-05-23T09:01:35.820216Z	debug	translator	[ambient] doBuildEastWestGatewayConfigsforAllWorkspaces: total generated 0 configs	ns=echo id=97d54be8
2026-05-23T09:01:35.820221Z	debug	translator	error while looking up workspace for namespace "echo": the namespace "echo" is not mapped to any workspace	ns=echo id=97d54be8
2026-05-23T09:01:35.820248Z	debug	translator	error while looking up workspace for namespace "echo": the namespace "echo" is not mapped to any workspace	ns=echo id=97d54be8
2026-05-23T09:01:35.820254Z	debug	translator	generated configurations: 0 traffic, 0 security, 0 gateway, 0 istio internal	ns=echo id=97d54be8
2026-05-23T09:01:35.820255Z	debug	translator	ew-gen: generating east-west workload entry configs for local services that are exposed for east-west routing	ns=echo id=97d54be8
2026-05-23T09:01:35.820262Z	debug	resource-cache	Batch-based resource tracking disabled, falling back to namespace-based
2026-05-23T09:01:35.820267Z	debug	resource-cache	[echo] ===BEGIN: Apply request for 0 objects
2026-05-23T09:01:35.820268Z	debug	resource-cache	Delete all objects from the namespace echo
2026-05-23T09:01:35.820269Z	debug	resource-cache	[echo] objects previously in k8s api server cache: 0
2026-05-23T09:01:35.820270Z	debug	resource-cache	[echo] No previous objects at k8s apiserver cache for namespace
2026-05-23T09:01:35.820271Z	debug	resource-cache	[echo] ===END: Apply request for 0 objects in 0.000004 s
2026-05-23T09:01:35.820281Z	debug	resource-cache	Unmanaged Istio resources by kind: map[AuthorizationPolicy:0 DestinationRule:0 EnvoyFilter:0 Gateway:0 PeerAuthentication:0 RequestAuthentication:0 ServiceEntry:0 Sidecar:0 Telemetry:0 VirtualService:0 WasmPlugin:0 WorkloadEntry:0]
2026-05-23T09:01:35.820283Z	debug	resource-cache	[echo] ===BEGIN: Apply request for 0 objects
2026-05-23T09:01:35.820284Z	debug	resource-cache	Delete all objects from the namespace echo
2026-05-23T09:01:35.820285Z	debug	resource-cache	[echo] objects previously in k8s api server cache: 0
2026-05-23T09:01:35.820287Z	debug	resource-cache	[echo] No previous objects at k8s apiserver cache for namespace
2026-05-23T09:01:35.820288Z	debug	resource-cache	[echo] ===END: Apply request for 0 objects in 0.000005 s
2026-05-23T09:01:35.820187Z	debug	translator	skipping translation for namespace "cert-manager"	ns=cert-manager id=eaf479e5
2026-05-23T09:01:35.820291Z	debug	resource-cache	Batch-based resource tracking disabled, falling back to namespace-based
2026-05-23T09:01:35.820292Z	debug	resource-cache	[cert-manager] ===BEGIN: Apply request for 0 objects
2026-05-23T09:01:35.820293Z	debug	resource-cache	Delete all objects from the namespace cert-manager
2026-05-23T09:01:35.820294Z	debug	resource-cache	[cert-manager] objects previously in k8s api server cache: 0
2026-05-23T09:01:35.820295Z	debug	resource-cache	[cert-manager] No previous objects at k8s apiserver cache for namespace
2026-05-23T09:01:35.820295Z	debug	resource-cache	[cert-manager] ===END: Apply request for 0 objects in 0.000003 s
2026-05-23T09:01:35.820299Z	debug	resource-cache	[cert-manager] ===BEGIN: Apply request for 0 objects
2026-05-23T09:01:35.820303Z	debug	resource-cache	Delete all objects from the namespace cert-manager
2026-05-23T09:01:35.820304Z	debug	resource-cache	[cert-manager] objects previously in k8s api server cache: 0
2026-05-23T09:01:35.820305Z	debug	resource-cache	[cert-manager] No previous objects at k8s apiserver cache for namespace
2026-05-23T09:01:35.820305Z	debug	resource-cache	[cert-manager] ===END: Apply request for 0 objects in 0.000006 s
2026-05-23T09:01:35.820209Z	debug	resource-cache	[xcp-system] No previous objects at k8s apiserver cache for namespace
2026-05-23T09:01:35.820308Z	debug	resource-cache	[xcp-system] ===END: Apply request for 0 objects in 0.000103 s
2026-05-23T09:01:35.820213Z	debug	resource-cache	[kube-node-lease] ===BEGIN: Apply request for 0 objects
2026-05-23T09:01:35.820310Z	debug	resource-cache	Delete all objects from the namespace kube-node-lease
2026-05-23T09:01:35.820311Z	debug	resource-cache	[kube-node-lease] objects previously in k8s api server cache: 0
2026-05-23T09:01:35.820311Z	debug	resource-cache	[kube-node-lease] No previous objects at k8s apiserver cache for namespace
2026-05-23T09:01:35.820312Z	debug	resource-cache	[kube-node-lease] ===END: Apply request for 0 objects in 0.000099 s
2026-05-23T09:01:35.820211Z	debug	translator	skipping translation for namespace "kube-public"	ns=kube-public id=d33e6770
2026-05-23T09:01:35.820314Z	debug	resource-cache	Batch-based resource tracking disabled, falling back to namespace-based
2026-05-23T09:01:35.820315Z	debug	resource-cache	[kube-public] ===BEGIN: Apply request for 0 objects
2026-05-23T09:01:35.820316Z	debug	resource-cache	Delete all objects from the namespace kube-public
2026-05-23T09:01:35.820317Z	debug	resource-cache	[kube-public] objects previously in k8s api server cache: 0
2026-05-23T09:01:35.820318Z	debug	resource-cache	[kube-public] No previous objects at k8s apiserver cache for namespace
2026-05-23T09:01:35.820319Z	debug	resource-cache	[kube-public] ===END: Apply request for 0 objects in 0.000004 s
2026-05-23T09:01:35.820322Z	debug	resource-cache	[kube-public] ===BEGIN: Apply request for 0 objects
2026-05-23T09:01:35.820326Z	debug	resource-cache	Delete all objects from the namespace kube-public
2026-05-23T09:01:35.820327Z	debug	resource-cache	[kube-public] objects previously in k8s api server cache: 0
2026-05-23T09:01:35.820327Z	debug	resource-cache	[kube-public] No previous objects at k8s apiserver cache for namespace
2026-05-23T09:01:35.820328Z	debug	resource-cache	[kube-public] ===END: Apply request for 0 objects in 0.000006 s
2026-05-23T09:01:35.820191Z	debug	resource-cache	[local-path-storage] objects previously in k8s api server cache: 0
2026-05-23T09:01:35.820330Z	debug	resource-cache	[local-path-storage] No previous objects at k8s apiserver cache for namespace
2026-05-23T09:01:35.820331Z	debug	resource-cache	[local-path-storage] ===END: Apply request for 0 objects in 0.000142 s
2026-05-23T09:01:35.820207Z	debug	translator	traffic group for namespace "client-c0" not found. applying defaults	ns=client-c0 id=e7b01c92
2026-05-23T09:01:35.820338Z	debug	translator	traffic group for namespace "client-c0" not found	ns=client-c0 id=e7b01c92
2026-05-23T09:01:35.820351Z	debug	translator	upstream traffic setting for namespace "client-c0" not found, default settings will be created	ns=client-c0 id=e7b01c92
2026-05-23T09:01:35.820488Z	warn	translator	failed to lookup security group for "client-c0": security group not found for namespace client-c0 in workspace xc-ws	ns=client-c0 id=e7b01c92
2026-05-23T09:01:35.820495Z	debug	translator	security group for namespace "client-c0" not found. applying defaults	ns=client-c0 id=e7b01c92
2026-05-23T09:01:35.820499Z	debug	translator	defaultEastWestAuthzRequired: cannot get gateway group object: gateway group not found for namespace client-c0 in workspace xc-ws	ns=client-c0 id=e7b01c92
2026-05-23T09:01:35.820502Z	debug	translator	gateway group for namespace "client-c0" not found	ns=client-c0 id=e7b01c92
2026-05-23T09:01:35.820502Z	debug	translator	[ambient] buildEastWestGatewayConfigs: entry point called	ns=client-c0 id=e7b01c92
2026-05-23T09:01:35.820504Z	debug	translator	[ambient] doBuildEastWestGatewayConfigsforAllWorkspaces: processing 1 workspaces	ns=client-c0 id=e7b01c92
2026-05-23T09:01:35.820505Z	debug	translator	[ambient] processing workspace 0: xc-ws	ns=client-c0 id=e7b01c92
2026-05-23T09:01:35.820507Z	debug	translator	[ambient] workspace xc-ws generated 0 regular east-west configs	ns=client-c0 id=e7b01c92
2026-05-23T09:01:35.820508Z	debug	translator	[ambient] EnableAmbient=false, skipping ambient hybrid configs for workspace xc-ws	ns=client-c0 id=e7b01c92
2026-05-23T09:01:35.820509Z	debug	translator	[ambient] doBuildEastWestGatewayConfigsforAllWorkspaces: total generated 0 configs	ns=client-c0 id=e7b01c92
2026-05-23T09:01:35.820512Z	debug	translator	error while looking up istio internal group for namespace "client-c0": istio internal group not found for namespace client-c0 in workspace xc-ws	ns=client-c0 id=e7b01c92
2026-05-23T09:01:35.820522Z	debug	translator	generated configurations: 2 traffic, 0 security, 0 gateway, 0 istio internal	ns=client-c0 id=e7b01c92
2026-05-23T09:01:35.820523Z	debug	translator	ew-gen: generating east-west workload entry configs for local services that are exposed for east-west routing	ns=client-c0 id=e7b01c92
2026-05-23T09:01:35.820755Z	debug	configapply	Applying 2 istio objects in namespace client-c0
2026-05-23T09:01:35.820763Z	debug	configapply	   networking.istio.io/v1/Sidecar [client-c0/default]
2026-05-23T09:01:35.820764Z	debug	configapply	   networking.istio.io/v1alpha3/EnvoyFilter [client-c0/default-upstream-traffic-setting]
2026-05-23T09:01:35.820765Z	debug	resource-cache	[client-c0] ===BEGIN: Apply request for 2 objects
2026-05-23T09:01:35.820861Z	debug	resource-cache	[client-c0] Create for {"type":{"group":"networking.istio.io","version":"v1alpha3","kind":"EnvoyFilter"},"name":"default-upstream-traffic-setting","namespace":"client-c0","labels":{"istio.io/rev":"global"},"annotations":{"kubectl.kubernetes.io/last-applied-configuration":"{\"apiVersion\":\"xcp.tetrate.io/v2\",\"kind\":\"Workspace\",\"metadata\":{\"annotations\":{},\"name\":\"xc-ws\",\"namespace\":\"xcp-system\"},\"spec\":{\"namespaceSelector\":{\"names\":[\"cluster-0/client-c0\",\"cluster-1/backend-c1\"]}}}\n","xcp.tetrate.io/contentHash":"32b68c018c13a57f045d6319290a4b2b"},"creationTimestamp":"0001-01-01T00:00:00Z","Spec":{"configPatches":[{"applyTo":"CLUSTER","match":{"context":"SIDECAR_OUTBOUND","proxy":{"proxyVersion":"^1\\.(22|24|28)(\\.\\d+)?(-.*)?$"}},"patch":{"operation":"MERGE","value":{"@type":"type.googleapis.com/envoy.config.cluster.v3.Cluster","common_lb_config":{"healthy_panic_threshold":{}},"outlier_detection":{"consecutive_gateway_failure":10,"enforcing_consecutive_5xx":0,"enforcing_consecutive_gateway_failure":100,"max_ejection_percent":100}}}},{"applyTo":"HTTP_ROUTE","match":{"context":"SIDECAR_OUTBOUND","proxy":{"proxyVersion":"^1\\.(22|24|28)(\\.\\d+)?(-.*)?$"},"routeConfiguration":{"vhost":{"route":{"action":"ROUTE"}}}},"patch":{"operation":"MERGE","value":{"@type":"type.googleapis.com/envoy.config.route.v3.Route","route":{"retry_policy":{"host_selection_retry_max_attempts":"5","num_retries":2,"retriable_status_codes":[503],"retry_host_predicate":[{"name":"envoy.retry_host_predicates.previous_hosts","typed_config":{"@type":"type.googleapis.com/envoy.extensions.retry.host.previous_hosts.v3.PreviousHostsPredicate"}}],"retry_on":"reset,connect-failure,refused-stream,unavailable,cancelled,retriable-status-codes"}}}}}],"priority":100},"Status":null,"Extra":null}
2026-05-23T09:01:35.820922Z	debug	configapply	computed hash for EnvoyFilter:client-c0/default-upstream-traffic-setting - 14645e3efdd68386f959e9db371e7301
2026-05-23T09:01:35.820930Z	debug	discovery-server	same hash so neither creating nor updating
2026-05-23T09:01:35.820936Z	debug	resource-cache	[client-c0] objects previously in k8s api server cache: 2
2026-05-23T09:01:35.820946Z	debug	resource-cache	[client-c0] stale resources to be deleted []
2026-05-23T09:01:35.820965Z	debug	resource-cache	[client-c0] Create for {"type":{"group":"networking.istio.io","version":"v1","kind":"Sidecar"},"name":"default","namespace":"client-c0","labels":{"istio.io/rev":"global"},"annotations":{"kubectl.kubernetes.io/last-applied-configuration":"{\"apiVersion\":\"xcp.tetrate.io/v2\",\"kind\":\"Workspace\",\"metadata\":{\"annotations\":{},\"name\":\"xc-ws\",\"namespace\":\"xcp-system\"},\"spec\":{\"namespaceSelector\":{\"names\":[\"cluster-0/client-c0\",\"cluster-1/backend-c1\"]}}}\n","xcp.tetrate.io/contentHash":"32b68c018c13a57f045d6319290a4b2b"},"creationTimestamp":"0001-01-01T00:00:00Z","Spec":{"egress":[{"hosts":["*/*"]}]},"Status":null,"Extra":null}
2026-05-23T09:01:35.820978Z	debug	configapply	computed hash for Sidecar:client-c0/default - 70cf1206d3284c26c17024a87c57be8e
2026-05-23T09:01:35.820981Z	debug	discovery-server	same hash so neither creating nor updating
2026-05-23T09:01:35.820985Z	debug	resource-cache	[client-c0] ResourceCache length 12
2026-05-23T09:01:35.820986Z	debug	resource-cache	[client-c0] ===END: Apply request for 2 objects in 0.000221 s
2026-05-23T09:01:35.820993Z	debug	cluster-state	Triggering cluster state change event due to config, at 2026-05-23 09:01:33.817325586 +0000 UTC m=+97290.623710383 (force regenerate config = map[]). Resources: []
2026-05-23T09:01:36.822554Z	debug	debounce	notify cbk invoked	id=919326fd
2026-05-23T09:01:36.822572Z	debug	debounce	notify cbk invoked	id=a09a36e7
2026-05-23T09:01:36.822595Z	debug	debounce	notify cbk returned	id=919326fd
2026-05-23T09:01:36.822601Z	debug	debounce	Applying exponential step-up. maxSilentCurrent updated to: 2s	id=919326fd
2026-05-23T09:01:36.822617Z	info	cluster-state	processClusterStateChangeEvents: cluster-eventid: 2026-05-23 09:01:33.817325586 +0000 UTC m=+97290.623710383 and 0 more, queue length: 0, reasons: config,, forceConfigRegenReasons: map[], resources: []
2026-05-23T09:01:36.822619Z	debug	cluster-state	handleClusterStateChangedEvent: Trigger reasons: config,, Forced translation: map[], Resources: []
2026-05-23T09:01:36.822628Z	debug	config-status	Explanation of the decision flow for the Config Status of "networking.istio.io/EnvoyFilter" "global-forward-xfcc-15443" version ""
Q: Is the config type "networking.istio.io/v1alpha3/EnvoyFilter" supported by XCP?
A: Yes
Q: Is it an internal config of XCP?
A: Yes
Verdict: Config Status is NOT reported since it's an internal config of XCP
Config Status:
```yaml
---
null
```

2026-05-23T09:01:36.822635Z	debug	config-status	Explanation of the decision flow for the Config Status of "networking.istio.io/EnvoyFilter" "global-gw-best-practice" version ""
Q: Is the config type "networking.istio.io/v1alpha3/EnvoyFilter" supported by XCP?
A: Yes
Q: Is it an internal config of XCP?
A: Yes
Verdict: Config Status is NOT reported since it's an internal config of XCP
Config Status:
```yaml
---
null
```

2026-05-23T09:01:36.822637Z	debug	cluster-gen	istioServices: 13
2026-05-23T09:01:36.822639Z	debug	config-status	Explanation of the decision flow for the Config Status of "networking.istio.io/EnvoyFilter" "global-mx-downstream-egress-gateway-filter" version ""
Q: Is the config type "networking.istio.io/v1alpha3/EnvoyFilter" supported by XCP?
A: Yes
Q: Is it an internal config of XCP?
A: Yes
Verdict: Config Status is NOT reported since it's an internal config of XCP
Config Status:
```yaml
---
null
```

2026-05-23T09:01:36.822642Z	debug	config-status	Explanation of the decision flow for the Config Status of "networking.istio.io/EnvoyFilter" "global-mx-downstream-gateway-filter" version ""
Q: Is the config type "networking.istio.io/v1alpha3/EnvoyFilter" supported by XCP?
A: Yes
Q: Is it an internal config of XCP?
A: Yes
Verdict: Config Status is NOT reported since it's an internal config of XCP
Config Status:
```yaml
---
null
```

2026-05-23T09:01:36.822645Z	debug	config-status	Explanation of the decision flow for the Config Status of "networking.istio.io/EnvoyFilter" "global-periodical-access-log" version ""
Q: Is the config type "networking.istio.io/v1alpha3/EnvoyFilter" supported by XCP?
A: Yes
Q: Is it an internal config of XCP?
A: Yes
Verdict: Config Status is NOT reported since it's an internal config of XCP
Config Status:
```yaml
---
null
```

2026-05-23T09:01:36.822651Z	debug	config-status	Explanation of the decision flow for the Config Status of "networking.istio.io/EnvoyFilter" "global-request-id-propagation" version ""
Q: Is the config type "networking.istio.io/v1alpha3/EnvoyFilter" supported by XCP?
A: Yes
Q: Is it an internal config of XCP?
A: Yes
Verdict: Config Status is NOT reported since it's an internal config of XCP
Config Status:
```yaml
---
null
```

2026-05-23T09:01:36.822654Z	debug	config-status	Explanation of the decision flow for the Config Status of "networking.istio.io/EnvoyFilter" "global-tcp-keepalive-envoy-filter" version ""
Q: Is the config type "networking.istio.io/v1alpha3/EnvoyFilter" supported by XCP?
A: Yes
Q: Is it an internal config of XCP?
A: Yes
Verdict: Config Status is NOT reported since it's an internal config of XCP
Config Status:
```yaml
---
null
```

2026-05-23T09:01:36.822658Z	debug	config-status	Explanation of the decision flow for the Config Status of "networking.istio.io/EnvoyFilter" "global-xfcc-extractor-sidecar" version ""
Q: Is the config type "networking.istio.io/v1alpha3/EnvoyFilter" supported by XCP?
A: Yes
Q: Is it an internal config of XCP?
A: Yes
Verdict: Config Status is NOT reported since it's an internal config of XCP
Config Status:
```yaml
---
null
```

2026-05-23T09:01:36.822665Z	debug	config-status	Explanation of the decision flow for the Config Status of "networking.istio.io/EnvoyFilter" "global-xfcc-guard-15443" version ""
Q: Is the config type "networking.istio.io/v1alpha3/EnvoyFilter" supported by XCP?
A: Yes
Q: Is it an internal config of XCP?
A: Yes
Verdict: Config Status is NOT reported since it's an internal config of XCP
Config Status:
```yaml
---
null
```

2026-05-23T09:01:36.822725Z	debug	cluster-gen	Ignoring service kube-system/metrics-server
2026-05-23T09:01:36.822727Z	info	no portname specified for service metallb-webhook-service.metallb-system.svc.cluster.local port 443. no endpoints will be detected
2026-05-23T09:01:36.822741Z	info	no portname specified for service metallb-webhook-service.metallb-system.svc.cluster.local port 443. no endpoints will be detected
2026-05-23T09:01:36.822738Z	debug	cluster-gen	Ignoring service kube-system/kube-dns
2026-05-23T09:01:36.822788Z	debug	config-status	Explanation of the decision flow for the Config Status of "xcp.tetrate.io/Cluster" "cluster-0" version ""
Q: Is the config type "xcp.tetrate.io/v2/Cluster" supported by XCP?
A: Yes
Q: Is it an internal config of XCP?
A: No
Q: Is this config object managed by XCP?
A: Yes
Q: Did the Push Context report an ERROR for this config?
A: No
Q: Did the Push Context IGNORE this config?
A: No
Verdict: Config Status is UNKNOWN since status for that config type has NOT been implemented yet
Config Status:
```yaml
---
configId:
  group: xcp.tetrate.io
  kind: Cluster
  name: cluster-0
  namespace: istio-system
  version: v2
details: Config Status for that config type has NOT been implemented yet
metadata:
  annotations:
    kubectl.kubernetes.io/last-applied-configuration: |
      {"apiVersion":"xcp.tetrate.io/v2","kind":"Cluster","metadata":{"annotations":{},"name":"cluster-0","namespace":"xcp-system"},"spec":{"istioTrustDomain":"cluster.local"}}
```

2026-05-23T09:01:36.822832Z	debug	config-status	Explanation of the decision flow for the Config Status of "xcp.tetrate.io/Cluster" "cluster-1" version ""
Q: Is the config type "xcp.tetrate.io/v2/Cluster" supported by XCP?
A: Yes
Q: Is it an internal config of XCP?
A: No
Q: Is this config object managed by XCP?
A: Yes
Q: Did the Push Context report an ERROR for this config?
A: No
Q: Did the Push Context IGNORE this config?
A: No
Verdict: Config Status is UNKNOWN since status for that config type has NOT been implemented yet
Config Status:
```yaml
---
configId:
  group: xcp.tetrate.io
  kind: Cluster
  name: cluster-1
  namespace: istio-system
  version: v2
details: Config Status for that config type has NOT been implemented yet
metadata: {}
```

2026-05-23T09:01:36.822859Z	debug	config-status	Explanation of the decision flow for the Config Status of "xcp.tetrate.io/GlobalSetting" "global" version ""
Q: Is the config type "xcp.tetrate.io/v2/GlobalSetting" supported by XCP?
A: Yes
Q: Is it an internal config of XCP?
A: No
Q: Is this config object managed by XCP?
A: Yes
Q: Did the Push Context report an ERROR for this config?
A: No
Q: Did the Push Context IGNORE this config?
A: No
Q: Does the namespace selector resolve into at least ONE namespace in this cluster?
A: Yes
I: Checking the config status in each of the 9 target namespace(s): [cert-manager client-c0 default echo kube-node-lease kube-public local-path-storage metallb-system xcp-system]
I: [1/9] verdict in "cert-manager" namespace: Config Status is UNKNOWN since translation is SKIPPED on that namespace
I: [2/9] verdict in "client-c0" namespace: Config Status is UNKNOWN since there were NO translation errors but the config was NOT mapped onto any output config(s)
I: [3/9] verdict in "default" namespace: Config Status is UNKNOWN since translation is SKIPPED on that namespace
I: [4/9] verdict in "echo" namespace: Config Status is UNKNOWN since there were NO translation errors but the config was NOT mapped onto any output config(s)
I: [5/9] verdict in "kube-node-lease" namespace: Config Status is UNKNOWN since translation is SKIPPED on that namespace
I: [6/9] verdict in "kube-public" namespace: Config Status is UNKNOWN since translation is SKIPPED on that namespace
I: [7/9] verdict in "local-path-storage" namespace: Config Status is UNKNOWN since translation is SKIPPED on that namespace
I: [8/9] verdict in "metallb-system" namespace: Config Status is UNKNOWN since translation is SKIPPED on that namespace
I: [9/9] verdict in "xcp-system" namespace: Config Status is UNKNOWN since translation is SKIPPED on that namespace
I: Status summary across 9 target namespace(s): TRANSLATION SKIPPED in 7 namespace(s), TRANSLATED BUT NOT MAPPED in 2 namespace(s)
I: Using "lenient" strategy to decide on the aggregated status across 9 target namespace(s)
Q: Have there been any errors while translating this config in ANY of the 9 target namespaces?
A: No
Q: Has the config been APPLIED in at least ONE of the target namespaces?
A: No
Verdict: Config Status is NOT reported since the config has NOT yet been APPLIED in ANY of 9 target namespace(s)
Config Status:
```yaml
---
null
```

2026-05-23T09:01:36.822917Z	debug	config-status	Explanation of the decision flow for the Config Status of "xcp.tetrate.io/Workspace" "xc-ws" version ""
Q: Is the config type "xcp.tetrate.io/v2/Workspace" supported by XCP?
A: Yes
Q: Is it an internal config of XCP?
A: No
Q: Is this config object managed by XCP?
A: Yes
Q: Did the Push Context report an ERROR for this config?
A: No
Q: Did the Push Context IGNORE this config?
A: No
Q: Does the namespace selector resolve into at least ONE namespace in this cluster?
A: Yes
I: Checking the config status in each of the 1 target namespace(s): [client-c0]
I: [1/1] verdict in "client-c0" namespace: Config Status is APPLIED since there were NO translation errors and the config IS mapped onto output config(s)
I: Status summary across 1 target namespace(s): APPLIED in 1 namespace(s)
I: Using "lenient" strategy to decide on the aggregated status across 1 target namespace(s)
Q: Have there been any errors while translating this config in ANY of the 1 target namespaces?
A: No
Q: Has the config been APPLIED in at least ONE of the target namespaces?
A: Yes
Verdict: Config Status is "lenient" APPLIED since the config has been APPLIED in at least ONE of the target namespaces
Config Status:
```yaml
---
configId:
  group: xcp.tetrate.io
  kind: Workspace
  name: xc-ws
  namespace: istio-system
  version: v2
details: 'Status summary across 1 target namespace(s): APPLIED in 1 namespace(s)'
metadata:
  annotations:
    kubectl.kubernetes.io/last-applied-configuration: |
      {"apiVersion":"xcp.tetrate.io/v2","kind":"Workspace","metadata":{"annotations":{},"name":"xc-ws","namespace":"xcp-system"},"spec":{"namespaceSelector":{"names":["cluster-0/client-c0","cluster-1/backend-c1"]}}}
result: APPLIED
```

2026-05-23T09:01:36.822970Z	debug	config-status	Explanation of the decision flow for the Config Status of "xcp.tetrate.io/WorkspaceSetting" "xc-ws-settings" version ""
Q: Is the config type "xcp.tetrate.io/v2/WorkspaceSetting" supported by XCP?
A: Yes
Q: Is it an internal config of XCP?
A: No
Q: Is this config object managed by XCP?
A: Yes
Q: Did the Push Context report an ERROR for this config?
A: No
Q: Did the Push Context IGNORE this config?
A: No
Q: Does the namespace selector resolve into at least ONE namespace in this cluster?
A: Yes
I: Checking the config status in each of the 1 target namespace(s): [client-c0]
I: [1/1] verdict in "client-c0" namespace: Config Status is APPLIED since there were NO translation errors and the config IS mapped onto output config(s)
I: Status summary across 1 target namespace(s): APPLIED in 1 namespace(s)
I: Using "lenient" strategy to decide on the aggregated status across 1 target namespace(s)
Q: Have there been any errors while translating this config in ANY of the 1 target namespaces?
A: No
Q: Has the config been APPLIED in at least ONE of the target namespaces?
A: Yes
Verdict: Config Status is "lenient" APPLIED since the config has been APPLIED in at least ONE of the target namespaces
Config Status:
```yaml
---
configId:
  group: xcp.tetrate.io
  kind: WorkspaceSetting
  name: xc-ws-settings
  namespace: istio-system
  version: v2
details: 'Status summary across 1 target namespace(s): APPLIED in 1 namespace(s)'
metadata:
  annotations:
    kubectl.kubernetes.io/last-applied-configuration: |
      {"apiVersion":"xcp.tetrate.io/v2","kind":"WorkspaceSetting","metadata":{"annotations":{},"labels":{"xcp.tetrate.io/workspace":"xc-ws"},"name":"xc-ws-settings","namespace":"xcp-system"},"spec":{"defaultEastWestGatewaySettings":[{"exposedServices":[{"serviceLabels":{"app":"backend"}}],"workloadSelector":{"labels":{"app":"ew-gateway"},"namespace":"backend-c1"}}]}}
  labels:
    xcp.tetrate.io/workspace: xc-ws
result: APPLIED
```

2026-05-23T09:01:36.822856Z	debug	discovery-cache	added istio service instances in namespace: istio-system objects 0, changed false
2026-05-23T09:01:36.823106Z	debug	discovery-cache	added istio service instances in namespace: xcp-system objects 0, changed false
2026-05-23T09:01:36.823109Z	debug	discovery-cache	added istio service instances in namespace: metallb-system objects 0, changed false
2026-05-23T09:01:36.823110Z	debug	discovery-cache	added istio service instances in namespace: cert-manager objects 0, changed false
2026-05-23T09:01:36.823111Z	debug	discovery-cache	added istio service instances in namespace: default objects 0, changed false
2026-05-23T09:01:36.823118Z	debug	cluster-state	triggerConfigTranslation false ,triggerConfigTranslationReason false 
2026-05-23T09:01:36.823121Z	debug	cluster-state	All gateway hostname mappings are same.
2026-05-23T09:01:36.823122Z	debug	cluster-state	All gatewayHost bounded k8s svcs have same addresses.
2026-05-23T09:01:36.823123Z	debug	cluster-state	No significant changes detected; skipping report to other clusters.
2026-05-23T09:01:36.823124Z	debug	cluster-state	No significant changes detected for east-west services; skipping report to other clusters.
2026-05-23T09:01:36.823125Z	debug	cluster-state	All gateway hostname mappings are same.
2026-05-23T09:01:36.823130Z	debug	cluster-state	handleClusterStateChangedEvent, actions: map[sendHeaderToCentral:{}]
2026-05-23T09:01:36.823161Z	debug	discovery-server	wrote channel for sending header only
2026-05-23T09:01:36.823167Z	debug	cluster-state	Sent header to central
2026-05-23T09:01:36.823171Z	debug	discovery-server	Sending cluster-state update to central xcp
2026-05-23T09:01:36.823189Z	debug	discovery-server	Done sending cluster-state to central xcp
2026-05-23T09:01:36.823332Z	debug	status	generated status report in 731.75µs
2026-05-23T09:01:36.823342Z	debug	debounce	notify cbk returned	id=a09a36e7
2026-05-23T09:01:36.823344Z	debug	debounce	Applying exponential step-up. maxSilentCurrent updated to: 2s	id=a09a36e7
2026-05-23T09:01:36.823347Z	debug	status	triggering status report sender with 4 messages
2026-05-23T09:01:36.823388Z	debug	status	successfully sent config-status report(epoch:56, messages:4) in 34.083µs
2026-05-23T09:01:38.823831Z	debug	debounce	resetting maxSilentCurrent. updated: 1s	id=919326fd
2026-05-23T09:01:38.823847Z	debug	debounce	resetting maxSilentCurrent. updated: 1s	id=a09a36e7
2026-05-23T09:01:39.821155Z	debug	debounce	resetting maxSilentCurrent. updated: 1s	id=fcd9f881
2026-05-23T09:01:42.863182Z	info	discovery-server	triggering full re-sync of cluster-state
2026-05-23T09:01:43.864284Z	debug	debounce	notify cbk invoked	id=919326fd
2026-05-23T09:01:43.864350Z	info	cluster-state	processClusterStateChangeEvents: cluster-eventid: 2026-05-23 09:01:42.863208632 +0000 UTC m=+97299.669593388 and 0 more, queue length: 0, reasons: periodic_full_cluster_state_resync,, forceConfigRegenReasons: map[], resources: []
2026-05-23T09:01:43.864381Z	debug	cluster-state	handleClusterStateChangedEvent: Trigger reasons: periodic_full_cluster_state_resync,, Forced translation: map[], Resources: []
2026-05-23T09:01:43.864406Z	debug	cluster-gen	istioServices: 13
2026-05-23T09:01:43.864363Z	debug	debounce	notify cbk returned	id=919326fd
2026-05-23T09:01:43.864486Z	debug	debounce	Applying exponential step-up. maxSilentCurrent updated to: 2s	id=919326fd
2026-05-23T09:01:43.864521Z	debug	cluster-gen	Ignoring service kube-system/kube-dns
2026-05-23T09:01:43.864551Z	info	no portname specified for service metallb-webhook-service.metallb-system.svc.cluster.local port 443. no endpoints will be detected
2026-05-23T09:01:43.864558Z	info	no portname specified for service metallb-webhook-service.metallb-system.svc.cluster.local port 443. no endpoints will be detected
2026-05-23T09:01:43.864561Z	debug	cluster-gen	Ignoring service kube-system/metrics-server
2026-05-23T09:01:43.864637Z	debug	discovery-cache	added istio service instances in namespace: cert-manager objects 0, changed false
2026-05-23T09:01:43.864641Z	debug	discovery-cache	added istio service instances in namespace: default objects 0, changed false
2026-05-23T09:01:43.864642Z	debug	discovery-cache	added istio service instances in namespace: metallb-system objects 0, changed false
2026-05-23T09:01:43.864643Z	debug	discovery-cache	added istio service instances in namespace: xcp-system objects 0, changed false
2026-05-23T09:01:43.864644Z	debug	discovery-cache	added istio service instances in namespace: istio-system objects 0, changed false
2026-05-23T09:01:43.864651Z	debug	cluster-state	triggerConfigTranslation false ,triggerConfigTranslationReason false 
2026-05-23T09:01:43.864653Z	debug	cluster-state	Sending full cluster state to central as part of periodic resync.
2026-05-23T09:01:43.864654Z	debug	cluster-state	Sending full cluster state to central as part of periodic resync.
2026-05-23T09:01:43.864658Z	debug	cluster-state	handleClusterStateChangedEvent, actions: map[sendClusterToCentral:{} triggerServiceEntryRegeneration:{}]
2026-05-23T09:01:43.864725Z	debug	discovery-server	wrote channel for sending cluster updates
2026-05-23T09:01:43.864729Z	debug	cluster-state	Sent 5 namespaces to central. len(HostToK8sSvc) 0
2026-05-23T09:01:43.864730Z	debug	discovery-server	found changes related to gateway hosts attached to lb/nodeport services. (re)generating local SEs
2026-05-23T09:01:43.864741Z	debug	discovery-server	Sending cluster-state update to central xcp
2026-05-23T09:01:43.864811Z	debug	discovery-server	Done sending cluster-state to central xcp
2026-05-23T09:01:43.876349Z	debug	debounce	notify cbk invoked	id=29da738d
2026-05-23T09:01:43.876388Z	debug	mc-configapply	-->cluster cluster-0
2026-05-23T09:01:43.876413Z	debug	mc-configapply	-->cluster cluster-1
2026-05-23T09:01:43.876429Z	debug	mc-configgen	cluster cluster-0, namespaces 0
2026-05-23T09:01:43.876434Z	debug	mc-configgen	cluster cluster-1, namespaces 0
2026-05-23T09:01:43.876436Z	debug	mc-configapply	applying 0 istio objects for multicluster
2026-05-23T09:01:43.876438Z	debug	resource-cache	[xcp-multicluster] ===BEGIN: Apply request for 0 objects
2026-05-23T09:01:43.876441Z	debug	resource-cache	Delete all objects from the namespace xcp-multicluster
2026-05-23T09:01:43.876442Z	debug	resource-cache	[xcp-multicluster] objects previously in k8s api server cache: 0
2026-05-23T09:01:43.876443Z	debug	resource-cache	[xcp-multicluster] No previous objects at k8s apiserver cache for namespace
2026-05-23T09:01:43.876446Z	debug	resource-cache	[xcp-multicluster] ===END: Apply request for 0 objects in 0.000007 s
2026-05-23T09:01:43.876454Z	debug	debounce	notify cbk returned	id=29da738d
2026-05-23T09:01:43.876460Z	debug	debounce	Applying steady step-up. maxSilentCurrent updated to: 10ms	id=29da738d
2026-05-23T09:01:43.886748Z	debug	debounce	resetting maxSilentCurrent. updated: 10ms	id=29da738d
2026-05-23T09:01:45.865105Z	debug	debounce	resetting maxSilentCurrent. updated: 1s	id=919326fd
2026-05-23T09:02:03.738795Z	debug	security	Read provided XCP Central certificate chain:
-----BEGIN CERTIFICATE-----
MIIFbTCCA1WgAwIBAgIUBD0/+0EfuEYZvVjrKE5cvNEja8swDQYJKoZIhvcNAQEL
BQAwRjELMAkGA1UEBhMCVVMxCzAJBgNVBAgMAkNBMRAwDgYDVQQKDAdUZXRyYXRl
MRgwFgYDVQQDDA9YQ1AtZTJlLXRlc3QtY2EwHhcNMjQwNjE3MTMxMjAzWhcNMzQw
NjE1MTMxMjAzWjBGMQswCQYDVQQGEwJVUzELMAkGA1UECAwCQ0ExEDAOBgNVBAoM
B1RldHJhdGUxGDAWBgNVBAMMD1hDUC1lMmUtdGVzdC1jYTCCAiIwDQYJKoZIhvcN
AQEBBQADggIPADCCAgoCggIBAIkO9mBBITqNjJed3zjKhu15p4EkX7qkDaKQjQdu
9zEvocDbtZU81ibmjuQFlL0vAiqHfKA8nUXKdidI9xHNdS7xUp3IlZoEFWX1jBUD
SLgQooe8BIIcEXfkVO019jLfMbDB5tQ6jzsjZ4F3ER5wh5rkLhEfbvq4ZiF3zQD/
82LDU5vwJ91qDWCHl8og9rla5MaAX2fTZhkQUQJiDip9uZ0Ft5lai1fKq8gICrod
4iPfiZH6sJB5cTC/aHd8CHY3FrJp8ZuGhZQzaV6PvfdFsCr+EISDlCkNdlNov7hA
Z8F8bRGrEqPAcYsS/Kk94oLAQBW7YvTPBrFnDWmyMnaKjCLGqTHmAY3tTrSI31lb
rnNakF2EGziOwNjxsI84d61U6KFtXMtsgKCNJr/MORVS/0f9yA7Q0WE5bEdx24m9
+qaWnMd5FtjC38GEALfSmo9YN3+Q+M+hdfipPKpv0khjHX7yPTrFvAOHi1wsy3Hj
1OdDFr/H9pG12DnlToVruVDfr5xypoWNK8pf2utZcMOcBzdfMNAVCqeE84BrPu2c
8mHinMfWX10X14nd2gdMUYyBgGqJGqiLuFMdthyCWpmg9BbYK013Esn36v8ap7gE
/VIiY/YTYNtmKE12IhBDa+y6izBXo69OAMB7iZHPDW5lnAXKfpGtaZO+9pqrTCI0
vdNTAgMBAAGjUzBRMB0GA1UdDgQWBBSlvheSoWwG4xtqKfuEWkYlmN0YbTAfBgNV
HSMEGDAWgBSlvheSoWwG4xtqKfuEWkYlmN0YbTAPBgNVHRMBAf8EBTADAQH/MA0G
CSqGSIb3DQEBCwUAA4ICAQACp7Yw/dQGSinvV0Z5kYjugapyBE7iIpyqRh2UgYzz
HT3bcXfSz95YO/TB+utF1C8g4yqxW8b5G0EIRgg9uqtxvrGmK18o6x2N1GEeCcfU
ke2xqrOP7dpWk3uwT2aeJN/LjfqR2KADscKtD7V5EN8v3JgH3Ul0M5g9RalaEppv
yQr0H9B8sdxRawIxD+HO1S/lsQhlGGCmgTQQF23gRmL1oxwR3Mujx9Se2NHZi0ha
fcyll1OLtUxsD6cNjwiqoiv5J1TV9Ukux2tyO/gQmdheuyZoKt6+lObL8DIStQuK
IGcaX7mMKGMD7URAR4crUSP6AFHZ4tRJ7Ryu0vv2+JBjH24LVM8PIHQYqgnAohar
7n/laa7bXlKueuTo7EAVGTYPnV/CGYm/MKJ1cYll/aRBFYcU4m+fOF4AAOo/8umu
kFFHbv+Abnei/pEYb77vsBaHE68gT5YLM/pY/6XXa2+UVROCBQXbLps/0GZk2FTS
tHKBteLYBVia9F7HSAP1wAl4qt+r7D7wm9gtchwp2vqNI6vMJYHSDbjk9q255DVs
Tew5/zH2PlvDaNMyLCnueC9VzFqBou/ZDmqUyOAlxDr4VC5NwnbgT8eyqcwlip3Y
9IWjGcTB5TSlndw5NVe48g1UTtR5Ji7mRyZxtLjLu0JPby9UJeM7ouJ+/y6ybh3U
oQ==
-----END CERTIFICATE-----

2026-05-23T09:02:03.738860Z	info	grpc-client	Fetched CA certificates required to verify connection to central
2026-05-23T09:02:04.739388Z	error	stream	[config-status] Error receiving on stream: gRPC status code Unavailable: closing transport due to: connection error: desc = "error reading from server: EOF", received prior goaway: code: ENHANCE_YOUR_CALM, debug data: "too_many_pings"	name=config-status-771be08d
2026-05-23T09:02:04.739408Z	debug	stream	[config-status] canceling context	name=config-status-771be08d
2026-05-23T09:02:04.739411Z	debug	stream	[config-status] wg wait	name=config-status-771be08d
2026-05-23T09:02:04.739419Z	error	stream	[config-status] Error sending on stream: sendFunc returning on exit	name=config-status-771be08d
2026-05-23T09:02:04.739422Z	warn	stream	[config-status] Error sending on stream: sendFunc returning on exit	name=config-status-771be08d
2026-05-23T09:02:04.739424Z	debug	stream	[config-status] closing stream	name=config-status-771be08d
2026-05-23T09:02:04.739427Z	debug	stream	[config-status] sending CloseSend	name=config-status-771be08d
2026-05-23T09:02:04.739431Z	info	stream	[config-status] closed stream, err=<nil>	name=config-status-771be08d
2026-05-23T09:02:04.739433Z	info	stream	[config-status] establishing new stream	name=config-status-771be08d
2026-05-23T09:02:04.739436Z	info	stream	[config-status] connecting new permanent stream with max age 8760h0m0s	name=config-status-771be08d
2026-05-23T09:02:04.739531Z	info	discovery-server	Connecting to XCP central using JWT auth
2026-05-23T09:02:04.739579Z	debug	security	Read provided XCP Central certificate chain:
-----BEGIN CERTIFICATE-----
MIIFbTCCA1WgAwIBAgIUBD0/+0EfuEYZvVjrKE5cvNEja8swDQYJKoZIhvcNAQEL
BQAwRjELMAkGA1UEBhMCVVMxCzAJBgNVBAgMAkNBMRAwDgYDVQQKDAdUZXRyYXRl
MRgwFgYDVQQDDA9YQ1AtZTJlLXRlc3QtY2EwHhcNMjQwNjE3MTMxMjAzWhcNMzQw
NjE1MTMxMjAzWjBGMQswCQYDVQQGEwJVUzELMAkGA1UECAwCQ0ExEDAOBgNVBAoM
B1RldHJhdGUxGDAWBgNVBAMMD1hDUC1lMmUtdGVzdC1jYTCCAiIwDQYJKoZIhvcN
AQEBBQADggIPADCCAgoCggIBAIkO9mBBITqNjJed3zjKhu15p4EkX7qkDaKQjQdu
9zEvocDbtZU81ibmjuQFlL0vAiqHfKA8nUXKdidI9xHNdS7xUp3IlZoEFWX1jBUD
SLgQooe8BIIcEXfkVO019jLfMbDB5tQ6jzsjZ4F3ER5wh5rkLhEfbvq4ZiF3zQD/
82LDU5vwJ91qDWCHl8og9rla5MaAX2fTZhkQUQJiDip9uZ0Ft5lai1fKq8gICrod
4iPfiZH6sJB5cTC/aHd8CHY3FrJp8ZuGhZQzaV6PvfdFsCr+EISDlCkNdlNov7hA
Z8F8bRGrEqPAcYsS/Kk94oLAQBW7YvTPBrFnDWmyMnaKjCLGqTHmAY3tTrSI31lb
rnNakF2EGziOwNjxsI84d61U6KFtXMtsgKCNJr/MORVS/0f9yA7Q0WE5bEdx24m9
+qaWnMd5FtjC38GEALfSmo9YN3+Q+M+hdfipPKpv0khjHX7yPTrFvAOHi1wsy3Hj
1OdDFr/H9pG12DnlToVruVDfr5xypoWNK8pf2utZcMOcBzdfMNAVCqeE84BrPu2c
8mHinMfWX10X14nd2gdMUYyBgGqJGqiLuFMdthyCWpmg9BbYK013Esn36v8ap7gE
/VIiY/YTYNtmKE12IhBDa+y6izBXo69OAMB7iZHPDW5lnAXKfpGtaZO+9pqrTCI0
vdNTAgMBAAGjUzBRMB0GA1UdDgQWBBSlvheSoWwG4xtqKfuEWkYlmN0YbTAfBgNV
HSMEGDAWgBSlvheSoWwG4xtqKfuEWkYlmN0YbTAPBgNVHRMBAf8EBTADAQH/MA0G
CSqGSIb3DQEBCwUAA4ICAQACp7Yw/dQGSinvV0Z5kYjugapyBE7iIpyqRh2UgYzz
HT3bcXfSz95YO/TB+utF1C8g4yqxW8b5G0EIRgg9uqtxvrGmK18o6x2N1GEeCcfU
ke2xqrOP7dpWk3uwT2aeJN/LjfqR2KADscKtD7V5EN8v3JgH3Ul0M5g9RalaEppv
yQr0H9B8sdxRawIxD+HO1S/lsQhlGGCmgTQQF23gRmL1oxwR3Mujx9Se2NHZi0ha
fcyll1OLtUxsD6cNjwiqoiv5J1TV9Ukux2tyO/gQmdheuyZoKt6+lObL8DIStQuK
IGcaX7mMKGMD7URAR4crUSP6AFHZ4tRJ7Ryu0vv2+JBjH24LVM8PIHQYqgnAohar
7n/laa7bXlKueuTo7EAVGTYPnV/CGYm/MKJ1cYll/aRBFYcU4m+fOF4AAOo/8umu
kFFHbv+Abnei/pEYb77vsBaHE68gT5YLM/pY/6XXa2+UVROCBQXbLps/0GZk2FTS
tHKBteLYBVia9F7HSAP1wAl4qt+r7D7wm9gtchwp2vqNI6vMJYHSDbjk9q255DVs
Tew5/zH2PlvDaNMyLCnueC9VzFqBou/ZDmqUyOAlxDr4VC5NwnbgT8eyqcwlip3Y
9IWjGcTB5TSlndw5NVe48g1UTtR5Ji7mRyZxtLjLu0JPby9UJeM7ouJ+/y6ybh3U
oQ==
-----END CERTIFICATE-----

2026-05-23T09:02:04.739616Z	info	grpc-client	Fetched CA certificates required to verify connection to central
2026-05-23T09:02:04.739630Z	debug	security	Read provided XCP Central certificate chain:
-----BEGIN CERTIFICATE-----
MIIFbTCCA1WgAwIBAgIUBD0/+0EfuEYZvVjrKE5cvNEja8swDQYJKoZIhvcNAQEL
BQAwRjELMAkGA1UEBhMCVVMxCzAJBgNVBAgMAkNBMRAwDgYDVQQKDAdUZXRyYXRl
MRgwFgYDVQQDDA9YQ1AtZTJlLXRlc3QtY2EwHhcNMjQwNjE3MTMxMjAzWhcNMzQw
NjE1MTMxMjAzWjBGMQswCQYDVQQGEwJVUzELMAkGA1UECAwCQ0ExEDAOBgNVBAoM
B1RldHJhdGUxGDAWBgNVBAMMD1hDUC1lMmUtdGVzdC1jYTCCAiIwDQYJKoZIhvcN
AQEBBQADggIPADCCAgoCggIBAIkO9mBBITqNjJed3zjKhu15p4EkX7qkDaKQjQdu
9zEvocDbtZU81ibmjuQFlL0vAiqHfKA8nUXKdidI9xHNdS7xUp3IlZoEFWX1jBUD
SLgQooe8BIIcEXfkVO019jLfMbDB5tQ6jzsjZ4F3ER5wh5rkLhEfbvq4ZiF3zQD/
82LDU5vwJ91qDWCHl8og9rla5MaAX2fTZhkQUQJiDip9uZ0Ft5lai1fKq8gICrod
4iPfiZH6sJB5cTC/aHd8CHY3FrJp8ZuGhZQzaV6PvfdFsCr+EISDlCkNdlNov7hA
Z8F8bRGrEqPAcYsS/Kk94oLAQBW7YvTPBrFnDWmyMnaKjCLGqTHmAY3tTrSI31lb
rnNakF2EGziOwNjxsI84d61U6KFtXMtsgKCNJr/MORVS/0f9yA7Q0WE5bEdx24m9
+qaWnMd5FtjC38GEALfSmo9YN3+Q+M+hdfipPKpv0khjHX7yPTrFvAOHi1wsy3Hj
1OdDFr/H9pG12DnlToVruVDfr5xypoWNK8pf2utZcMOcBzdfMNAVCqeE84BrPu2c
8mHinMfWX10X14nd2gdMUYyBgGqJGqiLuFMdthyCWpmg9BbYK013Esn36v8ap7gE
/VIiY/YTYNtmKE12IhBDa+y6izBXo69OAMB7iZHPDW5lnAXKfpGtaZO+9pqrTCI0
vdNTAgMBAAGjUzBRMB0GA1UdDgQWBBSlvheSoWwG4xtqKfuEWkYlmN0YbTAfBgNV
HSMEGDAWgBSlvheSoWwG4xtqKfuEWkYlmN0YbTAPBgNVHRMBAf8EBTADAQH/MA0G
CSqGSIb3DQEBCwUAA4ICAQACp7Yw/dQGSinvV0Z5kYjugapyBE7iIpyqRh2UgYzz
HT3bcXfSz95YO/TB+utF1C8g4yqxW8b5G0EIRgg9uqtxvrGmK18o6x2N1GEeCcfU
ke2xqrOP7dpWk3uwT2aeJN/LjfqR2KADscKtD7V5EN8v3JgH3Ul0M5g9RalaEppv
yQr0H9B8sdxRawIxD+HO1S/lsQhlGGCmgTQQF23gRmL1oxwR3Mujx9Se2NHZi0ha
fcyll1OLtUxsD6cNjwiqoiv5J1TV9Ukux2tyO/gQmdheuyZoKt6+lObL8DIStQuK
IGcaX7mMKGMD7URAR4crUSP6AFHZ4tRJ7Ryu0vv2+JBjH24LVM8PIHQYqgnAohar
7n/laa7bXlKueuTo7EAVGTYPnV/CGYm/MKJ1cYll/aRBFYcU4m+fOF4AAOo/8umu
kFFHbv+Abnei/pEYb77vsBaHE68gT5YLM/pY/6XXa2+UVROCBQXbLps/0GZk2FTS
tHKBteLYBVia9F7HSAP1wAl4qt+r7D7wm9gtchwp2vqNI6vMJYHSDbjk9q255DVs
Tew5/zH2PlvDaNMyLCnueC9VzFqBou/ZDmqUyOAlxDr4VC5NwnbgT8eyqcwlip3Y
9IWjGcTB5TSlndw5NVe48g1UTtR5Ji7mRyZxtLjLu0JPby9UJeM7ouJ+/y6ybh3U
oQ==
-----END CERTIFICATE-----

2026-05-23T09:02:04.739641Z	info	grpc-client	Fetched CA certificates required to verify connection to central
2026-05-23T09:02:04.742143Z	debug	security	Read provided XCP Central certificate chain:
-----BEGIN CERTIFICATE-----
MIIFbTCCA1WgAwIBAgIUBD0/+0EfuEYZvVjrKE5cvNEja8swDQYJKoZIhvcNAQEL
BQAwRjELMAkGA1UEBhMCVVMxCzAJBgNVBAgMAkNBMRAwDgYDVQQKDAdUZXRyYXRl
MRgwFgYDVQQDDA9YQ1AtZTJlLXRlc3QtY2EwHhcNMjQwNjE3MTMxMjAzWhcNMzQw
NjE1MTMxMjAzWjBGMQswCQYDVQQGEwJVUzELMAkGA1UECAwCQ0ExEDAOBgNVBAoM
B1RldHJhdGUxGDAWBgNVBAMMD1hDUC1lMmUtdGVzdC1jYTCCAiIwDQYJKoZIhvcN
AQEBBQADggIPADCCAgoCggIBAIkO9mBBITqNjJed3zjKhu15p4EkX7qkDaKQjQdu
9zEvocDbtZU81ibmjuQFlL0vAiqHfKA8nUXKdidI9xHNdS7xUp3IlZoEFWX1jBUD
SLgQooe8BIIcEXfkVO019jLfMbDB5tQ6jzsjZ4F3ER5wh5rkLhEfbvq4ZiF3zQD/
82LDU5vwJ91qDWCHl8og9rla5MaAX2fTZhkQUQJiDip9uZ0Ft5lai1fKq8gICrod
4iPfiZH6sJB5cTC/aHd8CHY3FrJp8ZuGhZQzaV6PvfdFsCr+EISDlCkNdlNov7hA
Z8F8bRGrEqPAcYsS/Kk94oLAQBW7YvTPBrFnDWmyMnaKjCLGqTHmAY3tTrSI31lb
rnNakF2EGziOwNjxsI84d61U6KFtXMtsgKCNJr/MORVS/0f9yA7Q0WE5bEdx24m9
+qaWnMd5FtjC38GEALfSmo9YN3+Q+M+hdfipPKpv0khjHX7yPTrFvAOHi1wsy3Hj
1OdDFr/H9pG12DnlToVruVDfr5xypoWNK8pf2utZcMOcBzdfMNAVCqeE84BrPu2c
8mHinMfWX10X14nd2gdMUYyBgGqJGqiLuFMdthyCWpmg9BbYK013Esn36v8ap7gE
/VIiY/YTYNtmKE12IhBDa+y6izBXo69OAMB7iZHPDW5lnAXKfpGtaZO+9pqrTCI0
vdNTAgMBAAGjUzBRMB0GA1UdDgQWBBSlvheSoWwG4xtqKfuEWkYlmN0YbTAfBgNV
HSMEGDAWgBSlvheSoWwG4xtqKfuEWkYlmN0YbTAPBgNVHRMBAf8EBTADAQH/MA0G
CSqGSIb3DQEBCwUAA4ICAQACp7Yw/dQGSinvV0Z5kYjugapyBE7iIpyqRh2UgYzz
HT3bcXfSz95YO/TB+utF1C8g4yqxW8b5G0EIRgg9uqtxvrGmK18o6x2N1GEeCcfU
ke2xqrOP7dpWk3uwT2aeJN/LjfqR2KADscKtD7V5EN8v3JgH3Ul0M5g9RalaEppv
yQr0H9B8sdxRawIxD+HO1S/lsQhlGGCmgTQQF23gRmL1oxwR3Mujx9Se2NHZi0ha
fcyll1OLtUxsD6cNjwiqoiv5J1TV9Ukux2tyO/gQmdheuyZoKt6+lObL8DIStQuK
IGcaX7mMKGMD7URAR4crUSP6AFHZ4tRJ7Ryu0vv2+JBjH24LVM8PIHQYqgnAohar
7n/laa7bXlKueuTo7EAVGTYPnV/CGYm/MKJ1cYll/aRBFYcU4m+fOF4AAOo/8umu
kFFHbv+Abnei/pEYb77vsBaHE68gT5YLM/pY/6XXa2+UVROCBQXbLps/0GZk2FTS
tHKBteLYBVia9F7HSAP1wAl4qt+r7D7wm9gtchwp2vqNI6vMJYHSDbjk9q255DVs
Tew5/zH2PlvDaNMyLCnueC9VzFqBou/ZDmqUyOAlxDr4VC5NwnbgT8eyqcwlip3Y
9IWjGcTB5TSlndw5NVe48g1UTtR5Ji7mRyZxtLjLu0JPby9UJeM7ouJ+/y6ybh3U
oQ==
-----END CERTIFICATE-----

2026-05-23T09:02:04.742196Z	info	grpc-client	Fetched CA certificates required to verify connection to central
2026-05-23T09:02:04.744619Z	info	stream	[config-status] connected	name=config-status-771be08d
2026-05-23T09:02:04.744628Z	debug	stream	[config-status] Spawning cluster statusLabel send goroutine	name=config-status-771be08d
2026-05-23T09:02:04.744643Z	debug	status	re-triggering status report on connect
2026-05-23T09:02:04.744647Z	debug	status	sent-epoch(56) matches generated-epoch(56) and hence skipping
2026-05-23T09:02:31.720130Z	debug	discovery-server	Sending config resync request update to central xcp
2026-05-23T09:02:31.720236Z	debug	discovery-server	Done sending config resync request to central xcp
2026-05-23T09:02:31.720691Z	debug	discovery-server	Received resync keepalive response from central xcp.
2026-05-23T09:02:31.720712Z	debug	discovery-server	Waiting on recv for crds
2026-05-23T09:03:31.723447Z	debug	discovery-server	Sending config resync request update to central xcp
2026-05-23T09:03:31.723522Z	debug	discovery-server	Done sending config resync request to central xcp
2026-05-23T09:03:31.723711Z	debug	discovery-server	Received resync keepalive response from central xcp.
2026-05-23T09:03:31.723724Z	debug	discovery-server	Waiting on recv for crds
2026-05-23T09:04:04.752315Z	debug	security	Read provided XCP Central certificate chain:
-----BEGIN CERTIFICATE-----
MIIFbTCCA1WgAwIBAgIUBD0/+0EfuEYZvVjrKE5cvNEja8swDQYJKoZIhvcNAQEL
BQAwRjELMAkGA1UEBhMCVVMxCzAJBgNVBAgMAkNBMRAwDgYDVQQKDAdUZXRyYXRl
MRgwFgYDVQQDDA9YQ1AtZTJlLXRlc3QtY2EwHhcNMjQwNjE3MTMxMjAzWhcNMzQw
NjE1MTMxMjAzWjBGMQswCQYDVQQGEwJVUzELMAkGA1UECAwCQ0ExEDAOBgNVBAoM
B1RldHJhdGUxGDAWBgNVBAMMD1hDUC1lMmUtdGVzdC1jYTCCAiIwDQYJKoZIhvcN
AQEBBQADggIPADCCAgoCggIBAIkO9mBBITqNjJed3zjKhu15p4EkX7qkDaKQjQdu
9zEvocDbtZU81ibmjuQFlL0vAiqHfKA8nUXKdidI9xHNdS7xUp3IlZoEFWX1jBUD
SLgQooe8BIIcEXfkVO019jLfMbDB5tQ6jzsjZ4F3ER5wh5rkLhEfbvq4ZiF3zQD/
82LDU5vwJ91qDWCHl8og9rla5MaAX2fTZhkQUQJiDip9uZ0Ft5lai1fKq8gICrod
4iPfiZH6sJB5cTC/aHd8CHY3FrJp8ZuGhZQzaV6PvfdFsCr+EISDlCkNdlNov7hA
Z8F8bRGrEqPAcYsS/Kk94oLAQBW7YvTPBrFnDWmyMnaKjCLGqTHmAY3tTrSI31lb
rnNakF2EGziOwNjxsI84d61U6KFtXMtsgKCNJr/MORVS/0f9yA7Q0WE5bEdx24m9
+qaWnMd5FtjC38GEALfSmo9YN3+Q+M+hdfipPKpv0khjHX7yPTrFvAOHi1wsy3Hj
1OdDFr/H9pG12DnlToVruVDfr5xypoWNK8pf2utZcMOcBzdfMNAVCqeE84BrPu2c
8mHinMfWX10X14nd2gdMUYyBgGqJGqiLuFMdthyCWpmg9BbYK013Esn36v8ap7gE
/VIiY/YTYNtmKE12IhBDa+y6izBXo69OAMB7iZHPDW5lnAXKfpGtaZO+9pqrTCI0
vdNTAgMBAAGjUzBRMB0GA1UdDgQWBBSlvheSoWwG4xtqKfuEWkYlmN0YbTAfBgNV
HSMEGDAWgBSlvheSoWwG4xtqKfuEWkYlmN0YbTAPBgNVHRMBAf8EBTADAQH/MA0G
CSqGSIb3DQEBCwUAA4ICAQACp7Yw/dQGSinvV0Z5kYjugapyBE7iIpyqRh2UgYzz
HT3bcXfSz95YO/TB+utF1C8g4yqxW8b5G0EIRgg9uqtxvrGmK18o6x2N1GEeCcfU
ke2xqrOP7dpWk3uwT2aeJN/LjfqR2KADscKtD7V5EN8v3JgH3Ul0M5g9RalaEppv
yQr0H9B8sdxRawIxD+HO1S/lsQhlGGCmgTQQF23gRmL1oxwR3Mujx9Se2NHZi0ha
fcyll1OLtUxsD6cNjwiqoiv5J1TV9Ukux2tyO/gQmdheuyZoKt6+lObL8DIStQuK
IGcaX7mMKGMD7URAR4crUSP6AFHZ4tRJ7Ryu0vv2+JBjH24LVM8PIHQYqgnAohar
7n/laa7bXlKueuTo7EAVGTYPnV/CGYm/MKJ1cYll/aRBFYcU4m+fOF4AAOo/8umu
kFFHbv+Abnei/pEYb77vsBaHE68gT5YLM/pY/6XXa2+UVROCBQXbLps/0GZk2FTS
tHKBteLYBVia9F7HSAP1wAl4qt+r7D7wm9gtchwp2vqNI6vMJYHSDbjk9q255DVs
Tew5/zH2PlvDaNMyLCnueC9VzFqBou/ZDmqUyOAlxDr4VC5NwnbgT8eyqcwlip3Y
9IWjGcTB5TSlndw5NVe48g1UTtR5Ji7mRyZxtLjLu0JPby9UJeM7ouJ+/y6ybh3U
oQ==
-----END CERTIFICATE-----

2026-05-23T09:04:04.752382Z	info	grpc-client	Fetched CA certificates required to verify connection to central
2026-05-23T09:04:05.752825Z	error	stream	[config-status] Error receiving on stream: gRPC status code Unavailable: closing transport due to: connection error: desc = "error reading from server: EOF", received prior goaway: code: ENHANCE_YOUR_CALM, debug data: "too_many_pings"	name=config-status-771be08d
2026-05-23T09:04:05.752850Z	debug	stream	[config-status] canceling context	name=config-status-771be08d
2026-05-23T09:04:05.752854Z	debug	stream	[config-status] wg wait	name=config-status-771be08d
2026-05-23T09:04:05.752857Z	error	stream	[config-status] Error sending on stream: sendFunc returning on exit	name=config-status-771be08d
2026-05-23T09:04:05.752860Z	warn	stream	[config-status] Error sending on stream: sendFunc returning on exit	name=config-status-771be08d
2026-05-23T09:04:05.752864Z	debug	stream	[config-status] closing stream	name=config-status-771be08d
2026-05-23T09:04:05.752865Z	debug	stream	[config-status] sending CloseSend	name=config-status-771be08d
2026-05-23T09:04:05.752870Z	info	stream	[config-status] closed stream, err=<nil>	name=config-status-771be08d
2026-05-23T09:04:05.752872Z	info	stream	[config-status] establishing new stream	name=config-status-771be08d
2026-05-23T09:04:05.752877Z	info	stream	[config-status] connecting new permanent stream with max age 8760h0m0s	name=config-status-771be08d
2026-05-23T09:04:05.752988Z	info	discovery-server	Connecting to XCP central using JWT auth
2026-05-23T09:04:05.753034Z	debug	security	Read provided XCP Central certificate chain:
-----BEGIN CERTIFICATE-----
MIIFbTCCA1WgAwIBAgIUBD0/+0EfuEYZvVjrKE5cvNEja8swDQYJKoZIhvcNAQEL
BQAwRjELMAkGA1UEBhMCVVMxCzAJBgNVBAgMAkNBMRAwDgYDVQQKDAdUZXRyYXRl
MRgwFgYDVQQDDA9YQ1AtZTJlLXRlc3QtY2EwHhcNMjQwNjE3MTMxMjAzWhcNMzQw
NjE1MTMxMjAzWjBGMQswCQYDVQQGEwJVUzELMAkGA1UECAwCQ0ExEDAOBgNVBAoM
B1RldHJhdGUxGDAWBgNVBAMMD1hDUC1lMmUtdGVzdC1jYTCCAiIwDQYJKoZIhvcN
AQEBBQADggIPADCCAgoCggIBAIkO9mBBITqNjJed3zjKhu15p4EkX7qkDaKQjQdu
9zEvocDbtZU81ibmjuQFlL0vAiqHfKA8nUXKdidI9xHNdS7xUp3IlZoEFWX1jBUD
SLgQooe8BIIcEXfkVO019jLfMbDB5tQ6jzsjZ4F3ER5wh5rkLhEfbvq4ZiF3zQD/
82LDU5vwJ91qDWCHl8og9rla5MaAX2fTZhkQUQJiDip9uZ0Ft5lai1fKq8gICrod
4iPfiZH6sJB5cTC/aHd8CHY3FrJp8ZuGhZQzaV6PvfdFsCr+EISDlCkNdlNov7hA
Z8F8bRGrEqPAcYsS/Kk94oLAQBW7YvTPBrFnDWmyMnaKjCLGqTHmAY3tTrSI31lb
rnNakF2EGziOwNjxsI84d61U6KFtXMtsgKCNJr/MORVS/0f9yA7Q0WE5bEdx24m9
+qaWnMd5FtjC38GEALfSmo9YN3+Q+M+hdfipPKpv0khjHX7yPTrFvAOHi1wsy3Hj
1OdDFr/H9pG12DnlToVruVDfr5xypoWNK8pf2utZcMOcBzdfMNAVCqeE84BrPu2c
8mHinMfWX10X14nd2gdMUYyBgGqJGqiLuFMdthyCWpmg9BbYK013Esn36v8ap7gE
/VIiY/YTYNtmKE12IhBDa+y6izBXo69OAMB7iZHPDW5lnAXKfpGtaZO+9pqrTCI0
vdNTAgMBAAGjUzBRMB0GA1UdDgQWBBSlvheSoWwG4xtqKfuEWkYlmN0YbTAfBgNV
HSMEGDAWgBSlvheSoWwG4xtqKfuEWkYlmN0YbTAPBgNVHRMBAf8EBTADAQH/MA0G
CSqGSIb3DQEBCwUAA4ICAQACp7Yw/dQGSinvV0Z5kYjugapyBE7iIpyqRh2UgYzz
HT3bcXfSz95YO/TB+utF1C8g4yqxW8b5G0EIRgg9uqtxvrGmK18o6x2N1GEeCcfU
ke2xqrOP7dpWk3uwT2aeJN/LjfqR2KADscKtD7V5EN8v3JgH3Ul0M5g9RalaEppv
yQr0H9B8sdxRawIxD+HO1S/lsQhlGGCmgTQQF23gRmL1oxwR3Mujx9Se2NHZi0ha
fcyll1OLtUxsD6cNjwiqoiv5J1TV9Ukux2tyO/gQmdheuyZoKt6+lObL8DIStQuK
IGcaX7mMKGMD7URAR4crUSP6AFHZ4tRJ7Ryu0vv2+JBjH24LVM8PIHQYqgnAohar
7n/laa7bXlKueuTo7EAVGTYPnV/CGYm/MKJ1cYll/aRBFYcU4m+fOF4AAOo/8umu
kFFHbv+Abnei/pEYb77vsBaHE68gT5YLM/pY/6XXa2+UVROCBQXbLps/0GZk2FTS
tHKBteLYBVia9F7HSAP1wAl4qt+r7D7wm9gtchwp2vqNI6vMJYHSDbjk9q255DVs
Tew5/zH2PlvDaNMyLCnueC9VzFqBou/ZDmqUyOAlxDr4VC5NwnbgT8eyqcwlip3Y
9IWjGcTB5TSlndw5NVe48g1UTtR5Ji7mRyZxtLjLu0JPby9UJeM7ouJ+/y6ybh3U
oQ==
-----END CERTIFICATE-----

2026-05-23T09:04:05.753088Z	info	grpc-client	Fetched CA certificates required to verify connection to central
2026-05-23T09:04:05.753106Z	debug	security	Read provided XCP Central certificate chain:
-----BEGIN CERTIFICATE-----
MIIFbTCCA1WgAwIBAgIUBD0/+0EfuEYZvVjrKE5cvNEja8swDQYJKoZIhvcNAQEL
BQAwRjELMAkGA1UEBhMCVVMxCzAJBgNVBAgMAkNBMRAwDgYDVQQKDAdUZXRyYXRl
MRgwFgYDVQQDDA9YQ1AtZTJlLXRlc3QtY2EwHhcNMjQwNjE3MTMxMjAzWhcNMzQw
NjE1MTMxMjAzWjBGMQswCQYDVQQGEwJVUzELMAkGA1UECAwCQ0ExEDAOBgNVBAoM
B1RldHJhdGUxGDAWBgNVBAMMD1hDUC1lMmUtdGVzdC1jYTCCAiIwDQYJKoZIhvcN
AQEBBQADggIPADCCAgoCggIBAIkO9mBBITqNjJed3zjKhu15p4EkX7qkDaKQjQdu
9zEvocDbtZU81ibmjuQFlL0vAiqHfKA8nUXKdidI9xHNdS7xUp3IlZoEFWX1jBUD
SLgQooe8BIIcEXfkVO019jLfMbDB5tQ6jzsjZ4F3ER5wh5rkLhEfbvq4ZiF3zQD/
82LDU5vwJ91qDWCHl8og9rla5MaAX2fTZhkQUQJiDip9uZ0Ft5lai1fKq8gICrod
4iPfiZH6sJB5cTC/aHd8CHY3FrJp8ZuGhZQzaV6PvfdFsCr+EISDlCkNdlNov7hA
Z8F8bRGrEqPAcYsS/Kk94oLAQBW7YvTPBrFnDWmyMnaKjCLGqTHmAY3tTrSI31lb
rnNakF2EGziOwNjxsI84d61U6KFtXMtsgKCNJr/MORVS/0f9yA7Q0WE5bEdx24m9
+qaWnMd5FtjC38GEALfSmo9YN3+Q+M+hdfipPKpv0khjHX7yPTrFvAOHi1wsy3Hj
1OdDFr/H9pG12DnlToVruVDfr5xypoWNK8pf2utZcMOcBzdfMNAVCqeE84BrPu2c
8mHinMfWX10X14nd2gdMUYyBgGqJGqiLuFMdthyCWpmg9BbYK013Esn36v8ap7gE
/VIiY/YTYNtmKE12IhBDa+y6izBXo69OAMB7iZHPDW5lnAXKfpGtaZO+9pqrTCI0
vdNTAgMBAAGjUzBRMB0GA1UdDgQWBBSlvheSoWwG4xtqKfuEWkYlmN0YbTAfBgNV
HSMEGDAWgBSlvheSoWwG4xtqKfuEWkYlmN0YbTAPBgNVHRMBAf8EBTADAQH/MA0G
CSqGSIb3DQEBCwUAA4ICAQACp7Yw/dQGSinvV0Z5kYjugapyBE7iIpyqRh2UgYzz
HT3bcXfSz95YO/TB+utF1C8g4yqxW8b5G0EIRgg9uqtxvrGmK18o6x2N1GEeCcfU
ke2xqrOP7dpWk3uwT2aeJN/LjfqR2KADscKtD7V5EN8v3JgH3Ul0M5g9RalaEppv
yQr0H9B8sdxRawIxD+HO1S/lsQhlGGCmgTQQF23gRmL1oxwR3Mujx9Se2NHZi0ha
fcyll1OLtUxsD6cNjwiqoiv5J1TV9Ukux2tyO/gQmdheuyZoKt6+lObL8DIStQuK
IGcaX7mMKGMD7URAR4crUSP6AFHZ4tRJ7Ryu0vv2+JBjH24LVM8PIHQYqgnAohar
7n/laa7bXlKueuTo7EAVGTYPnV/CGYm/MKJ1cYll/aRBFYcU4m+fOF4AAOo/8umu
kFFHbv+Abnei/pEYb77vsBaHE68gT5YLM/pY/6XXa2+UVROCBQXbLps/0GZk2FTS
tHKBteLYBVia9F7HSAP1wAl4qt+r7D7wm9gtchwp2vqNI6vMJYHSDbjk9q255DVs
Tew5/zH2PlvDaNMyLCnueC9VzFqBou/ZDmqUyOAlxDr4VC5NwnbgT8eyqcwlip3Y
9IWjGcTB5TSlndw5NVe48g1UTtR5Ji7mRyZxtLjLu0JPby9UJeM7ouJ+/y6ybh3U
oQ==
-----END CERTIFICATE-----

2026-05-23T09:04:05.753120Z	info	grpc-client	Fetched CA certificates required to verify connection to central
2026-05-23T09:04:05.755238Z	debug	security	Read provided XCP Central certificate chain:
-----BEGIN CERTIFICATE-----
MIIFbTCCA1WgAwIBAgIUBD0/+0EfuEYZvVjrKE5cvNEja8swDQYJKoZIhvcNAQEL
BQAwRjELMAkGA1UEBhMCVVMxCzAJBgNVBAgMAkNBMRAwDgYDVQQKDAdUZXRyYXRl
MRgwFgYDVQQDDA9YQ1AtZTJlLXRlc3QtY2EwHhcNMjQwNjE3MTMxMjAzWhcNMzQw
NjE1MTMxMjAzWjBGMQswCQYDVQQGEwJVUzELMAkGA1UECAwCQ0ExEDAOBgNVBAoM
B1RldHJhdGUxGDAWBgNVBAMMD1hDUC1lMmUtdGVzdC1jYTCCAiIwDQYJKoZIhvcN
AQEBBQADggIPADCCAgoCggIBAIkO9mBBITqNjJed3zjKhu15p4EkX7qkDaKQjQdu
9zEvocDbtZU81ibmjuQFlL0vAiqHfKA8nUXKdidI9xHNdS7xUp3IlZoEFWX1jBUD
SLgQooe8BIIcEXfkVO019jLfMbDB5tQ6jzsjZ4F3ER5wh5rkLhEfbvq4ZiF3zQD/
82LDU5vwJ91qDWCHl8og9rla5MaAX2fTZhkQUQJiDip9uZ0Ft5lai1fKq8gICrod
4iPfiZH6sJB5cTC/aHd8CHY3FrJp8ZuGhZQzaV6PvfdFsCr+EISDlCkNdlNov7hA
Z8F8bRGrEqPAcYsS/Kk94oLAQBW7YvTPBrFnDWmyMnaKjCLGqTHmAY3tTrSI31lb
rnNakF2EGziOwNjxsI84d61U6KFtXMtsgKCNJr/MORVS/0f9yA7Q0WE5bEdx24m9
+qaWnMd5FtjC38GEALfSmo9YN3+Q+M+hdfipPKpv0khjHX7yPTrFvAOHi1wsy3Hj
1OdDFr/H9pG12DnlToVruVDfr5xypoWNK8pf2utZcMOcBzdfMNAVCqeE84BrPu2c
8mHinMfWX10X14nd2gdMUYyBgGqJGqiLuFMdthyCWpmg9BbYK013Esn36v8ap7gE
/VIiY/YTYNtmKE12IhBDa+y6izBXo69OAMB7iZHPDW5lnAXKfpGtaZO+9pqrTCI0
vdNTAgMBAAGjUzBRMB0GA1UdDgQWBBSlvheSoWwG4xtqKfuEWkYlmN0YbTAfBgNV
HSMEGDAWgBSlvheSoWwG4xtqKfuEWkYlmN0YbTAPBgNVHRMBAf8EBTADAQH/MA0G
CSqGSIb3DQEBCwUAA4ICAQACp7Yw/dQGSinvV0Z5kYjugapyBE7iIpyqRh2UgYzz
HT3bcXfSz95YO/TB+utF1C8g4yqxW8b5G0EIRgg9uqtxvrGmK18o6x2N1GEeCcfU
ke2xqrOP7dpWk3uwT2aeJN/LjfqR2KADscKtD7V5EN8v3JgH3Ul0M5g9RalaEppv
yQr0H9B8sdxRawIxD+HO1S/lsQhlGGCmgTQQF23gRmL1oxwR3Mujx9Se2NHZi0ha
fcyll1OLtUxsD6cNjwiqoiv5J1TV9Ukux2tyO/gQmdheuyZoKt6+lObL8DIStQuK
IGcaX7mMKGMD7URAR4crUSP6AFHZ4tRJ7Ryu0vv2+JBjH24LVM8PIHQYqgnAohar
7n/laa7bXlKueuTo7EAVGTYPnV/CGYm/MKJ1cYll/aRBFYcU4m+fOF4AAOo/8umu
kFFHbv+Abnei/pEYb77vsBaHE68gT5YLM/pY/6XXa2+UVROCBQXbLps/0GZk2FTS
tHKBteLYBVia9F7HSAP1wAl4qt+r7D7wm9gtchwp2vqNI6vMJYHSDbjk9q255DVs
Tew5/zH2PlvDaNMyLCnueC9VzFqBou/ZDmqUyOAlxDr4VC5NwnbgT8eyqcwlip3Y
9IWjGcTB5TSlndw5NVe48g1UTtR5Ji7mRyZxtLjLu0JPby9UJeM7ouJ+/y6ybh3U
oQ==
-----END CERTIFICATE-----

2026-05-23T09:04:05.755281Z	info	grpc-client	Fetched CA certificates required to verify connection to central
2026-05-23T09:04:05.757384Z	info	stream	[config-status] connected	name=config-status-771be08d
2026-05-23T09:04:05.757395Z	debug	stream	[config-status] Spawning cluster statusLabel send goroutine	name=config-status-771be08d
2026-05-23T09:04:05.757383Z	debug	status	re-triggering status report on connect
2026-05-23T09:04:05.757398Z	debug	status	sent-epoch(56) matches generated-epoch(56) and hence skipping
2026-05-23T09:04:31.724944Z	debug	discovery-server	Sending config resync request update to central xcp
2026-05-23T09:04:31.725047Z	debug	discovery-server	Done sending config resync request to central xcp
2026-05-23T09:04:31.725376Z	debug	discovery-server	Received resync keepalive response from central xcp.
2026-05-23T09:04:31.725393Z	debug	discovery-server	Waiting on recv for crds
2026-05-23T09:05:31.726307Z	debug	discovery-server	Sending config resync request update to central xcp
2026-05-23T09:05:31.726361Z	debug	discovery-server	Done sending config resync request to central xcp
2026-05-23T09:05:31.726552Z	debug	discovery-server	Received resync keepalive response from central xcp.
2026-05-23T09:05:31.726577Z	debug	discovery-server	Waiting on recv for crds
2026-05-23T09:05:45.827322Z	debug	discovery-server	Received cluster state update for cluster cluster-1 from central xcp
2026-05-23T09:05:45.827358Z	debug	mc-configapply	Cluster cluster-1 exposed services changed: false
2026-05-23T09:05:45.827363Z	debug	mc-configapply	Downloaded cluster status updates for cluster cluster-1 and regenerated service entries
2026-05-23T09:05:45.827368Z	debug	discovery-server	Waiting on recv for cluster updates
2026-05-23T09:05:45.827384Z	debug	discovery-server	Applying cluster config: cluster-1
2026-05-23T09:05:45.827779Z	info	discovery-server	compressed cluster state cluster-1 size (bytes): 2007
2026-05-23T09:05:45.827857Z	debug	failed to extract annotations map from k8s object, create an empty annotations map
2026-05-23T09:05:45.827867Z	debug	configapply	computed hash for Cluster:istio-system/cluster-1 - 8ffcb40482858c4d2bb1fb4423afa83c
2026-05-23T09:05:45.827878Z	debug	discovery-server	Updating spec istio-system/cluster-1:
2026-05-23T09:05:45.831208Z	debug	handling validation webhook for xcp.tetrate.io/v2, Kind=Cluster
2026-05-23T09:05:45.831435Z	info	Authorized Admission request for UPDATE operation on xcp.tetrate.io/v2, Kind=Cluster/cluster-1 for username system:serviceaccount:istio-system:xcp-edge
2026-05-23T09:06:05.763208Z	debug	security	Read provided XCP Central certificate chain:
-----BEGIN CERTIFICATE-----
MIIFbTCCA1WgAwIBAgIUBD0/+0EfuEYZvVjrKE5cvNEja8swDQYJKoZIhvcNAQEL
BQAwRjELMAkGA1UEBhMCVVMxCzAJBgNVBAgMAkNBMRAwDgYDVQQKDAdUZXRyYXRl
MRgwFgYDVQQDDA9YQ1AtZTJlLXRlc3QtY2EwHhcNMjQwNjE3MTMxMjAzWhcNMzQw
NjE1MTMxMjAzWjBGMQswCQYDVQQGEwJVUzELMAkGA1UECAwCQ0ExEDAOBgNVBAoM
B1RldHJhdGUxGDAWBgNVBAMMD1hDUC1lMmUtdGVzdC1jYTCCAiIwDQYJKoZIhvcN
AQEBBQADggIPADCCAgoCggIBAIkO9mBBITqNjJed3zjKhu15p4EkX7qkDaKQjQdu
9zEvocDbtZU81ibmjuQFlL0vAiqHfKA8nUXKdidI9xHNdS7xUp3IlZoEFWX1jBUD
SLgQooe8BIIcEXfkVO019jLfMbDB5tQ6jzsjZ4F3ER5wh5rkLhEfbvq4ZiF3zQD/
82LDU5vwJ91qDWCHl8og9rla5MaAX2fTZhkQUQJiDip9uZ0Ft5lai1fKq8gICrod
4iPfiZH6sJB5cTC/aHd8CHY3FrJp8ZuGhZQzaV6PvfdFsCr+EISDlCkNdlNov7hA
Z8F8bRGrEqPAcYsS/Kk94oLAQBW7YvTPBrFnDWmyMnaKjCLGqTHmAY3tTrSI31lb
rnNakF2EGziOwNjxsI84d61U6KFtXMtsgKCNJr/MORVS/0f9yA7Q0WE5bEdx24m9
+qaWnMd5FtjC38GEALfSmo9YN3+Q+M+hdfipPKpv0khjHX7yPTrFvAOHi1wsy3Hj
1OdDFr/H9pG12DnlToVruVDfr5xypoWNK8pf2utZcMOcBzdfMNAVCqeE84BrPu2c
8mHinMfWX10X14nd2gdMUYyBgGqJGqiLuFMdthyCWpmg9BbYK013Esn36v8ap7gE
/VIiY/YTYNtmKE12IhBDa+y6izBXo69OAMB7iZHPDW5lnAXKfpGtaZO+9pqrTCI0
vdNTAgMBAAGjUzBRMB0GA1UdDgQWBBSlvheSoWwG4xtqKfuEWkYlmN0YbTAfBgNV
HSMEGDAWgBSlvheSoWwG4xtqKfuEWkYlmN0YbTAPBgNVHRMBAf8EBTADAQH/MA0G
CSqGSIb3DQEBCwUAA4ICAQACp7Yw/dQGSinvV0Z5kYjugapyBE7iIpyqRh2UgYzz
HT3bcXfSz95YO/TB+utF1C8g4yqxW8b5G0EIRgg9uqtxvrGmK18o6x2N1GEeCcfU
ke2xqrOP7dpWk3uwT2aeJN/LjfqR2KADscKtD7V5EN8v3JgH3Ul0M5g9RalaEppv
yQr0H9B8sdxRawIxD+HO1S/lsQhlGGCmgTQQF23gRmL1oxwR3Mujx9Se2NHZi0ha
fcyll1OLtUxsD6cNjwiqoiv5J1TV9Ukux2tyO/gQmdheuyZoKt6+lObL8DIStQuK
IGcaX7mMKGMD7URAR4crUSP6AFHZ4tRJ7Ryu0vv2+JBjH24LVM8PIHQYqgnAohar
7n/laa7bXlKueuTo7EAVGTYPnV/CGYm/MKJ1cYll/aRBFYcU4m+fOF4AAOo/8umu
kFFHbv+Abnei/pEYb77vsBaHE68gT5YLM/pY/6XXa2+UVROCBQXbLps/0GZk2FTS
tHKBteLYBVia9F7HSAP1wAl4qt+r7D7wm9gtchwp2vqNI6vMJYHSDbjk9q255DVs
Tew5/zH2PlvDaNMyLCnueC9VzFqBou/ZDmqUyOAlxDr4VC5NwnbgT8eyqcwlip3Y
9IWjGcTB5TSlndw5NVe48g1UTtR5Ji7mRyZxtLjLu0JPby9UJeM7ouJ+/y6ybh3U
oQ==
-----END CERTIFICATE-----

2026-05-23T09:06:05.763294Z	info	grpc-client	Fetched CA certificates required to verify connection to central
2026-05-23T09:06:06.763656Z	error	stream	[config-status] Error receiving on stream: gRPC status code Unavailable: closing transport due to: connection error: desc = "error reading from server: EOF", received prior goaway: code: ENHANCE_YOUR_CALM, debug data: "too_many_pings"	name=config-status-771be08d
2026-05-23T09:06:06.763680Z	debug	stream	[config-status] canceling context	name=config-status-771be08d
2026-05-23T09:06:06.763683Z	debug	stream	[config-status] wg wait	name=config-status-771be08d
2026-05-23T09:06:06.763693Z	error	stream	[config-status] Error sending on stream: sendFunc returning on exit	name=config-status-771be08d
2026-05-23T09:06:06.763695Z	warn	stream	[config-status] Error sending on stream: sendFunc returning on exit	name=config-status-771be08d
2026-05-23T09:06:06.763697Z	debug	stream	[config-status] closing stream	name=config-status-771be08d
2026-05-23T09:06:06.763699Z	debug	stream	[config-status] sending CloseSend	name=config-status-771be08d
2026-05-23T09:06:06.763703Z	info	stream	[config-status] closed stream, err=<nil>	name=config-status-771be08d
2026-05-23T09:06:06.763704Z	info	stream	[config-status] establishing new stream	name=config-status-771be08d
2026-05-23T09:06:06.763709Z	info	stream	[config-status] connecting new permanent stream with max age 8760h0m0s	name=config-status-771be08d
2026-05-23T09:06:06.763817Z	info	discovery-server	Connecting to XCP central using JWT auth
2026-05-23T09:06:06.763864Z	debug	security	Read provided XCP Central certificate chain:
-----BEGIN CERTIFICATE-----
MIIFbTCCA1WgAwIBAgIUBD0/+0EfuEYZvVjrKE5cvNEja8swDQYJKoZIhvcNAQEL
BQAwRjELMAkGA1UEBhMCVVMxCzAJBgNVBAgMAkNBMRAwDgYDVQQKDAdUZXRyYXRl
MRgwFgYDVQQDDA9YQ1AtZTJlLXRlc3QtY2EwHhcNMjQwNjE3MTMxMjAzWhcNMzQw
NjE1MTMxMjAzWjBGMQswCQYDVQQGEwJVUzELMAkGA1UECAwCQ0ExEDAOBgNVBAoM
B1RldHJhdGUxGDAWBgNVBAMMD1hDUC1lMmUtdGVzdC1jYTCCAiIwDQYJKoZIhvcN
AQEBBQADggIPADCCAgoCggIBAIkO9mBBITqNjJed3zjKhu15p4EkX7qkDaKQjQdu
9zEvocDbtZU81ibmjuQFlL0vAiqHfKA8nUXKdidI9xHNdS7xUp3IlZoEFWX1jBUD
SLgQooe8BIIcEXfkVO019jLfMbDB5tQ6jzsjZ4F3ER5wh5rkLhEfbvq4ZiF3zQD/
82LDU5vwJ91qDWCHl8og9rla5MaAX2fTZhkQUQJiDip9uZ0Ft5lai1fKq8gICrod
4iPfiZH6sJB5cTC/aHd8CHY3FrJp8ZuGhZQzaV6PvfdFsCr+EISDlCkNdlNov7hA
Z8F8bRGrEqPAcYsS/Kk94oLAQBW7YvTPBrFnDWmyMnaKjCLGqTHmAY3tTrSI31lb
rnNakF2EGziOwNjxsI84d61U6KFtXMtsgKCNJr/MORVS/0f9yA7Q0WE5bEdx24m9
+qaWnMd5FtjC38GEALfSmo9YN3+Q+M+hdfipPKpv0khjHX7yPTrFvAOHi1wsy3Hj
1OdDFr/H9pG12DnlToVruVDfr5xypoWNK8pf2utZcMOcBzdfMNAVCqeE84BrPu2c
8mHinMfWX10X14nd2gdMUYyBgGqJGqiLuFMdthyCWpmg9BbYK013Esn36v8ap7gE
/VIiY/YTYNtmKE12IhBDa+y6izBXo69OAMB7iZHPDW5lnAXKfpGtaZO+9pqrTCI0
vdNTAgMBAAGjUzBRMB0GA1UdDgQWBBSlvheSoWwG4xtqKfuEWkYlmN0YbTAfBgNV
HSMEGDAWgBSlvheSoWwG4xtqKfuEWkYlmN0YbTAPBgNVHRMBAf8EBTADAQH/MA0G
CSqGSIb3DQEBCwUAA4ICAQACp7Yw/dQGSinvV0Z5kYjugapyBE7iIpyqRh2UgYzz
HT3bcXfSz95YO/TB+utF1C8g4yqxW8b5G0EIRgg9uqtxvrGmK18o6x2N1GEeCcfU
ke2xqrOP7dpWk3uwT2aeJN/LjfqR2KADscKtD7V5EN8v3JgH3Ul0M5g9RalaEppv
yQr0H9B8sdxRawIxD+HO1S/lsQhlGGCmgTQQF23gRmL1oxwR3Mujx9Se2NHZi0ha
fcyll1OLtUxsD6cNjwiqoiv5J1TV9Ukux2tyO/gQmdheuyZoKt6+lObL8DIStQuK
IGcaX7mMKGMD7URAR4crUSP6AFHZ4tRJ7Ryu0vv2+JBjH24LVM8PIHQYqgnAohar
7n/laa7bXlKueuTo7EAVGTYPnV/CGYm/MKJ1cYll/aRBFYcU4m+fOF4AAOo/8umu
kFFHbv+Abnei/pEYb77vsBaHE68gT5YLM/pY/6XXa2+UVROCBQXbLps/0GZk2FTS
tHKBteLYBVia9F7HSAP1wAl4qt+r7D7wm9gtchwp2vqNI6vMJYHSDbjk9q255DVs
Tew5/zH2PlvDaNMyLCnueC9VzFqBou/ZDmqUyOAlxDr4VC5NwnbgT8eyqcwlip3Y
9IWjGcTB5TSlndw5NVe48g1UTtR5Ji7mRyZxtLjLu0JPby9UJeM7ouJ+/y6ybh3U
oQ==
-----END CERTIFICATE-----

2026-05-23T09:06:06.763898Z	info	grpc-client	Fetched CA certificates required to verify connection to central
2026-05-23T09:06:06.763909Z	debug	security	Read provided XCP Central certificate chain:
-----BEGIN CERTIFICATE-----
MIIFbTCCA1WgAwIBAgIUBD0/+0EfuEYZvVjrKE5cvNEja8swDQYJKoZIhvcNAQEL
BQAwRjELMAkGA1UEBhMCVVMxCzAJBgNVBAgMAkNBMRAwDgYDVQQKDAdUZXRyYXRl
MRgwFgYDVQQDDA9YQ1AtZTJlLXRlc3QtY2EwHhcNMjQwNjE3MTMxMjAzWhcNMzQw
NjE1MTMxMjAzWjBGMQswCQYDVQQGEwJVUzELMAkGA1UECAwCQ0ExEDAOBgNVBAoM
B1RldHJhdGUxGDAWBgNVBAMMD1hDUC1lMmUtdGVzdC1jYTCCAiIwDQYJKoZIhvcN
AQEBBQADggIPADCCAgoCggIBAIkO9mBBITqNjJed3zjKhu15p4EkX7qkDaKQjQdu
9zEvocDbtZU81ibmjuQFlL0vAiqHfKA8nUXKdidI9xHNdS7xUp3IlZoEFWX1jBUD
SLgQooe8BIIcEXfkVO019jLfMbDB5tQ6jzsjZ4F3ER5wh5rkLhEfbvq4ZiF3zQD/
82LDU5vwJ91qDWCHl8og9rla5MaAX2fTZhkQUQJiDip9uZ0Ft5lai1fKq8gICrod
4iPfiZH6sJB5cTC/aHd8CHY3FrJp8ZuGhZQzaV6PvfdFsCr+EISDlCkNdlNov7hA
Z8F8bRGrEqPAcYsS/Kk94oLAQBW7YvTPBrFnDWmyMnaKjCLGqTHmAY3tTrSI31lb
rnNakF2EGziOwNjxsI84d61U6KFtXMtsgKCNJr/MORVS/0f9yA7Q0WE5bEdx24m9
+qaWnMd5FtjC38GEALfSmo9YN3+Q+M+hdfipPKpv0khjHX7yPTrFvAOHi1wsy3Hj
1OdDFr/H9pG12DnlToVruVDfr5xypoWNK8pf2utZcMOcBzdfMNAVCqeE84BrPu2c
8mHinMfWX10X14nd2gdMUYyBgGqJGqiLuFMdthyCWpmg9BbYK013Esn36v8ap7gE
/VIiY/YTYNtmKE12IhBDa+y6izBXo69OAMB7iZHPDW5lnAXKfpGtaZO+9pqrTCI0
vdNTAgMBAAGjUzBRMB0GA1UdDgQWBBSlvheSoWwG4xtqKfuEWkYlmN0YbTAfBgNV
HSMEGDAWgBSlvheSoWwG4xtqKfuEWkYlmN0YbTAPBgNVHRMBAf8EBTADAQH/MA0G
CSqGSIb3DQEBCwUAA4ICAQACp7Yw/dQGSinvV0Z5kYjugapyBE7iIpyqRh2UgYzz
HT3bcXfSz95YO/TB+utF1C8g4yqxW8b5G0EIRgg9uqtxvrGmK18o6x2N1GEeCcfU
ke2xqrOP7dpWk3uwT2aeJN/LjfqR2KADscKtD7V5EN8v3JgH3Ul0M5g9RalaEppv
yQr0H9B8sdxRawIxD+HO1S/lsQhlGGCmgTQQF23gRmL1oxwR3Mujx9Se2NHZi0ha
fcyll1OLtUxsD6cNjwiqoiv5J1TV9Ukux2tyO/gQmdheuyZoKt6+lObL8DIStQuK
IGcaX7mMKGMD7URAR4crUSP6AFHZ4tRJ7Ryu0vv2+JBjH24LVM8PIHQYqgnAohar
7n/laa7bXlKueuTo7EAVGTYPnV/CGYm/MKJ1cYll/aRBFYcU4m+fOF4AAOo/8umu
kFFHbv+Abnei/pEYb77vsBaHE68gT5YLM/pY/6XXa2+UVROCBQXbLps/0GZk2FTS
tHKBteLYBVia9F7HSAP1wAl4qt+r7D7wm9gtchwp2vqNI6vMJYHSDbjk9q255DVs
Tew5/zH2PlvDaNMyLCnueC9VzFqBou/ZDmqUyOAlxDr4VC5NwnbgT8eyqcwlip3Y
9IWjGcTB5TSlndw5NVe48g1UTtR5Ji7mRyZxtLjLu0JPby9UJeM7ouJ+/y6ybh3U
oQ==
-----END CERTIFICATE-----

2026-05-23T09:06:06.763926Z	info	grpc-client	Fetched CA certificates required to verify connection to central
2026-05-23T09:06:06.766477Z	debug	security	Read provided XCP Central certificate chain:
-----BEGIN CERTIFICATE-----
MIIFbTCCA1WgAwIBAgIUBD0/+0EfuEYZvVjrKE5cvNEja8swDQYJKoZIhvcNAQEL
BQAwRjELMAkGA1UEBhMCVVMxCzAJBgNVBAgMAkNBMRAwDgYDVQQKDAdUZXRyYXRl
MRgwFgYDVQQDDA9YQ1AtZTJlLXRlc3QtY2EwHhcNMjQwNjE3MTMxMjAzWhcNMzQw
NjE1MTMxMjAzWjBGMQswCQYDVQQGEwJVUzELMAkGA1UECAwCQ0ExEDAOBgNVBAoM
B1RldHJhdGUxGDAWBgNVBAMMD1hDUC1lMmUtdGVzdC1jYTCCAiIwDQYJKoZIhvcN
AQEBBQADggIPADCCAgoCggIBAIkO9mBBITqNjJed3zjKhu15p4EkX7qkDaKQjQdu
9zEvocDbtZU81ibmjuQFlL0vAiqHfKA8nUXKdidI9xHNdS7xUp3IlZoEFWX1jBUD
SLgQooe8BIIcEXfkVO019jLfMbDB5tQ6jzsjZ4F3ER5wh5rkLhEfbvq4ZiF3zQD/
82LDU5vwJ91qDWCHl8og9rla5MaAX2fTZhkQUQJiDip9uZ0Ft5lai1fKq8gICrod
4iPfiZH6sJB5cTC/aHd8CHY3FrJp8ZuGhZQzaV6PvfdFsCr+EISDlCkNdlNov7hA
Z8F8bRGrEqPAcYsS/Kk94oLAQBW7YvTPBrFnDWmyMnaKjCLGqTHmAY3tTrSI31lb
rnNakF2EGziOwNjxsI84d61U6KFtXMtsgKCNJr/MORVS/0f9yA7Q0WE5bEdx24m9
+qaWnMd5FtjC38GEALfSmo9YN3+Q+M+hdfipPKpv0khjHX7yPTrFvAOHi1wsy3Hj
1OdDFr/H9pG12DnlToVruVDfr5xypoWNK8pf2utZcMOcBzdfMNAVCqeE84BrPu2c
8mHinMfWX10X14nd2gdMUYyBgGqJGqiLuFMdthyCWpmg9BbYK013Esn36v8ap7gE
/VIiY/YTYNtmKE12IhBDa+y6izBXo69OAMB7iZHPDW5lnAXKfpGtaZO+9pqrTCI0
vdNTAgMBAAGjUzBRMB0GA1UdDgQWBBSlvheSoWwG4xtqKfuEWkYlmN0YbTAfBgNV
HSMEGDAWgBSlvheSoWwG4xtqKfuEWkYlmN0YbTAPBgNVHRMBAf8EBTADAQH/MA0G
CSqGSIb3DQEBCwUAA4ICAQACp7Yw/dQGSinvV0Z5kYjugapyBE7iIpyqRh2UgYzz
HT3bcXfSz95YO/TB+utF1C8g4yqxW8b5G0EIRgg9uqtxvrGmK18o6x2N1GEeCcfU
ke2xqrOP7dpWk3uwT2aeJN/LjfqR2KADscKtD7V5EN8v3JgH3Ul0M5g9RalaEppv
yQr0H9B8sdxRawIxD+HO1S/lsQhlGGCmgTQQF23gRmL1oxwR3Mujx9Se2NHZi0ha
fcyll1OLtUxsD6cNjwiqoiv5J1TV9Ukux2tyO/gQmdheuyZoKt6+lObL8DIStQuK
IGcaX7mMKGMD7URAR4crUSP6AFHZ4tRJ7Ryu0vv2+JBjH24LVM8PIHQYqgnAohar
7n/laa7bXlKueuTo7EAVGTYPnV/CGYm/MKJ1cYll/aRBFYcU4m+fOF4AAOo/8umu
kFFHbv+Abnei/pEYb77vsBaHE68gT5YLM/pY/6XXa2+UVROCBQXbLps/0GZk2FTS
tHKBteLYBVia9F7HSAP1wAl4qt+r7D7wm9gtchwp2vqNI6vMJYHSDbjk9q255DVs
Tew5/zH2PlvDaNMyLCnueC9VzFqBou/ZDmqUyOAlxDr4VC5NwnbgT8eyqcwlip3Y
9IWjGcTB5TSlndw5NVe48g1UTtR5Ji7mRyZxtLjLu0JPby9UJeM7ouJ+/y6ybh3U
oQ==
-----END CERTIFICATE-----

2026-05-23T09:06:06.766561Z	info	grpc-client	Fetched CA certificates required to verify connection to central
2026-05-23T09:06:06.768502Z	info	stream	[config-status] connected	name=config-status-771be08d
2026-05-23T09:06:06.768514Z	debug	stream	[config-status] Spawning cluster statusLabel send goroutine	name=config-status-771be08d
2026-05-23T09:06:06.768529Z	debug	status	re-triggering status report on connect
2026-05-23T09:06:06.768534Z	debug	status	sent-epoch(56) matches generated-epoch(56) and hence skipping
2026-05-23T09:06:31.727762Z	debug	discovery-server	Sending config resync request update to central xcp
2026-05-23T09:06:31.727813Z	debug	discovery-server	Done sending config resync request to central xcp
2026-05-23T09:06:31.728063Z	debug	discovery-server	Received resync keepalive response from central xcp.
2026-05-23T09:06:31.728079Z	debug	discovery-server	Waiting on recv for crds
2026-05-23T09:07:31.729015Z	debug	discovery-server	Sending config resync request update to central xcp
2026-05-23T09:07:31.729063Z	debug	discovery-server	Done sending config resync request to central xcp
2026-05-23T09:07:31.729307Z	debug	discovery-server	Received resync keepalive response from central xcp.
2026-05-23T09:07:31.729321Z	debug	discovery-server	Waiting on recv for crds
2026-05-23T09:08:31.730142Z	debug	discovery-server	Sending config resync request update to central xcp
2026-05-23T09:08:31.730190Z	debug	discovery-server	Done sending config resync request to central xcp
2026-05-23T09:08:31.730423Z	debug	discovery-server	Received resync keepalive response from central xcp.
2026-05-23T09:08:31.730433Z	debug	discovery-server	Waiting on recv for crds
2026-05-23T09:09:31.732688Z	debug	discovery-server	Sending config resync request update to central xcp
2026-05-23T09:09:31.732785Z	debug	discovery-server	Done sending config resync request to central xcp
2026-05-23T09:09:31.732983Z	debug	discovery-server	Received resync keepalive response from central xcp.
2026-05-23T09:09:31.732997Z	debug	discovery-server	Waiting on recv for crds
2026-05-23T09:10:06.779893Z	debug	security	Read provided XCP Central certificate chain:
-----BEGIN CERTIFICATE-----
MIIFbTCCA1WgAwIBAgIUBD0/+0EfuEYZvVjrKE5cvNEja8swDQYJKoZIhvcNAQEL
BQAwRjELMAkGA1UEBhMCVVMxCzAJBgNVBAgMAkNBMRAwDgYDVQQKDAdUZXRyYXRl
MRgwFgYDVQQDDA9YQ1AtZTJlLXRlc3QtY2EwHhcNMjQwNjE3MTMxMjAzWhcNMzQw
NjE1MTMxMjAzWjBGMQswCQYDVQQGEwJVUzELMAkGA1UECAwCQ0ExEDAOBgNVBAoM
B1RldHJhdGUxGDAWBgNVBAMMD1hDUC1lMmUtdGVzdC1jYTCCAiIwDQYJKoZIhvcN
AQEBBQADggIPADCCAgoCggIBAIkO9mBBITqNjJed3zjKhu15p4EkX7qkDaKQjQdu
9zEvocDbtZU81ibmjuQFlL0vAiqHfKA8nUXKdidI9xHNdS7xUp3IlZoEFWX1jBUD
SLgQooe8BIIcEXfkVO019jLfMbDB5tQ6jzsjZ4F3ER5wh5rkLhEfbvq4ZiF3zQD/
82LDU5vwJ91qDWCHl8og9rla5MaAX2fTZhkQUQJiDip9uZ0Ft5lai1fKq8gICrod
4iPfiZH6sJB5cTC/aHd8CHY3FrJp8ZuGhZQzaV6PvfdFsCr+EISDlCkNdlNov7hA
Z8F8bRGrEqPAcYsS/Kk94oLAQBW7YvTPBrFnDWmyMnaKjCLGqTHmAY3tTrSI31lb
rnNakF2EGziOwNjxsI84d61U6KFtXMtsgKCNJr/MORVS/0f9yA7Q0WE5bEdx24m9
+qaWnMd5FtjC38GEALfSmo9YN3+Q+M+hdfipPKpv0khjHX7yPTrFvAOHi1wsy3Hj
1OdDFr/H9pG12DnlToVruVDfr5xypoWNK8pf2utZcMOcBzdfMNAVCqeE84BrPu2c
8mHinMfWX10X14nd2gdMUYyBgGqJGqiLuFMdthyCWpmg9BbYK013Esn36v8ap7gE
/VIiY/YTYNtmKE12IhBDa+y6izBXo69OAMB7iZHPDW5lnAXKfpGtaZO+9pqrTCI0
vdNTAgMBAAGjUzBRMB0GA1UdDgQWBBSlvheSoWwG4xtqKfuEWkYlmN0YbTAfBgNV
HSMEGDAWgBSlvheSoWwG4xtqKfuEWkYlmN0YbTAPBgNVHRMBAf8EBTADAQH/MA0G
CSqGSIb3DQEBCwUAA4ICAQACp7Yw/dQGSinvV0Z5kYjugapyBE7iIpyqRh2UgYzz
HT3bcXfSz95YO/TB+utF1C8g4yqxW8b5G0EIRgg9uqtxvrGmK18o6x2N1GEeCcfU
ke2xqrOP7dpWk3uwT2aeJN/LjfqR2KADscKtD7V5EN8v3JgH3Ul0M5g9RalaEppv
yQr0H9B8sdxRawIxD+HO1S/lsQhlGGCmgTQQF23gRmL1oxwR3Mujx9Se2NHZi0ha
fcyll1OLtUxsD6cNjwiqoiv5J1TV9Ukux2tyO/gQmdheuyZoKt6+lObL8DIStQuK
IGcaX7mMKGMD7URAR4crUSP6AFHZ4tRJ7Ryu0vv2+JBjH24LVM8PIHQYqgnAohar
7n/laa7bXlKueuTo7EAVGTYPnV/CGYm/MKJ1cYll/aRBFYcU4m+fOF4AAOo/8umu
kFFHbv+Abnei/pEYb77vsBaHE68gT5YLM/pY/6XXa2+UVROCBQXbLps/0GZk2FTS
tHKBteLYBVia9F7HSAP1wAl4qt+r7D7wm9gtchwp2vqNI6vMJYHSDbjk9q255DVs
Tew5/zH2PlvDaNMyLCnueC9VzFqBou/ZDmqUyOAlxDr4VC5NwnbgT8eyqcwlip3Y
9IWjGcTB5TSlndw5NVe48g1UTtR5Ji7mRyZxtLjLu0JPby9UJeM7ouJ+/y6ybh3U
oQ==
-----END CERTIFICATE-----

2026-05-23T09:10:06.780024Z	info	grpc-client	Fetched CA certificates required to verify connection to central
2026-05-23T09:10:07.780011Z	error	stream	[config-status] Error receiving on stream: gRPC status code Unavailable: closing transport due to: connection error: desc = "error reading from server: EOF", received prior goaway: code: ENHANCE_YOUR_CALM, debug data: "too_many_pings"	name=config-status-771be08d
2026-05-23T09:10:07.780047Z	debug	stream	[config-status] canceling context	name=config-status-771be08d
2026-05-23T09:10:07.780068Z	debug	stream	[config-status] wg wait	name=config-status-771be08d
2026-05-23T09:10:07.780086Z	error	stream	[config-status] Error sending on stream: sendFunc returning on exit	name=config-status-771be08d
2026-05-23T09:10:07.780101Z	warn	stream	[config-status] Error sending on stream: sendFunc returning on exit	name=config-status-771be08d
2026-05-23T09:10:07.780113Z	debug	stream	[config-status] closing stream	name=config-status-771be08d
2026-05-23T09:10:07.780115Z	debug	stream	[config-status] sending CloseSend	name=config-status-771be08d
2026-05-23T09:10:07.780130Z	info	stream	[config-status] closed stream, err=<nil>	name=config-status-771be08d
2026-05-23T09:10:07.780134Z	info	stream	[config-status] establishing new stream	name=config-status-771be08d
2026-05-23T09:10:07.780148Z	info	stream	[config-status] connecting new permanent stream with max age 8760h0m0s	name=config-status-771be08d
2026-05-23T09:10:07.780313Z	info	discovery-server	Connecting to XCP central using JWT auth
2026-05-23T09:10:07.780383Z	debug	security	Read provided XCP Central certificate chain:
-----BEGIN CERTIFICATE-----
MIIFbTCCA1WgAwIBAgIUBD0/+0EfuEYZvVjrKE5cvNEja8swDQYJKoZIhvcNAQEL
BQAwRjELMAkGA1UEBhMCVVMxCzAJBgNVBAgMAkNBMRAwDgYDVQQKDAdUZXRyYXRl
MRgwFgYDVQQDDA9YQ1AtZTJlLXRlc3QtY2EwHhcNMjQwNjE3MTMxMjAzWhcNMzQw
NjE1MTMxMjAzWjBGMQswCQYDVQQGEwJVUzELMAkGA1UECAwCQ0ExEDAOBgNVBAoM
B1RldHJhdGUxGDAWBgNVBAMMD1hDUC1lMmUtdGVzdC1jYTCCAiIwDQYJKoZIhvcN
AQEBBQADggIPADCCAgoCggIBAIkO9mBBITqNjJed3zjKhu15p4EkX7qkDaKQjQdu
9zEvocDbtZU81ibmjuQFlL0vAiqHfKA8nUXKdidI9xHNdS7xUp3IlZoEFWX1jBUD
SLgQooe8BIIcEXfkVO019jLfMbDB5tQ6jzsjZ4F3ER5wh5rkLhEfbvq4ZiF3zQD/
82LDU5vwJ91qDWCHl8og9rla5MaAX2fTZhkQUQJiDip9uZ0Ft5lai1fKq8gICrod
4iPfiZH6sJB5cTC/aHd8CHY3FrJp8ZuGhZQzaV6PvfdFsCr+EISDlCkNdlNov7hA
Z8F8bRGrEqPAcYsS/Kk94oLAQBW7YvTPBrFnDWmyMnaKjCLGqTHmAY3tTrSI31lb
rnNakF2EGziOwNjxsI84d61U6KFtXMtsgKCNJr/MORVS/0f9yA7Q0WE5bEdx24m9
+qaWnMd5FtjC38GEALfSmo9YN3+Q+M+hdfipPKpv0khjHX7yPTrFvAOHi1wsy3Hj
1OdDFr/H9pG12DnlToVruVDfr5xypoWNK8pf2utZcMOcBzdfMNAVCqeE84BrPu2c
8mHinMfWX10X14nd2gdMUYyBgGqJGqiLuFMdthyCWpmg9BbYK013Esn36v8ap7gE
/VIiY/YTYNtmKE12IhBDa+y6izBXo69OAMB7iZHPDW5lnAXKfpGtaZO+9pqrTCI0
vdNTAgMBAAGjUzBRMB0GA1UdDgQWBBSlvheSoWwG4xtqKfuEWkYlmN0YbTAfBgNV
HSMEGDAWgBSlvheSoWwG4xtqKfuEWkYlmN0YbTAPBgNVHRMBAf8EBTADAQH/MA0G
CSqGSIb3DQEBCwUAA4ICAQACp7Yw/dQGSinvV0Z5kYjugapyBE7iIpyqRh2UgYzz
HT3bcXfSz95YO/TB+utF1C8g4yqxW8b5G0EIRgg9uqtxvrGmK18o6x2N1GEeCcfU
ke2xqrOP7dpWk3uwT2aeJN/LjfqR2KADscKtD7V5EN8v3JgH3Ul0M5g9RalaEppv
yQr0H9B8sdxRawIxD+HO1S/lsQhlGGCmgTQQF23gRmL1oxwR3Mujx9Se2NHZi0ha
fcyll1OLtUxsD6cNjwiqoiv5J1TV9Ukux2tyO/gQmdheuyZoKt6+lObL8DIStQuK
IGcaX7mMKGMD7URAR4crUSP6AFHZ4tRJ7Ryu0vv2+JBjH24LVM8PIHQYqgnAohar
7n/laa7bXlKueuTo7EAVGTYPnV/CGYm/MKJ1cYll/aRBFYcU4m+fOF4AAOo/8umu
kFFHbv+Abnei/pEYb77vsBaHE68gT5YLM/pY/6XXa2+UVROCBQXbLps/0GZk2FTS
tHKBteLYBVia9F7HSAP1wAl4qt+r7D7wm9gtchwp2vqNI6vMJYHSDbjk9q255DVs
Tew5/zH2PlvDaNMyLCnueC9VzFqBou/ZDmqUyOAlxDr4VC5NwnbgT8eyqcwlip3Y
9IWjGcTB5TSlndw5NVe48g1UTtR5Ji7mRyZxtLjLu0JPby9UJeM7ouJ+/y6ybh3U
oQ==
-----END CERTIFICATE-----

2026-05-23T09:10:07.780431Z	info	grpc-client	Fetched CA certificates required to verify connection to central
2026-05-23T09:10:07.780451Z	debug	security	Read provided XCP Central certificate chain:
-----BEGIN CERTIFICATE-----
MIIFbTCCA1WgAwIBAgIUBD0/+0EfuEYZvVjrKE5cvNEja8swDQYJKoZIhvcNAQEL
BQAwRjELMAkGA1UEBhMCVVMxCzAJBgNVBAgMAkNBMRAwDgYDVQQKDAdUZXRyYXRl
MRgwFgYDVQQDDA9YQ1AtZTJlLXRlc3QtY2EwHhcNMjQwNjE3MTMxMjAzWhcNMzQw
NjE1MTMxMjAzWjBGMQswCQYDVQQGEwJVUzELMAkGA1UECAwCQ0ExEDAOBgNVBAoM
B1RldHJhdGUxGDAWBgNVBAMMD1hDUC1lMmUtdGVzdC1jYTCCAiIwDQYJKoZIhvcN
AQEBBQADggIPADCCAgoCggIBAIkO9mBBITqNjJed3zjKhu15p4EkX7qkDaKQjQdu
9zEvocDbtZU81ibmjuQFlL0vAiqHfKA8nUXKdidI9xHNdS7xUp3IlZoEFWX1jBUD
SLgQooe8BIIcEXfkVO019jLfMbDB5tQ6jzsjZ4F3ER5wh5rkLhEfbvq4ZiF3zQD/
82LDU5vwJ91qDWCHl8og9rla5MaAX2fTZhkQUQJiDip9uZ0Ft5lai1fKq8gICrod
4iPfiZH6sJB5cTC/aHd8CHY3FrJp8ZuGhZQzaV6PvfdFsCr+EISDlCkNdlNov7hA
Z8F8bRGrEqPAcYsS/Kk94oLAQBW7YvTPBrFnDWmyMnaKjCLGqTHmAY3tTrSI31lb
rnNakF2EGziOwNjxsI84d61U6KFtXMtsgKCNJr/MORVS/0f9yA7Q0WE5bEdx24m9
+qaWnMd5FtjC38GEALfSmo9YN3+Q+M+hdfipPKpv0khjHX7yPTrFvAOHi1wsy3Hj
1OdDFr/H9pG12DnlToVruVDfr5xypoWNK8pf2utZcMOcBzdfMNAVCqeE84BrPu2c
8mHinMfWX10X14nd2gdMUYyBgGqJGqiLuFMdthyCWpmg9BbYK013Esn36v8ap7gE
/VIiY/YTYNtmKE12IhBDa+y6izBXo69OAMB7iZHPDW5lnAXKfpGtaZO+9pqrTCI0
vdNTAgMBAAGjUzBRMB0GA1UdDgQWBBSlvheSoWwG4xtqKfuEWkYlmN0YbTAfBgNV
HSMEGDAWgBSlvheSoWwG4xtqKfuEWkYlmN0YbTAPBgNVHRMBAf8EBTADAQH/MA0G
CSqGSIb3DQEBCwUAA4ICAQACp7Yw/dQGSinvV0Z5kYjugapyBE7iIpyqRh2UgYzz
HT3bcXfSz95YO/TB+utF1C8g4yqxW8b5G0EIRgg9uqtxvrGmK18o6x2N1GEeCcfU
ke2xqrOP7dpWk3uwT2aeJN/LjfqR2KADscKtD7V5EN8v3JgH3Ul0M5g9RalaEppv
yQr0H9B8sdxRawIxD+HO1S/lsQhlGGCmgTQQF23gRmL1oxwR3Mujx9Se2NHZi0ha
fcyll1OLtUxsD6cNjwiqoiv5J1TV9Ukux2tyO/gQmdheuyZoKt6+lObL8DIStQuK
IGcaX7mMKGMD7URAR4crUSP6AFHZ4tRJ7Ryu0vv2+JBjH24LVM8PIHQYqgnAohar
7n/laa7bXlKueuTo7EAVGTYPnV/CGYm/MKJ1cYll/aRBFYcU4m+fOF4AAOo/8umu
kFFHbv+Abnei/pEYb77vsBaHE68gT5YLM/pY/6XXa2+UVROCBQXbLps/0GZk2FTS
tHKBteLYBVia9F7HSAP1wAl4qt+r7D7wm9gtchwp2vqNI6vMJYHSDbjk9q255DVs
Tew5/zH2PlvDaNMyLCnueC9VzFqBou/ZDmqUyOAlxDr4VC5NwnbgT8eyqcwlip3Y
9IWjGcTB5TSlndw5NVe48g1UTtR5Ji7mRyZxtLjLu0JPby9UJeM7ouJ+/y6ybh3U
oQ==
-----END CERTIFICATE-----

2026-05-23T09:10:07.780467Z	info	grpc-client	Fetched CA certificates required to verify connection to central
2026-05-23T09:10:07.782937Z	debug	security	Read provided XCP Central certificate chain:
-----BEGIN CERTIFICATE-----
MIIFbTCCA1WgAwIBAgIUBD0/+0EfuEYZvVjrKE5cvNEja8swDQYJKoZIhvcNAQEL
BQAwRjELMAkGA1UEBhMCVVMxCzAJBgNVBAgMAkNBMRAwDgYDVQQKDAdUZXRyYXRl
MRgwFgYDVQQDDA9YQ1AtZTJlLXRlc3QtY2EwHhcNMjQwNjE3MTMxMjAzWhcNMzQw
NjE1MTMxMjAzWjBGMQswCQYDVQQGEwJVUzELMAkGA1UECAwCQ0ExEDAOBgNVBAoM
B1RldHJhdGUxGDAWBgNVBAMMD1hDUC1lMmUtdGVzdC1jYTCCAiIwDQYJKoZIhvcN
AQEBBQADggIPADCCAgoCggIBAIkO9mBBITqNjJed3zjKhu15p4EkX7qkDaKQjQdu
9zEvocDbtZU81ibmjuQFlL0vAiqHfKA8nUXKdidI9xHNdS7xUp3IlZoEFWX1jBUD
SLgQooe8BIIcEXfkVO019jLfMbDB5tQ6jzsjZ4F3ER5wh5rkLhEfbvq4ZiF3zQD/
82LDU5vwJ91qDWCHl8og9rla5MaAX2fTZhkQUQJiDip9uZ0Ft5lai1fKq8gICrod
4iPfiZH6sJB5cTC/aHd8CHY3FrJp8ZuGhZQzaV6PvfdFsCr+EISDlCkNdlNov7hA
Z8F8bRGrEqPAcYsS/Kk94oLAQBW7YvTPBrFnDWmyMnaKjCLGqTHmAY3tTrSI31lb
rnNakF2EGziOwNjxsI84d61U6KFtXMtsgKCNJr/MORVS/0f9yA7Q0WE5bEdx24m9
+qaWnMd5FtjC38GEALfSmo9YN3+Q+M+hdfipPKpv0khjHX7yPTrFvAOHi1wsy3Hj
1OdDFr/H9pG12DnlToVruVDfr5xypoWNK8pf2utZcMOcBzdfMNAVCqeE84BrPu2c
8mHinMfWX10X14nd2gdMUYyBgGqJGqiLuFMdthyCWpmg9BbYK013Esn36v8ap7gE
/VIiY/YTYNtmKE12IhBDa+y6izBXo69OAMB7iZHPDW5lnAXKfpGtaZO+9pqrTCI0
vdNTAgMBAAGjUzBRMB0GA1UdDgQWBBSlvheSoWwG4xtqKfuEWkYlmN0YbTAfBgNV
HSMEGDAWgBSlvheSoWwG4xtqKfuEWkYlmN0YbTAPBgNVHRMBAf8EBTADAQH/MA0G
CSqGSIb3DQEBCwUAA4ICAQACp7Yw/dQGSinvV0Z5kYjugapyBE7iIpyqRh2UgYzz
HT3bcXfSz95YO/TB+utF1C8g4yqxW8b5G0EIRgg9uqtxvrGmK18o6x2N1GEeCcfU
ke2xqrOP7dpWk3uwT2aeJN/LjfqR2KADscKtD7V5EN8v3JgH3Ul0M5g9RalaEppv
yQr0H9B8sdxRawIxD+HO1S/lsQhlGGCmgTQQF23gRmL1oxwR3Mujx9Se2NHZi0ha
fcyll1OLtUxsD6cNjwiqoiv5J1TV9Ukux2tyO/gQmdheuyZoKt6+lObL8DIStQuK
IGcaX7mMKGMD7URAR4crUSP6AFHZ4tRJ7Ryu0vv2+JBjH24LVM8PIHQYqgnAohar
7n/laa7bXlKueuTo7EAVGTYPnV/CGYm/MKJ1cYll/aRBFYcU4m+fOF4AAOo/8umu
kFFHbv+Abnei/pEYb77vsBaHE68gT5YLM/pY/6XXa2+UVROCBQXbLps/0GZk2FTS
tHKBteLYBVia9F7HSAP1wAl4qt+r7D7wm9gtchwp2vqNI6vMJYHSDbjk9q255DVs
Tew5/zH2PlvDaNMyLCnueC9VzFqBou/ZDmqUyOAlxDr4VC5NwnbgT8eyqcwlip3Y
9IWjGcTB5TSlndw5NVe48g1UTtR5Ji7mRyZxtLjLu0JPby9UJeM7ouJ+/y6ybh3U
oQ==
-----END CERTIFICATE-----

2026-05-23T09:10:07.782998Z	info	grpc-client	Fetched CA certificates required to verify connection to central
2026-05-23T09:10:07.785708Z	info	stream	[config-status] connected	name=config-status-771be08d
2026-05-23T09:10:07.785725Z	debug	stream	[config-status] Spawning cluster statusLabel send goroutine	name=config-status-771be08d
2026-05-23T09:10:07.785731Z	debug	status	re-triggering status report on connect
2026-05-23T09:10:07.785743Z	debug	status	sent-epoch(56) matches generated-epoch(56) and hence skipping
2026-05-23T09:10:31.734125Z	debug	discovery-server	Sending config resync request update to central xcp
2026-05-23T09:10:31.734171Z	debug	discovery-server	Done sending config resync request to central xcp
2026-05-23T09:10:31.734473Z	debug	discovery-server	Received resync keepalive response from central xcp.
2026-05-23T09:10:31.734490Z	debug	discovery-server	Waiting on recv for crds
2026-05-23T09:11:31.735536Z	debug	discovery-server	Sending config resync request update to central xcp
2026-05-23T09:11:31.735589Z	debug	discovery-server	Done sending config resync request to central xcp
2026-05-23T09:11:31.735845Z	debug	discovery-server	Received resync keepalive response from central xcp.
2026-05-23T09:11:31.735862Z	debug	discovery-server	Waiting on recv for crds
2026-05-23T09:11:37.790012Z	debug	security	Read provided XCP Central certificate chain:
-----BEGIN CERTIFICATE-----
MIIFbTCCA1WgAwIBAgIUBD0/+0EfuEYZvVjrKE5cvNEja8swDQYJKoZIhvcNAQEL
BQAwRjELMAkGA1UEBhMCVVMxCzAJBgNVBAgMAkNBMRAwDgYDVQQKDAdUZXRyYXRl
MRgwFgYDVQQDDA9YQ1AtZTJlLXRlc3QtY2EwHhcNMjQwNjE3MTMxMjAzWhcNMzQw
NjE1MTMxMjAzWjBGMQswCQYDVQQGEwJVUzELMAkGA1UECAwCQ0ExEDAOBgNVBAoM
B1RldHJhdGUxGDAWBgNVBAMMD1hDUC1lMmUtdGVzdC1jYTCCAiIwDQYJKoZIhvcN
AQEBBQADggIPADCCAgoCggIBAIkO9mBBITqNjJed3zjKhu15p4EkX7qkDaKQjQdu
9zEvocDbtZU81ibmjuQFlL0vAiqHfKA8nUXKdidI9xHNdS7xUp3IlZoEFWX1jBUD
SLgQooe8BIIcEXfkVO019jLfMbDB5tQ6jzsjZ4F3ER5wh5rkLhEfbvq4ZiF3zQD/
82LDU5vwJ91qDWCHl8og9rla5MaAX2fTZhkQUQJiDip9uZ0Ft5lai1fKq8gICrod
4iPfiZH6sJB5cTC/aHd8CHY3FrJp8ZuGhZQzaV6PvfdFsCr+EISDlCkNdlNov7hA
Z8F8bRGrEqPAcYsS/Kk94oLAQBW7YvTPBrFnDWmyMnaKjCLGqTHmAY3tTrSI31lb
rnNakF2EGziOwNjxsI84d61U6KFtXMtsgKCNJr/MORVS/0f9yA7Q0WE5bEdx24m9
+qaWnMd5FtjC38GEALfSmo9YN3+Q+M+hdfipPKpv0khjHX7yPTrFvAOHi1wsy3Hj
1OdDFr/H9pG12DnlToVruVDfr5xypoWNK8pf2utZcMOcBzdfMNAVCqeE84BrPu2c
8mHinMfWX10X14nd2gdMUYyBgGqJGqiLuFMdthyCWpmg9BbYK013Esn36v8ap7gE
/VIiY/YTYNtmKE12IhBDa+y6izBXo69OAMB7iZHPDW5lnAXKfpGtaZO+9pqrTCI0
vdNTAgMBAAGjUzBRMB0GA1UdDgQWBBSlvheSoWwG4xtqKfuEWkYlmN0YbTAfBgNV
HSMEGDAWgBSlvheSoWwG4xtqKfuEWkYlmN0YbTAPBgNVHRMBAf8EBTADAQH/MA0G
CSqGSIb3DQEBCwUAA4ICAQACp7Yw/dQGSinvV0Z5kYjugapyBE7iIpyqRh2UgYzz
HT3bcXfSz95YO/TB+utF1C8g4yqxW8b5G0EIRgg9uqtxvrGmK18o6x2N1GEeCcfU
ke2xqrOP7dpWk3uwT2aeJN/LjfqR2KADscKtD7V5EN8v3JgH3Ul0M5g9RalaEppv
yQr0H9B8sdxRawIxD+HO1S/lsQhlGGCmgTQQF23gRmL1oxwR3Mujx9Se2NHZi0ha
fcyll1OLtUxsD6cNjwiqoiv5J1TV9Ukux2tyO/gQmdheuyZoKt6+lObL8DIStQuK
IGcaX7mMKGMD7URAR4crUSP6AFHZ4tRJ7Ryu0vv2+JBjH24LVM8PIHQYqgnAohar
7n/laa7bXlKueuTo7EAVGTYPnV/CGYm/MKJ1cYll/aRBFYcU4m+fOF4AAOo/8umu
kFFHbv+Abnei/pEYb77vsBaHE68gT5YLM/pY/6XXa2+UVROCBQXbLps/0GZk2FTS
tHKBteLYBVia9F7HSAP1wAl4qt+r7D7wm9gtchwp2vqNI6vMJYHSDbjk9q255DVs
Tew5/zH2PlvDaNMyLCnueC9VzFqBou/ZDmqUyOAlxDr4VC5NwnbgT8eyqcwlip3Y
9IWjGcTB5TSlndw5NVe48g1UTtR5Ji7mRyZxtLjLu0JPby9UJeM7ouJ+/y6ybh3U
oQ==
-----END CERTIFICATE-----

2026-05-23T09:11:37.790074Z	info	grpc-client	Fetched CA certificates required to verify connection to central
2026-05-23T09:11:38.790673Z	error	stream	[config-status] Error receiving on stream: gRPC status code Unavailable: closing transport due to: connection error: desc = "error reading from server: EOF", received prior goaway: code: ENHANCE_YOUR_CALM, debug data: "too_many_pings"	name=config-status-771be08d
2026-05-23T09:11:38.790692Z	debug	stream	[config-status] canceling context	name=config-status-771be08d
2026-05-23T09:11:38.790695Z	debug	stream	[config-status] wg wait	name=config-status-771be08d
2026-05-23T09:11:38.790703Z	error	stream	[config-status] Error sending on stream: sendFunc returning on exit	name=config-status-771be08d
2026-05-23T09:11:38.790706Z	warn	stream	[config-status] Error sending on stream: sendFunc returning on exit	name=config-status-771be08d
2026-05-23T09:11:38.790708Z	debug	stream	[config-status] closing stream	name=config-status-771be08d
2026-05-23T09:11:38.790710Z	debug	stream	[config-status] sending CloseSend	name=config-status-771be08d
2026-05-23T09:11:38.790714Z	info	stream	[config-status] closed stream, err=<nil>	name=config-status-771be08d
2026-05-23T09:11:38.790715Z	info	stream	[config-status] establishing new stream	name=config-status-771be08d
2026-05-23T09:11:38.790719Z	info	stream	[config-status] connecting new permanent stream with max age 8760h0m0s	name=config-status-771be08d
2026-05-23T09:11:38.790814Z	info	discovery-server	Connecting to XCP central using JWT auth
2026-05-23T09:11:38.790858Z	debug	security	Read provided XCP Central certificate chain:
-----BEGIN CERTIFICATE-----
MIIFbTCCA1WgAwIBAgIUBD0/+0EfuEYZvVjrKE5cvNEja8swDQYJKoZIhvcNAQEL
BQAwRjELMAkGA1UEBhMCVVMxCzAJBgNVBAgMAkNBMRAwDgYDVQQKDAdUZXRyYXRl
MRgwFgYDVQQDDA9YQ1AtZTJlLXRlc3QtY2EwHhcNMjQwNjE3MTMxMjAzWhcNMzQw
NjE1MTMxMjAzWjBGMQswCQYDVQQGEwJVUzELMAkGA1UECAwCQ0ExEDAOBgNVBAoM
B1RldHJhdGUxGDAWBgNVBAMMD1hDUC1lMmUtdGVzdC1jYTCCAiIwDQYJKoZIhvcN
AQEBBQADggIPADCCAgoCggIBAIkO9mBBITqNjJed3zjKhu15p4EkX7qkDaKQjQdu
9zEvocDbtZU81ibmjuQFlL0vAiqHfKA8nUXKdidI9xHNdS7xUp3IlZoEFWX1jBUD
SLgQooe8BIIcEXfkVO019jLfMbDB5tQ6jzsjZ4F3ER5wh5rkLhEfbvq4ZiF3zQD/
82LDU5vwJ91qDWCHl8og9rla5MaAX2fTZhkQUQJiDip9uZ0Ft5lai1fKq8gICrod
4iPfiZH6sJB5cTC/aHd8CHY3FrJp8ZuGhZQzaV6PvfdFsCr+EISDlCkNdlNov7hA
Z8F8bRGrEqPAcYsS/Kk94oLAQBW7YvTPBrFnDWmyMnaKjCLGqTHmAY3tTrSI31lb
rnNakF2EGziOwNjxsI84d61U6KFtXMtsgKCNJr/MORVS/0f9yA7Q0WE5bEdx24m9
+qaWnMd5FtjC38GEALfSmo9YN3+Q+M+hdfipPKpv0khjHX7yPTrFvAOHi1wsy3Hj
1OdDFr/H9pG12DnlToVruVDfr5xypoWNK8pf2utZcMOcBzdfMNAVCqeE84BrPu2c
8mHinMfWX10X14nd2gdMUYyBgGqJGqiLuFMdthyCWpmg9BbYK013Esn36v8ap7gE
/VIiY/YTYNtmKE12IhBDa+y6izBXo69OAMB7iZHPDW5lnAXKfpGtaZO+9pqrTCI0
vdNTAgMBAAGjUzBRMB0GA1UdDgQWBBSlvheSoWwG4xtqKfuEWkYlmN0YbTAfBgNV
HSMEGDAWgBSlvheSoWwG4xtqKfuEWkYlmN0YbTAPBgNVHRMBAf8EBTADAQH/MA0G
CSqGSIb3DQEBCwUAA4ICAQACp7Yw/dQGSinvV0Z5kYjugapyBE7iIpyqRh2UgYzz
HT3bcXfSz95YO/TB+utF1C8g4yqxW8b5G0EIRgg9uqtxvrGmK18o6x2N1GEeCcfU
ke2xqrOP7dpWk3uwT2aeJN/LjfqR2KADscKtD7V5EN8v3JgH3Ul0M5g9RalaEppv
yQr0H9B8sdxRawIxD+HO1S/lsQhlGGCmgTQQF23gRmL1oxwR3Mujx9Se2NHZi0ha
fcyll1OLtUxsD6cNjwiqoiv5J1TV9Ukux2tyO/gQmdheuyZoKt6+lObL8DIStQuK
IGcaX7mMKGMD7URAR4crUSP6AFHZ4tRJ7Ryu0vv2+JBjH24LVM8PIHQYqgnAohar
7n/laa7bXlKueuTo7EAVGTYPnV/CGYm/MKJ1cYll/aRBFYcU4m+fOF4AAOo/8umu
kFFHbv+Abnei/pEYb77vsBaHE68gT5YLM/pY/6XXa2+UVROCBQXbLps/0GZk2FTS
tHKBteLYBVia9F7HSAP1wAl4qt+r7D7wm9gtchwp2vqNI6vMJYHSDbjk9q255DVs
Tew5/zH2PlvDaNMyLCnueC9VzFqBou/ZDmqUyOAlxDr4VC5NwnbgT8eyqcwlip3Y
9IWjGcTB5TSlndw5NVe48g1UTtR5Ji7mRyZxtLjLu0JPby9UJeM7ouJ+/y6ybh3U
oQ==
-----END CERTIFICATE-----

2026-05-23T09:11:38.790895Z	info	grpc-client	Fetched CA certificates required to verify connection to central
2026-05-23T09:11:38.790906Z	debug	security	Read provided XCP Central certificate chain:
-----BEGIN CERTIFICATE-----
MIIFbTCCA1WgAwIBAgIUBD0/+0EfuEYZvVjrKE5cvNEja8swDQYJKoZIhvcNAQEL
BQAwRjELMAkGA1UEBhMCVVMxCzAJBgNVBAgMAkNBMRAwDgYDVQQKDAdUZXRyYXRl
MRgwFgYDVQQDDA9YQ1AtZTJlLXRlc3QtY2EwHhcNMjQwNjE3MTMxMjAzWhcNMzQw
NjE1MTMxMjAzWjBGMQswCQYDVQQGEwJVUzELMAkGA1UECAwCQ0ExEDAOBgNVBAoM
B1RldHJhdGUxGDAWBgNVBAMMD1hDUC1lMmUtdGVzdC1jYTCCAiIwDQYJKoZIhvcN
AQEBBQADggIPADCCAgoCggIBAIkO9mBBITqNjJed3zjKhu15p4EkX7qkDaKQjQdu
9zEvocDbtZU81ibmjuQFlL0vAiqHfKA8nUXKdidI9xHNdS7xUp3IlZoEFWX1jBUD
SLgQooe8BIIcEXfkVO019jLfMbDB5tQ6jzsjZ4F3ER5wh5rkLhEfbvq4ZiF3zQD/
82LDU5vwJ91qDWCHl8og9rla5MaAX2fTZhkQUQJiDip9uZ0Ft5lai1fKq8gICrod
4iPfiZH6sJB5cTC/aHd8CHY3FrJp8ZuGhZQzaV6PvfdFsCr+EISDlCkNdlNov7hA
Z8F8bRGrEqPAcYsS/Kk94oLAQBW7YvTPBrFnDWmyMnaKjCLGqTHmAY3tTrSI31lb
rnNakF2EGziOwNjxsI84d61U6KFtXMtsgKCNJr/MORVS/0f9yA7Q0WE5bEdx24m9
+qaWnMd5FtjC38GEALfSmo9YN3+Q+M+hdfipPKpv0khjHX7yPTrFvAOHi1wsy3Hj
1OdDFr/H9pG12DnlToVruVDfr5xypoWNK8pf2utZcMOcBzdfMNAVCqeE84BrPu2c
8mHinMfWX10X14nd2gdMUYyBgGqJGqiLuFMdthyCWpmg9BbYK013Esn36v8ap7gE
/VIiY/YTYNtmKE12IhBDa+y6izBXo69OAMB7iZHPDW5lnAXKfpGtaZO+9pqrTCI0
vdNTAgMBAAGjUzBRMB0GA1UdDgQWBBSlvheSoWwG4xtqKfuEWkYlmN0YbTAfBgNV
HSMEGDAWgBSlvheSoWwG4xtqKfuEWkYlmN0YbTAPBgNVHRMBAf8EBTADAQH/MA0G
CSqGSIb3DQEBCwUAA4ICAQACp7Yw/dQGSinvV0Z5kYjugapyBE7iIpyqRh2UgYzz
HT3bcXfSz95YO/TB+utF1C8g4yqxW8b5G0EIRgg9uqtxvrGmK18o6x2N1GEeCcfU
ke2xqrOP7dpWk3uwT2aeJN/LjfqR2KADscKtD7V5EN8v3JgH3Ul0M5g9RalaEppv
yQr0H9B8sdxRawIxD+HO1S/lsQhlGGCmgTQQF23gRmL1oxwR3Mujx9Se2NHZi0ha
fcyll1OLtUxsD6cNjwiqoiv5J1TV9Ukux2tyO/gQmdheuyZoKt6+lObL8DIStQuK
IGcaX7mMKGMD7URAR4crUSP6AFHZ4tRJ7Ryu0vv2+JBjH24LVM8PIHQYqgnAohar
7n/laa7bXlKueuTo7EAVGTYPnV/CGYm/MKJ1cYll/aRBFYcU4m+fOF4AAOo/8umu
kFFHbv+Abnei/pEYb77vsBaHE68gT5YLM/pY/6XXa2+UVROCBQXbLps/0GZk2FTS
tHKBteLYBVia9F7HSAP1wAl4qt+r7D7wm9gtchwp2vqNI6vMJYHSDbjk9q255DVs
Tew5/zH2PlvDaNMyLCnueC9VzFqBou/ZDmqUyOAlxDr4VC5NwnbgT8eyqcwlip3Y
9IWjGcTB5TSlndw5NVe48g1UTtR5Ji7mRyZxtLjLu0JPby9UJeM7ouJ+/y6ybh3U
oQ==
-----END CERTIFICATE-----

2026-05-23T09:11:38.790948Z	info	grpc-client	Fetched CA certificates required to verify connection to central
2026-05-23T09:11:38.792988Z	debug	security	Read provided XCP Central certificate chain:
-----BEGIN CERTIFICATE-----
MIIFbTCCA1WgAwIBAgIUBD0/+0EfuEYZvVjrKE5cvNEja8swDQYJKoZIhvcNAQEL
BQAwRjELMAkGA1UEBhMCVVMxCzAJBgNVBAgMAkNBMRAwDgYDVQQKDAdUZXRyYXRl
MRgwFgYDVQQDDA9YQ1AtZTJlLXRlc3QtY2EwHhcNMjQwNjE3MTMxMjAzWhcNMzQw
NjE1MTMxMjAzWjBGMQswCQYDVQQGEwJVUzELMAkGA1UECAwCQ0ExEDAOBgNVBAoM
B1RldHJhdGUxGDAWBgNVBAMMD1hDUC1lMmUtdGVzdC1jYTCCAiIwDQYJKoZIhvcN
AQEBBQADggIPADCCAgoCggIBAIkO9mBBITqNjJed3zjKhu15p4EkX7qkDaKQjQdu
9zEvocDbtZU81ibmjuQFlL0vAiqHfKA8nUXKdidI9xHNdS7xUp3IlZoEFWX1jBUD
SLgQooe8BIIcEXfkVO019jLfMbDB5tQ6jzsjZ4F3ER5wh5rkLhEfbvq4ZiF3zQD/
82LDU5vwJ91qDWCHl8og9rla5MaAX2fTZhkQUQJiDip9uZ0Ft5lai1fKq8gICrod
4iPfiZH6sJB5cTC/aHd8CHY3FrJp8ZuGhZQzaV6PvfdFsCr+EISDlCkNdlNov7hA
Z8F8bRGrEqPAcYsS/Kk94oLAQBW7YvTPBrFnDWmyMnaKjCLGqTHmAY3tTrSI31lb
rnNakF2EGziOwNjxsI84d61U6KFtXMtsgKCNJr/MORVS/0f9yA7Q0WE5bEdx24m9
+qaWnMd5FtjC38GEALfSmo9YN3+Q+M+hdfipPKpv0khjHX7yPTrFvAOHi1wsy3Hj
1OdDFr/H9pG12DnlToVruVDfr5xypoWNK8pf2utZcMOcBzdfMNAVCqeE84BrPu2c
8mHinMfWX10X14nd2gdMUYyBgGqJGqiLuFMdthyCWpmg9BbYK013Esn36v8ap7gE
/VIiY/YTYNtmKE12IhBDa+y6izBXo69OAMB7iZHPDW5lnAXKfpGtaZO+9pqrTCI0
vdNTAgMBAAGjUzBRMB0GA1UdDgQWBBSlvheSoWwG4xtqKfuEWkYlmN0YbTAfBgNV
HSMEGDAWgBSlvheSoWwG4xtqKfuEWkYlmN0YbTAPBgNVHRMBAf8EBTADAQH/MA0G
CSqGSIb3DQEBCwUAA4ICAQACp7Yw/dQGSinvV0Z5kYjugapyBE7iIpyqRh2UgYzz
HT3bcXfSz95YO/TB+utF1C8g4yqxW8b5G0EIRgg9uqtxvrGmK18o6x2N1GEeCcfU
ke2xqrOP7dpWk3uwT2aeJN/LjfqR2KADscKtD7V5EN8v3JgH3Ul0M5g9RalaEppv
yQr0H9B8sdxRawIxD+HO1S/lsQhlGGCmgTQQF23gRmL1oxwR3Mujx9Se2NHZi0ha
fcyll1OLtUxsD6cNjwiqoiv5J1TV9Ukux2tyO/gQmdheuyZoKt6+lObL8DIStQuK
IGcaX7mMKGMD7URAR4crUSP6AFHZ4tRJ7Ryu0vv2+JBjH24LVM8PIHQYqgnAohar
7n/laa7bXlKueuTo7EAVGTYPnV/CGYm/MKJ1cYll/aRBFYcU4m+fOF4AAOo/8umu
kFFHbv+Abnei/pEYb77vsBaHE68gT5YLM/pY/6XXa2+UVROCBQXbLps/0GZk2FTS
tHKBteLYBVia9F7HSAP1wAl4qt+r7D7wm9gtchwp2vqNI6vMJYHSDbjk9q255DVs
Tew5/zH2PlvDaNMyLCnueC9VzFqBou/ZDmqUyOAlxDr4VC5NwnbgT8eyqcwlip3Y
9IWjGcTB5TSlndw5NVe48g1UTtR5Ji7mRyZxtLjLu0JPby9UJeM7ouJ+/y6ybh3U
oQ==
-----END CERTIFICATE-----

2026-05-23T09:11:38.793031Z	info	grpc-client	Fetched CA certificates required to verify connection to central
2026-05-23T09:11:38.794999Z	info	stream	[config-status] connected	name=config-status-771be08d
2026-05-23T09:11:38.795009Z	debug	stream	[config-status] Spawning cluster statusLabel send goroutine	name=config-status-771be08d
2026-05-23T09:11:38.795025Z	debug	status	re-triggering status report on connect
2026-05-23T09:11:38.795029Z	debug	status	sent-epoch(56) matches generated-epoch(56) and hence skipping
2026-05-23T09:12:31.736851Z	debug	discovery-server	Sending config resync request update to central xcp
2026-05-23T09:12:31.736895Z	debug	discovery-server	Done sending config resync request to central xcp
2026-05-23T09:12:31.737190Z	debug	discovery-server	Received resync keepalive response from central xcp.
2026-05-23T09:12:31.737207Z	debug	discovery-server	Waiting on recv for crds
2026-05-23T09:12:40.621244Z	debug	discovery-server	Received cluster state update for cluster cluster-1 from central xcp
2026-05-23T09:12:40.621293Z	debug	discovery-cache	required to trigger istio translation as edge received change in failover setting for one or more hosts for cluster cluster-1
2026-05-23T09:12:40.621317Z	debug	discovery-cache	Setting regular east-west gateway for service "backend-c1/backend.backend-c1.svc.cluster.local": gw "backend-c1/ew-gateway.backend-c1.svc.cluster.local" (port %!s(int=15443))
2026-05-23T09:12:40.621323Z	debug	discovery-cache	hasGatewayInfoChanged: true
2026-05-23T09:12:40.621325Z	debug	mc-configapply	Cluster cluster-1 exposed services changed: true
2026-05-23T09:12:40.621330Z	debug	discovery-server	Sending istio translation from cluster state stream notification
2026-05-23T09:12:40.621332Z	debug	discovery-server	found changes related to gateway hosts attached to lb/nodeport services. (re)generating local SEs
2026-05-23T09:12:40.621338Z	debug	mc-configapply	Downloaded cluster status updates for cluster cluster-1 and regenerated service entries
2026-05-23T09:12:40.621343Z	debug	discovery-server	Waiting on recv for cluster updates
2026-05-23T09:12:40.621374Z	debug	discovery-server	Applying cluster config: cluster-1
2026-05-23T09:12:40.622512Z	info	discovery-server	compressed cluster state cluster-1 size (bytes): 2204
2026-05-23T09:12:40.622732Z	debug	failed to extract annotations map from k8s object, create an empty annotations map
2026-05-23T09:12:40.622766Z	debug	configapply	computed hash for Cluster:istio-system/cluster-1 - 7ac115456aa15122e59b31ace93de3b2
2026-05-23T09:12:40.622782Z	debug	discovery-server	Updating spec istio-system/cluster-1:
2026-05-23T09:12:40.627651Z	debug	handling validation webhook for xcp.tetrate.io/v2, Kind=Cluster
2026-05-23T09:12:40.627911Z	info	Authorized Admission request for UPDATE operation on xcp.tetrate.io/v2, Kind=Cluster/cluster-1 for username system:serviceaccount:istio-system:xcp-edge
2026-05-23T09:12:40.632688Z	debug	debounce	notify cbk invoked	id=29da738d
2026-05-23T09:12:40.632744Z	debug	mc-configapply	-->cluster cluster-0
2026-05-23T09:12:40.632746Z	debug	mc-configapply	-->cluster cluster-1
2026-05-23T09:12:40.632826Z	debug	discovery-cache	GetAllServicesInfo: svcKey: backend-c1/backend.backend-c1.svc.cluster.local, gwKey: backend-c1/ew-gateway.backend-c1.svc.cluster.local, ambientGwKey: /, sidecarAmbientGwKey: /
2026-05-23T09:12:40.632846Z	debug	eastwest-configgen	getLocalServiceDetailsIfExist: service "backend.backend-c1.svc.cluster.local" in namespace "backend-c1" does not exist in d.servicesByNamespace
2026-05-23T09:12:40.632861Z	debug	model	error while looking up workspace for namespace "backend-c1": the namespace "backend-c1" is not mapped to any workspace
2026-05-23T09:12:40.632875Z	debug	ew-gen	1 Service Entry workloadentries generated for service:"backend.backend-c1.svc.cluster.local" cluster:"cluster-1", endpoint:"172.18.255.176"	id=91183a67
2026-05-23T09:12:40.632893Z	debug	ew-gen	generating east-west service entry and destination rule for service "backend.backend-c1.svc.cluster.local" with ports: []*v1alpha3.ServicePort{(*v1alpha3.ServicePort)(0x69deee7f8720)}, endpoints: []*v1alpha3.WorkloadEntry{(*v1alpha3.WorkloadEntry)(0x69deeee02700)}, resolution: STATIC and allowed spiffe IDs: map[string]struct {}{"spiffe://cluster.local/ns/backend-c1/sa/backend":struct {}{}}	id=91183a67
2026-05-23T09:12:40.632931Z	warn	mc-configgen	cannot lookup workspace for "backend-c1": the namespace "backend-c1" is not mapped to any workspace
2026-05-23T09:12:40.632978Z	debug	mc-configgen	cluster cluster-0, namespaces 0
2026-05-23T09:12:40.632984Z	debug	mc-configgen	cluster cluster-1, namespaces 0
2026-05-23T09:12:40.632988Z	debug	mc-configapply	applying 2 istio objects for multicluster
2026-05-23T09:12:40.632991Z	debug	mc-configapply	   networking.istio.io/v1/ServiceEntry [xcp-multicluster/global-gwinternal-backend-backend-c1-svc-cluster-local]
2026-05-23T09:12:40.632992Z	debug	mc-configapply	   networking.istio.io/v1/DestinationRule [xcp-multicluster/global-drinternal-backend-backend-c1-svc-cluster-local]
2026-05-23T09:12:40.632993Z	debug	resource-cache	[xcp-multicluster] ===BEGIN: Apply request for 2 objects
2026-05-23T09:12:40.633069Z	debug	resource-cache	[xcp-multicluster] objects previously in k8s api server cache: 0
2026-05-23T09:12:40.633082Z	debug	resource-cache	[xcp-multicluster] No previous objects at k8s apiserver cache for namespace
2026-05-23T09:12:40.633141Z	debug	resource-cache	[xcp-multicluster] Create for {"type":{"group":"networking.istio.io","version":"v1","kind":"DestinationRule"},"name":"global-drinternal-backend-backend-c1-svc-cluster-local","namespace":"xcp-multicluster","labels":{"istio.io/rev":"global"},"annotations":{"xcp.tetrate.io/service":"backend.backend-c1.svc.cluster.local","xcp.tetrate.io/serviceNamespace":"backend-c1"},"creationTimestamp":"0001-01-01T00:00:00Z","Spec":{"host":"backend.backend-c1.svc.cluster.local","trafficPolicy":{"loadBalancer":{"localityLbSetting":{"failoverPriority":["topology.kubernetes.io/region","topology.istio.io/network","topology.kubernetes.io/zone","topology.istio.io/subzone"],"enabled":true}},"outlierDetection":{"consecutiveGatewayErrors":10,"maxEjectionPercent":100},"tls":{"mode":"ISTIO_MUTUAL","subjectAltNames":["spiffe://cluster.local/ns/backend-c1/sa/backend"]}}},"Status":null,"Extra":null}
2026-05-23T09:12:40.633149Z	debug	resource-cache	[xcp-multicluster] Create for {"type":{"group":"networking.istio.io","version":"v1","kind":"ServiceEntry"},"name":"global-gwinternal-backend-backend-c1-svc-cluster-local","namespace":"xcp-multicluster","labels":{"istio.io/rev":"global"},"annotations":{"xcp.tetrate.io/service":"backend.backend-c1.svc.cluster.local","xcp.tetrate.io/serviceNamespace":"backend-c1"},"creationTimestamp":"0001-01-01T00:00:00Z","Spec":{"hosts":["backend.backend-c1.svc.cluster.local"],"ports":[{"number":80,"protocol":"HTTP","name":"http"}],"location":"MESH_INTERNAL","resolution":"STATIC","endpoints":[{"address":"172.18.255.176","ports":{"http":15443},"labels":{"security.istio.io/tlsMode":"istio","xcp.tetrate.io/cluster":"cluster-1"},"network":"nw-cluster-1","locality":"us-east1/us-east1-B/subzone-x"}],"exportTo":["*"]},"Status":null,"Extra":null}
2026-05-23T09:12:40.633190Z	debug	configapply	computed hash for DestinationRule:xcp-multicluster/global-drinternal-backend-backend-c1-svc-cluster-local - 5367225173cae00a68ca8b2de5c9db2a
2026-05-23T09:12:40.633204Z	warn	kube	kube-client could not fetch on get global-drinternal-backend-backend-c1-svc-cluster-local/xcp-multicluster
2026-05-23T09:12:40.633191Z	debug	configapply	computed hash for ServiceEntry:xcp-multicluster/global-gwinternal-backend-backend-c1-svc-cluster-local - ebbdcc02f71fef9e12ef110bd458eb69
2026-05-23T09:12:40.633376Z	warn	kube	kube-client could not fetch on get global-gwinternal-backend-backend-c1-svc-cluster-local/xcp-multicluster
2026-05-23T09:12:40.637854Z	debug	serviceentries	adding ServiceEntry "global-gwinternal-backend-backend-c1-svc-cluster-local" with hosts: [backend.backend-c1.svc.cluster.local]
2026-05-23T09:12:40.637884Z	debug	serviceentry	Handle event add for service entry xcp-multicluster/global-gwinternal-backend-backend-c1-svc-cluster-local
2026-05-23T09:12:40.638326Z	debug	resource-cache	[xcp-multicluster] ResourceCache length 12
2026-05-23T09:12:40.638368Z	debug	resource-cache	[xcp-multicluster] ===END: Apply request for 2 objects in 0.005356 s
2026-05-23T09:12:40.638388Z	debug	debounce	notify cbk returned	id=29da738d
2026-05-23T09:12:40.638395Z	debug	debounce	Applying steady step-up. maxSilentCurrent updated to: 10ms	id=29da738d
2026-05-23T09:12:40.643037Z	debug	serviceentries	updating ServiceEntry "global-gwinternal-backend-backend-c1-svc-cluster-local" with new hosts: [backend.backend-c1.svc.cluster.local]
2026-05-23T09:12:40.643060Z	debug	serviceentry	Handle event update for service entry xcp-multicluster/global-gwinternal-backend-backend-c1-svc-cluster-local
2026-05-23T09:12:40.649863Z	debug	debounce	resetting maxSilentCurrent. updated: 10ms	id=29da738d
2026-05-23T09:12:41.622687Z	debug	debounce	notify cbk invoked	id=fcd9f881
2026-05-23T09:12:41.622763Z	debug	debounce	notify cbk returned	id=fcd9f881
2026-05-23T09:12:41.622779Z	debug	debounce	Applying exponential step-up. maxSilentCurrent updated to: 2s	id=fcd9f881
2026-05-23T09:12:41.622802Z	info	cluster-state	processConfigTranslationNotification: cluster-eventid: 2026-05-23 09:12:40.621331131 +0000 UTC m=+97957.424169560 and 0 more, queue length: 0, reasons: cluster_state_add_or_update,east_west_exposed_service_update,, forceConfigRegenReasons: map[], resources: []
2026-05-23T09:12:41.622805Z	debug	configapply	Sending XCP api CRDs to istio config translator
2026-05-23T09:12:41.623028Z	debug	model	gateway-group mapping: map[]
2026-05-23T09:12:41.623037Z	debug	model	security-group mapping: map[]
2026-05-23T09:12:41.623038Z	debug	model	traffic-group mapping: map[]
2026-05-23T09:12:41.623039Z	debug	model	istio-internal-group mapping: map[]
2026-05-23T09:12:41.623041Z	debug	model	gateway-deployment mapping: map[]
2026-05-23T09:12:41.623058Z	debug	model	processing 14 objects for cluster cluster-0
2026-05-23T09:12:41.623163Z	debug	model	Processing workspace: istio-system/xc-ws, o.gvk xcp.tetrate.io/v2/Workspace
2026-05-23T09:12:41.623183Z	debug	model	resolved workspace namespaces [client-c0]
2026-05-23T09:12:41.623198Z	info	model	client-c0: adding workspace xc-ws
2026-05-23T09:12:41.623314Z	debug	model	populateGroups workspace = xc-ws, &{Meta:{GroupVersionKind:xcp.tetrate.io/v2/Workspace UID: Name:xc-ws Namespace:istio-system Domain: Labels:map[] Annotations:map[kubectl.kubernetes.io/last-applied-configuration:{"apiVersion":"xcp.tetrate.io/v2","kind":"Workspace","metadata":{"annotations":{},"name":"xc-ws","namespace":"xcp-system"},"spec":{"namespaceSelector":{"names":["cluster-0/client-c0","cluster-1/backend-c1"]}}}
 xcp.tetrate.io/contentHash:32b68c018c13a57f045d6319290a4b2b] ResourceVersion:380056 CreationTimestamp:2026-05-23 09:01:31 +0000 UTC OwnerReferences:[] Generation:0} Spec:namespace_selector:{names:"cluster-0/client-c0" names:"cluster-1/backend-c1"} Status:<nil> Extra:map[]}
2026-05-23T09:12:41.623322Z	debug	model	registered settings xc-ws-settings for workspace xc-ws
2026-05-23T09:12:41.623599Z	debug	eastwest-configgen	namespace "kube-public" does not have Istio revision "" in boundary "global". Ambient mode: false
2026-05-23T09:12:41.623624Z	debug	eastwest-configgen	namespace "cert-manager" does not have Istio revision "" in boundary "global". Ambient mode: false
2026-05-23T09:12:41.623626Z	debug	eastwest-configgen	namespace "kube-node-lease" does not have Istio revision "" in boundary "global". Ambient mode: false
2026-05-23T09:12:41.623627Z	debug	eastwest-configgen	namespace "local-path-storage" does not have Istio revision "" in boundary "global". Ambient mode: false
2026-05-23T09:12:41.623628Z	debug	eastwest-configgen	namespace "metallb-system" does not have Istio revision "" in boundary "global". Ambient mode: false
2026-05-23T09:12:41.623629Z	debug	eastwest-configgen	namespace "xcp-system" does not have Istio revision "" in boundary "global". Ambient mode: false
2026-05-23T09:12:41.623631Z	debug	eastwest-configgen	namespace "default" does not have Istio revision "" in boundary "global". Ambient mode: false
2026-05-23T09:12:41.623655Z	info	eastwest-configgen	no endpoints found for service "backend.backend-c1.svc.cluster.local" port 80
2026-05-23T09:12:41.623716Z	info	no portname specified for service metallb-webhook-service.metallb-system.svc.cluster.local port 443. no endpoints will be detected
2026-05-23T09:12:41.623729Z	info	eastwest-configgen	no endpoints found for service "metallb-webhook-service.metallb-system.svc.cluster.local" port 443
2026-05-23T09:12:41.623744Z	info	model	matching services for east-west gateway%!(EXTRA string=selector: %v, map[string]string=map[app:backend])
2026-05-23T09:12:41.623751Z	debug	eastwest-configgen	computed east-west gateway associations: {
    "xc-ws": {
      "ExposedServices": {
        "0": {}
      },
      "GatewayServices": {
        "0": {}
      }
    }
  }
2026-05-23T09:12:41.623772Z	debug	configapply	Translation triggered for all [client-c0 kube-public cert-manager kube-node-lease local-path-storage metallb-system xcp-system echo default] namespaces
2026-05-23T09:12:41.623792Z	debug	translator	skipping translation for namespace "default"	ns=default id=47d30073
2026-05-23T09:12:41.623803Z	debug	resource-cache	Batch-based resource tracking disabled, falling back to namespace-based
2026-05-23T09:12:41.623804Z	debug	resource-cache	[default] ===BEGIN: Apply request for 0 objects
2026-05-23T09:12:41.623806Z	debug	resource-cache	Delete all objects from the namespace default
2026-05-23T09:12:41.623801Z	debug	translator	skipping translation for namespace "cert-manager"	ns=cert-manager id=06c669bf
2026-05-23T09:12:41.623810Z	debug	resource-cache	Batch-based resource tracking disabled, falling back to namespace-based
2026-05-23T09:12:41.623811Z	debug	resource-cache	[cert-manager] ===BEGIN: Apply request for 0 objects
2026-05-23T09:12:41.623813Z	debug	resource-cache	Delete all objects from the namespace cert-manager
2026-05-23T09:12:41.623814Z	debug	resource-cache	[cert-manager] objects previously in k8s api server cache: 0
2026-05-23T09:12:41.623812Z	debug	translator	skipping translation for namespace "kube-node-lease"	ns=kube-node-lease id=3e9a3340
2026-05-23T09:12:41.623816Z	debug	resource-cache	Batch-based resource tracking disabled, falling back to namespace-based
2026-05-23T09:12:41.623815Z	debug	resource-cache	[cert-manager] No previous objects at k8s apiserver cache for namespace
2026-05-23T09:12:41.623817Z	debug	resource-cache	[kube-node-lease] ===BEGIN: Apply request for 0 objects
2026-05-23T09:12:41.623819Z	debug	resource-cache	Delete all objects from the namespace kube-node-lease
2026-05-23T09:12:41.623819Z	debug	resource-cache	[cert-manager] ===END: Apply request for 0 objects in 0.000007 s
2026-05-23T09:12:41.623820Z	debug	resource-cache	[kube-node-lease] objects previously in k8s api server cache: 0
2026-05-23T09:12:41.623821Z	debug	resource-cache	[kube-node-lease] No previous objects at k8s apiserver cache for namespace
2026-05-23T09:12:41.623823Z	debug	resource-cache	[kube-node-lease] ===END: Apply request for 0 objects in 0.000005 s
2026-05-23T09:12:41.623831Z	debug	resource-cache	[kube-node-lease] ===BEGIN: Apply request for 0 objects
2026-05-23T09:12:41.623841Z	debug	resource-cache	Delete all objects from the namespace kube-node-lease
2026-05-23T09:12:41.623842Z	debug	resource-cache	[kube-node-lease] objects previously in k8s api server cache: 0
2026-05-23T09:12:41.623842Z	debug	resource-cache	[kube-node-lease] No previous objects at k8s apiserver cache for namespace
2026-05-23T09:12:41.623844Z	debug	resource-cache	[kube-node-lease] ===END: Apply request for 0 objects in 0.000012 s
2026-05-23T09:12:41.623833Z	debug	resource-cache	[cert-manager] ===BEGIN: Apply request for 0 objects
2026-05-23T09:12:41.623878Z	debug	resource-cache	Delete all objects from the namespace cert-manager
2026-05-23T09:12:41.623884Z	debug	resource-cache	[cert-manager] objects previously in k8s api server cache: 0
2026-05-23T09:12:41.623886Z	debug	resource-cache	[cert-manager] No previous objects at k8s apiserver cache for namespace
2026-05-23T09:12:41.623887Z	debug	resource-cache	[cert-manager] ===END: Apply request for 0 objects in 0.000054 s
2026-05-23T09:12:41.623893Z	warn	translator	error while looking up traffic group for namespace "client-c0": traffic group not found for namespace client-c0 in workspace xc-ws	ns=client-c0 id=f02862fa
2026-05-23T09:12:41.623894Z	debug	translator	skipping translation for namespace "local-path-storage"	ns=local-path-storage id=7c59275a
2026-05-23T09:12:41.623884Z	debug	translator	skipping translation for namespace "metallb-system"	ns=metallb-system id=0d7f2a12
2026-05-23T09:12:41.623905Z	debug	translator	skipping translation for namespace "kube-public"	ns=kube-public id=e6f342a4
2026-05-23T09:12:41.623904Z	debug	translator	skipping translation for namespace "xcp-system"	ns=xcp-system id=1c8bac7d
2026-05-23T09:12:41.623908Z	debug	resource-cache	Batch-based resource tracking disabled, falling back to namespace-based
2026-05-23T09:12:41.623910Z	debug	resource-cache	Batch-based resource tracking disabled, falling back to namespace-based
2026-05-23T09:12:41.623913Z	debug	resource-cache	Unmanaged Istio resources by kind: map[AuthorizationPolicy:0 DestinationRule:0 EnvoyFilter:0 Gateway:0 PeerAuthentication:0 RequestAuthentication:0 ServiceEntry:0 Sidecar:0 Telemetry:0 VirtualService:0 WasmPlugin:0 WorkloadEntry:0]
2026-05-23T09:12:41.623900Z	debug	resource-cache	Batch-based resource tracking disabled, falling back to namespace-based
2026-05-23T09:12:41.623918Z	debug	resource-cache	[local-path-storage] ===BEGIN: Apply request for 0 objects
2026-05-23T09:12:41.623919Z	debug	resource-cache	Delete all objects from the namespace local-path-storage
2026-05-23T09:12:41.623921Z	debug	resource-cache	[local-path-storage] objects previously in k8s api server cache: 0
2026-05-23T09:12:41.623921Z	debug	resource-cache	[local-path-storage] No previous objects at k8s apiserver cache for namespace
2026-05-23T09:12:41.623913Z	debug	resource-cache	[metallb-system] ===BEGIN: Apply request for 0 objects
2026-05-23T09:12:41.623982Z	debug	resource-cache	Delete all objects from the namespace metallb-system
2026-05-23T09:12:41.623989Z	debug	resource-cache	[metallb-system] objects previously in k8s api server cache: 0
2026-05-23T09:12:41.623990Z	debug	resource-cache	[metallb-system] No previous objects at k8s apiserver cache for namespace
2026-05-23T09:12:41.623992Z	debug	resource-cache	[metallb-system] ===END: Apply request for 0 objects in 0.000079 s
2026-05-23T09:12:41.624000Z	debug	resource-cache	[metallb-system] ===BEGIN: Apply request for 0 objects
2026-05-23T09:12:41.624000Z	debug	resource-cache	Delete all objects from the namespace metallb-system
2026-05-23T09:12:41.624001Z	debug	resource-cache	[metallb-system] objects previously in k8s api server cache: 0
2026-05-23T09:12:41.624002Z	debug	resource-cache	[metallb-system] No previous objects at k8s apiserver cache for namespace
2026-05-23T09:12:41.624003Z	debug	resource-cache	[metallb-system] ===END: Apply request for 0 objects in 0.000003 s
2026-05-23T09:12:41.623807Z	debug	resource-cache	[default] objects previously in k8s api server cache: 0
2026-05-23T09:12:41.624007Z	debug	resource-cache	[default] No previous objects at k8s apiserver cache for namespace
2026-05-23T09:12:41.624008Z	debug	resource-cache	[default] ===END: Apply request for 0 objects in 0.000203 s
2026-05-23T09:12:41.624015Z	debug	resource-cache	[default] ===BEGIN: Apply request for 0 objects
2026-05-23T09:12:41.624018Z	debug	resource-cache	Delete all objects from the namespace default
2026-05-23T09:12:41.624019Z	debug	resource-cache	[default] objects previously in k8s api server cache: 0
2026-05-23T09:12:41.624020Z	debug	resource-cache	[default] No previous objects at k8s apiserver cache for namespace
2026-05-23T09:12:41.624024Z	debug	resource-cache	[default] ===END: Apply request for 0 objects in 0.000009 s
2026-05-23T09:12:41.623914Z	debug	resource-cache	[kube-public] ===BEGIN: Apply request for 0 objects
2026-05-23T09:12:41.624034Z	debug	resource-cache	Delete all objects from the namespace kube-public
2026-05-23T09:12:41.624035Z	debug	resource-cache	[kube-public] objects previously in k8s api server cache: 0
2026-05-23T09:12:41.624036Z	debug	resource-cache	[kube-public] No previous objects at k8s apiserver cache for namespace
2026-05-23T09:12:41.624037Z	debug	resource-cache	[kube-public] ===END: Apply request for 0 objects in 0.000123 s
2026-05-23T09:12:41.624042Z	debug	resource-cache	[kube-public] ===BEGIN: Apply request for 0 objects
2026-05-23T09:12:41.624047Z	debug	resource-cache	Delete all objects from the namespace kube-public
2026-05-23T09:12:41.624048Z	debug	resource-cache	[kube-public] objects previously in k8s api server cache: 0
2026-05-23T09:12:41.624049Z	debug	resource-cache	[kube-public] No previous objects at k8s apiserver cache for namespace
2026-05-23T09:12:41.624050Z	debug	resource-cache	[kube-public] ===END: Apply request for 0 objects in 0.000008 s
2026-05-23T09:12:41.623911Z	debug	resource-cache	Batch-based resource tracking disabled, falling back to namespace-based
2026-05-23T09:12:41.624053Z	debug	resource-cache	[xcp-system] ===BEGIN: Apply request for 0 objects
2026-05-23T09:12:41.624054Z	debug	resource-cache	Delete all objects from the namespace xcp-system
2026-05-23T09:12:41.624055Z	debug	resource-cache	[xcp-system] objects previously in k8s api server cache: 0
2026-05-23T09:12:41.624056Z	debug	resource-cache	[xcp-system] No previous objects at k8s apiserver cache for namespace
2026-05-23T09:12:41.624057Z	debug	resource-cache	[xcp-system] ===END: Apply request for 0 objects in 0.000004 s
2026-05-23T09:12:41.624060Z	debug	resource-cache	[xcp-system] ===BEGIN: Apply request for 0 objects
2026-05-23T09:12:41.624061Z	debug	resource-cache	Delete all objects from the namespace xcp-system
2026-05-23T09:12:41.624062Z	debug	resource-cache	[xcp-system] objects previously in k8s api server cache: 0
2026-05-23T09:12:41.624063Z	debug	resource-cache	[xcp-system] No previous objects at k8s apiserver cache for namespace
2026-05-23T09:12:41.624064Z	debug	resource-cache	[xcp-system] ===END: Apply request for 0 objects in 0.000004 s
2026-05-23T09:12:41.623923Z	debug	resource-cache	[local-path-storage] ===END: Apply request for 0 objects in 0.000005 s
2026-05-23T09:12:41.624071Z	debug	resource-cache	[local-path-storage] ===BEGIN: Apply request for 0 objects
2026-05-23T09:12:41.624075Z	debug	resource-cache	Delete all objects from the namespace local-path-storage
2026-05-23T09:12:41.624076Z	debug	resource-cache	[local-path-storage] objects previously in k8s api server cache: 0
2026-05-23T09:12:41.624077Z	debug	resource-cache	[local-path-storage] No previous objects at k8s apiserver cache for namespace
2026-05-23T09:12:41.624078Z	debug	resource-cache	[local-path-storage] ===END: Apply request for 0 objects in 0.000007 s
2026-05-23T09:12:41.623901Z	debug	translator	traffic group for namespace "client-c0" not found. applying defaults	ns=client-c0 id=f02862fa
2026-05-23T09:12:41.624084Z	debug	translator	traffic group for namespace "client-c0" not found	ns=client-c0 id=f02862fa
2026-05-23T09:12:41.624112Z	debug	translator	upstream traffic setting for namespace "client-c0" not found, default settings will be created	ns=client-c0 id=f02862fa
2026-05-23T09:12:41.624284Z	warn	translator	failed to lookup security group for "client-c0": security group not found for namespace client-c0 in workspace xc-ws	ns=client-c0 id=f02862fa
2026-05-23T09:12:41.624291Z	debug	translator	security group for namespace "client-c0" not found. applying defaults	ns=client-c0 id=f02862fa
2026-05-23T09:12:41.624301Z	debug	translator	defaultEastWestAuthzRequired: cannot get gateway group object: gateway group not found for namespace client-c0 in workspace xc-ws	ns=client-c0 id=f02862fa
2026-05-23T09:12:41.624305Z	debug	translator	gateway group for namespace "client-c0" not found	ns=client-c0 id=f02862fa
2026-05-23T09:12:41.624306Z	debug	translator	[ambient] buildEastWestGatewayConfigs: entry point called	ns=client-c0 id=f02862fa
2026-05-23T09:12:41.624308Z	debug	translator	[ambient] doBuildEastWestGatewayConfigsforAllWorkspaces: processing 1 workspaces	ns=client-c0 id=f02862fa
2026-05-23T09:12:41.624309Z	debug	translator	[ambient] processing workspace 0: xc-ws	ns=client-c0 id=f02862fa
2026-05-23T09:12:41.624311Z	debug	translator	[ambient] workspace xc-ws generated 0 regular east-west configs	ns=client-c0 id=f02862fa
2026-05-23T09:12:41.624315Z	debug	translator	[ambient] EnableAmbient=false, skipping ambient hybrid configs for workspace xc-ws	ns=client-c0 id=f02862fa
2026-05-23T09:12:41.624316Z	debug	translator	[ambient] doBuildEastWestGatewayConfigsforAllWorkspaces: total generated 0 configs	ns=client-c0 id=f02862fa
2026-05-23T09:12:41.624319Z	debug	translator	error while looking up istio internal group for namespace "client-c0": istio internal group not found for namespace client-c0 in workspace xc-ws	ns=client-c0 id=f02862fa
2026-05-23T09:12:41.624321Z	debug	translator	generated configurations: 2 traffic, 0 security, 0 gateway, 0 istio internal	ns=client-c0 id=f02862fa
2026-05-23T09:12:41.624325Z	debug	translator	ew-gen: generating east-west workload entry configs for local services that are exposed for east-west routing	ns=client-c0 id=f02862fa
2026-05-23T09:12:41.624330Z	debug	discovery-cache	GetAllServicesInfo: svcKey: backend-c1/backend.backend-c1.svc.cluster.local, gwKey: backend-c1/ew-gateway.backend-c1.svc.cluster.local, ambientGwKey: /, sidecarAmbientGwKey: /
2026-05-23T09:12:41.624338Z	debug	translator	ew-gen: processing east-west workload entries for service:"backend.backend-c1.svc.cluster.local"	ns=client-c0 id=f02862fa
2026-05-23T09:12:41.624340Z	debug	eastwest-configgen	getLocalServiceDetailsIfExist: service "backend.backend-c1.svc.cluster.local" in namespace "client-c0" does not exist in d.servicesByNamespace
2026-05-23T09:12:41.624342Z	debug	translator	ew-gen: service "backend.backend-c1.svc.cluster.local" not found in namespace "client-c0", skipping east-west workload entry generation	ns=client-c0 id=f02862fa
2026-05-23T09:12:41.624590Z	debug	configapply	Applying 2 istio objects in namespace client-c0
2026-05-23T09:12:41.624596Z	debug	configapply	   networking.istio.io/v1/Sidecar [client-c0/default]
2026-05-23T09:12:41.624597Z	debug	configapply	   networking.istio.io/v1alpha3/EnvoyFilter [client-c0/default-upstream-traffic-setting]
2026-05-23T09:12:41.624597Z	debug	resource-cache	[client-c0] ===BEGIN: Apply request for 2 objects
2026-05-23T09:12:41.624638Z	debug	resource-cache	[client-c0] objects previously in k8s api server cache: 2
2026-05-23T09:12:41.624671Z	debug	resource-cache	[client-c0] stale resources to be deleted []
2026-05-23T09:12:41.623968Z	debug	translator	error while looking up workspace for namespace "echo": the namespace "echo" is not mapped to any workspace	ns=echo id=26627e58
2026-05-23T09:12:41.624675Z	debug	translator	failed to lookup workspace for namespace "echo": the namespace "echo" is not mapped to any workspace	ns=echo id=26627e58
2026-05-23T09:12:41.624677Z	debug	translator	workspace for namespace "echo" not found	ns=echo id=26627e58
2026-05-23T09:12:41.624678Z	debug	translator	[ambient] buildEastWestGatewayConfigs: entry point called	ns=echo id=26627e58
2026-05-23T09:12:41.624679Z	debug	translator	[ambient] doBuildEastWestGatewayConfigsforAllWorkspaces: processing 1 workspaces	ns=echo id=26627e58
2026-05-23T09:12:41.624680Z	debug	translator	[ambient] processing workspace 0: xc-ws	ns=echo id=26627e58
2026-05-23T09:12:41.624682Z	debug	translator	[ambient] workspace xc-ws generated 0 regular east-west configs	ns=echo id=26627e58
2026-05-23T09:12:41.624683Z	debug	translator	[ambient] EnableAmbient=false, skipping ambient hybrid configs for workspace xc-ws	ns=echo id=26627e58
2026-05-23T09:12:41.624683Z	debug	translator	[ambient] doBuildEastWestGatewayConfigsforAllWorkspaces: total generated 0 configs	ns=echo id=26627e58
2026-05-23T09:12:41.624686Z	debug	translator	error while looking up workspace for namespace "echo": the namespace "echo" is not mapped to any workspace	ns=echo id=26627e58
2026-05-23T09:12:41.624687Z	debug	translator	error while looking up workspace for namespace "echo": the namespace "echo" is not mapped to any workspace	ns=echo id=26627e58
2026-05-23T09:12:41.624688Z	debug	translator	generated configurations: 0 traffic, 0 security, 0 gateway, 0 istio internal	ns=echo id=26627e58
2026-05-23T09:12:41.624689Z	debug	translator	ew-gen: generating east-west workload entry configs for local services that are exposed for east-west routing	ns=echo id=26627e58
2026-05-23T09:12:41.624692Z	debug	discovery-cache	GetAllServicesInfo: svcKey: backend-c1/backend.backend-c1.svc.cluster.local, gwKey: backend-c1/ew-gateway.backend-c1.svc.cluster.local, ambientGwKey: /, sidecarAmbientGwKey: /
2026-05-23T09:12:41.624702Z	debug	translator	ew-gen: processing east-west workload entries for service:"backend.backend-c1.svc.cluster.local"	ns=echo id=26627e58
2026-05-23T09:12:41.624703Z	debug	eastwest-configgen	getLocalServiceDetailsIfExist: service "backend.backend-c1.svc.cluster.local" in namespace "echo" does not exist in d.servicesByNamespace
2026-05-23T09:12:41.624704Z	debug	translator	ew-gen: service "backend.backend-c1.svc.cluster.local" not found in namespace "echo", skipping east-west workload entry generation	ns=echo id=26627e58
2026-05-23T09:12:41.624706Z	debug	resource-cache	Batch-based resource tracking disabled, falling back to namespace-based
2026-05-23T09:12:41.624708Z	debug	resource-cache	[echo] ===BEGIN: Apply request for 0 objects
2026-05-23T09:12:41.624709Z	debug	resource-cache	Delete all objects from the namespace echo
2026-05-23T09:12:41.624709Z	debug	resource-cache	[echo] objects previously in k8s api server cache: 0
2026-05-23T09:12:41.624715Z	debug	resource-cache	[echo] No previous objects at k8s apiserver cache for namespace
2026-05-23T09:12:41.624716Z	debug	resource-cache	[echo] ===END: Apply request for 0 objects in 0.000009 s
2026-05-23T09:12:41.624719Z	debug	resource-cache	[echo] ===BEGIN: Apply request for 0 objects
2026-05-23T09:12:41.624719Z	debug	resource-cache	Delete all objects from the namespace echo
2026-05-23T09:12:41.624721Z	debug	resource-cache	[echo] objects previously in k8s api server cache: 0
2026-05-23T09:12:41.624722Z	debug	resource-cache	[echo] No previous objects at k8s apiserver cache for namespace
2026-05-23T09:12:41.624723Z	debug	resource-cache	[echo] ===END: Apply request for 0 objects in 0.000004 s
2026-05-23T09:12:41.624704Z	debug	resource-cache	[client-c0] Create for {"type":{"group":"networking.istio.io","version":"v1alpha3","kind":"EnvoyFilter"},"name":"default-upstream-traffic-setting","namespace":"client-c0","labels":{"istio.io/rev":"global"},"annotations":{"kubectl.kubernetes.io/last-applied-configuration":"{\"apiVersion\":\"xcp.tetrate.io/v2\",\"kind\":\"Workspace\",\"metadata\":{\"annotations\":{},\"name\":\"xc-ws\",\"namespace\":\"xcp-system\"},\"spec\":{\"namespaceSelector\":{\"names\":[\"cluster-0/client-c0\",\"cluster-1/backend-c1\"]}}}\n","xcp.tetrate.io/contentHash":"32b68c018c13a57f045d6319290a4b2b"},"creationTimestamp":"0001-01-01T00:00:00Z","Spec":{"configPatches":[{"applyTo":"CLUSTER","match":{"context":"SIDECAR_OUTBOUND","proxy":{"proxyVersion":"^1\\.(22|24|28)(\\.\\d+)?(-.*)?$"}},"patch":{"operation":"MERGE","value":{"@type":"type.googleapis.com/envoy.config.cluster.v3.Cluster","common_lb_config":{"healthy_panic_threshold":{}},"outlier_detection":{"consecutive_gateway_failure":10,"enforcing_consecutive_5xx":0,"enforcing_consecutive_gateway_failure":100,"max_ejection_percent":100}}}},{"applyTo":"HTTP_ROUTE","match":{"context":"SIDECAR_OUTBOUND","proxy":{"proxyVersion":"^1\\.(22|24|28)(\\.\\d+)?(-.*)?$"},"routeConfiguration":{"vhost":{"route":{"action":"ROUTE"}}}},"patch":{"operation":"MERGE","value":{"@type":"type.googleapis.com/envoy.config.route.v3.Route","route":{"retry_policy":{"host_selection_retry_max_attempts":"5","num_retries":2,"retriable_status_codes":[503],"retry_host_predicate":[{"name":"envoy.retry_host_predicates.previous_hosts","typed_config":{"@type":"type.googleapis.com/envoy.extensions.retry.host.previous_hosts.v3.PreviousHostsPredicate"}}],"retry_on":"reset,connect-failure,refused-stream,unavailable,cancelled,retriable-status-codes"}}}}}],"priority":100},"Status":null,"Extra":null}
2026-05-23T09:12:41.624734Z	debug	resource-cache	[client-c0] Create for {"type":{"group":"networking.istio.io","version":"v1","kind":"Sidecar"},"name":"default","namespace":"client-c0","labels":{"istio.io/rev":"global"},"annotations":{"kubectl.kubernetes.io/last-applied-configuration":"{\"apiVersion\":\"xcp.tetrate.io/v2\",\"kind\":\"Workspace\",\"metadata\":{\"annotations\":{},\"name\":\"xc-ws\",\"namespace\":\"xcp-system\"},\"spec\":{\"namespaceSelector\":{\"names\":[\"cluster-0/client-c0\",\"cluster-1/backend-c1\"]}}}\n","xcp.tetrate.io/contentHash":"32b68c018c13a57f045d6319290a4b2b"},"creationTimestamp":"0001-01-01T00:00:00Z","Spec":{"egress":[{"hosts":["*/*"]}]},"Status":null,"Extra":null}
2026-05-23T09:12:41.624747Z	debug	configapply	computed hash for Sidecar:client-c0/default - 70cf1206d3284c26c17024a87c57be8e
2026-05-23T09:12:41.624759Z	debug	discovery-server	same hash so neither creating nor updating
2026-05-23T09:12:41.624800Z	debug	configapply	computed hash for EnvoyFilter:client-c0/default-upstream-traffic-setting - 14645e3efdd68386f959e9db371e7301
2026-05-23T09:12:41.624807Z	debug	discovery-server	same hash so neither creating nor updating
2026-05-23T09:12:41.624815Z	debug	resource-cache	[client-c0] ResourceCache length 12
2026-05-23T09:12:41.624816Z	debug	resource-cache	[client-c0] ===END: Apply request for 2 objects in 0.000219 s
2026-05-23T09:12:41.624822Z	debug	cluster-state	Triggering cluster state change event due to config, at 2026-05-23 09:12:40.621331131 +0000 UTC m=+97957.424169560 (force regenerate config = map[]). Resources: []
2026-05-23T09:12:42.624945Z	debug	debounce	notify cbk invoked	id=a09a36e7
2026-05-23T09:12:42.625009Z	debug	config-status	Explanation of the decision flow for the Config Status of "networking.istio.io/EnvoyFilter" "global-forward-xfcc-15443" version ""
Q: Is the config type "networking.istio.io/v1alpha3/EnvoyFilter" supported by XCP?
A: Yes
Q: Is it an internal config of XCP?
A: Yes
Verdict: Config Status is NOT reported since it's an internal config of XCP
Config Status:
```yaml
---
null
```

2026-05-23T09:12:42.625017Z	debug	config-status	Explanation of the decision flow for the Config Status of "networking.istio.io/EnvoyFilter" "global-gw-best-practice" version ""
Q: Is the config type "networking.istio.io/v1alpha3/EnvoyFilter" supported by XCP?
A: Yes
Q: Is it an internal config of XCP?
A: Yes
Verdict: Config Status is NOT reported since it's an internal config of XCP
Config Status:
```yaml
---
null
```

2026-05-23T09:12:42.625022Z	debug	config-status	Explanation of the decision flow for the Config Status of "networking.istio.io/EnvoyFilter" "global-mx-downstream-egress-gateway-filter" version ""
Q: Is the config type "networking.istio.io/v1alpha3/EnvoyFilter" supported by XCP?
A: Yes
Q: Is it an internal config of XCP?
A: Yes
Verdict: Config Status is NOT reported since it's an internal config of XCP
Config Status:
```yaml
---
null
```

2026-05-23T09:12:42.625026Z	debug	config-status	Explanation of the decision flow for the Config Status of "networking.istio.io/EnvoyFilter" "global-mx-downstream-gateway-filter" version ""
Q: Is the config type "networking.istio.io/v1alpha3/EnvoyFilter" supported by XCP?
A: Yes
Q: Is it an internal config of XCP?
A: Yes
Verdict: Config Status is NOT reported since it's an internal config of XCP
Config Status:
```yaml
---
null
```

2026-05-23T09:12:42.625030Z	debug	config-status	Explanation of the decision flow for the Config Status of "networking.istio.io/EnvoyFilter" "global-periodical-access-log" version ""
Q: Is the config type "networking.istio.io/v1alpha3/EnvoyFilter" supported by XCP?
A: Yes
Q: Is it an internal config of XCP?
A: Yes
Verdict: Config Status is NOT reported since it's an internal config of XCP
Config Status:
```yaml
---
null
```

2026-05-23T09:12:42.625033Z	debug	config-status	Explanation of the decision flow for the Config Status of "networking.istio.io/EnvoyFilter" "global-request-id-propagation" version ""
Q: Is the config type "networking.istio.io/v1alpha3/EnvoyFilter" supported by XCP?
A: Yes
Q: Is it an internal config of XCP?
A: Yes
Verdict: Config Status is NOT reported since it's an internal config of XCP
Config Status:
```yaml
---
null
```

2026-05-23T09:12:42.625035Z	debug	config-status	Explanation of the decision flow for the Config Status of "networking.istio.io/EnvoyFilter" "global-tcp-keepalive-envoy-filter" version ""
Q: Is the config type "networking.istio.io/v1alpha3/EnvoyFilter" supported by XCP?
A: Yes
Q: Is it an internal config of XCP?
A: Yes
Verdict: Config Status is NOT reported since it's an internal config of XCP
Config Status:
```yaml
---
null
```

2026-05-23T09:12:42.625039Z	debug	config-status	Explanation of the decision flow for the Config Status of "networking.istio.io/EnvoyFilter" "global-xfcc-extractor-sidecar" version ""
Q: Is the config type "networking.istio.io/v1alpha3/EnvoyFilter" supported by XCP?
A: Yes
Q: Is it an internal config of XCP?
A: Yes
Verdict: Config Status is NOT reported since it's an internal config of XCP
Config Status:
```yaml
---
null
```

2026-05-23T09:12:42.625043Z	debug	config-status	Explanation of the decision flow for the Config Status of "networking.istio.io/EnvoyFilter" "global-xfcc-guard-15443" version ""
Q: Is the config type "networking.istio.io/v1alpha3/EnvoyFilter" supported by XCP?
A: Yes
Q: Is it an internal config of XCP?
A: Yes
Verdict: Config Status is NOT reported since it's an internal config of XCP
Config Status:
```yaml
---
null
```

2026-05-23T09:12:42.625173Z	debug	config-status	Explanation of the decision flow for the Config Status of "xcp.tetrate.io/Cluster" "cluster-0" version ""
Q: Is the config type "xcp.tetrate.io/v2/Cluster" supported by XCP?
A: Yes
Q: Is it an internal config of XCP?
A: No
Q: Is this config object managed by XCP?
A: Yes
Q: Did the Push Context report an ERROR for this config?
A: No
Q: Did the Push Context IGNORE this config?
A: No
Verdict: Config Status is UNKNOWN since status for that config type has NOT been implemented yet
Config Status:
```yaml
---
configId:
  group: xcp.tetrate.io
  kind: Cluster
  name: cluster-0
  namespace: istio-system
  version: v2
details: Config Status for that config type has NOT been implemented yet
metadata:
  annotations:
    kubectl.kubernetes.io/last-applied-configuration: |
      {"apiVersion":"xcp.tetrate.io/v2","kind":"Cluster","metadata":{"annotations":{},"name":"cluster-0","namespace":"xcp-system"},"spec":{"istioTrustDomain":"cluster.local"}}
```

2026-05-23T09:12:42.625209Z	debug	config-status	Explanation of the decision flow for the Config Status of "xcp.tetrate.io/Cluster" "cluster-1" version ""
Q: Is the config type "xcp.tetrate.io/v2/Cluster" supported by XCP?
A: Yes
Q: Is it an internal config of XCP?
A: No
Q: Is this config object managed by XCP?
A: Yes
Q: Did the Push Context report an ERROR for this config?
A: No
Q: Did the Push Context IGNORE this config?
A: No
Verdict: Config Status is UNKNOWN since status for that config type has NOT been implemented yet
Config Status:
```yaml
---
configId:
  group: xcp.tetrate.io
  kind: Cluster
  name: cluster-1
  namespace: istio-system
  version: v2
details: Config Status for that config type has NOT been implemented yet
metadata: {}
```

2026-05-23T09:12:42.625242Z	debug	config-status	Explanation of the decision flow for the Config Status of "xcp.tetrate.io/GlobalSetting" "global" version ""
Q: Is the config type "xcp.tetrate.io/v2/GlobalSetting" supported by XCP?
A: Yes
Q: Is it an internal config of XCP?
A: No
Q: Is this config object managed by XCP?
A: Yes
Q: Did the Push Context report an ERROR for this config?
A: No
Q: Did the Push Context IGNORE this config?
A: No
Q: Does the namespace selector resolve into at least ONE namespace in this cluster?
A: Yes
I: Checking the config status in each of the 9 target namespace(s): [cert-manager client-c0 default echo kube-node-lease kube-public local-path-storage metallb-system xcp-system]
I: [1/9] verdict in "cert-manager" namespace: Config Status is UNKNOWN since translation is SKIPPED on that namespace
I: [2/9] verdict in "client-c0" namespace: Config Status is UNKNOWN since there were NO translation errors but the config was NOT mapped onto any output config(s)
I: [3/9] verdict in "default" namespace: Config Status is UNKNOWN since translation is SKIPPED on that namespace
I: [4/9] verdict in "echo" namespace: Config Status is UNKNOWN since there were NO translation errors but the config was NOT mapped onto any output config(s)
I: [5/9] verdict in "kube-node-lease" namespace: Config Status is UNKNOWN since translation is SKIPPED on that namespace
I: [6/9] verdict in "kube-public" namespace: Config Status is UNKNOWN since translation is SKIPPED on that namespace
I: [7/9] verdict in "local-path-storage" namespace: Config Status is UNKNOWN since translation is SKIPPED on that namespace
I: [8/9] verdict in "metallb-system" namespace: Config Status is UNKNOWN since translation is SKIPPED on that namespace
I: [9/9] verdict in "xcp-system" namespace: Config Status is UNKNOWN since translation is SKIPPED on that namespace
I: Status summary across 9 target namespace(s): TRANSLATION SKIPPED in 7 namespace(s), TRANSLATED BUT NOT MAPPED in 2 namespace(s)
I: Using "lenient" strategy to decide on the aggregated status across 9 target namespace(s)
Q: Have there been any errors while translating this config in ANY of the 9 target namespaces?
A: No
Q: Has the config been APPLIED in at least ONE of the target namespaces?
A: No
Verdict: Config Status is NOT reported since the config has NOT yet been APPLIED in ANY of 9 target namespace(s)
Config Status:
```yaml
---
null
```

2026-05-23T09:12:42.625289Z	debug	config-status	Explanation of the decision flow for the Config Status of "xcp.tetrate.io/Workspace" "xc-ws" version ""
Q: Is the config type "xcp.tetrate.io/v2/Workspace" supported by XCP?
A: Yes
Q: Is it an internal config of XCP?
A: No
Q: Is this config object managed by XCP?
A: Yes
Q: Did the Push Context report an ERROR for this config?
A: No
Q: Did the Push Context IGNORE this config?
A: No
Q: Does the namespace selector resolve into at least ONE namespace in this cluster?
A: Yes
I: Checking the config status in each of the 1 target namespace(s): [client-c0]
I: [1/1] verdict in "client-c0" namespace: Config Status is APPLIED since there were NO translation errors and the config IS mapped onto output config(s)
I: Status summary across 1 target namespace(s): APPLIED in 1 namespace(s)
I: Using "lenient" strategy to decide on the aggregated status across 1 target namespace(s)
Q: Have there been any errors while translating this config in ANY of the 1 target namespaces?
A: No
Q: Has the config been APPLIED in at least ONE of the target namespaces?
A: Yes
Verdict: Config Status is "lenient" APPLIED since the config has been APPLIED in at least ONE of the target namespaces
Config Status:
```yaml
---
configId:
  group: xcp.tetrate.io
  kind: Workspace
  name: xc-ws
  namespace: istio-system
  version: v2
details: 'Status summary across 1 target namespace(s): APPLIED in 1 namespace(s)'
metadata:
  annotations:
    kubectl.kubernetes.io/last-applied-configuration: |
      {"apiVersion":"xcp.tetrate.io/v2","kind":"Workspace","metadata":{"annotations":{},"name":"xc-ws","namespace":"xcp-system"},"spec":{"namespaceSelector":{"names":["cluster-0/client-c0","cluster-1/backend-c1"]}}}
result: APPLIED
```

2026-05-23T09:12:42.625340Z	debug	config-status	Explanation of the decision flow for the Config Status of "xcp.tetrate.io/WorkspaceSetting" "xc-ws-settings" version ""
Q: Is the config type "xcp.tetrate.io/v2/WorkspaceSetting" supported by XCP?
A: Yes
Q: Is it an internal config of XCP?
A: No
Q: Is this config object managed by XCP?
A: Yes
Q: Did the Push Context report an ERROR for this config?
A: No
Q: Did the Push Context IGNORE this config?
A: No
Q: Does the namespace selector resolve into at least ONE namespace in this cluster?
A: Yes
I: Checking the config status in each of the 1 target namespace(s): [client-c0]
I: [1/1] verdict in "client-c0" namespace: Config Status is APPLIED since there were NO translation errors and the config IS mapped onto output config(s)
I: Status summary across 1 target namespace(s): APPLIED in 1 namespace(s)
I: Using "lenient" strategy to decide on the aggregated status across 1 target namespace(s)
Q: Have there been any errors while translating this config in ANY of the 1 target namespaces?
A: No
Q: Has the config been APPLIED in at least ONE of the target namespaces?
A: Yes
Verdict: Config Status is "lenient" APPLIED since the config has been APPLIED in at least ONE of the target namespaces
Config Status:
```yaml
---
configId:
  group: xcp.tetrate.io
  kind: WorkspaceSetting
  name: xc-ws-settings
  namespace: istio-system
  version: v2
details: 'Status summary across 1 target namespace(s): APPLIED in 1 namespace(s)'
metadata:
  annotations:
    kubectl.kubernetes.io/last-applied-configuration: |
      {"apiVersion":"xcp.tetrate.io/v2","kind":"WorkspaceSetting","metadata":{"annotations":{},"labels":{"xcp.tetrate.io/workspace":"xc-ws"},"name":"xc-ws-settings","namespace":"xcp-system"},"spec":{"defaultEastWestGatewaySettings":[{"exposedServices":[{"serviceLabels":{"app":"backend"}}],"workloadSelector":{"labels":{"app":"ew-gateway"},"namespace":"backend-c1"}}]}}
  labels:
    xcp.tetrate.io/workspace: xc-ws
result: APPLIED
```

2026-05-23T09:12:42.625463Z	debug	status	generated status report in 496.875µs
2026-05-23T09:12:42.625468Z	debug	debounce	notify cbk returned	id=a09a36e7
2026-05-23T09:12:42.625470Z	debug	debounce	Applying exponential step-up. maxSilentCurrent updated to: 2s	id=a09a36e7
2026-05-23T09:12:42.625474Z	debug	status	triggering status report sender with 4 messages
2026-05-23T09:12:42.625537Z	debug	status	successfully sent config-status report(epoch:57, messages:4) in 57.25µs
2026-05-23T09:12:42.624942Z	debug	debounce	notify cbk invoked	id=919326fd
2026-05-23T09:12:42.625598Z	debug	debounce	notify cbk returned	id=919326fd
2026-05-23T09:12:42.625600Z	debug	debounce	Applying exponential step-up. maxSilentCurrent updated to: 2s	id=919326fd
2026-05-23T09:12:42.625638Z	info	cluster-state	processClusterStateChangeEvents: cluster-eventid: 2026-05-23 09:12:40.621331131 +0000 UTC m=+97957.424169560 and 0 more, queue length: 0, reasons: config,, forceConfigRegenReasons: map[], resources: []
2026-05-23T09:12:42.625640Z	debug	cluster-state	handleClusterStateChangedEvent: Trigger reasons: config,, Forced translation: map[], Resources: []
2026-05-23T09:12:42.625676Z	debug	cluster-gen	istioServices: 14
2026-05-23T09:12:42.625791Z	debug	cluster-gen	Ignoring service kube-system/metrics-server
2026-05-23T09:12:42.625811Z	debug	cluster-gen	Ignoring service kube-system/kube-dns
2026-05-23T09:12:42.625834Z	info	no portname specified for service metallb-webhook-service.metallb-system.svc.cluster.local port 443. no endpoints will be detected
2026-05-23T09:12:42.625842Z	info	no portname specified for service metallb-webhook-service.metallb-system.svc.cluster.local port 443. no endpoints will be detected
2026-05-23T09:12:42.625876Z	debug	discovery-cache	added istio service instances in namespace: istio-system objects 0, changed false
2026-05-23T09:12:42.625889Z	debug	discovery-cache	added istio service instances in namespace: metallb-system objects 0, changed false
2026-05-23T09:12:42.625890Z	debug	discovery-cache	added istio service instances in namespace: default objects 0, changed false
2026-05-23T09:12:42.625891Z	debug	discovery-cache	added istio service instances in namespace: cert-manager objects 0, changed false
2026-05-23T09:12:42.625892Z	debug	discovery-cache	added istio service instances in namespace: xcp-system objects 0, changed false
2026-05-23T09:12:42.625899Z	debug	cluster-state	triggerConfigTranslation false ,triggerConfigTranslationReason false 
2026-05-23T09:12:42.625901Z	debug	cluster-state	All gateway hostname mappings are same.
2026-05-23T09:12:42.625902Z	debug	cluster-state	All gatewayHost bounded k8s svcs have same addresses.
2026-05-23T09:12:42.625902Z	debug	cluster-state	No significant changes detected; skipping report to other clusters.
2026-05-23T09:12:42.625903Z	debug	cluster-state	No significant changes detected for east-west services; skipping report to other clusters.
2026-05-23T09:12:42.625905Z	debug	cluster-state	All gateway hostname mappings are same.
2026-05-23T09:12:42.625914Z	debug	cluster-state	handleClusterStateChangedEvent, actions: map[sendHeaderToCentral:{}]
2026-05-23T09:12:42.625948Z	debug	discovery-server	wrote channel for sending header only
2026-05-23T09:12:42.625955Z	debug	cluster-state	Sent header to central
2026-05-23T09:12:42.625958Z	debug	discovery-server	Sending cluster-state update to central xcp
2026-05-23T09:12:42.625966Z	debug	discovery-server	Done sending cluster-state to central xcp
2026-05-23T09:12:43.622876Z	debug	debounce	resetting maxSilentCurrent. updated: 1s	id=fcd9f881
2026-05-23T09:12:44.625867Z	debug	debounce	resetting maxSilentCurrent. updated: 1s	id=919326fd
2026-05-23T09:12:44.625912Z	debug	debounce	resetting maxSilentCurrent. updated: 1s	id=a09a36e7
2026-05-23T09:13:31.739128Z	debug	discovery-server	Sending config resync request update to central xcp
2026-05-23T09:13:31.739208Z	debug	discovery-server	Done sending config resync request to central xcp
2026-05-23T09:13:31.739449Z	debug	discovery-server	Received resync keepalive response from central xcp.
2026-05-23T09:13:31.739466Z	debug	discovery-server	Waiting on recv for crds
2026-05-23T09:13:42.628019Z	debug	security	Read provided XCP Central certificate chain:
-----BEGIN CERTIFICATE-----
MIIFbTCCA1WgAwIBAgIUBD0/+0EfuEYZvVjrKE5cvNEja8swDQYJKoZIhvcNAQEL
BQAwRjELMAkGA1UEBhMCVVMxCzAJBgNVBAgMAkNBMRAwDgYDVQQKDAdUZXRyYXRl
MRgwFgYDVQQDDA9YQ1AtZTJlLXRlc3QtY2EwHhcNMjQwNjE3MTMxMjAzWhcNMzQw
NjE1MTMxMjAzWjBGMQswCQYDVQQGEwJVUzELMAkGA1UECAwCQ0ExEDAOBgNVBAoM
B1RldHJhdGUxGDAWBgNVBAMMD1hDUC1lMmUtdGVzdC1jYTCCAiIwDQYJKoZIhvcN
AQEBBQADggIPADCCAgoCggIBAIkO9mBBITqNjJed3zjKhu15p4EkX7qkDaKQjQdu
9zEvocDbtZU81ibmjuQFlL0vAiqHfKA8nUXKdidI9xHNdS7xUp3IlZoEFWX1jBUD
SLgQooe8BIIcEXfkVO019jLfMbDB5tQ6jzsjZ4F3ER5wh5rkLhEfbvq4ZiF3zQD/
82LDU5vwJ91qDWCHl8og9rla5MaAX2fTZhkQUQJiDip9uZ0Ft5lai1fKq8gICrod
4iPfiZH6sJB5cTC/aHd8CHY3FrJp8ZuGhZQzaV6PvfdFsCr+EISDlCkNdlNov7hA
Z8F8bRGrEqPAcYsS/Kk94oLAQBW7YvTPBrFnDWmyMnaKjCLGqTHmAY3tTrSI31lb
rnNakF2EGziOwNjxsI84d61U6KFtXMtsgKCNJr/MORVS/0f9yA7Q0WE5bEdx24m9
+qaWnMd5FtjC38GEALfSmo9YN3+Q+M+hdfipPKpv0khjHX7yPTrFvAOHi1wsy3Hj
1OdDFr/H9pG12DnlToVruVDfr5xypoWNK8pf2utZcMOcBzdfMNAVCqeE84BrPu2c
8mHinMfWX10X14nd2gdMUYyBgGqJGqiLuFMdthyCWpmg9BbYK013Esn36v8ap7gE
/VIiY/YTYNtmKE12IhBDa+y6izBXo69OAMB7iZHPDW5lnAXKfpGtaZO+9pqrTCI0
vdNTAgMBAAGjUzBRMB0GA1UdDgQWBBSlvheSoWwG4xtqKfuEWkYlmN0YbTAfBgNV
HSMEGDAWgBSlvheSoWwG4xtqKfuEWkYlmN0YbTAPBgNVHRMBAf8EBTADAQH/MA0G
CSqGSIb3DQEBCwUAA4ICAQACp7Yw/dQGSinvV0Z5kYjugapyBE7iIpyqRh2UgYzz
HT3bcXfSz95YO/TB+utF1C8g4yqxW8b5G0EIRgg9uqtxvrGmK18o6x2N1GEeCcfU
ke2xqrOP7dpWk3uwT2aeJN/LjfqR2KADscKtD7V5EN8v3JgH3Ul0M5g9RalaEppv
yQr0H9B8sdxRawIxD+HO1S/lsQhlGGCmgTQQF23gRmL1oxwR3Mujx9Se2NHZi0ha
fcyll1OLtUxsD6cNjwiqoiv5J1TV9Ukux2tyO/gQmdheuyZoKt6+lObL8DIStQuK
IGcaX7mMKGMD7URAR4crUSP6AFHZ4tRJ7Ryu0vv2+JBjH24LVM8PIHQYqgnAohar
7n/laa7bXlKueuTo7EAVGTYPnV/CGYm/MKJ1cYll/aRBFYcU4m+fOF4AAOo/8umu
kFFHbv+Abnei/pEYb77vsBaHE68gT5YLM/pY/6XXa2+UVROCBQXbLps/0GZk2FTS
tHKBteLYBVia9F7HSAP1wAl4qt+r7D7wm9gtchwp2vqNI6vMJYHSDbjk9q255DVs
Tew5/zH2PlvDaNMyLCnueC9VzFqBou/ZDmqUyOAlxDr4VC5NwnbgT8eyqcwlip3Y
9IWjGcTB5TSlndw5NVe48g1UTtR5Ji7mRyZxtLjLu0JPby9UJeM7ouJ+/y6ybh3U
oQ==
-----END CERTIFICATE-----

2026-05-23T09:13:42.628111Z	info	grpc-client	Fetched CA certificates required to verify connection to central
2026-05-23T09:13:43.628275Z	error	stream	[config-status] Error receiving on stream: gRPC status code Unavailable: closing transport due to: connection error: desc = "error reading from server: EOF", received prior goaway: code: ENHANCE_YOUR_CALM, debug data: "too_many_pings"	name=config-status-771be08d
2026-05-23T09:13:43.628296Z	debug	stream	[config-status] canceling context	name=config-status-771be08d
2026-05-23T09:13:43.628299Z	debug	stream	[config-status] wg wait	name=config-status-771be08d
2026-05-23T09:13:43.628307Z	error	stream	[config-status] Error sending on stream: sendFunc returning on exit	name=config-status-771be08d
2026-05-23T09:13:43.628309Z	warn	stream	[config-status] Error sending on stream: sendFunc returning on exit	name=config-status-771be08d
2026-05-23T09:13:43.628311Z	debug	stream	[config-status] closing stream	name=config-status-771be08d
2026-05-23T09:13:43.628312Z	debug	stream	[config-status] sending CloseSend	name=config-status-771be08d
2026-05-23T09:13:43.628316Z	info	stream	[config-status] closed stream, err=<nil>	name=config-status-771be08d
2026-05-23T09:13:43.628318Z	info	stream	[config-status] establishing new stream	name=config-status-771be08d
2026-05-23T09:13:43.628322Z	info	stream	[config-status] connecting new permanent stream with max age 8760h0m0s	name=config-status-771be08d
2026-05-23T09:13:43.628414Z	info	discovery-server	Connecting to XCP central using JWT auth
2026-05-23T09:13:43.628457Z	debug	security	Read provided XCP Central certificate chain:
-----BEGIN CERTIFICATE-----
MIIFbTCCA1WgAwIBAgIUBD0/+0EfuEYZvVjrKE5cvNEja8swDQYJKoZIhvcNAQEL
BQAwRjELMAkGA1UEBhMCVVMxCzAJBgNVBAgMAkNBMRAwDgYDVQQKDAdUZXRyYXRl
MRgwFgYDVQQDDA9YQ1AtZTJlLXRlc3QtY2EwHhcNMjQwNjE3MTMxMjAzWhcNMzQw
NjE1MTMxMjAzWjBGMQswCQYDVQQGEwJVUzELMAkGA1UECAwCQ0ExEDAOBgNVBAoM
B1RldHJhdGUxGDAWBgNVBAMMD1hDUC1lMmUtdGVzdC1jYTCCAiIwDQYJKoZIhvcN
AQEBBQADggIPADCCAgoCggIBAIkO9mBBITqNjJed3zjKhu15p4EkX7qkDaKQjQdu
9zEvocDbtZU81ibmjuQFlL0vAiqHfKA8nUXKdidI9xHNdS7xUp3IlZoEFWX1jBUD
SLgQooe8BIIcEXfkVO019jLfMbDB5tQ6jzsjZ4F3ER5wh5rkLhEfbvq4ZiF3zQD/
82LDU5vwJ91qDWCHl8og9rla5MaAX2fTZhkQUQJiDip9uZ0Ft5lai1fKq8gICrod
4iPfiZH6sJB5cTC/aHd8CHY3FrJp8ZuGhZQzaV6PvfdFsCr+EISDlCkNdlNov7hA
Z8F8bRGrEqPAcYsS/Kk94oLAQBW7YvTPBrFnDWmyMnaKjCLGqTHmAY3tTrSI31lb
rnNakF2EGziOwNjxsI84d61U6KFtXMtsgKCNJr/MORVS/0f9yA7Q0WE5bEdx24m9
+qaWnMd5FtjC38GEALfSmo9YN3+Q+M+hdfipPKpv0khjHX7yPTrFvAOHi1wsy3Hj
1OdDFr/H9pG12DnlToVruVDfr5xypoWNK8pf2utZcMOcBzdfMNAVCqeE84BrPu2c
8mHinMfWX10X14nd2gdMUYyBgGqJGqiLuFMdthyCWpmg9BbYK013Esn36v8ap7gE
/VIiY/YTYNtmKE12IhBDa+y6izBXo69OAMB7iZHPDW5lnAXKfpGtaZO+9pqrTCI0
vdNTAgMBAAGjUzBRMB0GA1UdDgQWBBSlvheSoWwG4xtqKfuEWkYlmN0YbTAfBgNV
HSMEGDAWgBSlvheSoWwG4xtqKfuEWkYlmN0YbTAPBgNVHRMBAf8EBTADAQH/MA0G
CSqGSIb3DQEBCwUAA4ICAQACp7Yw/dQGSinvV0Z5kYjugapyBE7iIpyqRh2UgYzz
HT3bcXfSz95YO/TB+utF1C8g4yqxW8b5G0EIRgg9uqtxvrGmK18o6x2N1GEeCcfU
ke2xqrOP7dpWk3uwT2aeJN/LjfqR2KADscKtD7V5EN8v3JgH3Ul0M5g9RalaEppv
yQr0H9B8sdxRawIxD+HO1S/lsQhlGGCmgTQQF23gRmL1oxwR3Mujx9Se2NHZi0ha
fcyll1OLtUxsD6cNjwiqoiv5J1TV9Ukux2tyO/gQmdheuyZoKt6+lObL8DIStQuK
IGcaX7mMKGMD7URAR4crUSP6AFHZ4tRJ7Ryu0vv2+JBjH24LVM8PIHQYqgnAohar
7n/laa7bXlKueuTo7EAVGTYPnV/CGYm/MKJ1cYll/aRBFYcU4m+fOF4AAOo/8umu
kFFHbv+Abnei/pEYb77vsBaHE68gT5YLM/pY/6XXa2+UVROCBQXbLps/0GZk2FTS
tHKBteLYBVia9F7HSAP1wAl4qt+r7D7wm9gtchwp2vqNI6vMJYHSDbjk9q255DVs
Tew5/zH2PlvDaNMyLCnueC9VzFqBou/ZDmqUyOAlxDr4VC5NwnbgT8eyqcwlip3Y
9IWjGcTB5TSlndw5NVe48g1UTtR5Ji7mRyZxtLjLu0JPby9UJeM7ouJ+/y6ybh3U
oQ==
-----END CERTIFICATE-----

2026-05-23T09:13:43.628488Z	info	grpc-client	Fetched CA certificates required to verify connection to central
2026-05-23T09:13:43.628501Z	debug	security	Read provided XCP Central certificate chain:
-----BEGIN CERTIFICATE-----
MIIFbTCCA1WgAwIBAgIUBD0/+0EfuEYZvVjrKE5cvNEja8swDQYJKoZIhvcNAQEL
BQAwRjELMAkGA1UEBhMCVVMxCzAJBgNVBAgMAkNBMRAwDgYDVQQKDAdUZXRyYXRl
MRgwFgYDVQQDDA9YQ1AtZTJlLXRlc3QtY2EwHhcNMjQwNjE3MTMxMjAzWhcNMzQw
NjE1MTMxMjAzWjBGMQswCQYDVQQGEwJVUzELMAkGA1UECAwCQ0ExEDAOBgNVBAoM
B1RldHJhdGUxGDAWBgNVBAMMD1hDUC1lMmUtdGVzdC1jYTCCAiIwDQYJKoZIhvcN
AQEBBQADggIPADCCAgoCggIBAIkO9mBBITqNjJed3zjKhu15p4EkX7qkDaKQjQdu
9zEvocDbtZU81ibmjuQFlL0vAiqHfKA8nUXKdidI9xHNdS7xUp3IlZoEFWX1jBUD
SLgQooe8BIIcEXfkVO019jLfMbDB5tQ6jzsjZ4F3ER5wh5rkLhEfbvq4ZiF3zQD/
82LDU5vwJ91qDWCHl8og9rla5MaAX2fTZhkQUQJiDip9uZ0Ft5lai1fKq8gICrod
4iPfiZH6sJB5cTC/aHd8CHY3FrJp8ZuGhZQzaV6PvfdFsCr+EISDlCkNdlNov7hA
Z8F8bRGrEqPAcYsS/Kk94oLAQBW7YvTPBrFnDWmyMnaKjCLGqTHmAY3tTrSI31lb
rnNakF2EGziOwNjxsI84d61U6KFtXMtsgKCNJr/MORVS/0f9yA7Q0WE5bEdx24m9
+qaWnMd5FtjC38GEALfSmo9YN3+Q+M+hdfipPKpv0khjHX7yPTrFvAOHi1wsy3Hj
1OdDFr/H9pG12DnlToVruVDfr5xypoWNK8pf2utZcMOcBzdfMNAVCqeE84BrPu2c
8mHinMfWX10X14nd2gdMUYyBgGqJGqiLuFMdthyCWpmg9BbYK013Esn36v8ap7gE
/VIiY/YTYNtmKE12IhBDa+y6izBXo69OAMB7iZHPDW5lnAXKfpGtaZO+9pqrTCI0
vdNTAgMBAAGjUzBRMB0GA1UdDgQWBBSlvheSoWwG4xtqKfuEWkYlmN0YbTAfBgNV
HSMEGDAWgBSlvheSoWwG4xtqKfuEWkYlmN0YbTAPBgNVHRMBAf8EBTADAQH/MA0G
CSqGSIb3DQEBCwUAA4ICAQACp7Yw/dQGSinvV0Z5kYjugapyBE7iIpyqRh2UgYzz
HT3bcXfSz95YO/TB+utF1C8g4yqxW8b5G0EIRgg9uqtxvrGmK18o6x2N1GEeCcfU
ke2xqrOP7dpWk3uwT2aeJN/LjfqR2KADscKtD7V5EN8v3JgH3Ul0M5g9RalaEppv
yQr0H9B8sdxRawIxD+HO1S/lsQhlGGCmgTQQF23gRmL1oxwR3Mujx9Se2NHZi0ha
fcyll1OLtUxsD6cNjwiqoiv5J1TV9Ukux2tyO/gQmdheuyZoKt6+lObL8DIStQuK
IGcaX7mMKGMD7URAR4crUSP6AFHZ4tRJ7Ryu0vv2+JBjH24LVM8PIHQYqgnAohar
7n/laa7bXlKueuTo7EAVGTYPnV/CGYm/MKJ1cYll/aRBFYcU4m+fOF4AAOo/8umu
kFFHbv+Abnei/pEYb77vsBaHE68gT5YLM/pY/6XXa2+UVROCBQXbLps/0GZk2FTS
tHKBteLYBVia9F7HSAP1wAl4qt+r7D7wm9gtchwp2vqNI6vMJYHSDbjk9q255DVs
Tew5/zH2PlvDaNMyLCnueC9VzFqBou/ZDmqUyOAlxDr4VC5NwnbgT8eyqcwlip3Y
9IWjGcTB5TSlndw5NVe48g1UTtR5Ji7mRyZxtLjLu0JPby9UJeM7ouJ+/y6ybh3U
oQ==
-----END CERTIFICATE-----

2026-05-23T09:13:43.628513Z	info	grpc-client	Fetched CA certificates required to verify connection to central
2026-05-23T09:13:43.630610Z	debug	security	Read provided XCP Central certificate chain:
-----BEGIN CERTIFICATE-----
MIIFbTCCA1WgAwIBAgIUBD0/+0EfuEYZvVjrKE5cvNEja8swDQYJKoZIhvcNAQEL
BQAwRjELMAkGA1UEBhMCVVMxCzAJBgNVBAgMAkNBMRAwDgYDVQQKDAdUZXRyYXRl
MRgwFgYDVQQDDA9YQ1AtZTJlLXRlc3QtY2EwHhcNMjQwNjE3MTMxMjAzWhcNMzQw
NjE1MTMxMjAzWjBGMQswCQYDVQQGEwJVUzELMAkGA1UECAwCQ0ExEDAOBgNVBAoM
B1RldHJhdGUxGDAWBgNVBAMMD1hDUC1lMmUtdGVzdC1jYTCCAiIwDQYJKoZIhvcN
AQEBBQADggIPADCCAgoCggIBAIkO9mBBITqNjJed3zjKhu15p4EkX7qkDaKQjQdu
9zEvocDbtZU81ibmjuQFlL0vAiqHfKA8nUXKdidI9xHNdS7xUp3IlZoEFWX1jBUD
SLgQooe8BIIcEXfkVO019jLfMbDB5tQ6jzsjZ4F3ER5wh5rkLhEfbvq4ZiF3zQD/
82LDU5vwJ91qDWCHl8og9rla5MaAX2fTZhkQUQJiDip9uZ0Ft5lai1fKq8gICrod
4iPfiZH6sJB5cTC/aHd8CHY3FrJp8ZuGhZQzaV6PvfdFsCr+EISDlCkNdlNov7hA
Z8F8bRGrEqPAcYsS/Kk94oLAQBW7YvTPBrFnDWmyMnaKjCLGqTHmAY3tTrSI31lb
rnNakF2EGziOwNjxsI84d61U6KFtXMtsgKCNJr/MORVS/0f9yA7Q0WE5bEdx24m9
+qaWnMd5FtjC38GEALfSmo9YN3+Q+M+hdfipPKpv0khjHX7yPTrFvAOHi1wsy3Hj
1OdDFr/H9pG12DnlToVruVDfr5xypoWNK8pf2utZcMOcBzdfMNAVCqeE84BrPu2c
8mHinMfWX10X14nd2gdMUYyBgGqJGqiLuFMdthyCWpmg9BbYK013Esn36v8ap7gE
/VIiY/YTYNtmKE12IhBDa+y6izBXo69OAMB7iZHPDW5lnAXKfpGtaZO+9pqrTCI0
vdNTAgMBAAGjUzBRMB0GA1UdDgQWBBSlvheSoWwG4xtqKfuEWkYlmN0YbTAfBgNV
HSMEGDAWgBSlvheSoWwG4xtqKfuEWkYlmN0YbTAPBgNVHRMBAf8EBTADAQH/MA0G
CSqGSIb3DQEBCwUAA4ICAQACp7Yw/dQGSinvV0Z5kYjugapyBE7iIpyqRh2UgYzz
HT3bcXfSz95YO/TB+utF1C8g4yqxW8b5G0EIRgg9uqtxvrGmK18o6x2N1GEeCcfU
ke2xqrOP7dpWk3uwT2aeJN/LjfqR2KADscKtD7V5EN8v3JgH3Ul0M5g9RalaEppv
yQr0H9B8sdxRawIxD+HO1S/lsQhlGGCmgTQQF23gRmL1oxwR3Mujx9Se2NHZi0ha
fcyll1OLtUxsD6cNjwiqoiv5J1TV9Ukux2tyO/gQmdheuyZoKt6+lObL8DIStQuK
IGcaX7mMKGMD7URAR4crUSP6AFHZ4tRJ7Ryu0vv2+JBjH24LVM8PIHQYqgnAohar
7n/laa7bXlKueuTo7EAVGTYPnV/CGYm/MKJ1cYll/aRBFYcU4m+fOF4AAOo/8umu
kFFHbv+Abnei/pEYb77vsBaHE68gT5YLM/pY/6XXa2+UVROCBQXbLps/0GZk2FTS
tHKBteLYBVia9F7HSAP1wAl4qt+r7D7wm9gtchwp2vqNI6vMJYHSDbjk9q255DVs
Tew5/zH2PlvDaNMyLCnueC9VzFqBou/ZDmqUyOAlxDr4VC5NwnbgT8eyqcwlip3Y
9IWjGcTB5TSlndw5NVe48g1UTtR5Ji7mRyZxtLjLu0JPby9UJeM7ouJ+/y6ybh3U
oQ==
-----END CERTIFICATE-----

2026-05-23T09:13:43.630658Z	info	grpc-client	Fetched CA certificates required to verify connection to central
2026-05-23T09:13:43.632785Z	info	stream	[config-status] connected	name=config-status-771be08d
2026-05-23T09:13:43.632803Z	debug	stream	[config-status] Spawning cluster statusLabel send goroutine	name=config-status-771be08d
2026-05-23T09:13:43.632809Z	debug	status	re-triggering status report on connect
2026-05-23T09:13:43.632813Z	debug	status	sent-epoch(57) matches generated-epoch(57) and hence skipping
2026-05-23T09:14:31.740579Z	debug	discovery-server	Sending config resync request update to central xcp
2026-05-23T09:14:31.740631Z	debug	discovery-server	Done sending config resync request to central xcp
2026-05-23T09:14:31.740915Z	debug	discovery-server	Received resync keepalive response from central xcp.
2026-05-23T09:14:31.740937Z	debug	discovery-server	Waiting on recv for crds
2026-05-23T09:15:06.188513Z	info	discovery-server	triggering full re-sync of cluster-state
2026-05-23T09:15:07.188707Z	debug	debounce	notify cbk invoked	id=919326fd
2026-05-23T09:15:07.188780Z	debug	debounce	notify cbk returned	id=919326fd
2026-05-23T09:15:07.188787Z	debug	debounce	Applying exponential step-up. maxSilentCurrent updated to: 2s	id=919326fd
2026-05-23T09:15:07.188803Z	info	cluster-state	processClusterStateChangeEvents: cluster-eventid: 2026-05-23 09:15:06.188582295 +0000 UTC m=+98102.990580335 and 0 more, queue length: 0, reasons: periodic_full_cluster_state_resync,, forceConfigRegenReasons: map[], resources: []
2026-05-23T09:15:07.188808Z	debug	cluster-state	handleClusterStateChangedEvent: Trigger reasons: periodic_full_cluster_state_resync,, Forced translation: map[], Resources: []
2026-05-23T09:15:07.188825Z	debug	cluster-gen	istioServices: 14
2026-05-23T09:15:07.188921Z	debug	cluster-gen	Ignoring service kube-system/kube-dns
2026-05-23T09:15:07.188962Z	info	no portname specified for service metallb-webhook-service.metallb-system.svc.cluster.local port 443. no endpoints will be detected
2026-05-23T09:15:07.188969Z	info	no portname specified for service metallb-webhook-service.metallb-system.svc.cluster.local port 443. no endpoints will be detected
2026-05-23T09:15:07.188973Z	debug	cluster-gen	Ignoring service kube-system/metrics-server
2026-05-23T09:15:07.189030Z	debug	discovery-cache	added istio service instances in namespace: metallb-system objects 0, changed false
2026-05-23T09:15:07.189034Z	debug	discovery-cache	added istio service instances in namespace: xcp-system objects 0, changed false
2026-05-23T09:15:07.189035Z	debug	discovery-cache	added istio service instances in namespace: cert-manager objects 0, changed false
2026-05-23T09:15:07.189036Z	debug	discovery-cache	added istio service instances in namespace: istio-system objects 0, changed false
2026-05-23T09:15:07.189037Z	debug	discovery-cache	added istio service instances in namespace: default objects 0, changed false
2026-05-23T09:15:07.189044Z	debug	cluster-state	triggerConfigTranslation false ,triggerConfigTranslationReason false 
2026-05-23T09:15:07.189045Z	debug	cluster-state	Sending full cluster state to central as part of periodic resync.
2026-05-23T09:15:07.189046Z	debug	cluster-state	Sending full cluster state to central as part of periodic resync.
2026-05-23T09:15:07.189050Z	debug	cluster-state	handleClusterStateChangedEvent, actions: map[sendClusterToCentral:{} triggerServiceEntryRegeneration:{}]
2026-05-23T09:15:07.189110Z	debug	discovery-server	wrote channel for sending cluster updates
2026-05-23T09:15:07.189114Z	debug	cluster-state	Sent 5 namespaces to central. len(HostToK8sSvc) 0
2026-05-23T09:15:07.189115Z	debug	discovery-server	found changes related to gateway hosts attached to lb/nodeport services. (re)generating local SEs
2026-05-23T09:15:07.189130Z	debug	discovery-server	Sending cluster-state update to central xcp
2026-05-23T09:15:07.189198Z	debug	discovery-server	Done sending cluster-state to central xcp
2026-05-23T09:15:07.200788Z	debug	debounce	notify cbk invoked	id=29da738d
2026-05-23T09:15:07.200828Z	debug	mc-configapply	-->cluster cluster-0
2026-05-23T09:15:07.200829Z	debug	mc-configapply	-->cluster cluster-1
2026-05-23T09:15:07.200876Z	debug	discovery-cache	GetAllServicesInfo: svcKey: backend-c1/backend.backend-c1.svc.cluster.local, gwKey: backend-c1/ew-gateway.backend-c1.svc.cluster.local, ambientGwKey: /, sidecarAmbientGwKey: /
2026-05-23T09:15:07.200888Z	debug	eastwest-configgen	getLocalServiceDetailsIfExist: service "backend.backend-c1.svc.cluster.local" in namespace "backend-c1" does not exist in d.servicesByNamespace
2026-05-23T09:15:07.200895Z	debug	model	error while looking up workspace for namespace "backend-c1": the namespace "backend-c1" is not mapped to any workspace
2026-05-23T09:15:07.200904Z	debug	ew-gen	1 Service Entry workloadentries generated for service:"backend.backend-c1.svc.cluster.local" cluster:"cluster-1", endpoint:"172.18.255.176"	id=ecd0ce6a
2026-05-23T09:15:07.200913Z	debug	ew-gen	generating east-west service entry and destination rule for service "backend.backend-c1.svc.cluster.local" with ports: []*v1alpha3.ServicePort{(*v1alpha3.ServicePort)(0x69deee94c1e0)}, endpoints: []*v1alpha3.WorkloadEntry{(*v1alpha3.WorkloadEntry)(0x69deecf7d200)}, resolution: STATIC and allowed spiffe IDs: map[string]struct {}{"spiffe://cluster.local/ns/backend-c1/sa/backend":struct {}{}}	id=ecd0ce6a
2026-05-23T09:15:07.200939Z	warn	mc-configgen	cannot lookup workspace for "backend-c1": the namespace "backend-c1" is not mapped to any workspace
2026-05-23T09:15:07.200962Z	debug	mc-configgen	cluster cluster-0, namespaces 0
2026-05-23T09:15:07.200968Z	debug	mc-configgen	cluster cluster-1, namespaces 0
2026-05-23T09:15:07.200970Z	debug	mc-configapply	applying 2 istio objects for multicluster
2026-05-23T09:15:07.200971Z	debug	mc-configapply	   networking.istio.io/v1/ServiceEntry [xcp-multicluster/global-gwinternal-backend-backend-c1-svc-cluster-local]
2026-05-23T09:15:07.200972Z	debug	mc-configapply	   networking.istio.io/v1/DestinationRule [xcp-multicluster/global-drinternal-backend-backend-c1-svc-cluster-local]
2026-05-23T09:15:07.200973Z	debug	resource-cache	[xcp-multicluster] ===BEGIN: Apply request for 2 objects
2026-05-23T09:15:07.201011Z	debug	resource-cache	[xcp-multicluster] objects previously in k8s api server cache: 2
2026-05-23T09:15:07.201029Z	debug	resource-cache	[xcp-multicluster] stale resources to be deleted []
2026-05-23T09:15:07.201076Z	debug	resource-cache	[xcp-multicluster] Create for {"type":{"group":"networking.istio.io","version":"v1","kind":"ServiceEntry"},"name":"global-gwinternal-backend-backend-c1-svc-cluster-local","namespace":"xcp-multicluster","labels":{"istio.io/rev":"global"},"annotations":{"xcp.tetrate.io/service":"backend.backend-c1.svc.cluster.local","xcp.tetrate.io/serviceNamespace":"backend-c1"},"creationTimestamp":"0001-01-01T00:00:00Z","Spec":{"hosts":["backend.backend-c1.svc.cluster.local"],"ports":[{"number":80,"protocol":"HTTP","name":"http"}],"location":"MESH_INTERNAL","resolution":"STATIC","endpoints":[{"address":"172.18.255.176","ports":{"http":15443},"labels":{"security.istio.io/tlsMode":"istio","xcp.tetrate.io/cluster":"cluster-1"},"network":"nw-cluster-1","locality":"us-east1/us-east1-B/subzone-x"}],"exportTo":["*"]},"Status":null,"Extra":null}
2026-05-23T09:15:07.201111Z	debug	configapply	computed hash for ServiceEntry:xcp-multicluster/global-gwinternal-backend-backend-c1-svc-cluster-local - ebbdcc02f71fef9e12ef110bd458eb69
2026-05-23T09:15:07.201123Z	debug	discovery-server	same hash so neither creating nor updating
2026-05-23T09:15:07.201197Z	debug	resource-cache	[xcp-multicluster] Create for {"type":{"group":"networking.istio.io","version":"v1","kind":"DestinationRule"},"name":"global-drinternal-backend-backend-c1-svc-cluster-local","namespace":"xcp-multicluster","labels":{"istio.io/rev":"global"},"annotations":{"xcp.tetrate.io/service":"backend.backend-c1.svc.cluster.local","xcp.tetrate.io/serviceNamespace":"backend-c1"},"creationTimestamp":"0001-01-01T00:00:00Z","Spec":{"host":"backend.backend-c1.svc.cluster.local","trafficPolicy":{"loadBalancer":{"localityLbSetting":{"failoverPriority":["topology.kubernetes.io/region","topology.istio.io/network","topology.kubernetes.io/zone","topology.istio.io/subzone"],"enabled":true}},"outlierDetection":{"consecutiveGatewayErrors":10,"maxEjectionPercent":100},"tls":{"mode":"ISTIO_MUTUAL","subjectAltNames":["spiffe://cluster.local/ns/backend-c1/sa/backend"]}}},"Status":null,"Extra":null}
2026-05-23T09:15:07.201240Z	debug	configapply	computed hash for DestinationRule:xcp-multicluster/global-drinternal-backend-backend-c1-svc-cluster-local - 5367225173cae00a68ca8b2de5c9db2a
2026-05-23T09:15:07.201249Z	debug	discovery-server	same hash so neither creating nor updating
2026-05-23T09:15:07.201260Z	debug	resource-cache	[xcp-multicluster] ResourceCache length 12
2026-05-23T09:15:07.201262Z	debug	resource-cache	[xcp-multicluster] ===END: Apply request for 2 objects in 0.000288 s
2026-05-23T09:15:07.201266Z	debug	debounce	notify cbk returned	id=29da738d
2026-05-23T09:15:07.201268Z	debug	debounce	Applying steady step-up. maxSilentCurrent updated to: 10ms	id=29da738d
2026-05-23T09:15:07.212653Z	debug	debounce	resetting maxSilentCurrent. updated: 10ms	id=29da738d
2026-05-23T09:15:09.189572Z	debug	debounce	resetting maxSilentCurrent. updated: 1s	id=919326fd
2026-05-23T09:15:13.636240Z	debug	security	Read provided XCP Central certificate chain:
-----BEGIN CERTIFICATE-----
MIIFbTCCA1WgAwIBAgIUBD0/+0EfuEYZvVjrKE5cvNEja8swDQYJKoZIhvcNAQEL
BQAwRjELMAkGA1UEBhMCVVMxCzAJBgNVBAgMAkNBMRAwDgYDVQQKDAdUZXRyYXRl
MRgwFgYDVQQDDA9YQ1AtZTJlLXRlc3QtY2EwHhcNMjQwNjE3MTMxMjAzWhcNMzQw
NjE1MTMxMjAzWjBGMQswCQYDVQQGEwJVUzELMAkGA1UECAwCQ0ExEDAOBgNVBAoM
B1RldHJhdGUxGDAWBgNVBAMMD1hDUC1lMmUtdGVzdC1jYTCCAiIwDQYJKoZIhvcN
AQEBBQADggIPADCCAgoCggIBAIkO9mBBITqNjJed3zjKhu15p4EkX7qkDaKQjQdu
9zEvocDbtZU81ibmjuQFlL0vAiqHfKA8nUXKdidI9xHNdS7xUp3IlZoEFWX1jBUD
SLgQooe8BIIcEXfkVO019jLfMbDB5tQ6jzsjZ4F3ER5wh5rkLhEfbvq4ZiF3zQD/
82LDU5vwJ91qDWCHl8og9rla5MaAX2fTZhkQUQJiDip9uZ0Ft5lai1fKq8gICrod
4iPfiZH6sJB5cTC/aHd8CHY3FrJp8ZuGhZQzaV6PvfdFsCr+EISDlCkNdlNov7hA
Z8F8bRGrEqPAcYsS/Kk94oLAQBW7YvTPBrFnDWmyMnaKjCLGqTHmAY3tTrSI31lb
rnNakF2EGziOwNjxsI84d61U6KFtXMtsgKCNJr/MORVS/0f9yA7Q0WE5bEdx24m9
+qaWnMd5FtjC38GEALfSmo9YN3+Q+M+hdfipPKpv0khjHX7yPTrFvAOHi1wsy3Hj
1OdDFr/H9pG12DnlToVruVDfr5xypoWNK8pf2utZcMOcBzdfMNAVCqeE84BrPu2c
8mHinMfWX10X14nd2gdMUYyBgGqJGqiLuFMdthyCWpmg9BbYK013Esn36v8ap7gE
/VIiY/YTYNtmKE12IhBDa+y6izBXo69OAMB7iZHPDW5lnAXKfpGtaZO+9pqrTCI0
vdNTAgMBAAGjUzBRMB0GA1UdDgQWBBSlvheSoWwG4xtqKfuEWkYlmN0YbTAfBgNV
HSMEGDAWgBSlvheSoWwG4xtqKfuEWkYlmN0YbTAPBgNVHRMBAf8EBTADAQH/MA0G
CSqGSIb3DQEBCwUAA4ICAQACp7Yw/dQGSinvV0Z5kYjugapyBE7iIpyqRh2UgYzz
HT3bcXfSz95YO/TB+utF1C8g4yqxW8b5G0EIRgg9uqtxvrGmK18o6x2N1GEeCcfU
ke2xqrOP7dpWk3uwT2aeJN/LjfqR2KADscKtD7V5EN8v3JgH3Ul0M5g9RalaEppv
yQr0H9B8sdxRawIxD+HO1S/lsQhlGGCmgTQQF23gRmL1oxwR3Mujx9Se2NHZi0ha
fcyll1OLtUxsD6cNjwiqoiv5J1TV9Ukux2tyO/gQmdheuyZoKt6+lObL8DIStQuK
IGcaX7mMKGMD7URAR4crUSP6AFHZ4tRJ7Ryu0vv2+JBjH24LVM8PIHQYqgnAohar
7n/laa7bXlKueuTo7EAVGTYPnV/CGYm/MKJ1cYll/aRBFYcU4m+fOF4AAOo/8umu
kFFHbv+Abnei/pEYb77vsBaHE68gT5YLM/pY/6XXa2+UVROCBQXbLps/0GZk2FTS
tHKBteLYBVia9F7HSAP1wAl4qt+r7D7wm9gtchwp2vqNI6vMJYHSDbjk9q255DVs
Tew5/zH2PlvDaNMyLCnueC9VzFqBou/ZDmqUyOAlxDr4VC5NwnbgT8eyqcwlip3Y
9IWjGcTB5TSlndw5NVe48g1UTtR5Ji7mRyZxtLjLu0JPby9UJeM7ouJ+/y6ybh3U
oQ==
-----END CERTIFICATE-----

2026-05-23T09:15:13.636309Z	info	grpc-client	Fetched CA certificates required to verify connection to central
2026-05-23T09:15:14.636714Z	error	stream	[config-status] Error receiving on stream: gRPC status code Unavailable: closing transport due to: connection error: desc = "error reading from server: EOF", received prior goaway: code: ENHANCE_YOUR_CALM, debug data: "too_many_pings"	name=config-status-771be08d
2026-05-23T09:15:14.636761Z	debug	stream	[config-status] canceling context	name=config-status-771be08d
2026-05-23T09:15:14.636783Z	debug	stream	[config-status] wg wait	name=config-status-771be08d
2026-05-23T09:15:14.636799Z	error	stream	[config-status] Error sending on stream: sendFunc returning on exit	name=config-status-771be08d
2026-05-23T09:15:14.636804Z	warn	stream	[config-status] Error sending on stream: sendFunc returning on exit	name=config-status-771be08d
2026-05-23T09:15:14.636807Z	debug	stream	[config-status] closing stream	name=config-status-771be08d
2026-05-23T09:15:14.636808Z	debug	stream	[config-status] sending CloseSend	name=config-status-771be08d
2026-05-23T09:15:14.636813Z	info	stream	[config-status] closed stream, err=<nil>	name=config-status-771be08d
2026-05-23T09:15:14.636818Z	info	stream	[config-status] establishing new stream	name=config-status-771be08d
2026-05-23T09:15:14.636824Z	info	stream	[config-status] connecting new permanent stream with max age 8760h0m0s	name=config-status-771be08d
2026-05-23T09:15:14.636931Z	info	discovery-server	Connecting to XCP central using JWT auth
2026-05-23T09:15:14.636973Z	debug	security	Read provided XCP Central certificate chain:
-----BEGIN CERTIFICATE-----
MIIFbTCCA1WgAwIBAgIUBD0/+0EfuEYZvVjrKE5cvNEja8swDQYJKoZIhvcNAQEL
BQAwRjELMAkGA1UEBhMCVVMxCzAJBgNVBAgMAkNBMRAwDgYDVQQKDAdUZXRyYXRl
MRgwFgYDVQQDDA9YQ1AtZTJlLXRlc3QtY2EwHhcNMjQwNjE3MTMxMjAzWhcNMzQw
NjE1MTMxMjAzWjBGMQswCQYDVQQGEwJVUzELMAkGA1UECAwCQ0ExEDAOBgNVBAoM
B1RldHJhdGUxGDAWBgNVBAMMD1hDUC1lMmUtdGVzdC1jYTCCAiIwDQYJKoZIhvcN
AQEBBQADggIPADCCAgoCggIBAIkO9mBBITqNjJed3zjKhu15p4EkX7qkDaKQjQdu
9zEvocDbtZU81ibmjuQFlL0vAiqHfKA8nUXKdidI9xHNdS7xUp3IlZoEFWX1jBUD
SLgQooe8BIIcEXfkVO019jLfMbDB5tQ6jzsjZ4F3ER5wh5rkLhEfbvq4ZiF3zQD/
82LDU5vwJ91qDWCHl8og9rla5MaAX2fTZhkQUQJiDip9uZ0Ft5lai1fKq8gICrod
4iPfiZH6sJB5cTC/aHd8CHY3FrJp8ZuGhZQzaV6PvfdFsCr+EISDlCkNdlNov7hA
Z8F8bRGrEqPAcYsS/Kk94oLAQBW7YvTPBrFnDWmyMnaKjCLGqTHmAY3tTrSI31lb
rnNakF2EGziOwNjxsI84d61U6KFtXMtsgKCNJr/MORVS/0f9yA7Q0WE5bEdx24m9
+qaWnMd5FtjC38GEALfSmo9YN3+Q+M+hdfipPKpv0khjHX7yPTrFvAOHi1wsy3Hj
1OdDFr/H9pG12DnlToVruVDfr5xypoWNK8pf2utZcMOcBzdfMNAVCqeE84BrPu2c
8mHinMfWX10X14nd2gdMUYyBgGqJGqiLuFMdthyCWpmg9BbYK013Esn36v8ap7gE
/VIiY/YTYNtmKE12IhBDa+y6izBXo69OAMB7iZHPDW5lnAXKfpGtaZO+9pqrTCI0
vdNTAgMBAAGjUzBRMB0GA1UdDgQWBBSlvheSoWwG4xtqKfuEWkYlmN0YbTAfBgNV
HSMEGDAWgBSlvheSoWwG4xtqKfuEWkYlmN0YbTAPBgNVHRMBAf8EBTADAQH/MA0G
CSqGSIb3DQEBCwUAA4ICAQACp7Yw/dQGSinvV0Z5kYjugapyBE7iIpyqRh2UgYzz
HT3bcXfSz95YO/TB+utF1C8g4yqxW8b5G0EIRgg9uqtxvrGmK18o6x2N1GEeCcfU
ke2xqrOP7dpWk3uwT2aeJN/LjfqR2KADscKtD7V5EN8v3JgH3Ul0M5g9RalaEppv
yQr0H9B8sdxRawIxD+HO1S/lsQhlGGCmgTQQF23gRmL1oxwR3Mujx9Se2NHZi0ha
fcyll1OLtUxsD6cNjwiqoiv5J1TV9Ukux2tyO/gQmdheuyZoKt6+lObL8DIStQuK
IGcaX7mMKGMD7URAR4crUSP6AFHZ4tRJ7Ryu0vv2+JBjH24LVM8PIHQYqgnAohar
7n/laa7bXlKueuTo7EAVGTYPnV/CGYm/MKJ1cYll/aRBFYcU4m+fOF4AAOo/8umu
kFFHbv+Abnei/pEYb77vsBaHE68gT5YLM/pY/6XXa2+UVROCBQXbLps/0GZk2FTS
tHKBteLYBVia9F7HSAP1wAl4qt+r7D7wm9gtchwp2vqNI6vMJYHSDbjk9q255DVs
Tew5/zH2PlvDaNMyLCnueC9VzFqBou/ZDmqUyOAlxDr4VC5NwnbgT8eyqcwlip3Y
9IWjGcTB5TSlndw5NVe48g1UTtR5Ji7mRyZxtLjLu0JPby9UJeM7ouJ+/y6ybh3U
oQ==
-----END CERTIFICATE-----

2026-05-23T09:15:14.637006Z	info	grpc-client	Fetched CA certificates required to verify connection to central
2026-05-23T09:15:14.637015Z	debug	security	Read provided XCP Central certificate chain:
-----BEGIN CERTIFICATE-----
MIIFbTCCA1WgAwIBAgIUBD0/+0EfuEYZvVjrKE5cvNEja8swDQYJKoZIhvcNAQEL
BQAwRjELMAkGA1UEBhMCVVMxCzAJBgNVBAgMAkNBMRAwDgYDVQQKDAdUZXRyYXRl
MRgwFgYDVQQDDA9YQ1AtZTJlLXRlc3QtY2EwHhcNMjQwNjE3MTMxMjAzWhcNMzQw
NjE1MTMxMjAzWjBGMQswCQYDVQQGEwJVUzELMAkGA1UECAwCQ0ExEDAOBgNVBAoM
B1RldHJhdGUxGDAWBgNVBAMMD1hDUC1lMmUtdGVzdC1jYTCCAiIwDQYJKoZIhvcN
AQEBBQADggIPADCCAgoCggIBAIkO9mBBITqNjJed3zjKhu15p4EkX7qkDaKQjQdu
9zEvocDbtZU81ibmjuQFlL0vAiqHfKA8nUXKdidI9xHNdS7xUp3IlZoEFWX1jBUD
SLgQooe8BIIcEXfkVO019jLfMbDB5tQ6jzsjZ4F3ER5wh5rkLhEfbvq4ZiF3zQD/
82LDU5vwJ91qDWCHl8og9rla5MaAX2fTZhkQUQJiDip9uZ0Ft5lai1fKq8gICrod
4iPfiZH6sJB5cTC/aHd8CHY3FrJp8ZuGhZQzaV6PvfdFsCr+EISDlCkNdlNov7hA
Z8F8bRGrEqPAcYsS/Kk94oLAQBW7YvTPBrFnDWmyMnaKjCLGqTHmAY3tTrSI31lb
rnNakF2EGziOwNjxsI84d61U6KFtXMtsgKCNJr/MORVS/0f9yA7Q0WE5bEdx24m9
+qaWnMd5FtjC38GEALfSmo9YN3+Q+M+hdfipPKpv0khjHX7yPTrFvAOHi1wsy3Hj
1OdDFr/H9pG12DnlToVruVDfr5xypoWNK8pf2utZcMOcBzdfMNAVCqeE84BrPu2c
8mHinMfWX10X14nd2gdMUYyBgGqJGqiLuFMdthyCWpmg9BbYK013Esn36v8ap7gE
/VIiY/YTYNtmKE12IhBDa+y6izBXo69OAMB7iZHPDW5lnAXKfpGtaZO+9pqrTCI0
vdNTAgMBAAGjUzBRMB0GA1UdDgQWBBSlvheSoWwG4xtqKfuEWkYlmN0YbTAfBgNV
HSMEGDAWgBSlvheSoWwG4xtqKfuEWkYlmN0YbTAPBgNVHRMBAf8EBTADAQH/MA0G
CSqGSIb3DQEBCwUAA4ICAQACp7Yw/dQGSinvV0Z5kYjugapyBE7iIpyqRh2UgYzz
HT3bcXfSz95YO/TB+utF1C8g4yqxW8b5G0EIRgg9uqtxvrGmK18o6x2N1GEeCcfU
ke2xqrOP7dpWk3uwT2aeJN/LjfqR2KADscKtD7V5EN8v3JgH3Ul0M5g9RalaEppv
yQr0H9B8sdxRawIxD+HO1S/lsQhlGGCmgTQQF23gRmL1oxwR3Mujx9Se2NHZi0ha
fcyll1OLtUxsD6cNjwiqoiv5J1TV9Ukux2tyO/gQmdheuyZoKt6+lObL8DIStQuK
IGcaX7mMKGMD7URAR4crUSP6AFHZ4tRJ7Ryu0vv2+JBjH24LVM8PIHQYqgnAohar
7n/laa7bXlKueuTo7EAVGTYPnV/CGYm/MKJ1cYll/aRBFYcU4m+fOF4AAOo/8umu
kFFHbv+Abnei/pEYb77vsBaHE68gT5YLM/pY/6XXa2+UVROCBQXbLps/0GZk2FTS
tHKBteLYBVia9F7HSAP1wAl4qt+r7D7wm9gtchwp2vqNI6vMJYHSDbjk9q255DVs
Tew5/zH2PlvDaNMyLCnueC9VzFqBou/ZDmqUyOAlxDr4VC5NwnbgT8eyqcwlip3Y
9IWjGcTB5TSlndw5NVe48g1UTtR5Ji7mRyZxtLjLu0JPby9UJeM7ouJ+/y6ybh3U
oQ==
-----END CERTIFICATE-----

2026-05-23T09:15:14.637033Z	info	grpc-client	Fetched CA certificates required to verify connection to central
2026-05-23T09:15:14.639113Z	debug	security	Read provided XCP Central certificate chain:
-----BEGIN CERTIFICATE-----
MIIFbTCCA1WgAwIBAgIUBD0/+0EfuEYZvVjrKE5cvNEja8swDQYJKoZIhvcNAQEL
BQAwRjELMAkGA1UEBhMCVVMxCzAJBgNVBAgMAkNBMRAwDgYDVQQKDAdUZXRyYXRl
MRgwFgYDVQQDDA9YQ1AtZTJlLXRlc3QtY2EwHhcNMjQwNjE3MTMxMjAzWhcNMzQw
NjE1MTMxMjAzWjBGMQswCQYDVQQGEwJVUzELMAkGA1UECAwCQ0ExEDAOBgNVBAoM
B1RldHJhdGUxGDAWBgNVBAMMD1hDUC1lMmUtdGVzdC1jYTCCAiIwDQYJKoZIhvcN
AQEBBQADggIPADCCAgoCggIBAIkO9mBBITqNjJed3zjKhu15p4EkX7qkDaKQjQdu
9zEvocDbtZU81ibmjuQFlL0vAiqHfKA8nUXKdidI9xHNdS7xUp3IlZoEFWX1jBUD
SLgQooe8BIIcEXfkVO019jLfMbDB5tQ6jzsjZ4F3ER5wh5rkLhEfbvq4ZiF3zQD/
82LDU5vwJ91qDWCHl8og9rla5MaAX2fTZhkQUQJiDip9uZ0Ft5lai1fKq8gICrod
4iPfiZH6sJB5cTC/aHd8CHY3FrJp8ZuGhZQzaV6PvfdFsCr+EISDlCkNdlNov7hA
Z8F8bRGrEqPAcYsS/Kk94oLAQBW7YvTPBrFnDWmyMnaKjCLGqTHmAY3tTrSI31lb
rnNakF2EGziOwNjxsI84d61U6KFtXMtsgKCNJr/MORVS/0f9yA7Q0WE5bEdx24m9
+qaWnMd5FtjC38GEALfSmo9YN3+Q+M+hdfipPKpv0khjHX7yPTrFvAOHi1wsy3Hj
1OdDFr/H9pG12DnlToVruVDfr5xypoWNK8pf2utZcMOcBzdfMNAVCqeE84BrPu2c
8mHinMfWX10X14nd2gdMUYyBgGqJGqiLuFMdthyCWpmg9BbYK013Esn36v8ap7gE
/VIiY/YTYNtmKE12IhBDa+y6izBXo69OAMB7iZHPDW5lnAXKfpGtaZO+9pqrTCI0
vdNTAgMBAAGjUzBRMB0GA1UdDgQWBBSlvheSoWwG4xtqKfuEWkYlmN0YbTAfBgNV
HSMEGDAWgBSlvheSoWwG4xtqKfuEWkYlmN0YbTAPBgNVHRMBAf8EBTADAQH/MA0G
CSqGSIb3DQEBCwUAA4ICAQACp7Yw/dQGSinvV0Z5kYjugapyBE7iIpyqRh2UgYzz
HT3bcXfSz95YO/TB+utF1C8g4yqxW8b5G0EIRgg9uqtxvrGmK18o6x2N1GEeCcfU
ke2xqrOP7dpWk3uwT2aeJN/LjfqR2KADscKtD7V5EN8v3JgH3Ul0M5g9RalaEppv
yQr0H9B8sdxRawIxD+HO1S/lsQhlGGCmgTQQF23gRmL1oxwR3Mujx9Se2NHZi0ha
fcyll1OLtUxsD6cNjwiqoiv5J1TV9Ukux2tyO/gQmdheuyZoKt6+lObL8DIStQuK
IGcaX7mMKGMD7URAR4crUSP6AFHZ4tRJ7Ryu0vv2+JBjH24LVM8PIHQYqgnAohar
7n/laa7bXlKueuTo7EAVGTYPnV/CGYm/MKJ1cYll/aRBFYcU4m+fOF4AAOo/8umu
kFFHbv+Abnei/pEYb77vsBaHE68gT5YLM/pY/6XXa2+UVROCBQXbLps/0GZk2FTS
tHKBteLYBVia9F7HSAP1wAl4qt+r7D7wm9gtchwp2vqNI6vMJYHSDbjk9q255DVs
Tew5/zH2PlvDaNMyLCnueC9VzFqBou/ZDmqUyOAlxDr4VC5NwnbgT8eyqcwlip3Y
9IWjGcTB5TSlndw5NVe48g1UTtR5Ji7mRyZxtLjLu0JPby9UJeM7ouJ+/y6ybh3U
oQ==
-----END CERTIFICATE-----

2026-05-23T09:15:14.639159Z	info	grpc-client	Fetched CA certificates required to verify connection to central
2026-05-23T09:15:14.641427Z	info	stream	[config-status] connected	name=config-status-771be08d
2026-05-23T09:15:14.641432Z	debug	status	re-triggering status report on connect
2026-05-23T09:15:14.641440Z	debug	stream	[config-status] Spawning cluster statusLabel send goroutine	name=config-status-771be08d
2026-05-23T09:15:14.641488Z	debug	status	sent-epoch(57) matches generated-epoch(57) and hence skipping
2026-05-23T09:15:31.741892Z	debug	discovery-server	Sending config resync request update to central xcp
2026-05-23T09:15:31.741943Z	debug	discovery-server	Done sending config resync request to central xcp
2026-05-23T09:15:31.742137Z	debug	discovery-server	Received resync keepalive response from central xcp.
2026-05-23T09:15:31.742156Z	debug	discovery-server	Waiting on recv for crds
2026-05-23T09:15:34.979211Z	debug	discovery-server	Received cluster state update for cluster cluster-1 from central xcp
2026-05-23T09:15:34.979271Z	debug	discovery-cache	Setting regular east-west gateway for service "backend-c1/backend.backend-c1.svc.cluster.local": gw "backend-c1/ew-gateway.backend-c1.svc.cluster.local" (port %!s(int=15443))
2026-05-23T09:15:34.979295Z	debug	discovery-cache	hasGatewayInfoChanged: false
2026-05-23T09:15:34.979303Z	debug	mc-configapply	Cluster cluster-1 exposed services changed: false
2026-05-23T09:15:34.979307Z	debug	discovery-server	found changes related to gateway hosts attached to lb/nodeport services. (re)generating local SEs
2026-05-23T09:15:34.979309Z	debug	mc-configapply	Downloaded cluster status updates for cluster cluster-1 and regenerated service entries
2026-05-23T09:15:34.979313Z	debug	discovery-server	Waiting on recv for cluster updates
2026-05-23T09:15:34.979325Z	debug	discovery-server	Applying cluster config: cluster-1
2026-05-23T09:15:34.979585Z	info	discovery-server	compressed cluster state cluster-1 size (bytes): 2206
2026-05-23T09:15:34.979633Z	debug	failed to extract annotations map from k8s object, create an empty annotations map
2026-05-23T09:15:34.979646Z	debug	configapply	computed hash for Cluster:istio-system/cluster-1 - 702c2936788edef6075a922e581485c8
2026-05-23T09:15:34.979653Z	debug	discovery-server	Updating spec istio-system/cluster-1:
2026-05-23T09:15:34.983565Z	debug	handling validation webhook for xcp.tetrate.io/v2, Kind=Cluster
2026-05-23T09:15:34.983852Z	info	Authorized Admission request for UPDATE operation on xcp.tetrate.io/v2, Kind=Cluster/cluster-1 for username system:serviceaccount:istio-system:xcp-edge
2026-05-23T09:15:34.990735Z	debug	debounce	notify cbk invoked	id=29da738d
2026-05-23T09:15:34.990766Z	debug	mc-configapply	-->cluster cluster-0
2026-05-23T09:15:34.990767Z	debug	mc-configapply	-->cluster cluster-1
2026-05-23T09:15:34.990782Z	debug	discovery-cache	GetAllServicesInfo: svcKey: backend-c1/backend.backend-c1.svc.cluster.local, gwKey: backend-c1/ew-gateway.backend-c1.svc.cluster.local, ambientGwKey: /, sidecarAmbientGwKey: /
2026-05-23T09:15:34.990791Z	debug	eastwest-configgen	getLocalServiceDetailsIfExist: service "backend.backend-c1.svc.cluster.local" in namespace "backend-c1" does not exist in d.servicesByNamespace
2026-05-23T09:15:34.990796Z	debug	model	error while looking up workspace for namespace "backend-c1": the namespace "backend-c1" is not mapped to any workspace
2026-05-23T09:15:34.990804Z	debug	ew-gen	1 Service Entry workloadentries generated for service:"backend.backend-c1.svc.cluster.local" cluster:"cluster-1", endpoint:"172.18.255.176"	id=613df02e
2026-05-23T09:15:34.990811Z	debug	ew-gen	generating east-west service entry and destination rule for service "backend.backend-c1.svc.cluster.local" with ports: []*v1alpha3.ServicePort{(*v1alpha3.ServicePort)(0x69deedd488a0)}, endpoints: []*v1alpha3.WorkloadEntry{(*v1alpha3.WorkloadEntry)(0x69deedcb4b80)}, resolution: STATIC and allowed spiffe IDs: map[string]struct {}{"spiffe://cluster.local/ns/backend-c1/sa/backend":struct {}{}}	id=613df02e
2026-05-23T09:15:34.990834Z	warn	mc-configgen	cannot lookup workspace for "backend-c1": the namespace "backend-c1" is not mapped to any workspace
2026-05-23T09:15:34.990855Z	debug	mc-configgen	cluster cluster-0, namespaces 0
2026-05-23T09:15:34.990856Z	debug	mc-configgen	cluster cluster-1, namespaces 0
2026-05-23T09:15:34.990857Z	debug	mc-configapply	applying 2 istio objects for multicluster
2026-05-23T09:15:34.990859Z	debug	mc-configapply	   networking.istio.io/v1/ServiceEntry [xcp-multicluster/global-gwinternal-backend-backend-c1-svc-cluster-local]
2026-05-23T09:15:34.990859Z	debug	mc-configapply	   networking.istio.io/v1/DestinationRule [xcp-multicluster/global-drinternal-backend-backend-c1-svc-cluster-local]
2026-05-23T09:15:34.990861Z	debug	resource-cache	[xcp-multicluster] ===BEGIN: Apply request for 2 objects
2026-05-23T09:15:34.990916Z	debug	resource-cache	[xcp-multicluster] objects previously in k8s api server cache: 2
2026-05-23T09:15:34.990949Z	debug	resource-cache	[xcp-multicluster] stale resources to be deleted []
2026-05-23T09:15:34.990964Z	debug	resource-cache	[xcp-multicluster] Create for {"type":{"group":"networking.istio.io","version":"v1","kind":"ServiceEntry"},"name":"global-gwinternal-backend-backend-c1-svc-cluster-local","namespace":"xcp-multicluster","labels":{"istio.io/rev":"global"},"annotations":{"xcp.tetrate.io/service":"backend.backend-c1.svc.cluster.local","xcp.tetrate.io/serviceNamespace":"backend-c1"},"creationTimestamp":"0001-01-01T00:00:00Z","Spec":{"hosts":["backend.backend-c1.svc.cluster.local"],"ports":[{"number":80,"protocol":"HTTP","name":"http"}],"location":"MESH_INTERNAL","resolution":"STATIC","endpoints":[{"address":"172.18.255.176","ports":{"http":15443},"labels":{"security.istio.io/tlsMode":"istio","xcp.tetrate.io/cluster":"cluster-1"},"network":"nw-cluster-1","locality":"us-east1/us-east1-B/subzone-x"}],"exportTo":["*"]},"Status":null,"Extra":null}
2026-05-23T09:15:34.991009Z	debug	configapply	computed hash for ServiceEntry:xcp-multicluster/global-gwinternal-backend-backend-c1-svc-cluster-local - ebbdcc02f71fef9e12ef110bd458eb69
2026-05-23T09:15:34.991018Z	debug	discovery-server	same hash so neither creating nor updating
2026-05-23T09:15:34.990967Z	debug	resource-cache	[xcp-multicluster] Create for {"type":{"group":"networking.istio.io","version":"v1","kind":"DestinationRule"},"name":"global-drinternal-backend-backend-c1-svc-cluster-local","namespace":"xcp-multicluster","labels":{"istio.io/rev":"global"},"annotations":{"xcp.tetrate.io/service":"backend.backend-c1.svc.cluster.local","xcp.tetrate.io/serviceNamespace":"backend-c1"},"creationTimestamp":"0001-01-01T00:00:00Z","Spec":{"host":"backend.backend-c1.svc.cluster.local","trafficPolicy":{"loadBalancer":{"localityLbSetting":{"failoverPriority":["topology.kubernetes.io/region","topology.istio.io/network","topology.kubernetes.io/zone","topology.istio.io/subzone"],"enabled":true}},"outlierDetection":{"consecutiveGatewayErrors":10,"maxEjectionPercent":100},"tls":{"mode":"ISTIO_MUTUAL","subjectAltNames":["spiffe://cluster.local/ns/backend-c1/sa/backend"]}}},"Status":null,"Extra":null}
2026-05-23T09:15:34.991047Z	debug	configapply	computed hash for DestinationRule:xcp-multicluster/global-drinternal-backend-backend-c1-svc-cluster-local - 5367225173cae00a68ca8b2de5c9db2a
2026-05-23T09:15:34.991054Z	debug	discovery-server	same hash so neither creating nor updating
2026-05-23T09:15:34.991061Z	debug	resource-cache	[xcp-multicluster] ResourceCache length 12
2026-05-23T09:15:34.991063Z	debug	resource-cache	[xcp-multicluster] ===END: Apply request for 2 objects in 0.000202 s
2026-05-23T09:15:34.991066Z	debug	debounce	notify cbk returned	id=29da738d
2026-05-23T09:15:34.991071Z	debug	debounce	Applying steady step-up. maxSilentCurrent updated to: 10ms	id=29da738d
2026-05-23T09:15:35.002955Z	debug	debounce	resetting maxSilentCurrent. updated: 10ms	id=29da738d
2026-05-23T09:16:31.743161Z	debug	discovery-server	Sending config resync request update to central xcp
2026-05-23T09:16:31.743218Z	debug	discovery-server	Done sending config resync request to central xcp
2026-05-23T09:16:31.743454Z	debug	discovery-server	Received resync keepalive response from central xcp.
2026-05-23T09:16:31.743468Z	debug	discovery-server	Waiting on recv for crds
2026-05-23T09:16:44.644758Z	debug	security	Read provided XCP Central certificate chain:
-----BEGIN CERTIFICATE-----
MIIFbTCCA1WgAwIBAgIUBD0/+0EfuEYZvVjrKE5cvNEja8swDQYJKoZIhvcNAQEL
BQAwRjELMAkGA1UEBhMCVVMxCzAJBgNVBAgMAkNBMRAwDgYDVQQKDAdUZXRyYXRl
MRgwFgYDVQQDDA9YQ1AtZTJlLXRlc3QtY2EwHhcNMjQwNjE3MTMxMjAzWhcNMzQw
NjE1MTMxMjAzWjBGMQswCQYDVQQGEwJVUzELMAkGA1UECAwCQ0ExEDAOBgNVBAoM
B1RldHJhdGUxGDAWBgNVBAMMD1hDUC1lMmUtdGVzdC1jYTCCAiIwDQYJKoZIhvcN
AQEBBQADggIPADCCAgoCggIBAIkO9mBBITqNjJed3zjKhu15p4EkX7qkDaKQjQdu
9zEvocDbtZU81ibmjuQFlL0vAiqHfKA8nUXKdidI9xHNdS7xUp3IlZoEFWX1jBUD
SLgQooe8BIIcEXfkVO019jLfMbDB5tQ6jzsjZ4F3ER5wh5rkLhEfbvq4ZiF3zQD/
82LDU5vwJ91qDWCHl8og9rla5MaAX2fTZhkQUQJiDip9uZ0Ft5lai1fKq8gICrod
4iPfiZH6sJB5cTC/aHd8CHY3FrJp8ZuGhZQzaV6PvfdFsCr+EISDlCkNdlNov7hA
Z8F8bRGrEqPAcYsS/Kk94oLAQBW7YvTPBrFnDWmyMnaKjCLGqTHmAY3tTrSI31lb
rnNakF2EGziOwNjxsI84d61U6KFtXMtsgKCNJr/MORVS/0f9yA7Q0WE5bEdx24m9
+qaWnMd5FtjC38GEALfSmo9YN3+Q+M+hdfipPKpv0khjHX7yPTrFvAOHi1wsy3Hj
1OdDFr/H9pG12DnlToVruVDfr5xypoWNK8pf2utZcMOcBzdfMNAVCqeE84BrPu2c
8mHinMfWX10X14nd2gdMUYyBgGqJGqiLuFMdthyCWpmg9BbYK013Esn36v8ap7gE
/VIiY/YTYNtmKE12IhBDa+y6izBXo69OAMB7iZHPDW5lnAXKfpGtaZO+9pqrTCI0
vdNTAgMBAAGjUzBRMB0GA1UdDgQWBBSlvheSoWwG4xtqKfuEWkYlmN0YbTAfBgNV
HSMEGDAWgBSlvheSoWwG4xtqKfuEWkYlmN0YbTAPBgNVHRMBAf8EBTADAQH/MA0G
CSqGSIb3DQEBCwUAA4ICAQACp7Yw/dQGSinvV0Z5kYjugapyBE7iIpyqRh2UgYzz
HT3bcXfSz95YO/TB+utF1C8g4yqxW8b5G0EIRgg9uqtxvrGmK18o6x2N1GEeCcfU
ke2xqrOP7dpWk3uwT2aeJN/LjfqR2KADscKtD7V5EN8v3JgH3Ul0M5g9RalaEppv
yQr0H9B8sdxRawIxD+HO1S/lsQhlGGCmgTQQF23gRmL1oxwR3Mujx9Se2NHZi0ha
fcyll1OLtUxsD6cNjwiqoiv5J1TV9Ukux2tyO/gQmdheuyZoKt6+lObL8DIStQuK
IGcaX7mMKGMD7URAR4crUSP6AFHZ4tRJ7Ryu0vv2+JBjH24LVM8PIHQYqgnAohar
7n/laa7bXlKueuTo7EAVGTYPnV/CGYm/MKJ1cYll/aRBFYcU4m+fOF4AAOo/8umu
kFFHbv+Abnei/pEYb77vsBaHE68gT5YLM/pY/6XXa2+UVROCBQXbLps/0GZk2FTS
tHKBteLYBVia9F7HSAP1wAl4qt+r7D7wm9gtchwp2vqNI6vMJYHSDbjk9q255DVs
Tew5/zH2PlvDaNMyLCnueC9VzFqBou/ZDmqUyOAlxDr4VC5NwnbgT8eyqcwlip3Y
9IWjGcTB5TSlndw5NVe48g1UTtR5Ji7mRyZxtLjLu0JPby9UJeM7ouJ+/y6ybh3U
oQ==
-----END CERTIFICATE-----

2026-05-23T09:16:44.644830Z	info	grpc-client	Fetched CA certificates required to verify connection to central
2026-05-23T09:16:45.646368Z	error	stream	[config-status] Error receiving on stream: gRPC status code Unavailable: closing transport due to: connection error: desc = "error reading from server: EOF", received prior goaway: code: ENHANCE_YOUR_CALM, debug data: "too_many_pings"	name=config-status-771be08d
2026-05-23T09:16:45.646390Z	debug	stream	[config-status] canceling context	name=config-status-771be08d
2026-05-23T09:16:45.646393Z	debug	stream	[config-status] wg wait	name=config-status-771be08d
2026-05-23T09:16:45.646401Z	error	stream	[config-status] Error sending on stream: sendFunc returning on exit	name=config-status-771be08d
2026-05-23T09:16:45.646403Z	warn	stream	[config-status] Error sending on stream: sendFunc returning on exit	name=config-status-771be08d
2026-05-23T09:16:45.646405Z	debug	stream	[config-status] closing stream	name=config-status-771be08d
2026-05-23T09:16:45.646406Z	debug	stream	[config-status] sending CloseSend	name=config-status-771be08d
2026-05-23T09:16:45.646410Z	info	stream	[config-status] closed stream, err=<nil>	name=config-status-771be08d
2026-05-23T09:16:45.646411Z	info	stream	[config-status] establishing new stream	name=config-status-771be08d
2026-05-23T09:16:45.646415Z	info	stream	[config-status] connecting new permanent stream with max age 8760h0m0s	name=config-status-771be08d
2026-05-23T09:16:45.646511Z	info	discovery-server	Connecting to XCP central using JWT auth
2026-05-23T09:16:45.646556Z	debug	security	Read provided XCP Central certificate chain:
-----BEGIN CERTIFICATE-----
MIIFbTCCA1WgAwIBAgIUBD0/+0EfuEYZvVjrKE5cvNEja8swDQYJKoZIhvcNAQEL
BQAwRjELMAkGA1UEBhMCVVMxCzAJBgNVBAgMAkNBMRAwDgYDVQQKDAdUZXRyYXRl
MRgwFgYDVQQDDA9YQ1AtZTJlLXRlc3QtY2EwHhcNMjQwNjE3MTMxMjAzWhcNMzQw
NjE1MTMxMjAzWjBGMQswCQYDVQQGEwJVUzELMAkGA1UECAwCQ0ExEDAOBgNVBAoM
B1RldHJhdGUxGDAWBgNVBAMMD1hDUC1lMmUtdGVzdC1jYTCCAiIwDQYJKoZIhvcN
AQEBBQADggIPADCCAgoCggIBAIkO9mBBITqNjJed3zjKhu15p4EkX7qkDaKQjQdu
9zEvocDbtZU81ibmjuQFlL0vAiqHfKA8nUXKdidI9xHNdS7xUp3IlZoEFWX1jBUD
SLgQooe8BIIcEXfkVO019jLfMbDB5tQ6jzsjZ4F3ER5wh5rkLhEfbvq4ZiF3zQD/
82LDU5vwJ91qDWCHl8og9rla5MaAX2fTZhkQUQJiDip9uZ0Ft5lai1fKq8gICrod
4iPfiZH6sJB5cTC/aHd8CHY3FrJp8ZuGhZQzaV6PvfdFsCr+EISDlCkNdlNov7hA
Z8F8bRGrEqPAcYsS/Kk94oLAQBW7YvTPBrFnDWmyMnaKjCLGqTHmAY3tTrSI31lb
rnNakF2EGziOwNjxsI84d61U6KFtXMtsgKCNJr/MORVS/0f9yA7Q0WE5bEdx24m9
+qaWnMd5FtjC38GEALfSmo9YN3+Q+M+hdfipPKpv0khjHX7yPTrFvAOHi1wsy3Hj
1OdDFr/H9pG12DnlToVruVDfr5xypoWNK8pf2utZcMOcBzdfMNAVCqeE84BrPu2c
8mHinMfWX10X14nd2gdMUYyBgGqJGqiLuFMdthyCWpmg9BbYK013Esn36v8ap7gE
/VIiY/YTYNtmKE12IhBDa+y6izBXo69OAMB7iZHPDW5lnAXKfpGtaZO+9pqrTCI0
vdNTAgMBAAGjUzBRMB0GA1UdDgQWBBSlvheSoWwG4xtqKfuEWkYlmN0YbTAfBgNV
HSMEGDAWgBSlvheSoWwG4xtqKfuEWkYlmN0YbTAPBgNVHRMBAf8EBTADAQH/MA0G
CSqGSIb3DQEBCwUAA4ICAQACp7Yw/dQGSinvV0Z5kYjugapyBE7iIpyqRh2UgYzz
HT3bcXfSz95YO/TB+utF1C8g4yqxW8b5G0EIRgg9uqtxvrGmK18o6x2N1GEeCcfU
ke2xqrOP7dpWk3uwT2aeJN/LjfqR2KADscKtD7V5EN8v3JgH3Ul0M5g9RalaEppv
yQr0H9B8sdxRawIxD+HO1S/lsQhlGGCmgTQQF23gRmL1oxwR3Mujx9Se2NHZi0ha
fcyll1OLtUxsD6cNjwiqoiv5J1TV9Ukux2tyO/gQmdheuyZoKt6+lObL8DIStQuK
IGcaX7mMKGMD7URAR4crUSP6AFHZ4tRJ7Ryu0vv2+JBjH24LVM8PIHQYqgnAohar
7n/laa7bXlKueuTo7EAVGTYPnV/CGYm/MKJ1cYll/aRBFYcU4m+fOF4AAOo/8umu
kFFHbv+Abnei/pEYb77vsBaHE68gT5YLM/pY/6XXa2+UVROCBQXbLps/0GZk2FTS
tHKBteLYBVia9F7HSAP1wAl4qt+r7D7wm9gtchwp2vqNI6vMJYHSDbjk9q255DVs
Tew5/zH2PlvDaNMyLCnueC9VzFqBou/ZDmqUyOAlxDr4VC5NwnbgT8eyqcwlip3Y
9IWjGcTB5TSlndw5NVe48g1UTtR5Ji7mRyZxtLjLu0JPby9UJeM7ouJ+/y6ybh3U
oQ==
-----END CERTIFICATE-----

2026-05-23T09:16:45.646589Z	info	grpc-client	Fetched CA certificates required to verify connection to central
2026-05-23T09:16:45.646625Z	debug	security	Read provided XCP Central certificate chain:
-----BEGIN CERTIFICATE-----
MIIFbTCCA1WgAwIBAgIUBD0/+0EfuEYZvVjrKE5cvNEja8swDQYJKoZIhvcNAQEL
BQAwRjELMAkGA1UEBhMCVVMxCzAJBgNVBAgMAkNBMRAwDgYDVQQKDAdUZXRyYXRl
MRgwFgYDVQQDDA9YQ1AtZTJlLXRlc3QtY2EwHhcNMjQwNjE3MTMxMjAzWhcNMzQw
NjE1MTMxMjAzWjBGMQswCQYDVQQGEwJVUzELMAkGA1UECAwCQ0ExEDAOBgNVBAoM
B1RldHJhdGUxGDAWBgNVBAMMD1hDUC1lMmUtdGVzdC1jYTCCAiIwDQYJKoZIhvcN
AQEBBQADggIPADCCAgoCggIBAIkO9mBBITqNjJed3zjKhu15p4EkX7qkDaKQjQdu
9zEvocDbtZU81ibmjuQFlL0vAiqHfKA8nUXKdidI9xHNdS7xUp3IlZoEFWX1jBUD
SLgQooe8BIIcEXfkVO019jLfMbDB5tQ6jzsjZ4F3ER5wh5rkLhEfbvq4ZiF3zQD/
82LDU5vwJ91qDWCHl8og9rla5MaAX2fTZhkQUQJiDip9uZ0Ft5lai1fKq8gICrod
4iPfiZH6sJB5cTC/aHd8CHY3FrJp8ZuGhZQzaV6PvfdFsCr+EISDlCkNdlNov7hA
Z8F8bRGrEqPAcYsS/Kk94oLAQBW7YvTPBrFnDWmyMnaKjCLGqTHmAY3tTrSI31lb
rnNakF2EGziOwNjxsI84d61U6KFtXMtsgKCNJr/MORVS/0f9yA7Q0WE5bEdx24m9
+qaWnMd5FtjC38GEALfSmo9YN3+Q+M+hdfipPKpv0khjHX7yPTrFvAOHi1wsy3Hj
1OdDFr/H9pG12DnlToVruVDfr5xypoWNK8pf2utZcMOcBzdfMNAVCqeE84BrPu2c
8mHinMfWX10X14nd2gdMUYyBgGqJGqiLuFMdthyCWpmg9BbYK013Esn36v8ap7gE
/VIiY/YTYNtmKE12IhBDa+y6izBXo69OAMB7iZHPDW5lnAXKfpGtaZO+9pqrTCI0
vdNTAgMBAAGjUzBRMB0GA1UdDgQWBBSlvheSoWwG4xtqKfuEWkYlmN0YbTAfBgNV
HSMEGDAWgBSlvheSoWwG4xtqKfuEWkYlmN0YbTAPBgNVHRMBAf8EBTADAQH/MA0G
CSqGSIb3DQEBCwUAA4ICAQACp7Yw/dQGSinvV0Z5kYjugapyBE7iIpyqRh2UgYzz
HT3bcXfSz95YO/TB+utF1C8g4yqxW8b5G0EIRgg9uqtxvrGmK18o6x2N1GEeCcfU
ke2xqrOP7dpWk3uwT2aeJN/LjfqR2KADscKtD7V5EN8v3JgH3Ul0M5g9RalaEppv
yQr0H9B8sdxRawIxD+HO1S/lsQhlGGCmgTQQF23gRmL1oxwR3Mujx9Se2NHZi0ha
fcyll1OLtUxsD6cNjwiqoiv5J1TV9Ukux2tyO/gQmdheuyZoKt6+lObL8DIStQuK
IGcaX7mMKGMD7URAR4crUSP6AFHZ4tRJ7Ryu0vv2+JBjH24LVM8PIHQYqgnAohar
7n/laa7bXlKueuTo7EAVGTYPnV/CGYm/MKJ1cYll/aRBFYcU4m+fOF4AAOo/8umu
kFFHbv+Abnei/pEYb77vsBaHE68gT5YLM/pY/6XXa2+UVROCBQXbLps/0GZk2FTS
tHKBteLYBVia9F7HSAP1wAl4qt+r7D7wm9gtchwp2vqNI6vMJYHSDbjk9q255DVs
Tew5/zH2PlvDaNMyLCnueC9VzFqBou/ZDmqUyOAlxDr4VC5NwnbgT8eyqcwlip3Y
9IWjGcTB5TSlndw5NVe48g1UTtR5Ji7mRyZxtLjLu0JPby9UJeM7ouJ+/y6ybh3U
oQ==
-----END CERTIFICATE-----

2026-05-23T09:16:45.646642Z	info	grpc-client	Fetched CA certificates required to verify connection to central
2026-05-23T09:16:45.649384Z	debug	security	Read provided XCP Central certificate chain:
-----BEGIN CERTIFICATE-----
MIIFbTCCA1WgAwIBAgIUBD0/+0EfuEYZvVjrKE5cvNEja8swDQYJKoZIhvcNAQEL
BQAwRjELMAkGA1UEBhMCVVMxCzAJBgNVBAgMAkNBMRAwDgYDVQQKDAdUZXRyYXRl
MRgwFgYDVQQDDA9YQ1AtZTJlLXRlc3QtY2EwHhcNMjQwNjE3MTMxMjAzWhcNMzQw
NjE1MTMxMjAzWjBGMQswCQYDVQQGEwJVUzELMAkGA1UECAwCQ0ExEDAOBgNVBAoM
B1RldHJhdGUxGDAWBgNVBAMMD1hDUC1lMmUtdGVzdC1jYTCCAiIwDQYJKoZIhvcN
AQEBBQADggIPADCCAgoCggIBAIkO9mBBITqNjJed3zjKhu15p4EkX7qkDaKQjQdu
9zEvocDbtZU81ibmjuQFlL0vAiqHfKA8nUXKdidI9xHNdS7xUp3IlZoEFWX1jBUD
SLgQooe8BIIcEXfkVO019jLfMbDB5tQ6jzsjZ4F3ER5wh5rkLhEfbvq4ZiF3zQD/
82LDU5vwJ91qDWCHl8og9rla5MaAX2fTZhkQUQJiDip9uZ0Ft5lai1fKq8gICrod
4iPfiZH6sJB5cTC/aHd8CHY3FrJp8ZuGhZQzaV6PvfdFsCr+EISDlCkNdlNov7hA
Z8F8bRGrEqPAcYsS/Kk94oLAQBW7YvTPBrFnDWmyMnaKjCLGqTHmAY3tTrSI31lb
rnNakF2EGziOwNjxsI84d61U6KFtXMtsgKCNJr/MORVS/0f9yA7Q0WE5bEdx24m9
+qaWnMd5FtjC38GEALfSmo9YN3+Q+M+hdfipPKpv0khjHX7yPTrFvAOHi1wsy3Hj
1OdDFr/H9pG12DnlToVruVDfr5xypoWNK8pf2utZcMOcBzdfMNAVCqeE84BrPu2c
8mHinMfWX10X14nd2gdMUYyBgGqJGqiLuFMdthyCWpmg9BbYK013Esn36v8ap7gE
/VIiY/YTYNtmKE12IhBDa+y6izBXo69OAMB7iZHPDW5lnAXKfpGtaZO+9pqrTCI0
vdNTAgMBAAGjUzBRMB0GA1UdDgQWBBSlvheSoWwG4xtqKfuEWkYlmN0YbTAfBgNV
HSMEGDAWgBSlvheSoWwG4xtqKfuEWkYlmN0YbTAPBgNVHRMBAf8EBTADAQH/MA0G
CSqGSIb3DQEBCwUAA4ICAQACp7Yw/dQGSinvV0Z5kYjugapyBE7iIpyqRh2UgYzz
HT3bcXfSz95YO/TB+utF1C8g4yqxW8b5G0EIRgg9uqtxvrGmK18o6x2N1GEeCcfU
ke2xqrOP7dpWk3uwT2aeJN/LjfqR2KADscKtD7V5EN8v3JgH3Ul0M5g9RalaEppv
yQr0H9B8sdxRawIxD+HO1S/lsQhlGGCmgTQQF23gRmL1oxwR3Mujx9Se2NHZi0ha
fcyll1OLtUxsD6cNjwiqoiv5J1TV9Ukux2tyO/gQmdheuyZoKt6+lObL8DIStQuK
IGcaX7mMKGMD7URAR4crUSP6AFHZ4tRJ7Ryu0vv2+JBjH24LVM8PIHQYqgnAohar
7n/laa7bXlKueuTo7EAVGTYPnV/CGYm/MKJ1cYll/aRBFYcU4m+fOF4AAOo/8umu
kFFHbv+Abnei/pEYb77vsBaHE68gT5YLM/pY/6XXa2+UVROCBQXbLps/0GZk2FTS
tHKBteLYBVia9F7HSAP1wAl4qt+r7D7wm9gtchwp2vqNI6vMJYHSDbjk9q255DVs
Tew5/zH2PlvDaNMyLCnueC9VzFqBou/ZDmqUyOAlxDr4VC5NwnbgT8eyqcwlip3Y
9IWjGcTB5TSlndw5NVe48g1UTtR5Ji7mRyZxtLjLu0JPby9UJeM7ouJ+/y6ybh3U
oQ==
-----END CERTIFICATE-----

2026-05-23T09:16:45.649441Z	info	grpc-client	Fetched CA certificates required to verify connection to central
2026-05-23T09:16:45.651679Z	info	stream	[config-status] connected	name=config-status-771be08d
2026-05-23T09:16:45.651694Z	debug	stream	[config-status] Spawning cluster statusLabel send goroutine	name=config-status-771be08d
2026-05-23T09:16:45.651712Z	debug	status	re-triggering status report on connect
2026-05-23T09:16:45.651718Z	debug	status	sent-epoch(57) matches generated-epoch(57) and hence skipping
2026-05-23T09:17:31.744737Z	debug	discovery-server	Sending config resync request update to central xcp
2026-05-23T09:17:31.744795Z	debug	discovery-server	Done sending config resync request to central xcp
2026-05-23T09:17:31.745024Z	debug	discovery-server	Received resync keepalive response from central xcp.
2026-05-23T09:17:31.745042Z	debug	discovery-server	Waiting on recv for crds
2026-05-23T09:18:15.654898Z	debug	security	Read provided XCP Central certificate chain:
-----BEGIN CERTIFICATE-----
MIIFbTCCA1WgAwIBAgIUBD0/+0EfuEYZvVjrKE5cvNEja8swDQYJKoZIhvcNAQEL
BQAwRjELMAkGA1UEBhMCVVMxCzAJBgNVBAgMAkNBMRAwDgYDVQQKDAdUZXRyYXRl
MRgwFgYDVQQDDA9YQ1AtZTJlLXRlc3QtY2EwHhcNMjQwNjE3MTMxMjAzWhcNMzQw
NjE1MTMxMjAzWjBGMQswCQYDVQQGEwJVUzELMAkGA1UECAwCQ0ExEDAOBgNVBAoM
B1RldHJhdGUxGDAWBgNVBAMMD1hDUC1lMmUtdGVzdC1jYTCCAiIwDQYJKoZIhvcN
AQEBBQADggIPADCCAgoCggIBAIkO9mBBITqNjJed3zjKhu15p4EkX7qkDaKQjQdu
9zEvocDbtZU81ibmjuQFlL0vAiqHfKA8nUXKdidI9xHNdS7xUp3IlZoEFWX1jBUD
SLgQooe8BIIcEXfkVO019jLfMbDB5tQ6jzsjZ4F3ER5wh5rkLhEfbvq4ZiF3zQD/
82LDU5vwJ91qDWCHl8og9rla5MaAX2fTZhkQUQJiDip9uZ0Ft5lai1fKq8gICrod
4iPfiZH6sJB5cTC/aHd8CHY3FrJp8ZuGhZQzaV6PvfdFsCr+EISDlCkNdlNov7hA
Z8F8bRGrEqPAcYsS/Kk94oLAQBW7YvTPBrFnDWmyMnaKjCLGqTHmAY3tTrSI31lb
rnNakF2EGziOwNjxsI84d61U6KFtXMtsgKCNJr/MORVS/0f9yA7Q0WE5bEdx24m9
+qaWnMd5FtjC38GEALfSmo9YN3+Q+M+hdfipPKpv0khjHX7yPTrFvAOHi1wsy3Hj
1OdDFr/H9pG12DnlToVruVDfr5xypoWNK8pf2utZcMOcBzdfMNAVCqeE84BrPu2c
8mHinMfWX10X14nd2gdMUYyBgGqJGqiLuFMdthyCWpmg9BbYK013Esn36v8ap7gE
/VIiY/YTYNtmKE12IhBDa+y6izBXo69OAMB7iZHPDW5lnAXKfpGtaZO+9pqrTCI0
vdNTAgMBAAGjUzBRMB0GA1UdDgQWBBSlvheSoWwG4xtqKfuEWkYlmN0YbTAfBgNV
HSMEGDAWgBSlvheSoWwG4xtqKfuEWkYlmN0YbTAPBgNVHRMBAf8EBTADAQH/MA0G
CSqGSIb3DQEBCwUAA4ICAQACp7Yw/dQGSinvV0Z5kYjugapyBE7iIpyqRh2UgYzz
HT3bcXfSz95YO/TB+utF1C8g4yqxW8b5G0EIRgg9uqtxvrGmK18o6x2N1GEeCcfU
ke2xqrOP7dpWk3uwT2aeJN/LjfqR2KADscKtD7V5EN8v3JgH3Ul0M5g9RalaEppv
yQr0H9B8sdxRawIxD+HO1S/lsQhlGGCmgTQQF23gRmL1oxwR3Mujx9Se2NHZi0ha
fcyll1OLtUxsD6cNjwiqoiv5J1TV9Ukux2tyO/gQmdheuyZoKt6+lObL8DIStQuK
IGcaX7mMKGMD7URAR4crUSP6AFHZ4tRJ7Ryu0vv2+JBjH24LVM8PIHQYqgnAohar
7n/laa7bXlKueuTo7EAVGTYPnV/CGYm/MKJ1cYll/aRBFYcU4m+fOF4AAOo/8umu
kFFHbv+Abnei/pEYb77vsBaHE68gT5YLM/pY/6XXa2+UVROCBQXbLps/0GZk2FTS
tHKBteLYBVia9F7HSAP1wAl4qt+r7D7wm9gtchwp2vqNI6vMJYHSDbjk9q255DVs
Tew5/zH2PlvDaNMyLCnueC9VzFqBou/ZDmqUyOAlxDr4VC5NwnbgT8eyqcwlip3Y
9IWjGcTB5TSlndw5NVe48g1UTtR5Ji7mRyZxtLjLu0JPby9UJeM7ouJ+/y6ybh3U
oQ==
-----END CERTIFICATE-----

2026-05-23T09:18:15.655009Z	info	grpc-client	Fetched CA certificates required to verify connection to central
2026-05-23T09:18:16.656339Z	error	stream	[config-status] Error receiving on stream: gRPC status code Unavailable: closing transport due to: connection error: desc = "error reading from server: EOF", received prior goaway: code: ENHANCE_YOUR_CALM, debug data: "too_many_pings"	name=config-status-771be08d
2026-05-23T09:18:16.656359Z	debug	stream	[config-status] canceling context	name=config-status-771be08d
2026-05-23T09:18:16.656362Z	debug	stream	[config-status] wg wait	name=config-status-771be08d
2026-05-23T09:18:16.656366Z	error	stream	[config-status] Error sending on stream: sendFunc returning on exit	name=config-status-771be08d
2026-05-23T09:18:16.656370Z	warn	stream	[config-status] Error sending on stream: sendFunc returning on exit	name=config-status-771be08d
2026-05-23T09:18:16.656373Z	debug	stream	[config-status] closing stream	name=config-status-771be08d
2026-05-23T09:18:16.656374Z	debug	stream	[config-status] sending CloseSend	name=config-status-771be08d
2026-05-23T09:18:16.656378Z	info	stream	[config-status] closed stream, err=<nil>	name=config-status-771be08d
2026-05-23T09:18:16.656380Z	info	stream	[config-status] establishing new stream	name=config-status-771be08d
2026-05-23T09:18:16.656383Z	info	stream	[config-status] connecting new permanent stream with max age 8760h0m0s	name=config-status-771be08d
2026-05-23T09:18:16.656506Z	info	discovery-server	Connecting to XCP central using JWT auth
2026-05-23T09:18:16.656552Z	debug	security	Read provided XCP Central certificate chain:
-----BEGIN CERTIFICATE-----
MIIFbTCCA1WgAwIBAgIUBD0/+0EfuEYZvVjrKE5cvNEja8swDQYJKoZIhvcNAQEL
BQAwRjELMAkGA1UEBhMCVVMxCzAJBgNVBAgMAkNBMRAwDgYDVQQKDAdUZXRyYXRl
MRgwFgYDVQQDDA9YQ1AtZTJlLXRlc3QtY2EwHhcNMjQwNjE3MTMxMjAzWhcNMzQw
NjE1MTMxMjAzWjBGMQswCQYDVQQGEwJVUzELMAkGA1UECAwCQ0ExEDAOBgNVBAoM
B1RldHJhdGUxGDAWBgNVBAMMD1hDUC1lMmUtdGVzdC1jYTCCAiIwDQYJKoZIhvcN
AQEBBQADggIPADCCAgoCggIBAIkO9mBBITqNjJed3zjKhu15p4EkX7qkDaKQjQdu
9zEvocDbtZU81ibmjuQFlL0vAiqHfKA8nUXKdidI9xHNdS7xUp3IlZoEFWX1jBUD
SLgQooe8BIIcEXfkVO019jLfMbDB5tQ6jzsjZ4F3ER5wh5rkLhEfbvq4ZiF3zQD/
82LDU5vwJ91qDWCHl8og9rla5MaAX2fTZhkQUQJiDip9uZ0Ft5lai1fKq8gICrod
4iPfiZH6sJB5cTC/aHd8CHY3FrJp8ZuGhZQzaV6PvfdFsCr+EISDlCkNdlNov7hA
Z8F8bRGrEqPAcYsS/Kk94oLAQBW7YvTPBrFnDWmyMnaKjCLGqTHmAY3tTrSI31lb
rnNakF2EGziOwNjxsI84d61U6KFtXMtsgKCNJr/MORVS/0f9yA7Q0WE5bEdx24m9
+qaWnMd5FtjC38GEALfSmo9YN3+Q+M+hdfipPKpv0khjHX7yPTrFvAOHi1wsy3Hj
1OdDFr/H9pG12DnlToVruVDfr5xypoWNK8pf2utZcMOcBzdfMNAVCqeE84BrPu2c
8mHinMfWX10X14nd2gdMUYyBgGqJGqiLuFMdthyCWpmg9BbYK013Esn36v8ap7gE
/VIiY/YTYNtmKE12IhBDa+y6izBXo69OAMB7iZHPDW5lnAXKfpGtaZO+9pqrTCI0
vdNTAgMBAAGjUzBRMB0GA1UdDgQWBBSlvheSoWwG4xtqKfuEWkYlmN0YbTAfBgNV
HSMEGDAWgBSlvheSoWwG4xtqKfuEWkYlmN0YbTAPBgNVHRMBAf8EBTADAQH/MA0G
CSqGSIb3DQEBCwUAA4ICAQACp7Yw/dQGSinvV0Z5kYjugapyBE7iIpyqRh2UgYzz
HT3bcXfSz95YO/TB+utF1C8g4yqxW8b5G0EIRgg9uqtxvrGmK18o6x2N1GEeCcfU
ke2xqrOP7dpWk3uwT2aeJN/LjfqR2KADscKtD7V5EN8v3JgH3Ul0M5g9RalaEppv
yQr0H9B8sdxRawIxD+HO1S/lsQhlGGCmgTQQF23gRmL1oxwR3Mujx9Se2NHZi0ha
fcyll1OLtUxsD6cNjwiqoiv5J1TV9Ukux2tyO/gQmdheuyZoKt6+lObL8DIStQuK
IGcaX7mMKGMD7URAR4crUSP6AFHZ4tRJ7Ryu0vv2+JBjH24LVM8PIHQYqgnAohar
7n/laa7bXlKueuTo7EAVGTYPnV/CGYm/MKJ1cYll/aRBFYcU4m+fOF4AAOo/8umu
kFFHbv+Abnei/pEYb77vsBaHE68gT5YLM/pY/6XXa2+UVROCBQXbLps/0GZk2FTS
tHKBteLYBVia9F7HSAP1wAl4qt+r7D7wm9gtchwp2vqNI6vMJYHSDbjk9q255DVs
Tew5/zH2PlvDaNMyLCnueC9VzFqBou/ZDmqUyOAlxDr4VC5NwnbgT8eyqcwlip3Y
9IWjGcTB5TSlndw5NVe48g1UTtR5Ji7mRyZxtLjLu0JPby9UJeM7ouJ+/y6ybh3U
oQ==
-----END CERTIFICATE-----

2026-05-23T09:18:16.656587Z	info	grpc-client	Fetched CA certificates required to verify connection to central
2026-05-23T09:18:16.656601Z	debug	security	Read provided XCP Central certificate chain:
-----BEGIN CERTIFICATE-----
MIIFbTCCA1WgAwIBAgIUBD0/+0EfuEYZvVjrKE5cvNEja8swDQYJKoZIhvcNAQEL
BQAwRjELMAkGA1UEBhMCVVMxCzAJBgNVBAgMAkNBMRAwDgYDVQQKDAdUZXRyYXRl
MRgwFgYDVQQDDA9YQ1AtZTJlLXRlc3QtY2EwHhcNMjQwNjE3MTMxMjAzWhcNMzQw
NjE1MTMxMjAzWjBGMQswCQYDVQQGEwJVUzELMAkGA1UECAwCQ0ExEDAOBgNVBAoM
B1RldHJhdGUxGDAWBgNVBAMMD1hDUC1lMmUtdGVzdC1jYTCCAiIwDQYJKoZIhvcN
AQEBBQADggIPADCCAgoCggIBAIkO9mBBITqNjJed3zjKhu15p4EkX7qkDaKQjQdu
9zEvocDbtZU81ibmjuQFlL0vAiqHfKA8nUXKdidI9xHNdS7xUp3IlZoEFWX1jBUD
SLgQooe8BIIcEXfkVO019jLfMbDB5tQ6jzsjZ4F3ER5wh5rkLhEfbvq4ZiF3zQD/
82LDU5vwJ91qDWCHl8og9rla5MaAX2fTZhkQUQJiDip9uZ0Ft5lai1fKq8gICrod
4iPfiZH6sJB5cTC/aHd8CHY3FrJp8ZuGhZQzaV6PvfdFsCr+EISDlCkNdlNov7hA
Z8F8bRGrEqPAcYsS/Kk94oLAQBW7YvTPBrFnDWmyMnaKjCLGqTHmAY3tTrSI31lb
rnNakF2EGziOwNjxsI84d61U6KFtXMtsgKCNJr/MORVS/0f9yA7Q0WE5bEdx24m9
+qaWnMd5FtjC38GEALfSmo9YN3+Q+M+hdfipPKpv0khjHX7yPTrFvAOHi1wsy3Hj
1OdDFr/H9pG12DnlToVruVDfr5xypoWNK8pf2utZcMOcBzdfMNAVCqeE84BrPu2c
8mHinMfWX10X14nd2gdMUYyBgGqJGqiLuFMdthyCWpmg9BbYK013Esn36v8ap7gE
/VIiY/YTYNtmKE12IhBDa+y6izBXo69OAMB7iZHPDW5lnAXKfpGtaZO+9pqrTCI0
vdNTAgMBAAGjUzBRMB0GA1UdDgQWBBSlvheSoWwG4xtqKfuEWkYlmN0YbTAfBgNV
HSMEGDAWgBSlvheSoWwG4xtqKfuEWkYlmN0YbTAPBgNVHRMBAf8EBTADAQH/MA0G
CSqGSIb3DQEBCwUAA4ICAQACp7Yw/dQGSinvV0Z5kYjugapyBE7iIpyqRh2UgYzz
HT3bcXfSz95YO/TB+utF1C8g4yqxW8b5G0EIRgg9uqtxvrGmK18o6x2N1GEeCcfU
ke2xqrOP7dpWk3uwT2aeJN/LjfqR2KADscKtD7V5EN8v3JgH3Ul0M5g9RalaEppv
yQr0H9B8sdxRawIxD+HO1S/lsQhlGGCmgTQQF23gRmL1oxwR3Mujx9Se2NHZi0ha
fcyll1OLtUxsD6cNjwiqoiv5J1TV9Ukux2tyO/gQmdheuyZoKt6+lObL8DIStQuK
IGcaX7mMKGMD7URAR4crUSP6AFHZ4tRJ7Ryu0vv2+JBjH24LVM8PIHQYqgnAohar
7n/laa7bXlKueuTo7EAVGTYPnV/CGYm/MKJ1cYll/aRBFYcU4m+fOF4AAOo/8umu
kFFHbv+Abnei/pEYb77vsBaHE68gT5YLM/pY/6XXa2+UVROCBQXbLps/0GZk2FTS
tHKBteLYBVia9F7HSAP1wAl4qt+r7D7wm9gtchwp2vqNI6vMJYHSDbjk9q255DVs
Tew5/zH2PlvDaNMyLCnueC9VzFqBou/ZDmqUyOAlxDr4VC5NwnbgT8eyqcwlip3Y
9IWjGcTB5TSlndw5NVe48g1UTtR5Ji7mRyZxtLjLu0JPby9UJeM7ouJ+/y6ybh3U
oQ==
-----END CERTIFICATE-----

2026-05-23T09:18:16.656614Z	info	grpc-client	Fetched CA certificates required to verify connection to central
2026-05-23T09:18:16.659436Z	debug	security	Read provided XCP Central certificate chain:
-----BEGIN CERTIFICATE-----
MIIFbTCCA1WgAwIBAgIUBD0/+0EfuEYZvVjrKE5cvNEja8swDQYJKoZIhvcNAQEL
BQAwRjELMAkGA1UEBhMCVVMxCzAJBgNVBAgMAkNBMRAwDgYDVQQKDAdUZXRyYXRl
MRgwFgYDVQQDDA9YQ1AtZTJlLXRlc3QtY2EwHhcNMjQwNjE3MTMxMjAzWhcNMzQw
NjE1MTMxMjAzWjBGMQswCQYDVQQGEwJVUzELMAkGA1UECAwCQ0ExEDAOBgNVBAoM
B1RldHJhdGUxGDAWBgNVBAMMD1hDUC1lMmUtdGVzdC1jYTCCAiIwDQYJKoZIhvcN
AQEBBQADggIPADCCAgoCggIBAIkO9mBBITqNjJed3zjKhu15p4EkX7qkDaKQjQdu
9zEvocDbtZU81ibmjuQFlL0vAiqHfKA8nUXKdidI9xHNdS7xUp3IlZoEFWX1jBUD
SLgQooe8BIIcEXfkVO019jLfMbDB5tQ6jzsjZ4F3ER5wh5rkLhEfbvq4ZiF3zQD/
82LDU5vwJ91qDWCHl8og9rla5MaAX2fTZhkQUQJiDip9uZ0Ft5lai1fKq8gICrod
4iPfiZH6sJB5cTC/aHd8CHY3FrJp8ZuGhZQzaV6PvfdFsCr+EISDlCkNdlNov7hA
Z8F8bRGrEqPAcYsS/Kk94oLAQBW7YvTPBrFnDWmyMnaKjCLGqTHmAY3tTrSI31lb
rnNakF2EGziOwNjxsI84d61U6KFtXMtsgKCNJr/MORVS/0f9yA7Q0WE5bEdx24m9
+qaWnMd5FtjC38GEALfSmo9YN3+Q+M+hdfipPKpv0khjHX7yPTrFvAOHi1wsy3Hj
1OdDFr/H9pG12DnlToVruVDfr5xypoWNK8pf2utZcMOcBzdfMNAVCqeE84BrPu2c
8mHinMfWX10X14nd2gdMUYyBgGqJGqiLuFMdthyCWpmg9BbYK013Esn36v8ap7gE
/VIiY/YTYNtmKE12IhBDa+y6izBXo69OAMB7iZHPDW5lnAXKfpGtaZO+9pqrTCI0
vdNTAgMBAAGjUzBRMB0GA1UdDgQWBBSlvheSoWwG4xtqKfuEWkYlmN0YbTAfBgNV
HSMEGDAWgBSlvheSoWwG4xtqKfuEWkYlmN0YbTAPBgNVHRMBAf8EBTADAQH/MA0G
CSqGSIb3DQEBCwUAA4ICAQACp7Yw/dQGSinvV0Z5kYjugapyBE7iIpyqRh2UgYzz
HT3bcXfSz95YO/TB+utF1C8g4yqxW8b5G0EIRgg9uqtxvrGmK18o6x2N1GEeCcfU
ke2xqrOP7dpWk3uwT2aeJN/LjfqR2KADscKtD7V5EN8v3JgH3Ul0M5g9RalaEppv
yQr0H9B8sdxRawIxD+HO1S/lsQhlGGCmgTQQF23gRmL1oxwR3Mujx9Se2NHZi0ha
fcyll1OLtUxsD6cNjwiqoiv5J1TV9Ukux2tyO/gQmdheuyZoKt6+lObL8DIStQuK
IGcaX7mMKGMD7URAR4crUSP6AFHZ4tRJ7Ryu0vv2+JBjH24LVM8PIHQYqgnAohar
7n/laa7bXlKueuTo7EAVGTYPnV/CGYm/MKJ1cYll/aRBFYcU4m+fOF4AAOo/8umu
kFFHbv+Abnei/pEYb77vsBaHE68gT5YLM/pY/6XXa2+UVROCBQXbLps/0GZk2FTS
tHKBteLYBVia9F7HSAP1wAl4qt+r7D7wm9gtchwp2vqNI6vMJYHSDbjk9q255DVs
Tew5/zH2PlvDaNMyLCnueC9VzFqBou/ZDmqUyOAlxDr4VC5NwnbgT8eyqcwlip3Y
9IWjGcTB5TSlndw5NVe48g1UTtR5Ji7mRyZxtLjLu0JPby9UJeM7ouJ+/y6ybh3U
oQ==
-----END CERTIFICATE-----

2026-05-23T09:18:16.659503Z	info	grpc-client	Fetched CA certificates required to verify connection to central
2026-05-23T09:18:16.661746Z	info	stream	[config-status] connected	name=config-status-771be08d
2026-05-23T09:18:16.661760Z	debug	stream	[config-status] Spawning cluster statusLabel send goroutine	name=config-status-771be08d
2026-05-23T09:18:16.661777Z	debug	status	re-triggering status report on connect
2026-05-23T09:18:16.661781Z	debug	status	sent-epoch(57) matches generated-epoch(57) and hence skipping
